#VRML V2.0 utf8
#Exported from Wings 3D 2.4.1
DEF Cylinder7_copy16 Transform {
  children [
    Shape {
      appearance Appearance {
        material DEF pins Material {
          diffuseColor 0.6 0.6 0.6
          emissiveColor 0.0 0.0 0.0
          specularColor 0.5999999905136262 0.5999999905136262 0.5999999905136262
          ambientIntensity 1.0
          transparency 0.0
          shininess 0.5
        }
      }
      geometry IndexedFaceSet {
        normalPerVertex TRUE
        coord Coordinate {
          point [
            2.3600000725897696 -1.4173001795180755 0.6,
            2.3721793473879638 -1.3560708303396611 0.6,
            2.4068629875999217 -1.3041630945282279 0.6,
            2.458770723411355 -1.2694794543162697 0.6,
            2.5200000725897693 -1.2573001795180756 0.6,
            2.581229421768184 -1.2694794543162697 0.6,
            2.633137157579617 -1.3041630945282279 0.6,
            2.6678207977915753 -1.3560708303396611 0.6,
            2.6800000725897695 -1.4173001795180755 0.6,
            2.6678207977915753 -1.47852952869649 0.6,
            2.633137157579617 -1.5304372645079234 0.6,
            2.581229421768184 -1.5651209047198817 0.6,
            2.5200000725897693 -1.5773001795180759 0.6,
            2.458770723411355 -1.5651209047198817 0.6,
            2.4068629875999217 -1.5304372645079234 0.6,
            2.3721793473879638 -1.4785295286964903 0.6,
            2.3600000725897696 -1.4173001795180755 -1.0,
            2.3721793473879638 -1.3560708303396611 -1.0,
            2.4068629875999217 -1.3041630945282279 -1.0,
            2.458770723411355 -1.2694794543162695 -1.0,
            2.5200000725897693 -1.2573001795180754 -1.0,
            2.581229421768184 -1.2694794543162695 -1.0,
            2.633137157579617 -1.3041630945282279 -1.0,
            2.6678207977915753 -1.3560708303396611 -1.0,
            2.6800000725897695 -1.4173001795180755 -1.0,
            2.6678207977915753 -1.47852952869649 -1.0,
            2.633137157579617 -1.5304372645079234 -1.0,
            2.581229421768184 -1.5651209047198813 -1.0,
            2.5200000725897693 -1.5773001795180754 -1.0,
            2.458770723411355 -1.5651209047198813 -1.0,
            2.4068629875999217 -1.5304372645079234 -1.0,
            2.3721793473879638 -1.47852952869649 -1.0 ]
        }
        coordIndex [
          0, 1, 17, 16, -1,
          0, 15, 14, 13, 12, 11, 10, 9, 8, 7, 6, 5, 4, 3, 2, 1, -1,
          0, 16, 31, 15, -1,
          1, 2, 18, 17, -1,
          2, 3, 19, 18, -1,
          3, 4, 20, 19, -1,
          4, 5, 21, 20, -1,
          5, 6, 22, 21, -1,
          6, 7, 23, 22, -1,
          7, 8, 24, 23, -1,
          8, 9, 25, 24, -1,
          9, 10, 26, 25, -1,
          10, 11, 27, 26, -1,
          11, 12, 28, 27, -1,
          12, 13, 29, 28, -1,
          13, 14, 30, 29, -1,
          14, 15, 31, 30, -1,
          16, 17, 18, 19, 20, 21, 22, 23, 24, 25, 26, 27, 28, 29, 30, 31, -1 ]
        normal Normal {
          vector [
            -1.7707230062600852e-16 0.0 1.0,
            -1.0 3.5374174360847055e-16 -1.3833773486406872e-17,
            -1.0 3.5374174360847055e-16 -1.3833773486406872e-17,
            -1.7707230062600852e-16 0.0 1.0,
            -0.9238795325112876 0.3826834323650875 0.0,
            -0.9238795325112876 0.3826834323650875 0.0,
            -1.7707230062600852e-16 0.0 1.0,
            -0.7071067811865485 0.7071067811865467 2.932759979118262e-17,
            -0.7071067811865485 0.7071067811865467 2.932759979118262e-17,
            -1.7707230062600852e-16 0.0 1.0,
            -0.382683432365089 0.9238795325112871 9.877314269294554e-17,
            -0.382683432365089 0.9238795325112871 9.877314269294554e-17,
            -1.7707230062600852e-16 0.0 1.0,
            -6.933338174726022e-16 1.0 1.3889108580352546e-16,
            -6.933338174726022e-16 1.0 1.3889108580352546e-16,
            -1.7707230062600852e-16 0.0 1.0,
            0.3826834323650902 0.9238795325112866 9.877314269294528e-17,
            0.3826834323650902 0.9238795325112866 9.877314269294528e-17,
            -1.7707230062600852e-16 0.0 1.0,
            0.7071067811865477 0.7071067811865474 2.9327599791182763e-17,
            0.7071067811865477 0.7071067811865474 2.9327599791182763e-17,
            -1.7707230062600852e-16 0.0 1.0,
            0.9238795325112865 0.3826834323650902 0.0,
            0.9238795325112865 0.3826834323650902 0.0,
            -1.7707230062600852e-16 0.0 1.0,
            1.0 0.0 0.0,
            1.0 0.0 0.0,
            -1.7707230062600852e-16 0.0 1.0,
            0.923879532511287 -0.3826834323650894 0.0,
            0.923879532511287 -0.3826834323650894 0.0,
            -1.7707230062600852e-16 0.0 1.0,
            0.7071067811865479 -0.7071067811865472 -5.920855052182188e-17,
            0.7071067811865479 -0.7071067811865472 -5.920855052182188e-17,
            -1.7707230062600852e-16 0.0 1.0,
            0.38268343236508956 -0.9238795325112868 -1.9782296085561874e-16,
            0.38268343236508956 -0.9238795325112868 -1.9782296085561874e-16,
            -1.7707230062600852e-16 0.0 1.0,
            -6.933338174726022e-16 -1.0 -2.7750549613732283e-16,
            -6.933338174726022e-16 -1.0 -2.7750549613732283e-16,
            -1.7707230062600852e-16 0.0 1.0,
            -0.38268343236508834 -0.9238795325112874 -1.9809963632534738e-16,
            -0.38268343236508834 -0.9238795325112874 -1.9809963632534738e-16,
            -1.7707230062600852e-16 0.0 1.0,
            -0.707106781186548 -0.7071067811865472 -9.84964672232174e-17,
            -0.707106781186548 -0.7071067811865472 -9.84964672232174e-17,
            -1.7707230062600852e-16 0.0 1.0,
            -0.9238795325112877 -0.38268343236508723 -5.312169018780262e-17,
            -0.9238795325112877 -0.38268343236508723 -5.312169018780262e-17,
            0.0 0.0 -1.0,
            -1.0 3.5374174360847055e-16 -1.3833773486406872e-17,
            -1.0 3.5374174360847055e-16 -1.3833773486406872e-17,
            0.0 0.0 -1.0,
            -0.9238795325112876 0.3826834323650875 0.0,
            -0.9238795325112876 0.3826834323650875 0.0,
            0.0 0.0 -1.0,
            -0.7071067811865485 0.7071067811865467 2.932759979118262e-17,
            -0.7071067811865485 0.7071067811865467 2.932759979118262e-17,
            0.0 0.0 -1.0,
            -0.382683432365089 0.9238795325112871 9.877314269294554e-17,
            -0.382683432365089 0.9238795325112871 9.877314269294554e-17,
            0.0 0.0 -1.0,
            -6.933338174726022e-16 1.0 1.3889108580352546e-16,
            -6.933338174726022e-16 1.0 1.3889108580352546e-16,
            0.0 0.0 -1.0,
            0.3826834323650902 0.9238795325112866 9.877314269294528e-17,
            0.3826834323650902 0.9238795325112866 9.877314269294528e-17,
            0.0 0.0 -1.0,
            0.7071067811865477 0.7071067811865474 2.9327599791182763e-17,
            0.7071067811865477 0.7071067811865474 2.9327599791182763e-17,
            0.0 0.0 -1.0,
            0.9238795325112865 0.3826834323650902 0.0,
            0.9238795325112865 0.3826834323650902 0.0,
            0.0 0.0 -1.0,
            1.0 0.0 0.0,
            1.0 0.0 0.0,
            0.0 0.0 -1.0,
            0.923879532511287 -0.3826834323650894 0.0,
            0.923879532511287 -0.3826834323650894 0.0,
            0.0 0.0 -1.0,
            0.7071067811865479 -0.7071067811865472 -5.920855052182188e-17,
            0.7071067811865479 -0.7071067811865472 -5.920855052182188e-17,
            0.0 0.0 -1.0,
            0.38268343236508956 -0.9238795325112868 -1.9782296085561874e-16,
            0.38268343236508956 -0.9238795325112868 -1.9782296085561874e-16,
            0.0 0.0 -1.0,
            -6.933338174726022e-16 -1.0 -2.7750549613732283e-16,
            -6.933338174726022e-16 -1.0 -2.7750549613732283e-16,
            0.0 0.0 -1.0,
            -0.38268343236508834 -0.9238795325112874 -1.9809963632534738e-16,
            -0.38268343236508834 -0.9238795325112874 -1.9809963632534738e-16,
            0.0 0.0 -1.0,
            -0.707106781186548 -0.7071067811865472 -9.84964672232174e-17,
            -0.707106781186548 -0.7071067811865472 -9.84964672232174e-17,
            0.0 0.0 -1.0,
            -0.9238795325112877 -0.38268343236508723 -5.312169018780262e-17,
            -0.9238795325112877 -0.38268343236508723 -5.312169018780262e-17 ]
        }
        normalIndex [
          2, 5, 53, 50, -1,
          0, 45, 42, 39, 36, 33, 30, 27, 24, 21, 18, 15, 12, 9, 6, 3, -1,
          1, 49, 94, 46, -1,
          4, 8, 56, 52, -1,
          7, 11, 59, 55, -1,
          10, 14, 62, 58, -1,
          13, 17, 65, 61, -1,
          16, 20, 68, 64, -1,
          19, 23, 71, 67, -1,
          22, 26, 74, 70, -1,
          25, 29, 77, 73, -1,
          28, 32, 80, 76, -1,
          31, 35, 83, 79, -1,
          34, 38, 86, 82, -1,
          37, 41, 89, 85, -1,
          40, 44, 92, 88, -1,
          43, 47, 95, 91, -1,
          48, 51, 54, 57, 60, 63, 66, 69, 72, 75, 78, 81, 84, 87, 90, 93, -1 ]
      }
    }
    ,
    Shape {
      appearance Appearance {
        material DEF body Material {
          diffuseColor 0.1 0.1 1.0
          emissiveColor 0.0 0.0 0.0
          specularColor 0.1 0.1 1.0
          ambientIntensity 1.0
          transparency 0.0
          shininess 0.5
        }
      }
      geometry IndexedFaceSet {
        normalPerVertex TRUE
        coord Coordinate {
          point [
            2.2199997379597143 -1.4172997385780755 0.9753870067719979,
            2.242835878206328 -1.3024947088685486 0.9753870067719976,
            2.3078677036037503 -1.2051677042221114 0.9753870067719976,
            2.4051947082501877 -1.1401358788246898 0.9753870067719976,
            2.5199997379597145 -1.1172997385780756 0.9753870067719976,
            2.6348047676692414 -1.1401358788246898 0.9753870067719976,
            2.7321317723156784 -1.2051677042221114 0.9753870067719976,
            2.7971635977131 -1.3024947088685486 0.9753870067719979,
            2.8199997379597144 -1.4172997385780755 0.9753870067719976,
            2.7971635977131 -1.5321047682876026 0.9753870067719979,
            2.7321317723156784 -1.62943177293404 0.9753870067719976,
            2.6348047676692414 -1.6944635983314618 0.9753870067719976,
            2.5199997379597145 -1.7172997385780755 0.9753870067719976,
            2.405194708250187 -1.6944635983314618 0.9753870067719976,
            2.3078677036037503 -1.62943177293404 0.9753870067719976,
            2.2428358782063285 -1.532104768287603 0.9753870067719979,
            2.220000237979659 -1.4172997385780757 0.4000000135439956,
            2.2428363782262726 -1.3024947088685486 0.4000000135439956,
            2.307868203623695 -1.2051677042221116 0.4000000135439954,
            2.4051952082701322 -1.1401358788246898 0.4000000135439954,
            2.520000237979659 -1.1172997385780759 0.4000000135439956,
            2.634805267689186 -1.1401358788246898 0.4000000135439956,
            2.732132272335623 -1.2051677042221116 0.4000000135439956,
            2.7971640977330448 -1.3024947088685486 0.4000000135439956,
            2.820000237979659 -1.4172997385780755 0.4000000135439954,
            2.7971640977330448 -1.5321047682876026 0.4000000135439956,
            2.732132272335623 -1.62943177293404 0.4000000135439956,
            2.6348052676891864 -1.6944635983314618 0.4000000135439954,
            2.520000237979659 -1.7172997385780755 0.4000000135439956,
            2.4051952082701322 -1.6944635983314618 0.4000000135439954,
            2.307868203623695 -1.62943177293404 0.4000000135439954,
            2.242836378226273 -1.532104768287603 0.4000000135439956,
            2.390000238979659 -1.4172997385780755 0.10000001354399557,
            2.399895899677071 -1.3675508927532973 0.10000001354399546,
            2.4280763571325146 -1.3253758577309311 0.10000001354399546,
            2.4702513921548808 -1.2971954002754877 0.10000001354399546,
            2.5200002379796587 -1.2872997395780756 0.10000001354399546,
            2.569749083804437 -1.2971954002754877 0.10000001354399546,
            2.611924118826803 -1.3253758577309311 0.10000001354399546,
            2.6401045762822464 -1.3675508927532973 0.10000001354399568,
            2.650000236979659 -1.4172997385780755 0.10000001354399546,
            2.6401045762822464 -1.467048584402854 0.10000001354399568,
            2.611924118826803 -1.5092236194252198 0.10000001354399546,
            2.5697490838044375 -1.5374040768806634 0.10000001354399546,
            2.5200002379796587 -1.5472997375780755 0.10000001354399546,
            2.4702513921548808 -1.5374040768806634 0.10000001354399535,
            2.4280763571325146 -1.5092236194252202 0.10000001354399546,
            2.399895899677071 -1.467048584402854 0.10000001354399568,
            2.2470466200197916 -1.312596368232631 0.9880535110571662,
            2.224557412056052 -1.4263458454601892 1.0040839852731476,
            2.2470466200197916 -1.5387181349181096 1.027924879449281,
            2.311090465863709 -1.632605574193762 1.0559466335654935,
            2.4069388546169757 -1.6937146517491872 1.083883189575426,
            2.5199997379597145 -1.712742064481738 1.1074814600720768,
            2.633060621302454 -1.6867910612868096 1.1231488222911858,
            2.72890901005572 -1.6198124471544004 1.1285000623598858,
            2.7929528558996375 -1.5220031089235204 1.1227205024868294,
            2.8154420638633773 -1.4082536316959617 1.106690028270848,
            2.7929528558996375 -1.2958813422380422 1.082849134094715,
            2.72890901005572 -1.2019939029623892 1.0548273799785022,
            2.633060621302454 -1.1408848254069643 1.0268908239685697,
            2.5199997379597145 -1.1218574126744134 1.0032925534719186,
            2.4069388546169757 -1.1478084158693416 0.9876251912528096,
            2.311090465863709 -1.2147870300017511 0.9822739511841097,
            2.248993875817093 -1.3202514914854848 1.0028122875029726,
            2.224062666820556 -1.4302096186122526 1.0342658921408034,
            2.2420702853547154 -1.5361195548761313 1.0807470197441436,
            2.300275234737213 -1.6218574725569057 1.135179339987854,
            2.389816339053743 -1.6743705509038398 1.1892760255450434,
            2.4970617768642467 -1.6856641497708524 1.2348013464273042,
            2.605684402444389 -1.6540189211071696 1.2648244852183748,
            2.699147405716146 -1.5842525641121254 1.2747746911977438,
            2.763221891675627 -1.4869863742046132 1.263137135703896,
            2.788153100672164 -1.3770282470778452 1.2316835310660652,
            2.770145482138004 -1.2711183108139674 1.1852024034627258,
            2.7119405327555075 -1.185380393133192 1.1307700832190142,
            2.6223994284389773 -1.1328673147862582 1.0766733976618252,
            2.515153990628474 -1.1215737159192456 1.0311480767795642,
            2.4065313650483318 -1.1532189445829282 1.001124937988494,
            2.313068361776575 -1.2229853015779728 0.9911747320091244,
            1.512609230776476 -0.4011273174621754 2.6642621272025924,
            1.408167818662521 -0.5596712070114203 2.683231342657565,
            1.3675299479981655 -0.7389029542280515 2.7345007182172294,
            1.3968823662088452 -0.9115361503381737 2.8102649562106734,
            1.4917564337023161 -1.051288956157836 2.8989896382079223,
            1.6377084337382604 -1.1368852738633386 2.9871672356661403,
            1.8125184973693813 -1.155293840016569 3.0613735087042255,
            1.9895733770650132 -1.1037121172947661 3.1103112249336706,
            2.141918072397977 -0.9899929553928443 3.126530060680042,
            2.246359484511931 -0.8314490658435993 3.1075608452250703,
            2.286997355176286 -0.6522173186269677 3.056291469665406,
            2.2576449369656055 -0.4795841225168469 2.980527231671963,
            2.162770869472136 -0.33983131669718286 2.891802549674713,
            2.016818869436192 -0.2542349989916806 2.803624952216495,
            1.8420088058050719 -0.23582643283844998 2.72941867917841,
            1.66495392610944 -0.2874081555602526 2.6804809629489648 ]
        }
        coordIndex [
          0, 1, 17, 16, -1,
          0, 15, 50, 49, -1,
          0, 16, 31, 15, -1,
          0, 49, 48, 1, -1,
          1, 2, 18, 17, -1,
          1, 48, 63, 2, -1,
          2, 3, 19, 18, -1,
          2, 63, 62, 3, -1,
          3, 4, 20, 19, -1,
          3, 62, 61, 4, -1,
          4, 5, 21, 20, -1,
          4, 61, 60, 5, -1,
          5, 6, 22, 21, -1,
          5, 60, 59, 6, -1,
          6, 7, 23, 22, -1,
          6, 59, 58, 7, -1,
          7, 8, 24, 23, -1,
          7, 58, 57, 8, -1,
          8, 9, 25, 24, -1,
          8, 57, 56, 9, -1,
          9, 10, 26, 25, -1,
          9, 56, 55, 10, -1,
          10, 11, 27, 26, -1,
          10, 55, 54, 11, -1,
          11, 12, 28, 27, -1,
          11, 54, 53, 12, -1,
          12, 13, 29, 28, -1,
          12, 53, 52, 13, -1,
          13, 14, 30, 29, -1,
          13, 52, 51, 14, -1,
          14, 15, 31, 30, -1,
          14, 51, 50, 15, -1,
          16, 17, 33, 32, -1,
          16, 32, 47, 31, -1,
          17, 18, 34, 33, -1,
          18, 19, 35, 34, -1,
          19, 20, 36, 35, -1,
          20, 21, 37, 36, -1,
          21, 22, 38, 37, -1,
          22, 23, 39, 38, -1,
          23, 24, 40, 39, -1,
          24, 25, 41, 40, -1,
          25, 26, 42, 41, -1,
          26, 27, 43, 42, -1,
          27, 28, 44, 43, -1,
          28, 29, 45, 44, -1,
          29, 30, 46, 45, -1,
          30, 31, 47, 46, -1,
          32, 33, 34, 35, 36, 37, 38, 39, 40, 41, 42, 43, 44, 45, 46, 47, -1,
          48, 49, 65, 64, -1,
          48, 64, 79, 63, -1,
          49, 50, 66, 65, -1,
          50, 51, 67, 66, -1,
          51, 52, 68, 67, -1,
          52, 53, 69, 68, -1,
          53, 54, 70, 69, -1,
          54, 55, 71, 70, -1,
          55, 56, 72, 71, -1,
          56, 57, 73, 72, -1,
          57, 58, 74, 73, -1,
          58, 59, 75, 74, -1,
          59, 60, 76, 75, -1,
          60, 61, 77, 76, -1,
          61, 62, 78, 77, -1,
          62, 63, 79, 78, -1,
          64, 65, 82, 81, -1,
          64, 81, 80, 79, -1,
          65, 66, 83, 82, -1,
          66, 67, 84, 83, -1,
          67, 68, 85, 84, -1,
          68, 69, 86, 85, -1,
          69, 70, 87, 86, -1,
          70, 71, 88, 87, -1,
          71, 72, 89, 88, -1,
          72, 73, 90, 89, -1,
          73, 74, 91, 90, -1,
          74, 75, 92, 91, -1,
          75, 76, 93, 92, -1,
          76, 77, 94, 93, -1,
          77, 78, 95, 94, -1,
          78, 79, 80, 95, -1,
          80, 81, 82, 83, 84, 85, 86, 87, 88, 89, 90, 91, 92, 93, 94, 95, -1 ]
        normal Normal {
          vector [
            -0.8462027899674398 0.35821733975608067 0.39448849888101634,
            -0.9950371624535266 0.010091397732452347 0.09899095427482053,
            -0.9209127116271947 -0.3896804248446395 -0.008303255767990722,
            -0.6971279876159381 -0.7169195124991495 0.006243515078397111,
            -0.3710702562416744 -0.926519487733838 0.06219729722556013,
            0.008861548884058233 -0.9925027529780092 0.12190060821197035,
            0.3867600219217112 -0.9073213360270518 0.16487776876584434,
            0.7062103318474275 -0.6847585121224734 0.17992428204042607,
            0.9189976849844977 -0.35878516307439534 0.1634517107613543,
            0.9926319900771969 0.021390668208187597 0.11926513148859073,
            0.9150687813942121 0.39899532035458435 0.05875252890603374,
            0.6955929422641628 0.7184317221791199 0.0025138096644527256,
            0.3617266886320279 0.9322102643923893 -0.011739918772272451,
            -0.03981680527844055 0.9945436041330672 0.09642427855798315,
            -0.38255688493894274 0.8360577799324561 0.39326532824573457,
            -0.5875501588236255 0.5715669309766764 0.572796695416651,
            -0.9299836340747125 0.3432374665222697 -0.1315997033756723,
            -0.9773155286610882 -0.05526604051420152 -0.20445053730372093,
            -0.8877443416686374 -0.4347283406023815 -0.1513976674602928,
            -0.6758776938603674 -0.7365681720358926 -0.025625590445785596,
            -0.3657431001589263 -0.9232589256826325 0.117579508561181,
            -2.3612810921098474e-4 -0.9700653018558234 0.24284409479928934,
            0.3667668493808485 -0.8714567050741538 0.3256459571014895,
            0.6802945318717439 -0.6433289590598313 0.35117972655094787,
            0.8932662934747322 -0.3206461091633413 0.31505777505137705,
            0.9735222116506762 0.04801587872543188 0.2234926817884663,
            0.9083443491793223 0.40783910346341695 0.0926164618205091,
            0.7059228465171323 0.7063455784033398 -0.05242955879273141,
            0.39276196412294867 0.9025891408999194 -0.17626934579735923,
            0.0073242904999352605 0.9745532181430556 -0.22403655901590314,
            -0.39089191441977006 0.9092882509627429 -0.1428229249888225,
            -0.724732725054729 0.6869460932685099 -0.05354943676527854,
            -0.7238072062407689 0.681475555677793 -0.1081397022724591,
            -0.9217587542361614 0.382149263921262 -0.06574754043641176,
            -0.9982256437228756 0.04571286902060253 0.03815622911080139,
            -0.9426441750892447 -0.27634415986566174 0.1872321139080018,
            -0.7645440152138826 -0.5356022353528394 0.35861217810564694,
            -0.49145526705298476 -0.6937398992375251 0.5264947033843627,
            -0.16445182828306604 -0.7276839632003459 0.6659066345032125,
            0.16780870848708937 -0.6325124149387097 0.7561536102567368,
            0.4558124266710919 -0.4220530024126515 0.7836493443158599,
            0.6560832353062224 -0.12718283866569133 0.7438946927482791,
            0.7375923600860455 0.2081700391455503 0.642357178791393,
            0.6868216004584312 0.5331512549963991 0.4939897047909841,
            0.510482077564315 0.7976273886425491 0.3212453849830197,
            0.23507336497547363 0.9602199309102813 0.15072556970123668,
            -0.09697113845896234 0.9952469697312145 0.00894804709461442,
            -0.434041680446944 0.8971524841315333 -0.08200755972111361,
            -0.9999999999996224 -1.4715656534112162e-15 -8.690150289196961e-7,
            -0.9999999999996224 -1.4715656534112162e-15 -8.690150289196961e-7,
            -0.9824700453407972 0.009011965647863827 0.1862025630414722,
            -0.9824700453407972 0.009011965647863827 0.1862025630414722,
            -0.9238795325109846 0.3826834323649771 -8.028651987379123e-7,
            -0.9238795325109846 0.3826834323649771 -8.028651987379123e-7,
            -0.8036301333600221 0.3280107342363858 0.4965758421243025,
            -0.8036301333600221 0.3280107342363858 0.4965758421243025,
            -0.7071067811864019 0.7071067811864261 -6.144864200413178e-7,
            -0.7071067811864019 0.7071067811864261 -6.144864200413178e-7,
            -0.5290215224117866 0.5219643854866619 0.6690959640504843,
            -0.5290215224117866 0.5219643854866619 0.6690959640504843,
            -0.38268343236505925 0.9238795325112396 -3.325576542224598e-7,
            -0.38268343236505925 0.9238795325112396 -3.325576542224598e-7,
            -0.3393799862643268 0.7989971589892421 0.4964118903192642,
            -0.3393799862643268 0.7989971589892421 0.4964118903192642,
            0.0 1.0 -1.9203267226602048e-16,
            0.0 1.0 -1.9203267226602048e-16,
            -0.023667744413940896 0.9822403038805083 0.18612851288043705,
            -0.023667744413940896 0.9822403038805083 0.18612851288043705,
            0.38268343236506014 0.9238795325112392 3.325576538662976e-7,
            0.38268343236506014 0.9238795325112392 3.325576538662976e-7,
            0.3673702709661309 0.9292931417991163 0.0381227047230263,
            0.3673702709661309 0.9292931417991163 0.0381227047230263,
            0.7071067811864038 0.7071067811864241 6.144864197655803e-7,
            0.7071067811864038 0.7071067811864241 6.144864197655803e-7,
            0.701288293646719 0.7128635023117867 0.0045117918664837105,
            0.701288293646719 0.7128635023117867 0.0045117918664837105,
            0.9238795325109844 0.3826834323649773 8.028651986082493e-7,
            0.9238795325109844 0.3826834323649773 8.028651986082493e-7,
            0.9222245821275792 0.38641586790622284 0.01358665337353793,
            0.9222245821275792 0.38641586790622284 0.01358665337353793,
            0.9999999999996224 1.5564636718772484e-16 8.690150289196976e-7,
            0.9999999999996224 1.5564636718772484e-16 8.690150289196976e-7,
            0.9994107094436802 0.0033456658845723067 0.0341619725582244,
            0.9994107094436802 0.0033456658845723067 0.0341619725582244,
            0.9238795325109849 -0.3826834323649764 8.02865198664052e-7,
            0.9238795325109849 -0.3826834323649764 8.02865198664052e-7,
            0.9245221355047366 -0.3776566131753438 0.05132546625886828,
            0.9245221355047366 -0.3776566131753438 0.05132546625886828,
            0.7071067811864049 -0.707106781186423 6.144864200117753e-7,
            0.7071067811864049 -0.707106781186423 6.144864200117753e-7,
            0.7112662100032342 -0.7005433107470574 0.057787959603940973,
            0.7112662100032342 -0.7005433107470574 0.057787959603940973,
            0.3826834323650596 -0.9238795325112394 3.325576541912762e-7,
            0.3826834323650596 -0.9238795325112394 3.325576541912762e-7,
            0.39166813681440277 -0.9186740388160227 0.051323298898172165,
            0.39166813681440277 -0.9186740388160227 0.051323298898172165,
            0.0 -1.0 0.0,
            0.0 -1.0 0.0,
            0.011883336226380279 -0.9993457391795604 0.03415962388242646,
            0.011883336226380279 -0.9993457391795604 0.03415962388242646,
            -0.3826834323650586 -0.9238795325112399 -3.3255765419127536e-7,
            -0.3826834323650586 -0.9238795325112399 -3.3255765419127536e-7,
            -0.3722794461235426 -0.9280212513857379 0.013585689912452683,
            -0.3722794461235426 -0.9280212513857379 0.013585689912452683,
            -0.7071067811864035 -0.7071067811864246 -6.144864200117755e-7,
            -0.7071067811864035 -0.7071067811864246 -6.144864200117755e-7,
            -0.7020515675900244 -0.7121118167091356 0.0045118674186701985,
            -0.7020515675900244 -0.7121118167091356 0.0045118674186701985,
            -0.9238795325109845 -0.3826834323649772 -8.028651986459977e-7,
            -0.9238795325109845 -0.3826834323649772 -8.028651986459977e-7,
            -0.9235906531918404 -0.38147914000926814 0.038130972639818704,
            -0.9235906531918404 -0.38147914000926814 0.038130972639818704,
            -0.9999999999996224 -1.4715656534112162e-15 -8.690150289196961e-7,
            -0.9999999999996224 -1.4715656534112162e-15 -8.690150289196961e-7,
            -0.8700221846046784 -1.1126414164181952e-15 -0.493012574176058,
            -0.8700221846046784 -1.1126414164181952e-15 -0.493012574176058,
            -0.9238795325109846 0.3826834323649771 -8.028651987379123e-7,
            -0.9238795325109846 0.3826834323649771 -8.028651987379123e-7,
            -0.8037956891870182 0.3329430758382925 -0.49301257417605837,
            -0.8037956891870182 0.3329430758382925 -0.49301257417605837,
            -0.7071067811864019 0.7071067811864261 -6.144864200413178e-7,
            -0.7071067811864019 0.7071067811864261 -6.144864200413178e-7,
            -0.6151985865167012 0.6151985865167038 -0.4930125741760576,
            -0.6151985865167012 0.6151985865167038 -0.4930125741760576,
            -0.38268343236505925 0.9238795325112396 -3.325576542224598e-7,
            -0.38268343236505925 0.9238795325112396 -3.325576542224598e-7,
            -0.3329430758382917 0.803795689187019 -0.4930125741760575,
            -0.3329430758382917 0.803795689187019 -0.4930125741760575,
            0.0 1.0 -1.9203267226602048e-16,
            0.0 1.0 -1.9203267226602048e-16,
            9.858847993578946e-17 0.8700221846046786 -0.4930125741760575,
            9.858847993578946e-17 0.8700221846046786 -0.4930125741760575,
            0.38268343236506014 0.9238795325112392 3.325576538662976e-7,
            0.38268343236506014 0.9238795325112392 3.325576538662976e-7,
            0.3329430758382923 0.8037956891870187 -0.49301257417605765,
            0.3329430758382923 0.8037956891870187 -0.49301257417605765,
            0.7071067811864038 0.7071067811864241 6.144864197655803e-7,
            0.7071067811864038 0.7071067811864241 6.144864197655803e-7,
            0.6151985865167029 0.6151985865167019 -0.4930125741760577,
            0.6151985865167029 0.6151985865167019 -0.4930125741760577,
            0.9238795325109844 0.3826834323649773 8.028651986082493e-7,
            0.9238795325109844 0.3826834323649773 8.028651986082493e-7,
            0.8037956891870179 0.3329430758382938 -0.49301257417605804,
            0.8037956891870179 0.3329430758382938 -0.49301257417605804,
            0.9999999999996224 1.5564636718772484e-16 8.690150289196976e-7,
            0.9999999999996224 1.5564636718772484e-16 8.690150289196976e-7,
            0.870022184604678 3.239335769318799e-16 -0.4930125741760587,
            0.870022184604678 3.239335769318799e-16 -0.4930125741760587,
            0.9238795325109849 -0.3826834323649764 8.02865198664052e-7,
            0.9238795325109849 -0.3826834323649764 8.02865198664052e-7,
            0.8037956891870179 -0.3329430758382934 -0.49301257417605826,
            0.8037956891870179 -0.3329430758382934 -0.49301257417605826,
            0.7071067811864049 -0.707106781186423 6.144864200117753e-7,
            0.7071067811864049 -0.707106781186423 6.144864200117753e-7,
            0.6151985865167042 -0.6151985865167001 -0.4930125741760583,
            0.6151985865167042 -0.6151985865167001 -0.4930125741760583,
            0.3826834323650596 -0.9238795325112394 3.325576541912762e-7,
            0.3826834323650596 -0.9238795325112394 3.325576541912762e-7,
            0.3329430758382927 -0.8037956891870177 -0.493012574176059,
            0.3329430758382927 -0.8037956891870177 -0.493012574176059,
            0.0 -1.0 0.0,
            0.0 -1.0 0.0,
            -5.492786739279696e-16 -0.8700221846046783 -0.49301257417605804,
            -5.492786739279696e-16 -0.8700221846046783 -0.49301257417605804,
            -0.3826834323650586 -0.9238795325112399 -3.3255765419127536e-7,
            -0.3826834323650586 -0.9238795325112399 -3.3255765419127536e-7,
            -0.3329430758382905 -0.8037956891870192 -0.49301257417605815,
            -0.3329430758382905 -0.8037956891870192 -0.49301257417605815,
            -0.7071067811864035 -0.7071067811864246 -6.144864200117755e-7,
            -0.7071067811864035 -0.7071067811864246 -6.144864200117755e-7,
            -0.6151985865167018 -0.6151985865167029 -0.4930125741760581,
            -0.6151985865167018 -0.6151985865167029 -0.4930125741760581,
            -0.9238795325109845 -0.3826834323649772 -8.028651986459977e-7,
            -0.9238795325109845 -0.3826834323649772 -8.028651986459977e-7,
            -0.8037956891870185 -0.33294307583829247 -0.4930125741760581,
            -0.8037956891870185 -0.33294307583829247 -0.4930125741760581,
            -0.8700221846046784 -1.1126414164181952e-15 -0.493012574176058,
            -0.8700221846046784 -1.1126414164181952e-15 -0.493012574176058,
            1.508781756356716e-16 1.6921578347984987e-17 -1.0,
            -0.8037956891870182 0.3329430758382925 -0.49301257417605837,
            -0.8037956891870182 0.3329430758382925 -0.49301257417605837,
            1.508781756356716e-16 1.6921578347984987e-17 -1.0,
            -0.6151985865167012 0.6151985865167038 -0.4930125741760576,
            -0.6151985865167012 0.6151985865167038 -0.4930125741760576,
            1.508781756356716e-16 1.6921578347984987e-17 -1.0,
            -0.3329430758382917 0.803795689187019 -0.4930125741760575,
            -0.3329430758382917 0.803795689187019 -0.4930125741760575,
            1.508781756356716e-16 1.6921578347984987e-17 -1.0,
            9.858847993578946e-17 0.8700221846046786 -0.4930125741760575,
            9.858847993578946e-17 0.8700221846046786 -0.4930125741760575,
            1.508781756356716e-16 1.6921578347984987e-17 -1.0,
            0.3329430758382923 0.8037956891870187 -0.49301257417605765,
            0.3329430758382923 0.8037956891870187 -0.49301257417605765,
            1.508781756356716e-16 1.6921578347984987e-17 -1.0,
            0.6151985865167029 0.6151985865167019 -0.4930125741760577,
            0.6151985865167029 0.6151985865167019 -0.4930125741760577,
            1.508781756356716e-16 1.6921578347984987e-17 -1.0,
            0.8037956891870179 0.3329430758382938 -0.49301257417605804,
            0.8037956891870179 0.3329430758382938 -0.49301257417605804,
            1.508781756356716e-16 1.6921578347984987e-17 -1.0,
            0.870022184604678 3.239335769318799e-16 -0.4930125741760587,
            0.870022184604678 3.239335769318799e-16 -0.4930125741760587,
            1.508781756356716e-16 1.6921578347984987e-17 -1.0,
            0.8037956891870179 -0.3329430758382934 -0.49301257417605826,
            0.8037956891870179 -0.3329430758382934 -0.49301257417605826,
            1.508781756356716e-16 1.6921578347984987e-17 -1.0,
            0.6151985865167042 -0.6151985865167001 -0.4930125741760583,
            0.6151985865167042 -0.6151985865167001 -0.4930125741760583,
            1.508781756356716e-16 1.6921578347984987e-17 -1.0,
            0.3329430758382927 -0.8037956891870177 -0.493012574176059,
            0.3329430758382927 -0.8037956891870177 -0.493012574176059,
            1.508781756356716e-16 1.6921578347984987e-17 -1.0,
            -5.492786739279696e-16 -0.8700221846046783 -0.49301257417605804,
            -5.492786739279696e-16 -0.8700221846046783 -0.49301257417605804,
            1.508781756356716e-16 1.6921578347984987e-17 -1.0,
            -0.3329430758382905 -0.8037956891870192 -0.49301257417605815,
            -0.3329430758382905 -0.8037956891870192 -0.49301257417605815,
            1.508781756356716e-16 1.6921578347984987e-17 -1.0,
            -0.6151985865167018 -0.6151985865167029 -0.4930125741760581,
            -0.6151985865167018 -0.6151985865167029 -0.4930125741760581,
            1.508781756356716e-16 1.6921578347984987e-17 -1.0,
            -0.8037956891870185 -0.33294307583829247 -0.4930125741760581,
            -0.8037956891870185 -0.33294307583829247 -0.4930125741760581,
            1.508781756356716e-16 1.6921578347984987e-17 -1.0 ]
        }
        normalIndex [
          48, 52, 116, 112, -1,
          51, 110, 2, 1, -1,
          49, 113, 173, 109, -1,
          50, 1, 0, 54, -1,
          53, 56, 120, 117, -1,
          55, 0, 15, 59, -1,
          57, 60, 124, 121, -1,
          58, 15, 14, 63, -1,
          61, 64, 128, 125, -1,
          62, 14, 13, 67, -1,
          65, 68, 132, 129, -1,
          66, 13, 12, 71, -1,
          69, 72, 136, 133, -1,
          70, 12, 11, 75, -1,
          73, 76, 140, 137, -1,
          74, 11, 10, 79, -1,
          77, 80, 144, 141, -1,
          78, 10, 9, 83, -1,
          81, 84, 148, 145, -1,
          82, 9, 8, 87, -1,
          85, 88, 152, 149, -1,
          86, 8, 7, 91, -1,
          89, 92, 156, 153, -1,
          90, 7, 6, 95, -1,
          93, 96, 160, 157, -1,
          94, 6, 5, 99, -1,
          97, 100, 164, 161, -1,
          98, 5, 4, 103, -1,
          101, 104, 168, 165, -1,
          102, 4, 3, 107, -1,
          105, 108, 172, 169, -1,
          106, 3, 2, 111, -1,
          114, 118, 179, 176, -1,
          115, 177, 222, 175, -1,
          119, 122, 182, 180, -1,
          123, 126, 185, 183, -1,
          127, 130, 188, 186, -1,
          131, 134, 191, 189, -1,
          135, 138, 194, 192, -1,
          139, 142, 197, 195, -1,
          143, 146, 200, 198, -1,
          147, 150, 203, 201, -1,
          151, 154, 206, 204, -1,
          155, 158, 209, 207, -1,
          159, 162, 212, 210, -1,
          163, 166, 215, 213, -1,
          167, 170, 218, 216, -1,
          171, 174, 221, 219, -1,
          178, 181, 184, 187, 190, 193, 196, 199, 202, 205, 208, 211, 214, 217, 220, 223, -1,
          0, 1, 17, 16, -1,
          0, 16, 31, 15, -1,
          1, 2, 18, 17, -1,
          2, 3, 19, 18, -1,
          3, 4, 20, 19, -1,
          4, 5, 21, 20, -1,
          5, 6, 22, 21, -1,
          6, 7, 23, 22, -1,
          7, 8, 24, 23, -1,
          8, 9, 25, 24, -1,
          9, 10, 26, 25, -1,
          10, 11, 27, 26, -1,
          11, 12, 28, 27, -1,
          12, 13, 29, 28, -1,
          13, 14, 30, 29, -1,
          14, 15, 31, 30, -1,
          16, 17, 34, 33, -1,
          16, 33, 32, 31, -1,
          17, 18, 35, 34, -1,
          18, 19, 36, 35, -1,
          19, 20, 37, 36, -1,
          20, 21, 38, 37, -1,
          21, 22, 39, 38, -1,
          22, 23, 40, 39, -1,
          23, 24, 41, 40, -1,
          24, 25, 42, 41, -1,
          25, 26, 43, 42, -1,
          26, 27, 44, 43, -1,
          27, 28, 45, 44, -1,
          28, 29, 46, 45, -1,
          29, 30, 47, 46, -1,
          30, 31, 32, 47, -1,
          32, 33, 34, 35, 36, 37, 38, 39, 40, 41, 42, 43, 44, 45, 46, 47, -1 ]
      }
    }

  ]
}

DEF Cylinder7 Transform {
  children [
    Shape {
      appearance Appearance {
        material USE pins
      }
      geometry IndexedFaceSet {
        normalPerVertex TRUE
        coord Coordinate {
          point [
            -2.35999983465 1.4173004409399999 0.6,
            -2.372179109448194 1.3560710917615855 0.6,
            -2.4068627496601525 1.3041633559501522 0.6,
            -2.4587704854715855 1.269479715738194 0.6,
            -2.51999983465 1.25730044094 0.6,
            -2.5812291838284143 1.269479715738194 0.6,
            -2.6331369196398478 1.3041633559501522 0.6,
            -2.6678205598518057 1.3560710917615855 0.6,
            -2.67999983465 1.4173004409399999 0.6,
            -2.6678205598518057 1.4785297901184145 0.6,
            -2.6331369196398478 1.5304375259298475 0.6,
            -2.5812291838284143 1.5651211661418059 0.6,
            -2.51999983465 1.57730044094 0.6,
            -2.4587704854715855 1.5651211661418059 0.6,
            -2.4068627496601525 1.5304375259298475 0.6,
            -2.372179109448194 1.4785297901184145 0.6,
            -2.35999983465 1.4173004409399999 -1.0,
            -2.372179109448194 1.3560710917615855 -1.0,
            -2.4068627496601525 1.3041633559501522 -1.0,
            -2.4587704854715855 1.2694797157381938 -1.0,
            -2.51999983465 1.2573004409399997 -1.0,
            -2.5812291838284143 1.2694797157381938 -1.0,
            -2.6331369196398478 1.3041633559501522 -1.0,
            -2.6678205598518057 1.3560710917615855 -1.0,
            -2.67999983465 1.4173004409399999 -1.0,
            -2.6678205598518057 1.4785297901184145 -1.0,
            -2.6331369196398478 1.5304375259298475 -1.0,
            -2.5812291838284143 1.5651211661418059 -1.0,
            -2.51999983465 1.57730044094 -1.0,
            -2.4587704854715855 1.5651211661418059 -1.0,
            -2.4068627496601525 1.5304375259298475 -1.0,
            -2.372179109448194 1.4785297901184145 -1.0 ]
        }
        coordIndex [
          0, 1, 17, 16, -1,
          0, 15, 14, 13, 12, 11, 10, 9, 8, 7, 6, 5, 4, 3, 2, 1, -1,
          0, 16, 31, 15, -1,
          1, 2, 18, 17, -1,
          2, 3, 19, 18, -1,
          3, 4, 20, 19, -1,
          4, 5, 21, 20, -1,
          5, 6, 22, 21, -1,
          6, 7, 23, 22, -1,
          7, 8, 24, 23, -1,
          8, 9, 25, 24, -1,
          9, 10, 26, 25, -1,
          10, 11, 27, 26, -1,
          11, 12, 28, 27, -1,
          12, 13, 29, 28, -1,
          13, 14, 30, 29, -1,
          14, 15, 31, 30, -1,
          16, 17, 18, 19, 20, 21, 22, 23, 24, 25, 26, 27, 28, 29, 30, 31, -1 ]
        normal Normal {
          vector [
            0.0 -0.0 1.0,
            1.0 -3.5374174360847055e-16 0.0,
            1.0 -3.5374174360847055e-16 0.0,
            0.0 -0.0 1.0,
            0.9238795325112865 -0.3826834323650902 0.0,
            0.9238795325112865 -0.3826834323650902 0.0,
            0.0 -0.0 1.0,
            0.7071067811865477 -0.7071067811865474 2.9327599791182763e-17,
            0.7071067811865477 -0.7071067811865474 2.9327599791182763e-17,
            0.0 -0.0 1.0,
            0.3826834323650902 -0.9238795325112866 9.877314269294528e-17,
            0.3826834323650902 -0.9238795325112866 9.877314269294528e-17,
            0.0 -0.0 1.0,
            -6.933338174726022e-16 -1.0 1.3889108580352546e-16,
            -6.933338174726022e-16 -1.0 1.3889108580352546e-16,
            0.0 -0.0 1.0,
            -0.382683432365089 -0.9238795325112871 9.877314269294554e-17,
            -0.382683432365089 -0.9238795325112871 9.877314269294554e-17,
            0.0 -0.0 1.0,
            -0.7071067811865485 -0.7071067811865467 2.932759979118262e-17,
            -0.7071067811865485 -0.7071067811865467 2.932759979118262e-17,
            0.0 -0.0 1.0,
            -0.9238795325112876 -0.3826834323650875 0.0,
            -0.9238795325112876 -0.3826834323650875 0.0,
            0.0 -0.0 1.0,
            -1.0 -3.5374174360847055e-16 0.0,
            -1.0 -3.5374174360847055e-16 0.0,
            0.0 -0.0 1.0,
            -0.9238795325112874 0.38268343236508817 0.0,
            -0.9238795325112874 0.38268343236508817 0.0,
            0.0 -0.0 1.0,
            -0.7071067811865481 0.7071067811865468 0.0,
            -0.7071067811865481 0.7071067811865468 0.0,
            0.0 -0.0 1.0,
            -0.38268343236508967 0.9238795325112867 0.0,
            -0.38268343236508967 0.9238795325112867 0.0,
            0.0 -0.0 1.0,
            -6.933338174726022e-16 1.0 0.0,
            -6.933338174726022e-16 1.0 0.0,
            0.0 -0.0 1.0,
            0.3826834323650909 0.9238795325112862 0.0,
            0.3826834323650909 0.9238795325112862 0.0,
            0.0 -0.0 1.0,
            0.7071067811865475 0.7071067811865475 0.0,
            0.7071067811865475 0.7071067811865475 0.0,
            0.0 -0.0 1.0,
            0.9238795325112862 0.3826834323650909 0.0,
            0.9238795325112862 0.3826834323650909 0.0,
            0.0 -0.0 -1.0,
            1.0 -3.5374174360847055e-16 0.0,
            1.0 -3.5374174360847055e-16 0.0,
            0.0 -0.0 -1.0,
            0.9238795325112865 -0.3826834323650902 0.0,
            0.9238795325112865 -0.3826834323650902 0.0,
            0.0 -0.0 -1.0,
            0.7071067811865477 -0.7071067811865474 2.9327599791182763e-17,
            0.7071067811865477 -0.7071067811865474 2.9327599791182763e-17,
            0.0 -0.0 -1.0,
            0.3826834323650902 -0.9238795325112866 9.877314269294528e-17,
            0.3826834323650902 -0.9238795325112866 9.877314269294528e-17,
            0.0 -0.0 -1.0,
            -6.933338174726022e-16 -1.0 1.3889108580352546e-16,
            -6.933338174726022e-16 -1.0 1.3889108580352546e-16,
            0.0 -0.0 -1.0,
            -0.382683432365089 -0.9238795325112871 9.877314269294554e-17,
            -0.382683432365089 -0.9238795325112871 9.877314269294554e-17,
            0.0 -0.0 -1.0,
            -0.7071067811865485 -0.7071067811865467 2.932759979118262e-17,
            -0.7071067811865485 -0.7071067811865467 2.932759979118262e-17,
            0.0 -0.0 -1.0,
            -0.9238795325112876 -0.3826834323650875 0.0,
            -0.9238795325112876 -0.3826834323650875 0.0,
            0.0 -0.0 -1.0,
            -1.0 -3.5374174360847055e-16 0.0,
            -1.0 -3.5374174360847055e-16 0.0,
            0.0 -0.0 -1.0,
            -0.9238795325112874 0.38268343236508817 0.0,
            -0.9238795325112874 0.38268343236508817 0.0,
            0.0 -0.0 -1.0,
            -0.7071067811865481 0.7071067811865468 0.0,
            -0.7071067811865481 0.7071067811865468 0.0,
            0.0 -0.0 -1.0,
            -0.38268343236508967 0.9238795325112867 0.0,
            -0.38268343236508967 0.9238795325112867 0.0,
            0.0 -0.0 -1.0,
            -6.933338174726022e-16 1.0 0.0,
            -6.933338174726022e-16 1.0 0.0,
            0.0 -0.0 -1.0,
            0.3826834323650909 0.9238795325112862 0.0,
            0.3826834323650909 0.9238795325112862 0.0,
            0.0 -0.0 -1.0,
            0.7071067811865475 0.7071067811865475 0.0,
            0.7071067811865475 0.7071067811865475 0.0,
            0.0 -0.0 -1.0,
            0.9238795325112862 0.3826834323650909 0.0,
            0.9238795325112862 0.3826834323650909 0.0 ]
        }
        normalIndex [
          2, 5, 53, 50, -1,
          0, 45, 42, 39, 36, 33, 30, 27, 24, 21, 18, 15, 12, 9, 6, 3, -1,
          1, 49, 94, 46, -1,
          4, 8, 56, 52, -1,
          7, 11, 59, 55, -1,
          10, 14, 62, 58, -1,
          13, 17, 65, 61, -1,
          16, 20, 68, 64, -1,
          19, 23, 71, 67, -1,
          22, 26, 74, 70, -1,
          25, 29, 77, 73, -1,
          28, 32, 80, 76, -1,
          31, 35, 83, 79, -1,
          34, 38, 86, 82, -1,
          37, 41, 89, 85, -1,
          40, 44, 92, 88, -1,
          43, 47, 95, 91, -1,
          48, 51, 54, 57, 60, 63, 66, 69, 72, 75, 78, 81, 84, 87, 90, 93, -1 ]
      }
    }
    ,
    Shape {
      appearance Appearance {
        material USE body
      }
      geometry IndexedFaceSet {
        normalPerVertex TRUE
        coord Coordinate {
          point [
            -2.2199995000199446 1.4172999999999998 0.9753870067719979,
            -2.242835640266559 1.302494970290473 0.9753870067719976,
            -2.3078674656639806 1.2051679656440357 0.9753870067719976,
            -2.405194470310418 1.140136140246614 0.9753870067719976,
            -2.519999500019945 1.1173 0.9753870067719976,
            -2.6348045297294718 1.140136140246614 0.9753870067719976,
            -2.732131534375909 1.2051679656440357 0.9753870067719976,
            -2.7971633597733305 1.302494970290473 0.9753870067719979,
            -2.8199995000199447 1.4172999999999998 0.9753870067719976,
            -2.7971633597733305 1.5321050297095267 0.9753870067719979,
            -2.732131534375909 1.629432034355964 0.9753870067719976,
            -2.634804529729472 1.6944638597533859 0.9753870067719976,
            -2.519999500019945 1.7173 0.9753870067719976,
            -2.405194470310418 1.6944638597533859 0.9753870067719976,
            -2.3078674656639806 1.629432034355964 0.9753870067719976,
            -2.242835640266559 1.532105029709527 0.9753870067719979,
            -2.2200000000398896 1.4173 0.4000000135439956,
            -2.2428361402865034 1.302494970290473 0.4000000135439956,
            -2.307867965683925 1.205167965644036 0.4000000135439954,
            -2.4051949703303626 1.1401361402466141 0.4000000135439954,
            -2.5200000000398894 1.1173000000000002 0.4000000135439956,
            -2.6348050297494163 1.1401361402466141 0.4000000135439956,
            -2.7321320343958537 1.205167965644036 0.4000000135439956,
            -2.797163859793275 1.302494970290473 0.4000000135439956,
            -2.8200000000398893 1.4172999999999998 0.4000000135439954,
            -2.797163859793275 1.532105029709527 0.4000000135439956,
            -2.7321320343958537 1.629432034355964 0.4000000135439956,
            -2.6348050297494168 1.6944638597533859 0.4000000135439954,
            -2.5200000000398894 1.7173 0.4000000135439956,
            -2.4051949703303626 1.6944638597533859 0.4000000135439954,
            -2.3078679656839256 1.6294320343559645 0.4000000135439954,
            -2.2428361402865034 1.532105029709527 0.4000000135439956,
            -2.3900000010398896 1.4172999999999998 0.10000001354399557,
            -2.3998956617373017 1.3675511541752217 0.10000001354399546,
            -2.428076119192745 1.3253761191528555 0.10000001354399546,
            -2.470251154215111 1.297195661697412 0.10000001354399546,
            -2.5200000000398894 1.287300001 0.10000001354399546,
            -2.569748845864668 1.297195661697412 0.10000001354399546,
            -2.611923880887034 1.3253761191528555 0.10000001354399546,
            -2.640104338342477 1.3675511541752217 0.10000001354399568,
            -2.6499999990398897 1.4172999999999998 0.10000001354399546,
            -2.640104338342477 1.4670488458247781 0.10000001354399568,
            -2.611923880887034 1.5092238808471443 0.10000001354399546,
            -2.569748845864668 1.5374043383025875 0.10000001354399546,
            -2.5200000000398894 1.547299999 0.10000001354399546,
            -2.470251154215111 1.5374043383025875 0.10000001354399535,
            -2.428076119192745 1.5092238808471443 0.10000001354399546,
            -2.3998956617373017 1.4670488458247781 0.10000001354399568,
            -2.247046382080022 1.3125966296545553 0.9880535110571662,
            -2.224557174116282 1.4263461068821135 1.0040839852731476,
            -2.247046382080022 1.5387183963400342 1.027924879449281,
            -2.3110902279239394 1.6326058356156865 1.0559466335654935,
            -2.406938616677206 1.6937149131711118 1.083883189575426,
            -2.5199995000199453 1.7127423259036625 1.1074814600720768,
            -2.6330603833626847 1.686791322708734 1.1231488222911858,
            -2.728908772115951 1.619812708576325 1.1285000623598858,
            -2.792952617959868 1.522003370345445 1.1227205024868294,
            -2.8154418259236076 1.408253893117886 1.106690028270848,
            -2.792952617959868 1.2958816036599665 1.082849134094715,
            -2.728908772115951 1.2019941643843135 1.0548273799785022,
            -2.633060383362684 1.1408850868288885 1.0268908239685697,
            -2.5199995000199453 1.1218576740963377 1.0032925534719186,
            -2.4069386166772064 1.147808677291266 0.9876251912528096,
            -2.3110902279239394 1.2147872914236753 0.9822739511841097,
            -2.2489936378773234 1.3202517529074091 1.0028122875029726,
            -2.224062428880787 1.430209880034177 1.0342658921408034,
            -2.2420700474149458 1.5361198162980558 1.0807470197441436,
            -2.3002749967974436 1.6218577339788303 1.135179339987854,
            -2.3898161011139734 1.6743708123257643 1.1892760255450434,
            -2.497061538924477 1.685664411192777 1.2348013464273042,
            -2.60568416450462 1.6540191825290942 1.2648244852183748,
            -2.6991471677763763 1.58425282553405 1.2747746911977438,
            -2.7632216537358576 1.4869866356265378 1.263137135703896,
            -2.7881528627323946 1.3770285084997695 1.2316835310660652,
            -2.770145244198235 1.2711185722358918 1.1852024034627258,
            -2.7119402948157383 1.1853806545551164 1.1307700832190142,
            -2.622399190499208 1.1328675762081826 1.0766733976618252,
            -2.5151537526887044 1.12157397734117 1.0311480767795642,
            -2.4065311271085625 1.1532192060048525 1.001124937988494,
            -2.313068123836805 1.2229855629998971 0.9911747320091244,
            -1.5126089928367064 0.40112757888409917 2.6642621272025924,
            -1.4081675807227512 0.5596714684333438 2.6832313426575647,
            -1.3675297100583965 0.7389032156499751 2.7345007182172294,
            -1.3968821282690755 0.9115364117600974 2.810264956210674,
            -1.4917561957625471 1.0512892175797595 2.8989896382079214,
            -1.6377081957984905 1.1368855352852623 2.9871672356661403,
            -1.8125182594296114 1.1552941014384928 3.0613735087042255,
            -1.9895731391252442 1.1037123787166898 3.1103112249336706,
            -2.1419178344582073 0.9899932168147678 3.126530060680042,
            -2.246359246572162 0.8314493272655229 3.1075608452250703,
            -2.286997117236517 0.6522175800488913 3.056291469665406,
            -2.2576446990258368 0.47958438393877045 2.9805272316719624,
            -2.1627706315323674 0.33983157811910664 2.891802549674712,
            -2.016818631496423 0.25423526041360445 2.8036249522164947,
            -1.8420085678653022 0.23582669426037386 2.729418679178409,
            -1.664953688169671 0.28740841698217645 2.6804809629489648 ]
        }
        coordIndex [
          0, 1, 17, 16, -1,
          0, 15, 50, 49, -1,
          0, 16, 31, 15, -1,
          0, 49, 48, 1, -1,
          1, 2, 18, 17, -1,
          1, 48, 63, 2, -1,
          2, 3, 19, 18, -1,
          2, 63, 62, 3, -1,
          3, 4, 20, 19, -1,
          3, 62, 61, 4, -1,
          4, 5, 21, 20, -1,
          4, 61, 60, 5, -1,
          5, 6, 22, 21, -1,
          5, 60, 59, 6, -1,
          6, 7, 23, 22, -1,
          6, 59, 58, 7, -1,
          7, 8, 24, 23, -1,
          7, 58, 57, 8, -1,
          8, 9, 25, 24, -1,
          8, 57, 56, 9, -1,
          9, 10, 26, 25, -1,
          9, 56, 55, 10, -1,
          10, 11, 27, 26, -1,
          10, 55, 54, 11, -1,
          11, 12, 28, 27, -1,
          11, 54, 53, 12, -1,
          12, 13, 29, 28, -1,
          12, 53, 52, 13, -1,
          13, 14, 30, 29, -1,
          13, 52, 51, 14, -1,
          14, 15, 31, 30, -1,
          14, 51, 50, 15, -1,
          16, 17, 33, 32, -1,
          16, 32, 47, 31, -1,
          17, 18, 34, 33, -1,
          18, 19, 35, 34, -1,
          19, 20, 36, 35, -1,
          20, 21, 37, 36, -1,
          21, 22, 38, 37, -1,
          22, 23, 39, 38, -1,
          23, 24, 40, 39, -1,
          24, 25, 41, 40, -1,
          25, 26, 42, 41, -1,
          26, 27, 43, 42, -1,
          27, 28, 44, 43, -1,
          28, 29, 45, 44, -1,
          29, 30, 46, 45, -1,
          30, 31, 47, 46, -1,
          32, 33, 34, 35, 36, 37, 38, 39, 40, 41, 42, 43, 44, 45, 46, 47, -1,
          48, 49, 65, 64, -1,
          48, 64, 79, 63, -1,
          49, 50, 66, 65, -1,
          50, 51, 67, 66, -1,
          51, 52, 68, 67, -1,
          52, 53, 69, 68, -1,
          53, 54, 70, 69, -1,
          54, 55, 71, 70, -1,
          55, 56, 72, 71, -1,
          56, 57, 73, 72, -1,
          57, 58, 74, 73, -1,
          58, 59, 75, 74, -1,
          59, 60, 76, 75, -1,
          60, 61, 77, 76, -1,
          61, 62, 78, 77, -1,
          62, 63, 79, 78, -1,
          64, 65, 82, 81, -1,
          64, 81, 80, 79, -1,
          65, 66, 83, 82, -1,
          66, 67, 84, 83, -1,
          67, 68, 85, 84, -1,
          68, 69, 86, 85, -1,
          69, 70, 87, 86, -1,
          70, 71, 88, 87, -1,
          71, 72, 89, 88, -1,
          72, 73, 90, 89, -1,
          73, 74, 91, 90, -1,
          74, 75, 92, 91, -1,
          75, 76, 93, 92, -1,
          76, 77, 94, 93, -1,
          77, 78, 95, 94, -1,
          78, 79, 80, 95, -1,
          80, 81, 82, 83, 84, 85, 86, 87, 88, 89, 90, 91, 92, 93, 94, 95, -1 ]
        normal Normal {
          vector [
            0.8462027899674408 -0.35821733975608117 0.39448849888101395,
            0.9950371624535265 -0.01009139773245372 0.09899095427482171,
            0.920912711627195 0.3896804248446389 -0.008303255767989896,
            0.697127987615938 0.7169195124991496 0.0062435150783957906,
            0.37107025624167467 0.926519487733838 0.06219729722555852,
            -0.0088615488840582 0.9925027529780093 0.12190060821196944,
            -0.3867600219217117 0.9073213360270517 0.1648777687658435,
            -0.7062103318474282 0.6847585121224727 0.1799242820404252,
            -0.9189976849844982 0.3587851630743948 0.163451710761353,
            -0.9926319900771972 -0.02139066820818722 0.11926513148858904,
            -0.9150687813942128 -0.39899532035458285 0.05875252890603259,
            -0.6955929422641637 -0.718431722179119 0.00251380966445233,
            -0.36172668863202695 -0.9322102643923896 -0.011739918772272187,
            0.03981680527844114 -0.994543604133067 0.09642427855798517,
            0.38255688493894086 -0.8360577799324547 0.3932653282457396,
            0.5875501588236253 -0.5715669309766757 0.5727966954166518,
            0.9299836340747135 -0.3432374665222689 -0.13159970337566843,
            0.9773155286610892 0.05526604051420092 -0.20445053730371707,
            0.887744341668638 0.4347283406023808 -0.15139766746029082,
            0.6758776938603677 0.7365681720358924 -0.02562559044578446,
            0.3657431001589273 0.9232589256826321 0.1175795085611811,
            2.3612810921130322e-4 0.9700653018558233 0.2428440947992894,
            -0.3667668493808488 0.8714567050741535 0.3256459571014899,
            -0.6802945318717442 0.643328959059831 0.35117972655094815,
            -0.8932662934747322 0.3206461091633418 0.31505777505137644,
            -0.9735222116506765 -0.048015878725431206 0.22349268178846476,
            -0.9083443491793228 -0.40783910346341595 0.09261646182050788,
            -0.7059228465171324 -0.7063455784033397 -0.05242955879273226,
            -0.3927619641229479 -0.9025891408999197 -0.17626934579735912,
            -0.007324290499934311 -0.9745532181430556 -0.22403655901590355,
            0.3908919144197693 -0.9092882509627435 -0.1428229249888219,
            0.7247327250547281 -0.686946093268511 -0.053549436765275786,
            0.7238072062407678 -0.6814755556777943 -0.10813970227245936,
            0.9217587542361618 -0.38214926392126064 -0.06574754043641134,
            0.9982256437228756 -0.04571286902060215 0.038156229110801354,
            0.9426441750892448 0.276344159865661 0.18723211390800198,
            0.7645440152138828 0.5356022353528389 0.358612178105647,
            0.4914552670529862 0.6937398992375242 0.5264947033843624,
            0.16445182828306662 0.7276839632003456 0.6659066345032125,
            -0.16780870848708976 0.6325124149387089 0.7561536102567369,
            -0.45581242667109195 0.422053002412651 0.7836493443158598,
            -0.6560832353062219 0.1271828386656917 0.7438946927482795,
            -0.7375923600860455 -0.2081700391455501 0.6423571787913931,
            -0.6868216004584314 -0.5331512549963989 0.4939897047909842,
            -0.5104820775643145 -0.7976273886425498 0.3212453849830189,
            -0.23507336497547276 -0.9602199309102816 0.15072556970123585,
            0.0969711384589633 -0.9952469697312145 0.008948047094613783,
            0.4340416804469436 -0.8971524841315334 -0.08200755972111404,
            0.9999999999996224 -1.8394570667640202e-16 -8.690150293054037e-7,
            0.9999999999996224 -1.8394570667640202e-16 -8.690150293054037e-7,
            0.9824700453407983 -0.009011965647864637 0.18620256304146712,
            0.9824700453407983 -0.009011965647864637 0.18620256304146712,
            0.9238795325109849 -0.38268343236497643 -8.028651989315865e-7,
            0.9238795325109849 -0.38268343236497643 -8.028651989315865e-7,
            0.8036301333600278 -0.3280107342363885 0.49657584212429173,
            0.8036301333600278 -0.3280107342363885 0.49657584212429173,
            0.7071067811864034 -0.7071067811864247 -6.144864201233838e-7,
            0.7071067811864034 -0.7071067811864247 -6.144864201233838e-7,
            0.5290215224117897 -0.5219643854866621 0.6690959640504817,
            0.5290215224117897 -0.5219643854866621 0.6690959640504817,
            0.3826834323650592 -0.9238795325112397 -3.32557654401362e-7,
            0.3826834323650592 -0.9238795325112397 -3.32557654401362e-7,
            0.3393799862643244 -0.7989971589892385 0.49641189031927174,
            0.3393799862643244 -0.7989971589892385 0.49641189031927174,
            1.4149669744339025e-17 -1.0 -3.8406537152039415e-16,
            1.4149669744339025e-17 -1.0 -3.8406537152039415e-16,
            0.023667744413941205 -0.9822403038805075 0.18612851288044133,
            0.023667744413941205 -0.9822403038805075 0.18612851288044133,
            -0.3826834323650592 -0.9238795325112397 3.325576536890357e-7,
            -0.3826834323650592 -0.9238795325112397 3.325576536890357e-7,
            -0.36737027096613006 -0.9292931417991167 0.03812270472302579,
            -0.36737027096613006 -0.9292931417991167 0.03812270472302579,
            -0.7071067811864044 -0.7071067811864236 6.144864196867977e-7,
            -0.7071067811864044 -0.7071067811864236 6.144864196867977e-7,
            -0.7012882936467201 -0.7128635023117857 0.004511791866483807,
            -0.7012882936467201 -0.7128635023117857 0.004511791866483807,
            -0.9238795325109851 -0.3826834323649758 8.028651986115323e-7,
            -0.9238795325109851 -0.3826834323649758 8.028651986115323e-7,
            -0.9222245821275797 -0.3864158679062213 0.013586653373538031,
            -0.9222245821275797 -0.3864158679062213 0.013586653373538031,
            -0.9999999999996224 -1.5564636718772484e-16 8.69015028959089e-7,
            -0.9999999999996224 -1.5564636718772484e-16 8.69015028959089e-7,
            -0.9994107094436802 -0.0033456658845723067 0.03416197255822425,
            -0.9994107094436802 -0.0033456658845723067 0.03416197255822425,
            -0.9238795325109853 0.38268343236497543 8.028651988117705e-7,
            -0.9238795325109853 0.38268343236497543 8.028651988117705e-7,
            -0.9245221355047373 0.37765661317534244 0.051325466258867206,
            -0.9245221355047373 0.37765661317534244 0.051325466258867206,
            -0.7071067811864054 0.7071067811864227 6.144864200117764e-7,
            -0.7071067811864054 0.7071067811864227 6.144864200117764e-7,
            -0.7112662100032353 0.7005433107470566 0.05778795960393886,
            -0.7112662100032353 0.7005433107470566 0.05778795960393886,
            -0.38268343236506064 0.9238795325112391 3.3255765404519934e-7,
            -0.38268343236506064 0.9238795325112391 3.3255765404519934e-7,
            -0.3916681368144036 0.9186740388160225 0.05132329889816998,
            -0.3916681368144036 0.9186740388160225 0.05132329889816998,
            3.5374174360847573e-16 1.0 -3.103660622785546e-22,
            3.5374174360847573e-16 1.0 -3.103660622785546e-22,
            -0.011883336226380228 0.9993457391795604 0.03415962388242459,
            -0.011883336226380228 0.9993457391795604 0.03415962388242459,
            0.38268343236505986 0.9238795325112393 -3.32557653989395e-7,
            0.38268343236505986 0.9238795325112393 -3.32557653989395e-7,
            0.37227944612354263 0.928021251385738 0.013585689912449066,
            0.37227944612354263 0.928021251385738 0.013585689912449066,
            0.7071067811864027 0.7071067811864251 -6.144864199001661e-7,
            0.7071067811864027 0.7071067811864251 -6.144864199001661e-7,
            0.7020515675900239 0.7121118167091364 0.0045118674186655884,
            0.7020515675900239 0.7121118167091364 0.0045118674186655884,
            0.9238795325109848 0.3826834323649767 -8.028651988905523e-7,
            0.9238795325109848 0.3826834323649767 -8.028651988905523e-7,
            0.9235906531918404 0.38147914000926847 0.03813097263981626,
            0.9235906531918404 0.38147914000926847 0.03813097263981626,
            0.9999999999996224 -1.8394570667640202e-16 -8.690150293054037e-7,
            0.9999999999996224 -1.8394570667640202e-16 -8.690150293054037e-7,
            0.8700221846046782 2.112610284338345e-16 -0.4930125741760582,
            0.8700221846046782 2.112610284338345e-16 -0.4930125741760582,
            0.9238795325109849 -0.38268343236497643 -8.028651989315865e-7,
            0.9238795325109849 -0.38268343236497643 -8.028651989315865e-7,
            0.803795689187019 -0.33294307583829086 -0.49301257417605826,
            0.803795689187019 -0.33294307583829086 -0.49301257417605826,
            0.7071067811864034 -0.7071067811864247 -6.144864201233838e-7,
            0.7071067811864034 -0.7071067811864247 -6.144864201233838e-7,
            0.6151985865167025 -0.6151985865167023 -0.4930125741760578,
            0.6151985865167025 -0.6151985865167023 -0.4930125741760578,
            0.3826834323650592 -0.9238795325112397 -3.32557654401362e-7,
            0.3826834323650592 -0.9238795325112397 -3.32557654401362e-7,
            0.3329430758382914 -0.8037956891870192 -0.4930125741760576,
            0.3329430758382914 -0.8037956891870192 -0.4930125741760576,
            1.4149669744339025e-17 -1.0 -3.8406537152039415e-16,
            1.4149669744339025e-17 -1.0 -3.8406537152039415e-16,
            -3.5210171405639084e-16 -0.8700221846046787 -0.4930125741760573,
            -3.5210171405639084e-16 -0.8700221846046787 -0.4930125741760573,
            -0.3826834323650592 -0.9238795325112397 3.325576536890357e-7,
            -0.3826834323650592 -0.9238795325112397 3.325576536890357e-7,
            -0.33294307583829186 -0.803795689187019 -0.49301257417605737,
            -0.33294307583829186 -0.803795689187019 -0.49301257417605737,
            -0.7071067811864044 -0.7071067811864236 6.144864196867977e-7,
            -0.7071067811864044 -0.7071067811864236 6.144864196867977e-7,
            -0.6151985865167032 -0.6151985865167017 -0.49301257417605754,
            -0.6151985865167032 -0.6151985865167017 -0.49301257417605754,
            -0.9238795325109851 -0.3826834323649758 8.028651986115323e-7,
            -0.9238795325109851 -0.3826834323649758 8.028651986115323e-7,
            -0.8037956891870187 -0.332943075838293 -0.4930125741760573,
            -0.8037956891870187 -0.332943075838293 -0.4930125741760573,
            -0.9999999999996224 -1.5564636718772484e-16 8.69015028959089e-7,
            -0.9999999999996224 -1.5564636718772484e-16 8.69015028959089e-7,
            -0.8700221846046784 -3.239335769318799e-16 -0.4930125741760578,
            -0.8700221846046784 -3.239335769318799e-16 -0.4930125741760578,
            -0.9238795325109853 0.38268343236497543 8.028651988117705e-7,
            -0.9238795325109853 0.38268343236497543 8.028651988117705e-7,
            -0.8037956891870187 0.33294307583829263 -0.49301257417605754,
            -0.8037956891870187 0.33294307583829263 -0.49301257417605754,
            -0.7071067811864054 0.7071067811864227 6.144864200117764e-7,
            -0.7071067811864054 0.7071067811864227 6.144864200117764e-7,
            -0.6151985865167033 0.6151985865167011 -0.49301257417605815,
            -0.6151985865167033 0.6151985865167011 -0.49301257417605815,
            -0.38268343236506064 0.9238795325112391 3.3255765404519934e-7,
            -0.38268343236506064 0.9238795325112391 3.3255765404519934e-7,
            -0.3329430758382931 0.8037956891870179 -0.49301257417605826,
            -0.3329430758382931 0.8037956891870179 -0.49301257417605826,
            3.5374174360847573e-16 1.0 -3.103660622785546e-22,
            3.5374174360847573e-16 1.0 -3.103660622785546e-22,
            1.4084068562255643e-17 0.8700221846046781 -0.49301257417605837,
            1.4084068562255643e-17 0.8700221846046781 -0.49301257417605837,
            0.38268343236505986 0.9238795325112393 -3.32557653989395e-7,
            0.38268343236505986 0.9238795325112393 -3.32557653989395e-7,
            0.3329430758382922 0.8037956891870186 -0.49301257417605804,
            0.3329430758382922 0.8037956891870186 -0.49301257417605804,
            0.7071067811864027 0.7071067811864251 -6.144864199001661e-7,
            0.7071067811864027 0.7071067811864251 -6.144864199001661e-7,
            0.6151985865167018 0.6151985865167026 -0.4930125741760583,
            0.6151985865167018 0.6151985865167026 -0.4930125741760583,
            0.9238795325109848 0.3826834323649767 -8.028651988905523e-7,
            0.9238795325109848 0.3826834323649767 -8.028651988905523e-7,
            0.8037956891870187 0.332943075838291 -0.4930125741760585,
            0.8037956891870187 0.332943075838291 -0.4930125741760585,
            0.8700221846046782 2.112610284338345e-16 -0.4930125741760582,
            0.8700221846046782 2.112610284338345e-16 -0.4930125741760582,
            -1.6764241737296828e-16 -1.6921578347986876e-17 -1.0,
            0.803795689187019 -0.33294307583829086 -0.49301257417605826,
            0.803795689187019 -0.33294307583829086 -0.49301257417605826,
            -1.6764241737296828e-16 -1.6921578347986876e-17 -1.0,
            0.6151985865167025 -0.6151985865167023 -0.4930125741760578,
            0.6151985865167025 -0.6151985865167023 -0.4930125741760578,
            -1.6764241737296828e-16 -1.6921578347986876e-17 -1.0,
            0.3329430758382914 -0.8037956891870192 -0.4930125741760576,
            0.3329430758382914 -0.8037956891870192 -0.4930125741760576,
            -1.6764241737296828e-16 -1.6921578347986876e-17 -1.0,
            -3.5210171405639084e-16 -0.8700221846046787 -0.4930125741760573,
            -3.5210171405639084e-16 -0.8700221846046787 -0.4930125741760573,
            -1.6764241737296828e-16 -1.6921578347986876e-17 -1.0,
            -0.33294307583829186 -0.803795689187019 -0.49301257417605737,
            -0.33294307583829186 -0.803795689187019 -0.49301257417605737,
            -1.6764241737296828e-16 -1.6921578347986876e-17 -1.0,
            -0.6151985865167032 -0.6151985865167017 -0.49301257417605754,
            -0.6151985865167032 -0.6151985865167017 -0.49301257417605754,
            -1.6764241737296828e-16 -1.6921578347986876e-17 -1.0,
            -0.8037956891870187 -0.332943075838293 -0.4930125741760573,
            -0.8037956891870187 -0.332943075838293 -0.4930125741760573,
            -1.6764241737296828e-16 -1.6921578347986876e-17 -1.0,
            -0.8700221846046784 -3.239335769318799e-16 -0.4930125741760578,
            -0.8700221846046784 -3.239335769318799e-16 -0.4930125741760578,
            -1.6764241737296828e-16 -1.6921578347986876e-17 -1.0,
            -0.8037956891870187 0.33294307583829263 -0.49301257417605754,
            -0.8037956891870187 0.33294307583829263 -0.49301257417605754,
            -1.6764241737296828e-16 -1.6921578347986876e-17 -1.0,
            -0.6151985865167033 0.6151985865167011 -0.49301257417605815,
            -0.6151985865167033 0.6151985865167011 -0.49301257417605815,
            -1.6764241737296828e-16 -1.6921578347986876e-17 -1.0,
            -0.3329430758382931 0.8037956891870179 -0.49301257417605826,
            -0.3329430758382931 0.8037956891870179 -0.49301257417605826,
            -1.6764241737296828e-16 -1.6921578347986876e-17 -1.0,
            1.4084068562255643e-17 0.8700221846046781 -0.49301257417605837,
            1.4084068562255643e-17 0.8700221846046781 -0.49301257417605837,
            -1.6764241737296828e-16 -1.6921578347986876e-17 -1.0,
            0.3329430758382922 0.8037956891870186 -0.49301257417605804,
            0.3329430758382922 0.8037956891870186 -0.49301257417605804,
            -1.6764241737296828e-16 -1.6921578347986876e-17 -1.0,
            0.6151985865167018 0.6151985865167026 -0.4930125741760583,
            0.6151985865167018 0.6151985865167026 -0.4930125741760583,
            -1.6764241737296828e-16 -1.6921578347986876e-17 -1.0,
            0.8037956891870187 0.332943075838291 -0.4930125741760585,
            0.8037956891870187 0.332943075838291 -0.4930125741760585,
            -1.6764241737296828e-16 -1.6921578347986876e-17 -1.0 ]
        }
        normalIndex [
          48, 52, 116, 112, -1,
          51, 110, 2, 1, -1,
          49, 113, 173, 109, -1,
          50, 1, 0, 54, -1,
          53, 56, 120, 117, -1,
          55, 0, 15, 59, -1,
          57, 60, 124, 121, -1,
          58, 15, 14, 63, -1,
          61, 64, 128, 125, -1,
          62, 14, 13, 67, -1,
          65, 68, 132, 129, -1,
          66, 13, 12, 71, -1,
          69, 72, 136, 133, -1,
          70, 12, 11, 75, -1,
          73, 76, 140, 137, -1,
          74, 11, 10, 79, -1,
          77, 80, 144, 141, -1,
          78, 10, 9, 83, -1,
          81, 84, 148, 145, -1,
          82, 9, 8, 87, -1,
          85, 88, 152, 149, -1,
          86, 8, 7, 91, -1,
          89, 92, 156, 153, -1,
          90, 7, 6, 95, -1,
          93, 96, 160, 157, -1,
          94, 6, 5, 99, -1,
          97, 100, 164, 161, -1,
          98, 5, 4, 103, -1,
          101, 104, 168, 165, -1,
          102, 4, 3, 107, -1,
          105, 108, 172, 169, -1,
          106, 3, 2, 111, -1,
          114, 118, 179, 176, -1,
          115, 177, 222, 175, -1,
          119, 122, 182, 180, -1,
          123, 126, 185, 183, -1,
          127, 130, 188, 186, -1,
          131, 134, 191, 189, -1,
          135, 138, 194, 192, -1,
          139, 142, 197, 195, -1,
          143, 146, 200, 198, -1,
          147, 150, 203, 201, -1,
          151, 154, 206, 204, -1,
          155, 158, 209, 207, -1,
          159, 162, 212, 210, -1,
          163, 166, 215, 213, -1,
          167, 170, 218, 216, -1,
          171, 174, 221, 219, -1,
          178, 181, 184, 187, 190, 193, 196, 199, 202, 205, 208, 211, 214, 217, 220, 223, -1,
          0, 1, 17, 16, -1,
          0, 16, 31, 15, -1,
          1, 2, 18, 17, -1,
          2, 3, 19, 18, -1,
          3, 4, 20, 19, -1,
          4, 5, 21, 20, -1,
          5, 6, 22, 21, -1,
          6, 7, 23, 22, -1,
          7, 8, 24, 23, -1,
          8, 9, 25, 24, -1,
          9, 10, 26, 25, -1,
          10, 11, 27, 26, -1,
          11, 12, 28, 27, -1,
          12, 13, 29, 28, -1,
          13, 14, 30, 29, -1,
          14, 15, 31, 30, -1,
          16, 17, 34, 33, -1,
          16, 33, 32, 31, -1,
          17, 18, 35, 34, -1,
          18, 19, 36, 35, -1,
          19, 20, 37, 36, -1,
          20, 21, 38, 37, -1,
          21, 22, 39, 38, -1,
          22, 23, 40, 39, -1,
          23, 24, 41, 40, -1,
          24, 25, 42, 41, -1,
          25, 26, 43, 42, -1,
          26, 27, 44, 43, -1,
          27, 28, 45, 44, -1,
          28, 29, 46, 45, -1,
          29, 30, 47, 46, -1,
          30, 31, 32, 47, -1,
          32, 33, 34, 35, 36, 37, 38, 39, 40, 41, 42, 43, 44, 45, 46, 47, -1 ]
      }
    }

  ]
}

DEF Cylinder1 Transform {
  children [
    Shape {
      appearance Appearance {
        material USE body
      }
      geometry IndexedFaceSet {
        normalPerVertex TRUE
        coord Coordinate {
          point [
            3.424999999956349 1.0 3.6250000000000004,
            3.1642873988108278 1.0 4.935690755833727,
            2.421840725533059 1.0 6.04684072553306,
            1.310690755833728 1.0 6.789287398810829,
            2.916755835199604e-16 1.0 7.049999999956348,
            -1.3106907558337275 1.0 6.789287398810829,
            -2.4218407255330585 1.0 6.04684072553306,
            -3.1642873988108278 1.0 4.935690755833727,
            -3.424999999956348 1.0 3.6250000000000018,
            -3.1642873988108278 1.0 2.3143092441662723,
            -2.4218407255330594 1.0 1.2031592744669417,
            -1.3106907558337295 1.0 0.46071260118917223,
            -5.47207473885285e-16 1.0 0.20000000004365226,
            1.3106907558337284 1.0 0.46071260118917223,
            2.4218407255330585 1.0 1.2031592744669404,
            3.1642873988108273 1.0 2.31430924416627,
            3.424999999956349 -1.0 3.6250000000000004,
            3.1642873988108278 -1.0 4.935690755833727,
            2.421840725533059 -1.0 6.04684072553306,
            1.310690755833728 -1.0 6.789287398810829,
            2.916755835199604e-16 -1.0 7.049999999956348,
            -1.3106907558337275 -1.0 6.789287398810829,
            -2.4218407255330585 -1.0 6.04684072553306,
            -3.1642873988108278 -1.0 4.935690755833727,
            -3.424999999956348 -1.0 3.6250000000000018,
            -3.1642873988108278 -1.0 2.3143092441662723,
            -2.4218407255330594 -1.0 1.2031592744669417,
            -1.3106907558337295 -1.0 0.46071260118917223,
            -5.47207473885285e-16 -1.0 0.20000000004365226,
            1.3106907558337284 -1.0 0.46071260118917223,
            2.4218407255330585 -1.0 1.2031592744669404,
            3.1642873988108273 -1.0 2.31430924416627,
            3.2400499999587065 -1.1 3.6250000000000004,
            2.993415879275043 -1.1 4.864913455018707,
            2.291061326354274 -1.1 5.916061326354274,
            1.2399134550187068 -1.1 6.618415879275043,
            2.687591280610165e-16 -1.1 6.865049999958706,
            -1.2399134550187063 -1.1 6.618415879275043,
            -2.2910613263542725 -1.1 5.916061326354274,
            -2.993415879275043 -1.1 4.864913455018707,
            -3.240049999958705 -1.1 3.6250000000000018,
            -2.993415879275043 -1.1 2.3850865449812937,
            -2.2910613263542743 -1.1 1.333938673645727,
            -1.2399134550187079 -1.1 0.6315841207249574,
            -5.248242442443455e-16 -1.1 0.3849500000412941,
            1.239913455018707 -1.1 0.6315841207249561,
            2.291061326354273 -1.1 1.3339386736457262,
            2.9934158792750423 -1.1 2.3850865449812906,
            2.993415879275043 1.1 4.864913455018707,
            3.2400499999587065 1.1 3.6250000000000004,
            2.9934158792750423 1.1 2.3850865449812906,
            2.291061326354273 1.1 1.3339386736457262,
            1.239913455018707 1.1 0.6315841207249561,
            -5.28136111154052e-16 1.1 0.3849500000412941,
            -1.2399134550187079 1.1 0.6315841207249574,
            -2.2910613263542743 1.1 1.333938673645727,
            -2.993415879275043 1.1 2.3850865449812937,
            -3.240049999958705 1.1 3.6250000000000018,
            -2.993415879275043 1.1 4.864913455018707,
            -2.2910613263542725 1.1 5.916061326354274,
            -1.2399134550187063 1.1 6.618415879275043,
            2.6544726115131e-16 1.1 6.865049999958706,
            1.2399134550187068 1.1 6.618415879275043,
            2.291061326354274 1.1 5.916061326354274,
            2.2680349999710936 -1.1999999999999997 3.6250000000000004,
            2.0953911154925304 -1.1999999999999997 4.492939418513095,
            1.6037429284479912 -1.1999999999999997 5.228742928447991,
            0.8679394185130946 -1.1999999999999997 5.72039111549253,
            1.6671968386960426e-16 -1.1999999999999997 5.8930349999710945,
            -0.8679394185130941 -1.1999999999999997 5.72039111549253,
            -1.6037429284479912 -1.1999999999999997 5.228742928447993,
            -2.0953911154925304 -1.1999999999999997 4.492939418513095,
            -2.268034999971093 -1.1999999999999997 3.6250000000000018,
            -2.0953911154925304 -1.1999999999999997 2.757060581486906,
            -1.6037429284479916 -1.1999999999999997 2.021257071552008,
            -0.8679394185130955 -1.1999999999999997 1.5296088845074705,
            -3.887886767441491e-16 -1.1999999999999997 1.3569650000289062,
            0.8679394185130949 -1.1999999999999997 1.5296088845074705,
            1.6037429284479907 -1.1999999999999997 2.021257071552008,
            2.09539111549253 -1.1999999999999997 2.7570605814869045,
            2.095391115492531 1.1999999999999997 4.492939418513095,
            2.2680349999710936 1.1999999999999997 3.6250000000000004,
            2.09539111549253 1.1999999999999997 2.7570605814869045,
            1.6037429284479912 1.1999999999999997 2.021257071552008,
            0.8679394185130946 1.1999999999999997 1.5296088845074705,
            -4.463047654093862e-16 1.1999999999999997 1.3569650000289062,
            -0.8679394185130956 1.1999999999999997 1.5296088845074705,
            -1.6037429284479916 1.1999999999999997 2.021257071552008,
            -2.09539111549253 1.1999999999999997 2.757060581486906,
            -2.268034999971094 1.1999999999999997 3.6250000000000018,
            -2.09539111549253 1.1999999999999997 4.492939418513095,
            -1.6037429284479907 1.1999999999999997 5.228742928447993,
            -0.8679394185130944 1.1999999999999997 5.72039111549253,
            1.0920359520436725e-16 1.1999999999999997 5.8930349999710945,
            0.8679394185130944 1.1999999999999997 5.72039111549253,
            1.6037429284479912 1.1999999999999997 5.228742928447991 ]
        }
        coordIndex [
          0, 1, 17, 16, -1,
          0, 15, 50, 49, -1,
          0, 16, 31, 15, -1,
          0, 49, 48, 1, -1,
          1, 2, 18, 17, -1,
          1, 48, 63, 2, -1,
          2, 3, 19, 18, -1,
          2, 63, 62, 3, -1,
          3, 4, 20, 19, -1,
          3, 62, 61, 4, -1,
          4, 5, 21, 20, -1,
          4, 61, 60, 5, -1,
          5, 6, 22, 21, -1,
          5, 60, 59, 6, -1,
          6, 7, 23, 22, -1,
          6, 59, 58, 7, -1,
          7, 8, 24, 23, -1,
          7, 58, 57, 8, -1,
          8, 9, 25, 24, -1,
          8, 57, 56, 9, -1,
          9, 10, 26, 25, -1,
          9, 56, 55, 10, -1,
          10, 11, 27, 26, -1,
          10, 55, 54, 11, -1,
          11, 12, 28, 27, -1,
          11, 54, 53, 12, -1,
          12, 13, 29, 28, -1,
          12, 53, 52, 13, -1,
          13, 14, 30, 29, -1,
          13, 52, 51, 14, -1,
          14, 15, 31, 30, -1,
          14, 51, 50, 15, -1,
          16, 17, 33, 32, -1,
          16, 32, 47, 31, -1,
          17, 18, 34, 33, -1,
          18, 19, 35, 34, -1,
          19, 20, 36, 35, -1,
          20, 21, 37, 36, -1,
          21, 22, 38, 37, -1,
          22, 23, 39, 38, -1,
          23, 24, 40, 39, -1,
          24, 25, 41, 40, -1,
          25, 26, 42, 41, -1,
          26, 27, 43, 42, -1,
          27, 28, 44, 43, -1,
          28, 29, 45, 44, -1,
          29, 30, 46, 45, -1,
          30, 31, 47, 46, -1,
          32, 33, 65, 64, -1,
          32, 64, 79, 47, -1,
          33, 34, 66, 65, -1,
          34, 35, 67, 66, -1,
          35, 36, 68, 67, -1,
          36, 37, 69, 68, -1,
          37, 38, 70, 69, -1,
          38, 39, 71, 70, -1,
          39, 40, 72, 71, -1,
          40, 41, 73, 72, -1,
          41, 42, 74, 73, -1,
          42, 43, 75, 74, -1,
          43, 44, 76, 75, -1,
          44, 45, 77, 76, -1,
          45, 46, 78, 77, -1,
          46, 47, 79, 78, -1,
          48, 49, 81, 80, -1,
          48, 80, 95, 63, -1,
          49, 50, 82, 81, -1,
          50, 51, 83, 82, -1,
          51, 52, 84, 83, -1,
          52, 53, 85, 84, -1,
          53, 54, 86, 85, -1,
          54, 55, 87, 86, -1,
          55, 56, 88, 87, -1,
          56, 57, 89, 88, -1,
          57, 58, 90, 89, -1,
          58, 59, 91, 90, -1,
          59, 60, 92, 91, -1,
          60, 61, 93, 92, -1,
          61, 62, 94, 93, -1,
          62, 63, 95, 94, -1,
          64, 65, 66, 67, 68, 69, 70, 71, 72, 73, 74, 75, 76, 77, 78, 79, -1,
          80, 81, 82, 83, 84, 85, 86, 87, 88, 89, 90, 91, 92, 93, 94, 95, -1 ]
        normal Normal {
          vector [
            1.0 0.0 9.904768821037176e-17,
            1.0 0.0 9.904768821037176e-17,
            0.47561651019289497 0.8796527355905465 4.878914116402884e-17,
            0.47561651019289497 0.8796527355905465 4.878914116402884e-17,
            0.9238795325112867 0.0 0.3826834323650897,
            0.9238795325112867 0.0 0.3826834323650897,
            0.43941235909166154 0.8796527355905465 0.18201055861012283,
            0.43941235909166154 0.8796527355905465 0.18201055861012283,
            0.7071067811865477 0.0 0.7071067811865472,
            0.7071067811865477 0.0 0.7071067811865472,
            0.33631165960167625 0.879652735590547 0.336311659601676,
            0.33631165960167625 0.879652735590547 0.336311659601676,
            0.3826834323650893 0.0 0.923879532511287,
            0.3826834323650893 0.0 0.923879532511287,
            0.1820105586101222 0.879652735590547 0.4394123590916607,
            0.1820105586101222 0.879652735590547 0.4394123590916607,
            0.0 0.0 1.0,
            0.0 0.0 1.0,
            0.0 0.8796527355905467 0.47561651019289464,
            0.0 0.8796527355905467 0.47561651019289464,
            -0.3826834323650893 0.0 0.923879532511287,
            -0.3826834323650893 0.0 0.923879532511287,
            -0.18201055861012208 0.8796527355905471 0.4394123590916605,
            -0.18201055861012208 0.8796527355905471 0.4394123590916605,
            -0.7071067811865477 0.0 0.7071067811865475,
            -0.7071067811865477 0.0 0.7071067811865475,
            -0.33631165960167575 0.8796527355905472 0.3363116596016757,
            -0.33631165960167575 0.8796527355905472 0.3363116596016757,
            -0.9238795325112867 0.0 0.3826834323650897,
            -0.9238795325112867 0.0 0.3826834323650897,
            -0.43941235909166104 0.8796527355905467 0.18201055861012258,
            -0.43941235909166104 0.8796527355905467 0.18201055861012258,
            -1.0 0.0 2.8299339488677644e-16,
            -1.0 0.0 2.8299339488677644e-16,
            -0.47561651019289475 0.8796527355905466 1.533373008012335e-16,
            -0.47561651019289475 0.8796527355905466 1.533373008012335e-16,
            -0.9238795325112868 0.0 -0.38268343236508956,
            -0.9238795325112868 0.0 -0.38268343236508956,
            -0.43941235909166115 0.8796527355905467 -0.18201055861012247,
            -0.43941235909166115 0.8796527355905467 -0.18201055861012247,
            -0.7071067811865478 0.0 -0.7071067811865472,
            -0.7071067811865478 0.0 -0.7071067811865472,
            -0.3363116596016764 0.8796527355905469 -0.3363116596016761,
            -0.3363116596016764 0.8796527355905469 -0.3363116596016761,
            -0.3826834323650899 0.0 -0.9238795325112867,
            -0.3826834323650899 0.0 -0.9238795325112867,
            -0.18201055861012264 0.8796527355905467 -0.439412359091661,
            -0.18201055861012264 0.8796527355905467 -0.439412359091661,
            1.4149669744338818e-17 0.0 -1.0,
            1.4149669744338818e-17 0.0 -1.0,
            2.0909631927440936e-17 0.8796527355905461 -0.4756165101928958,
            2.0909631927440936e-17 0.8796527355905461 -0.4756165101928958,
            0.38268343236508945 0.0 -0.9238795325112868,
            0.38268343236508945 0.0 -0.9238795325112868,
            0.18201055861012277 0.8796527355905461 -0.43941235909166204,
            0.18201055861012277 0.8796527355905461 -0.43941235909166204,
            0.7071067811865472 0.0 -0.7071067811865477,
            0.7071067811865472 0.0 -0.7071067811865477,
            0.3363116596016762 0.8796527355905468 -0.3363116596016764,
            0.3363116596016762 0.8796527355905468 -0.3363116596016764,
            0.9238795325112865 0.0 -0.3826834323650902,
            0.9238795325112865 0.0 -0.3826834323650902,
            0.4394123590916608 0.8796527355905467 -0.18201055861012277,
            0.4394123590916608 0.8796527355905467 -0.18201055861012277,
            1.0 0.0 9.904768821037176e-17,
            1.0 0.0 9.904768821037176e-17,
            0.47561651019289497 -0.8796527355905465 4.878914116402884e-17,
            0.47561651019289497 -0.8796527355905465 4.878914116402884e-17,
            0.9238795325112867 0.0 0.3826834323650897,
            0.9238795325112867 0.0 0.3826834323650897,
            0.43941235909166154 -0.8796527355905465 0.18201055861012283,
            0.43941235909166154 -0.8796527355905465 0.18201055861012283,
            0.7071067811865477 0.0 0.7071067811865472,
            0.7071067811865477 0.0 0.7071067811865472,
            0.33631165960167625 -0.879652735590547 0.336311659601676,
            0.33631165960167625 -0.879652735590547 0.336311659601676,
            0.3826834323650893 0.0 0.923879532511287,
            0.3826834323650893 0.0 0.923879532511287,
            0.1820105586101222 -0.879652735590547 0.4394123590916607,
            0.1820105586101222 -0.879652735590547 0.4394123590916607,
            0.0 0.0 1.0,
            0.0 0.0 1.0,
            0.0 -0.8796527355905467 0.47561651019289464,
            0.0 -0.8796527355905467 0.47561651019289464,
            -0.3826834323650893 0.0 0.923879532511287,
            -0.3826834323650893 0.0 0.923879532511287,
            -0.18201055861012208 -0.8796527355905471 0.4394123590916605,
            -0.18201055861012208 -0.8796527355905471 0.4394123590916605,
            -0.7071067811865477 0.0 0.7071067811865475,
            -0.7071067811865477 0.0 0.7071067811865475,
            -0.33631165960167575 -0.8796527355905472 0.3363116596016757,
            -0.33631165960167575 -0.8796527355905472 0.3363116596016757,
            -0.9238795325112867 0.0 0.3826834323650897,
            -0.9238795325112867 0.0 0.3826834323650897,
            -0.43941235909166104 -0.8796527355905467 0.18201055861012258,
            -0.43941235909166104 -0.8796527355905467 0.18201055861012258,
            -1.0 0.0 2.8299339488677644e-16,
            -1.0 0.0 2.8299339488677644e-16,
            -0.47561651019289475 -0.8796527355905466 1.533373008012335e-16,
            -0.47561651019289475 -0.8796527355905466 1.533373008012335e-16,
            -0.9238795325112868 0.0 -0.38268343236508956,
            -0.9238795325112868 0.0 -0.38268343236508956,
            -0.43941235909166115 -0.8796527355905467 -0.18201055861012247,
            -0.43941235909166115 -0.8796527355905467 -0.18201055861012247,
            -0.7071067811865478 0.0 -0.7071067811865472,
            -0.7071067811865478 0.0 -0.7071067811865472,
            -0.3363116596016764 -0.8796527355905469 -0.3363116596016761,
            -0.3363116596016764 -0.8796527355905469 -0.3363116596016761,
            -0.3826834323650899 0.0 -0.9238795325112867,
            -0.3826834323650899 0.0 -0.9238795325112867,
            -0.18201055861012264 -0.8796527355905467 -0.439412359091661,
            -0.18201055861012264 -0.8796527355905467 -0.439412359091661,
            1.4149669744338818e-17 0.0 -1.0,
            1.4149669744338818e-17 0.0 -1.0,
            2.0909631927440936e-17 -0.8796527355905461 -0.4756165101928958,
            2.0909631927440936e-17 -0.8796527355905461 -0.4756165101928958,
            0.38268343236508945 0.0 -0.9238795325112868,
            0.38268343236508945 0.0 -0.9238795325112868,
            0.18201055861012277 -0.8796527355905461 -0.43941235909166204,
            0.18201055861012277 -0.8796527355905461 -0.43941235909166204,
            0.7071067811865472 0.0 -0.7071067811865477,
            0.7071067811865472 0.0 -0.7071067811865477,
            0.3363116596016762 -0.8796527355905468 -0.3363116596016764,
            0.3363116596016762 -0.8796527355905468 -0.3363116596016764,
            0.9238795325112865 0.0 -0.3826834323650902,
            0.9238795325112865 0.0 -0.3826834323650902,
            0.4394123590916608 -0.8796527355905467 -0.18201055861012277,
            0.4394123590916608 -0.8796527355905467 -0.18201055861012277,
            0.47561651019289497 -0.8796527355905465 4.878914116402884e-17,
            0.47561651019289497 -0.8796527355905465 4.878914116402884e-17,
            0.10233891349438339 -0.9947495899897568 -8.67541430697504e-18,
            0.10233891349438339 -0.9947495899897568 -8.67541430697504e-18,
            0.43941235909166154 -0.8796527355905465 0.18201055861012283,
            0.43941235909166154 -0.8796527355905465 0.18201055861012283,
            0.09454882755690396 -0.9947495899897568 0.03916340668054468,
            0.09454882755690396 -0.9947495899897568 0.03916340668054468,
            0.33631165960167625 -0.879652735590547 0.336311659601676,
            0.33631165960167625 -0.879652735590547 0.336311659601676,
            0.07236453971114198 -0.9947495899897567 0.07236453971114198,
            0.07236453971114198 -0.9947495899897567 0.07236453971114198,
            0.1820105586101222 -0.879652735590547 0.4394123590916607,
            0.1820105586101222 -0.879652735590547 0.4394123590916607,
            0.0391634066805447 -0.9947495899897568 0.09454882755690401,
            0.0391634066805447 -0.9947495899897568 0.09454882755690401,
            0.0 -0.8796527355905467 0.47561651019289464,
            0.0 -0.8796527355905467 0.47561651019289464,
            0.0 -0.9947495899897568 0.1023389134943835,
            0.0 -0.9947495899897568 0.1023389134943835,
            -0.18201055861012208 -0.8796527355905471 0.4394123590916605,
            -0.18201055861012208 -0.8796527355905471 0.4394123590916605,
            -0.039163406680544695 -0.9947495899897567 0.09454882755690405,
            -0.039163406680544695 -0.9947495899897567 0.09454882755690405,
            -0.33631165960167575 -0.8796527355905472 0.3363116596016757,
            -0.33631165960167575 -0.8796527355905472 0.3363116596016757,
            -0.07236453971114201 -0.9947495899897567 0.07236453971114208,
            -0.07236453971114201 -0.9947495899897567 0.07236453971114208,
            -0.43941235909166104 -0.8796527355905467 0.18201055861012258,
            -0.43941235909166104 -0.8796527355905467 0.18201055861012258,
            -0.09454882755690404 -0.9947495899897568 0.03916340668054469,
            -0.09454882755690404 -0.9947495899897568 0.03916340668054469,
            -0.47561651019289475 -0.8796527355905466 1.533373008012335e-16,
            -0.47561651019289475 -0.8796527355905466 1.533373008012335e-16,
            -0.10233891349438347 -0.9947495899897568 2.9496408643715135e-17,
            -0.10233891349438347 -0.9947495899897568 2.9496408643715135e-17,
            -0.43941235909166115 -0.8796527355905467 -0.18201055861012247,
            -0.43941235909166115 -0.8796527355905467 -0.18201055861012247,
            -0.09454882755690402 -0.9947495899897568 -0.039163406680544625,
            -0.09454882755690402 -0.9947495899897568 -0.039163406680544625,
            -0.3363116596016764 -0.8796527355905469 -0.3363116596016761,
            -0.3363116596016764 -0.8796527355905469 -0.3363116596016761,
            -0.07236453971114203 -0.9947495899897567 -0.072364539711142,
            -0.07236453971114203 -0.9947495899897567 -0.072364539711142,
            -0.18201055861012264 -0.8796527355905467 -0.439412359091661,
            -0.18201055861012264 -0.8796527355905467 -0.439412359091661,
            -0.03916340668054471 -0.9947495899897568 -0.09454882755690397,
            -0.03916340668054471 -0.9947495899897568 -0.09454882755690397,
            2.0909631927440936e-17 -0.8796527355905461 -0.4756165101928958,
            2.0909631927440936e-17 -0.8796527355905461 -0.4756165101928958,
            -3.8171822950690174e-17 -0.9947495899897568 -0.10233891349438336,
            -3.8171822950690174e-17 -0.9947495899897568 -0.10233891349438336,
            0.18201055861012277 -0.8796527355905461 -0.43941235909166204,
            0.18201055861012277 -0.8796527355905461 -0.43941235909166204,
            0.03916340668054467 -0.9947495899897568 -0.0945488275569039,
            0.03916340668054467 -0.9947495899897568 -0.0945488275569039,
            0.3363116596016762 -0.8796527355905468 -0.3363116596016764,
            0.3363116596016762 -0.8796527355905468 -0.3363116596016764,
            0.07236453971114197 -0.9947495899897567 -0.072364539711142,
            0.07236453971114197 -0.9947495899897567 -0.072364539711142,
            0.4394123590916608 -0.8796527355905467 -0.18201055861012277,
            0.4394123590916608 -0.8796527355905467 -0.18201055861012277,
            0.09454882755690393 -0.9947495899897568 -0.03916340668054472,
            0.09454882755690393 -0.9947495899897568 -0.03916340668054472,
            0.43941235909166154 0.8796527355905465 0.18201055861012283,
            0.43941235909166154 0.8796527355905465 0.18201055861012283,
            0.09454882755690398 0.9947495899897568 0.03916340668054468,
            0.09454882755690398 0.9947495899897568 0.03916340668054468,
            0.47561651019289497 0.8796527355905465 4.878914116402884e-17,
            0.47561651019289497 0.8796527355905465 4.878914116402884e-17,
            0.10233891349438341 0.9947495899897568 -1.735082861395008e-17,
            0.10233891349438341 0.9947495899897568 -1.735082861395008e-17,
            0.4394123590916608 0.8796527355905467 -0.18201055861012277,
            0.4394123590916608 0.8796527355905467 -0.18201055861012277,
            0.09454882755690396 0.9947495899897568 -0.03916340668054472,
            0.09454882755690396 0.9947495899897568 -0.03916340668054472,
            0.3363116596016762 0.8796527355905468 -0.3363116596016764,
            0.3363116596016762 0.8796527355905468 -0.3363116596016764,
            0.07236453971114197 0.9947495899897567 -0.07236453971114201,
            0.07236453971114197 0.9947495899897567 -0.07236453971114201,
            0.18201055861012277 0.8796527355905461 -0.43941235909166204,
            0.18201055861012277 0.8796527355905461 -0.43941235909166204,
            0.03916340668054466 0.9947495899897568 -0.09454882755690393,
            0.03916340668054466 0.9947495899897568 -0.09454882755690393,
            2.0909631927440936e-17 0.8796527355905461 -0.4756165101928958,
            2.0909631927440936e-17 0.8796527355905461 -0.4756165101928958,
            -3.643674008929517e-17 0.9947495899897568 -0.10233891349438337,
            -3.643674008929517e-17 0.9947495899897568 -0.10233891349438337,
            -0.18201055861012264 0.8796527355905467 -0.439412359091661,
            -0.18201055861012264 0.8796527355905467 -0.439412359091661,
            -0.03916340668054471 0.9947495899897568 -0.09454882755690398,
            -0.03916340668054471 0.9947495899897568 -0.09454882755690398,
            -0.3363116596016764 0.8796527355905469 -0.3363116596016761,
            -0.3363116596016764 0.8796527355905469 -0.3363116596016761,
            -0.07236453971114201 0.9947495899897567 -0.07236453971114198,
            -0.07236453971114201 0.9947495899897567 -0.07236453971114198,
            -0.43941235909166115 0.8796527355905467 -0.18201055861012247,
            -0.43941235909166115 0.8796527355905467 -0.18201055861012247,
            -0.09454882755690402 0.9947495899897568 -0.03916340668054464,
            -0.09454882755690402 0.9947495899897568 -0.03916340668054464,
            -0.47561651019289475 0.8796527355905466 1.533373008012335e-16,
            -0.47561651019289475 0.8796527355905466 1.533373008012335e-16,
            -0.10233891349438347 0.9947495899897568 2.602624292092512e-17,
            -0.10233891349438347 0.9947495899897568 2.602624292092512e-17,
            -0.43941235909166104 0.8796527355905467 0.18201055861012258,
            -0.43941235909166104 0.8796527355905467 0.18201055861012258,
            -0.09454882755690401 0.9947495899897568 0.03916340668054471,
            -0.09454882755690401 0.9947495899897568 0.03916340668054471,
            -0.33631165960167575 0.8796527355905472 0.3363116596016757,
            -0.33631165960167575 0.8796527355905472 0.3363116596016757,
            -0.07236453971114201 0.9947495899897567 0.07236453971114207,
            -0.07236453971114201 0.9947495899897567 0.07236453971114207,
            -0.18201055861012208 0.8796527355905471 0.4394123590916605,
            -0.18201055861012208 0.8796527355905471 0.4394123590916605,
            -0.0391634066805447 0.9947495899897567 0.09454882755690405,
            -0.0391634066805447 0.9947495899897567 0.09454882755690405,
            0.0 0.8796527355905467 0.47561651019289464,
            0.0 0.8796527355905467 0.47561651019289464,
            0.0 0.9947495899897568 0.1023389134943835,
            0.0 0.9947495899897568 0.1023389134943835,
            0.1820105586101222 0.879652735590547 0.4394123590916607,
            0.1820105586101222 0.879652735590547 0.4394123590916607,
            0.039163406680544695 0.9947495899897568 0.094548827556904,
            0.039163406680544695 0.9947495899897568 0.094548827556904,
            0.33631165960167625 0.879652735590547 0.336311659601676,
            0.33631165960167625 0.879652735590547 0.336311659601676,
            0.07236453971114197 0.9947495899897567 0.072364539711142,
            0.07236453971114197 0.9947495899897567 0.072364539711142,
            0.10233891349438339 -0.9947495899897568 -8.67541430697504e-18,
            0.10233891349438339 -0.9947495899897568 -8.67541430697504e-18,
            0.0 -1.0 1.9387141120854166e-17,
            0.09454882755690396 -0.9947495899897568 0.03916340668054468,
            0.09454882755690396 -0.9947495899897568 0.03916340668054468,
            0.0 -1.0 1.9387141120854166e-17,
            0.07236453971114198 -0.9947495899897567 0.07236453971114198,
            0.07236453971114198 -0.9947495899897567 0.07236453971114198,
            0.0 -1.0 1.9387141120854166e-17,
            0.0391634066805447 -0.9947495899897568 0.09454882755690401,
            0.0391634066805447 -0.9947495899897568 0.09454882755690401,
            0.0 -1.0 1.9387141120854166e-17,
            0.0 -0.9947495899897568 0.1023389134943835,
            0.0 -0.9947495899897568 0.1023389134943835,
            0.0 -1.0 1.9387141120854166e-17,
            -0.039163406680544695 -0.9947495899897567 0.09454882755690405,
            -0.039163406680544695 -0.9947495899897567 0.09454882755690405,
            0.0 -1.0 1.9387141120854166e-17,
            -0.07236453971114201 -0.9947495899897567 0.07236453971114208,
            -0.07236453971114201 -0.9947495899897567 0.07236453971114208,
            0.0 -1.0 1.9387141120854166e-17,
            -0.09454882755690404 -0.9947495899897568 0.03916340668054469,
            -0.09454882755690404 -0.9947495899897568 0.03916340668054469,
            0.0 -1.0 1.9387141120854166e-17,
            -0.10233891349438347 -0.9947495899897568 2.9496408643715135e-17,
            -0.10233891349438347 -0.9947495899897568 2.9496408643715135e-17,
            0.0 -1.0 1.9387141120854166e-17,
            -0.09454882755690402 -0.9947495899897568 -0.039163406680544625,
            -0.09454882755690402 -0.9947495899897568 -0.039163406680544625,
            0.0 -1.0 1.9387141120854166e-17,
            -0.07236453971114203 -0.9947495899897567 -0.072364539711142,
            -0.07236453971114203 -0.9947495899897567 -0.072364539711142,
            0.0 -1.0 1.9387141120854166e-17,
            -0.03916340668054471 -0.9947495899897568 -0.09454882755690397,
            -0.03916340668054471 -0.9947495899897568 -0.09454882755690397,
            0.0 -1.0 1.9387141120854166e-17,
            -3.8171822950690174e-17 -0.9947495899897568 -0.10233891349438336,
            -3.8171822950690174e-17 -0.9947495899897568 -0.10233891349438336,
            0.0 -1.0 1.9387141120854166e-17,
            0.03916340668054467 -0.9947495899897568 -0.0945488275569039,
            0.03916340668054467 -0.9947495899897568 -0.0945488275569039,
            0.0 -1.0 1.9387141120854166e-17,
            0.07236453971114197 -0.9947495899897567 -0.072364539711142,
            0.07236453971114197 -0.9947495899897567 -0.072364539711142,
            0.0 -1.0 1.9387141120854166e-17,
            0.09454882755690393 -0.9947495899897568 -0.03916340668054472,
            0.09454882755690393 -0.9947495899897568 -0.03916340668054472,
            0.0 -1.0 1.9387141120854166e-17,
            0.09454882755690398 0.9947495899897568 0.03916340668054468,
            0.09454882755690398 0.9947495899897568 0.03916340668054468,
            0.0 1.0 1.762467374623106e-17,
            0.10233891349438341 0.9947495899897568 -1.735082861395008e-17,
            0.10233891349438341 0.9947495899897568 -1.735082861395008e-17,
            0.0 1.0 1.762467374623106e-17,
            0.09454882755690396 0.9947495899897568 -0.03916340668054472,
            0.09454882755690396 0.9947495899897568 -0.03916340668054472,
            0.0 1.0 1.762467374623106e-17,
            0.07236453971114197 0.9947495899897567 -0.07236453971114201,
            0.07236453971114197 0.9947495899897567 -0.07236453971114201,
            0.0 1.0 1.762467374623106e-17,
            0.03916340668054466 0.9947495899897568 -0.09454882755690393,
            0.03916340668054466 0.9947495899897568 -0.09454882755690393,
            0.0 1.0 1.762467374623106e-17,
            -3.643674008929517e-17 0.9947495899897568 -0.10233891349438337,
            -3.643674008929517e-17 0.9947495899897568 -0.10233891349438337,
            0.0 1.0 1.762467374623106e-17,
            -0.03916340668054471 0.9947495899897568 -0.09454882755690398,
            -0.03916340668054471 0.9947495899897568 -0.09454882755690398,
            0.0 1.0 1.762467374623106e-17,
            -0.07236453971114201 0.9947495899897567 -0.07236453971114198,
            -0.07236453971114201 0.9947495899897567 -0.07236453971114198,
            0.0 1.0 1.762467374623106e-17,
            -0.09454882755690402 0.9947495899897568 -0.03916340668054464,
            -0.09454882755690402 0.9947495899897568 -0.03916340668054464,
            0.0 1.0 1.762467374623106e-17,
            -0.10233891349438347 0.9947495899897568 2.602624292092512e-17,
            -0.10233891349438347 0.9947495899897568 2.602624292092512e-17,
            0.0 1.0 1.762467374623106e-17,
            -0.09454882755690401 0.9947495899897568 0.03916340668054471,
            -0.09454882755690401 0.9947495899897568 0.03916340668054471,
            0.0 1.0 1.762467374623106e-17,
            -0.07236453971114201 0.9947495899897567 0.07236453971114207,
            -0.07236453971114201 0.9947495899897567 0.07236453971114207,
            0.0 1.0 1.762467374623106e-17,
            -0.0391634066805447 0.9947495899897567 0.09454882755690405,
            -0.0391634066805447 0.9947495899897567 0.09454882755690405,
            0.0 1.0 1.762467374623106e-17,
            0.0 0.9947495899897568 0.1023389134943835,
            0.0 0.9947495899897568 0.1023389134943835,
            0.0 1.0 1.762467374623106e-17,
            0.039163406680544695 0.9947495899897568 0.094548827556904,
            0.039163406680544695 0.9947495899897568 0.094548827556904,
            0.0 1.0 1.762467374623106e-17,
            0.07236453971114197 0.9947495899897567 0.072364539711142,
            0.07236453971114197 0.9947495899897567 0.072364539711142,
            0.0 1.0 1.762467374623106e-17 ]
        }
        normalIndex [
          1, 5, 69, 65, -1,
          3, 62, 200, 197, -1,
          0, 64, 124, 60, -1,
          2, 196, 192, 6, -1,
          4, 9, 73, 68, -1,
          7, 193, 253, 11, -1,
          8, 13, 77, 72, -1,
          10, 252, 249, 15, -1,
          12, 17, 81, 76, -1,
          14, 248, 245, 19, -1,
          16, 21, 85, 80, -1,
          18, 244, 241, 23, -1,
          20, 25, 89, 84, -1,
          22, 240, 237, 27, -1,
          24, 29, 93, 88, -1,
          26, 236, 233, 31, -1,
          28, 33, 97, 92, -1,
          30, 232, 229, 35, -1,
          32, 37, 101, 96, -1,
          34, 228, 225, 39, -1,
          36, 41, 105, 100, -1,
          38, 224, 221, 43, -1,
          40, 45, 109, 104, -1,
          42, 220, 217, 47, -1,
          44, 49, 113, 108, -1,
          46, 216, 213, 51, -1,
          48, 53, 117, 112, -1,
          50, 212, 209, 55, -1,
          52, 57, 121, 116, -1,
          54, 208, 205, 59, -1,
          56, 61, 125, 120, -1,
          58, 204, 201, 63, -1,
          66, 70, 132, 128, -1,
          67, 129, 189, 127, -1,
          71, 74, 136, 133, -1,
          75, 78, 140, 137, -1,
          79, 82, 144, 141, -1,
          83, 86, 148, 145, -1,
          87, 90, 152, 149, -1,
          91, 94, 156, 153, -1,
          95, 98, 160, 157, -1,
          99, 102, 164, 161, -1,
          103, 106, 168, 165, -1,
          107, 110, 172, 169, -1,
          111, 114, 176, 173, -1,
          115, 118, 180, 177, -1,
          119, 122, 184, 181, -1,
          123, 126, 188, 185, -1,
          130, 134, 259, 256, -1,
          131, 257, 302, 191, -1,
          135, 138, 262, 260, -1,
          139, 142, 265, 263, -1,
          143, 146, 268, 266, -1,
          147, 150, 271, 269, -1,
          151, 154, 274, 272, -1,
          155, 158, 277, 275, -1,
          159, 162, 280, 278, -1,
          163, 166, 283, 281, -1,
          167, 170, 286, 284, -1,
          171, 174, 289, 287, -1,
          175, 178, 292, 290, -1,
          179, 182, 295, 293, -1,
          183, 186, 298, 296, -1,
          187, 190, 301, 299, -1,
          194, 198, 307, 304, -1,
          195, 305, 350, 255, -1,
          199, 202, 310, 308, -1,
          203, 206, 313, 311, -1,
          207, 210, 316, 314, -1,
          211, 214, 319, 317, -1,
          215, 218, 322, 320, -1,
          219, 222, 325, 323, -1,
          223, 226, 328, 326, -1,
          227, 230, 331, 329, -1,
          231, 234, 334, 332, -1,
          235, 238, 337, 335, -1,
          239, 242, 340, 338, -1,
          243, 246, 343, 341, -1,
          247, 250, 346, 344, -1,
          251, 254, 349, 347, -1,
          258, 261, 264, 267, 270, 273, 276, 279, 282, 285, 288, 291, 294, 297, 300, 303, -1,
          306, 309, 312, 315, 318, 321, 324, 327, 330, 333, 336, 339, 342, 345, 348, 351, -1 ]
      }
    }

  ]
}

