#VRML V2.0 utf8
#Exported from Wings 3D 2.4.1
DEF Cylinder7_copy8 Transform {
  children [
    Shape {
      appearance Appearance {
        material DEF pins Material {
          diffuseColor 0.6 0.6 0.6
          emissiveColor 0.0 0.0 0.0
          specularColor 0.5999999905136262 0.5999999905136262 0.5999999905136262
          ambientIntensity 1.0
          transparency 0.0
          shininess 0.5
        }
      }
      geometry IndexedFaceSet {
        normalPerVertex TRUE
        coord Coordinate {
          point [
            1.3800003346500003 -1.41730044094 1.0,
            1.3678210598518057 -1.4785297901184142 1.0,
            1.3331374196398482 -1.5304375259298477 1.0,
            1.2812296838284143 -1.5651211661418056 1.0,
            1.2200003346500001 -1.5773004409399998 1.0,
            1.158770985471586 -1.5651211661418056 1.0,
            1.1068632496601525 -1.5304375259298477 1.0,
            1.0721796094481941 -1.4785297901184142 1.0,
            1.06000033465 -1.41730044094 1.0,
            1.0721796094481941 -1.3560710917615855 1.0,
            1.1068632496601525 -1.3041633559501524 1.0,
            1.158770985471586 -1.269479715738194 1.0,
            1.2200003346500001 -1.25730044094 1.0,
            1.2812296838284143 -1.269479715738194 1.0,
            1.3331374196398482 -1.3041633559501524 1.0,
            1.3678210598518057 -1.3560710917615855 1.0,
            1.3800003346500003 -1.41730044094 -1.0,
            1.3678210598518057 -1.4785297901184142 -1.0,
            1.3331374196398482 -1.5304375259298477 -1.0,
            1.2812296838284143 -1.565121166141806 -1.0,
            1.2200003346500001 -1.5773004409400002 -1.0,
            1.158770985471586 -1.565121166141806 -1.0,
            1.1068632496601525 -1.5304375259298477 -1.0,
            1.0721796094481941 -1.4785297901184142 -1.0,
            1.06000033465 -1.41730044094 -1.0,
            1.0721796094481941 -1.3560710917615855 -1.0,
            1.1068632496601525 -1.3041633559501524 -1.0,
            1.158770985471586 -1.269479715738194 -1.0,
            1.2200003346500001 -1.25730044094 -1.0,
            1.2812296838284143 -1.269479715738194 -1.0,
            1.3331374196398482 -1.3041633559501524 -1.0,
            1.3678210598518057 -1.3560710917615855 -1.0 ]
        }
        coordIndex [
          0, 1, 17, 16, -1,
          0, 15, 14, 13, 12, 11, 10, 9, 8, 7, 6, 5, 4, 3, 2, 1, -1,
          0, 16, 31, 15, -1,
          1, 2, 18, 17, -1,
          2, 3, 19, 18, -1,
          3, 4, 20, 19, -1,
          4, 5, 21, 20, -1,
          5, 6, 22, 21, -1,
          6, 7, 23, 22, -1,
          7, 8, 24, 23, -1,
          8, 9, 25, 24, -1,
          9, 10, 26, 25, -1,
          10, 11, 27, 26, -1,
          11, 12, 28, 27, -1,
          12, 13, 29, 28, -1,
          13, 14, 30, 29, -1,
          14, 15, 31, 30, -1,
          16, 17, 18, 19, 20, 21, 22, 23, 24, 25, 26, 27, 28, 29, 30, 31, -1 ]
        normal Normal {
          vector [
            0.0 0.0 1.0,
            1.0 -6.791841477282644e-16 0.0,
            1.0 -6.791841477282644e-16 0.0,
            0.0 0.0 1.0,
            0.9238795325112877 -0.38268343236508745 0.0,
            0.9238795325112877 -0.38268343236508745 0.0,
            0.0 0.0 1.0,
            0.7071067811865492 -0.7071067811865458 4.736684041745704e-17,
            0.7071067811865492 -0.7071067811865458 4.736684041745704e-17,
            0.0 0.0 1.0,
            0.38268343236508645 -0.9238795325112882 1.5847970906027757e-16,
            0.38268343236508645 -0.9238795325112882 1.5847970906027757e-16,
            0.0 0.0 1.0,
            0.0 -1.0 2.222257372856416e-16,
            0.0 -1.0 2.222257372856416e-16,
            0.0 0.0 1.0,
            -0.38268343236508834 -0.9238795325112874 1.5847970906027792e-16,
            -0.38268343236508834 -0.9238795325112874 1.5847970906027792e-16,
            0.0 0.0 1.0,
            -0.7071067811865465 -0.7071067811865485 4.7366840417457236e-17,
            -0.7071067811865465 -0.7071067811865485 4.7366840417457236e-17,
            0.0 0.0 1.0,
            -0.9238795325112867 -0.38268343236508967 0.0,
            -0.9238795325112867 -0.38268343236508967 0.0,
            0.0 0.0 1.0,
            -1.0 -6.933338174726022e-16 0.0,
            -1.0 -6.933338174726022e-16 0.0,
            0.0 0.0 1.0,
            -0.9238795325112862 0.38268343236509084 0.0,
            -0.9238795325112862 0.38268343236509084 0.0,
            0.0 0.0 1.0,
            -0.707106781186546 0.7071067811865489 0.0,
            -0.707106781186546 0.7071067811865489 0.0,
            0.0 0.0 1.0,
            -0.38268343236508967 0.9238795325112867 0.0,
            -0.38268343236508967 0.9238795325112867 0.0,
            0.0 0.0 1.0,
            0.0 1.0 0.0,
            0.0 1.0 0.0,
            0.0 0.0 1.0,
            0.38268343236508784 0.9238795325112875 0.0,
            0.38268343236508784 0.9238795325112875 0.0,
            0.0 0.0 1.0,
            0.7071067811865489 0.7071067811865461 0.0,
            0.7071067811865489 0.7071067811865461 0.0,
            0.0 0.0 1.0,
            0.9238795325112873 0.3826834323650887 0.0,
            0.9238795325112873 0.3826834323650887 0.0,
            0.0 0.0 -1.0,
            1.0 -6.791841477282644e-16 0.0,
            1.0 -6.791841477282644e-16 0.0,
            0.0 0.0 -1.0,
            0.9238795325112877 -0.38268343236508745 0.0,
            0.9238795325112877 -0.38268343236508745 0.0,
            0.0 0.0 -1.0,
            0.7071067811865492 -0.7071067811865458 4.736684041745704e-17,
            0.7071067811865492 -0.7071067811865458 4.736684041745704e-17,
            0.0 0.0 -1.0,
            0.38268343236508645 -0.9238795325112882 1.5847970906027757e-16,
            0.38268343236508645 -0.9238795325112882 1.5847970906027757e-16,
            0.0 0.0 -1.0,
            0.0 -1.0 2.222257372856416e-16,
            0.0 -1.0 2.222257372856416e-16,
            0.0 0.0 -1.0,
            -0.38268343236508834 -0.9238795325112874 1.5847970906027792e-16,
            -0.38268343236508834 -0.9238795325112874 1.5847970906027792e-16,
            0.0 0.0 -1.0,
            -0.7071067811865465 -0.7071067811865485 4.7366840417457236e-17,
            -0.7071067811865465 -0.7071067811865485 4.7366840417457236e-17,
            0.0 0.0 -1.0,
            -0.9238795325112867 -0.38268343236508967 0.0,
            -0.9238795325112867 -0.38268343236508967 0.0,
            0.0 0.0 -1.0,
            -1.0 -6.933338174726022e-16 0.0,
            -1.0 -6.933338174726022e-16 0.0,
            0.0 0.0 -1.0,
            -0.9238795325112862 0.38268343236509084 0.0,
            -0.9238795325112862 0.38268343236509084 0.0,
            0.0 0.0 -1.0,
            -0.707106781186546 0.7071067811865489 0.0,
            -0.707106781186546 0.7071067811865489 0.0,
            0.0 0.0 -1.0,
            -0.38268343236508967 0.9238795325112867 0.0,
            -0.38268343236508967 0.9238795325112867 0.0,
            0.0 0.0 -1.0,
            0.0 1.0 0.0,
            0.0 1.0 0.0,
            0.0 0.0 -1.0,
            0.38268343236508784 0.9238795325112875 0.0,
            0.38268343236508784 0.9238795325112875 0.0,
            0.0 0.0 -1.0,
            0.7071067811865489 0.7071067811865461 0.0,
            0.7071067811865489 0.7071067811865461 0.0,
            0.0 0.0 -1.0,
            0.9238795325112873 0.3826834323650887 0.0,
            0.9238795325112873 0.3826834323650887 0.0 ]
        }
        normalIndex [
          2, 5, 53, 50, -1,
          0, 45, 42, 39, 36, 33, 30, 27, 24, 21, 18, 15, 12, 9, 6, 3, -1,
          1, 49, 94, 46, -1,
          4, 8, 56, 52, -1,
          7, 11, 59, 55, -1,
          10, 14, 62, 58, -1,
          13, 17, 65, 61, -1,
          16, 20, 68, 64, -1,
          19, 23, 71, 67, -1,
          22, 26, 74, 70, -1,
          25, 29, 77, 73, -1,
          28, 32, 80, 76, -1,
          31, 35, 83, 79, -1,
          34, 38, 86, 82, -1,
          37, 41, 89, 85, -1,
          40, 44, 92, 88, -1,
          43, 47, 95, 91, -1,
          48, 51, 54, 57, 60, 63, 66, 69, 72, 75, 78, 81, 84, 87, 90, 93, -1 ]
      }
    }

  ]
}

DEF Cylinder7 Transform {
  children [
    Shape {
      appearance Appearance {
        material USE pins
      }
      geometry IndexedFaceSet {
        normalPerVertex TRUE
        coord Coordinate {
          point [
            -1.0599998346499997 1.41730044094 1.0,
            -1.0721791094481938 1.3560710917615855 1.0,
            -1.1068627496601522 1.3041633559501524 1.0,
            -1.1587704854715852 1.269479715738194 1.0,
            -1.2199998346500005 1.25730044094 1.0,
            -1.2812291838284147 1.269479715738194 1.0,
            -1.3331369196398477 1.3041633559501524 1.0,
            -1.367820559851806 1.3560710917615855 1.0,
            -1.3799998346499998 1.41730044094 1.0,
            -1.367820559851806 1.4785297901184142 1.0,
            -1.3331369196398477 1.5304375259298477 1.0,
            -1.2812291838284147 1.565121166141806 1.0,
            -1.2199998346500005 1.5773004409400002 1.0,
            -1.1587704854715852 1.565121166141806 1.0,
            -1.1068627496601522 1.5304375259298477 1.0,
            -1.0721791094481938 1.4785297901184147 1.0,
            -1.0599998346499997 1.41730044094 -1.0,
            -1.0721791094481938 1.3560710917615855 -1.0,
            -1.1068627496601522 1.3041633559501524 -1.0,
            -1.1587704854715852 1.269479715738194 -1.0,
            -1.2199998346500005 1.25730044094 -1.0,
            -1.2812291838284147 1.269479715738194 -1.0,
            -1.3331369196398477 1.3041633559501524 -1.0,
            -1.367820559851806 1.3560710917615855 -1.0,
            -1.3799998346499998 1.41730044094 -1.0,
            -1.367820559851806 1.4785297901184142 -1.0,
            -1.3331369196398477 1.5304375259298477 -1.0,
            -1.2812291838284147 1.5651211661418056 -1.0,
            -1.2199998346500005 1.5773004409399998 -1.0,
            -1.1587704854715852 1.5651211661418056 -1.0,
            -1.1068627496601522 1.5304375259298477 -1.0,
            -1.0721791094481938 1.4785297901184142 -1.0 ]
        }
        coordIndex [
          0, 1, 17, 16, -1,
          0, 15, 14, 13, 12, 11, 10, 9, 8, 7, 6, 5, 4, 3, 2, 1, -1,
          0, 16, 31, 15, -1,
          1, 2, 18, 17, -1,
          2, 3, 19, 18, -1,
          3, 4, 20, 19, -1,
          4, 5, 21, 20, -1,
          5, 6, 22, 21, -1,
          6, 7, 23, 22, -1,
          7, 8, 24, 23, -1,
          8, 9, 25, 24, -1,
          9, 10, 26, 25, -1,
          10, 11, 27, 26, -1,
          11, 12, 28, 27, -1,
          12, 13, 29, 28, -1,
          13, 14, 30, 29, -1,
          14, 15, 31, 30, -1,
          16, 17, 18, 19, 20, 21, 22, 23, 24, 25, 26, 27, 28, 29, 30, 31, -1 ]
        normal Normal {
          vector [
            0.0 -0.0 1.0,
            1.0 3.395920738641317e-16 -1.1067018789125537e-17,
            1.0 3.395920738641317e-16 -1.1067018789125537e-17,
            0.0 -0.0 1.0,
            0.9238795325112862 -0.38268343236509084 0.0,
            0.9238795325112862 -0.38268343236509084 0.0,
            0.0 -0.0 1.0,
            0.7071067811865475 -0.7071067811865475 0.0,
            0.7071067811865475 -0.7071067811865475 0.0,
            0.0 -0.0 1.0,
            0.3826834323650899 -0.9238795325112866 0.0,
            0.3826834323650899 -0.9238795325112866 0.0,
            0.0 -0.0 1.0,
            -1.7404093785536745e-15 -1.0 0.0,
            -1.7404093785536745e-15 -1.0 0.0,
            0.0 -0.0 1.0,
            -0.38268343236509145 -0.9238795325112861 0.0,
            -0.38268343236509145 -0.9238795325112861 0.0,
            0.0 -0.0 1.0,
            -0.7071067811865475 -0.7071067811865475 0.0,
            -0.7071067811865475 -0.7071067811865475 0.0,
            0.0 -0.0 1.0,
            -0.9238795325112876 -0.3826834323650876 0.0,
            -0.9238795325112876 -0.3826834323650876 0.0,
            0.0 -0.0 1.0,
            -1.0 6.933338174726014e-16 0.0,
            -1.0 6.933338174726014e-16 0.0,
            0.0 -0.0 1.0,
            -0.9238795325112881 0.38268343236508645 0.0,
            -0.9238795325112881 0.38268343236508645 0.0,
            0.0 -0.0 1.0,
            -0.7071067811865479 0.7071067811865472 -4.736684041745751e-17,
            -0.7071067811865479 0.7071067811865472 -4.736684041745751e-17,
            0.0 -0.0 1.0,
            -0.38268343236509006 0.9238795325112866 -1.5847970906027824e-16,
            -0.38268343236509006 0.9238795325112866 -1.5847970906027824e-16,
            0.0 -0.0 1.0,
            -1.7404093785536745e-15 1.0 -2.2200439690985708e-16,
            -1.7404093785536745e-15 1.0 -2.2200439690985708e-16,
            0.0 -0.0 1.0,
            0.38268343236508856 0.9238795325112873 -1.5825836868449388e-16,
            0.38268343236508856 0.9238795325112873 -1.5825836868449388e-16,
            0.0 -0.0 1.0,
            0.7071067811865471 0.7071067811865478 -7.8797173778574e-17,
            0.7071067811865471 0.7071067811865478 -7.8797173778574e-17,
            0.0 -0.0 1.0,
            0.9238795325112865 0.3826834323650902 -4.249735215024204e-17,
            0.9238795325112865 0.3826834323650902 -4.249735215024204e-17,
            0.0 -0.0 -1.0,
            1.0 3.395920738641317e-16 -1.1067018789125537e-17,
            1.0 3.395920738641317e-16 -1.1067018789125537e-17,
            0.0 -0.0 -1.0,
            0.9238795325112862 -0.38268343236509084 0.0,
            0.9238795325112862 -0.38268343236509084 0.0,
            0.0 -0.0 -1.0,
            0.7071067811865475 -0.7071067811865475 0.0,
            0.7071067811865475 -0.7071067811865475 0.0,
            0.0 -0.0 -1.0,
            0.3826834323650899 -0.9238795325112866 0.0,
            0.3826834323650899 -0.9238795325112866 0.0,
            0.0 -0.0 -1.0,
            -1.7404093785536745e-15 -1.0 0.0,
            -1.7404093785536745e-15 -1.0 0.0,
            0.0 -0.0 -1.0,
            -0.38268343236509145 -0.9238795325112861 0.0,
            -0.38268343236509145 -0.9238795325112861 0.0,
            0.0 -0.0 -1.0,
            -0.7071067811865475 -0.7071067811865475 0.0,
            -0.7071067811865475 -0.7071067811865475 0.0,
            0.0 -0.0 -1.0,
            -0.9238795325112876 -0.3826834323650876 0.0,
            -0.9238795325112876 -0.3826834323650876 0.0,
            0.0 -0.0 -1.0,
            -1.0 6.933338174726014e-16 0.0,
            -1.0 6.933338174726014e-16 0.0,
            0.0 -0.0 -1.0,
            -0.9238795325112881 0.38268343236508645 0.0,
            -0.9238795325112881 0.38268343236508645 0.0,
            0.0 -0.0 -1.0,
            -0.7071067811865479 0.7071067811865472 -4.736684041745751e-17,
            -0.7071067811865479 0.7071067811865472 -4.736684041745751e-17,
            0.0 -0.0 -1.0,
            -0.38268343236509006 0.9238795325112866 -1.5847970906027824e-16,
            -0.38268343236509006 0.9238795325112866 -1.5847970906027824e-16,
            0.0 -0.0 -1.0,
            -1.7404093785536745e-15 1.0 -2.2200439690985708e-16,
            -1.7404093785536745e-15 1.0 -2.2200439690985708e-16,
            0.0 -0.0 -1.0,
            0.38268343236508856 0.9238795325112873 -1.5825836868449388e-16,
            0.38268343236508856 0.9238795325112873 -1.5825836868449388e-16,
            0.0 -0.0 -1.0,
            0.7071067811865471 0.7071067811865478 -7.8797173778574e-17,
            0.7071067811865471 0.7071067811865478 -7.8797173778574e-17,
            0.0 -0.0 -1.0,
            0.9238795325112865 0.3826834323650902 -4.249735215024204e-17,
            0.9238795325112865 0.3826834323650902 -4.249735215024204e-17 ]
        }
        normalIndex [
          2, 5, 53, 50, -1,
          0, 45, 42, 39, 36, 33, 30, 27, 24, 21, 18, 15, 12, 9, 6, 3, -1,
          1, 49, 94, 46, -1,
          4, 8, 56, 52, -1,
          7, 11, 59, 55, -1,
          10, 14, 62, 58, -1,
          13, 17, 65, 61, -1,
          16, 20, 68, 64, -1,
          19, 23, 71, 67, -1,
          22, 26, 74, 70, -1,
          25, 29, 77, 73, -1,
          28, 32, 80, 76, -1,
          31, 35, 83, 79, -1,
          34, 38, 86, 82, -1,
          37, 41, 89, 85, -1,
          40, 44, 92, 88, -1,
          43, 47, 95, 91, -1,
          48, 51, 54, 57, 60, 63, 66, 69, 72, 75, 78, 81, 84, 87, 90, 93, -1 ]
      }
    }

  ]
}

DEF Cylinder1 Transform {
  children [
    Shape {
      appearance Appearance {
        material DEF body Material {
          diffuseColor 0.1 0.1 1.0
          emissiveColor 0.0 0.0 0.0
          specularColor 0.1 0.1 1.0
          ambientIntensity 1.0
          transparency 0.0
          shininess 0.5
        }
      }
      geometry IndexedFaceSet {
        normalPerVertex TRUE
        coord Coordinate {
          point [
            2.9524999999991555 1.2106 3.25,
            2.727754319738794 1.2106 4.379872834057602,
            2.0877327714526843 1.2106 5.337732771452685,
            1.1298728340576047 1.2106 5.977754319738795,
            2.506480600557167e-16 1.2106 6.202499999999155,
            -1.129872834057604 1.2106 5.977754319738795,
            -2.087732771452684 1.2106 5.337732771452685,
            -2.727754319738794 1.2106 4.379872834057604,
            -2.9524999999991555 1.2106 3.2500000000000004,
            -2.727754319738794 1.2106 2.120127165942396,
            -2.0877327714526848 1.2106 1.1622672285473161,
            -1.1298728340576059 1.2106 0.5222456802612063,
            -4.725058748405884e-16 1.2106 0.29750000000084453,
            1.1298728340576052 1.2106 0.5222456802612063,
            2.087732771452684 1.2106 1.1622672285473157,
            2.7277543197387932 1.2106 2.1201271659423933,
            2.9524999999991555 -1.2106 3.25,
            2.727754319738794 -1.2106 4.379872834057602,
            2.0877327714526843 -1.2106 5.337732771452685,
            1.1298728340576047 -1.2106 5.977754319738795,
            2.506480600557167e-16 -1.2106 6.202499999999155,
            -1.129872834057604 -1.2106 5.977754319738795,
            -2.087732771452684 -1.2106 5.337732771452685,
            -2.727754319738794 -1.2106 4.379872834057604,
            -2.9524999999991555 -1.2106 3.2500000000000004,
            -2.727754319738794 -1.2106 2.120127165942396,
            -2.0877327714526848 -1.2106 1.1622672285473161,
            -1.1298728340576059 -1.2106 0.5222456802612063,
            -4.725058748405884e-16 -1.2106 0.29750000000084453,
            1.1298728340576052 -1.2106 0.5222456802612063,
            2.087732771452684 -1.2106 1.1622672285473157,
            2.7277543197387932 -1.2106 2.1201271659423933,
            2.793064999999201 -1.3106 3.25,
            2.580455586472899 -1.3106 4.318859701018493,
            1.9749952017942392 -1.3106 5.224995201794238,
            1.0688597010184941 -1.3106 5.8304555864728975,
            2.3089307180947596e-16 -1.3106 6.0430649999992,
            -1.0688597010184935 -1.3106 5.8304555864728975,
            -1.974995201794239 -1.3106 5.224995201794238,
            -2.580455586472899 -1.3106 4.318859701018493,
            -2.793064999999201 -1.3106 3.2500000000000004,
            -2.580455586472899 -1.3106 2.181140298981507,
            -1.9749952017942398 -1.3106 1.2750047982057613,
            -1.068859701018495 -1.3106 0.669544413527102,
            -4.532105506024287e-16 -1.3106 0.456935000000799,
            1.0688597010184944 -1.3106 0.6695444135271016,
            1.974995201794239 -1.3106 1.2750047982057606,
            2.580455586472898 -1.3106 2.1811402989815036,
            2.580455586472899 1.3106 4.318859701018493,
            2.793064999999201 1.3106 3.25,
            2.580455586472898 1.3106 2.1811402989815036,
            1.974995201794239 1.3106 1.2750047982057606,
            1.0688597010184944 1.3106 0.6695444135271016,
            -4.560655249238974e-16 1.3106 0.456935000000799,
            -1.068859701018495 1.3106 0.669544413527102,
            -1.9749952017942398 1.3106 1.2750047982057613,
            -2.580455586472899 1.3106 2.181140298981507,
            -2.793064999999201 1.3106 3.2500000000000004,
            -2.580455586472899 1.3106 4.318859701018493,
            -1.974995201794239 1.3106 5.224995201794238,
            -1.0688597010184935 1.3106 5.8304555864728975,
            2.280380974880073e-16 1.3106 6.0430649999992,
            1.0688597010184941 1.3106 5.8304555864728975,
            1.9749952017942392 1.3106 5.224995201794238,
            1.9551454999994402 -1.4106 3.25,
            1.8063189105310293 -1.4106 3.9982017907129452,
            1.3824966412559674 -1.4106 4.632496641255967,
            0.7482017907129458 -1.4106 5.056318910531029,
            1.4293060203461518e-16 -1.4106 5.205145499999441,
            -0.7482017907129455 -1.4106 5.056318910531029,
            -1.3824966412559672 -1.4106 4.632496641255967,
            -1.8063189105310293 -1.4106 3.9982017907129457,
            -1.9551454999994402 -1.4106 3.2500000000000004,
            -1.8063189105310293 -1.4106 2.5017982092870543,
            -1.3824966412559676 -1.4106 1.8675033587440328,
            -0.7482017907129465 -1.4106 1.4436810894689713,
            -3.359419336537181e-16 -1.4106 1.2948545000005593,
            0.748201790712946 -1.4106 1.4436810894689713,
            1.3824966412559672 -1.4106 1.8675033587440328,
            1.8063189105310287 -1.4106 2.501798209287054,
            1.8063189105310296 1.4106 3.9982017907129452,
            1.9551454999994402 1.4106 3.25,
            1.8063189105310289 1.4106 2.501798209287054,
            1.3824966412559674 1.4106 1.8675033587440328,
            0.7482017907129458 1.4106 1.4436810894689713,
            -3.855233210365582e-16 1.4106 1.2948545000005593,
            -0.7482017907129467 1.4106 1.4436810894689713,
            -1.3824966412559674 1.4106 1.8675033587440328,
            -1.8063189105310289 1.4106 2.5017982092870543,
            -1.9551454999994407 1.4106 3.2500000000000004,
            -1.8063189105310289 1.4106 3.9982017907129457,
            -1.382496641255967 1.4106 4.632496641255967,
            -0.7482017907129456 1.4106 5.056318910531029,
            9.334921465177488e-17 1.4106 5.205145499999441,
            0.7482017907129456 1.4106 5.056318910531029,
            1.3824966412559676 1.4106 4.632496641255967,
            0.8612754774163524 -1.4106 2.015380780314037,
            0.8774230670408604 -1.525405029709527 2.0315283699385445,
            0.9234075117723167 -1.6227320343559644 2.0775128146700013,
            0.9922280967503873 -1.6877638597533862 2.146333399648072,
            1.0734075117723167 -1.7106 2.227512814670001,
            1.1545869267942461 -1.6877638597533862 2.3086922296919306,
            1.223407511772317 -1.6227320343559644 2.377512814670001,
            1.269391956503773 -1.525405029709527 2.4234972594014574,
            1.2855395461282815 -1.4106 2.439644849025965,
            1.269391956503773 -1.2957949702904732 2.4234972594014574,
            1.223407511772317 -1.1984679656440358 2.377512814670001,
            1.154586926794247 -1.133436140246614 2.3086922296919306,
            1.0734075117723167 -1.1106 2.227512814670001,
            0.9922280967503873 -1.133436140246614 2.1463333996480713,
            0.9234075117723167 -1.1984679656440358 2.0775128146700013,
            0.8774230670408604 -1.2957949702904727 2.031528369938545,
            -0.317081109060078 -1.4106 3.4760075469263225,
            -0.3140885199760654 -1.432997350215103 3.479307912857444,
            -0.30556634728418025 -1.4519849068924415 3.488706559855686,
            -0.29281201452307465 -1.4646719866505213 3.5027726291145127,
            -0.2777672532373124 -1.4691270966048386 3.5193646890985057,
            -0.26272249195155023 -1.4646719866505213 3.5359567490824975,
            -0.24996815919044435 -1.4519849068924415 3.550022818341326,
            -0.2414459864985597 -1.432997350215103 3.5594214653395677,
            -0.23845339741454658 -1.4106 3.5627218312706885,
            -0.2414459864985597 -1.3882026497848976 3.5594214653395677,
            -0.24996815919044435 -1.3692150931075586 3.550022818341326,
            -0.26272249195155023 -1.3565280133494793 3.5359567490824975,
            -0.2777672532373124 -1.3520729033951615 3.5193646890985057,
            -0.29281201452307465 -1.3565280133494793 3.5027726291145127,
            -0.30556634728418025 -1.3692150931075586 3.488706559855686,
            -0.3140885199760654 -1.3882026497848972 3.479307912857444,
            -0.3422373435729931 -1.4106 3.422849166659898,
            -0.33636716892520246 -1.454533982822018 3.4293230673102744,
            -0.3196503258586922 -1.4917794150219295 3.4477591765734372,
            -0.2946318021917781 -1.5166660171779824 3.4753507639378185,
            -0.2651204413592662 -1.525405029709527 3.507897260345553,
            -0.23560908052675397 -1.5166660171779824 3.540443756753286,
            -0.21059055685984007 -1.4917794150219295 3.5680353441176678,
            -0.19387371379332963 -1.454533982822018 3.586471453380831,
            -0.18800353914553913 -1.4106 3.592945354031208,
            -0.19387371379332963 -1.3666660171779825 3.586471453380831,
            -0.21059055685984007 -1.3294205849780707 3.5680353441176678,
            -0.23560908052675397 -1.3045339828220182 3.540443756753286,
            -0.2651204413592662 -1.2957949702904732 3.507897260345553,
            -0.2946318021917781 -1.3045339828220182 3.4753507639378185,
            -0.3196503258586922 -1.3294205849780707 3.4477591765734372,
            -0.33636716892520246 -1.366666017177982 3.4293230673102744,
            -0.35653952256959925 -1.4106 3.3658044718726745,
            -0.3480173498777143 -1.4743822571075444 3.375203118870916,
            -0.3237482553407108 -1.5284542437580653 3.401968201059107,
            -0.287426988601958 -1.564583990147801 3.442024977300169,
            -0.24458313326932798 -1.5772710699058807 3.4892751665269808,
            -0.20173927793669766 -1.564583990147801 3.536525355753793,
            -0.16541801119794475 -1.5284542437580653 3.576582131994855,
            -0.14114891666094126 -1.4743822571075444 3.6033472141830454,
            -0.1326267439690565 -1.4106 3.6127458611812866,
            -0.14114891666094126 -1.3468177428924561 3.6033472141830454,
            -0.16541801119794475 -1.2927457562419349 3.576582131994855,
            -0.20173927793669766 -1.2566160098521992 3.536525355753793,
            -0.24458313326932798 -1.2439289300941194 3.4892751665269808,
            -0.287426988601958 -1.2566160098521992 3.442024977300169,
            -0.3237482553407108 -1.2927457562419349 3.401968201059107,
            -0.3480173498777143 -1.3468177428924557 3.375203118870916,
            -0.3594380213318115 -1.4106 3.30706565819429,
            -0.3485913529130917 -1.4917794150219295 3.3190278668070765,
            -0.31770265459838704 -1.5606 3.3530933548218353,
            -0.2714744506993647 -1.6065844447314568 3.404075960492732,
            -0.21694456619993863 -1.6227320343559644 3.4642140442648466,
            -0.1624146817005126 -1.6065844447314568 3.5243521280369614,
            -0.11618647780149016 -1.5606 3.5753347337078583,
            -0.08529777948678546 -1.49177941502193 3.609400221722616,
            -0.07445111106806573 -1.4106 3.6213624303354033,
            -0.08529777948678546 -1.3294205849780707 3.609400221722616,
            -0.11618647780149016 -1.2606000000000002 3.5753347337078583,
            -0.1624146817005126 -1.2146155552685438 3.5243521280369614,
            -0.21694456619993863 -1.1984679656440358 3.4642140442648466,
            -0.2714744506993647 -1.2146155552685438 3.404075960492732,
            -0.31770265459838704 -1.2606000000000002 3.3530933548218353,
            -0.3485913529130917 -1.3294205849780707 3.3190278668070765,
            -0.35082145217769517 -1.4106 3.2488900252932993,
            -0.33806711941658957 -1.5060568935429628 3.262956094552126,
            -0.30174585267783677 -1.5869813403629038 3.303012870793189,
            -0.2473872355693088 -1.641053327013425 3.3629620729493634,
            -0.18326687478368808 -1.6600408836907636 3.4336769784332444,
            -0.11914651399806742 -1.641053327013425 3.5043918839171257,
            -0.06478789688953934 -1.5869813403629038 3.5643410860733016,
            -0.028466630150786598 -1.5060568935429628 3.6043978623143635,
            -0.01571229738968094 -1.4106 3.618463931573191,
            -0.028466630150786598 -1.3151431064570378 3.6043978623143635,
            -0.06478789688953934 -1.2342186596370963 3.5643410860733016,
            -0.11914651399806714 -1.1801466729865753 3.504391883917126,
            -0.18326687478368808 -1.1611591163092365 3.4336769784332444,
            -0.2473872355693088 -1.1801466729865753 3.3629620729493634,
            -0.30174585267783677 -1.2342186596370963 3.303012870793189,
            -0.33806711941658957 -1.3151431064570374 3.262956094552126,
            -0.331020945027615 -1.4106 3.1935132301168156,
            -0.31684908977942094 -1.5166660171779824 3.2091426088684094,
            -0.2764910605281886 -1.6065844447314568 3.253651313888932,
            -0.21609100138097237 -1.6666660171779824 3.320263298311423,
            -0.14484427381503595 -1.6877638597533862 3.3988374913467014,
            -0.07359754624909942 -1.6666660171779824 3.4774116843819787,
            -0.01319748710188301 -1.6065844447314568 3.54402366880447,
            0.02716054214934921 -1.5166660171779824 3.588532373824992,
            0.04133239739754313 -1.4106 3.604161752576585,
            0.02716054214934921 -1.3045339828220182 3.588532373824992,
            -0.01319748710188301 -1.2146155552685438 3.54402366880447,
            -0.0735975462490992 -1.154533982822018 3.477411684381979,
            -0.14484427381503595 -1.133436140246614 3.3988374913467014,
            -0.21609100138097237 -1.154533982822018 3.320263298311423,
            -0.2764910605281886 -1.2146155552685438 3.253651313888932,
            -0.31684908977942094 -1.3045339828220177 3.2091426088684094,
            -0.30079742226709627 -1.4106 3.143063371847809,
            -0.285752660981334 -1.52319908325536 3.159655431831801,
            -0.2429088056487037 -1.6186559767983222 3.2069056210586133,
            -0.17878844486308298 -1.6824382339058666 3.277620526542495,
            -0.10315332230156465 -1.7048355841209695 3.3610344449557403,
            -0.027518199740045934 -1.6824382339058666 3.4444483633689846,
            0.03660216104557468 -1.6186559767983222 3.515163268852865,
            0.07944601637820481 -1.52319908325536 3.562413458079677,
            0.09449077766396707 -1.4106 3.57900551806367,
            0.07944601637820481 -1.2980009167446407 3.562413458079677,
            0.0366021610455749 -1.202544023201678 3.515163268852865,
            -0.027518199740045823 -1.1387617660941338 3.444448363368984,
            -0.10315332230156465 -1.116364415879031 3.3610344449557403,
            -0.17878844486308315 -1.1387617660941338 3.2776205265424947,
            -0.2429088056487037 -1.202544023201678 3.2069056210586133,
            -0.285752660981334 -1.2980009167446402 3.159655431831801,
            -0.2613123569262786 -1.4106 3.0994792102469493,
            -0.24597285134196076 -1.525405029709527 3.1163963279030886,
            -0.20228963526125476 -1.6227320343559644 3.164572203062417,
            -0.13691308234310828 -1.6877638597533862 3.23667249544732,
            -0.05979618012938159 -1.7106 3.321720589132974,
            0.017320722084345208 -1.6877638597533862 3.4067686828186283,
            0.08269727500249135 -1.6227320343559644 3.4788689752035307,
            0.1263804910831975 -1.525405029709527 3.527044850362858,
            0.14171999666751556 -1.4106 3.5439619680189987,
            0.1263804910831975 -1.2957949702904732 3.527044850362858,
            0.08269727500249158 -1.1984679656440358 3.4788689752035307,
            0.017320722084345208 -1.133436140246614 3.4067686828186283,
            -0.05979618012938159 -1.1106 3.321720589132974,
            -0.13691308234310828 -1.133436140246614 3.23667249544732,
            -0.20228963526125476 -1.1984679656440358 3.164572203062417,
            -0.24597285134196076 -1.2957949702904732 3.1163963279030886,
            -0.28203755901540684 -1.4106 3.5232367659298713,
            0.8843105687556402 -1.4106 1.9948021365513466,
            0.9040872463335919 -1.525405029709527 2.0062202066746533,
            0.9604064591822331 -1.6227320343559644 2.038736119373364,
            1.0446941176802944 -1.6877638597533862 2.087399621696583,
            1.1441181898909722 -1.7106 2.1448021365513465,
            1.2435422621016496 -1.6877638597533862 2.20220465140611,
            1.32782992059971 -1.6227320343559644 2.2508681537293285,
            1.384149133448352 -1.525405029709527 2.2833840664280394,
            1.4039258110263042 -1.4106 2.294802136551346,
            1.384149133448352 -1.2957949702904732 2.2833840664280394,
            1.32782992059971 -1.1984679656440358 2.2508681537293285,
            1.2435422621016496 -1.133436140246614 2.20220465140611,
            1.1441181898909722 -1.1106 2.1448021365513465,
            1.0446941176802944 -1.133436140246614 2.0873996216965827,
            0.9604064591822336 -1.1984679656440358 2.038736119373364,
            0.9040872463335919 -1.2957949702904727 2.0062202066746533,
            0.904340442004251 -1.4106 1.9805538826421465,
            0.9263984596412148 -1.525405029709527 1.9864643106546023,
            0.9892143793233058 -1.6227320343559644 2.0032957856052365,
            1.0832250467066558 -1.6877638597533862 2.0284858680105162,
            1.194118189890972 -1.7106 2.0581995961729023,
            1.305011333075288 -1.6877638597533862 2.0879133243352888,
            1.3990220004586382 -1.6227320343559644 2.113103406740568,
            1.4618379201407283 -1.525405029709527 2.1299348816912027,
            1.4838959377776926 -1.4106 2.1358453097036585,
            1.4618379201407283 -1.2957949702904732 2.1299348816912027,
            1.3990220004586382 -1.1984679656440358 2.113103406740568,
            1.305011333075288 -1.133436140246614 2.0879133243352888,
            1.194118189890972 -1.1106 2.0581995961729023,
            1.0832250467066558 -1.133436140246614 2.0284858680105162,
            0.9892143793233058 -1.1984679656440358 2.0032957856052365,
            0.9263984596412148 -1.2957949702904727 1.9864643106546023,
            0.9200000944012238 -1.4106 1.9616070135439956,
            0.9428362346478375 -1.525405029709527 1.9616070135439956,
            1.0078680600452594 -1.6227320343559644 1.9616070135439956,
            1.1051950646916968 -1.6877638597533862 1.9616070135439956,
            1.2200000944012237 -1.7106 1.9616070135439956,
            1.3348051241107506 -1.6877638597533862 1.9616070135439956,
            1.4321321287571884 -1.6227320343559644 1.9616070135439956,
            1.4971639541546102 -1.525405029709527 1.9616070135439956,
            1.5200000944012244 -1.4106 1.9616070135439956,
            1.4971639541546102 -1.2957949702904732 1.9616070135439956,
            1.4321321287571884 -1.1984679656440358 1.9616070135439956,
            1.3348051241107515 -1.133436140246614 1.9616070135439956,
            1.2200000944012237 -1.1106 1.9616070135439956,
            1.1051950646916968 -1.133436140246614 1.9616070135439956,
            1.0078680600452599 -1.1984679656440358 1.9616070135439956,
            0.9428362346478375 -1.2957949702904727 1.9616070135439956,
            0.9200000944012238 -1.4106 0.4000000135439957,
            0.9428362346478375 -1.525405029709527 0.4000000135439955,
            1.0078680600452594 -1.6227320343559644 0.4000000135439955,
            1.1051950646916968 -1.6877638597533862 0.4000000135439955,
            1.2200000944012237 -1.7106 0.4000000135439955,
            1.3348051241107506 -1.6877638597533862 0.4000000135439955,
            1.4321321287571884 -1.6227320343559644 0.4000000135439955,
            1.4971639541546102 -1.525405029709527 0.4000000135439957,
            1.5200000944012244 -1.4106 0.4000000135439953,
            1.4971639541546102 -1.2957949702904732 0.4000000135439957,
            1.4321321287571884 -1.1984679656440358 0.4000000135439955,
            1.3348051241107515 -1.133436140246614 0.4000000135439953,
            1.2200000944012237 -1.1106 0.4000000135439955,
            1.1051950646916968 -1.133436140246614 0.4000000135439953,
            1.0078680600452599 -1.1984679656440358 0.4000000135439955,
            0.9428362346478375 -1.2957949702904727 0.4000000135439957,
            1.090000095401224 -1.4106 0.10000001354399557,
            1.099895756098636 -1.4603488458247784 0.10000001354399546,
            1.1280762135540792 -1.5025238808471446 0.10000001354399546,
            1.1702512485764454 -1.5307043383025878 0.10000001354399546,
            1.2200000944012237 -1.5405999989999999 0.10000001354399546,
            1.269748940226002 -1.5307043383025878 0.10000001354399546,
            1.3119239752483687 -1.5025238808471446 0.10000001354399546,
            1.3401044327038119 -1.4603488458247784 0.10000001354399568,
            1.3500000934012244 -1.4106 0.10000001354399546,
            1.3401044327038119 -1.3608511541752217 0.10000001354399568,
            1.3119239752483687 -1.318676119152856 0.10000001354399546,
            1.269748940226002 -1.2904956616974124 0.10000001354399546,
            1.2200000944012237 -1.2806000010000003 0.10000001354399546,
            1.1702512485764454 -1.2904956616974124 0.10000001354399535,
            1.1280762135540792 -1.3186761191528555 0.10000001354399546,
            1.099895756098636 -1.3608511541752217 0.10000001354399568,
            -0.8612753830550179 1.4106 2.015380780314037,
            -0.877422972679526 1.2957949702904732 2.0315283699385445,
            -0.9234074174109823 1.1984679656440358 2.0775128146700013,
            -0.9922280023890528 1.133436140246614 2.146333399648072,
            -1.0734074174109822 1.1106 2.227512814670001,
            -1.154586832432912 1.133436140246614 2.3086922296919306,
            -1.2234074174109824 1.1984679656440358 2.377512814670001,
            -1.2693918621424392 1.2957949702904732 2.4234972594014574,
            -1.2855394517669467 1.4106 2.439644849025965,
            -1.2693918621424392 1.525405029709527 2.4234972594014574,
            -1.2234074174109824 1.6227320343559644 2.377512814670001,
            -1.154586832432912 1.6877638597533862 2.3086922296919306,
            -1.0734074174109822 1.7106 2.227512814670001,
            -0.9922280023890528 1.6877638597533862 2.1463333996480713,
            -0.9234074174109823 1.6227320343559644 2.0775128146700013,
            -0.877422972679526 1.5254050297095274 2.031528369938545,
            0.317080203421412 1.4106 3.4760075469263225,
            0.3140876143373995 1.3882026497848972 3.479307912857444,
            0.30556544164551425 1.3692150931075586 3.488706559855686,
            0.29281110888440853 1.3565280133494788 3.5027726291145136,
            0.2777663475986464 1.3520729033951615 3.5193646890985057,
            0.2627215863128842 1.3565280133494788 3.5359567490824975,
            0.24996725355177846 1.3692150931075586 3.5500228183413265,
            0.24144508085989358 1.3882026497848972 3.559421465339568,
            0.23845249177588052 1.4106 3.562721831270689,
            0.24144508085989358 1.4329973502151025 3.559421465339568,
            0.24996725355177846 1.4519849068924415 3.5500228183413265,
            0.2627215863128842 1.464671986650521 3.5359567490824975,
            0.2777663475986464 1.4691270966048386 3.5193646890985057,
            0.29281110888440853 1.464671986650521 3.5027726291145136,
            0.30556544164551425 1.4519849068924415 3.488706559855686,
            0.3140876143373995 1.432997350215103 3.479307912857444,
            0.342236437934327 1.4106 3.4228491666598986,
            0.33636626328653657 1.366666017177982 3.4293230673102744,
            0.3196494202200262 1.3294205849780707 3.4477591765734377,
            0.29463089655311214 1.3045339828220177 3.475350763937819,
            0.26511953572060004 1.2957949702904732 3.5078972603455534,
            0.23560817488808805 1.3045339828220177 3.5404437567532865,
            0.210589651221174 1.3294205849780707 3.5680353441176678,
            0.19387280815466346 1.366666017177982 3.586471453380832,
            0.18800263350687318 1.4106 3.592945354031208,
            0.19387280815466346 1.4545339828220176 3.586471453380832,
            0.210589651221174 1.4917794150219295 3.5680353441176678,
            0.23560817488808805 1.516666017177982 3.5404437567532865,
            0.26511953572060004 1.525405029709527 3.5078972603455534,
            0.29463089655311214 1.516666017177982 3.475350763937819,
            0.3196494202200262 1.4917794150219295 3.4477591765734377,
            0.33636626328653657 1.454533982822018 3.4293230673102744,
            0.3565386169309332 1.4106 3.365804471872675,
            0.3480164442390482 1.3468177428924557 3.375203118870917,
            0.32374734970204483 1.2927457562419349 3.4019682010591072,
            0.287426082963292 1.2566160098521992 3.4420249773001697,
            0.2445822276306617 1.2439289300941194 3.489275166526981,
            0.2017383722980317 1.2566160098521992 3.5365253557537932,
            0.16541710555927858 1.2927457562419349 3.576582131994855,
            0.1411480110222752 1.3468177428924557 3.6033472141830463,
            0.1326258383303902 1.4106 3.6127458611812875,
            0.1411480110222752 1.474382257107544 3.6033472141830463,
            0.16541710555927858 1.5284542437580653 3.576582131994855,
            0.2017383722980317 1.564583990147801 3.5365253557537932,
            0.2445822276306617 1.5772710699058807 3.489275166526981,
            0.287426082963292 1.564583990147801 3.4420249773001697,
            0.32374734970204483 1.5284542437580653 3.4019682010591072,
            0.3480164442390482 1.4743822571075444 3.375203118870917,
            0.3594371156931457 1.4106 3.3070656581942903,
            0.34859044727442556 1.3294205849780707 3.319027866807077,
            0.31770174895972103 1.2606000000000002 3.353093354821836,
            0.27147354506069854 1.2146155552685434 3.404075960492733,
            0.21694366056127262 1.1984679656440358 3.464214044264847,
            0.16241377606184626 1.2146155552685434 3.524352128036962,
            0.11618557216282388 1.2606000000000002 3.5753347337078587,
            0.08529687384811924 1.3294205849780703 3.609400221722616,
            0.07445020542939951 1.4106 3.6213624303354037,
            0.08529687384811924 1.4917794150219295 3.609400221722616,
            0.11618557216282388 1.5606 3.5753347337078587,
            0.16241377606184626 1.6065844447314563 3.524352128036962,
            0.21694366056127262 1.6227320343559644 3.464214044264847,
            0.27147354506069854 1.6065844447314563 3.404075960492733,
            0.31770174895972103 1.5606 3.353093354821836,
            0.34859044727442556 1.4917794150219295 3.319027866807077,
            0.3508205465390292 1.4106 3.2488900252932997,
            0.3380662137779235 1.3151431064570374 3.2629560945521265,
            0.30174494703917076 1.2342186596370963 3.303012870793189,
            0.24738632993064263 1.180146672986575 3.3629620729493643,
            0.18326596914502197 1.1611591163092363 3.4336769784332457,
            0.11914560835940113 1.180146672986575 3.5043918839171266,
            0.06478699125087328 1.2342186596370963 3.5643410860733025,
            0.028465724512120483 1.3151431064570374 3.604397862314364,
            0.01571139175101499 1.4106 3.618463931573191,
            0.028465724512120483 1.5060568935429623 3.604397862314364,
            0.06478699125087328 1.5869813403629038 3.5643410860733025,
            0.1191456083594008 1.6410533270134247 3.5043918839171266,
            0.18326596914502197 1.6600408836907636 3.4336769784332457,
            0.24738632993064263 1.6410533270134247 3.3629620729493643,
            0.30174494703917076 1.5869813403629038 3.303012870793189,
            0.3380662137779235 1.5060568935429628 3.2629560945521265,
            0.33102003938894886 1.4106 3.1935132301168156,
            0.31684818414075494 1.3045339828220177 3.20914260886841,
            0.27649015488952267 1.2146155552685434 3.253651313888932,
            0.21609009574230637 1.1545339828220178 3.320263298311423,
            0.14484336817636972 1.1334361402466138 3.3988374913467014,
            0.07359664061043314 1.1545339828220178 3.4774116843819796,
            0.013196581463217005 1.2146155552685434 3.54402366880447,
            -0.027161447788015214 1.3045339828220177 3.588532373824992,
            -0.0413333030362093 1.4106 3.604161752576586,
            -0.027161447788015214 1.516666017177982 3.588532373824992,
            0.013196581463217005 1.6065844447314563 3.54402366880447,
            0.07359664061043314 1.666666017177982 3.47741168438198,
            0.14484336817636972 1.6877638597533862 3.3988374913467014,
            0.21609009574230637 1.666666017177982 3.320263298311423,
            0.27649015488952267 1.6065844447314563 3.253651313888932,
            0.31684818414075494 1.5166660171779824 3.20914260886841,
            0.3007965166284302 1.4106 3.143063371847809,
            0.285751755342668 1.2980009167446402 3.159655431831801,
            0.24290790001003787 1.202544023201678 3.206905621058614,
            0.17878753922441715 1.1387617660941336 3.277620526542495,
            0.10315241666289854 1.1163644158790307 3.3610344449557403,
            0.02751729410137993 1.1387617660941336 3.4444483633689846,
            -0.036603066684240626 1.202544023201678 3.5151632688528656,
            -0.07944692201687076 1.2980009167446402 3.562413458079677,
            -0.09449168330263324 1.4106 3.5790055180636706,
            -0.07944692201687076 1.5231990832553595 3.562413458079677,
            -0.03660306668424085 1.6186559767983222 3.515163268852865,
            0.027517294101379763 1.682438233905866 3.4444483633689846,
            0.10315241666289854 1.704835584120969 3.3610344449557403,
            0.17878753922441715 1.682438233905866 3.2776205265424947,
            0.24290790001003787 1.6186559767983222 3.206905621058614,
            0.285751755342668 1.52319908325536 3.159655431831801,
            0.2613114512876127 1.4106 3.0994792102469493,
            0.24597194570329456 1.2957949702904732 3.1163963279030895,
            0.2022887296225886 1.1984679656440358 3.164572203062417,
            0.13691217670444222 1.133436140246614 3.2366724954473205,
            0.05979527449071553 1.1106 3.321720589132974,
            -0.017321627723011268 1.133436140246614 3.4067686828186283,
            -0.08269818064115764 1.1984679656440358 3.4788689752035307,
            -0.12638139672186355 1.2957949702904732 3.5270448503628584,
            -0.14172090230618173 1.4106 3.543961968018999,
            -0.12638139672186355 1.525405029709527 3.5270448503628584,
            -0.08269818064115764 1.6227320343559644 3.4788689752035307,
            -0.017321627723011268 1.6877638597533862 3.4067686828186283,
            0.05979527449071553 1.7106 3.321720589132974,
            0.13691217670444222 1.6877638597533862 3.2366724954473205,
            0.2022887296225886 1.6227320343559644 3.164572203062417,
            0.24597194570329456 1.525405029709527 3.1163963279030895,
            0.2820366533767407 1.4106 3.523236765929872,
            -0.8843104743943058 1.4106 1.9948021365513466,
            -0.9040871519722575 1.2957949702904732 2.0062202066746533,
            -0.9604063648208987 1.1984679656440358 2.038736119373364,
            -1.0446940233189599 1.133436140246614 2.087399621696583,
            -1.1441180955296373 1.1106 2.1448021365513465,
            -1.243542167740315 1.133436140246614 2.20220465140611,
            -1.327829826238376 1.1984679656440358 2.2508681537293285,
            -1.3841490390870173 1.2957949702904732 2.2833840664280394,
            -1.4039257166649695 1.4106 2.294802136551346,
            -1.3841490390870173 1.525405029709527 2.2833840664280394,
            -1.327829826238376 1.6227320343559644 2.2508681537293285,
            -1.2435421677403158 1.6877638597533862 2.20220465140611,
            -1.1441180955296373 1.7106 2.1448021365513465,
            -1.0446940233189599 1.6877638597533862 2.0873996216965827,
            -0.9604063648208991 1.6227320343559644 2.038736119373364,
            -0.9040871519722575 1.5254050297095274 2.0062202066746533,
            -0.9043403476429166 1.4106 1.9805538826421465,
            -0.9263983652798804 1.2957949702904732 1.9864643106546023,
            -0.9892142849619714 1.1984679656440358 2.0032957856052365,
            -1.0832249523453212 1.133436140246614 2.0284858680105162,
            -1.194118095529637 1.1106 2.0581995961729023,
            -1.3050112387139532 1.133436140246614 2.0879133243352888,
            -1.3990219060973035 1.1984679656440358 2.113103406740568,
            -1.4618378257793945 1.2957949702904732 2.1299348816912027,
            -1.4838958434163578 1.4106 2.1358453097036585,
            -1.4618378257793945 1.525405029709527 2.1299348816912027,
            -1.3990219060973035 1.6227320343559644 2.113103406740568,
            -1.305011238713954 1.6877638597533862 2.0879133243352888,
            -1.194118095529637 1.7106 2.0581995961729023,
            -1.0832249523453212 1.6877638597533862 2.0284858680105162,
            -0.9892142849619714 1.6227320343559644 2.0032957856052365,
            -0.9263983652798804 1.5254050297095274 1.9864643106546023,
            -0.9200000000398894 1.4106 1.9616070135439956,
            -0.9428361402865031 1.2957949702904732 1.9616070135439956,
            -1.007867965683925 1.1984679656440358 1.9616070135439956,
            -1.1051949703303623 1.133436140246614 1.9616070135439956,
            -1.2200000000398898 1.1106 1.9616070135439956,
            -1.3348050297494167 1.133436140246614 1.9616070135439956,
            -1.4321320343958537 1.1984679656440358 1.9616070135439956,
            -1.4971638597932755 1.2957949702904732 1.9616070135439956,
            -1.5200000000398897 1.4106 1.9616070135439956,
            -1.4971638597932755 1.525405029709527 1.9616070135439956,
            -1.4321320343958537 1.6227320343559644 1.9616070135439956,
            -1.3348050297494167 1.6877638597533862 1.9616070135439956,
            -1.2200000000398898 1.7106 1.9616070135439956,
            -1.1051949703303623 1.6877638597533862 1.9616070135439956,
            -1.0078679656839253 1.6227320343559644 1.9616070135439956,
            -0.9428361402865031 1.5254050297095274 1.9616070135439956,
            -0.9200000000398894 1.4106 0.4000000135439955,
            -0.9428361402865031 1.2957949702904732 0.4000000135439955,
            -1.007867965683925 1.1984679656440358 0.4000000135439953,
            -1.1051949703303623 1.133436140246614 0.4000000135439953,
            -1.2200000000398898 1.1106 0.4000000135439955,
            -1.3348050297494167 1.133436140246614 0.4000000135439955,
            -1.4321320343958537 1.1984679656440358 0.4000000135439955,
            -1.4971638597932755 1.2957949702904732 0.4000000135439957,
            -1.5200000000398897 1.4106 0.4000000135439953,
            -1.4971638597932755 1.525405029709527 0.4000000135439957,
            -1.4321320343958537 1.6227320343559644 0.4000000135439955,
            -1.3348050297494167 1.6877638597533862 0.4000000135439953,
            -1.2200000000398898 1.7106 0.4000000135439955,
            -1.1051949703303623 1.6877638597533862 0.4000000135439953,
            -1.0078679656839253 1.6227320343559644 0.4000000135439953,
            -0.9428361402865031 1.5254050297095274 0.4000000135439957,
            -1.0900000010398894 1.4106 0.10000001354399557,
            -1.0998956617373015 1.3608511541752217 0.10000001354399546,
            -1.1280761191927446 1.3186761191528555 0.10000001354399546,
            -1.1702511542151113 1.2904956616974124 0.10000001354399546,
            -1.2200000000398898 1.2806000010000003 0.10000001354399546,
            -1.2697488458646682 1.2904956616974124 0.10000001354399546,
            -1.311923880887034 1.3186761191528555 0.10000001354399546,
            -1.340104338342477 1.3608511541752217 0.10000001354399568,
            -1.3499999990398897 1.4106 0.10000001354399546,
            -1.340104338342477 1.4603488458247784 0.10000001354399568,
            -1.311923880887034 1.5025238808471442 0.10000001354399546,
            -1.2697488458646682 1.5307043383025878 0.10000001354399546,
            -1.2200000000398898 1.5405999989999999 0.10000001354399546,
            -1.1702511542151113 1.5307043383025878 0.10000001354399535,
            -1.1280761191927446 1.5025238808471446 0.10000001354399546,
            -1.0998956617373015 1.4603488458247784 0.10000001354399568 ]
        }
        coordIndex [
          0, 1, 17, 16, -1,
          0, 15, 50, 49, -1,
          0, 16, 31, 15, -1,
          0, 49, 48, 1, -1,
          1, 2, 18, 17, -1,
          1, 48, 63, 2, -1,
          2, 3, 19, 18, -1,
          2, 63, 62, 3, -1,
          3, 4, 20, 19, -1,
          3, 62, 61, 4, -1,
          4, 5, 21, 20, -1,
          4, 61, 60, 5, -1,
          5, 6, 22, 21, -1,
          5, 60, 59, 6, -1,
          6, 7, 23, 22, -1,
          6, 59, 58, 7, -1,
          7, 8, 24, 23, -1,
          7, 58, 57, 8, -1,
          8, 9, 25, 24, -1,
          8, 57, 56, 9, -1,
          9, 10, 26, 25, -1,
          9, 56, 55, 10, -1,
          10, 11, 27, 26, -1,
          10, 55, 54, 11, -1,
          11, 12, 28, 27, -1,
          11, 54, 53, 12, -1,
          12, 13, 29, 28, -1,
          12, 53, 52, 13, -1,
          13, 14, 30, 29, -1,
          13, 52, 51, 14, -1,
          14, 15, 31, 30, -1,
          14, 51, 50, 15, -1,
          16, 17, 33, 32, -1,
          16, 32, 47, 31, -1,
          17, 18, 34, 33, -1,
          18, 19, 35, 34, -1,
          19, 20, 36, 35, -1,
          20, 21, 37, 36, -1,
          21, 22, 38, 37, -1,
          22, 23, 39, 38, -1,
          23, 24, 40, 39, -1,
          24, 25, 41, 40, -1,
          25, 26, 42, 41, -1,
          26, 27, 43, 42, -1,
          27, 28, 44, 43, -1,
          28, 29, 45, 44, -1,
          29, 30, 46, 45, -1,
          30, 31, 47, 46, -1,
          32, 33, 65, 64, -1,
          32, 64, 79, 47, -1,
          33, 34, 66, 65, -1,
          34, 35, 67, 66, -1,
          35, 36, 68, 67, -1,
          36, 37, 69, 68, -1,
          37, 38, 70, 69, -1,
          38, 39, 71, 70, -1,
          39, 40, 72, 71, -1,
          40, 41, 73, 72, -1,
          41, 42, 74, 73, -1,
          42, 43, 75, 74, -1,
          43, 44, 76, 75, -1,
          44, 45, 77, 76, -1,
          45, 46, 78, 77, -1,
          46, 47, 79, 78, -1,
          48, 49, 81, 80, -1,
          48, 80, 95, 63, -1,
          49, 50, 82, 81, -1,
          50, 51, 83, 82, -1,
          51, 52, 84, 83, -1,
          52, 53, 85, 84, -1,
          53, 54, 86, 85, -1,
          54, 55, 87, 86, -1,
          55, 56, 88, 87, -1,
          56, 57, 89, 88, -1,
          57, 58, 90, 89, -1,
          58, 59, 91, 90, -1,
          59, 60, 92, 91, -1,
          60, 61, 93, 92, -1,
          61, 62, 94, 93, -1,
          62, 63, 95, 94, -1,
          64, 65, 66, 67, 68, 69, 70, 71, 72, 73, 74, 75, 76, 77, 78, 79, -1,
          80, 81, 82, 83, 84, 85, 86, 87, 88, 89, 90, 91, 92, 93, 94, 95, -1,
          96, 97, 225, 224, -1,
          96, 111, 256, 241, -1,
          96, 224, 239, 111, -1,
          96, 241, 242, 97, -1,
          97, 98, 226, 225, -1,
          97, 242, 243, 98, -1,
          98, 99, 227, 226, -1,
          98, 243, 244, 99, -1,
          99, 100, 228, 227, -1,
          99, 244, 245, 100, -1,
          100, 101, 229, 228, -1,
          100, 245, 246, 101, -1,
          101, 102, 230, 229, -1,
          101, 246, 247, 102, -1,
          102, 103, 231, 230, -1,
          102, 247, 248, 103, -1,
          103, 104, 232, 231, -1,
          103, 248, 249, 104, -1,
          104, 105, 233, 232, -1,
          104, 249, 250, 105, -1,
          105, 106, 234, 233, -1,
          105, 250, 251, 106, -1,
          106, 107, 235, 234, -1,
          106, 251, 252, 107, -1,
          107, 108, 236, 235, -1,
          107, 252, 253, 108, -1,
          108, 109, 237, 236, -1,
          108, 253, 254, 109, -1,
          109, 110, 238, 237, -1,
          109, 254, 255, 110, -1,
          110, 111, 239, 238, -1,
          110, 255, 256, 111, -1,
          112, 113, 240, -1,
          112, 127, 143, 128, -1,
          112, 128, 129, 113, -1,
          112, 240, 127, -1,
          113, 114, 240, -1,
          113, 129, 130, 114, -1,
          114, 115, 240, -1,
          114, 130, 131, 115, -1,
          115, 116, 240, -1,
          115, 131, 132, 116, -1,
          116, 117, 240, -1,
          116, 132, 133, 117, -1,
          117, 118, 240, -1,
          117, 133, 134, 118, -1,
          118, 119, 240, -1,
          118, 134, 135, 119, -1,
          119, 120, 240, -1,
          119, 135, 136, 120, -1,
          120, 121, 240, -1,
          120, 136, 137, 121, -1,
          121, 122, 240, -1,
          121, 137, 138, 122, -1,
          122, 123, 240, -1,
          122, 138, 139, 123, -1,
          123, 124, 240, -1,
          123, 139, 140, 124, -1,
          124, 125, 240, -1,
          124, 140, 141, 125, -1,
          125, 126, 240, -1,
          125, 141, 142, 126, -1,
          126, 127, 240, -1,
          126, 142, 143, 127, -1,
          128, 143, 159, 144, -1,
          128, 144, 145, 129, -1,
          129, 145, 146, 130, -1,
          130, 146, 147, 131, -1,
          131, 147, 148, 132, -1,
          132, 148, 149, 133, -1,
          133, 149, 150, 134, -1,
          134, 150, 151, 135, -1,
          135, 151, 152, 136, -1,
          136, 152, 153, 137, -1,
          137, 153, 154, 138, -1,
          138, 154, 155, 139, -1,
          139, 155, 156, 140, -1,
          140, 156, 157, 141, -1,
          141, 157, 158, 142, -1,
          142, 158, 159, 143, -1,
          144, 159, 175, 160, -1,
          144, 160, 161, 145, -1,
          145, 161, 162, 146, -1,
          146, 162, 163, 147, -1,
          147, 163, 164, 148, -1,
          148, 164, 165, 149, -1,
          149, 165, 166, 150, -1,
          150, 166, 167, 151, -1,
          151, 167, 168, 152, -1,
          152, 168, 169, 153, -1,
          153, 169, 170, 154, -1,
          154, 170, 171, 155, -1,
          155, 171, 172, 156, -1,
          156, 172, 173, 157, -1,
          157, 173, 174, 158, -1,
          158, 174, 175, 159, -1,
          160, 175, 191, 176, -1,
          160, 176, 177, 161, -1,
          161, 177, 178, 162, -1,
          162, 178, 179, 163, -1,
          163, 179, 180, 164, -1,
          164, 180, 181, 165, -1,
          165, 181, 182, 166, -1,
          166, 182, 183, 167, -1,
          167, 183, 184, 168, -1,
          168, 184, 185, 169, -1,
          169, 185, 186, 170, -1,
          170, 186, 187, 171, -1,
          171, 187, 188, 172, -1,
          172, 188, 189, 173, -1,
          173, 189, 190, 174, -1,
          174, 190, 191, 175, -1,
          176, 191, 207, 192, -1,
          176, 192, 193, 177, -1,
          177, 193, 194, 178, -1,
          178, 194, 195, 179, -1,
          179, 195, 196, 180, -1,
          180, 196, 197, 181, -1,
          181, 197, 198, 182, -1,
          182, 198, 199, 183, -1,
          183, 199, 200, 184, -1,
          184, 200, 201, 185, -1,
          185, 201, 202, 186, -1,
          186, 202, 203, 187, -1,
          187, 203, 204, 188, -1,
          188, 204, 205, 189, -1,
          189, 205, 206, 190, -1,
          190, 206, 207, 191, -1,
          192, 207, 223, 208, -1,
          192, 208, 209, 193, -1,
          193, 209, 210, 194, -1,
          194, 210, 211, 195, -1,
          195, 211, 212, 196, -1,
          196, 212, 213, 197, -1,
          197, 213, 214, 198, -1,
          198, 214, 215, 199, -1,
          199, 215, 216, 200, -1,
          200, 216, 217, 201, -1,
          201, 217, 218, 202, -1,
          202, 218, 219, 203, -1,
          203, 219, 220, 204, -1,
          204, 220, 221, 205, -1,
          205, 221, 222, 206, -1,
          206, 222, 223, 207, -1,
          208, 223, 239, 224, -1,
          208, 224, 225, 209, -1,
          209, 225, 226, 210, -1,
          210, 226, 227, 211, -1,
          211, 227, 228, 212, -1,
          212, 228, 229, 213, -1,
          213, 229, 230, 214, -1,
          214, 230, 231, 215, -1,
          215, 231, 232, 216, -1,
          216, 232, 233, 217, -1,
          217, 233, 234, 218, -1,
          218, 234, 235, 219, -1,
          219, 235, 236, 220, -1,
          220, 236, 237, 221, -1,
          221, 237, 238, 222, -1,
          222, 238, 239, 223, -1,
          241, 256, 272, 257, -1,
          241, 257, 258, 242, -1,
          242, 258, 259, 243, -1,
          243, 259, 260, 244, -1,
          244, 260, 261, 245, -1,
          245, 261, 262, 246, -1,
          246, 262, 263, 247, -1,
          247, 263, 264, 248, -1,
          248, 264, 265, 249, -1,
          249, 265, 266, 250, -1,
          250, 266, 267, 251, -1,
          251, 267, 268, 252, -1,
          252, 268, 269, 253, -1,
          253, 269, 270, 254, -1,
          254, 270, 271, 255, -1,
          255, 271, 272, 256, -1,
          257, 272, 288, 273, -1,
          257, 273, 274, 258, -1,
          258, 274, 275, 259, -1,
          259, 275, 276, 260, -1,
          260, 276, 277, 261, -1,
          261, 277, 278, 262, -1,
          262, 278, 279, 263, -1,
          263, 279, 280, 264, -1,
          264, 280, 281, 265, -1,
          265, 281, 282, 266, -1,
          266, 282, 283, 267, -1,
          267, 283, 284, 268, -1,
          268, 284, 285, 269, -1,
          269, 285, 286, 270, -1,
          270, 286, 287, 271, -1,
          271, 287, 288, 272, -1,
          273, 288, 304, 289, -1,
          273, 289, 290, 274, -1,
          274, 290, 291, 275, -1,
          275, 291, 292, 276, -1,
          276, 292, 293, 277, -1,
          277, 293, 294, 278, -1,
          278, 294, 295, 279, -1,
          279, 295, 296, 280, -1,
          280, 296, 297, 281, -1,
          281, 297, 298, 282, -1,
          282, 298, 299, 283, -1,
          283, 299, 300, 284, -1,
          284, 300, 301, 285, -1,
          285, 301, 302, 286, -1,
          286, 302, 303, 287, -1,
          287, 303, 304, 288, -1,
          289, 304, 320, 305, -1,
          289, 305, 306, 290, -1,
          290, 306, 307, 291, -1,
          291, 307, 308, 292, -1,
          292, 308, 309, 293, -1,
          293, 309, 310, 294, -1,
          294, 310, 311, 295, -1,
          295, 311, 312, 296, -1,
          296, 312, 313, 297, -1,
          297, 313, 314, 298, -1,
          298, 314, 315, 299, -1,
          299, 315, 316, 300, -1,
          300, 316, 317, 301, -1,
          301, 317, 318, 302, -1,
          302, 318, 319, 303, -1,
          303, 319, 320, 304, -1,
          305, 320, 319, 318, 317, 316, 315, 314, 313, 312, 311, 310, 309, 308, 307, 306, -1,
          321, 322, 467, 466, -1,
          321, 336, 464, 449, -1,
          321, 449, 450, 322, -1,
          321, 466, 481, 336, -1,
          322, 323, 468, 467, -1,
          322, 450, 451, 323, -1,
          323, 324, 469, 468, -1,
          323, 451, 452, 324, -1,
          324, 325, 470, 469, -1,
          324, 452, 453, 325, -1,
          325, 326, 471, 470, -1,
          325, 453, 454, 326, -1,
          326, 327, 472, 471, -1,
          326, 454, 455, 327, -1,
          327, 328, 473, 472, -1,
          327, 455, 456, 328, -1,
          328, 329, 474, 473, -1,
          328, 456, 457, 329, -1,
          329, 330, 475, 474, -1,
          329, 457, 458, 330, -1,
          330, 331, 476, 475, -1,
          330, 458, 459, 331, -1,
          331, 332, 477, 476, -1,
          331, 459, 460, 332, -1,
          332, 333, 478, 477, -1,
          332, 460, 461, 333, -1,
          333, 334, 479, 478, -1,
          333, 461, 462, 334, -1,
          334, 335, 480, 479, -1,
          334, 462, 463, 335, -1,
          335, 336, 481, 480, -1,
          335, 463, 464, 336, -1,
          337, 338, 354, 353, -1,
          337, 352, 465, -1,
          337, 353, 368, 352, -1,
          337, 465, 338, -1,
          338, 339, 355, 354, -1,
          338, 465, 339, -1,
          339, 340, 356, 355, -1,
          339, 465, 340, -1,
          340, 341, 357, 356, -1,
          340, 465, 341, -1,
          341, 342, 358, 357, -1,
          341, 465, 342, -1,
          342, 343, 359, 358, -1,
          342, 465, 343, -1,
          343, 344, 360, 359, -1,
          343, 465, 344, -1,
          344, 345, 361, 360, -1,
          344, 465, 345, -1,
          345, 346, 362, 361, -1,
          345, 465, 346, -1,
          346, 347, 363, 362, -1,
          346, 465, 347, -1,
          347, 348, 364, 363, -1,
          347, 465, 348, -1,
          348, 349, 365, 364, -1,
          348, 465, 349, -1,
          349, 350, 366, 365, -1,
          349, 465, 350, -1,
          350, 351, 367, 366, -1,
          350, 465, 351, -1,
          351, 352, 368, 367, -1,
          351, 465, 352, -1,
          353, 354, 370, 369, -1,
          353, 369, 384, 368, -1,
          354, 355, 371, 370, -1,
          355, 356, 372, 371, -1,
          356, 357, 373, 372, -1,
          357, 358, 374, 373, -1,
          358, 359, 375, 374, -1,
          359, 360, 376, 375, -1,
          360, 361, 377, 376, -1,
          361, 362, 378, 377, -1,
          362, 363, 379, 378, -1,
          363, 364, 380, 379, -1,
          364, 365, 381, 380, -1,
          365, 366, 382, 381, -1,
          366, 367, 383, 382, -1,
          367, 368, 384, 383, -1,
          369, 370, 386, 385, -1,
          369, 385, 400, 384, -1,
          370, 371, 387, 386, -1,
          371, 372, 388, 387, -1,
          372, 373, 389, 388, -1,
          373, 374, 390, 389, -1,
          374, 375, 391, 390, -1,
          375, 376, 392, 391, -1,
          376, 377, 393, 392, -1,
          377, 378, 394, 393, -1,
          378, 379, 395, 394, -1,
          379, 380, 396, 395, -1,
          380, 381, 397, 396, -1,
          381, 382, 398, 397, -1,
          382, 383, 399, 398, -1,
          383, 384, 400, 399, -1,
          385, 386, 402, 401, -1,
          385, 401, 416, 400, -1,
          386, 387, 403, 402, -1,
          387, 388, 404, 403, -1,
          388, 389, 405, 404, -1,
          389, 390, 406, 405, -1,
          390, 391, 407, 406, -1,
          391, 392, 408, 407, -1,
          392, 393, 409, 408, -1,
          393, 394, 410, 409, -1,
          394, 395, 411, 410, -1,
          395, 396, 412, 411, -1,
          396, 397, 413, 412, -1,
          397, 398, 414, 413, -1,
          398, 399, 415, 414, -1,
          399, 400, 416, 415, -1,
          401, 402, 418, 417, -1,
          401, 417, 432, 416, -1,
          402, 403, 419, 418, -1,
          403, 404, 420, 419, -1,
          404, 405, 421, 420, -1,
          405, 406, 422, 421, -1,
          406, 407, 423, 422, -1,
          407, 408, 424, 423, -1,
          408, 409, 425, 424, -1,
          409, 410, 426, 425, -1,
          410, 411, 427, 426, -1,
          411, 412, 428, 427, -1,
          412, 413, 429, 428, -1,
          413, 414, 430, 429, -1,
          414, 415, 431, 430, -1,
          415, 416, 432, 431, -1,
          417, 418, 434, 433, -1,
          417, 433, 448, 432, -1,
          418, 419, 435, 434, -1,
          419, 420, 436, 435, -1,
          420, 421, 437, 436, -1,
          421, 422, 438, 437, -1,
          422, 423, 439, 438, -1,
          423, 424, 440, 439, -1,
          424, 425, 441, 440, -1,
          425, 426, 442, 441, -1,
          426, 427, 443, 442, -1,
          427, 428, 444, 443, -1,
          428, 429, 445, 444, -1,
          429, 430, 446, 445, -1,
          430, 431, 447, 446, -1,
          431, 432, 448, 447, -1,
          433, 434, 450, 449, -1,
          433, 449, 464, 448, -1,
          434, 435, 451, 450, -1,
          435, 436, 452, 451, -1,
          436, 437, 453, 452, -1,
          437, 438, 454, 453, -1,
          438, 439, 455, 454, -1,
          439, 440, 456, 455, -1,
          440, 441, 457, 456, -1,
          441, 442, 458, 457, -1,
          442, 443, 459, 458, -1,
          443, 444, 460, 459, -1,
          444, 445, 461, 460, -1,
          445, 446, 462, 461, -1,
          446, 447, 463, 462, -1,
          447, 448, 464, 463, -1,
          466, 467, 483, 482, -1,
          466, 482, 497, 481, -1,
          467, 468, 484, 483, -1,
          468, 469, 485, 484, -1,
          469, 470, 486, 485, -1,
          470, 471, 487, 486, -1,
          471, 472, 488, 487, -1,
          472, 473, 489, 488, -1,
          473, 474, 490, 489, -1,
          474, 475, 491, 490, -1,
          475, 476, 492, 491, -1,
          476, 477, 493, 492, -1,
          477, 478, 494, 493, -1,
          478, 479, 495, 494, -1,
          479, 480, 496, 495, -1,
          480, 481, 497, 496, -1,
          482, 483, 499, 498, -1,
          482, 498, 513, 497, -1,
          483, 484, 500, 499, -1,
          484, 485, 501, 500, -1,
          485, 486, 502, 501, -1,
          486, 487, 503, 502, -1,
          487, 488, 504, 503, -1,
          488, 489, 505, 504, -1,
          489, 490, 506, 505, -1,
          490, 491, 507, 506, -1,
          491, 492, 508, 507, -1,
          492, 493, 509, 508, -1,
          493, 494, 510, 509, -1,
          494, 495, 511, 510, -1,
          495, 496, 512, 511, -1,
          496, 497, 513, 512, -1,
          498, 499, 515, 514, -1,
          498, 514, 529, 513, -1,
          499, 500, 516, 515, -1,
          500, 501, 517, 516, -1,
          501, 502, 518, 517, -1,
          502, 503, 519, 518, -1,
          503, 504, 520, 519, -1,
          504, 505, 521, 520, -1,
          505, 506, 522, 521, -1,
          506, 507, 523, 522, -1,
          507, 508, 524, 523, -1,
          508, 509, 525, 524, -1,
          509, 510, 526, 525, -1,
          510, 511, 527, 526, -1,
          511, 512, 528, 527, -1,
          512, 513, 529, 528, -1,
          514, 515, 531, 530, -1,
          514, 530, 545, 529, -1,
          515, 516, 532, 531, -1,
          516, 517, 533, 532, -1,
          517, 518, 534, 533, -1,
          518, 519, 535, 534, -1,
          519, 520, 536, 535, -1,
          520, 521, 537, 536, -1,
          521, 522, 538, 537, -1,
          522, 523, 539, 538, -1,
          523, 524, 540, 539, -1,
          524, 525, 541, 540, -1,
          525, 526, 542, 541, -1,
          526, 527, 543, 542, -1,
          527, 528, 544, 543, -1,
          528, 529, 545, 544, -1,
          530, 531, 532, 533, 534, 535, 536, 537, 538, 539, 540, 541, 542, 543, 544, 545, -1 ]
        normal Normal {
          vector [
            -0.8575790904835905 2.2681534767065063e-17 0.5143521202107926,
            -0.8476074343545935 -0.07463058518085774 0.5253493247186923,
            -0.819210560219952 -0.13789934029587447 0.5566667135459735,
            -0.7767116347483727 -0.180174170911469 0.6035364981365048,
            -0.7265807340891659 -0.19501911728871918 0.6588231786620576,
            -0.6764498334299558 -0.18017417091147342 0.7141098591876099,
            -0.6339509079583762 -0.1378993402958765 0.760979643778145,
            -0.6055540338237294 -0.0746305851808537 0.7922970326054319,
            -0.5955823776947295 2.285600811142708e-16 0.8032942371133335,
            -0.6055540338237264 0.07463058518085358 0.7922970326054343,
            -0.6339509079583687 0.13789934029587708 0.760979643778151,
            -0.6764498334299548 0.18017417091147384 0.7141098591876108,
            -0.7265807340891678 0.19501911728871857 0.6588231786620558,
            -0.7767116347483718 0.18017417091146967 0.6035364981365058,
            -0.8192105602199512 0.13789934029587514 0.5566667135459745,
            -0.8476074343545944 0.07463058518085776 0.525349324718691,
            -0.9414255054890344 0.0 0.3372210219050945,
            -0.9218645673359762 -0.14639937861516786 0.35879373103713263,
            -0.8661597283902602 -0.27051077894984515 0.42022760902498846,
            -0.7827915454157511 -0.35343936537572423 0.5121699048445011,
            -0.6844520685358492 -0.3825600123589779 0.6206232374161443,
            -0.5861125916559506 -0.35343936537572884 0.7290765699877804,
            -0.5027444086814419 -0.27051077894984654 0.8210188658072936,
            -0.44703956973571995 -0.14639937861516752 0.8824527437951538,
            -0.4274786315826619 3.7765193654311515e-16 0.904025452927192,
            -0.4470395697357195 0.14639937861516697 0.882452743795154,
            -0.5027444086814424 0.2705107789498461 0.8210188658072933,
            -0.5861125916559508 0.35343936537572845 0.7290765699877805,
            -0.6844520685358495 0.38256001235897663 0.6206232374161448,
            -0.7827915454157512 0.35343936537572385 0.512169904844501,
            -0.8661597283902596 0.2705107789498456 0.4202276090249895,
            -0.9218645673359762 0.14639937861516786 0.3587937310371326,
            -0.9891189717406627 0.0 0.14711784304663425,
            -0.9607191040927244 -0.21255232974401775 0.1784385332591123,
            -0.8798431235528685 -0.3927454940761732 0.26763231273445737,
            -0.7588036650156978 -0.5131467171820019 0.4011202370911732,
            -0.6160278888180697 -0.5554260042834475 0.5585799799169996,
            -0.47325211262044437 -0.5131467171820049 0.7160397227428222,
            -0.3522126540832728 -0.39274549407617665 0.8495276470995378,
            -0.2713366735434129 -0.21255232974401664 0.9387214265748844,
            -0.24293680589547395 3.7883082698259065e-16 0.9700421167873614,
            -0.2713366735434125 0.21255232974401608 0.9387214265748847,
            -0.35221265408327285 0.3927454940761764 0.8495276470995379,
            -0.473252112620444 0.5131467171820052 0.7160397227428222,
            -0.6160278888180697 0.5554260042834475 0.5585799799169995,
            -0.7588036650156978 0.5131467171820022 0.4011202370911728,
            -0.8798431235528681 0.3927454940761737 0.2676323127344578,
            -0.9607191040927244 0.21255232974401775 0.1784385332591123,
            -0.998815224448045 0.0 -0.04866361485546911,
            -0.9626664022308615 -0.2705476122288391 -0.008797018424603065,
            -0.8597232660719872 -0.49990680301605006 0.10473344295298972,
            -0.7056579752697573 -0.6531597147105218 0.2746437856887657,
            -0.523925573743471 -0.7069749807478756 0.47506670034229465,
            -0.3421931722171862 -0.6531597147105237 0.6754896149958239,
            -0.18812788141495726 -0.49990680301605406 0.8453999577315982,
            -0.08518474525608541 -0.2705476122288392 0.9589304191091914,
            -0.049035923038902224 3.731762292767717e-16 0.998797015540056,
            -0.08518474525608502 0.27054761222883855 0.9589304191091917,
            -0.1881278814149575 0.4999068030160534 0.8453999577315984,
            -0.34219317221718615 0.6531597147105235 0.675489614995824,
            -0.5239255737434713 0.7069749807478755 0.4750667003422946,
            -0.7056579752697569 0.6531597147105221 0.274643785688765,
            -0.8597232660719867 0.4999068030160508 0.1047334429529902,
            -0.9626664022308615 0.2705476122288391 -0.008797018424603065,
            -0.9701257259969205 0.0 -0.24260271177162893,
            -0.9276161401501809 -0.31815329635290873 -0.19572117042532264,
            -0.8065590817047724 -0.5878706374029009 -0.062213836074149494,
            -0.6253843904240424 -0.7680900029688987 0.13759400987392592,
            -0.41167427070281454 -0.8313746283360971 0.37328343413594234,
            -0.19796415098158968 -0.7680900029688972 0.6089728583979569,
            -0.01678945970086373 -0.5878706374029 0.8087807043460304,
            0.10426759874454412 -0.3181532963529067 0.9422880386972055,
            0.14677718459128575 3.674660058503057e-16 0.9891695800435109,
            0.10426759874454479 0.3181532963529065 0.9422880386972055,
            -0.01678945970086288 0.5878706374028992 0.8087807043460311,
            -0.19796415098158965 0.7680900029688963 0.608972858397958,
            -0.41167427070281565 0.8313746283360962 0.3732834341359426,
            -0.6253843904240427 0.7680900029688986 0.1375940098739253,
            -0.8065590817047718 0.5878706374029019 -0.06221383607414975,
            -0.9276161401501807 0.3181532963529091 -0.195721170425323,
            -0.904138114952464 0.0 -0.4272402943194905,
            -0.856901142351757 -0.35353434392021155 -0.3751451717737542,
            -0.7223816254238701 -0.6532462887753782 -0.22679081430067394,
            -0.5210589411986201 -0.8535074078568453 -0.00476282798992557,
            -0.2835826433546212 -0.9238297611560273 0.25713703893139006,
            -0.04610634551062138 -0.853507407856844 0.5190369058527016,
            0.15521633871463283 -0.6532462887753779 0.7410648921634461,
            0.2897358556425202 -0.3535343439202106 0.8894192496365272,
            0.3369728282432256 3.615026253952301e-16 0.9415143721822634,
            0.2897358556425201 0.3535343439202104 0.8894192496365272,
            0.1552163387146342 0.6532462887753773 0.7410648921634464,
            -0.046106345510619054 0.8535074078568442 0.5190369058527015,
            -0.28358264335462047 0.9238297611560279 0.25713703893138906,
            -0.5210589411986207 0.853507407856845 -0.004762827989926146,
            -0.7223816254238703 0.653246288775378 -0.2267908143006734,
            -0.8569011423517569 0.35353434392021216 -0.37514517177375406,
            -0.8033792126625695 0.0 -0.5954677494723537,
            -0.7532307076778628 -0.3753250437578363 -0.5401616540807799,
            -0.6104198480103312 -0.6935102519335368 -0.382663219578426,
            -0.3966882924606917 -0.9061148109384429 -0.1469501548914141,
            -0.14457473288000014 -0.9807716039291878 0.13109236262591628,
            0.10753882670069141 -0.906114810938442 0.409134880143248,
            0.32127038225033183 -0.6935102519335352 0.6448479448302601,
            0.4640812419178631 -0.375325043757838 0.8023463793326114,
            0.51422974690257 2.6990293753574213e-16 0.8576524747241849,
            0.4640812419178621 0.37532504375783743 0.8023463793326123,
            0.3212703822503306 0.6935102519335349 0.6448479448302611,
            0.10753882670069075 0.9061148109384419 0.40913488014324856,
            -0.14457473288000106 0.9807716039291876 0.13109236262591736,
            -0.3966882924606934 0.9061148109384424 -0.1469501548914131,
            -0.6104198480103321 0.6935102519335365 -0.38266321957842475,
            -0.753230707677863 0.37532504375783654 -0.5401616540807795,
            -0.7408045962867528 1.667172467176554e-16 0.6717205893229872,
            -0.6526038284208875 3.529731631117653e-17 -0.7576993091790443,
            -0.6375180182576728 -0.36685822032599563 -0.6774849242426378,
            -0.5343492616716702 -0.6965551076722817 -0.4788338422945867,
            -0.30496254672097606 -0.9215514552025026 -0.2402930721256989,
            0.0012461981337140448 -0.9999961671322545 -0.0024723897370376936,
            0.3189389708946432 -0.9231577901084271 0.21461040843069776,
            0.591394989354181 -0.7055877521934228 0.3903817241129524,
            0.7741192422055889 -0.3814704430937198 0.5051927353920739,
            0.8383526686690416 0.0 0.5451282444851818,
            0.7741192422055889 0.38147044309371975 0.5051927353920738,
            0.5913949893541813 0.7055877521934224 0.39038172411295224,
            0.31893897089464435 0.9231577901084267 0.21461040843069804,
            0.0012461981337141936 0.9999961671322544 -0.002472389737037867,
            -0.3049625467209771 0.921551455202502 -0.24029307212570009,
            -0.5343492616716704 0.696555107672282 -0.47883384229458587,
            -0.637518018257674 0.366858220325997 -0.6774849242426361,
            -0.7225807707860752 -3.125164376143955e-16 -0.6912865033328811,
            -0.7167038715245629 -0.35914522883598354 -0.5977878094659107,
            -0.6085917978111144 -0.6932995542856761 -0.3859426792469555,
            -0.34674731609802223 -0.9212749655540378 -0.17612136901076156,
            0.0010680053316873856 -0.999991807791792 -0.003904319904315395,
            0.359405739691975 -0.9233629766711603 0.13501232384282055,
            0.6660035254647075 -0.7061318148888336 0.2404519995142117,
            0.8716174971802887 -0.3819676306660661 0.3072192502635882,
            0.9439262609311323 0.0 0.33015634769692376,
            0.8716174971802887 0.38196763066606604 0.3072192502635882,
            0.6660035254647079 0.7061318148888333 0.24045199951421223,
            0.359405739691976 0.9233629766711597 0.13501232384282155,
            0.0010680053316872585 0.999991807791792 -0.003904319904315315,
            -0.3467473160980234 0.9212749655540371 -0.17612136901076264,
            -0.6085917978111137 0.6932995542856767 -0.3859426792469557,
            -0.7167038715245624 0.3591452288359846 -0.5977878094659106,
            0.8575790904835929 -1.9192067879824272e-17 0.5143521202107886,
            0.8476074343545936 -0.07463058518085766 0.5253493247186921,
            0.8192105602199519 -0.13789934029587278 0.5566667135459742,
            0.7767116347483697 -0.180174170911467 0.6035364981365092,
            0.7265807340891614 -0.19501911728872048 0.6588231786620623,
            0.6764498334299616 -0.1801741709114756 0.714109859187604,
            0.6339509079583757 -0.13789934029587844 0.760979643778145,
            0.6055540338237265 -0.0746305851808526 0.7922970326054343,
            0.5955823776947357 2.5473108276857687e-16 0.803294237113329,
            0.6055540338237276 0.07463058518085233 0.7922970326054334,
            0.6339509079583727 0.13789934029587902 0.7609796437781474,
            0.6764498334299612 0.18017417091147608 0.7141098591876042,
            0.726580734089162 0.19501911728871985 0.6588231786620617,
            0.7767116347483707 0.18017417091146767 0.6035364981365078,
            0.8192105602199529 0.1378993402958734 0.5566667135459724,
            0.8476074343545927 0.07463058518085765 0.5253493247186937,
            0.9414255054890343 0.0 0.33722102190509484,
            0.9218645673359761 -0.14639937861516658 0.3587937310371333,
            0.8661597283902609 -0.27051077894984354 0.4202276090249881,
            0.7827915454157502 -0.35343936537572407 0.5121699048445026,
            0.6844520685358483 -0.382560012358978 0.6206232374161456,
            0.5861125916559509 -0.35343936537572723 0.7290765699877809,
            0.5027444086814421 -0.2705107789498502 0.8210188658072921,
            0.4470395697357232 -0.14639937861516802 0.8824527437951522,
            0.42747863158266364 3.7415515935290074e-16 0.9040254529271913,
            0.4470395697357227 0.14639937861516744 0.8824527437951524,
            0.5027444086814427 0.27051077894984976 0.8210188658072919,
            0.5861125916559509 0.3534393653757269 0.729076569987781,
            0.6844520685358486 0.38256001235897685 0.6206232374161458,
            0.7827915454157505 0.35343936537572374 0.5121699048445026,
            0.8661597283902602 0.270510778949844 0.42022760902498923,
            0.9218645673359761 0.14639937861516655 0.35879373103713325,
            0.9891189717406625 0.0 0.14711784304663536,
            0.9607191040927244 -0.21255232974401742 0.17843853325911269,
            0.8798431235528686 -0.392745494076173 0.2676323127344572,
            0.7588036650156972 -0.5131467171820021 0.4011202370911744,
            0.6160278888180692 -0.5554260042834477 0.5585799799169999,
            0.47325211262044364 -0.5131467171820039 0.7160397227428235,
            0.35221265408327196 -0.3927454940761788 0.8495276470995371,
            0.2713366735434125 -0.21255232974401986 0.9387214265748838,
            0.24293680589547126 3.718154412977282e-16 0.970042116787362,
            0.2713366735434121 0.21255232974401933 0.938721426574884,
            0.35221265408327196 0.3927454940761786 0.8495276470995371,
            0.47325211262044314 0.5131467171820041 0.7160397227428235,
            0.6160278888180692 0.5554260042834477 0.5585799799169999,
            0.7588036650156972 0.5131467171820026 0.40112023709117395,
            0.8798431235528683 0.39274549407617354 0.2676323127344576,
            0.9607191040927244 0.2125523297440174 0.17843853325911266,
            0.998815224448045 0.0 -0.0486636148554682,
            0.9626664022308614 -0.27054761222883955 -0.008797018424602891,
            0.8597232660719873 -0.49990680301604995 0.10473344295298943,
            0.7056579752697575 -0.653159714710521 0.2746437856887665,
            0.5239255737434722 -0.7069749807478733 0.47506670034229687,
            0.34219317221718787 -0.6531597147105209 0.6754896149958258,
            0.18812788141495893 -0.49990680301605184 0.845399957731599,
            0.08518474525608313 -0.27054761222883966 0.9589304191091915,
            0.049035923038896645 3.6613516834702126e-16 0.9987970155400563,
            0.08518474525608274 0.27054761222883905 0.9589304191091916,
            0.18812788141495876 0.4999068030160523 0.8453999577315988,
            0.34219317221718637 0.6531597147105224 0.6754896149958252,
            0.5239255737434712 0.7069749807478746 0.47506670034229614,
            0.7056579752697568 0.6531597147105223 0.27464378568876535,
            0.8597232660719867 0.499906803016051 0.10473344295298981,
            0.9626664022308614 0.2705476122288395 -0.00879701842460289,
            0.9701257259969205 0.0 -0.24260271177162882,
            0.9276161401501809 -0.31815329635290873 -0.19572117042532247,
            0.8065590817047728 -0.5878706374029006 -0.062213836074148925,
            0.6253843904240427 -0.7680900029688984 0.1375940098739257,
            0.4116742707028149 -0.8313746283360964 0.3732834341359429,
            0.19796415098158912 -0.7680900029688961 0.6089728583979584,
            0.016789459700862253 -0.5878706374028986 0.8087807043460316,
            -0.10426759874454442 -0.31815329635290585 0.9422880386972057,
            -0.1467771845912838 3.6746600585030574e-16 0.9891695800435112,
            -0.10426759874454512 0.3181532963529057 0.9422880386972057,
            0.0167894597008619 0.5878706374028988 0.8087807043460313,
            0.19796415098158862 0.7680900029688961 0.6089728583979584,
            0.4116742707028148 0.8313746283360965 0.3732834341359428,
            0.6253843904240421 0.7680900029688991 0.13759400987392473,
            0.8065590817047718 0.5878706374029019 -0.062213836074149036,
            0.9276161401501808 0.3181532963529092 -0.1957211704253228,
            0.9041381149524647 0.0 -0.4272402943194891,
            0.8569011423517573 -0.3535343439202115 -0.3751451717737537,
            0.7223816254238704 -0.6532462887753776 -0.2267908143006738,
            0.5210589411986197 -0.8535074078568455 -0.004762827989926346,
            0.2835826433546191 -0.9238297611560287 0.25713703893138784,
            0.046106345510617285 -0.853507407856845 0.5190369058527003,
            -0.1552163387146371 -0.6532462887753777 0.7410648921634455,
            -0.2897358556425217 -0.35353434392021227 0.889419249636526,
            -0.3369728282432252 3.68590912167686e-16 0.9415143721822635,
            -0.2897358556425222 0.3535343439202125 0.8894192496365257,
            -0.15521633871463802 0.6532462887753775 0.7410648921634454,
            0.046106345510616556 0.853507407856845 0.5190369058527005,
            0.2835826433546189 0.9238297611560289 0.2571370389313872,
            0.5210589411986197 0.8535074078568455 -0.0047628279899266275,
            0.7223816254238701 0.6532462887753784 -0.22679081430067285,
            0.8569011423517572 0.353534343920212 -0.3751451717737535,
            0.8033792126625687 0.0 -0.5954677494723549,
            0.7532307076778616 -0.37532504375783726 -0.5401616540807811,
            0.6104198480103307 -0.6935102519335365 -0.38266321957842714,
            0.39668829246069215 -0.9061148109384427 -0.14695015489141475,
            0.14457473287999992 -0.9807716039291879 0.13109236262591592,
            -0.10753882670069266 -0.9061148109384424 0.4091348801432473,
            -0.32127038225033183 -0.6935102519335349 0.6448479448302605,
            -0.4640812419178617 -0.3753250437578393 0.8023463793326115,
            -0.5142297469025697 2.699029375357422e-16 0.8576524747241852,
            -0.46408124191786077 0.3753250437578395 0.802346379332612,
            -0.3212703822503305 0.6935102519335345 0.6448479448302615,
            -0.1075388267006915 0.9061148109384422 0.40913488014324795,
            0.144574732880001 0.9807716039291877 0.13109236262591673,
            0.3966882924606932 0.9061148109384425 -0.14695015489141267,
            0.6104198480103316 0.6935102519335368 -0.3826632195784253,
            0.7532307076778618 0.3753250437578374 -0.5401616540807805,
            0.7408045962867538 1.4165517694964187e-16 0.6717205893229862,
            0.6526038284208875 3.529731631117653e-17 -0.7576993091790443,
            0.6375180182576728 -0.36685822032599563 -0.6774849242426378,
            0.5343492616716702 -0.6965551076722816 -0.4788338422945867,
            0.30496254672097717 -0.921551455202502 -0.2402930721256995,
            -0.0012461981337137551 -0.9999961671322544 -0.002472389737037999,
            -0.3189389708946435 -0.9231577901084272 0.21461040843069748,
            -0.5913949893541808 -0.7055877521934233 0.39038172411295186,
            -0.7741192422055894 -0.3814704430937183 0.5051927353920741,
            -0.8383526686690416 0.0 0.545128244485182,
            -0.7741192422055894 0.3814704430937183 0.5051927353920741,
            -0.5913949893541813 0.7055877521934223 0.39038172411295263,
            -0.3189389708946432 0.9231577901084272 0.21461040843069776,
            -0.0012461981337134075 0.9999961671322544 -0.0024723897370380896,
            0.30496254672097683 0.9215514552025023 -0.2402930721256996,
            0.5343492616716704 0.696555107672282 -0.4788338422945858,
            0.637518018257674 0.366858220325997 -0.6774849242426361,
            0.7225807707860752 -3.125164376143955e-16 -0.6912865033328811,
            0.7167038715245632 -0.35914522883598354 -0.5977878094659105,
            0.6085917978111146 -0.693299554285676 -0.3859426792469552,
            0.34674731609802323 -0.9212749655540372 -0.17612136901076222,
            -0.0010680053316871735 -0.999991807791792 -0.003904319904315441,
            -0.35940573969197576 -0.92336297667116 0.13501232384282125,
            -0.6660035254647073 -0.7061318148888343 0.24045199951421106,
            -0.8716174971802891 -0.38196763066606537 0.30721925026358776,
            -0.9439262609311323 0.0 0.33015634769692365,
            -0.8716174971802891 0.3819676306660653 0.30721925026358776,
            -0.6660035254647084 0.7061318148888333 0.24045199951421103,
            -0.35940573969197587 0.9233629766711599 0.13501232384282058,
            -0.0010680053316867695 0.999991807791792 -0.0039043199043158378,
            0.3467473160980228 0.9212749655540373 -0.17612136901076259,
            0.608591797811114 0.6932995542856767 -0.3859426792469553,
            0.7167038715245627 0.35914522883598465 -0.5977878094659104,
            1.0 0.0 -1.414966974433882e-17,
            1.0 0.0 -1.414966974433882e-17,
            0.5313475336396977 0.8471539402582097 -6.977542468296862e-18,
            0.5313475336396977 0.8471539402582097 -6.977542468296862e-18,
            0.9238795325112868 0.0 0.3826834323650894,
            0.9238795325112868 0.0 0.3826834323650894,
            0.49090111098006883 0.8471539402582099 0.2033378979519643,
            0.49090111098006883 0.8471539402582099 0.2033378979519643,
            0.7071067811865479 0.0 0.707106781186547,
            0.7071067811865479 0.0 0.707106781186547,
            0.37571944420337616 0.847153940258211 0.3757194442033755,
            0.37571944420337616 0.847153940258211 0.3757194442033755,
            0.38268343236508956 0.0 0.9238795325112868,
            0.38268343236508956 0.0 0.9238795325112868,
            0.20333789795196316 0.8471539402582118 0.490901110980066,
            0.20333789795196316 0.8471539402582118 0.490901110980066,
            -1.4149669744338818e-17 0.0 1.0,
            -1.4149669744338818e-17 0.0 1.0,
            -1.3955084936593724e-17 0.8471539402582114 0.5313475336396949,
            -1.3955084936593724e-17 0.8471539402582114 0.5313475336396949,
            -0.3826834323650895 0.0 0.9238795325112868,
            -0.3826834323650895 0.0 0.9238795325112868,
            -0.20333789795196316 0.8471539402582118 0.4909011109800661,
            -0.20333789795196316 0.8471539402582118 0.4909011109800661,
            -0.7071067811865475 0.0 0.7071067811865475,
            -0.7071067811865475 0.0 0.7071067811865475,
            -0.37571944420337566 0.8471539402582113 0.37571944420337544,
            -0.37571944420337566 0.8471539402582113 0.37571944420337544,
            -0.9238795325112867 0.0 0.3826834323650899,
            -0.9238795325112867 0.0 0.3826834323650899,
            -0.49090111098006817 0.8471539402582103 0.20333789795196414,
            -0.49090111098006817 0.8471539402582103 0.20333789795196414,
            -1.0 0.0 7.074834872169411e-17,
            -1.0 0.0 7.074834872169411e-17,
            -0.5313475336396974 0.8471539402582099 4.1865254809781175e-17,
            -0.5313475336396974 0.8471539402582099 4.1865254809781175e-17,
            -0.9238795325112868 0.0 -0.3826834323650897,
            -0.9238795325112868 0.0 -0.3826834323650897,
            -0.4909011109800687 0.8471539402582099 -0.20333789795196427,
            -0.4909011109800687 0.8471539402582099 -0.20333789795196427,
            -0.7071067811865478 0.0 -0.7071067811865472,
            -0.7071067811865478 0.0 -0.7071067811865472,
            -0.37571944420337705 0.8471539402582101 -0.3757194442033768,
            -0.37571944420337705 0.8471539402582101 -0.3757194442033768,
            -0.38268343236509006 0.0 -0.9238795325112866,
            -0.38268343236509006 0.0 -0.9238795325112866,
            -0.2033378979519644 0.8471539402582102 -0.4909011109800683,
            -0.2033378979519644 0.8471539402582102 -0.4909011109800683,
            -1.414966974433882e-17 0.0 -1.0,
            -1.414966974433882e-17 0.0 -1.0,
            -1.3955084936593724e-17 0.84715394025821 -0.5313475336396972,
            -1.3955084936593724e-17 0.84715394025821 -0.5313475336396972,
            0.38268343236508995 0.0 -0.9238795325112866,
            0.38268343236508995 0.0 -0.9238795325112866,
            0.20333789795196458 0.8471539402582098 -0.4909011109800689,
            0.20333789795196458 0.8471539402582098 -0.4909011109800689,
            0.7071067811865475 0.0 -0.7071067811865477,
            0.7071067811865475 0.0 -0.7071067811865477,
            0.3757194442033774 0.8471539402582097 -0.3757194442033776,
            0.3757194442033774 0.8471539402582097 -0.3757194442033776,
            0.9238795325112865 0.0 -0.3826834323650902,
            0.9238795325112865 0.0 -0.3826834323650902,
            0.49090111098006894 0.8471539402582097 -0.20333789795196486,
            0.49090111098006894 0.8471539402582097 -0.20333789795196486,
            1.0 0.0 -1.414966974433882e-17,
            1.0 0.0 -1.414966974433882e-17,
            0.5313475336396977 -0.8471539402582097 -6.977542468296862e-18,
            0.5313475336396977 -0.8471539402582097 -6.977542468296862e-18,
            0.9238795325112868 0.0 0.3826834323650894,
            0.9238795325112868 0.0 0.3826834323650894,
            0.49090111098006883 -0.8471539402582099 0.2033378979519643,
            0.49090111098006883 -0.8471539402582099 0.2033378979519643,
            0.7071067811865479 0.0 0.707106781186547,
            0.7071067811865479 0.0 0.707106781186547,
            0.37571944420337616 -0.847153940258211 0.3757194442033755,
            0.37571944420337616 -0.847153940258211 0.3757194442033755,
            0.38268343236508956 0.0 0.9238795325112868,
            0.38268343236508956 0.0 0.9238795325112868,
            0.20333789795196316 -0.8471539402582118 0.490901110980066,
            0.20333789795196316 -0.8471539402582118 0.490901110980066,
            -1.4149669744338818e-17 0.0 1.0,
            -1.4149669744338818e-17 0.0 1.0,
            -1.3955084936593724e-17 -0.8471539402582114 0.5313475336396949,
            -1.3955084936593724e-17 -0.8471539402582114 0.5313475336396949,
            -0.3826834323650895 0.0 0.9238795325112868,
            -0.3826834323650895 0.0 0.9238795325112868,
            -0.20333789795196316 -0.8471539402582118 0.4909011109800661,
            -0.20333789795196316 -0.8471539402582118 0.4909011109800661,
            -0.7071067811865475 0.0 0.7071067811865475,
            -0.7071067811865475 0.0 0.7071067811865475,
            -0.37571944420337566 -0.8471539402582113 0.37571944420337544,
            -0.37571944420337566 -0.8471539402582113 0.37571944420337544,
            -0.9238795325112867 0.0 0.3826834323650899,
            -0.9238795325112867 0.0 0.3826834323650899,
            -0.49090111098006817 -0.8471539402582103 0.20333789795196414,
            -0.49090111098006817 -0.8471539402582103 0.20333789795196414,
            -1.0 0.0 7.074834872169411e-17,
            -1.0 0.0 7.074834872169411e-17,
            -0.5313475336396974 -0.8471539402582099 4.1865254809781175e-17,
            -0.5313475336396974 -0.8471539402582099 4.1865254809781175e-17,
            -0.9238795325112868 0.0 -0.3826834323650897,
            -0.9238795325112868 0.0 -0.3826834323650897,
            -0.4909011109800687 -0.8471539402582099 -0.20333789795196427,
            -0.4909011109800687 -0.8471539402582099 -0.20333789795196427,
            -0.7071067811865478 0.0 -0.7071067811865472,
            -0.7071067811865478 0.0 -0.7071067811865472,
            -0.37571944420337705 -0.8471539402582101 -0.3757194442033768,
            -0.37571944420337705 -0.8471539402582101 -0.3757194442033768,
            -0.38268343236509006 0.0 -0.9238795325112866,
            -0.38268343236509006 0.0 -0.9238795325112866,
            -0.2033378979519644 -0.8471539402582102 -0.4909011109800683,
            -0.2033378979519644 -0.8471539402582102 -0.4909011109800683,
            -1.414966974433882e-17 0.0 -1.0,
            -1.414966974433882e-17 0.0 -1.0,
            -1.3955084936593724e-17 -0.84715394025821 -0.5313475336396972,
            -1.3955084936593724e-17 -0.84715394025821 -0.5313475336396972,
            0.38268343236508995 0.0 -0.9238795325112866,
            0.38268343236508995 0.0 -0.9238795325112866,
            0.20333789795196458 -0.8471539402582098 -0.4909011109800689,
            0.20333789795196458 -0.8471539402582098 -0.4909011109800689,
            0.7071067811865475 0.0 -0.7071067811865477,
            0.7071067811865475 0.0 -0.7071067811865477,
            0.3757194442033774 -0.8471539402582097 -0.3757194442033776,
            0.3757194442033774 -0.8471539402582097 -0.3757194442033776,
            0.9238795325112865 0.0 -0.3826834323650902,
            0.9238795325112865 0.0 -0.3826834323650902,
            0.49090111098006894 -0.8471539402582097 -0.20333789795196486,
            0.49090111098006894 -0.8471539402582097 -0.20333789795196486,
            0.5313475336396977 -0.8471539402582097 -6.977542468296862e-18,
            0.5313475336396977 -0.8471539402582097 -6.977542468296862e-18,
            0.11850228801860561 -0.9929537792537754 -1.7352053316660315e-17,
            0.11850228801860561 -0.9929537792537754 -1.7352053316660315e-17,
            0.49090111098006883 -0.8471539402582099 0.2033378979519643,
            0.49090111098006883 -0.8471539402582099 0.2033378979519643,
            0.10948183845614726 -0.9929537792537755 0.04534886232207649,
            0.10948183845614726 -0.9929537792537755 0.04534886232207649,
            0.37571944420337616 -0.847153940258211 0.3757194442033755,
            0.37571944420337616 -0.847153940258211 0.3757194442033755,
            0.0837937714440775 -0.9929537792537755 0.0837937714440775,
            0.0837937714440775 -0.9929537792537755 0.0837937714440775,
            0.20333789795196316 -0.8471539402582118 0.490901110980066,
            0.20333789795196316 -0.8471539402582118 0.490901110980066,
            0.045348862322076564 -0.9929537792537754 0.10948183845614737,
            0.045348862322076564 -0.9929537792537754 0.10948183845614737,
            -1.3955084936593724e-17 -0.8471539402582114 0.5313475336396949,
            -1.3955084936593724e-17 -0.8471539402582114 0.5313475336396949,
            0.0 -0.9929537792537754 0.11850228801860581,
            0.0 -0.9929537792537754 0.11850228801860581,
            -0.20333789795196316 -0.8471539402582118 0.4909011109800661,
            -0.20333789795196316 -0.8471539402582118 0.4909011109800661,
            -0.04534886232207656 -0.9929537792537754 0.10948183845614738,
            -0.04534886232207656 -0.9929537792537754 0.10948183845614738,
            -0.37571944420337566 -0.8471539402582113 0.37571944420337544,
            -0.37571944420337566 -0.8471539402582113 0.37571944420337544,
            -0.0837937714440775 -0.9929537792537755 0.08379377144407753,
            -0.0837937714440775 -0.9929537792537755 0.08379377144407753,
            -0.49090111098006817 -0.8471539402582103 0.20333789795196414,
            -0.49090111098006817 -0.8471539402582103 0.20333789795196414,
            -0.10948183845614726 -0.9929537792537755 0.045348862322076515,
            -0.10948183845614726 -0.9929537792537755 0.045348862322076515,
            -0.5313475336396974 -0.8471539402582099 4.1865254809781175e-17,
            -0.5313475336396974 -0.8471539402582099 4.1865254809781175e-17,
            -0.11850228801860563 -0.9929537792537754 1.214643732166222e-17,
            -0.11850228801860563 -0.9929537792537754 1.214643732166222e-17,
            -0.4909011109800687 -0.8471539402582099 -0.20333789795196427,
            -0.4909011109800687 -0.8471539402582099 -0.20333789795196427,
            -0.10948183845614726 -0.9929537792537755 -0.04534886232207645,
            -0.10948183845614726 -0.9929537792537755 -0.04534886232207645,
            -0.37571944420337705 -0.8471539402582101 -0.3757194442033768,
            -0.37571944420337705 -0.8471539402582101 -0.3757194442033768,
            -0.08379377144407747 -0.9929537792537755 -0.08379377144407743,
            -0.08379377144407747 -0.9929537792537755 -0.08379377144407743,
            -0.2033378979519644 -0.8471539402582102 -0.4909011109800683,
            -0.2033378979519644 -0.8471539402582102 -0.4909011109800683,
            -0.04534886232207652 -0.9929537792537754 -0.10948183845614723,
            -0.04534886232207652 -0.9929537792537754 -0.10948183845614723,
            -1.3955084936593724e-17 -0.84715394025821 -0.5313475336396972,
            -1.3955084936593724e-17 -0.84715394025821 -0.5313475336396972,
            -1.9087258648326346e-17 -0.9929537792537755 -0.11850228801860561,
            -1.9087258648326346e-17 -0.9929537792537755 -0.11850228801860561,
            0.20333789795196458 -0.8471539402582098 -0.4909011109800689,
            0.20333789795196458 -0.8471539402582098 -0.4909011109800689,
            0.04534886232207648 -0.9929537792537755 -0.1094818384561472,
            0.04534886232207648 -0.9929537792537755 -0.1094818384561472,
            0.3757194442033774 -0.8471539402582097 -0.3757194442033776,
            0.3757194442033774 -0.8471539402582097 -0.3757194442033776,
            0.08379377144407736 -0.9929537792537755 -0.0837937714440774,
            0.08379377144407736 -0.9929537792537755 -0.0837937714440774,
            0.49090111098006894 -0.8471539402582097 -0.20333789795196486,
            0.49090111098006894 -0.8471539402582097 -0.20333789795196486,
            0.10948183845614717 -0.9929537792537755 -0.045348862322076494,
            0.10948183845614717 -0.9929537792537755 -0.045348862322076494,
            0.49090111098006883 0.8471539402582099 0.2033378979519643,
            0.49090111098006883 0.8471539402582099 0.2033378979519643,
            0.10948183845614728 0.9929537792537755 0.04534886232207649,
            0.10948183845614728 0.9929537792537755 0.04534886232207649,
            0.5313475336396977 0.8471539402582097 -6.977542468296862e-18,
            0.5313475336396977 0.8471539402582097 -6.977542468296862e-18,
            0.11850228801860563 0.9929537792537754 -2.2557669311658408e-17,
            0.11850228801860563 0.9929537792537754 -2.2557669311658408e-17,
            0.49090111098006894 0.8471539402582097 -0.20333789795196486,
            0.49090111098006894 0.8471539402582097 -0.20333789795196486,
            0.10948183845614719 0.9929537792537755 -0.04534886232207649,
            0.10948183845614719 0.9929537792537755 -0.04534886232207649,
            0.3757194442033774 0.8471539402582097 -0.3757194442033776,
            0.3757194442033774 0.8471539402582097 -0.3757194442033776,
            0.08379377144407736 0.9929537792537755 -0.08379377144407742,
            0.08379377144407736 0.9929537792537755 -0.08379377144407742,
            0.20333789795196458 0.8471539402582098 -0.4909011109800689,
            0.20333789795196458 0.8471539402582098 -0.4909011109800689,
            0.04534886232207647 0.9929537792537755 -0.1094818384561472,
            0.04534886232207647 0.9929537792537755 -0.1094818384561472,
            -1.3955084936593724e-17 0.84715394025821 -0.5313475336396972,
            -1.3955084936593724e-17 0.84715394025821 -0.5313475336396972,
            -1.7352053316660315e-17 0.9929537792537754 -0.11850228801860563,
            -1.7352053316660315e-17 0.9929537792537754 -0.11850228801860563,
            -0.2033378979519644 0.8471539402582102 -0.4909011109800683,
            -0.2033378979519644 0.8471539402582102 -0.4909011109800683,
            -0.04534886232207652 0.9929537792537754 -0.10948183845614723,
            -0.04534886232207652 0.9929537792537754 -0.10948183845614723,
            -0.37571944420337705 0.8471539402582101 -0.3757194442033768,
            -0.37571944420337705 0.8471539402582101 -0.3757194442033768,
            -0.08379377144407744 0.9929537792537755 -0.08379377144407739,
            -0.08379377144407744 0.9929537792537755 -0.08379377144407739,
            -0.4909011109800687 0.8471539402582099 -0.20333789795196427,
            -0.4909011109800687 0.8471539402582099 -0.20333789795196427,
            -0.10948183845614723 0.9929537792537755 -0.04534886232207646,
            -0.10948183845614723 0.9929537792537755 -0.04534886232207646,
            -0.5313475336396974 0.8471539402582099 4.1865254809781175e-17,
            -0.5313475336396974 0.8471539402582099 4.1865254809781175e-17,
            -0.11850228801860561 0.9929537792537754 8.676026658330158e-18,
            -0.11850228801860561 0.9929537792537754 8.676026658330158e-18,
            -0.49090111098006817 0.8471539402582103 0.20333789795196414,
            -0.49090111098006817 0.8471539402582103 0.20333789795196414,
            -0.10948183845614723 0.9929537792537754 0.04534886232207653,
            -0.10948183845614723 0.9929537792537754 0.04534886232207653,
            -0.37571944420337566 0.8471539402582113 0.37571944420337544,
            -0.37571944420337566 0.8471539402582113 0.37571944420337544,
            -0.0837937714440775 0.9929537792537755 0.08379377144407751,
            -0.0837937714440775 0.9929537792537755 0.08379377144407751,
            -0.20333789795196316 0.8471539402582118 0.4909011109800661,
            -0.20333789795196316 0.8471539402582118 0.4909011109800661,
            -0.045348862322076564 0.9929537792537754 0.10948183845614738,
            -0.045348862322076564 0.9929537792537754 0.10948183845614738,
            -1.3955084936593724e-17 0.8471539402582114 0.5313475336396949,
            -1.3955084936593724e-17 0.8471539402582114 0.5313475336396949,
            -3.4704106633320626e-18 0.9929537792537754 0.11850228801860581,
            -3.4704106633320626e-18 0.9929537792537754 0.11850228801860581,
            0.20333789795196316 0.8471539402582118 0.490901110980066,
            0.20333789795196316 0.8471539402582118 0.490901110980066,
            0.04534886232207655 0.9929537792537754 0.10948183845614735,
            0.04534886232207655 0.9929537792537754 0.10948183845614735,
            0.37571944420337616 0.847153940258211 0.3757194442033755,
            0.37571944420337616 0.847153940258211 0.3757194442033755,
            0.0837937714440775 0.9929537792537755 0.0837937714440775,
            0.0837937714440775 0.9929537792537755 0.0837937714440775,
            0.11850228801860561 -0.9929537792537754 -1.7352053316660315e-17,
            0.11850228801860561 -0.9929537792537754 -1.7352053316660315e-17,
            0.0 -1.0 -6.403629397035574e-17,
            0.10948183845614726 -0.9929537792537755 0.04534886232207649,
            0.10948183845614726 -0.9929537792537755 0.04534886232207649,
            0.0 -1.0 -6.403629397035574e-17,
            0.0837937714440775 -0.9929537792537755 0.0837937714440775,
            0.0837937714440775 -0.9929537792537755 0.0837937714440775,
            0.0 -1.0 -6.403629397035574e-17,
            0.045348862322076564 -0.9929537792537754 0.10948183845614737,
            0.045348862322076564 -0.9929537792537754 0.10948183845614737,
            0.0 -1.0 -6.403629397035574e-17,
            0.0 -0.9929537792537754 0.11850228801860581,
            0.0 -0.9929537792537754 0.11850228801860581,
            0.0 -1.0 -6.403629397035574e-17,
            -0.04534886232207656 -0.9929537792537754 0.10948183845614738,
            -0.04534886232207656 -0.9929537792537754 0.10948183845614738,
            0.0 -1.0 -6.403629397035574e-17,
            -0.0837937714440775 -0.9929537792537755 0.08379377144407753,
            -0.0837937714440775 -0.9929537792537755 0.08379377144407753,
            0.0 -1.0 -6.403629397035574e-17,
            -0.10948183845614726 -0.9929537792537755 0.045348862322076515,
            -0.10948183845614726 -0.9929537792537755 0.045348862322076515,
            0.0 -1.0 -6.403629397035574e-17,
            -0.11850228801860563 -0.9929537792537754 1.214643732166222e-17,
            -0.11850228801860563 -0.9929537792537754 1.214643732166222e-17,
            0.0 -1.0 -6.403629397035574e-17,
            -0.10948183845614726 -0.9929537792537755 -0.04534886232207645,
            -0.10948183845614726 -0.9929537792537755 -0.04534886232207645,
            0.0 -1.0 -6.403629397035574e-17,
            -0.08379377144407747 -0.9929537792537755 -0.08379377144407743,
            -0.08379377144407747 -0.9929537792537755 -0.08379377144407743,
            0.0 -1.0 -6.403629397035574e-17,
            -0.04534886232207652 -0.9929537792537754 -0.10948183845614723,
            -0.04534886232207652 -0.9929537792537754 -0.10948183845614723,
            0.0 -1.0 -6.403629397035574e-17,
            -1.9087258648326346e-17 -0.9929537792537755 -0.11850228801860561,
            -1.9087258648326346e-17 -0.9929537792537755 -0.11850228801860561,
            0.0 -1.0 -6.403629397035574e-17,
            0.04534886232207648 -0.9929537792537755 -0.1094818384561472,
            0.04534886232207648 -0.9929537792537755 -0.1094818384561472,
            0.0 -1.0 -6.403629397035574e-17,
            0.08379377144407736 -0.9929537792537755 -0.0837937714440774,
            0.08379377144407736 -0.9929537792537755 -0.0837937714440774,
            0.0 -1.0 -6.403629397035574e-17,
            0.10948183845614717 -0.9929537792537755 -0.045348862322076494,
            0.10948183845614717 -0.9929537792537755 -0.045348862322076494,
            0.0 -1.0 -6.403629397035574e-17,
            0.10948183845614728 0.9929537792537755 0.04534886232207649,
            0.10948183845614728 0.9929537792537755 0.04534886232207649,
            0.0 1.0 2.6088860506441233e-17,
            0.11850228801860563 0.9929537792537754 -2.2557669311658408e-17,
            0.11850228801860563 0.9929537792537754 -2.2557669311658408e-17,
            0.0 1.0 2.6088860506441233e-17,
            0.10948183845614719 0.9929537792537755 -0.04534886232207649,
            0.10948183845614719 0.9929537792537755 -0.04534886232207649,
            0.0 1.0 2.6088860506441233e-17,
            0.08379377144407736 0.9929537792537755 -0.08379377144407742,
            0.08379377144407736 0.9929537792537755 -0.08379377144407742,
            0.0 1.0 2.6088860506441233e-17,
            0.04534886232207647 0.9929537792537755 -0.1094818384561472,
            0.04534886232207647 0.9929537792537755 -0.1094818384561472,
            0.0 1.0 2.6088860506441233e-17,
            -1.7352053316660315e-17 0.9929537792537754 -0.11850228801860563,
            -1.7352053316660315e-17 0.9929537792537754 -0.11850228801860563,
            0.0 1.0 2.6088860506441233e-17,
            -0.04534886232207652 0.9929537792537754 -0.10948183845614723,
            -0.04534886232207652 0.9929537792537754 -0.10948183845614723,
            0.0 1.0 2.6088860506441233e-17,
            -0.08379377144407744 0.9929537792537755 -0.08379377144407739,
            -0.08379377144407744 0.9929537792537755 -0.08379377144407739,
            0.0 1.0 2.6088860506441233e-17,
            -0.10948183845614723 0.9929537792537755 -0.04534886232207646,
            -0.10948183845614723 0.9929537792537755 -0.04534886232207646,
            0.0 1.0 2.6088860506441233e-17,
            -0.11850228801860561 0.9929537792537754 8.676026658330158e-18,
            -0.11850228801860561 0.9929537792537754 8.676026658330158e-18,
            0.0 1.0 2.6088860506441233e-17,
            -0.10948183845614723 0.9929537792537754 0.04534886232207653,
            -0.10948183845614723 0.9929537792537754 0.04534886232207653,
            0.0 1.0 2.6088860506441233e-17,
            -0.0837937714440775 0.9929537792537755 0.08379377144407751,
            -0.0837937714440775 0.9929537792537755 0.08379377144407751,
            0.0 1.0 2.6088860506441233e-17,
            -0.045348862322076564 0.9929537792537754 0.10948183845614738,
            -0.045348862322076564 0.9929537792537754 0.10948183845614738,
            0.0 1.0 2.6088860506441233e-17,
            -3.4704106633320626e-18 0.9929537792537754 0.11850228801860581,
            -3.4704106633320626e-18 0.9929537792537754 0.11850228801860581,
            0.0 1.0 2.6088860506441233e-17,
            0.04534886232207655 0.9929537792537754 0.10948183845614735,
            0.04534886232207655 0.9929537792537754 0.10948183845614735,
            0.0 1.0 2.6088860506441233e-17,
            0.0837937714440775 0.9929537792537755 0.0837937714440775,
            0.0837937714440775 0.9929537792537755 0.0837937714440775,
            0.0 1.0 2.6088860506441233e-17,
            -0.6946658429338395 4.103353797297316e-16 -0.7193325841785693,
            -0.6946658429338395 4.103353797297316e-16 -0.7193325841785693,
            -0.6783643670737758 3.817107020781592e-16 -0.7347256532098192,
            -0.6783643670737758 3.817107020781592e-16 -0.7347256532098192,
            -0.641812663149567 -0.38258598012091966 -0.6646085112573985,
            -0.641812663149567 -0.38258598012091966 -0.6646085112573985,
            -0.64164960450927 -0.3771550808004566 -0.6678621340213101,
            -0.64164960450927 -0.3771550808004566 -0.6678621340213101,
            -0.49126769795901903 -0.7070013114146231 -0.5087289991734787,
            -0.49126769795901903 -0.7070013114146231 -0.5087289991734787,
            -0.5130895101158177 -0.702409123103348 -0.49331590121371105,
            -0.5130895101158177 -0.702409123103348 -0.49331590121371105,
            -0.26589562256812 -0.9238391788742712 -0.27535556917560994,
            -0.26589562256812 -0.9238391788742712 -0.27535556917560994,
            -0.2865956493833596 -0.9224001272546447 -0.2589226506027346,
            -0.2865956493833596 -0.9224001272546447 -0.2589226506027346,
            -1.7774235194751901e-6 -0.9999999999969864 1.6935121322700033e-6,
            -1.7774235194751901e-6 -0.9999999999969864 1.6935121322700033e-6,
            9.104743742444243e-4 -0.9999988876155017 -0.0011814415656222735,
            9.104743742444243e-4 -0.9999988876155017 -0.0011814415656222735,
            0.26587945256404727 -0.923839228194789 0.2753710172706982,
            0.26587945256404727 -0.923839228194789 0.2753710172706982,
            0.2961884819588372 -0.9226958516351814 0.24678887440512146,
            0.2961884819588372 -0.9226958516351814 0.24678887440512146,
            0.4912211649455011 -0.707001509999189 0.5087736549473169,
            0.4912211649455011 -0.707001509999189 0.5087736549473169,
            0.5478223137092828 -0.7040864794255796 0.4518328696457365,
            0.5478223137092828 -0.7040864794255796 0.4518328696457365,
            0.6417358981197621 -0.38258621160210604 0.6646825014669567,
            0.6417358981197621 -0.38258621160210604 0.6646825014669567,
            0.7153651985978461 -0.37993442535394173 0.5864319782089259,
            0.7153651985978461 -0.37993442535394173 0.5864319782089259,
            0.6945765937401694 0.0 0.719418762215932,
            0.6945765937401694 0.0 0.719418762215932,
            0.7739603594646326 0.0 0.6332340499194407,
            0.7739603594646326 0.0 0.6332340499194407,
            0.6417358981197623 0.3825862116021054 0.6646825014669568,
            0.6417358981197623 0.3825862116021054 0.6646825014669568,
            0.7153651985978461 0.37993442535394173 0.5864319782089259,
            0.7153651985978461 0.37993442535394173 0.5864319782089259,
            0.49122116494550166 0.7070015099991883 0.5087736549473175,
            0.49122116494550166 0.7070015099991883 0.5087736549473175,
            0.5478223137092837 0.704086479425579 0.4518328696457364,
            0.5478223137092837 0.704086479425579 0.4518328696457364,
            0.2658794525640478 0.9238392281947886 0.2753710172706989,
            0.2658794525640478 0.9238392281947886 0.2753710172706989,
            0.29618848195883873 0.9226958516351809 0.24678887440512157,
            0.29618848195883873 0.9226958516351809 0.24678887440512157,
            -1.7774235195459398e-6 0.9999999999969864 1.6935121322134044e-6,
            -1.7774235195459398e-6 0.9999999999969864 1.6935121322134044e-6,
            9.104743742445661e-4 0.9999988876155018 -0.0011814415656225287,
            9.104743742445661e-4 0.9999988876155018 -0.0011814415656225287,
            -0.26589562256812077 0.9238391788742707 -0.27535556917561066,
            -0.26589562256812077 0.9238391788742707 -0.27535556917561066,
            -0.2865956493833603 0.9224001272546439 -0.2589226506027362,
            -0.2865956493833603 0.9224001272546439 -0.2589226506027362,
            -0.49126769795901937 0.7070013114146226 -0.508728999173479,
            -0.49126769795901937 0.7070013114146226 -0.508728999173479,
            -0.5130895101158173 0.702409123103348 -0.4933159012137116,
            -0.5130895101158173 0.702409123103348 -0.4933159012137116,
            -0.6418126631495669 0.3825859801209199 -0.6646085112573985,
            -0.6418126631495669 0.3825859801209199 -0.6646085112573985,
            -0.6416496045092713 0.3771550808004579 -0.6678621340213081,
            -0.6416496045092713 0.3771550808004579 -0.6678621340213081,
            -0.6946658429338395 4.103353797297316e-16 -0.7193325841785693,
            -0.6946658429338395 4.103353797297316e-16 -0.7193325841785693,
            -0.7410976191565093 0.0 -0.6713972884072094,
            -0.7410976191565093 0.0 -0.6713972884072094,
            -0.641812663149567 -0.38258598012091966 -0.6646085112573985,
            -0.641812663149567 -0.38258598012091966 -0.6646085112573985,
            -0.69021214691579 -0.3808407070402293 -0.6152784313715166,
            -0.69021214691579 -0.3808407070402293 -0.6152784313715166,
            -0.49126769795901903 -0.7070013114146231 -0.5087289991734787,
            -0.49126769795901903 -0.7070013114146231 -0.5087289991734787,
            -0.5453025820643225 -0.7037018687631929 -0.4554654475294181,
            -0.5453025820643225 -0.7037018687631929 -0.4554654475294181,
            -0.26589562256812 -0.9238391788742712 -0.27535556917560994,
            -0.26589562256812 -0.9238391788742712 -0.27535556917560994,
            -0.32843009224226793 -0.9194308000402823 -0.21628841496257217,
            -0.32843009224226793 -0.9194308000402823 -0.21628841496257217,
            -1.7774235194751901e-6 -0.9999999999969864 1.6935121322700033e-6,
            -1.7774235194751901e-6 -0.9999999999969864 1.6935121322700033e-6,
            -0.07261154807101812 -0.9951847266721974 0.0658401312659234,
            -0.07261154807101812 -0.9951847266721974 0.0658401312659234,
            0.26587945256404727 -0.923839228194789 0.2753710172706982,
            0.26587945256404727 -0.923839228194789 0.2753710172706982,
            0.18320699610022892 -0.9194308000402814 0.3479686774944244,
            0.18320699610022892 -0.9194308000402814 0.3479686774944244,
            0.4912211649455011 -0.707001509999189 0.5087736549473169,
            0.4912211649455011 -0.707001509999189 0.5087736549473169,
            0.4000794859222774 -0.7037018687631899 0.5871457100612765,
            0.4000794859222774 -0.7037018687631899 0.5871457100612765,
            0.6417358981197621 -0.38258621160210604 0.6646825014669567,
            0.6417358981197621 -0.38258621160210604 0.6646825014669567,
            0.5449890507737419 -0.38084070704023193 0.7469586939033724,
            0.5449890507737419 -0.38084070704023193 0.7469586939033724,
            0.6945765937401694 0.0 0.719418762215932,
            0.6945765937401694 0.0 0.719418762215932,
            0.5958745230144636 1.839120729588325e-16 0.8030775509390643,
            0.5958745230144636 1.839120729588325e-16 0.8030775509390643,
            0.6417358981197623 0.3825862116021054 0.6646825014669568,
            0.6417358981197623 0.3825862116021054 0.6646825014669568,
            0.544989050773741 0.38084070704023115 0.7469586939033734,
            0.544989050773741 0.38084070704023115 0.7469586939033734,
            0.49122116494550166 0.7070015099991883 0.5087736549473175,
            0.49122116494550166 0.7070015099991883 0.5087736549473175,
            0.40007948592227527 0.7037018687631899 0.587145710061278,
            0.40007948592227527 0.7037018687631899 0.587145710061278,
            0.2658794525640478 0.9238392281947886 0.2753710172706989,
            0.2658794525640478 0.9238392281947886 0.2753710172706989,
            0.1832069961002251 0.9194308000402811 0.34796867749442706,
            0.1832069961002251 0.9194308000402811 0.34796867749442706,
            -1.7774235195459398e-6 0.9999999999969864 1.6935121322134044e-6,
            -1.7774235195459398e-6 0.9999999999969864 1.6935121322134044e-6,
            -0.07261154807102214 0.9951847266721968 0.06584013126592746,
            -0.07261154807102214 0.9951847266721968 0.06584013126592746,
            -0.26589562256812077 0.9238391788742707 -0.27535556917561066,
            -0.26589562256812077 0.9238391788742707 -0.27535556917561066,
            -0.32843009224226993 0.9194308000402819 -0.2162884149625709,
            -0.32843009224226993 0.9194308000402819 -0.2162884149625709,
            -0.49126769795901937 0.7070013114146226 -0.508728999173479,
            -0.49126769795901937 0.7070013114146226 -0.508728999173479,
            -0.5453025820643222 0.7037018687631929 -0.45546544752941825,
            -0.5453025820643222 0.7037018687631929 -0.45546544752941825,
            -0.6418126631495669 0.3825859801209199 -0.6646085112573985,
            -0.6418126631495669 0.3825859801209199 -0.6646085112573985,
            -0.69021214691579 0.3808407070402293 -0.6152784313715166,
            -0.69021214691579 0.3808407070402293 -0.6152784313715166,
            -0.806629987136538 -3.098428161676414e-16 -0.5910567348843161,
            -0.806629987136538 -3.098428161676414e-16 -0.5910567348843161,
            -1.0 -3.8204108309714803e-16 0.0,
            -1.0 -3.8204108309714803e-16 0.0,
            -0.7894672545975447 -0.3564645784895284 -0.4996743521539787,
            -0.7894672545975447 -0.3564645784895284 -0.4996743521539787,
            -0.923879532511287 -0.38268343236508917 0.0,
            -0.923879532511287 -0.38268343236508917 0.0,
            -0.6564542554554991 -0.6902001556350076 -0.304452879204283,
            -0.6564542554554991 -0.6902001556350076 -0.304452879204283,
            -0.7071067811865472 -0.7071067811865477 0.0,
            -0.7071067811865472 -0.7071067811865477 0.0,
            -0.36945018239000227 -0.920069743726356 -0.13030053496172447,
            -0.36945018239000227 -0.920069743726356 -0.13030053496172447,
            -0.38268343236508884 -0.9238795325112872 0.0,
            -0.38268343236508884 -0.9238795325112872 0.0,
            5.53991786242876e-4 -0.9999916658031003 -0.004044924899330559,
            5.53991786242876e-4 -0.9999916658031003 -0.004044924899330559,
            0.0 -1.0 0.0,
            0.0 -1.0 0.0,
            0.37669955895933255 -0.9221857248655957 0.0875838520159972,
            0.37669955895933255 -0.9221857248655957 0.0875838520159972,
            0.3826834323650879 -0.9238795325112875 0.0,
            0.3826834323650879 -0.9238795325112875 0.0,
            0.6946478906864477 -0.7030835000848158 0.15211147186637147,
            0.6946478906864477 -0.7030835000848158 0.15211147186637147,
            0.7071067811865468 -0.7071067811865482 0.0,
            0.7071067811865468 -0.7071067811865482 0.0,
            0.9053868070475789 -0.3791713907357788 0.19105964009095544,
            0.9053868070475789 -0.3791713907357788 0.19105964009095544,
            0.9238795325112864 -0.38268343236509056 0.0,
            0.9238795325112864 -0.38268343236509056 0.0,
            0.9789448918181239 0.0 0.2041247137982115,
            0.9789448918181239 0.0 0.2041247137982115,
            1.0 0.0 0.0,
            1.0 0.0 0.0,
            0.9053868070475789 0.3791713907357788 0.19105964009095544,
            0.9053868070475789 0.3791713907357788 0.19105964009095544,
            0.9238795325112864 0.38268343236509056 0.0,
            0.9238795325112864 0.38268343236509056 0.0,
            0.6946478906864482 0.7030835000848149 0.1521114718663725,
            0.6946478906864482 0.7030835000848149 0.1521114718663725,
            0.7071067811865483 0.7071067811865467 0.0,
            0.7071067811865483 0.7071067811865467 0.0,
            0.37669955895933377 0.922185724865595 0.08758385201599876,
            0.37669955895933377 0.922185724865595 0.08758385201599876,
            0.38268343236508995 0.9238795325112866 0.0,
            0.38268343236508995 0.9238795325112866 0.0,
            5.539917862424655e-4 0.9999916658031004 -0.004044924899330301,
            5.539917862424655e-4 0.9999916658031004 -0.004044924899330301,
            -7.499324964499574e-16 1.0 0.0,
            -7.499324964499574e-16 1.0 0.0,
            -0.36945018239000343 0.9200697437263554 -0.13030053496172592,
            -0.36945018239000343 0.9200697437263554 -0.13030053496172592,
            -0.3826834323650906 0.9238795325112864 0.0,
            -0.3826834323650906 0.9238795325112864 0.0,
            -0.6564542554554974 0.690200155635008 -0.30445287920428576,
            -0.6564542554554974 0.690200155635008 -0.30445287920428576,
            -0.7071067811865461 0.7071067811865489 0.0,
            -0.7071067811865461 0.7071067811865489 0.0,
            -0.7894672545975431 0.3564645784895292 -0.4996743521539806,
            -0.7894672545975431 0.3564645784895292 -0.4996743521539806,
            -0.9238795325112862 0.38268343236509134 0.0,
            -0.9238795325112862 0.38268343236509134 0.0,
            -1.0 -3.8204108309714803e-16 0.0,
            -1.0 -3.8204108309714803e-16 0.0,
            -0.8700221846046782 4.506901939921803e-16 -0.4930125741760582,
            -0.8700221846046782 4.506901939921803e-16 -0.4930125741760582,
            -0.923879532511287 -0.38268343236508917 0.0,
            -0.923879532511287 -0.38268343236508917 0.0,
            -0.8037956891870192 -0.3329430758382904 -0.4930125741760584,
            -0.8037956891870192 -0.3329430758382904 -0.4930125741760584,
            -0.7071067811865472 -0.7071067811865477 0.0,
            -0.7071067811865472 -0.7071067811865477 0.0,
            -0.6151985865167021 -0.6151985865167025 -0.4930125741760581,
            -0.6151985865167021 -0.6151985865167025 -0.4930125741760581,
            -0.38268343236508884 -0.9238795325112872 0.0,
            -0.38268343236508884 -0.9238795325112872 0.0,
            -0.33294307583829064 -0.803795689187019 -0.4930125741760582,
            -0.33294307583829064 -0.803795689187019 -0.4930125741760582,
            0.0 -1.0 0.0,
            0.0 -1.0 0.0,
            0.0 -0.8700221846046783 -0.4930125741760581,
            0.0 -0.8700221846046783 -0.4930125741760581,
            0.3826834323650879 -0.9238795325112875 0.0,
            0.3826834323650879 -0.9238795325112875 0.0,
            0.3329430758382896 -0.8037956891870196 -0.4930125741760581,
            0.3329430758382896 -0.8037956891870196 -0.4930125741760581,
            0.7071067811865468 -0.7071067811865482 0.0,
            0.7071067811865468 -0.7071067811865482 0.0,
            0.6151985865167017 -0.6151985865167027 -0.49301257417605826,
            0.6151985865167017 -0.6151985865167027 -0.49301257417605826,
            0.9238795325112864 -0.38268343236509056 0.0,
            0.9238795325112864 -0.38268343236509056 0.0,
            0.8037956891870182 -0.3329430758382932 -0.4930125741760579,
            0.8037956891870182 -0.3329430758382932 -0.4930125741760579,
            1.0 0.0 0.0,
            1.0 0.0 0.0,
            0.8700221846046778 0.0 -0.49301257417605876,
            0.8700221846046778 0.0 -0.49301257417605876,
            0.9238795325112864 0.38268343236509056 0.0,
            0.9238795325112864 0.38268343236509056 0.0,
            0.8037956891870178 0.33294307583829363 -0.49301257417605815,
            0.8037956891870178 0.33294307583829363 -0.49301257417605815,
            0.7071067811865483 0.7071067811865467 0.0,
            0.7071067811865483 0.7071067811865467 0.0,
            0.615198586516703 0.6151985865167011 -0.49301257417605865,
            0.615198586516703 0.6151985865167011 -0.49301257417605865,
            0.38268343236508995 0.9238795325112866 0.0,
            0.38268343236508995 0.9238795325112866 0.0,
            0.3329430758382914 0.8037956891870183 -0.4930125741760592,
            0.3329430758382914 0.8037956891870183 -0.4930125741760592,
            -7.499324964499574e-16 1.0 0.0,
            -7.499324964499574e-16 1.0 0.0,
            -2.5351323412060144e-16 0.8700221846046781 -0.4930125741760586,
            -2.5351323412060144e-16 0.8700221846046781 -0.4930125741760586,
            -0.3826834323650906 0.9238795325112864 0.0,
            -0.3826834323650906 0.9238795325112864 0.0,
            -0.33294307583829175 0.8037956891870186 -0.4930125741760583,
            -0.33294307583829175 0.8037956891870186 -0.4930125741760583,
            -0.7071067811865461 0.7071067811865489 0.0,
            -0.7071067811865461 0.7071067811865489 0.0,
            -0.6151985865167022 0.6151985865167025 -0.49301257417605787,
            -0.6151985865167022 0.6151985865167025 -0.49301257417605787,
            -0.9238795325112862 0.38268343236509134 0.0,
            -0.9238795325112862 0.38268343236509134 0.0,
            -0.8037956891870185 0.3329430758382917 -0.4930125741760584,
            -0.8037956891870185 0.3329430758382917 -0.4930125741760584,
            -0.8700221846046782 4.506901939921803e-16 -0.4930125741760582,
            -0.8700221846046782 4.506901939921803e-16 -0.4930125741760582,
            1.5087817563567135e-16 -1.6921578347988294e-17 -1.0,
            -0.8037956891870192 -0.3329430758382904 -0.4930125741760584,
            -0.8037956891870192 -0.3329430758382904 -0.4930125741760584,
            1.5087817563567135e-16 -1.6921578347988294e-17 -1.0,
            -0.6151985865167021 -0.6151985865167025 -0.4930125741760581,
            -0.6151985865167021 -0.6151985865167025 -0.4930125741760581,
            1.5087817563567135e-16 -1.6921578347988294e-17 -1.0,
            -0.33294307583829064 -0.803795689187019 -0.4930125741760582,
            -0.33294307583829064 -0.803795689187019 -0.4930125741760582,
            1.5087817563567135e-16 -1.6921578347988294e-17 -1.0,
            0.0 -0.8700221846046783 -0.4930125741760581,
            0.0 -0.8700221846046783 -0.4930125741760581,
            1.5087817563567135e-16 -1.6921578347988294e-17 -1.0,
            0.3329430758382896 -0.8037956891870196 -0.4930125741760581,
            0.3329430758382896 -0.8037956891870196 -0.4930125741760581,
            1.5087817563567135e-16 -1.6921578347988294e-17 -1.0,
            0.6151985865167017 -0.6151985865167027 -0.49301257417605826,
            0.6151985865167017 -0.6151985865167027 -0.49301257417605826,
            1.5087817563567135e-16 -1.6921578347988294e-17 -1.0,
            0.8037956891870182 -0.3329430758382932 -0.4930125741760579,
            0.8037956891870182 -0.3329430758382932 -0.4930125741760579,
            1.5087817563567135e-16 -1.6921578347988294e-17 -1.0,
            0.8700221846046778 0.0 -0.49301257417605876,
            0.8700221846046778 0.0 -0.49301257417605876,
            1.5087817563567135e-16 -1.6921578347988294e-17 -1.0,
            0.8037956891870178 0.33294307583829363 -0.49301257417605815,
            0.8037956891870178 0.33294307583829363 -0.49301257417605815,
            1.5087817563567135e-16 -1.6921578347988294e-17 -1.0,
            0.615198586516703 0.6151985865167011 -0.49301257417605865,
            0.615198586516703 0.6151985865167011 -0.49301257417605865,
            1.5087817563567135e-16 -1.6921578347988294e-17 -1.0,
            0.3329430758382914 0.8037956891870183 -0.4930125741760592,
            0.3329430758382914 0.8037956891870183 -0.4930125741760592,
            1.5087817563567135e-16 -1.6921578347988294e-17 -1.0,
            -2.5351323412060144e-16 0.8700221846046781 -0.4930125741760586,
            -2.5351323412060144e-16 0.8700221846046781 -0.4930125741760586,
            1.5087817563567135e-16 -1.6921578347988294e-17 -1.0,
            -0.33294307583829175 0.8037956891870186 -0.4930125741760583,
            -0.33294307583829175 0.8037956891870186 -0.4930125741760583,
            1.5087817563567135e-16 -1.6921578347988294e-17 -1.0,
            -0.6151985865167022 0.6151985865167025 -0.49301257417605787,
            -0.6151985865167022 0.6151985865167025 -0.49301257417605787,
            1.5087817563567135e-16 -1.6921578347988294e-17 -1.0,
            -0.8037956891870185 0.3329430758382917 -0.4930125741760584,
            -0.8037956891870185 0.3329430758382917 -0.4930125741760584,
            1.5087817563567135e-16 -1.6921578347988294e-17 -1.0,
            0.6946661630141091 4.1033537968117227e-16 -0.7193322750740824,
            0.6946661630141091 4.1033537968117227e-16 -0.7193322750740824,
            0.6783643670737758 3.817107020781592e-16 -0.7347256532098192,
            0.6783643670737758 3.817107020781592e-16 -0.7347256532098192,
            0.6418129589611912 -0.3825859791839729 -0.6646082261312457,
            0.6418129589611912 -0.3825859791839729 -0.6646082261312457,
            0.64164960450927 -0.3771550808004566 -0.6678621340213101,
            0.64164960450927 -0.3771550808004566 -0.6678621340213101,
            0.4912679244855219 -0.7070013104035869 -0.5087287818271131,
            0.4912679244855219 -0.7070013104035869 -0.5087287818271131,
            0.5130895101158179 -0.702409123103348 -0.4933159012137109,
            0.5130895101158179 -0.702409123103348 -0.4933159012137109,
            0.26589574515190456 -0.9238391784889873 -0.2753554520958436,
            0.26589574515190456 -0.9238391784889873 -0.2753554520958436,
            0.2865956493833607 -0.9224001272546443 -0.25892265060273506,
            0.2865956493833607 -0.9224001272546443 -0.25892265060273506,
            1.777537423729083e-6 -0.999999999996986 1.6936207156918758e-6,
            1.777537423729083e-6 -0.999999999996986 1.6936207156918758e-6,
            -9.104743742442407e-4 -0.9999988876155018 -0.001181441565622628,
            -9.104743742442407e-4 -0.9999988876155018 -0.001181441565622628,
            -0.265879574112946 -0.9238392278158053 0.2753709011827775,
            -0.265879574112946 -0.9238392278158053 0.2753709011827775,
            -0.2961884819588377 -0.9226958516351813 0.24678887440512162,
            -0.2961884819588377 -0.9226958516351813 0.24678887440512162,
            -0.491221388500375 -0.7070015090135212 0.5087734404746062,
            -0.491221388500375 -0.7070015090135212 0.5087734404746062,
            -0.5478223137092826 -0.7040864794255797 0.45183286964573655,
            -0.5478223137092826 -0.7040864794255797 0.45183286964573655,
            -0.6417361890395746 -0.3825862106947279 0.6646822211126251,
            -0.6417361890395746 -0.3825862106947279 0.6646822211126251,
            -0.7153651985978472 -0.3799344253539405 0.5864319782089257,
            -0.7153651985978472 -0.3799344253539405 0.5864319782089257,
            -0.6945769081381089 0.0 0.7194184586742997,
            -0.6945769081381089 0.0 0.7194184586742997,
            -0.7739603594646337 0.0 0.6332340499194392,
            -0.7739603594646337 0.0 0.6332340499194392,
            -0.6417361890395746 0.3825862106947279 0.6646822211126251,
            -0.6417361890395746 0.3825862106947279 0.6646822211126251,
            -0.7153651985978472 0.3799344253539405 0.5864319782089257,
            -0.7153651985978472 0.3799344253539405 0.5864319782089257,
            -0.491221388500375 0.7070015090135212 0.5087734404746062,
            -0.491221388500375 0.7070015090135212 0.5087734404746062,
            -0.5478223137092826 0.7040864794255791 0.4518328696457373,
            -0.5478223137092826 0.7040864794255791 0.4518328696457373,
            -0.2658795741129454 0.9238392278158057 0.2753709011827769,
            -0.2658795741129454 0.9238392278158057 0.2753709011827769,
            -0.2961884819588368 0.9226958516351814 0.24678887440512207,
            -0.2961884819588368 0.9226958516351814 0.24678887440512207,
            1.7775374236441834e-6 0.999999999996986 1.6936207157909243e-6,
            1.7775374236441834e-6 0.999999999996986 1.6936207157909243e-6,
            -9.104743742440279e-4 0.9999988876155017 -0.0011814415656224292,
            -9.104743742440279e-4 0.9999988876155017 -0.0011814415656224292,
            0.2658957451519042 0.9238391784889876 -0.2753554520958432,
            0.2658957451519042 0.9238391784889876 -0.2753554520958432,
            0.28659564938336013 0.9224001272546443 -0.2589226506027355,
            0.28659564938336013 0.9224001272546443 -0.2589226506027355,
            0.4912679244855222 0.7070013104035866 -0.5087287818271132,
            0.4912679244855222 0.7070013104035866 -0.5087287818271132,
            0.5130895101158175 0.7024091231033479 -0.49331590121371144,
            0.5130895101158175 0.7024091231033479 -0.49331590121371144,
            0.6418129589611911 0.38258597918397336 -0.6646082261312456,
            0.6418129589611911 0.38258597918397336 -0.6646082261312456,
            0.6416496045092713 0.3771550808004579 -0.6678621340213081,
            0.6416496045092713 0.3771550808004579 -0.6678621340213081,
            0.6946661630141091 4.1033537968117227e-16 -0.7193322750740824,
            0.6946661630141091 4.1033537968117227e-16 -0.7193322750740824,
            0.7410976191565058 0.0 -0.6713972884072132,
            0.7410976191565058 0.0 -0.6713972884072132,
            0.6418129589611912 -0.3825859791839729 -0.6646082261312457,
            0.6418129589611912 -0.3825859791839729 -0.6646082261312457,
            0.6902121469157869 -0.3808407070402308 -0.6152784313715192,
            0.6902121469157869 -0.3808407070402308 -0.6152784313715192,
            0.4912679244855219 -0.7070013104035869 -0.5087287818271131,
            0.4912679244855219 -0.7070013104035869 -0.5087287818271131,
            0.5453025820643215 -0.7037018687631925 -0.4554654475294197,
            0.5453025820643215 -0.7037018687631925 -0.4554654475294197,
            0.26589574515190456 -0.9238391784889873 -0.2753554520958436,
            0.26589574515190456 -0.9238391784889873 -0.2753554520958436,
            0.32843009224226866 -0.919430800040282 -0.21628841496257264,
            0.32843009224226866 -0.919430800040282 -0.21628841496257264,
            1.777537423729083e-6 -0.999999999996986 1.6936207156918758e-6,
            1.777537423729083e-6 -0.999999999996986 1.6936207156918758e-6,
            0.07261154807101929 -0.9951847266721973 0.06584013126592451,
            0.07261154807101929 -0.9951847266721973 0.06584013126592451,
            -0.265879574112946 -0.9238392278158053 0.2753709011827775,
            -0.265879574112946 -0.9238392278158053 0.2753709011827775,
            -0.18320699610022853 -0.9194308000402814 0.34796867749442467,
            -0.18320699610022853 -0.9194308000402814 0.34796867749442467,
            -0.491221388500375 -0.7070015090135212 0.5087734404746062,
            -0.491221388500375 -0.7070015090135212 0.5087734404746062,
            -0.40007948592227677 -0.7037018687631901 0.5871457100612767,
            -0.40007948592227677 -0.7037018687631901 0.5871457100612767,
            -0.6417361890395746 -0.3825862106947279 0.6646822211126251,
            -0.6417361890395746 -0.3825862106947279 0.6646822211126251,
            -0.5449890507737395 -0.3808407070402326 0.7469586939033739,
            -0.5449890507737395 -0.3808407070402326 0.7469586939033739,
            -0.6945769081381089 0.0 0.7194184586742997,
            -0.6945769081381089 0.0 0.7194184586742997,
            -0.5958745230144608 1.6976499042353778e-16 0.8030775509390665,
            -0.5958745230144608 1.6976499042353778e-16 0.8030775509390665,
            -0.6417361890395746 0.3825862106947279 0.6646822211126251,
            -0.6417361890395746 0.3825862106947279 0.6646822211126251,
            -0.5449890507737376 0.38084070704023265 0.7469586939033751,
            -0.5449890507737376 0.38084070704023265 0.7469586939033751,
            -0.491221388500375 0.7070015090135212 0.5087734404746062,
            -0.491221388500375 0.7070015090135212 0.5087734404746062,
            -0.4000794859222736 0.7037018687631901 0.5871457100612789,
            -0.4000794859222736 0.7037018687631901 0.5871457100612789,
            -0.2658795741129454 0.9238392278158057 0.2753709011827769,
            -0.2658795741129454 0.9238392278158057 0.2753709011827769,
            -0.18320699610022434 0.9194308000402813 0.3479686774944271,
            -0.18320699610022434 0.9194308000402813 0.3479686774944271,
            1.7775374236441834e-6 0.999999999996986 1.6936207157909243e-6,
            1.7775374236441834e-6 0.999999999996986 1.6936207157909243e-6,
            0.07261154807102324 0.9951847266721967 0.06584013126592818,
            0.07261154807102324 0.9951847266721967 0.06584013126592818,
            0.2658957451519042 0.9238391784889876 -0.2753554520958432,
            0.2658957451519042 0.9238391784889876 -0.2753554520958432,
            0.3284300922422706 0.919430800040282 -0.21628841496256943,
            0.3284300922422706 0.919430800040282 -0.21628841496256943,
            0.4912679244855222 0.7070013104035866 -0.5087287818271132,
            0.4912679244855222 0.7070013104035866 -0.5087287818271132,
            0.5453025820643219 0.7037018687631927 -0.4554654475294188,
            0.5453025820643219 0.7037018687631927 -0.4554654475294188,
            0.6418129589611911 0.38258597918397336 -0.6646082261312456,
            0.6418129589611911 0.38258597918397336 -0.6646082261312456,
            0.6902121469157869 0.3808407070402308 -0.6152784313715192,
            0.6902121469157869 0.3808407070402308 -0.6152784313715192,
            0.806629987136538 -3.098428161676414e-16 -0.5910567348843161,
            0.806629987136538 -3.098428161676414e-16 -0.5910567348843161,
            1.0 -3.8204108309714803e-16 0.0,
            1.0 -3.8204108309714803e-16 0.0,
            0.7894672545975451 -0.3564645784895283 -0.4996743521539782,
            0.7894672545975451 -0.3564645784895283 -0.4996743521539782,
            0.9238795325112871 -0.3826834323650889 0.0,
            0.9238795325112871 -0.3826834323650889 0.0,
            0.6564542554554995 -0.6902001556350075 -0.3044528792042822,
            0.6564542554554995 -0.6902001556350075 -0.3044528792042822,
            0.7071067811865475 -0.7071067811865475 0.0,
            0.7071067811865475 -0.7071067811865475 0.0,
            0.36945018239000316 -0.9200697437263556 -0.13030053496172514,
            0.36945018239000316 -0.9200697437263556 -0.13030053496172514,
            0.38268343236508917 -0.9238795325112871 0.0,
            0.38268343236508917 -0.9238795325112871 0.0,
            -5.539917862428478e-4 -0.9999916658031004 -0.004044924899330391,
            -5.539917862428478e-4 -0.9999916658031004 -0.004044924899330391,
            -5.518371200292139e-16 -1.0 0.0,
            -5.518371200292139e-16 -1.0 0.0,
            -0.376699558959334 -0.9221857248655949 0.0875838520159993,
            -0.376699558959334 -0.9221857248655949 0.0875838520159993,
            -0.38268343236509067 -0.9238795325112864 0.0,
            -0.38268343236509067 -0.9238795325112864 0.0,
            -0.6946478906864474 -0.7030835000848161 0.1521114718663712,
            -0.6946478906864474 -0.7030835000848161 0.1521114718663712,
            -0.7071067811865483 -0.7071067811865467 0.0,
            -0.7071067811865483 -0.7071067811865467 0.0,
            -0.9053868070475795 -0.37917139073577877 0.1910596400909532,
            -0.9053868070475795 -0.37917139073577877 0.1910596400909532,
            -0.9238795325112864 -0.38268343236509056 0.0,
            -0.9238795325112864 -0.38268343236509056 0.0,
            -0.9789448918181244 0.0 0.20412471379820912,
            -0.9789448918181244 0.0 0.20412471379820912,
            -1.0 0.0 0.0,
            -1.0 0.0 0.0,
            -0.9053868070475795 0.37917139073577877 0.1910596400909532,
            -0.9053868070475795 0.37917139073577877 0.1910596400909532,
            -0.9238795325112864 0.38268343236509056 0.0,
            -0.9238795325112864 0.38268343236509056 0.0,
            -0.6946478906864484 0.7030835000848152 0.1521114718663705,
            -0.6946478906864484 0.7030835000848152 0.1521114718663705,
            -0.7071067811865483 0.7071067811865467 0.0,
            -0.7071067811865483 0.7071067811865467 0.0,
            -0.37669955895933394 0.9221857248655951 0.08758385201599798,
            -0.37669955895933394 0.9221857248655951 0.08758385201599798,
            -0.3826834323650898 0.9238795325112866 0.0,
            -0.3826834323650898 0.9238795325112866 0.0,
            -5.539917862425219e-4 0.9999916658031003 -0.004044924899330803,
            -5.539917862425219e-4 0.9999916658031003 -0.004044924899330803,
            -5.659867897735526e-16 1.0 0.0,
            -5.659867897735526e-16 1.0 0.0,
            0.36945018239000255 0.9200697437263557 -0.13030053496172606,
            0.36945018239000255 0.9200697437263557 -0.13030053496172606,
            0.3826834323650893 0.923879532511287 0.0,
            0.3826834323650893 0.923879532511287 0.0,
            0.6564542554554977 0.690200155635008 -0.30445287920428504,
            0.6564542554554977 0.690200155635008 -0.30445287920428504,
            0.7071067811865465 0.7071067811865487 0.0,
            0.7071067811865465 0.7071067811865487 0.0,
            0.7894672545975434 0.3564645784895291 -0.4996743521539802,
            0.7894672545975434 0.3564645784895291 -0.4996743521539802,
            0.9238795325112863 0.38268343236509095 0.0,
            0.9238795325112863 0.38268343236509095 0.0,
            1.0 -3.8204108309714803e-16 0.0,
            1.0 -3.8204108309714803e-16 0.0,
            0.8700221846046782 3.239335769318796e-16 -0.49301257417605826,
            0.8700221846046782 3.239335769318796e-16 -0.49301257417605826,
            0.9238795325112871 -0.3826834323650889 0.0,
            0.9238795325112871 -0.3826834323650889 0.0,
            0.8037956891870192 -0.33294307583829025 -0.49301257417605837,
            0.8037956891870192 -0.33294307583829025 -0.49301257417605837,
            0.7071067811865475 -0.7071067811865475 0.0,
            0.7071067811865475 -0.7071067811865475 0.0,
            0.6151985865167019 -0.6151985865167022 -0.4930125741760586,
            0.6151985865167019 -0.6151985865167022 -0.4930125741760586,
            0.38268343236508917 -0.9238795325112871 0.0,
            0.38268343236508917 -0.9238795325112871 0.0,
            0.3329430758382898 -0.8037956891870192 -0.4930125741760587,
            0.3329430758382898 -0.8037956891870192 -0.4930125741760587,
            -5.518371200292139e-16 -1.0 0.0,
            -5.518371200292139e-16 -1.0 0.0,
            -8.027919080485711e-16 -0.8700221846046781 -0.4930125741760585,
            -8.027919080485711e-16 -0.8700221846046781 -0.4930125741760585,
            -0.38268343236509067 -0.9238795325112864 0.0,
            -0.38268343236509067 -0.9238795325112864 0.0,
            -0.3329430758382923 -0.8037956891870183 -0.49301257417605837,
            -0.3329430758382923 -0.8037956891870183 -0.49301257417605837,
            -0.7071067811865483 -0.7071067811865467 0.0,
            -0.7071067811865483 -0.7071067811865467 0.0,
            -0.6151985865167037 -0.6151985865167009 -0.4930125741760581,
            -0.6151985865167037 -0.6151985865167009 -0.4930125741760581,
            -0.9238795325112864 -0.38268343236509056 0.0,
            -0.9238795325112864 -0.38268343236509056 0.0,
            -0.8037956891870182 -0.3329430758382932 -0.4930125741760579,
            -0.8037956891870182 -0.3329430758382932 -0.4930125741760579,
            -1.0 0.0 0.0,
            -1.0 0.0 0.0,
            -0.8700221846046778 0.0 -0.49301257417605876,
            -0.8700221846046778 0.0 -0.49301257417605876,
            -0.9238795325112864 0.38268343236509056 0.0,
            -0.9238795325112864 0.38268343236509056 0.0,
            -0.8037956891870178 0.33294307583829363 -0.49301257417605815,
            -0.8037956891870178 0.33294307583829363 -0.49301257417605815,
            -0.7071067811865483 0.7071067811865467 0.0,
            -0.7071067811865483 0.7071067811865467 0.0,
            -0.615198586516704 0.6151985865167005 -0.4930125741760583,
            -0.615198586516704 0.6151985865167005 -0.4930125741760583,
            -0.3826834323650898 0.9238795325112866 0.0,
            -0.3826834323650898 0.9238795325112866 0.0,
            -0.3329430758382926 0.8037956891870178 -0.4930125741760588,
            -0.3329430758382926 0.8037956891870178 -0.4930125741760588,
            -5.659867897735526e-16 1.0 0.0,
            -5.659867897735526e-16 1.0 0.0,
            -6.47867153863759e-16 0.8700221846046783 -0.49301257417605815,
            -6.47867153863759e-16 0.8700221846046783 -0.49301257417605815,
            0.3826834323650893 0.923879532511287 0.0,
            0.3826834323650893 0.923879532511287 0.0,
            0.3329430758382898 0.8037956891870193 -0.4930125741760584,
            0.3329430758382898 0.8037956891870193 -0.4930125741760584,
            0.7071067811865465 0.7071067811865487 0.0,
            0.7071067811865465 0.7071067811865487 0.0,
            0.6151985865167019 0.6151985865167026 -0.49301257417605815,
            0.6151985865167019 0.6151985865167026 -0.49301257417605815,
            0.9238795325112863 0.38268343236509095 0.0,
            0.9238795325112863 0.38268343236509095 0.0,
            0.8037956891870186 0.3329430758382914 -0.49301257417605837,
            0.8037956891870186 0.3329430758382914 -0.49301257417605837,
            0.8700221846046782 3.239335769318796e-16 -0.49301257417605826,
            0.8700221846046782 3.239335769318796e-16 -0.49301257417605826,
            -8.382120868648417e-17 -1.6921578347988787e-17 -1.0,
            0.8037956891870192 -0.33294307583829025 -0.49301257417605837,
            0.8037956891870192 -0.33294307583829025 -0.49301257417605837,
            -8.382120868648417e-17 -1.6921578347988787e-17 -1.0,
            0.6151985865167019 -0.6151985865167022 -0.4930125741760586,
            0.6151985865167019 -0.6151985865167022 -0.4930125741760586,
            -8.382120868648417e-17 -1.6921578347988787e-17 -1.0,
            0.3329430758382898 -0.8037956891870192 -0.4930125741760587,
            0.3329430758382898 -0.8037956891870192 -0.4930125741760587,
            -8.382120868648417e-17 -1.6921578347988787e-17 -1.0,
            -8.027919080485711e-16 -0.8700221846046781 -0.4930125741760585,
            -8.027919080485711e-16 -0.8700221846046781 -0.4930125741760585,
            -8.382120868648417e-17 -1.6921578347988787e-17 -1.0,
            -0.3329430758382923 -0.8037956891870183 -0.49301257417605837,
            -0.3329430758382923 -0.8037956891870183 -0.49301257417605837,
            -8.382120868648417e-17 -1.6921578347988787e-17 -1.0,
            -0.6151985865167037 -0.6151985865167009 -0.4930125741760581,
            -0.6151985865167037 -0.6151985865167009 -0.4930125741760581,
            -8.382120868648417e-17 -1.6921578347988787e-17 -1.0,
            -0.8037956891870182 -0.3329430758382932 -0.4930125741760579,
            -0.8037956891870182 -0.3329430758382932 -0.4930125741760579,
            -8.382120868648417e-17 -1.6921578347988787e-17 -1.0,
            -0.8700221846046778 0.0 -0.49301257417605876,
            -0.8700221846046778 0.0 -0.49301257417605876,
            -8.382120868648417e-17 -1.6921578347988787e-17 -1.0,
            -0.8037956891870178 0.33294307583829363 -0.49301257417605815,
            -0.8037956891870178 0.33294307583829363 -0.49301257417605815,
            -8.382120868648417e-17 -1.6921578347988787e-17 -1.0,
            -0.615198586516704 0.6151985865167005 -0.4930125741760583,
            -0.615198586516704 0.6151985865167005 -0.4930125741760583,
            -8.382120868648417e-17 -1.6921578347988787e-17 -1.0,
            -0.3329430758382926 0.8037956891870178 -0.4930125741760588,
            -0.3329430758382926 0.8037956891870178 -0.4930125741760588,
            -8.382120868648417e-17 -1.6921578347988787e-17 -1.0,
            -6.47867153863759e-16 0.8700221846046783 -0.49301257417605815,
            -6.47867153863759e-16 0.8700221846046783 -0.49301257417605815,
            -8.382120868648417e-17 -1.6921578347988787e-17 -1.0,
            0.3329430758382898 0.8037956891870193 -0.4930125741760584,
            0.3329430758382898 0.8037956891870193 -0.4930125741760584,
            -8.382120868648417e-17 -1.6921578347988787e-17 -1.0,
            0.6151985865167019 0.6151985865167026 -0.49301257417605815,
            0.6151985865167019 0.6151985865167026 -0.49301257417605815,
            -8.382120868648417e-17 -1.6921578347988787e-17 -1.0,
            0.8037956891870186 0.3329430758382914 -0.49301257417605837,
            0.8037956891870186 0.3329430758382914 -0.49301257417605837,
            -8.382120868648417e-17 -1.6921578347988787e-17 -1.0 ]
        }
        normalIndex [
          291, 295, 359, 355, -1,
          293, 352, 490, 487, -1,
          290, 354, 414, 350, -1,
          292, 486, 482, 296, -1,
          294, 299, 363, 358, -1,
          297, 483, 543, 301, -1,
          298, 303, 367, 362, -1,
          300, 542, 539, 305, -1,
          302, 307, 371, 366, -1,
          304, 538, 535, 309, -1,
          306, 311, 375, 370, -1,
          308, 534, 531, 313, -1,
          310, 315, 379, 374, -1,
          312, 530, 527, 317, -1,
          314, 319, 383, 378, -1,
          316, 526, 523, 321, -1,
          318, 323, 387, 382, -1,
          320, 522, 519, 325, -1,
          322, 327, 391, 386, -1,
          324, 518, 515, 329, -1,
          326, 331, 395, 390, -1,
          328, 514, 511, 333, -1,
          330, 335, 399, 394, -1,
          332, 510, 507, 337, -1,
          334, 339, 403, 398, -1,
          336, 506, 503, 341, -1,
          338, 343, 407, 402, -1,
          340, 502, 499, 345, -1,
          342, 347, 411, 406, -1,
          344, 498, 495, 349, -1,
          346, 351, 415, 410, -1,
          348, 494, 491, 353, -1,
          356, 360, 422, 418, -1,
          357, 419, 479, 417, -1,
          361, 364, 426, 423, -1,
          365, 368, 430, 427, -1,
          369, 372, 434, 431, -1,
          373, 376, 438, 435, -1,
          377, 380, 442, 439, -1,
          381, 384, 446, 443, -1,
          385, 388, 450, 447, -1,
          389, 392, 454, 451, -1,
          393, 396, 458, 455, -1,
          397, 400, 462, 459, -1,
          401, 404, 466, 463, -1,
          405, 408, 470, 467, -1,
          409, 412, 474, 471, -1,
          413, 416, 478, 475, -1,
          420, 424, 549, 546, -1,
          421, 547, 592, 481, -1,
          425, 428, 552, 550, -1,
          429, 432, 555, 553, -1,
          433, 436, 558, 556, -1,
          437, 440, 561, 559, -1,
          441, 444, 564, 562, -1,
          445, 448, 567, 565, -1,
          449, 452, 570, 568, -1,
          453, 456, 573, 571, -1,
          457, 460, 576, 574, -1,
          461, 464, 579, 577, -1,
          465, 468, 582, 580, -1,
          469, 472, 585, 583, -1,
          473, 476, 588, 586, -1,
          477, 480, 591, 589, -1,
          484, 488, 597, 594, -1,
          485, 595, 640, 545, -1,
          489, 492, 600, 598, -1,
          493, 496, 603, 601, -1,
          497, 500, 606, 604, -1,
          501, 504, 609, 607, -1,
          505, 508, 612, 610, -1,
          509, 512, 615, 613, -1,
          513, 516, 618, 616, -1,
          517, 520, 621, 619, -1,
          521, 524, 624, 622, -1,
          525, 528, 627, 625, -1,
          529, 532, 630, 628, -1,
          533, 536, 633, 631, -1,
          537, 540, 636, 634, -1,
          541, 544, 639, 637, -1,
          548, 551, 554, 557, 560, 563, 566, 569, 572, 575, 578, 581, 584, 587, 590, 593, -1,
          596, 599, 602, 605, 608, 611, 614, 617, 620, 623, 626, 629, 632, 635, 638, 641, -1,
          643, 647, 711, 707, -1,
          645, 705, 128, 113, -1,
          642, 706, 766, 702, -1,
          644, 113, 114, 648, -1,
          646, 651, 715, 710, -1,
          649, 114, 115, 652, -1,
          650, 655, 719, 714, -1,
          653, 115, 116, 656, -1,
          654, 659, 723, 718, -1,
          657, 116, 117, 660, -1,
          658, 663, 727, 722, -1,
          661, 117, 118, 664, -1,
          662, 667, 731, 726, -1,
          665, 118, 119, 668, -1,
          666, 671, 735, 730, -1,
          669, 119, 120, 672, -1,
          670, 675, 739, 734, -1,
          673, 120, 121, 676, -1,
          674, 679, 743, 738, -1,
          677, 121, 122, 680, -1,
          678, 683, 747, 742, -1,
          681, 122, 123, 684, -1,
          682, 687, 751, 746, -1,
          685, 123, 124, 688, -1,
          686, 691, 755, 750, -1,
          689, 124, 125, 692, -1,
          690, 695, 759, 754, -1,
          693, 125, 126, 696, -1,
          694, 699, 763, 758, -1,
          697, 126, 127, 700, -1,
          698, 703, 767, 762, -1,
          701, 127, 128, 704, -1,
          0, 1, 112, -1,
          0, 15, 31, 16, -1,
          0, 16, 17, 1, -1,
          0, 112, 15, -1,
          1, 2, 112, -1,
          1, 17, 18, 2, -1,
          2, 3, 112, -1,
          2, 18, 19, 3, -1,
          3, 4, 112, -1,
          3, 19, 20, 4, -1,
          4, 5, 112, -1,
          4, 20, 21, 5, -1,
          5, 6, 112, -1,
          5, 21, 22, 6, -1,
          6, 7, 112, -1,
          6, 22, 23, 7, -1,
          7, 8, 112, -1,
          7, 23, 24, 8, -1,
          8, 9, 112, -1,
          8, 24, 25, 9, -1,
          9, 10, 112, -1,
          9, 25, 26, 10, -1,
          10, 11, 112, -1,
          10, 26, 27, 11, -1,
          11, 12, 112, -1,
          11, 27, 28, 12, -1,
          12, 13, 112, -1,
          12, 28, 29, 13, -1,
          13, 14, 112, -1,
          13, 29, 30, 14, -1,
          14, 15, 112, -1,
          14, 30, 31, 15, -1,
          16, 31, 47, 32, -1,
          16, 32, 33, 17, -1,
          17, 33, 34, 18, -1,
          18, 34, 35, 19, -1,
          19, 35, 36, 20, -1,
          20, 36, 37, 21, -1,
          21, 37, 38, 22, -1,
          22, 38, 39, 23, -1,
          23, 39, 40, 24, -1,
          24, 40, 41, 25, -1,
          25, 41, 42, 26, -1,
          26, 42, 43, 27, -1,
          27, 43, 44, 28, -1,
          28, 44, 45, 29, -1,
          29, 45, 46, 30, -1,
          30, 46, 47, 31, -1,
          32, 47, 63, 48, -1,
          32, 48, 49, 33, -1,
          33, 49, 50, 34, -1,
          34, 50, 51, 35, -1,
          35, 51, 52, 36, -1,
          36, 52, 53, 37, -1,
          37, 53, 54, 38, -1,
          38, 54, 55, 39, -1,
          39, 55, 56, 40, -1,
          40, 56, 57, 41, -1,
          41, 57, 58, 42, -1,
          42, 58, 59, 43, -1,
          43, 59, 60, 44, -1,
          44, 60, 61, 45, -1,
          45, 61, 62, 46, -1,
          46, 62, 63, 47, -1,
          48, 63, 79, 64, -1,
          48, 64, 65, 49, -1,
          49, 65, 66, 50, -1,
          50, 66, 67, 51, -1,
          51, 67, 68, 52, -1,
          52, 68, 69, 53, -1,
          53, 69, 70, 54, -1,
          54, 70, 71, 55, -1,
          55, 71, 72, 56, -1,
          56, 72, 73, 57, -1,
          57, 73, 74, 58, -1,
          58, 74, 75, 59, -1,
          59, 75, 76, 60, -1,
          60, 76, 77, 61, -1,
          61, 77, 78, 62, -1,
          62, 78, 79, 63, -1,
          64, 79, 95, 80, -1,
          64, 80, 81, 65, -1,
          65, 81, 82, 66, -1,
          66, 82, 83, 67, -1,
          67, 83, 84, 68, -1,
          68, 84, 85, 69, -1,
          69, 85, 86, 70, -1,
          70, 86, 87, 71, -1,
          71, 87, 88, 72, -1,
          72, 88, 89, 73, -1,
          73, 89, 90, 74, -1,
          74, 90, 91, 75, -1,
          75, 91, 92, 76, -1,
          76, 92, 93, 77, -1,
          77, 93, 94, 78, -1,
          78, 94, 95, 79, -1,
          80, 95, 111, 96, -1,
          80, 96, 97, 81, -1,
          81, 97, 98, 82, -1,
          82, 98, 99, 83, -1,
          83, 99, 100, 84, -1,
          84, 100, 101, 85, -1,
          85, 101, 102, 86, -1,
          86, 102, 103, 87, -1,
          87, 103, 104, 88, -1,
          88, 104, 105, 89, -1,
          89, 105, 106, 90, -1,
          90, 106, 107, 91, -1,
          91, 107, 108, 92, -1,
          92, 108, 109, 93, -1,
          93, 109, 110, 94, -1,
          94, 110, 111, 95, -1,
          96, 111, 769, 709, -1,
          96, 708, 712, 97, -1,
          97, 713, 716, 98, -1,
          98, 717, 720, 99, -1,
          99, 721, 724, 100, -1,
          100, 725, 728, 101, -1,
          101, 729, 732, 102, -1,
          102, 733, 736, 103, -1,
          103, 737, 740, 104, -1,
          104, 741, 744, 105, -1,
          105, 745, 748, 106, -1,
          106, 749, 752, 107, -1,
          107, 753, 756, 108, -1,
          108, 757, 760, 109, -1,
          109, 761, 764, 110, -1,
          110, 765, 768, 111, -1,
          113, 128, 144, 129, -1,
          113, 129, 130, 114, -1,
          114, 130, 131, 115, -1,
          115, 131, 132, 116, -1,
          116, 132, 133, 117, -1,
          117, 133, 134, 118, -1,
          118, 134, 135, 119, -1,
          119, 135, 136, 120, -1,
          120, 136, 137, 121, -1,
          121, 137, 138, 122, -1,
          122, 138, 139, 123, -1,
          123, 139, 140, 124, -1,
          124, 140, 141, 125, -1,
          125, 141, 142, 126, -1,
          126, 142, 143, 127, -1,
          127, 143, 144, 128, -1,
          129, 144, 831, 771, -1,
          129, 770, 774, 130, -1,
          130, 775, 778, 131, -1,
          131, 779, 782, 132, -1,
          132, 783, 786, 133, -1,
          133, 787, 790, 134, -1,
          134, 791, 794, 135, -1,
          135, 795, 798, 136, -1,
          136, 799, 802, 137, -1,
          137, 803, 806, 138, -1,
          138, 807, 810, 139, -1,
          139, 811, 814, 140, -1,
          140, 815, 818, 141, -1,
          141, 819, 822, 142, -1,
          142, 823, 826, 143, -1,
          143, 827, 830, 144, -1,
          773, 833, 895, 835, -1,
          772, 834, 838, 776, -1,
          777, 839, 842, 780, -1,
          781, 843, 846, 784, -1,
          785, 847, 850, 788, -1,
          789, 851, 854, 792, -1,
          793, 855, 858, 796, -1,
          797, 859, 862, 800, -1,
          801, 863, 866, 804, -1,
          805, 867, 870, 808, -1,
          809, 871, 874, 812, -1,
          813, 875, 878, 816, -1,
          817, 879, 882, 820, -1,
          821, 883, 886, 824, -1,
          825, 887, 890, 828, -1,
          829, 891, 894, 832, -1,
          837, 897, 944, 899, -1,
          836, 898, 901, 840, -1,
          841, 902, 904, 844, -1,
          845, 905, 907, 848, -1,
          849, 908, 910, 852, -1,
          853, 911, 913, 856, -1,
          857, 914, 916, 860, -1,
          861, 917, 919, 864, -1,
          865, 920, 922, 868, -1,
          869, 923, 925, 872, -1,
          873, 926, 928, 876, -1,
          877, 929, 931, 880, -1,
          881, 932, 934, 884, -1,
          885, 935, 937, 888, -1,
          889, 938, 940, 892, -1,
          893, 941, 943, 896, -1,
          900, 945, 942, 939, 936, 933, 930, 927, 924, 921, 918, 915, 912, 909, 906, 903, -1,
          948, 952, 259, 258, -1,
          946, 1006, 1070, 1010, -1,
          947, 1011, 1015, 951, -1,
          949, 258, 273, 1009, -1,
          953, 956, 260, 259, -1,
          950, 1014, 1019, 955, -1,
          957, 960, 261, 260, -1,
          954, 1018, 1023, 959, -1,
          961, 964, 262, 261, -1,
          958, 1022, 1027, 963, -1,
          965, 968, 263, 262, -1,
          962, 1026, 1031, 967, -1,
          969, 972, 264, 263, -1,
          966, 1030, 1035, 971, -1,
          973, 976, 265, 264, -1,
          970, 1034, 1039, 975, -1,
          977, 980, 266, 265, -1,
          974, 1038, 1043, 979, -1,
          981, 984, 267, 266, -1,
          978, 1042, 1047, 983, -1,
          985, 988, 268, 267, -1,
          982, 1046, 1051, 987, -1,
          989, 992, 269, 268, -1,
          986, 1050, 1055, 991, -1,
          993, 996, 270, 269, -1,
          990, 1054, 1059, 995, -1,
          997, 1000, 271, 270, -1,
          994, 1058, 1063, 999, -1,
          1001, 1004, 272, 271, -1,
          998, 1062, 1067, 1003, -1,
          1005, 1008, 273, 272, -1,
          1002, 1066, 1071, 1007, -1,
          145, 146, 162, 161, -1,
          145, 160, 257, -1,
          145, 161, 176, 160, -1,
          145, 257, 146, -1,
          146, 147, 163, 162, -1,
          146, 257, 147, -1,
          147, 148, 164, 163, -1,
          147, 257, 148, -1,
          148, 149, 165, 164, -1,
          148, 257, 149, -1,
          149, 150, 166, 165, -1,
          149, 257, 150, -1,
          150, 151, 167, 166, -1,
          150, 257, 151, -1,
          151, 152, 168, 167, -1,
          151, 257, 152, -1,
          152, 153, 169, 168, -1,
          152, 257, 153, -1,
          153, 154, 170, 169, -1,
          153, 257, 154, -1,
          154, 155, 171, 170, -1,
          154, 257, 155, -1,
          155, 156, 172, 171, -1,
          155, 257, 156, -1,
          156, 157, 173, 172, -1,
          156, 257, 157, -1,
          157, 158, 174, 173, -1,
          157, 257, 158, -1,
          158, 159, 175, 174, -1,
          158, 257, 159, -1,
          159, 160, 176, 175, -1,
          159, 257, 160, -1,
          161, 162, 178, 177, -1,
          161, 177, 192, 176, -1,
          162, 163, 179, 178, -1,
          163, 164, 180, 179, -1,
          164, 165, 181, 180, -1,
          165, 166, 182, 181, -1,
          166, 167, 183, 182, -1,
          167, 168, 184, 183, -1,
          168, 169, 185, 184, -1,
          169, 170, 186, 185, -1,
          170, 171, 187, 186, -1,
          171, 172, 188, 187, -1,
          172, 173, 189, 188, -1,
          173, 174, 190, 189, -1,
          174, 175, 191, 190, -1,
          175, 176, 192, 191, -1,
          177, 178, 194, 193, -1,
          177, 193, 208, 192, -1,
          178, 179, 195, 194, -1,
          179, 180, 196, 195, -1,
          180, 181, 197, 196, -1,
          181, 182, 198, 197, -1,
          182, 183, 199, 198, -1,
          183, 184, 200, 199, -1,
          184, 185, 201, 200, -1,
          185, 186, 202, 201, -1,
          186, 187, 203, 202, -1,
          187, 188, 204, 203, -1,
          188, 189, 205, 204, -1,
          189, 190, 206, 205, -1,
          190, 191, 207, 206, -1,
          191, 192, 208, 207, -1,
          193, 194, 210, 209, -1,
          193, 209, 224, 208, -1,
          194, 195, 211, 210, -1,
          195, 196, 212, 211, -1,
          196, 197, 213, 212, -1,
          197, 198, 214, 213, -1,
          198, 199, 215, 214, -1,
          199, 200, 216, 215, -1,
          200, 201, 217, 216, -1,
          201, 202, 218, 217, -1,
          202, 203, 219, 218, -1,
          203, 204, 220, 219, -1,
          204, 205, 221, 220, -1,
          205, 206, 222, 221, -1,
          206, 207, 223, 222, -1,
          207, 208, 224, 223, -1,
          209, 210, 226, 225, -1,
          209, 225, 240, 224, -1,
          210, 211, 227, 226, -1,
          211, 212, 228, 227, -1,
          212, 213, 229, 228, -1,
          213, 214, 230, 229, -1,
          214, 215, 231, 230, -1,
          215, 216, 232, 231, -1,
          216, 217, 233, 232, -1,
          217, 218, 234, 233, -1,
          218, 219, 235, 234, -1,
          219, 220, 236, 235, -1,
          220, 221, 237, 236, -1,
          221, 222, 238, 237, -1,
          222, 223, 239, 238, -1,
          223, 224, 240, 239, -1,
          225, 226, 242, 241, -1,
          225, 241, 256, 240, -1,
          226, 227, 243, 242, -1,
          227, 228, 244, 243, -1,
          228, 229, 245, 244, -1,
          229, 230, 246, 245, -1,
          230, 231, 247, 246, -1,
          231, 232, 248, 247, -1,
          232, 233, 249, 248, -1,
          233, 234, 250, 249, -1,
          234, 235, 251, 250, -1,
          235, 236, 252, 251, -1,
          236, 237, 253, 252, -1,
          237, 238, 254, 253, -1,
          238, 239, 255, 254, -1,
          239, 240, 256, 255, -1,
          241, 242, 1016, 1012, -1,
          241, 1013, 1073, 256, -1,
          242, 243, 1020, 1017, -1,
          243, 244, 1024, 1021, -1,
          244, 245, 1028, 1025, -1,
          245, 246, 1032, 1029, -1,
          246, 247, 1036, 1033, -1,
          247, 248, 1040, 1037, -1,
          248, 249, 1044, 1041, -1,
          249, 250, 1048, 1045, -1,
          250, 251, 1052, 1049, -1,
          251, 252, 1056, 1053, -1,
          252, 253, 1060, 1057, -1,
          253, 254, 1064, 1061, -1,
          254, 255, 1068, 1065, -1,
          255, 256, 1072, 1069, -1,
          258, 259, 275, 274, -1,
          258, 274, 289, 273, -1,
          259, 260, 276, 275, -1,
          260, 261, 277, 276, -1,
          261, 262, 278, 277, -1,
          262, 263, 279, 278, -1,
          263, 264, 280, 279, -1,
          264, 265, 281, 280, -1,
          265, 266, 282, 281, -1,
          266, 267, 283, 282, -1,
          267, 268, 284, 283, -1,
          268, 269, 285, 284, -1,
          269, 270, 286, 285, -1,
          270, 271, 287, 286, -1,
          271, 272, 288, 287, -1,
          272, 273, 289, 288, -1,
          274, 275, 1078, 1074, -1,
          274, 1075, 1135, 289, -1,
          275, 276, 1082, 1079, -1,
          276, 277, 1086, 1083, -1,
          277, 278, 1090, 1087, -1,
          278, 279, 1094, 1091, -1,
          279, 280, 1098, 1095, -1,
          280, 281, 1102, 1099, -1,
          281, 282, 1106, 1103, -1,
          282, 283, 1110, 1107, -1,
          283, 284, 1114, 1111, -1,
          284, 285, 1118, 1115, -1,
          285, 286, 1122, 1119, -1,
          286, 287, 1126, 1123, -1,
          287, 288, 1130, 1127, -1,
          288, 289, 1134, 1131, -1,
          1076, 1080, 1142, 1138, -1,
          1077, 1139, 1199, 1137, -1,
          1081, 1084, 1146, 1143, -1,
          1085, 1088, 1150, 1147, -1,
          1089, 1092, 1154, 1151, -1,
          1093, 1096, 1158, 1155, -1,
          1097, 1100, 1162, 1159, -1,
          1101, 1104, 1166, 1163, -1,
          1105, 1108, 1170, 1167, -1,
          1109, 1112, 1174, 1171, -1,
          1113, 1116, 1178, 1175, -1,
          1117, 1120, 1182, 1179, -1,
          1121, 1124, 1186, 1183, -1,
          1125, 1128, 1190, 1187, -1,
          1129, 1132, 1194, 1191, -1,
          1133, 1136, 1198, 1195, -1,
          1140, 1144, 1205, 1202, -1,
          1141, 1203, 1248, 1201, -1,
          1145, 1148, 1208, 1206, -1,
          1149, 1152, 1211, 1209, -1,
          1153, 1156, 1214, 1212, -1,
          1157, 1160, 1217, 1215, -1,
          1161, 1164, 1220, 1218, -1,
          1165, 1168, 1223, 1221, -1,
          1169, 1172, 1226, 1224, -1,
          1173, 1176, 1229, 1227, -1,
          1177, 1180, 1232, 1230, -1,
          1181, 1184, 1235, 1233, -1,
          1185, 1188, 1238, 1236, -1,
          1189, 1192, 1241, 1239, -1,
          1193, 1196, 1244, 1242, -1,
          1197, 1200, 1247, 1245, -1,
          1204, 1207, 1210, 1213, 1216, 1219, 1222, 1225, 1228, 1231, 1234, 1237, 1240, 1243, 1246, 1249, -1 ]
      }
    }

  ]
}

