#VRML V2.0 utf8
#Exported from Wings 3D 2.4.1
DEF Cylinder7_copy8 Transform {
  children [
    Shape {
      appearance Appearance {
        material DEF pins Material {
          diffuseColor 0.6 0.6 0.6
          emissiveColor 0.0 0.0 0.0
          specularColor 0.5999999905136262 0.5999999905136262 0.5999999905136262
          ambientIntensity 1.0
          transparency 0.0
          shininess 0.5
        }
      }
      geometry IndexedFaceSet {
        normalPerVertex TRUE
        coord Coordinate {
          point [
            1.57730033465 -1.22000044094 1.0,
            1.5651210598518055 -1.2812297901184144 1.0,
            1.530437419639848 -1.3331375259298477 1.0,
            1.478529683828414 -1.3678211661418058 1.0,
            1.41730033465 -1.38000044094 1.0,
            1.3560709854715858 -1.3678211661418058 1.0,
            1.3041632496601523 -1.3331375259298477 1.0,
            1.2694796094481942 -1.2812297901184144 1.0,
            1.25730033465 -1.22000044094 1.0,
            1.2694796094481942 -1.1587710917615857 1.0,
            1.3041632496601523 -1.1068633559501524 1.0,
            1.3560709854715858 -1.072179715738194 1.0,
            1.41730033465 -1.06000044094 1.0,
            1.478529683828414 -1.072179715738194 1.0,
            1.530437419639848 -1.1068633559501524 1.0,
            1.5651210598518055 -1.1587710917615854 1.0,
            1.57730033465 -1.22000044094 -1.0,
            1.5651210598518055 -1.2812297901184144 -1.0,
            1.530437419639848 -1.3331375259298477 -1.0,
            1.478529683828414 -1.367821166141806 -1.0,
            1.41730033465 -1.3800004409400002 -1.0,
            1.3560709854715858 -1.367821166141806 -1.0,
            1.3041632496601523 -1.3331375259298477 -1.0,
            1.2694796094481942 -1.2812297901184144 -1.0,
            1.25730033465 -1.22000044094 -1.0,
            1.2694796094481942 -1.1587710917615857 -1.0,
            1.3041632496601523 -1.1068633559501524 -1.0,
            1.3560709854715858 -1.0721797157381943 -1.0,
            1.41730033465 -1.0600004409400001 -1.0,
            1.478529683828414 -1.0721797157381943 -1.0,
            1.530437419639848 -1.1068633559501524 -1.0,
            1.5651210598518055 -1.1587710917615857 -1.0 ]
        }
        coordIndex [
          0, 1, 17, 16, -1,
          0, 15, 14, 13, 12, 11, 10, 9, 8, 7, 6, 5, 4, 3, 2, 1, -1,
          0, 16, 31, 15, -1,
          1, 2, 18, 17, -1,
          2, 3, 19, 18, -1,
          3, 4, 20, 19, -1,
          4, 5, 21, 20, -1,
          5, 6, 22, 21, -1,
          6, 7, 23, 22, -1,
          7, 8, 24, 23, -1,
          8, 9, 25, 24, -1,
          9, 10, 26, 25, -1,
          10, 11, 27, 26, -1,
          11, 12, 28, 27, -1,
          12, 13, 29, 28, -1,
          13, 14, 30, 29, -1,
          14, 15, 31, 30, -1,
          16, 17, 18, 19, 20, 21, 22, 23, 24, 25, 26, 27, 28, 29, 30, 31, -1 ]
        normal Normal {
          vector [
            0.0 0.0 1.0,
            1.0 -1.8394570667640493e-16 -5.533509394562759e-18,
            1.0 -1.8394570667640493e-16 -5.533509394562759e-18,
            0.0 0.0 1.0,
            0.9238795325112875 -0.38268343236508806 0.0,
            0.9238795325112875 -0.38268343236508806 0.0,
            0.0 0.0 1.0,
            0.7071067811865491 -0.707106781186546 2.346207983294598e-17,
            0.7071067811865491 -0.707106781186546 2.346207983294598e-17,
            0.0 0.0 1.0,
            0.3826834323650872 -0.9238795325112878 7.901851415435628e-17,
            0.3826834323650872 -0.9238795325112878 7.901851415435628e-17,
            0.0 0.0 1.0,
            0.0 -1.0 1.111128686428208e-16,
            0.0 -1.0 1.111128686428208e-16,
            0.0 0.0 1.0,
            -0.382683432365089 -0.9238795325112871 7.901851415435643e-17,
            -0.382683432365089 -0.9238795325112871 7.901851415435643e-17,
            0.0 0.0 1.0,
            -0.7071067811865474 -0.7071067811865476 2.3462079832946086e-17,
            -0.7071067811865474 -0.7071067811865476 2.3462079832946086e-17,
            0.0 0.0 1.0,
            -0.9238795325112871 -0.3826834323650889 0.0,
            -0.9238795325112871 -0.3826834323650889 0.0,
            0.0 0.0 1.0,
            -1.0 0.0 0.0,
            -1.0 0.0 0.0,
            0.0 0.0 1.0,
            -0.9238795325112871 0.3826834323650889 0.0,
            -0.9238795325112871 0.3826834323650889 0.0,
            0.0 0.0 1.0,
            -0.7071067811865474 0.7071067811865476 -2.3462079832946086e-17,
            -0.7071067811865474 0.7071067811865476 -2.3462079832946086e-17,
            0.0 0.0 1.0,
            -0.382683432365089 0.9238795325112871 -7.901851415435643e-17,
            -0.382683432365089 0.9238795325112871 -7.901851415435643e-17,
            0.0 0.0 1.0,
            0.0 1.0 -1.111128686428208e-16,
            0.0 1.0 -1.111128686428208e-16,
            0.0 0.0 1.0,
            0.3826834323650872 0.9238795325112878 -7.901851415435628e-17,
            0.3826834323650872 0.9238795325112878 -7.901851415435628e-17,
            0.0 0.0 1.0,
            0.7071067811865487 0.7071067811865464 -3.9398586889286917e-17,
            0.7071067811865487 0.7071067811865464 -3.9398586889286917e-17,
            0.0 0.0 1.0,
            0.9238795325112873 0.3826834323650884 -2.147001645090363e-17,
            0.9238795325112873 0.3826834323650884 -2.147001645090363e-17,
            0.0 0.0 -1.0,
            1.0 -1.8394570667640493e-16 -5.533509394562759e-18,
            1.0 -1.8394570667640493e-16 -5.533509394562759e-18,
            0.0 0.0 -1.0,
            0.9238795325112875 -0.38268343236508806 0.0,
            0.9238795325112875 -0.38268343236508806 0.0,
            0.0 0.0 -1.0,
            0.7071067811865491 -0.707106781186546 2.346207983294598e-17,
            0.7071067811865491 -0.707106781186546 2.346207983294598e-17,
            0.0 0.0 -1.0,
            0.3826834323650872 -0.9238795325112878 7.901851415435628e-17,
            0.3826834323650872 -0.9238795325112878 7.901851415435628e-17,
            0.0 0.0 -1.0,
            0.0 -1.0 1.111128686428208e-16,
            0.0 -1.0 1.111128686428208e-16,
            0.0 0.0 -1.0,
            -0.382683432365089 -0.9238795325112871 7.901851415435643e-17,
            -0.382683432365089 -0.9238795325112871 7.901851415435643e-17,
            0.0 0.0 -1.0,
            -0.7071067811865474 -0.7071067811865476 2.3462079832946086e-17,
            -0.7071067811865474 -0.7071067811865476 2.3462079832946086e-17,
            0.0 0.0 -1.0,
            -0.9238795325112871 -0.3826834323650889 0.0,
            -0.9238795325112871 -0.3826834323650889 0.0,
            0.0 0.0 -1.0,
            -1.0 0.0 0.0,
            -1.0 0.0 0.0,
            0.0 0.0 -1.0,
            -0.9238795325112871 0.3826834323650889 0.0,
            -0.9238795325112871 0.3826834323650889 0.0,
            0.0 0.0 -1.0,
            -0.7071067811865474 0.7071067811865476 -2.3462079832946086e-17,
            -0.7071067811865474 0.7071067811865476 -2.3462079832946086e-17,
            0.0 0.0 -1.0,
            -0.382683432365089 0.9238795325112871 -7.901851415435643e-17,
            -0.382683432365089 0.9238795325112871 -7.901851415435643e-17,
            0.0 0.0 -1.0,
            0.0 1.0 -1.111128686428208e-16,
            0.0 1.0 -1.111128686428208e-16,
            0.0 0.0 -1.0,
            0.3826834323650872 0.9238795325112878 -7.901851415435628e-17,
            0.3826834323650872 0.9238795325112878 -7.901851415435628e-17,
            0.0 0.0 -1.0,
            0.7071067811865487 0.7071067811865464 -3.9398586889286917e-17,
            0.7071067811865487 0.7071067811865464 -3.9398586889286917e-17,
            0.0 0.0 -1.0,
            0.9238795325112873 0.3826834323650884 -2.147001645090363e-17,
            0.9238795325112873 0.3826834323650884 -2.147001645090363e-17 ]
        }
        normalIndex [
          2, 5, 53, 50, -1,
          0, 45, 42, 39, 36, 33, 30, 27, 24, 21, 18, 15, 12, 9, 6, 3, -1,
          1, 49, 94, 46, -1,
          4, 8, 56, 52, -1,
          7, 11, 59, 55, -1,
          10, 14, 62, 58, -1,
          13, 17, 65, 61, -1,
          16, 20, 68, 64, -1,
          19, 23, 71, 67, -1,
          22, 26, 74, 70, -1,
          25, 29, 77, 73, -1,
          28, 32, 80, 76, -1,
          31, 35, 83, 79, -1,
          34, 38, 86, 82, -1,
          37, 41, 89, 85, -1,
          40, 44, 92, 88, -1,
          43, 47, 95, 91, -1,
          48, 51, 54, 57, 60, 63, 66, 69, 72, 75, 78, 81, 84, 87, 90, 93, -1 ]
      }
    }

  ]
}

DEF Cylinder7 Transform {
  children [
    Shape {
      appearance Appearance {
        material USE pins
      }
      geometry IndexedFaceSet {
        normalPerVertex TRUE
        coord Coordinate {
          point [
            -1.25729983465 1.22000044094 1.0,
            -1.269479109448194 1.1587710917615857 1.0,
            -1.3041627496601524 1.1068633559501524 1.0,
            -1.3560704854715855 1.0721797157381943 1.0,
            -1.4172998346500005 1.0600004409400001 1.0,
            -1.4785291838284147 1.0721797157381943 1.0,
            -1.5304369196398477 1.1068633559501524 1.0,
            -1.565120559851806 1.1587710917615857 1.0,
            -1.5772998346499998 1.22000044094 1.0,
            -1.565120559851806 1.2812297901184144 1.0,
            -1.5304369196398477 1.3331375259298477 1.0,
            -1.4785291838284147 1.367821166141806 1.0,
            -1.4172998346500005 1.3800004409400002 1.0,
            -1.3560704854715855 1.367821166141806 1.0,
            -1.3041627496601524 1.3331375259298477 1.0,
            -1.269479109448194 1.2812297901184146 1.0,
            -1.25729983465 1.22000044094 -1.0,
            -1.269479109448194 1.1587710917615857 -1.0,
            -1.3041627496601524 1.1068633559501524 -1.0,
            -1.3560704854715855 1.072179715738194 -1.0,
            -1.4172998346500005 1.06000044094 -1.0,
            -1.4785291838284147 1.072179715738194 -1.0,
            -1.5304369196398477 1.1068633559501524 -1.0,
            -1.565120559851806 1.1587710917615857 -1.0,
            -1.5772998346499998 1.22000044094 -1.0,
            -1.565120559851806 1.2812297901184144 -1.0,
            -1.5304369196398477 1.3331375259298477 -1.0,
            -1.4785291838284147 1.3678211661418058 -1.0,
            -1.4172998346500005 1.38000044094 -1.0,
            -1.3560704854715855 1.3678211661418058 -1.0,
            -1.3041627496601524 1.3331375259298477 -1.0,
            -1.269479109448194 1.2812297901184144 -1.0 ]
        }
        coordIndex [
          0, 1, 17, 16, -1,
          0, 15, 14, 13, 12, 11, 10, 9, 8, 7, 6, 5, 4, 3, 2, 1, -1,
          0, 16, 31, 15, -1,
          1, 2, 18, 17, -1,
          2, 3, 19, 18, -1,
          3, 4, 20, 19, -1,
          4, 5, 21, 20, -1,
          5, 6, 22, 21, -1,
          6, 7, 23, 22, -1,
          7, 8, 24, 23, -1,
          8, 9, 25, 24, -1,
          9, 10, 26, 25, -1,
          10, 11, 27, 26, -1,
          11, 12, 28, 27, -1,
          12, 13, 29, 28, -1,
          13, 14, 30, 29, -1,
          14, 15, 31, 30, -1,
          16, 17, 18, 19, 20, 21, 22, 23, 24, 25, 26, 27, 28, 29, 30, 31, -1 ]
        normal Normal {
          vector [
            0.0 -0.0 1.0,
            1.0 -1.6979603693206584e-16 -5.5335093945627595e-18,
            1.0 -1.6979603693206584e-16 -5.5335093945627595e-18,
            0.0 -0.0 1.0,
            0.9238795325112865 -0.3826834323650902 0.0,
            0.9238795325112865 -0.3826834323650902 0.0,
            0.0 -0.0 1.0,
            0.7071067811865477 -0.7071067811865474 2.3462079832946212e-17,
            0.7071067811865477 -0.7071067811865474 2.3462079832946212e-17,
            0.0 -0.0 1.0,
            0.38268343236508945 -0.9238795325112868 7.901851415435585e-17,
            0.38268343236508945 -0.9238795325112868 7.901851415435585e-17,
            0.0 -0.0 1.0,
            -1.4008173046895432e-15 -1.0 1.1111286864281998e-16,
            -1.4008173046895432e-15 -1.0 1.1111286864281998e-16,
            0.0 -0.0 1.0,
            -0.3826834323650908 -0.9238795325112864 7.901851415435661e-17,
            -0.3826834323650908 -0.9238795325112864 7.901851415435661e-17,
            0.0 -0.0 1.0,
            -0.7071067811865477 -0.7071067811865474 2.3462079832946212e-17,
            -0.7071067811865477 -0.7071067811865474 2.3462079832946212e-17,
            0.0 -0.0 1.0,
            -0.9238795325112878 -0.382683432365087 0.0,
            -0.9238795325112878 -0.382683432365087 0.0,
            0.0 -0.0 1.0,
            -1.0 0.0 0.0,
            -1.0 0.0 0.0,
            0.0 -0.0 1.0,
            -0.9238795325112878 0.382683432365087 0.0,
            -0.9238795325112878 0.382683432365087 0.0,
            0.0 -0.0 1.0,
            -0.7071067811865477 0.7071067811865474 -2.3462079832946212e-17,
            -0.7071067811865477 0.7071067811865474 -2.3462079832946212e-17,
            0.0 -0.0 1.0,
            -0.3826834323650908 0.9238795325112864 -7.901851415435661e-17,
            -0.3826834323650908 0.9238795325112864 -7.901851415435661e-17,
            0.0 -0.0 1.0,
            -1.4008173046895432e-15 1.0 -1.1111286864281998e-16,
            -1.4008173046895432e-15 1.0 -1.1111286864281998e-16,
            0.0 -0.0 1.0,
            0.38268343236508945 0.9238795325112868 -7.901851415435585e-17,
            0.38268343236508945 0.9238795325112868 -7.901851415435585e-17,
            0.0 -0.0 1.0,
            0.7071067811865474 0.7071067811865477 -3.8955906137721963e-17,
            0.7071067811865474 0.7071067811865477 -3.8955906137721963e-17,
            0.0 -0.0 1.0,
            0.9238795325112865 0.38268343236509056 -2.1027335699338525e-17,
            0.9238795325112865 0.38268343236509056 -2.1027335699338525e-17,
            0.0 -0.0 -1.0,
            1.0 -1.6979603693206584e-16 -5.5335093945627595e-18,
            1.0 -1.6979603693206584e-16 -5.5335093945627595e-18,
            0.0 -0.0 -1.0,
            0.9238795325112865 -0.3826834323650902 0.0,
            0.9238795325112865 -0.3826834323650902 0.0,
            0.0 -0.0 -1.0,
            0.7071067811865477 -0.7071067811865474 2.3462079832946212e-17,
            0.7071067811865477 -0.7071067811865474 2.3462079832946212e-17,
            0.0 -0.0 -1.0,
            0.38268343236508945 -0.9238795325112868 7.901851415435585e-17,
            0.38268343236508945 -0.9238795325112868 7.901851415435585e-17,
            0.0 -0.0 -1.0,
            -1.4008173046895432e-15 -1.0 1.1111286864281998e-16,
            -1.4008173046895432e-15 -1.0 1.1111286864281998e-16,
            0.0 -0.0 -1.0,
            -0.3826834323650908 -0.9238795325112864 7.901851415435661e-17,
            -0.3826834323650908 -0.9238795325112864 7.901851415435661e-17,
            0.0 -0.0 -1.0,
            -0.7071067811865477 -0.7071067811865474 2.3462079832946212e-17,
            -0.7071067811865477 -0.7071067811865474 2.3462079832946212e-17,
            0.0 -0.0 -1.0,
            -0.9238795325112878 -0.382683432365087 0.0,
            -0.9238795325112878 -0.382683432365087 0.0,
            0.0 -0.0 -1.0,
            -1.0 0.0 0.0,
            -1.0 0.0 0.0,
            0.0 -0.0 -1.0,
            -0.9238795325112878 0.382683432365087 0.0,
            -0.9238795325112878 0.382683432365087 0.0,
            0.0 -0.0 -1.0,
            -0.7071067811865477 0.7071067811865474 -2.3462079832946212e-17,
            -0.7071067811865477 0.7071067811865474 -2.3462079832946212e-17,
            0.0 -0.0 -1.0,
            -0.3826834323650908 0.9238795325112864 -7.901851415435661e-17,
            -0.3826834323650908 0.9238795325112864 -7.901851415435661e-17,
            0.0 -0.0 -1.0,
            -1.4008173046895432e-15 1.0 -1.1111286864281998e-16,
            -1.4008173046895432e-15 1.0 -1.1111286864281998e-16,
            0.0 -0.0 -1.0,
            0.38268343236508945 0.9238795325112868 -7.901851415435585e-17,
            0.38268343236508945 0.9238795325112868 -7.901851415435585e-17,
            0.0 -0.0 -1.0,
            0.7071067811865474 0.7071067811865477 -3.8955906137721963e-17,
            0.7071067811865474 0.7071067811865477 -3.8955906137721963e-17,
            0.0 -0.0 -1.0,
            0.9238795325112865 0.38268343236509056 -2.1027335699338525e-17,
            0.9238795325112865 0.38268343236509056 -2.1027335699338525e-17 ]
        }
        normalIndex [
          2, 5, 53, 50, -1,
          0, 45, 42, 39, 36, 33, 30, 27, 24, 21, 18, 15, 12, 9, 6, 3, -1,
          1, 49, 94, 46, -1,
          4, 8, 56, 52, -1,
          7, 11, 59, 55, -1,
          10, 14, 62, 58, -1,
          13, 17, 65, 61, -1,
          16, 20, 68, 64, -1,
          19, 23, 71, 67, -1,
          22, 26, 74, 70, -1,
          25, 29, 77, 73, -1,
          28, 32, 80, 76, -1,
          31, 35, 83, 79, -1,
          34, 38, 86, 82, -1,
          37, 41, 89, 85, -1,
          40, 44, 92, 88, -1,
          43, 47, 95, 91, -1,
          48, 51, 54, 57, 60, 63, 66, 69, 72, 75, 78, 81, 84, 87, 90, 93, -1 ]
      }
    }

  ]
}

DEF Cylinder1 Transform {
  children [
    Shape {
      appearance Appearance {
        material DEF body Material {
          diffuseColor 0.1 0.1 1.0
          emissiveColor 0.0 0.0 0.0
          specularColor 0.1 0.1 1.0
          ambientIntensity 1.0
          transparency 0.0
          shininess 0.5
        }
      }
      geometry IndexedFaceSet {
        normalPerVertex TRUE
        coord Coordinate {
          point [
            3.739999999995723 1.0133 3.95,
            3.4553094515882616 1.0133 5.381236037043798,
            2.6445793616346633 1.0133 6.594579361634664,
            1.4312360370437995 1.0133 7.405309451588262,
            3.360093256903043e-16 1.0133 7.689999999995723,
            -1.4312360370437989 1.0133 7.405309451588262,
            -2.644579361634663 1.0133 6.594579361634664,
            -3.4553094515882616 1.0133 5.381236037043799,
            -3.739999999995723 1.0133 3.95,
            -3.4553094515882616 1.0133 2.5187639629562013,
            -2.6445793616346642 1.0133 1.3054206383653375,
            -1.4312360370438009 1.0133 0.49469054841173876,
            -5.800264800708682e-16 1.0133 0.21000000000427677,
            1.4312360370438002 1.0133 0.49469054841173876,
            2.644579361634663 1.0133 1.3054206383653366,
            3.4553094515882603 1.0133 2.518763962956198,
            3.739999999995723 -1.0133 3.95,
            3.4553094515882616 -1.0133 5.381236037043798,
            2.6445793616346633 -1.0133 6.594579361634664,
            1.4312360370437995 -1.0133 7.405309451588262,
            3.360093256903043e-16 -1.0133 7.689999999995723,
            -1.4312360370437989 -1.0133 7.405309451588262,
            -2.644579361634663 -1.0133 6.594579361634664,
            -3.4553094515882616 -1.0133 5.381236037043799,
            -3.739999999995723 -1.0133 3.95,
            -3.4553094515882616 -1.0133 2.5187639629562013,
            -2.6445793616346642 -1.0133 1.3054206383653375,
            -1.4312360370438009 -1.0133 0.49469054841173876,
            -5.800264800708682e-16 -1.0133 0.21000000000427677,
            1.4312360370438002 -1.0133 0.49469054841173876,
            2.644579361634663 -1.0133 1.3054206383653366,
            3.4553094515882603 -1.0133 2.518763962956198,
            3.538039999995954 -1.1133000000000002 3.95,
            3.268722741202495 -1.1133000000000002 5.303949291043433,
            2.5017720761063917 -1.1133000000000002 6.451772076106391,
            1.3539492910434343 -1.1133000000000002 7.218722741202494,
            3.1098522542243745e-16 -1.1133000000000002 7.488039999995953,
            -1.3539492910434336 -1.1133000000000002 7.218722741202494,
            -2.5017720761063913 -1.1133000000000002 6.451772076106391,
            -3.268722741202495 -1.1133000000000002 5.303949291043433,
            -3.538039999995954 -1.1133000000000002 3.95,
            -3.268722741202495 -1.1133000000000002 2.596050708956567,
            -2.501772076106392 -1.1133000000000002 1.448227923893609,
            -1.3539492910434354 -1.1133000000000002 0.681277258797506,
            -5.555846468276319e-16 -1.1133000000000002 0.411960000004046,
            1.3539492910434348 -1.1133000000000002 0.6812772587975056,
            2.5017720761063913 -1.1133000000000002 1.4482279238936087,
            3.2687227412024935 -1.1133000000000002 2.596050708956563,
            3.268722741202495 1.1133000000000002 5.303949291043433,
            3.538039999995954 1.1133000000000002 3.95,
            3.2687227412024935 1.1133000000000002 2.596050708956563,
            2.5017720761063913 1.1133000000000002 1.4482279238936087,
            1.3539492910434348 1.1133000000000002 0.6812772587975056,
            -5.592011087962291e-16 1.1133000000000002 0.411960000004046,
            -1.3539492910434354 1.1133000000000002 0.681277258797506,
            -2.501772076106392 1.1133000000000002 1.448227923893609,
            -3.268722741202495 1.1133000000000002 2.596050708956567,
            -3.538039999995954 1.1133000000000002 3.95,
            -3.268722741202495 1.1133000000000002 5.303949291043433,
            -2.5017720761063913 1.1133000000000002 6.451772076106391,
            -1.3539492910434336 1.1133000000000002 7.218722741202494,
            3.073687634538401e-16 1.1133000000000002 7.488039999995953,
            1.3539492910434343 1.1133000000000002 7.218722741202494,
            2.5017720761063917 1.1133000000000002 6.451772076106391,
            2.4766279999971674 -1.2133 3.95,
            2.2881059188417465 -1.2133 4.897764503730403,
            1.751240453274474 -1.2133 5.701240453274473,
            0.9477645037304041 -1.2133 6.238105918841748,
            1.995611316179676e-16 -1.2133 6.426627999997168,
            -0.9477645037304034 -1.2133 6.238105918841748,
            -1.7512404532744736 -1.2133 5.701240453274473,
            -2.2881059188417465 -1.2133 4.897764503730404,
            -2.4766279999971674 -1.2133 3.95,
            -2.2881059188417465 -1.2133 3.002235496269596,
            -1.7512404532744743 -1.2133 2.198759546725526,
            -0.9477645037304048 -1.2133 1.6618940811582543,
            -4.070377789570809e-16 -1.2133 1.4733720000028325,
            0.9477645037304042 -1.2133 1.6618940811582543,
            1.7512404532744736 -1.2133 2.198759546725526,
            2.2881059188417456 -1.2133 3.002235496269595,
            2.288105918841747 1.2133 4.897764503730403,
            2.4766279999971674 1.2133 3.95,
            2.288105918841746 1.2133 3.002235496269595,
            1.751240453274474 1.2133 2.198759546725526,
            0.9477645037304041 1.2133 1.6618940811582543,
            -4.698436684783893e-16 1.2133 1.4733720000028325,
            -0.9477645037304051 1.2133 1.6618940811582543,
            -1.751240453274474 1.2133 2.198759546725526,
            -2.288105918841746 1.2133 3.002235496269596,
            -2.476627999997168 1.2133 3.95,
            -2.288105918841746 1.2133 4.897764503730404,
            -1.7512404532744734 1.2133 5.701240453274473,
            -0.9477645037304037 1.2133 6.238105918841748,
            1.3675524209665897e-16 1.2133 6.426627999997168,
            0.9477645037304038 1.2133 6.238105918841748,
            1.7512404532744743 1.2133 5.701240453274473,
            1.0585754774163525 -1.2133 2.7033807803140366,
            1.0747230670408603 -1.328105029709527 2.7195283699385446,
            1.1207075117723169 -1.4254320343559643 2.765512814670001,
            1.1895280967503872 -1.4904638597533861 2.834333399648072,
            1.2707075117723168 -1.5132999999999999 2.9155128146700013,
            1.351886926794246 -1.4904638597533861 2.9966922296919307,
            1.420707511772317 -1.4254320343559643 3.065512814670001,
            1.4666919565037728 -1.328105029709527 3.1114972594014576,
            1.4828395461282813 -1.2133 3.127644849025965,
            1.4666919565037728 -1.0984949702904732 3.1114972594014576,
            1.420707511772317 -1.001167965644036 3.065512814670001,
            1.3518869267942468 -0.9361361402466141 2.9966922296919307,
            1.2707075117723168 -0.9133000000000001 2.9155128146700013,
            1.1895280967503872 -0.9361361402466141 2.8343333996480715,
            1.1207075117723169 -1.0011679656440358 2.765512814670001,
            1.0747230670408603 -1.098494970290473 2.719528369938545,
            -0.3197871895561002 -1.2133 4.165275025349494,
            -0.31707509045391913 -1.235697350215103 4.168809501713117,
            -0.3093516856504429 -1.2546849068924415 4.17887483881773,
            -0.29779279351416216 -1.2673719866505213 4.193938680331666,
            -0.28415815059120736 -1.2718270966048386 4.211707692938491,
            -0.27052350766825256 -1.2673719866505213 4.2294767055453155,
            -0.25896461553197175 -1.2546849068924415 4.244540547059251,
            -0.25124121072849576 -1.235697350215103 4.2546058841638645,
            -0.2485291116263143 -1.2133 4.258140360527488,
            -0.25124121072849576 -1.1909026497848976 4.2546058841638645,
            -0.25896461553197175 -1.1719150931075588 4.244540547059251,
            -0.27052350766825256 -1.1592280133494792 4.2294767055453155,
            -0.28415815059120736 -1.1547729033951617 4.211707692938491,
            -0.29779279351416216 -1.1592280133494792 4.193938680331666,
            -0.3093516856504429 -1.1719150931075588 4.17887483881773,
            -0.31707509045391913 -1.1909026497848973 4.168809501713117,
            -0.3405031149830141 -1.2133 4.11023413181455,
            -0.3351831412261856 -1.257233982822018 4.117167256597298,
            -0.32003313773449565 -1.2944794150219294 4.136911125546301,
            -0.2973595552044301 -1.3193660171779824 4.166459913592692,
            -0.2706142410396539 -1.328105029709527 4.201315085616838,
            -0.2438689268748776 -1.3193660171779824 4.236170257640983,
            -0.22119534434481206 -1.2944794150219294 4.265719045687374,
            -0.20604534085312198 -1.257233982822018 4.285462914636377,
            -0.20072536709629354 -1.2133 4.292396039419126,
            -0.20604534085312198 -1.1693660171779825 4.285462914636377,
            -0.22119534434481206 -1.1321205849780707 4.265719045687374,
            -0.2438689268748776 -1.1072339828220181 4.236170257640983,
            -0.2706142410396539 -1.0984949702904734 4.201315085616838,
            -0.2973595552044301 -1.1072339828220181 4.166459913592692,
            -0.32003313773449565 -1.1321205849780707 4.136911125546301,
            -0.3351831412261856 -1.1693660171779823 4.117167256597298,
            -0.35008304406787466 -1.2133 4.052209357052837,
            -0.34235963926439844 -1.2770822571075444 4.062274694157451,
            -0.3203652432224602 -1.3311542437580652 4.090938349139623,
            -0.2874483033597487 -1.3672839901478009 4.133836540364997,
            -0.24862012537755845 -1.3799710699058807 4.184438407092581,
            -0.20979194739536788 -1.3672839901478009 4.235040273820165,
            -0.1768750075326564 -1.3311542437580652 4.27793846504554,
            -0.1548806114907181 -1.2770822571075444 4.306602120027712,
            -0.14715720668724208 -1.2133 4.316667457132326,
            -0.1548806114907181 -1.1495177428924561 4.306602120027712,
            -0.1768750075326564 -1.0954457562419349 4.27793846504554,
            -0.20979194739536788 -1.0593160098521992 4.235040273820165,
            -0.24862012537755845 -1.0466289300941196 4.184438407092581,
            -0.2874483033597487 -1.0593160098521992 4.133836540364997,
            -0.3203652432224602 -1.0954457562419349 4.090938349139623,
            -0.34235963926439844 -1.149517742892456 4.062274694157451,
            -0.3481588255084366 -1.2133 3.993430560617779,
            -0.33832879577357505 -1.2944794150219294 4.006241304784034,
            -0.31033523948668096 -1.3633 4.042723217613173,
            -0.26843992183021465 -1.4092844447314568 4.097322258586322,
            -0.2190210251353729 -1.4254320343559643 4.161726218656858,
            -0.16960212844053105 -1.4092844447314568 4.226130178727394,
            -0.12770681078406473 -1.3633 4.280729219700542,
            -0.09971325449717067 -1.2944794150219299 4.317211132529682,
            -0.08988322476230914 -1.2133 4.330021876695937,
            -0.09971325449717067 -1.1321205849780707 4.317211132529682,
            -0.12770681078406473 -1.0633000000000004 4.280729219700542,
            -0.16960212844053105 -1.0173155552685438 4.226130178727394,
            -0.2190210251353729 -1.001167965644036 4.161726218656858,
            -0.26843992183021465 -1.0173155552685438 4.097322258586322,
            -0.31033523948668096 -1.0633000000000004 4.042723217613173,
            -0.33832879577357505 -1.1321205849780707 4.006241304784034,
            -0.33480440594482513 -1.2133 3.936156578692846,
            -0.3232455138085443 -1.3087568935429628 3.9512204202067815,
            -0.2903285739458327 -1.3896813403629038 3.994118611432156,
            -0.24106489205798504 -1.443753327013425 4.058320291627976,
            -0.18295441713603786 -1.4627408836907636 4.13405133697411,
            -0.12484394221409065 -1.443753327013425 4.209782382320244,
            -0.07558026032624293 -1.3896813403629038 4.273984062516065,
            -0.04266332046353144 -1.3087568935429628 4.316882253741439,
            -0.031104428327250577 -1.2133 4.3319460952553746,
            -0.04266332046353144 -1.1178431064570378 4.316882253741439,
            -0.07558026032624293 -1.0369186596370965 4.273984062516065,
            -0.12484394221409043 -0.9828466729865754 4.209782382320244,
            -0.18295441713603786 -0.9638591163092366 4.13405133697411,
            -0.24106489205798504 -0.9828466729865754 4.058320291627976,
            -0.2903285739458327 -1.0369186596370965 3.994118611432156,
            -0.3232455138085443 -1.1178431064570375 3.9512204202067815,
            -0.31053298823162506 -1.2133 3.8825884182837935,
            -0.2976894354364212 -1.3193660171779824 3.8993264621639296,
            -0.2611140915367831 -1.4092844447314568 3.946992378354331,
            -0.2063752210851131 -1.4693660171779823 4.018329463207615,
            -0.1418063208985812 -1.4904638597533861 4.102477292227155,
            -0.07723742071204925 -1.4693660171779823 4.186625121246694,
            -0.022498550260379113 -1.4092844447314568 4.257962206099978,
            0.014076793639258789 -1.3193660171779824 4.305628122290379,
            0.026920346434462727 -1.2133 4.322366166170514,
            0.014076793639258789 -1.1072339828220181 4.305628122290379,
            -0.022498550260379113 -1.0173155552685438 4.257962206099978,
            -0.07723742071204909 -0.9572339828220181 4.186625121246694,
            -0.1418063208985812 -0.9361361402466141 4.102477292227155,
            -0.2063752210851131 -0.9572339828220181 4.018329463207615,
            -0.2611140915367831 -1.0173155552685438 3.946992378354331,
            -0.2976894354364212 -1.107233982822018 3.8993264621639296,
            -0.27627730933998684 -1.2133 3.8347846737537736,
            -0.26264266641703204 -1.3258990832553599 3.852553686360598,
            -0.22381448843484175 -1.4213559767983222 3.9031555530881823,
            -0.16570401351289457 -1.4851382339058665 3.9788865984343174,
            -0.0971580346852901 -1.5075355841209694 4.0682174572486876,
            -0.028612055857685448 -1.4851382339058665 4.157548316063058,
            0.029498419064261705 -1.4213559767983222 4.233279361409191,
            0.068326597046452 -1.3258990832553599 4.283881228136775,
            0.08196123996940685 -1.2133 4.301650240743601,
            0.068326597046452 -1.1007009167446407 4.283881228136775,
            0.029498419064261927 -1.0052440232016782 4.233279361409191,
            -0.028612055857685226 -0.9414617660941339 4.157548316063057,
            -0.0971580346852901 -0.919064415879031 4.0682174572486876,
            -0.16570401351289474 -0.9414617660941339 3.9788865984343165,
            -0.22381448843484175 -1.0052440232016782 3.9031555530881823,
            -0.26264266641703204 -1.1007009167446404 3.852553686360598,
            -0.2333537957989098 -1.2133 3.7945824161964232,
            -0.2194520344293376 -1.328105029709527 3.8126995443404335,
            -0.17986316746935743 -1.4254320343559643 3.864292760244715,
            -0.12061424103965385 -1.4904638597533861 3.941507464481507,
            -0.05072536709629366 -1.5132999999999999 4.032588418283795,
            0.01916350684706658 -1.4904638597533861 4.123669372086082,
            0.07841243327677005 -1.4254320343559643 4.200884076322873,
            0.11800130023675032 -1.328105029709527 4.252477292227154,
            0.13190306160632265 -1.2133 4.2705944203711645,
            0.11800130023675032 -1.0984949702904734 4.252477292227154,
            0.07841243327677028 -1.001167965644036 4.200884076322873,
            0.01916350684706658 -0.9361361402466141 4.123669372086082,
            -0.05072536709629366 -0.9133000000000001 4.032588418283795,
            -0.12061424103965385 -0.9361361402466141 3.941507464481507,
            -0.17986316746935743 -1.001167965644036 3.864292760244715,
            -0.2194520344293376 -1.0984949702904732 3.8126995443404335,
            -0.2887313691836644 -1.2133 4.215216846986411,
            1.08161056875564 -1.2133 2.6948021365513464,
            1.1013872463335919 -1.328105029709527 2.7062202066746535,
            1.1577064591822332 -1.4254320343559643 2.738736119373364,
            1.2419941176802944 -1.4904638597533861 2.787399621696583,
            1.341418189890972 -1.5132999999999999 2.8448021365513467,
            1.4408422621016495 -1.4904638597533861 2.9022046514061097,
            1.5251299205997098 -1.4254320343559643 2.9508681537293286,
            1.5814491334483518 -1.328105029709527 2.983384066428039,
            1.601225811026304 -1.2133 2.994802136551346,
            1.5814491334483518 -1.0984949702904732 2.983384066428039,
            1.5251299205997098 -1.001167965644036 2.9508681537293286,
            1.4408422621016495 -0.9361361402466141 2.9022046514061097,
            1.341418189890972 -0.9133000000000001 2.8448021365513467,
            1.2419941176802944 -0.9361361402466141 2.787399621696583,
            1.1577064591822335 -1.0011679656440358 2.7387361193733644,
            1.1013872463335919 -1.098494970290473 2.7062202066746535,
            1.1016404420042512 -1.2133 2.6805538826421467,
            1.1236984596412147 -1.328105029709527 2.6864643106546024,
            1.1865143793233057 -1.4254320343559643 2.7032957856052366,
            1.2805250467066558 -1.4904638597533861 2.728485868010516,
            1.3914181898909719 -1.5132999999999999 2.7581995961729024,
            1.5023113330752877 -1.4904638597533861 2.787913324335289,
            1.596322000458638 -1.4254320343559643 2.8131034067405682,
            1.6591379201407281 -1.328105029709527 2.829934881691203,
            1.6811959377776924 -1.2133 2.8358453097036587,
            1.6591379201407281 -1.0984949702904732 2.829934881691203,
            1.596322000458638 -1.001167965644036 2.8131034067405682,
            1.5023113330752877 -0.9361361402466141 2.787913324335289,
            1.3914181898909719 -0.9133000000000001 2.7581995961729024,
            1.2805250467066558 -0.9361361402466141 2.728485868010516,
            1.186514379323306 -1.0011679656440358 2.7032957856052366,
            1.1236984596412147 -1.098494970290473 2.6864643106546024,
            1.1173000944012237 -1.2133 2.6616070135439953,
            1.1401362346478374 -1.328105029709527 2.6616070135439953,
            1.2051680600452594 -1.4254320343559643 2.6616070135439953,
            1.3024950646916966 -1.4904638597533861 2.6616070135439953,
            1.4173000944012235 -1.5132999999999999 2.6616070135439953,
            1.5321051241107504 -1.4904638597533861 2.6616070135439953,
            1.6294321287571882 -1.4254320343559643 2.6616070135439953,
            1.69446395415461 -1.328105029709527 2.6616070135439958,
            1.7173000944012242 -1.2133 2.6616070135439953,
            1.69446395415461 -1.0984949702904732 2.6616070135439958,
            1.6294321287571882 -1.001167965644036 2.6616070135439953,
            1.5321051241107513 -0.9361361402466141 2.6616070135439953,
            1.4173000944012235 -0.9133000000000001 2.6616070135439953,
            1.3024950646916966 -0.9361361402466141 2.6616070135439953,
            1.2051680600452597 -1.0011679656440358 2.6616070135439953,
            1.1401362346478376 -1.098494970290473 2.6616070135439958,
            1.1173000944012237 -1.2133 0.4000000135439956,
            1.1401362346478374 -1.328105029709527 0.4000000135439954,
            1.2051680600452594 -1.4254320343559643 0.4000000135439954,
            1.3024950646916966 -1.4904638597533861 0.4000000135439954,
            1.4173000944012235 -1.5132999999999999 0.4000000135439954,
            1.5321051241107504 -1.4904638597533861 0.4000000135439954,
            1.6294321287571882 -1.4254320343559643 0.4000000135439954,
            1.69446395415461 -1.328105029709527 0.4000000135439956,
            1.7173000944012242 -1.2133 0.4000000135439954,
            1.69446395415461 -1.0984949702904732 0.4000000135439956,
            1.6294321287571882 -1.001167965644036 0.4000000135439954,
            1.5321051241107513 -0.9361361402466141 0.4000000135439954,
            1.4173000944012235 -0.9133000000000001 0.4000000135439954,
            1.3024950646916966 -0.9361361402466141 0.4000000135439954,
            1.2051680600452597 -1.0011679656440358 0.4000000135439954,
            1.1401362346478376 -1.098494970290473 0.4000000135439956,
            1.287300095401224 -1.2133 0.10000001354399557,
            1.2971957560986358 -1.2630488458247784 0.10000001354399557,
            1.325376213554079 -1.3052238808471446 0.10000001354399557,
            1.3675512485764452 -1.3334043383025878 0.10000001354399557,
            1.4173000944012235 -1.3432999989999999 0.10000001354399557,
            1.4670489402260019 -1.3334043383025878 0.10000001354399557,
            1.5092239752483685 -1.3052238808471446 0.10000001354399557,
            1.5374044327038117 -1.2630488458247784 0.10000001354399557,
            1.5473000934012242 -1.2133 0.10000001354399557,
            1.5374044327038117 -1.163551154175222 0.10000001354399557,
            1.5092239752483685 -1.121376119152856 0.10000001354399557,
            1.4670489402260019 -1.0931956616974126 0.10000001354399557,
            1.4173000944012235 -1.0833000010000002 0.10000001354399557,
            1.3675512485764452 -1.0931956616974126 0.10000001354399535,
            1.325376213554079 -1.1213761191528557 0.10000001354399557,
            1.2971957560986358 -1.163551154175222 0.10000001354399557,
            -1.0585753830550182 1.2133000000000003 2.7033807803140366,
            -1.0747229726795262 1.0984949702904732 2.7195283699385446,
            -1.1207074174109826 1.001167965644036 2.765512814670001,
            -1.189528002389053 0.9361361402466141 2.834333399648072,
            -1.2707074174109825 0.9133000000000001 2.9155128146700013,
            -1.3518868324329123 0.9361361402466141 2.9966922296919307,
            -1.4207074174109824 1.001167965644036 3.065512814670001,
            -1.4666918621424392 1.0984949702904732 3.1114972594014576,
            -1.4828394517669468 1.2133 3.127644849025965,
            -1.4666918621424392 1.3281050297095272 3.1114972594014576,
            -1.4207074174109824 1.4254320343559643 3.065512814670001,
            -1.3518868324329123 1.4904638597533861 2.9966922296919307,
            -1.2707074174109825 1.5133 2.9155128146700013,
            -1.189528002389053 1.4904638597533861 2.8343333996480715,
            -1.1207074174109826 1.4254320343559646 2.765512814670001,
            -1.0747229726795262 1.3281050297095274 2.719528369938545,
            0.3197862839174344 1.2133 4.165275025349494,
            0.31707418481525335 1.1909026497848973 4.168809501713117,
            0.309350780011777 1.1719150931075586 4.17887483881773,
            0.29779188787549626 1.159228013349479 4.193938680331667,
            0.2841572449525416 1.1547729033951617 4.211707692938491,
            0.2705226020295868 1.159228013349479 4.2294767055453155,
            0.25896370989330597 1.1719150931075586 4.244540547059251,
            0.2512403050898299 1.1909026497848973 4.254605884163865,
            0.24852820598764852 1.2133 4.258140360527488,
            0.2512403050898299 1.2356973502151027 4.254605884163865,
            0.25896370989330597 1.2546849068924415 4.244540547059251,
            0.2705226020295868 1.267371986650521 4.2294767055453155,
            0.2841572449525416 1.2718270966048386 4.211707692938491,
            0.29779188787549626 1.267371986650521 4.193938680331667,
            0.309350780011777 1.2546849068924415 4.17887483881773,
            0.31707418481525335 1.235697350215103 4.168809501713117,
            0.34050220934434833 1.2133 4.11023413181455,
            0.3351822355875198 1.1693660171779823 4.117167256597298,
            0.32003223209582987 1.1321205849780707 4.136911125546302,
            0.2973586495657642 1.107233982822018 4.166459913592692,
            0.270613335400988 1.0984949702904732 4.201315085616838,
            0.2438680212362117 1.107233982822018 4.236170257640984,
            0.22119443870614616 1.1321205849780707 4.265719045687374,
            0.2060444352144561 1.1693660171779823 4.285462914636377,
            0.20072446145762776 1.2133 4.292396039419126,
            0.2060444352144561 1.2572339828220178 4.285462914636377,
            0.22119443870614616 1.2944794150219296 4.265719045687374,
            0.2438680212362117 1.3193660171779822 4.236170257640984,
            0.270613335400988 1.328105029709527 4.201315085616838,
            0.2973586495657642 1.3193660171779822 4.166459913592692,
            0.32003223209582987 1.2944794150219296 4.136911125546302,
            0.3351822355875198 1.257233982822018 4.117167256597298,
            0.3500821384292088 1.2133 4.0522093570528375,
            0.3423587336257326 1.149517742892456 4.062274694157452,
            0.3203643375837944 1.0954457562419349 4.090938349139623,
            0.2874473977210828 1.0593160098521992 4.133836540364997,
            0.2486192197388925 1.0466289300941194 4.184438407092582,
            0.2097910417567021 1.0593160098521992 4.235040273820166,
            0.17687410189399044 1.0954457562419349 4.2779384650455405,
            0.15487970585205216 1.149517742892456 4.306602120027712,
            0.14715630104857602 1.2133 4.316667457132326,
            0.15487970585205216 1.2770822571075442 4.306602120027712,
            0.17687410189399044 1.3311542437580655 4.2779384650455405,
            0.2097910417567021 1.367283990147801 4.235040273820166,
            0.2486192197388925 1.3799710699058807 4.184438407092582,
            0.2874473977210828 1.367283990147801 4.133836540364997,
            0.3203643375837944 1.3311542437580655 4.090938349139623,
            0.3423587336257326 1.2770822571075444 4.062274694157452,
            0.3481579198697708 1.2133 3.993430560617779,
            0.338327890134909 1.1321205849780707 4.006241304784034,
            0.3103343338480151 1.0633000000000001 4.042723217613173,
            0.2684390161915488 1.0173155552685436 4.097322258586322,
            0.219020119496707 1.0011679656440358 4.161726218656858,
            0.16960122280186501 1.0173155552685436 4.226130178727394,
            0.12770590514539873 1.0633000000000001 4.280729219700542,
            0.09971234885850466 1.1321205849780704 4.317211132529682,
            0.08988231912364314 1.2133 4.330021876695937,
            0.09971234885850466 1.2944794150219296 4.317211132529682,
            0.12770590514539873 1.3633 4.280729219700542,
            0.16960122280186501 1.4092844447314565 4.226130178727394,
            0.219020119496707 1.4254320343559643 4.161726218656858,
            0.2684390161915488 1.4092844447314565 4.097322258586322,
            0.3103343338480151 1.3633 4.042723217613173,
            0.338327890134909 1.2944794150219296 4.006241304784034,
            0.33480350030615935 1.2133 3.936156578692846,
            0.32324460816987843 1.1178431064570375 3.9512204202067815,
            0.29032766830716694 1.0369186596370963 3.994118611432156,
            0.2410639864193192 0.9828466729865751 4.058320291627977,
            0.18295351149737202 0.9638591163092364 4.134051336974111,
            0.12484303657542473 0.9828466729865751 4.209782382320244,
            0.07557935468757698 1.0369186596370963 4.273984062516065,
            0.04266241482486549 1.1178431064570375 4.316882253741439,
            0.031103522688584684 1.2133 4.3319460952553746,
            0.04266241482486549 1.3087568935429625 4.316882253741439,
            0.07557935468757698 1.3896813403629038 4.273984062516065,
            0.12484303657542448 1.4437533270134248 4.2097823823202445,
            0.18295351149737202 1.4627408836907636 4.134051336974111,
            0.2410639864193192 1.4437533270134248 4.058320291627977,
            0.29032766830716694 1.3896813403629038 3.994118611432156,
            0.32324460816987843 1.3087568935429628 3.9512204202067815,
            0.31053208259295917 1.2133 3.8825884182837935,
            0.2976885297977553 1.107233982822018 3.8993264621639296,
            0.26111318589811733 1.0173155552685436 3.946992378354331,
            0.2063743154464473 0.9572339828220179 4.018329463207615,
            0.14180541525991527 0.9361361402466138 4.102477292227155,
            0.0772365150733833 0.9572339828220179 4.186625121246694,
            0.02249764462171322 1.0173155552685436 4.257962206099978,
            -0.014077699277924682 1.107233982822018 4.305628122290379,
            -0.026921252073128732 1.2133 4.322366166170515,
            -0.014077699277924682 1.3193660171779822 4.305628122290379,
            0.02249764462171322 1.4092844447314565 4.257962206099978,
            0.07723651507338314 1.469366017177982 4.186625121246695,
            0.14180541525991527 1.4904638597533861 4.102477292227155,
            0.2063743154464473 1.469366017177982 4.018329463207615,
            0.26111318589811733 1.4092844447314565 3.946992378354331,
            0.2976885297977553 1.3193660171779824 3.8993264621639296,
            0.2762764037013209 1.2133 3.8347846737537736,
            0.2626417607783662 1.1007009167446404 3.852553686360598,
            0.22381358279617591 1.005244023201678 3.903155553088183,
            0.1657031078742288 0.9414617660941337 3.9788865984343174,
            0.09715712904662421 0.9190644158790308 4.0682174572486876,
            0.028611150219019554 0.9414617660941337 4.157548316063058,
            -0.029499324702927487 1.005244023201678 4.233279361409191,
            -0.06832750268511789 1.1007009167446404 4.283881228136775,
            -0.0819621456080728 1.2133 4.301650240743601,
            -0.06832750268511789 1.3258990832553597 4.283881228136775,
            -0.02949932470292771 1.4213559767983222 4.233279361409191,
            0.028611150219019332 1.4851382339058663 4.157548316063058,
            0.09715712904662421 1.5075355841209692 4.0682174572486876,
            0.16570310787422896 1.4851382339058663 3.9788865984343165,
            0.22381358279617591 1.4213559767983222 3.903155553088183,
            0.2626417607783662 1.3258990832553599 3.852553686360598,
            0.23335289016024402 1.2133 3.7945824161964232,
            0.21945112879067166 1.0984949702904732 3.8126995443404343,
            0.17986226183069154 1.001167965644036 3.864292760244715,
            0.12061333540098795 0.9361361402466141 3.941507464481507,
            0.05072446145762777 0.9133000000000001 4.032588418283795,
            -0.019164412485732474 0.9361361402466141 4.123669372086082,
            -0.07841333891543606 1.001167965644036 4.200884076322873,
            -0.11800220587541621 1.0984949702904732 4.252477292227154,
            -0.1319039672449886 1.2133 4.2705944203711645,
            -0.11800220587541621 1.328105029709527 4.252477292227154,
            -0.07841333891543617 1.4254320343559643 4.200884076322873,
            -0.019164412485732474 1.4904638597533861 4.123669372086082,
            0.05072446145762777 1.5133 4.032588418283795,
            0.12061333540098795 1.4904638597533861 3.941507464481507,
            0.17986226183069154 1.4254320343559643 3.864292760244715,
            0.21945112879067166 1.3281050297095272 3.8126995443404343,
            0.28873046354499843 1.2133 4.215216846986411,
            -1.081610474394306 1.2133000000000003 2.6948021365513464,
            -1.1013871519722578 1.0984949702904732 2.7062202066746535,
            -1.157706364820899 1.001167965644036 2.738736119373364,
            -1.2419940233189601 0.9361361402466141 2.787399621696583,
            -1.3414180955296375 0.9133000000000001 2.8448021365513467,
            -1.440842167740315 0.9361361402466141 2.9022046514061097,
            -1.5251298262383761 1.001167965644036 2.9508681537293286,
            -1.5814490390870173 1.0984949702904732 2.983384066428039,
            -1.6012257166649695 1.2133 2.994802136551346,
            -1.5814490390870173 1.3281050297095272 2.983384066428039,
            -1.5251298262383761 1.4254320343559643 2.9508681537293286,
            -1.4408421677403158 1.4904638597533861 2.9022046514061097,
            -1.3414180955296375 1.5133 2.8448021365513467,
            -1.2419940233189601 1.4904638597533861 2.787399621696583,
            -1.1577063648208994 1.4254320343559646 2.7387361193733644,
            -1.1013871519722578 1.3281050297095274 2.7062202066746535,
            -1.1016403476429169 1.2133000000000003 2.6805538826421467,
            -1.1236983652798807 1.0984949702904732 2.6864643106546024,
            -1.1865142849619716 1.001167965644036 2.7032957856052366,
            -1.2805249523453215 0.9361361402466141 2.728485868010516,
            -1.3914180955296374 0.9133000000000001 2.7581995961729024,
            -1.5023112387139532 0.9361361402466141 2.787913324335289,
            -1.5963219060973035 1.001167965644036 2.8131034067405682,
            -1.6591378257793945 1.0984949702904732 2.829934881691203,
            -1.6811958434163579 1.2133 2.8358453097036587,
            -1.6591378257793945 1.3281050297095272 2.829934881691203,
            -1.5963219060973035 1.4254320343559643 2.8131034067405682,
            -1.5023112387139541 1.4904638597533861 2.787913324335289,
            -1.3914180955296374 1.5133 2.7581995961729024,
            -1.2805249523453215 1.4904638597533861 2.728485868010516,
            -1.1865142849619716 1.4254320343559646 2.7032957856052366,
            -1.1236983652798807 1.3281050297095274 2.6864643106546024,
            -1.1173000000398896 1.2133000000000003 2.6616070135439953,
            -1.1401361402865033 1.0984949702904732 2.6616070135439953,
            -1.2051679656839251 1.001167965644036 2.6616070135439953,
            -1.3024949703303625 0.9361361402466141 2.6616070135439953,
            -1.4173000000398899 0.9133000000000001 2.6616070135439953,
            -1.5321050297494168 0.9361361402466141 2.6616070135439953,
            -1.6294320343958537 1.001167965644036 2.6616070135439953,
            -1.6944638597932755 1.0984949702904732 2.6616070135439958,
            -1.7173000000398897 1.2133 2.6616070135439953,
            -1.6944638597932755 1.3281050297095272 2.6616070135439958,
            -1.6294320343958537 1.4254320343559643 2.6616070135439953,
            -1.5321050297494168 1.4904638597533861 2.6616070135439953,
            -1.4173000000398899 1.5133 2.6616070135439953,
            -1.3024949703303625 1.4904638597533861 2.6616070135439953,
            -1.2051679656839256 1.4254320343559646 2.6616070135439953,
            -1.1401361402865033 1.3281050297095274 2.6616070135439958,
            -1.1173000000398896 1.2133000000000003 0.4000000135439954,
            -1.1401361402865033 1.0984949702904732 0.4000000135439954,
            -1.2051679656839251 1.001167965644036 0.4000000135439954,
            -1.3024949703303625 0.9361361402466141 0.4000000135439954,
            -1.4173000000398899 0.9133000000000001 0.4000000135439954,
            -1.5321050297494168 0.9361361402466141 0.4000000135439954,
            -1.6294320343958537 1.001167965644036 0.4000000135439954,
            -1.6944638597932755 1.0984949702904732 0.4000000135439956,
            -1.7173000000398897 1.2133 0.4000000135439954,
            -1.6944638597932755 1.3281050297095272 0.4000000135439956,
            -1.6294320343958537 1.4254320343559643 0.4000000135439954,
            -1.5321050297494168 1.4904638597533861 0.4000000135439954,
            -1.4173000000398899 1.5133 0.4000000135439954,
            -1.3024949703303625 1.4904638597533861 0.4000000135439954,
            -1.2051679656839256 1.4254320343559646 0.4000000135439954,
            -1.1401361402865033 1.3281050297095274 0.4000000135439956,
            -1.2873000010398896 1.2133 0.10000001354399557,
            -1.2971956617373017 1.163551154175222 0.10000001354399557,
            -1.325376119192745 1.1213761191528557 0.10000001354399557,
            -1.3675511542151115 1.0931956616974123 0.10000001354399557,
            -1.4173000000398899 1.0833000010000002 0.10000001354399557,
            -1.4670488458646682 1.0931956616974123 0.10000001354399557,
            -1.509223880887034 1.1213761191528557 0.10000001354399557,
            -1.5374043383424771 1.163551154175222 0.10000001354399557,
            -1.5472999990398897 1.2133 0.10000001354399557,
            -1.5374043383424771 1.2630488458247784 0.10000001354399557,
            -1.509223880887034 1.3052238808471444 0.10000001354399557,
            -1.4670488458646682 1.3334043383025878 0.10000001354399557,
            -1.4173000000398899 1.343299999 0.10000001354399557,
            -1.3675511542151115 1.3334043383025878 0.10000001354399535,
            -1.325376119192745 1.3052238808471446 0.10000001354399557,
            -1.2971956617373017 1.2630488458247784 0.10000001354399557 ]
        }
        coordIndex [
          0, 1, 17, 16, -1,
          0, 15, 50, 49, -1,
          0, 16, 31, 15, -1,
          0, 49, 48, 1, -1,
          1, 2, 18, 17, -1,
          1, 48, 63, 2, -1,
          2, 3, 19, 18, -1,
          2, 63, 62, 3, -1,
          3, 4, 20, 19, -1,
          3, 62, 61, 4, -1,
          4, 5, 21, 20, -1,
          4, 61, 60, 5, -1,
          5, 6, 22, 21, -1,
          5, 60, 59, 6, -1,
          6, 7, 23, 22, -1,
          6, 59, 58, 7, -1,
          7, 8, 24, 23, -1,
          7, 58, 57, 8, -1,
          8, 9, 25, 24, -1,
          8, 57, 56, 9, -1,
          9, 10, 26, 25, -1,
          9, 56, 55, 10, -1,
          10, 11, 27, 26, -1,
          10, 55, 54, 11, -1,
          11, 12, 28, 27, -1,
          11, 54, 53, 12, -1,
          12, 13, 29, 28, -1,
          12, 53, 52, 13, -1,
          13, 14, 30, 29, -1,
          13, 52, 51, 14, -1,
          14, 15, 31, 30, -1,
          14, 51, 50, 15, -1,
          16, 17, 33, 32, -1,
          16, 32, 47, 31, -1,
          17, 18, 34, 33, -1,
          18, 19, 35, 34, -1,
          19, 20, 36, 35, -1,
          20, 21, 37, 36, -1,
          21, 22, 38, 37, -1,
          22, 23, 39, 38, -1,
          23, 24, 40, 39, -1,
          24, 25, 41, 40, -1,
          25, 26, 42, 41, -1,
          26, 27, 43, 42, -1,
          27, 28, 44, 43, -1,
          28, 29, 45, 44, -1,
          29, 30, 46, 45, -1,
          30, 31, 47, 46, -1,
          32, 33, 65, 64, -1,
          32, 64, 79, 47, -1,
          33, 34, 66, 65, -1,
          34, 35, 67, 66, -1,
          35, 36, 68, 67, -1,
          36, 37, 69, 68, -1,
          37, 38, 70, 69, -1,
          38, 39, 71, 70, -1,
          39, 40, 72, 71, -1,
          40, 41, 73, 72, -1,
          41, 42, 74, 73, -1,
          42, 43, 75, 74, -1,
          43, 44, 76, 75, -1,
          44, 45, 77, 76, -1,
          45, 46, 78, 77, -1,
          46, 47, 79, 78, -1,
          48, 49, 81, 80, -1,
          48, 80, 95, 63, -1,
          49, 50, 82, 81, -1,
          50, 51, 83, 82, -1,
          51, 52, 84, 83, -1,
          52, 53, 85, 84, -1,
          53, 54, 86, 85, -1,
          54, 55, 87, 86, -1,
          55, 56, 88, 87, -1,
          56, 57, 89, 88, -1,
          57, 58, 90, 89, -1,
          58, 59, 91, 90, -1,
          59, 60, 92, 91, -1,
          60, 61, 93, 92, -1,
          61, 62, 94, 93, -1,
          62, 63, 95, 94, -1,
          64, 65, 66, 67, 68, 69, 70, 71, 72, 73, 74, 75, 76, 77, 78, 79, -1,
          80, 81, 82, 83, 84, 85, 86, 87, 88, 89, 90, 91, 92, 93, 94, 95, -1,
          96, 97, 225, 224, -1,
          96, 111, 256, 241, -1,
          96, 224, 239, 111, -1,
          96, 241, 242, 97, -1,
          97, 98, 226, 225, -1,
          97, 242, 243, 98, -1,
          98, 99, 227, 226, -1,
          98, 243, 244, 99, -1,
          99, 100, 228, 227, -1,
          99, 244, 245, 100, -1,
          100, 101, 229, 228, -1,
          100, 245, 246, 101, -1,
          101, 102, 230, 229, -1,
          101, 246, 247, 102, -1,
          102, 103, 231, 230, -1,
          102, 247, 248, 103, -1,
          103, 104, 232, 231, -1,
          103, 248, 249, 104, -1,
          104, 105, 233, 232, -1,
          104, 249, 250, 105, -1,
          105, 106, 234, 233, -1,
          105, 250, 251, 106, -1,
          106, 107, 235, 234, -1,
          106, 251, 252, 107, -1,
          107, 108, 236, 235, -1,
          107, 252, 253, 108, -1,
          108, 109, 237, 236, -1,
          108, 253, 254, 109, -1,
          109, 110, 238, 237, -1,
          109, 254, 255, 110, -1,
          110, 111, 239, 238, -1,
          110, 255, 256, 111, -1,
          112, 113, 240, -1,
          112, 127, 143, 128, -1,
          112, 128, 129, 113, -1,
          112, 240, 127, -1,
          113, 114, 240, -1,
          113, 129, 130, 114, -1,
          114, 115, 240, -1,
          114, 130, 131, 115, -1,
          115, 116, 240, -1,
          115, 131, 132, 116, -1,
          116, 117, 240, -1,
          116, 132, 133, 117, -1,
          117, 118, 240, -1,
          117, 133, 134, 118, -1,
          118, 119, 240, -1,
          118, 134, 135, 119, -1,
          119, 120, 240, -1,
          119, 135, 136, 120, -1,
          120, 121, 240, -1,
          120, 136, 137, 121, -1,
          121, 122, 240, -1,
          121, 137, 138, 122, -1,
          122, 123, 240, -1,
          122, 138, 139, 123, -1,
          123, 124, 240, -1,
          123, 139, 140, 124, -1,
          124, 125, 240, -1,
          124, 140, 141, 125, -1,
          125, 126, 240, -1,
          125, 141, 142, 126, -1,
          126, 127, 240, -1,
          126, 142, 143, 127, -1,
          128, 143, 159, 144, -1,
          128, 144, 145, 129, -1,
          129, 145, 146, 130, -1,
          130, 146, 147, 131, -1,
          131, 147, 148, 132, -1,
          132, 148, 149, 133, -1,
          133, 149, 150, 134, -1,
          134, 150, 151, 135, -1,
          135, 151, 152, 136, -1,
          136, 152, 153, 137, -1,
          137, 153, 154, 138, -1,
          138, 154, 155, 139, -1,
          139, 155, 156, 140, -1,
          140, 156, 157, 141, -1,
          141, 157, 158, 142, -1,
          142, 158, 159, 143, -1,
          144, 159, 175, 160, -1,
          144, 160, 161, 145, -1,
          145, 161, 162, 146, -1,
          146, 162, 163, 147, -1,
          147, 163, 164, 148, -1,
          148, 164, 165, 149, -1,
          149, 165, 166, 150, -1,
          150, 166, 167, 151, -1,
          151, 167, 168, 152, -1,
          152, 168, 169, 153, -1,
          153, 169, 170, 154, -1,
          154, 170, 171, 155, -1,
          155, 171, 172, 156, -1,
          156, 172, 173, 157, -1,
          157, 173, 174, 158, -1,
          158, 174, 175, 159, -1,
          160, 175, 191, 176, -1,
          160, 176, 177, 161, -1,
          161, 177, 178, 162, -1,
          162, 178, 179, 163, -1,
          163, 179, 180, 164, -1,
          164, 180, 181, 165, -1,
          165, 181, 182, 166, -1,
          166, 182, 183, 167, -1,
          167, 183, 184, 168, -1,
          168, 184, 185, 169, -1,
          169, 185, 186, 170, -1,
          170, 186, 187, 171, -1,
          171, 187, 188, 172, -1,
          172, 188, 189, 173, -1,
          173, 189, 190, 174, -1,
          174, 190, 191, 175, -1,
          176, 191, 207, 192, -1,
          176, 192, 193, 177, -1,
          177, 193, 194, 178, -1,
          178, 194, 195, 179, -1,
          179, 195, 196, 180, -1,
          180, 196, 197, 181, -1,
          181, 197, 198, 182, -1,
          182, 198, 199, 183, -1,
          183, 199, 200, 184, -1,
          184, 200, 201, 185, -1,
          185, 201, 202, 186, -1,
          186, 202, 203, 187, -1,
          187, 203, 204, 188, -1,
          188, 204, 205, 189, -1,
          189, 205, 206, 190, -1,
          190, 206, 207, 191, -1,
          192, 207, 223, 208, -1,
          192, 208, 209, 193, -1,
          193, 209, 210, 194, -1,
          194, 210, 211, 195, -1,
          195, 211, 212, 196, -1,
          196, 212, 213, 197, -1,
          197, 213, 214, 198, -1,
          198, 214, 215, 199, -1,
          199, 215, 216, 200, -1,
          200, 216, 217, 201, -1,
          201, 217, 218, 202, -1,
          202, 218, 219, 203, -1,
          203, 219, 220, 204, -1,
          204, 220, 221, 205, -1,
          205, 221, 222, 206, -1,
          206, 222, 223, 207, -1,
          208, 223, 239, 224, -1,
          208, 224, 225, 209, -1,
          209, 225, 226, 210, -1,
          210, 226, 227, 211, -1,
          211, 227, 228, 212, -1,
          212, 228, 229, 213, -1,
          213, 229, 230, 214, -1,
          214, 230, 231, 215, -1,
          215, 231, 232, 216, -1,
          216, 232, 233, 217, -1,
          217, 233, 234, 218, -1,
          218, 234, 235, 219, -1,
          219, 235, 236, 220, -1,
          220, 236, 237, 221, -1,
          221, 237, 238, 222, -1,
          222, 238, 239, 223, -1,
          241, 256, 272, 257, -1,
          241, 257, 258, 242, -1,
          242, 258, 259, 243, -1,
          243, 259, 260, 244, -1,
          244, 260, 261, 245, -1,
          245, 261, 262, 246, -1,
          246, 262, 263, 247, -1,
          247, 263, 264, 248, -1,
          248, 264, 265, 249, -1,
          249, 265, 266, 250, -1,
          250, 266, 267, 251, -1,
          251, 267, 268, 252, -1,
          252, 268, 269, 253, -1,
          253, 269, 270, 254, -1,
          254, 270, 271, 255, -1,
          255, 271, 272, 256, -1,
          257, 272, 288, 273, -1,
          257, 273, 274, 258, -1,
          258, 274, 275, 259, -1,
          259, 275, 276, 260, -1,
          260, 276, 277, 261, -1,
          261, 277, 278, 262, -1,
          262, 278, 279, 263, -1,
          263, 279, 280, 264, -1,
          264, 280, 281, 265, -1,
          265, 281, 282, 266, -1,
          266, 282, 283, 267, -1,
          267, 283, 284, 268, -1,
          268, 284, 285, 269, -1,
          269, 285, 286, 270, -1,
          270, 286, 287, 271, -1,
          271, 287, 288, 272, -1,
          273, 288, 304, 289, -1,
          273, 289, 290, 274, -1,
          274, 290, 291, 275, -1,
          275, 291, 292, 276, -1,
          276, 292, 293, 277, -1,
          277, 293, 294, 278, -1,
          278, 294, 295, 279, -1,
          279, 295, 296, 280, -1,
          280, 296, 297, 281, -1,
          281, 297, 298, 282, -1,
          282, 298, 299, 283, -1,
          283, 299, 300, 284, -1,
          284, 300, 301, 285, -1,
          285, 301, 302, 286, -1,
          286, 302, 303, 287, -1,
          287, 303, 304, 288, -1,
          289, 304, 320, 305, -1,
          289, 305, 306, 290, -1,
          290, 306, 307, 291, -1,
          291, 307, 308, 292, -1,
          292, 308, 309, 293, -1,
          293, 309, 310, 294, -1,
          294, 310, 311, 295, -1,
          295, 311, 312, 296, -1,
          296, 312, 313, 297, -1,
          297, 313, 314, 298, -1,
          298, 314, 315, 299, -1,
          299, 315, 316, 300, -1,
          300, 316, 317, 301, -1,
          301, 317, 318, 302, -1,
          302, 318, 319, 303, -1,
          303, 319, 320, 304, -1,
          305, 320, 319, 318, 317, 316, 315, 314, 313, 312, 311, 310, 309, 308, 307, 306, -1,
          321, 322, 467, 466, -1,
          321, 336, 464, 449, -1,
          321, 449, 450, 322, -1,
          321, 466, 481, 336, -1,
          322, 323, 468, 467, -1,
          322, 450, 451, 323, -1,
          323, 324, 469, 468, -1,
          323, 451, 452, 324, -1,
          324, 325, 470, 469, -1,
          324, 452, 453, 325, -1,
          325, 326, 471, 470, -1,
          325, 453, 454, 326, -1,
          326, 327, 472, 471, -1,
          326, 454, 455, 327, -1,
          327, 328, 473, 472, -1,
          327, 455, 456, 328, -1,
          328, 329, 474, 473, -1,
          328, 456, 457, 329, -1,
          329, 330, 475, 474, -1,
          329, 457, 458, 330, -1,
          330, 331, 476, 475, -1,
          330, 458, 459, 331, -1,
          331, 332, 477, 476, -1,
          331, 459, 460, 332, -1,
          332, 333, 478, 477, -1,
          332, 460, 461, 333, -1,
          333, 334, 479, 478, -1,
          333, 461, 462, 334, -1,
          334, 335, 480, 479, -1,
          334, 462, 463, 335, -1,
          335, 336, 481, 480, -1,
          335, 463, 464, 336, -1,
          337, 338, 354, 353, -1,
          337, 352, 465, -1,
          337, 353, 368, 352, -1,
          337, 465, 338, -1,
          338, 339, 355, 354, -1,
          338, 465, 339, -1,
          339, 340, 356, 355, -1,
          339, 465, 340, -1,
          340, 341, 357, 356, -1,
          340, 465, 341, -1,
          341, 342, 358, 357, -1,
          341, 465, 342, -1,
          342, 343, 359, 358, -1,
          342, 465, 343, -1,
          343, 344, 360, 359, -1,
          343, 465, 344, -1,
          344, 345, 361, 360, -1,
          344, 465, 345, -1,
          345, 346, 362, 361, -1,
          345, 465, 346, -1,
          346, 347, 363, 362, -1,
          346, 465, 347, -1,
          347, 348, 364, 363, -1,
          347, 465, 348, -1,
          348, 349, 365, 364, -1,
          348, 465, 349, -1,
          349, 350, 366, 365, -1,
          349, 465, 350, -1,
          350, 351, 367, 366, -1,
          350, 465, 351, -1,
          351, 352, 368, 367, -1,
          351, 465, 352, -1,
          353, 354, 370, 369, -1,
          353, 369, 384, 368, -1,
          354, 355, 371, 370, -1,
          355, 356, 372, 371, -1,
          356, 357, 373, 372, -1,
          357, 358, 374, 373, -1,
          358, 359, 375, 374, -1,
          359, 360, 376, 375, -1,
          360, 361, 377, 376, -1,
          361, 362, 378, 377, -1,
          362, 363, 379, 378, -1,
          363, 364, 380, 379, -1,
          364, 365, 381, 380, -1,
          365, 366, 382, 381, -1,
          366, 367, 383, 382, -1,
          367, 368, 384, 383, -1,
          369, 370, 386, 385, -1,
          369, 385, 400, 384, -1,
          370, 371, 387, 386, -1,
          371, 372, 388, 387, -1,
          372, 373, 389, 388, -1,
          373, 374, 390, 389, -1,
          374, 375, 391, 390, -1,
          375, 376, 392, 391, -1,
          376, 377, 393, 392, -1,
          377, 378, 394, 393, -1,
          378, 379, 395, 394, -1,
          379, 380, 396, 395, -1,
          380, 381, 397, 396, -1,
          381, 382, 398, 397, -1,
          382, 383, 399, 398, -1,
          383, 384, 400, 399, -1,
          385, 386, 402, 401, -1,
          385, 401, 416, 400, -1,
          386, 387, 403, 402, -1,
          387, 388, 404, 403, -1,
          388, 389, 405, 404, -1,
          389, 390, 406, 405, -1,
          390, 391, 407, 406, -1,
          391, 392, 408, 407, -1,
          392, 393, 409, 408, -1,
          393, 394, 410, 409, -1,
          394, 395, 411, 410, -1,
          395, 396, 412, 411, -1,
          396, 397, 413, 412, -1,
          397, 398, 414, 413, -1,
          398, 399, 415, 414, -1,
          399, 400, 416, 415, -1,
          401, 402, 418, 417, -1,
          401, 417, 432, 416, -1,
          402, 403, 419, 418, -1,
          403, 404, 420, 419, -1,
          404, 405, 421, 420, -1,
          405, 406, 422, 421, -1,
          406, 407, 423, 422, -1,
          407, 408, 424, 423, -1,
          408, 409, 425, 424, -1,
          409, 410, 426, 425, -1,
          410, 411, 427, 426, -1,
          411, 412, 428, 427, -1,
          412, 413, 429, 428, -1,
          413, 414, 430, 429, -1,
          414, 415, 431, 430, -1,
          415, 416, 432, 431, -1,
          417, 418, 434, 433, -1,
          417, 433, 448, 432, -1,
          418, 419, 435, 434, -1,
          419, 420, 436, 435, -1,
          420, 421, 437, 436, -1,
          421, 422, 438, 437, -1,
          422, 423, 439, 438, -1,
          423, 424, 440, 439, -1,
          424, 425, 441, 440, -1,
          425, 426, 442, 441, -1,
          426, 427, 443, 442, -1,
          427, 428, 444, 443, -1,
          428, 429, 445, 444, -1,
          429, 430, 446, 445, -1,
          430, 431, 447, 446, -1,
          431, 432, 448, 447, -1,
          433, 434, 450, 449, -1,
          433, 449, 464, 448, -1,
          434, 435, 451, 450, -1,
          435, 436, 452, 451, -1,
          436, 437, 453, 452, -1,
          437, 438, 454, 453, -1,
          438, 439, 455, 454, -1,
          439, 440, 456, 455, -1,
          440, 441, 457, 456, -1,
          441, 442, 458, 457, -1,
          442, 443, 459, 458, -1,
          443, 444, 460, 459, -1,
          444, 445, 461, 460, -1,
          445, 446, 462, 461, -1,
          446, 447, 463, 462, -1,
          447, 448, 464, 463, -1,
          466, 467, 483, 482, -1,
          466, 482, 497, 481, -1,
          467, 468, 484, 483, -1,
          468, 469, 485, 484, -1,
          469, 470, 486, 485, -1,
          470, 471, 487, 486, -1,
          471, 472, 488, 487, -1,
          472, 473, 489, 488, -1,
          473, 474, 490, 489, -1,
          474, 475, 491, 490, -1,
          475, 476, 492, 491, -1,
          476, 477, 493, 492, -1,
          477, 478, 494, 493, -1,
          478, 479, 495, 494, -1,
          479, 480, 496, 495, -1,
          480, 481, 497, 496, -1,
          482, 483, 499, 498, -1,
          482, 498, 513, 497, -1,
          483, 484, 500, 499, -1,
          484, 485, 501, 500, -1,
          485, 486, 502, 501, -1,
          486, 487, 503, 502, -1,
          487, 488, 504, 503, -1,
          488, 489, 505, 504, -1,
          489, 490, 506, 505, -1,
          490, 491, 507, 506, -1,
          491, 492, 508, 507, -1,
          492, 493, 509, 508, -1,
          493, 494, 510, 509, -1,
          494, 495, 511, 510, -1,
          495, 496, 512, 511, -1,
          496, 497, 513, 512, -1,
          498, 499, 515, 514, -1,
          498, 514, 529, 513, -1,
          499, 500, 516, 515, -1,
          500, 501, 517, 516, -1,
          501, 502, 518, 517, -1,
          502, 503, 519, 518, -1,
          503, 504, 520, 519, -1,
          504, 505, 521, 520, -1,
          505, 506, 522, 521, -1,
          506, 507, 523, 522, -1,
          507, 508, 524, 523, -1,
          508, 509, 525, 524, -1,
          509, 510, 526, 525, -1,
          510, 511, 527, 526, -1,
          511, 512, 528, 527, -1,
          512, 513, 529, 528, -1,
          514, 515, 531, 530, -1,
          514, 530, 545, 529, -1,
          515, 516, 532, 531, -1,
          516, 517, 533, 532, -1,
          517, 518, 534, 533, -1,
          518, 519, 535, 534, -1,
          519, 520, 536, 535, -1,
          520, 521, 537, 536, -1,
          521, 522, 538, 537, -1,
          522, 523, 539, 538, -1,
          523, 524, 540, 539, -1,
          524, 525, 541, 540, -1,
          525, 526, 542, 541, -1,
          526, 527, 543, 542, -1,
          527, 528, 544, 543, -1,
          528, 529, 545, 544, -1,
          530, 531, 532, 533, 534, 535, 536, 537, 538, 539, 540, 541, 542, 543, 544, 545, -1 ]
        normal Normal {
          vector [
            -0.8968406293701277 1.0119453972998252e-16 0.44235380128466556,
            -0.8878035985999533 -0.07463058518085824 0.45413108907950334,
            -0.862068312303299 -0.13789934029587378 0.4876699671586353,
            -0.8235527345278799 -0.18017417091146803 0.5378644453652021,
            -0.7781205128454252 -0.19501911728871998 0.5970728694063238,
            -0.7326882911629662 -0.18017417091146706 0.6562812934474499,
            -0.6941727133875473 -0.13789934029587003 0.7064757716540135,
            -0.6684374270909001 -0.074630585180867 0.740014649733138,
            -0.6594003963207286 3.4022302150597623e-16 0.7517919375279746,
            -0.6684374270908972 0.07463058518086711 0.7400146497331407,
            -0.6941727133875506 0.13789934029586934 0.7064757716540104,
            -0.7326882911629717 0.18017417091146676 0.6562812934474439,
            -0.778120512845423 0.19501911728872068 0.5970728694063264,
            -0.8235527345278808 0.1801741709114685 0.5378644453652006,
            -0.8620683123032988 0.13789934029587378 0.4876699671586357,
            -0.8878035985999514 0.07463058518085837 0.4541310890795067,
            -0.965891243288042 1.818324138911292e-16 0.25894807614554743,
            -0.9481637166168578 -0.14639937861516591 0.2820510387011545,
            -0.8976799918385648 -0.27051077894984354 0.34784270974775783,
            -0.8221257584145554 -0.3534393653757234 0.44630690377149435,
            -0.7330034634827945 -0.3825600123589793 0.5624533398124018,
            -0.6438811685510345 -0.3534393653757279 0.6785997758533058,
            -0.5683269351270276 -0.27051077894984593 0.777063969877041,
            -0.5178432103487354 -0.1463993786151707 0.8428556409236443,
            -0.5001156836775514 3.776519365431149e-16 0.8659586034792514,
            -0.517843210348735 0.1463993786151702 0.8428556409236445,
            -0.5683269351270283 0.27051077894984527 0.7770639698770407,
            -0.6438811685510352 0.3534393653757275 0.6785997758533053,
            -0.733003463482795 0.3825600123589783 0.5624533398124019,
            -0.8221257584145552 0.35343936537572296 0.4463069037714951,
            -0.8976799918385646 0.27051077894984343 0.3478427097477589,
            -0.9481637166168579 0.1463993786151657 0.28205103870115433,
            -0.997847563899867 1.2627694232753034e-16 0.0655762092461953,
            -0.9721095646665218 -0.21255232974401683 0.09911862289325912,
            -0.8988139440342198 -0.392745494076173 0.19463933541941944,
            -0.7891192958177726 -0.513146717182002 0.3375961842399834,
            -0.6597256358236703 -0.5554260042834467 0.5062252850290853,
            -0.5303319758295699 -0.5131467171820022 0.6748543858181842,
            -0.4206373276131249 -0.39274549407617687 0.8178112346387449,
            -0.34734170698082123 -0.21255232974401964 0.9133319471649062,
            -0.3216037077474742 3.577846699280027e-16 0.9468743608119702,
            -0.3473417069808207 0.21255232974401925 0.9133319471649064,
            -0.4206373276131245 0.3927454940761768 0.8178112346387452,
            -0.5303319758295699 0.5131467171820029 0.6748543858181838,
            -0.6597256358236703 0.555426004283447 0.5062252850290851,
            -0.7891192958177723 0.5131467171820027 0.3375961842399834,
            -0.8988139440342197 0.3927454940761735 0.1946393354194195,
            -0.9721095646665219 0.2125523297440167 0.0991186228932591,
            -0.9914691711821665 9.153379208675539e-17 -0.13034140783092626,
            -0.9587085129267837 -0.2705476122288396 -0.08764688676153035,
            -0.8654140514039101 -0.49990680301605034 0.03393682264063691,
            -0.7257890226640039 -0.6531597147105213 0.2158997027781662,
            -0.5610900716286776 -0.7069749807478733 0.4305395546477346,
            -0.3963911205933514 -0.6531597147105204 0.6451794065173028,
            -0.2567660918534455 -0.4999068030160529 0.8271422866548278,
            -0.16347163033057205 -0.27054761222884144 0.9487259960569949,
            -0.13071097207518675 3.6613516834702135e-16 0.9914205171263906,
            -0.16347163033057172 0.2705476122288414 0.948725996056995,
            -0.25676609185344484 0.4999068030160532 0.8271422866548277,
            -0.39639112059335047 0.653159714710521 0.6451794065173024,
            -0.5610900716286773 0.7069749807478737 0.43053955464773436,
            -0.7257890226640036 0.6531597147105219 0.21589970277816553,
            -0.8654140514039097 0.49990680301605117 0.03393682264063669,
            -0.9587085129267836 0.2705476122288399 -0.08764688676153047,
            -0.9469850640503507 1.6253304104917383e-16 -0.32127758786686833,
            -0.9084598250775329 -0.3181532963529089 -0.27107051894272166,
            -0.7987492265605304 -0.5878706374029004 -0.12809288328577034,
            -0.6345557125945053 -0.7680900029688985 0.08588827017071095,
            -0.4408762572628728 -0.8313746283360974 0.33829625055695933,
            -0.24719680193124216 -0.7680900029688972 0.590704230943207,
            -0.08300328796521955 -0.5878706374029004 0.804685384399686,
            0.02670731055178239 -0.3181532963529086 0.9476630200566386,
            0.06523254952460161 3.7453265980896565e-16 0.9978700889807853,
            0.026707310551782687 0.31815329635290873 0.9476630200566385,
            -0.08300328796521918 0.5878706374029006 0.804685384399686,
            -0.24719680193124147 0.768090002968897 0.5907042309432077,
            -0.4408762572628733 0.8313746283360969 0.33829625055696,
            -0.6345557125945056 0.7680900029688983 0.08588827017071046,
            -0.79874922656053 0.587870637402901 -0.12809288328577056,
            -0.9084598250775326 0.3181532963529094 -0.271070518942722,
            -0.866090415665611 1.9847202962875378e-16 -0.4998873792087267,
            -0.8232808793799439 -0.3535343439202113 -0.4440969053216787,
            -0.7013696343530229 -0.6532462887753769 -0.28521907756793496,
            -0.5189165625120095 -0.8535074078568455 -0.04744160499190653,
            -0.30369849010348277 -0.923829761156028 0.23303604766486466,
            -0.08848041769495546 -0.853507407856844 0.5135137003216341,
            0.09397265414606037 -0.6532462887753766 0.7512911728976603,
            0.21588389917298245 -0.3535343439202115 0.9101690006514039,
            0.2586934354586486 3.6859091216768556e-16 0.9659594745384519,
            0.2158838991729823 0.35353434392021144 0.9101690006514038,
            0.09397265414606097 0.653246288775377 0.7512911728976599,
            -0.08848041769495325 0.8535074078568444 0.5135137003216337,
            -0.30369849010348143 0.9238297611560286 0.23303604766486444,
            -0.5189165625120101 0.8535074078568451 -0.04744160499190703,
            -0.7013696343530235 0.6532462887753766 -0.28521907756793446,
            -0.8232808793799439 0.3535343439202117 -0.4440969053216785,
            -0.7518860198029053 1.278487598853515e-16 -0.6592931163184894,
            -0.7064378438166506 -0.3753250437578366 -0.6000639002238507,
            -0.577012388663053 -0.6935102519335361 -0.43139336317616317,
            -0.3833135066445762 -0.9061148109384431 -0.1789600654387114,
            -0.15483009666379566 -0.9807716039291878 0.11880531172152187,
            0.07365331331698602 -0.9061148109384419 0.4165706888817569,
            0.2673521953354627 -0.6935102519335344 0.6690039866192086,
            0.3967776504890577 -0.375325043757838 0.8376745236668954,
            0.44222582647531083 3.196218997133789e-16 0.8969037397615356,
            0.39677765048905717 0.3753250437578377 0.8376745236668959,
            0.26735219533546145 0.6935102519335347 0.6690039866192089,
            0.07365331331698505 0.9061148109384418 0.4165706888817575,
            -0.15483009666379635 0.9807716039291875 0.11880531172152341,
            -0.3833135066445777 0.9061148109384426 -0.17896006543871124,
            -0.5770123886630539 0.6935102519335357 -0.4313933631761628,
            -0.706437843816651 0.37532504375783693 -0.6000639002238501,
            -0.793353340291236 7.67117265942676e-17 0.6087614290087194,
            -0.5190413153972468 4.474667174933388e-16 -0.854749152038594,
            -0.5375639092870379 -0.359145228835983 -0.7629152954531627,
            -0.4879652194664445 -0.693299554285676 -0.530307149318532,
            -0.2893486232659846 -0.9212749655540379 -0.2598649881332336,
            0.002042126281901101 -0.999991807791792 -0.003494863309560619,
            0.3122155253509335 -0.92336297667116 0.22343294081852721,
            0.5810764487386695 -0.7061318148888337 0.4046331928093125,
            0.7624036581815451 -0.38196763066606687 0.5223422164776163,
            0.8263120029004006 0.0 0.5632126364551209,
            0.7624036581815449 0.3819676306660673 0.522342216477616,
            0.5810764487386697 0.7061318148888336 0.40463319280931237,
            0.31221552535093505 0.9233629766711594 0.22343294081852771,
            0.002042126281901194 0.999991807791792 -0.0034948633095608895,
            -0.28934862326598493 0.9212749655540373 -0.259864988133235,
            -0.48796521946644394 0.6932995542856766 -0.5303071493185315,
            -0.5375639092870396 0.3591452288359846 -0.762915295453161,
            -0.7225807707860751 1.278476335695256e-16 -0.6912865033328811,
            -0.7167038715245637 -0.3591452288359839 -0.5977878094659094,
            -0.6085917978111147 -0.6932995542856761 -0.3859426792469549,
            -0.34674731609802256 -0.9212749655540375 -0.17612136901076136,
            0.0010680053316874422 -0.999991807791792 -0.003904319904315261,
            0.35940573969197487 -0.9233629766711603 0.1350123238428205,
            0.6660035254647075 -0.7061318148888337 0.2404519995142118,
            0.8716174971802886 -0.3819676306660661 0.3072192502635883,
            0.9439262609311322 0.0 0.33015634769692387,
            0.8716174971802884 0.3819676306660666 0.30721925026358826,
            0.6660035254647078 0.7061318148888335 0.24045199951421228,
            0.35940573969197626 0.9233629766711596 0.1350123238428217,
            0.001068005331687223 0.999991807791792 -0.0039043199043151612,
            -0.3467473160980236 0.9212749655540372 -0.17612136901076147,
            -0.6085917978111145 0.6932995542856768 -0.38594267924695447,
            -0.716703871524562 0.35914522883598493 -0.5977878094659109,
            0.8968406293701275 -1.0119453972998255e-16 0.4423538012846656,
            0.887803598599952 -0.07463058518085681 0.454131089079506,
            0.8620683123032995 -0.13789934029586834 0.4876699671586359,
            0.8235527345278777 -0.18017417091146606 0.5378644453652061,
            0.7781205128454224 -0.1950191172887198 0.5970728694063275,
            0.7326882911629693 -0.18017417091146334 0.6562812934474476,
            0.6941727133875568 -0.13789934029587295 0.7064757716540037,
            0.6684374270909051 -0.07463058518086468 0.7400146497331337,
            0.6594003963207192 1.3957867548963116e-17 0.7517919375279828,
            0.6684374270909053 0.07463058518086452 0.7400146497331335,
            0.6941727133875566 0.13789934029587278 0.7064757716540039,
            0.7326882911629674 0.18017417091146354 0.6562812934474495,
            0.7781205128454222 0.1950191172887198 0.5970728694063278,
            0.8235527345278791 0.18017417091146584 0.537864445365204,
            0.8620683123032999 0.13789934029586845 0.4876699671586353,
            0.8878035985999521 0.07463058518085681 0.45413108907950567,
            0.9658912432880419 -1.8882596827155723e-16 0.2589480761455482,
            0.948163716616858 -0.14639937861516428 0.28205103870115483,
            0.8976799918385645 -0.2705107789498432 0.3478427097477593,
            0.822125758414554 -0.3534393653757248 0.44630690377149584,
            0.7330034634827972 -0.3825600123589777 0.5624533398123993,
            0.6438811685510378 -0.3534393653757224 0.6785997758533054,
            0.5683269351270273 -0.2705107789498421 0.7770639698770427,
            0.5178432103487335 -0.1463993786151692 0.8428556409236457,
            0.5001156836775474 0.0 0.8659586034792537,
            0.5178432103487334 0.1463993786151688 0.8428556409236458,
            0.5683269351270277 0.2705107789498417 0.7770639698770424,
            0.6438811685510383 0.3534393653757224 0.6785997758533052,
            0.7330034634827972 0.3825600123589776 0.5624533398123994,
            0.8221257584145538 0.3534393653757247 0.44630690377149634,
            0.8976799918385642 0.27051077894984327 0.3478427097477598,
            0.948163716616858 0.14639937861516417 0.282051038701155,
            0.997847563899867 -1.8941541349129555e-16 0.06557620924619582,
            0.9721095646665219 -0.21255232974401686 0.09911862289325853,
            0.8988139440342193 -0.39274549407617404 0.19463933541941916,
            0.7891192958177726 -0.5131467171820028 0.33759618423998267,
            0.6597256358236715 -0.5554260042834473 0.5062252850290829,
            0.5303319758295683 -0.5131467171820039 0.6748543858181842,
            0.42063732761312156 -0.39274549407617443 0.8178112346387478,
            0.3473417069808194 -0.2125523297440168 0.9133319471649075,
            0.3216037077474737 0.0 0.9468743608119704,
            0.34734170698081906 0.2125523297440165 0.9133319471649076,
            0.4206373276131212 0.3927454940761746 0.817811234638748,
            0.5303319758295683 0.5131467171820044 0.6748543858181839,
            0.6597256358236712 0.5554260042834477 0.506225285029083,
            0.7891192958177721 0.5131467171820032 0.3375961842399829,
            0.898813944034219 0.39274549407617465 0.194639335419419,
            0.9721095646665219 0.21255232974401686 0.09911862289325842,
            0.9914691711821666 -1.9714970603301167e-16 -0.1303414078309258,
            0.9587085129267836 -0.2705476122288398 -0.08764688676153072,
            0.8654140514039104 -0.49990680301605006 0.03393682264063673,
            0.7257890226640044 -0.6531597147105208 0.21589970277816609,
            0.5610900716286771 -0.7069749807478736 0.4305395546477349,
            0.39639112059334736 -0.6531597147105228 0.6451794065173025,
            0.256766091853441 -0.4999068030160542 0.8271422866548285,
            0.16347163033056983 -0.2705476122288407 0.9487259960569957,
            0.13071097207518678 0.0 0.9914205171263906,
            0.16347163033056958 0.27054761222884066 0.9487259960569957,
            0.2567660918534409 0.4999068030160534 0.8271422866548288,
            0.39639112059334797 0.6531597147105223 0.6451794065173028,
            0.561090071628677 0.7069749807478741 0.4305395546477341,
            0.7257890226640036 0.6531597147105218 0.21589970277816545,
            0.8654140514039098 0.4999068030160509 0.03393682264063632,
            0.9587085129267835 0.27054761222884 -0.08764688676153076,
            0.9469850640503508 -1.9079965688381286e-16 -0.321277587866868,
            0.908459825077533 -0.31815329635290873 -0.27107051894272177,
            0.7987492265605309 -0.5878706374028999 -0.12809288328577026,
            0.6345557125945059 -0.768090002968898 0.08588827017071124,
            0.44087625726287316 -0.8313746283360965 0.3382962505569613,
            0.24719680193124127 -0.7680900029688963 0.5907042309432086,
            0.08300328796521927 -0.5878706374029005 0.8046853843996861,
            -0.026707310551780702 -0.31815329635290923 0.9476630200566384,
            -0.06523254952459763 0.0 0.9978700889807857,
            -0.026707310551780702 0.3181532963529093 0.9476630200566384,
            0.08300328796521922 0.5878706374028986 0.8046853843996874,
            0.24719680193124244 0.7680900029688951 0.5907042309432097,
            0.44087625726287394 0.8313746283360965 0.3382962505569602,
            0.6345557125945054 0.7680900029688984 0.0858882701707111,
            0.7987492265605304 0.5878706374029006 -0.12809288328576995,
            0.9084598250775329 0.31815329635290907 -0.27107051894272166,
            0.8660904156656106 -1.9138374285629828e-16 -0.49988737920872706,
            0.8232808793799433 -0.3535343439202115 -0.44409690532167956,
            0.7013696343530225 -0.6532462887753769 -0.28521907756793585,
            0.5189165625120089 -0.8535074078568458 -0.04744160499190782,
            0.3036984901034807 -0.9238297611560289 0.23303604766486397,
            0.08848041769495367 -0.853507407856844 0.5135137003216345,
            -0.09397265414606054 -0.6532462887753765 0.7512911728976606,
            -0.2158838991729821 -0.3535343439202134 0.9101690006514032,
            -0.2586934354586482 0.0 0.965959474538452,
            -0.215883899172982 0.3535343439202133 0.9101690006514033,
            -0.09397265414606217 0.6532462887753756 0.7512911728976611,
            0.08848041769495213 0.8535074078568444 0.5135137003216342,
            0.3036984901034809 0.9238297611560291 0.23303604766486286,
            0.5189165625120093 0.8535074078568455 -0.04744160499190722,
            0.7013696343530227 0.6532462887753772 -0.2852190775679351,
            0.8232808793799433 0.35353434392021177 -0.4440969053216794,
            0.7518860198029036 -1.8467043094550777e-16 -0.6592931163184912,
            0.7064378438166492 -0.3753250437578376 -0.6000639002238518,
            0.5770123886630527 -0.6935102519335358 -0.43139336317616406,
            0.38331350664457675 -0.9061148109384428 -0.1789600654387121,
            0.15483009666379563 -0.9807716039291878 0.11880531172152205,
            -0.07365331331698621 -0.9061148109384416 0.4165706888817573,
            -0.26735219533546234 -0.6935102519335343 0.6690039866192088,
            -0.3967776504890587 -0.375325043757839 0.8376745236668944,
            -0.442225826475314 0.0 0.8969037397615339,
            -0.3967776504890586 0.3753250437578386 0.8376745236668948,
            -0.26735219533546284 0.693510251933534 0.669003986619209,
            -0.07365331331698634 0.9061148109384417 0.41657068888175725,
            0.15483009666379643 0.9807716039291876 0.11880531172152257,
            0.3833135066445779 0.9061148109384425 -0.17896006543871137,
            0.5770123886630533 0.6935102519335357 -0.43139336317616356,
            0.7064378438166493 0.3753250437578378 -0.6000639002238516,
            0.7933533402912376 -3.7484139131289825e-17 0.6087614290087175,
            0.5190413153972472 6.108275826099548e-16 -0.8547491520385939,
            0.5375639092870378 -0.3591452288359832 -0.7629152954531628,
            0.4879652194664444 -0.6932995542856757 -0.5303071493185325,
            0.2893486232659857 -0.9212749655540372 -0.25986498813323444,
            -0.002042126281900953 -0.999991807791792 -0.0034948633095608825,
            -0.31221552535093433 -0.9233629766711596 0.2234329408185272,
            -0.5810764487386691 -0.7061318148888343 0.4046331928093119,
            -0.7624036581815453 -0.38196763066606587 0.5223422164776165,
            -0.8263120029004006 -1.9258630860515312e-16 0.5632126364551211,
            -0.7624036581815454 0.38196763066606576 0.5223422164776166,
            -0.5810764487386696 0.7061318148888337 0.4046331928093126,
            -0.3122155253509344 0.9233629766711595 0.22343294081852774,
            -0.0020421262819005845 0.999991807791792 -0.0034948633095610625,
            0.28934862326598504 0.9212749655540374 -0.2598649881332346,
            0.48796521946644406 0.6932995542856767 -0.5303071493185312,
            0.5375639092870398 0.3591452288359847 -0.7629152954531606,
            0.7225807707860756 1.7756615773545222e-16 -0.6912865033328807,
            0.7167038715245636 -0.3591452288359842 -0.5977878094659094,
            0.6085917978111149 -0.693299554285676 -0.38594267924695513,
            0.34674731609802356 -0.9212749655540371 -0.17612136901076245,
            -0.0010680053316873932 -0.999991807791792 -0.0039043199043152696,
            -0.3594057396919761 -0.9233629766711597 0.13501232384282133,
            -0.6660035254647073 -0.7061318148888344 0.2404519995142111,
            -0.8716174971802889 -0.38196763066606587 0.30721925026358793,
            -0.9439262609311322 -1.9258630860515305e-16 0.33015634769692376,
            -0.8716174971802889 0.38196763066606565 0.3072192502635879,
            -0.666003525464708 0.7061318148888336 0.24045199951421098,
            -0.3594057396919767 0.9233629766711596 0.1350123238428209,
            -0.001068005331686954 0.999991807791792 -0.0039043199043156626,
            0.3467473160980233 0.9212749655540371 -0.17612136901076203,
            0.6085917978111145 0.6932995542856767 -0.3859426792469544,
            0.7167038715245627 0.35914522883598504 -0.59778780946591,
            1.0 0.0 -1.4149669744338822e-16,
            1.0 0.0 -1.4149669744338822e-16,
            0.44373135890338944 0.8961598524402615 -6.269283088782788e-17,
            0.44373135890338944 0.8961598524402615 -6.269283088782788e-17,
            0.9238795325112868 0.0 0.38268343236508956,
            0.9238795325112868 0.0 0.38268343236508956,
            0.40995432042426144 0.8961598524402615 0.1698086394731746,
            0.40995432042426144 0.8961598524402615 0.1698086394731746,
            0.7071067811865477 0.0 0.7071067811865472,
            0.7071067811865477 0.0 0.7071067811865472,
            0.31376545290570773 0.896159852440262 0.3137654529057075,
            0.31376545290570773 0.896159852440262 0.3137654529057075,
            0.38268343236508967 0.0 0.9238795325112867,
            0.38268343236508967 0.0 0.9238795325112867,
            0.1698086394731739 0.8961598524402624 0.40995432042425983,
            0.1698086394731739 0.8961598524402624 0.40995432042425983,
            1.4149669744338818e-17 0.0 1.0,
            1.4149669744338818e-17 0.0 1.0,
            -2.0897610295942623e-17 0.8961598524402623 0.44373135890338783,
            -2.0897610295942623e-17 0.8961598524402623 0.44373135890338783,
            -0.38268343236508967 0.0 0.9238795325112868,
            -0.38268343236508967 0.0 0.9238795325112868,
            -0.16980863947317393 0.8961598524402624 0.4099543204242599,
            -0.16980863947317393 0.8961598524402624 0.4099543204242599,
            -0.7071067811865475 0.0 0.7071067811865475,
            -0.7071067811865475 0.0 0.7071067811865475,
            -0.3137654529057076 0.8961598524402621 0.31376545290570745,
            -0.3137654529057076 0.8961598524402621 0.31376545290570745,
            -0.9238795325112867 0.0 0.3826834323650898,
            -0.9238795325112867 0.0 0.3826834323650898,
            -0.40995432042426116 0.8961598524402616 0.1698086394731745,
            -0.40995432042426116 0.8961598524402616 0.1698086394731745,
            -1.0 0.0 2.8299339488677637e-17,
            -1.0 0.0 2.8299339488677637e-17,
            -0.44373135890338933 0.8961598524402616 1.3931740197295083e-17,
            -0.44373135890338933 0.8961598524402616 1.3931740197295083e-17,
            -0.9238795325112868 0.0 -0.3826834323650897,
            -0.9238795325112868 0.0 -0.3826834323650897,
            -0.40995432042426133 0.8961598524402615 -0.16980863947317454,
            -0.40995432042426133 0.8961598524402615 -0.16980863947317454,
            -0.7071067811865479 0.0 -0.7071067811865471,
            -0.7071067811865479 0.0 -0.7071067811865471,
            -0.31376545290570834 0.8961598524402616 -0.3137654529057081,
            -0.31376545290570834 0.8961598524402616 -0.3137654529057081,
            -0.38268343236509017 0.0 -0.9238795325112865,
            -0.38268343236509017 0.0 -0.9238795325112865,
            -0.16980863947317462 0.8961598524402618 -0.40995432042426094,
            -0.16980863947317462 0.8961598524402618 -0.40995432042426094,
            -5.659867897735529e-17 0.0 -1.0,
            -5.659867897735529e-17 0.0 -1.0,
            -2.0897610295942623e-17 0.8961598524402618 -0.44373135890338916,
            -2.0897610295942623e-17 0.8961598524402618 -0.44373135890338916,
            0.38268343236509 0.0 -0.9238795325112866,
            0.38268343236509 0.0 -0.9238795325112866,
            0.16980863947317476 0.8961598524402615 -0.40995432042426133,
            0.16980863947317476 0.8961598524402615 -0.40995432042426133,
            0.7071067811865475 0.0 -0.7071067811865477,
            0.7071067811865475 0.0 -0.7071067811865477,
            0.3137654529057086 0.8961598524402613 -0.31376545290570856,
            0.3137654529057086 0.8961598524402613 -0.31376545290570856,
            0.9238795325112865 0.0 -0.3826834323650903,
            0.9238795325112865 0.0 -0.3826834323650903,
            0.40995432042426155 0.8961598524402614 -0.16980863947317498,
            0.40995432042426155 0.8961598524402614 -0.16980863947317498,
            1.0 0.0 -1.4149669744338822e-16,
            1.0 0.0 -1.4149669744338822e-16,
            0.44373135890338944 -0.8961598524402615 -6.269283088782788e-17,
            0.44373135890338944 -0.8961598524402615 -6.269283088782788e-17,
            0.9238795325112868 0.0 0.38268343236508956,
            0.9238795325112868 0.0 0.38268343236508956,
            0.40995432042426144 -0.8961598524402615 0.1698086394731746,
            0.40995432042426144 -0.8961598524402615 0.1698086394731746,
            0.7071067811865477 0.0 0.7071067811865472,
            0.7071067811865477 0.0 0.7071067811865472,
            0.31376545290570773 -0.896159852440262 0.3137654529057075,
            0.31376545290570773 -0.896159852440262 0.3137654529057075,
            0.38268343236508967 0.0 0.9238795325112867,
            0.38268343236508967 0.0 0.9238795325112867,
            0.1698086394731739 -0.8961598524402624 0.40995432042425983,
            0.1698086394731739 -0.8961598524402624 0.40995432042425983,
            1.4149669744338818e-17 0.0 1.0,
            1.4149669744338818e-17 0.0 1.0,
            -2.0897610295942623e-17 -0.8961598524402623 0.44373135890338783,
            -2.0897610295942623e-17 -0.8961598524402623 0.44373135890338783,
            -0.38268343236508967 0.0 0.9238795325112868,
            -0.38268343236508967 0.0 0.9238795325112868,
            -0.16980863947317393 -0.8961598524402624 0.4099543204242599,
            -0.16980863947317393 -0.8961598524402624 0.4099543204242599,
            -0.7071067811865475 0.0 0.7071067811865475,
            -0.7071067811865475 0.0 0.7071067811865475,
            -0.3137654529057076 -0.8961598524402621 0.31376545290570745,
            -0.3137654529057076 -0.8961598524402621 0.31376545290570745,
            -0.9238795325112867 0.0 0.3826834323650898,
            -0.9238795325112867 0.0 0.3826834323650898,
            -0.40995432042426116 -0.8961598524402616 0.1698086394731745,
            -0.40995432042426116 -0.8961598524402616 0.1698086394731745,
            -1.0 0.0 2.8299339488677637e-17,
            -1.0 0.0 2.8299339488677637e-17,
            -0.44373135890338933 -0.8961598524402616 1.3931740197295083e-17,
            -0.44373135890338933 -0.8961598524402616 1.3931740197295083e-17,
            -0.9238795325112868 0.0 -0.3826834323650897,
            -0.9238795325112868 0.0 -0.3826834323650897,
            -0.40995432042426133 -0.8961598524402615 -0.16980863947317454,
            -0.40995432042426133 -0.8961598524402615 -0.16980863947317454,
            -0.7071067811865479 0.0 -0.7071067811865471,
            -0.7071067811865479 0.0 -0.7071067811865471,
            -0.31376545290570834 -0.8961598524402616 -0.3137654529057081,
            -0.31376545290570834 -0.8961598524402616 -0.3137654529057081,
            -0.38268343236509017 0.0 -0.9238795325112865,
            -0.38268343236509017 0.0 -0.9238795325112865,
            -0.16980863947317462 -0.8961598524402618 -0.40995432042426094,
            -0.16980863947317462 -0.8961598524402618 -0.40995432042426094,
            -5.659867897735529e-17 0.0 -1.0,
            -5.659867897735529e-17 0.0 -1.0,
            -2.0897610295942623e-17 -0.8961598524402618 -0.44373135890338916,
            -2.0897610295942623e-17 -0.8961598524402618 -0.44373135890338916,
            0.38268343236509 0.0 -0.9238795325112866,
            0.38268343236509 0.0 -0.9238795325112866,
            0.16980863947317476 -0.8961598524402615 -0.40995432042426133,
            0.16980863947317476 -0.8961598524402615 -0.40995432042426133,
            0.7071067811865475 0.0 -0.7071067811865477,
            0.7071067811865475 0.0 -0.7071067811865477,
            0.3137654529057086 -0.8961598524402613 -0.31376545290570856,
            0.3137654529057086 -0.8961598524402613 -0.31376545290570856,
            0.9238795325112865 0.0 -0.3826834323650903,
            0.9238795325112865 0.0 -0.3826834323650903,
            0.40995432042426155 -0.8961598524402614 -0.16980863947317498,
            0.40995432042426155 -0.8961598524402614 -0.16980863947317498,
            0.44373135890338944 -0.8961598524402615 -6.269283088782788e-17,
            0.44373135890338944 -0.8961598524402615 -6.269283088782788e-17,
            0.09379874907047955 -0.9955911784828214 -2.0820304653718076e-17,
            0.09379874907047955 -0.9955911784828214 -2.0820304653718076e-17,
            0.40995432042426144 -0.8961598524402615 0.1698086394731746,
            0.40995432042426144 -0.8961598524402615 0.1698086394731746,
            0.08665874444137814 -0.9955911784828214 0.03589522724584289,
            0.08665874444137814 -0.9955911784828214 0.03589522724584289,
            0.31376545290570773 -0.896159852440262 0.3137654529057075,
            0.31376545290570773 -0.896159852440262 0.3137654529057075,
            0.06632573153455153 -0.9955911784828214 0.06632573153455149,
            0.06632573153455153 -0.9955911784828214 0.06632573153455149,
            0.1698086394731739 -0.8961598524402624 0.40995432042425983,
            0.1698086394731739 -0.8961598524402624 0.40995432042425983,
            0.035895227245842945 -0.9955911784828214 0.08665874444137825,
            0.035895227245842945 -0.9955911784828214 0.08665874444137825,
            -2.0897610295942623e-17 -0.8961598524402623 0.44373135890338783,
            -2.0897610295942623e-17 -0.8961598524402623 0.44373135890338783,
            0.0 -0.9955911784828214 0.0937987490704797,
            0.0 -0.9955911784828214 0.0937987490704797,
            -0.16980863947317393 -0.8961598524402624 0.4099543204242599,
            -0.16980863947317393 -0.8961598524402624 0.4099543204242599,
            -0.03589522724584294 -0.9955911784828214 0.08665874444137825,
            -0.03589522724584294 -0.9955911784828214 0.08665874444137825,
            -0.3137654529057076 -0.8961598524402621 0.31376545290570745,
            -0.3137654529057076 -0.8961598524402621 0.31376545290570745,
            -0.06632573153455151 -0.9955911784828214 0.06632573153455153,
            -0.06632573153455151 -0.9955911784828214 0.06632573153455153,
            -0.40995432042426116 -0.8961598524402616 0.1698086394731745,
            -0.40995432042426116 -0.8961598524402616 0.1698086394731745,
            -0.08665874444137814 -0.9955911784828214 0.03589522724584292,
            -0.08665874444137814 -0.9955911784828214 0.03589522724584292,
            -0.44373135890338933 -0.8961598524402616 1.3931740197295083e-17,
            -0.44373135890338933 -0.8961598524402616 1.3931740197295083e-17,
            -0.09379874907047957 -0.9955911784828214 3.4700507756196795e-18,
            -0.09379874907047957 -0.9955911784828214 3.4700507756196795e-18,
            -0.40995432042426133 -0.8961598524402615 -0.16980863947317454,
            -0.40995432042426133 -0.8961598524402615 -0.16980863947317454,
            -0.08665874444137818 -0.9955911784828214 -0.03589522724584289,
            -0.08665874444137818 -0.9955911784828214 -0.03589522724584289,
            -0.31376545290570834 -0.8961598524402616 -0.3137654529057081,
            -0.31376545290570834 -0.8961598524402616 -0.3137654529057081,
            -0.06632573153455151 -0.9955911784828214 -0.06632573153455149,
            -0.06632573153455151 -0.9955911784828214 -0.06632573153455149,
            -0.16980863947317462 -0.8961598524402618 -0.40995432042426094,
            -0.16980863947317462 -0.8961598524402618 -0.40995432042426094,
            -0.035895227245842924 -0.9955911784828214 -0.08665874444137814,
            -0.035895227245842924 -0.9955911784828214 -0.08665874444137814,
            -2.0897610295942623e-17 -0.8961598524402618 -0.44373135890338916,
            -2.0897610295942623e-17 -0.8961598524402618 -0.44373135890338916,
            -1.2145177714668877e-17 -0.9955911784828214 -0.09379874907047953,
            -1.2145177714668877e-17 -0.9955911784828214 -0.09379874907047953,
            0.16980863947317476 -0.8961598524402615 -0.40995432042426133,
            0.16980863947317476 -0.8961598524402615 -0.40995432042426133,
            0.03589522724584292 -0.9955911784828214 -0.08665874444137811,
            0.03589522724584292 -0.9955911784828214 -0.08665874444137811,
            0.3137654529057086 -0.8961598524402613 -0.31376545290570856,
            0.3137654529057086 -0.8961598524402613 -0.31376545290570856,
            0.06632573153455146 -0.9955911784828214 -0.06632573153455149,
            0.06632573153455146 -0.9955911784828214 -0.06632573153455149,
            0.40995432042426155 -0.8961598524402614 -0.16980863947317498,
            0.40995432042426155 -0.8961598524402614 -0.16980863947317498,
            0.08665874444137811 -0.9955911784828214 -0.03589522724584293,
            0.08665874444137811 -0.9955911784828214 -0.03589522724584293,
            0.40995432042426144 0.8961598524402615 0.1698086394731746,
            0.40995432042426144 0.8961598524402615 0.1698086394731746,
            0.08665874444137817 0.9955911784828214 0.035895227245842896,
            0.08665874444137817 0.9955911784828214 0.035895227245842896,
            0.44373135890338944 0.8961598524402615 -6.269283088782788e-17,
            0.44373135890338944 0.8961598524402615 -6.269283088782788e-17,
            0.09379874907047958 0.9955911784828214 -1.9085279265908236e-17,
            0.09379874907047958 0.9955911784828214 -1.9085279265908236e-17,
            0.40995432042426155 0.8961598524402614 -0.16980863947317498,
            0.40995432042426155 0.8961598524402614 -0.16980863947317498,
            0.08665874444137814 0.9955911784828214 -0.03589522724584294,
            0.08665874444137814 0.9955911784828214 -0.03589522724584294,
            0.3137654529057086 0.8961598524402613 -0.31376545290570856,
            0.3137654529057086 0.8961598524402613 -0.31376545290570856,
            0.06632573153455146 0.9955911784828214 -0.0663257315345515,
            0.06632573153455146 0.9955911784828214 -0.0663257315345515,
            0.16980863947317476 0.8961598524402615 -0.40995432042426133,
            0.16980863947317476 0.8961598524402615 -0.40995432042426133,
            0.03589522724584291 0.9955911784828214 -0.08665874444137812,
            0.03589522724584291 0.9955911784828214 -0.08665874444137812,
            -2.0897610295942623e-17 0.8961598524402618 -0.44373135890338916,
            -2.0897610295942623e-17 0.8961598524402618 -0.44373135890338916,
            -1.2145177714668877e-17 0.9955911784828214 -0.09379874907047954,
            -1.2145177714668877e-17 0.9955911784828214 -0.09379874907047954,
            -0.16980863947317462 0.8961598524402618 -0.40995432042426094,
            -0.16980863947317462 0.8961598524402618 -0.40995432042426094,
            -0.03589522724584293 0.9955911784828214 -0.08665874444137814,
            -0.03589522724584293 0.9955911784828214 -0.08665874444137814,
            -0.31376545290570834 0.8961598524402616 -0.3137654529057081,
            -0.31376545290570834 0.8961598524402616 -0.3137654529057081,
            -0.06632573153455151 0.9955911784828214 -0.06632573153455147,
            -0.06632573153455151 0.9955911784828214 -0.06632573153455147,
            -0.40995432042426133 0.8961598524402615 -0.16980863947317454,
            -0.40995432042426133 0.8961598524402615 -0.16980863947317454,
            -0.08665874444137818 0.9955911784828214 -0.0358952272458429,
            -0.08665874444137818 0.9955911784828214 -0.0358952272458429,
            -0.44373135890338933 0.8961598524402616 1.3931740197295083e-17,
            -0.44373135890338933 0.8961598524402616 1.3931740197295083e-17,
            -0.09379874907047957 0.9955911784828214 3.4700507756196795e-18,
            -0.09379874907047957 0.9955911784828214 3.4700507756196795e-18,
            -0.40995432042426116 0.8961598524402616 0.1698086394731745,
            -0.40995432042426116 0.8961598524402616 0.1698086394731745,
            -0.08665874444137814 0.9955911784828214 0.03589522724584293,
            -0.08665874444137814 0.9955911784828214 0.03589522724584293,
            -0.3137654529057076 0.8961598524402621 0.31376545290570745,
            -0.3137654529057076 0.8961598524402621 0.31376545290570745,
            -0.06632573153455153 0.9955911784828214 0.06632573153455151,
            -0.06632573153455153 0.9955911784828214 0.06632573153455151,
            -0.16980863947317393 0.8961598524402624 0.4099543204242599,
            -0.16980863947317393 0.8961598524402624 0.4099543204242599,
            -0.035895227245842945 0.9955911784828214 0.08665874444137825,
            -0.035895227245842945 0.9955911784828214 0.08665874444137825,
            -2.0897610295942623e-17 0.8961598524402623 0.44373135890338783,
            -2.0897610295942623e-17 0.8961598524402623 0.44373135890338783,
            0.0 0.9955911784828214 0.0937987490704797,
            0.0 0.9955911784828214 0.0937987490704797,
            0.1698086394731739 0.8961598524402624 0.40995432042425983,
            0.1698086394731739 0.8961598524402624 0.40995432042425983,
            0.03589522724584294 0.9955911784828214 0.08665874444137825,
            0.03589522724584294 0.9955911784828214 0.08665874444137825,
            0.31376545290570773 0.896159852440262 0.3137654529057075,
            0.31376545290570773 0.896159852440262 0.3137654529057075,
            0.06632573153455153 0.9955911784828214 0.06632573153455151,
            0.06632573153455153 0.9955911784828214 0.06632573153455151,
            0.09379874907047955 -0.9955911784828214 -2.0820304653718076e-17,
            0.09379874907047955 -0.9955911784828214 -2.0820304653718076e-17,
            0.0 -1.0 1.0346586042045037e-17,
            0.08665874444137814 -0.9955911784828214 0.03589522724584289,
            0.08665874444137814 -0.9955911784828214 0.03589522724584289,
            0.0 -1.0 1.0346586042045037e-17,
            0.06632573153455153 -0.9955911784828214 0.06632573153455149,
            0.06632573153455153 -0.9955911784828214 0.06632573153455149,
            0.0 -1.0 1.0346586042045037e-17,
            0.035895227245842945 -0.9955911784828214 0.08665874444137825,
            0.035895227245842945 -0.9955911784828214 0.08665874444137825,
            0.0 -1.0 1.0346586042045037e-17,
            0.0 -0.9955911784828214 0.0937987490704797,
            0.0 -0.9955911784828214 0.0937987490704797,
            0.0 -1.0 1.0346586042045037e-17,
            -0.03589522724584294 -0.9955911784828214 0.08665874444137825,
            -0.03589522724584294 -0.9955911784828214 0.08665874444137825,
            0.0 -1.0 1.0346586042045037e-17,
            -0.06632573153455151 -0.9955911784828214 0.06632573153455153,
            -0.06632573153455151 -0.9955911784828214 0.06632573153455153,
            0.0 -1.0 1.0346586042045037e-17,
            -0.08665874444137814 -0.9955911784828214 0.03589522724584292,
            -0.08665874444137814 -0.9955911784828214 0.03589522724584292,
            0.0 -1.0 1.0346586042045037e-17,
            -0.09379874907047957 -0.9955911784828214 3.4700507756196795e-18,
            -0.09379874907047957 -0.9955911784828214 3.4700507756196795e-18,
            0.0 -1.0 1.0346586042045037e-17,
            -0.08665874444137818 -0.9955911784828214 -0.03589522724584289,
            -0.08665874444137818 -0.9955911784828214 -0.03589522724584289,
            0.0 -1.0 1.0346586042045037e-17,
            -0.06632573153455151 -0.9955911784828214 -0.06632573153455149,
            -0.06632573153455151 -0.9955911784828214 -0.06632573153455149,
            0.0 -1.0 1.0346586042045037e-17,
            -0.035895227245842924 -0.9955911784828214 -0.08665874444137814,
            -0.035895227245842924 -0.9955911784828214 -0.08665874444137814,
            0.0 -1.0 1.0346586042045037e-17,
            -1.2145177714668877e-17 -0.9955911784828214 -0.09379874907047953,
            -1.2145177714668877e-17 -0.9955911784828214 -0.09379874907047953,
            0.0 -1.0 1.0346586042045037e-17,
            0.03589522724584292 -0.9955911784828214 -0.08665874444137811,
            0.03589522724584292 -0.9955911784828214 -0.08665874444137811,
            0.0 -1.0 1.0346586042045037e-17,
            0.06632573153455146 -0.9955911784828214 -0.06632573153455149,
            0.06632573153455146 -0.9955911784828214 -0.06632573153455149,
            0.0 -1.0 1.0346586042045037e-17,
            0.08665874444137811 -0.9955911784828214 -0.03589522724584293,
            0.08665874444137811 -0.9955911784828214 -0.03589522724584293,
            0.0 -1.0 1.0346586042045037e-17,
            0.08665874444137817 0.9955911784828214 0.035895227245842896,
            0.08665874444137817 0.9955911784828214 0.035895227245842896,
            0.0 1.0 -7.538226973489956e-17,
            0.09379874907047958 0.9955911784828214 -1.9085279265908236e-17,
            0.09379874907047958 0.9955911784828214 -1.9085279265908236e-17,
            0.0 1.0 -7.538226973489956e-17,
            0.08665874444137814 0.9955911784828214 -0.03589522724584294,
            0.08665874444137814 0.9955911784828214 -0.03589522724584294,
            0.0 1.0 -7.538226973489956e-17,
            0.06632573153455146 0.9955911784828214 -0.0663257315345515,
            0.06632573153455146 0.9955911784828214 -0.0663257315345515,
            0.0 1.0 -7.538226973489956e-17,
            0.03589522724584291 0.9955911784828214 -0.08665874444137812,
            0.03589522724584291 0.9955911784828214 -0.08665874444137812,
            0.0 1.0 -7.538226973489956e-17,
            -1.2145177714668877e-17 0.9955911784828214 -0.09379874907047954,
            -1.2145177714668877e-17 0.9955911784828214 -0.09379874907047954,
            0.0 1.0 -7.538226973489956e-17,
            -0.03589522724584293 0.9955911784828214 -0.08665874444137814,
            -0.03589522724584293 0.9955911784828214 -0.08665874444137814,
            0.0 1.0 -7.538226973489956e-17,
            -0.06632573153455151 0.9955911784828214 -0.06632573153455147,
            -0.06632573153455151 0.9955911784828214 -0.06632573153455147,
            0.0 1.0 -7.538226973489956e-17,
            -0.08665874444137818 0.9955911784828214 -0.0358952272458429,
            -0.08665874444137818 0.9955911784828214 -0.0358952272458429,
            0.0 1.0 -7.538226973489956e-17,
            -0.09379874907047957 0.9955911784828214 3.4700507756196795e-18,
            -0.09379874907047957 0.9955911784828214 3.4700507756196795e-18,
            0.0 1.0 -7.538226973489956e-17,
            -0.08665874444137814 0.9955911784828214 0.03589522724584293,
            -0.08665874444137814 0.9955911784828214 0.03589522724584293,
            0.0 1.0 -7.538226973489956e-17,
            -0.06632573153455153 0.9955911784828214 0.06632573153455151,
            -0.06632573153455153 0.9955911784828214 0.06632573153455151,
            0.0 1.0 -7.538226973489956e-17,
            -0.035895227245842945 0.9955911784828214 0.08665874444137825,
            -0.035895227245842945 0.9955911784828214 0.08665874444137825,
            0.0 1.0 -7.538226973489956e-17,
            0.0 0.9955911784828214 0.0937987490704797,
            0.0 0.9955911784828214 0.0937987490704797,
            0.0 1.0 -7.538226973489956e-17,
            0.03589522724584294 0.9955911784828214 0.08665874444137825,
            0.03589522724584294 0.9955911784828214 0.08665874444137825,
            0.0 1.0 -7.538226973489956e-17,
            0.06632573153455153 0.9955911784828214 0.06632573153455151,
            0.06632573153455153 0.9955911784828214 0.06632573153455151,
            0.0 1.0 -7.538226973489956e-17,
            -0.6452758859160517 7.21569699517655e-16 -0.7639496259932685,
            -0.6452758859160517 7.21569699517655e-16 -0.7639496259932685,
            -0.40303369287238994 1.0421985634729758e-15 -0.9151851410559746,
            -0.40303369287238994 1.0421985634729758e-15 -0.9151851410559746,
            -0.5963639660330676 -0.38198518765465705 -0.7060009464793561,
            -0.5963639660330676 -0.38198518765465705 -0.7060009464793561,
            -0.43386152186043486 -0.35646457848952795 -0.8274643098836533,
            -0.43386152186043486 -0.35646457848952795 -0.8274643098836533,
            -0.4568251877316637 -0.7063507060263361 -0.5407212109303895,
            -0.4568251877316637 -0.7063507060263361 -0.5407212109303895,
            -0.41627962204471985 -0.6902001556350078 -0.5918910553739737,
            -0.41627962204471985 -0.6902001556350078 -0.5918910553739737,
            -0.2474500739720481 -0.923590136865029 -0.2928305311555898,
            -0.2474500739720481 -0.923590136865029 -0.2928305311555898,
            -0.25480297590167367 -0.9200697437263563 -0.2975686645985563,
            -0.25480297590167367 -0.9200697437263563 -0.2975686645985563,
            1.1820246714598534e-5 -0.9999999998765634 -1.0351573028539398e-5,
            1.1820246714598534e-5 -0.9999999998765634 -1.0351573028539398e-5,
            0.0025022334100395943 -0.9999916658031003 -0.0032260118260985446,
            0.0025022334100395943 -0.9999916658031003 -0.0032260118260985446,
            0.24755802921210368 -0.9235909646037833 0.292736660285097,
            0.24755802921210368 -0.9235909646037833 0.292736660285097,
            0.2824394616451768 -0.922185724865595 0.26419962028681937,
            0.2824394616451768 -0.922185724865595 0.26419962028681937,
            0.457137932580334 -0.706354033921397 0.5404524857553603,
            0.457137932580334 -0.706354033921397 0.5404524857553603,
            0.5255269840865522 -0.703083500084816 0.4790563441865447,
            0.5255269840865522 -0.703083500084816 0.4790563441865447,
            0.5968832411097383 -0.38198906141179745 0.705559886504376,
            0.5968832411097383 -0.38198906141179745 0.705559886504376,
            0.6885581551090045 -0.37917139073578005 0.6181559054804688,
            0.6885581551090045 -0.37917139073578005 0.6181559054804688,
            0.6458812163657136 1.1318746561343896e-16 0.7634379178073004,
            0.6458812163657136 1.1318746561343896e-16 0.7634379178073004,
            0.7457287883203981 0.0 0.6662496335985414,
            0.7457287883203981 0.0 0.6662496335985414,
            0.5968832411097383 0.3819890614117972 0.7055598865043762,
            0.5968832411097383 0.3819890614117972 0.7055598865043762,
            0.6885581551090044 0.37917139073578054 0.6181559054804687,
            0.6885581551090044 0.37917139073578054 0.6181559054804687,
            0.4571379325803346 0.7063540339213961 0.5404524857553611,
            0.4571379325803346 0.7063540339213961 0.5404524857553611,
            0.525526984086553 0.7030835000848157 0.47905634418654447,
            0.525526984086553 0.7030835000848157 0.47905634418654447,
            0.24755802921210454 0.9235909646037826 0.2927366602850981,
            0.24755802921210454 0.9235909646037826 0.2927366602850981,
            0.28243946164517875 0.9221857248655945 0.2641996202868198,
            0.28243946164517875 0.9221857248655945 0.2641996202868198,
            1.1820246714513631e-5 0.9999999998765634 -1.0351573028596004e-5,
            1.1820246714513631e-5 0.9999999998765634 -1.0351573028596004e-5,
            0.0025022334100398076 0.9999916658031003 -0.003226011826099027,
            0.0025022334100398076 0.9999916658031003 -0.003226011826099027,
            -0.24745007397204885 0.9235901368650286 -0.2928305311555906,
            -0.24745007397204885 0.9235901368650286 -0.2928305311555906,
            -0.2548029759016731 0.9200697437263556 -0.297568664598559,
            -0.2548029759016731 0.9200697437263556 -0.297568664598559,
            -0.456825187731664 0.7063507060263357 -0.5407212109303897,
            -0.456825187731664 0.7063507060263357 -0.5407212109303897,
            -0.41627962204471786 0.6902001556350074 -0.5918910553739756,
            -0.41627962204471786 0.6902001556350074 -0.5918910553739756,
            -0.5963639660330674 0.3819851876546575 -0.706000946479356,
            -0.5963639660330674 0.3819851876546575 -0.706000946479356,
            -0.43386152186043736 0.3564645784895294 -0.8274643098836514,
            -0.43386152186043736 0.3564645784895294 -0.8274643098836514,
            -0.6452758859160517 7.21569699517655e-16 -0.7639496259932685,
            -0.6452758859160517 7.21569699517655e-16 -0.7639496259932685,
            -0.6835923020228766 7.073541267647398e-17 -0.7298640726978308,
            -0.6835923020228766 7.073541267647398e-17 -0.7298640726978308,
            -0.5963639660330676 -0.38198518765465705 -0.7060009464793561,
            -0.5963639660330676 -0.38198518765465705 -0.7060009464793561,
            -0.6374762333934078 -0.38084070704023043 -0.669764441964226,
            -0.6374762333934078 -0.38084070704023043 -0.669764441964226,
            -0.4568251877316637 -0.7063507060263361 -0.5407212109303895,
            -0.4568251877316637 -0.7063507060263361 -0.5407212109303895,
            -0.5061487809106385 -0.7037018687631924 -0.49861517373808967,
            -0.5061487809106385 -0.7037018687631924 -0.49861517373808967,
            -0.2474500739720481 -0.923590136865029 -0.2928305311555898,
            -0.2474500739720481 -0.923590136865029 -0.2928305311555898,
            -0.3096033587287511 -0.9194308000402825 -0.24247219263487155,
            -0.3096033587287511 -0.9194308000402825 -0.24247219263487155,
            1.1820246714598534e-5 -0.9999999998765634 -1.0351573028539398e-5,
            1.1820246714598534e-5 -0.9999999998765634 -1.0351573028539398e-5,
            -0.07776222568624863 -0.9951847266721973 0.05966905441436923,
            -0.07776222568624863 -0.9951847266721973 0.05966905441436923,
            0.24755802921210368 -0.9235909646037833 0.292736660285097,
            0.24755802921210368 -0.9235909646037833 0.292736660285097,
            0.1540789073562529 -0.9194308000402811 0.36181030146361487,
            0.1540789073562529 -0.9194308000402811 0.36181030146361487,
            0.457137932580334 -0.706354033921397 0.5404524857553603,
            0.457137932580334 -0.706354033921397 0.5404524857553603,
            0.35062432953813505 -0.7037018687631897 0.6179532825668357,
            0.35062432953813505 -0.7037018687631897 0.6179532825668357,
            0.5968832411097383 -0.38198906141179745 0.705559886504376,
            0.5968832411097383 -0.38198906141179745 0.705559886504376,
            0.48195178202089756 -0.3808407070402321 0.7891025507929735,
            0.48195178202089756 -0.3808407070402321 0.7891025507929735,
            0.6458812163657136 1.1318746561343896e-16 0.7634379178073004,
            0.6458812163657136 1.1318746561343896e-16 0.7634379178073004,
            0.5280678506503633 2.6879456817060133e-16 0.8492021815265818,
            0.5280678506503633 2.6879456817060133e-16 0.8492021815265818,
            0.5968832411097383 0.3819890614117972 0.7055598865043762,
            0.5968832411097383 0.3819890614117972 0.7055598865043762,
            0.48195178202089706 0.38084070704023165 0.7891025507929741,
            0.48195178202089706 0.38084070704023165 0.7891025507929741,
            0.4571379325803346 0.7063540339213961 0.5404524857553611,
            0.4571379325803346 0.7063540339213961 0.5404524857553611,
            0.35062432953813244 0.7037018687631899 0.6179532825668373,
            0.35062432953813244 0.7037018687631899 0.6179532825668373,
            0.24755802921210454 0.9235909646037826 0.2927366602850981,
            0.24755802921210454 0.9235909646037826 0.2927366602850981,
            0.1540789073562479 0.9194308000402807 0.3618103014636182,
            0.1540789073562479 0.9194308000402807 0.3618103014636182,
            1.1820246714513631e-5 0.9999999998765634 -1.0351573028596004e-5,
            1.1820246714513631e-5 0.9999999998765634 -1.0351573028596004e-5,
            -0.07776222568625292 0.9951847266721967 0.059669054414373326,
            -0.07776222568625292 0.9951847266721967 0.059669054414373326,
            -0.24745007397204885 0.9235901368650286 -0.2928305311555906,
            -0.24745007397204885 0.9235901368650286 -0.2928305311555906,
            -0.3096033587287528 0.919430800040282 -0.2424721926348715,
            -0.3096033587287528 0.919430800040282 -0.2424721926348715,
            -0.456825187731664 0.7063507060263357 -0.5407212109303897,
            -0.456825187731664 0.7063507060263357 -0.5407212109303897,
            -0.5061487809106384 0.703701868763192 -0.49861517373809033,
            -0.5061487809106384 0.703701868763192 -0.49861517373809033,
            -0.5963639660330674 0.3819851876546575 -0.706000946479356,
            -0.5963639660330674 0.3819851876546575 -0.706000946479356,
            -0.6374762333934082 0.3808407070402307 -0.6697644419642255,
            -0.6374762333934082 0.3808407070402307 -0.6697644419642255,
            -0.8066299871365432 4.084291667664364e-16 -0.5910567348843089,
            -0.8066299871365432 4.084291667664364e-16 -0.5910567348843089,
            -1.0 7.499324964499574e-16 0.0,
            -1.0 7.499324964499574e-16 0.0,
            -0.789467254597549 -0.35646457848952895 -0.49967435215397166,
            -0.789467254597549 -0.35646457848952895 -0.49967435215397166,
            -0.9238795325112868 -0.3826834323650895 0.0,
            -0.9238795325112868 -0.3826834323650895 0.0,
            -0.6564542554555 -0.6902001556350078 -0.30445287920428066,
            -0.6564542554555 -0.6902001556350078 -0.30445287920428066,
            -0.7071067811865475 -0.7071067811865477 0.0,
            -0.7071067811865475 -0.7071067811865477 0.0,
            -0.36945018239000277 -0.920069743726356 -0.13030053496172378,
            -0.36945018239000277 -0.920069743726356 -0.13030053496172378,
            -0.3826834323650894 -0.923879532511287 0.0,
            -0.3826834323650894 -0.923879532511287 0.0,
            5.539917862428618e-4 -0.9999916658031003 -0.004044924899330463,
            5.539917862428618e-4 -0.9999916658031003 -0.004044924899330463,
            0.0 -1.0 0.0,
            0.0 -1.0 0.0,
            0.37669955895933255 -0.9221857248655957 0.08758385201599689,
            0.37669955895933255 -0.9221857248655957 0.08758385201599689,
            0.3826834323650879 -0.9238795325112875 0.0,
            0.3826834323650879 -0.9238795325112875 0.0,
            0.6946478906864475 -0.7030835000848158 0.15211147186637117,
            0.6946478906864475 -0.7030835000848158 0.15211147186637117,
            0.7071067811865468 -0.7071067811865481 0.0,
            0.7071067811865468 -0.7071067811865481 0.0,
            0.905386807047579 -0.37917139073577877 0.19105964009095525,
            0.905386807047579 -0.37917139073577877 0.19105964009095525,
            0.9238795325112864 -0.3826834323650905 0.0,
            0.9238795325112864 -0.3826834323650905 0.0,
            0.9789448918181239 0.0 0.2041247137982113,
            0.9789448918181239 0.0 0.2041247137982113,
            1.0 0.0 0.0,
            1.0 0.0 0.0,
            0.9053868070475787 0.37917139073577927 0.19105964009095522,
            0.9053868070475787 0.37917139073577927 0.19105964009095522,
            0.9238795325112863 0.38268343236509106 0.0,
            0.9238795325112863 0.38268343236509106 0.0,
            0.6946478906864482 0.7030835000848152 0.15211147186637222,
            0.6946478906864482 0.7030835000848152 0.15211147186637222,
            0.7071067811865481 0.7071067811865468 0.0,
            0.7071067811865481 0.7071067811865468 0.0,
            0.3766995589593342 0.9221857248655949 0.08758385201599858,
            0.3766995589593342 0.9221857248655949 0.08758385201599858,
            0.38268343236509034 0.9238795325112864 0.0,
            0.38268343236509034 0.9238795325112864 0.0,
            5.539917862424515e-4 0.9999916658031004 -0.004044924899330206,
            5.539917862424515e-4 0.9999916658031004 -0.004044924899330206,
            -7.499324964499574e-16 1.0 0.0,
            -7.499324964499574e-16 1.0 0.0,
            -0.3694501823900037 0.9200697437263555 -0.130300534961724,
            -0.3694501823900037 0.9200697437263555 -0.130300534961724,
            -0.3826834323650903 0.9238795325112865 0.0,
            -0.3826834323650903 0.9238795325112865 0.0,
            -0.6564542554554991 0.6902001556350078 -0.3044528792042827,
            -0.6564542554554991 0.6902001556350078 -0.3044528792042827,
            -0.707106781186547 0.7071067811865479 0.0,
            -0.707106781186547 0.7071067811865479 0.0,
            -0.7894672545975455 0.35646457848952934 -0.49967435215397693,
            -0.7894672545975455 0.35646457848952934 -0.49967435215397693,
            -0.9238795325112864 0.3826834323650907 0.0,
            -0.9238795325112864 0.3826834323650907 0.0,
            -1.0 7.499324964499574e-16 0.0,
            -1.0 7.499324964499574e-16 0.0,
            -0.8700221846046782 9.436325936711274e-16 -0.4930125741760583,
            -0.8700221846046782 9.436325936711274e-16 -0.4930125741760583,
            -0.9238795325112868 -0.3826834323650895 0.0,
            -0.9238795325112868 -0.3826834323650895 0.0,
            -0.803795689187019 -0.3329430758382902 -0.49301257417605854,
            -0.803795689187019 -0.3329430758382902 -0.49301257417605854,
            -0.7071067811865475 -0.7071067811865477 0.0,
            -0.7071067811865475 -0.7071067811865477 0.0,
            -0.6151985865167021 -0.6151985865167023 -0.49301257417605815,
            -0.6151985865167021 -0.6151985865167023 -0.49301257417605815,
            -0.3826834323650894 -0.923879532511287 0.0,
            -0.3826834323650894 -0.923879532511287 0.0,
            -0.3329430758382909 -0.8037956891870188 -0.4930125741760585,
            -0.3329430758382909 -0.8037956891870188 -0.4930125741760585,
            0.0 -1.0 0.0,
            0.0 -1.0 0.0,
            0.0 -0.8700221846046782 -0.4930125741760584,
            0.0 -0.8700221846046782 -0.4930125741760584,
            0.3826834323650879 -0.9238795325112875 0.0,
            0.3826834323650879 -0.9238795325112875 0.0,
            0.33294307583828947 -0.8037956891870194 -0.49301257417605837,
            0.33294307583828947 -0.8037956891870194 -0.49301257417605837,
            0.7071067811865468 -0.7071067811865481 0.0,
            0.7071067811865468 -0.7071067811865481 0.0,
            0.6151985865167016 -0.6151985865167028 -0.4930125741760585,
            0.6151985865167016 -0.6151985865167028 -0.4930125741760585,
            0.9238795325112864 -0.3826834323650905 0.0,
            0.9238795325112864 -0.3826834323650905 0.0,
            0.8037956891870183 -0.3329430758382928 -0.4930125741760581,
            0.8037956891870183 -0.3329430758382928 -0.4930125741760581,
            1.0 0.0 0.0,
            1.0 0.0 0.0,
            0.870022184604678 1.1267254849804517e-16 -0.4930125741760587,
            0.870022184604678 1.1267254849804517e-16 -0.4930125741760587,
            0.9238795325112863 0.38268343236509106 0.0,
            0.9238795325112863 0.38268343236509106 0.0,
            0.8037956891870179 0.33294307583829347 -0.4930125741760583,
            0.8037956891870179 0.33294307583829347 -0.4930125741760583,
            0.7071067811865481 0.7071067811865468 0.0,
            0.7071067811865481 0.7071067811865468 0.0,
            0.6151985865167022 0.6151985865167017 -0.4930125741760588,
            0.6151985865167022 0.6151985865167017 -0.4930125741760588,
            0.38268343236509034 0.9238795325112864 0.0,
            0.38268343236509034 0.9238795325112864 0.0,
            0.3329430758382917 0.803795689187018 -0.4930125741760591,
            0.3329430758382917 0.803795689187018 -0.4930125741760591,
            -7.499324964499574e-16 1.0 0.0,
            -7.499324964499574e-16 1.0 0.0,
            -1.2675661706030075e-16 0.8700221846046778 -0.49301257417605876,
            -1.2675661706030075e-16 0.8700221846046778 -0.49301257417605876,
            -0.3826834323650903 0.9238795325112865 0.0,
            -0.3826834323650903 0.9238795325112865 0.0,
            -0.332943075838292 0.8037956891870184 -0.4930125741760585,
            -0.332943075838292 0.8037956891870184 -0.4930125741760585,
            -0.707106781186547 0.7071067811865479 0.0,
            -0.707106781186547 0.7071067811865479 0.0,
            -0.6151985865167025 0.6151985865167021 -0.493012574176058,
            -0.6151985865167025 0.6151985865167021 -0.493012574176058,
            -0.9238795325112864 0.3826834323650907 0.0,
            -0.9238795325112864 0.3826834323650907 0.0,
            -0.8037956891870189 0.3329430758382912 -0.4930125741760582,
            -0.8037956891870189 0.3329430758382912 -0.4930125741760582,
            -0.8700221846046782 9.436325936711274e-16 -0.4930125741760583,
            -0.8700221846046782 9.436325936711274e-16 -0.4930125741760583,
            6.705696694918737e-17 -1.9725237247385628e-16 -1.0,
            -0.803795689187019 -0.3329430758382902 -0.49301257417605854,
            -0.803795689187019 -0.3329430758382902 -0.49301257417605854,
            6.705696694918737e-17 -1.9725237247385628e-16 -1.0,
            -0.6151985865167021 -0.6151985865167023 -0.49301257417605815,
            -0.6151985865167021 -0.6151985865167023 -0.49301257417605815,
            6.705696694918737e-17 -1.9725237247385628e-16 -1.0,
            -0.3329430758382909 -0.8037956891870188 -0.4930125741760585,
            -0.3329430758382909 -0.8037956891870188 -0.4930125741760585,
            6.705696694918737e-17 -1.9725237247385628e-16 -1.0,
            0.0 -0.8700221846046782 -0.4930125741760584,
            0.0 -0.8700221846046782 -0.4930125741760584,
            6.705696694918737e-17 -1.9725237247385628e-16 -1.0,
            0.33294307583828947 -0.8037956891870194 -0.49301257417605837,
            0.33294307583828947 -0.8037956891870194 -0.49301257417605837,
            6.705696694918737e-17 -1.9725237247385628e-16 -1.0,
            0.6151985865167016 -0.6151985865167028 -0.4930125741760585,
            0.6151985865167016 -0.6151985865167028 -0.4930125741760585,
            6.705696694918737e-17 -1.9725237247385628e-16 -1.0,
            0.8037956891870183 -0.3329430758382928 -0.4930125741760581,
            0.8037956891870183 -0.3329430758382928 -0.4930125741760581,
            6.705696694918737e-17 -1.9725237247385628e-16 -1.0,
            0.870022184604678 1.1267254849804517e-16 -0.4930125741760587,
            0.870022184604678 1.1267254849804517e-16 -0.4930125741760587,
            6.705696694918737e-17 -1.9725237247385628e-16 -1.0,
            0.8037956891870179 0.33294307583829347 -0.4930125741760583,
            0.8037956891870179 0.33294307583829347 -0.4930125741760583,
            6.705696694918737e-17 -1.9725237247385628e-16 -1.0,
            0.6151985865167022 0.6151985865167017 -0.4930125741760588,
            0.6151985865167022 0.6151985865167017 -0.4930125741760588,
            6.705696694918737e-17 -1.9725237247385628e-16 -1.0,
            0.3329430758382917 0.803795689187018 -0.4930125741760591,
            0.3329430758382917 0.803795689187018 -0.4930125741760591,
            6.705696694918737e-17 -1.9725237247385628e-16 -1.0,
            -1.2675661706030075e-16 0.8700221846046778 -0.49301257417605876,
            -1.2675661706030075e-16 0.8700221846046778 -0.49301257417605876,
            6.705696694918737e-17 -1.9725237247385628e-16 -1.0,
            -0.332943075838292 0.8037956891870184 -0.4930125741760585,
            -0.332943075838292 0.8037956891870184 -0.4930125741760585,
            6.705696694918737e-17 -1.9725237247385628e-16 -1.0,
            -0.6151985865167025 0.6151985865167021 -0.493012574176058,
            -0.6151985865167025 0.6151985865167021 -0.493012574176058,
            6.705696694918737e-17 -1.9725237247385628e-16 -1.0,
            -0.8037956891870189 0.3329430758382912 -0.4930125741760582,
            -0.8037956891870189 0.3329430758382912 -0.4930125741760582,
            6.705696694918737e-17 -1.9725237247385628e-16 -1.0,
            0.6452761771613706 7.357181251957079e-16 -0.7639493799905903,
            0.6452761771613706 7.357181251957079e-16 -0.7639493799905903,
            0.40303369287238844 1.211203735928053e-15 -0.9151851410559753,
            0.40303369287238844 1.211203735928053e-15 -0.9151851410559753,
            0.5963642342109708 -0.3819851897785275 -0.7060007187983768,
            0.5963642342109708 -0.3819851897785275 -0.7060007187983768,
            0.43386152186043414 -0.35646457848952795 -0.8274643098836536,
            0.43386152186043414 -0.35646457848952795 -0.8274643098836536,
            0.45682539122022237 -0.7063507083111743 -0.5407210360294791,
            0.45682539122022237 -0.7063507083111743 -0.5407210360294791,
            0.41627962204472024 -0.6902001556350076 -0.5918910553739736,
            0.41627962204472024 -0.6902001556350076 -0.5918910553739736,
            0.24745018298988655 -0.9235901377317043 -0.2928304362988984,
            0.24745018298988655 -0.9235901377317043 -0.2928304362988984,
            0.2548029759016749 -0.9200697437263559 -0.2975686645985568,
            0.2548029759016749 -0.9200697437263559 -0.2975686645985568,
            -1.1820008794300219e-5 -0.9999999998765684 -1.0351364968327139e-5,
            -1.1820008794300219e-5 -0.9999999998765684 -1.0351364968327139e-5,
            -0.002502233410039468 -0.9999916658031003 -0.003226011826098942,
            -0.002502233410039468 -0.9999916658031003 -0.003226011826098942,
            -0.24755813605064628 -0.9235909654368015 0.2927365673069332,
            -0.24755813605064628 -0.9235909654368015 0.2927365673069332,
            -0.2824394616451779 -0.9221857248655947 0.26419962028681987,
            -0.2824394616451779 -0.9221857248655947 0.26419962028681987,
            -0.45713812972482193 -0.7063540360709402 0.5404523161926358,
            -0.45713812972482193 -0.7063540360709402 0.5404523161926358,
            -0.5255269840865522 -0.7030835000848161 0.47905634418654464,
            -0.5255269840865522 -0.7030835000848161 0.47905634418654464,
            -0.5968834987051997 -0.38198906337820177 0.7055596675213827,
            -0.5968834987051997 -0.38198906337820177 0.7055596675213827,
            -0.6885581551090055 -0.37917139073577927 0.6181559054804684,
            -0.6885581551090055 -0.37917139073577927 0.6181559054804684,
            -0.6458814952515365 -8.489059923096358e-17 0.7634376818651535,
            -0.6458814952515365 -8.489059923096358e-17 0.7634376818651535,
            -0.7457287883203995 -1.980105099648458e-16 0.6662496335985401,
            -0.7457287883203995 -1.980105099648458e-16 0.6662496335985401,
            -0.5968834987052001 0.3819890633782011 0.7055596675213828,
            -0.5968834987052001 0.3819890633782011 0.7055596675213828,
            -0.6885581551090055 0.3791713907357791 0.6181559054804684,
            -0.6885581551090055 0.3791713907357791 0.6181559054804684,
            -0.45713812972482204 0.7063540360709402 0.5404523161926359,
            -0.45713812972482204 0.7063540360709402 0.5404523161926359,
            -0.5255269840865519 0.7030835000848159 0.4790563441865453,
            -0.5255269840865519 0.7030835000848159 0.4790563441865453,
            -0.24755813605064586 0.9235909654368017 0.2927365673069327,
            -0.24755813605064586 0.9235909654368017 0.2927365673069327,
            -0.28243946164517736 0.9221857248655947 0.2641996202868207,
            -0.28243946164517736 0.9221857248655947 0.2641996202868207,
            -1.1820008794399274e-5 0.9999999998765684 -1.0351364968199781e-5,
            -1.1820008794399274e-5 0.9999999998765684 -1.0351364968199781e-5,
            -0.0025022334100393115 0.9999916658031003 -0.003226011826098984,
            -0.0025022334100393115 0.9999916658031003 -0.003226011826098984,
            0.2474501829898863 0.9235901377317045 -0.292830436298898,
            0.2474501829898863 0.9235901377317045 -0.292830436298898,
            0.25480297590167306 0.9200697437263557 -0.29756866459855863,
            0.25480297590167306 0.9200697437263557 -0.29756866459855863,
            0.4568253912202225 0.7063507083111742 -0.5407210360294791,
            0.4568253912202225 0.7063507083111742 -0.5407210360294791,
            0.4162796220447173 0.6902001556350075 -0.5918910553739758,
            0.4162796220447173 0.6902001556350075 -0.5918910553739758,
            0.5963642342109707 0.3819851897785277 -0.7060007187983768,
            0.5963642342109707 0.3819851897785277 -0.7060007187983768,
            0.4338615218604361 0.35646457848952917 -0.8274643098836522,
            0.4338615218604361 0.35646457848952917 -0.8274643098836522,
            0.6452761771613706 7.357181251957079e-16 -0.7639493799905903,
            0.6452761771613706 7.357181251957079e-16 -0.7639493799905903,
            0.683592302022873 -1.6976499042353766e-16 -0.729864072697834,
            0.683592302022873 -1.6976499042353766e-16 -0.729864072697834,
            0.5963642342109708 -0.3819851897785275 -0.7060007187983768,
            0.5963642342109708 -0.3819851897785275 -0.7060007187983768,
            0.6374762333934052 -0.3808407070402318 -0.6697644419642275,
            0.6374762333934052 -0.3808407070402318 -0.6697644419642275,
            0.45682539122022237 -0.7063507083111743 -0.5407210360294791,
            0.45682539122022237 -0.7063507083111743 -0.5407210360294791,
            0.5061487809106388 -0.7037018687631919 -0.49861517373809017,
            0.5061487809106388 -0.7037018687631919 -0.49861517373809017,
            0.24745018298988655 -0.9235901377317043 -0.2928304362988984,
            0.24745018298988655 -0.9235901377317043 -0.2928304362988984,
            0.30960335872875266 -0.919430800040282 -0.24247219263487166,
            0.30960335872875266 -0.919430800040282 -0.24247219263487166,
            -1.1820008794300219e-5 -0.9999999998765684 -1.0351364968327139e-5,
            -1.1820008794300219e-5 -0.9999999998765684 -1.0351364968327139e-5,
            0.07776222568625 -0.9951847266721972 0.059669054414370384,
            0.07776222568625 -0.9951847266721972 0.059669054414370384,
            -0.24755813605064628 -0.9235909654368015 0.2927365673069332,
            -0.24755813605064628 -0.9235909654368015 0.2927365673069332,
            -0.15407890735625285 -0.9194308000402809 0.36181030146361554,
            -0.15407890735625285 -0.9194308000402809 0.36181030146361554,
            -0.45713812972482193 -0.7063540360709402 0.5404523161926358,
            -0.45713812972482193 -0.7063540360709402 0.5404523161926358,
            -0.3506243295381352 -0.7037018687631897 0.6179532825668357,
            -0.3506243295381352 -0.7037018687631897 0.6179532825668357,
            -0.5968834987051997 -0.38198906337820177 0.7055596675213827,
            -0.5968834987051997 -0.38198906337820177 0.7055596675213827,
            -0.48195178202089706 -0.38084070704023226 0.7891025507929738,
            -0.48195178202089706 -0.38084070704023226 0.7891025507929738,
            -0.6458814952515365 -8.489059923096358e-17 0.7634376818651535,
            -0.6458814952515365 -8.489059923096358e-17 0.7634376818651535,
            -0.5280678506503633 0.0 0.8492021815265818,
            -0.5280678506503633 0.0 0.8492021815265818,
            -0.5968834987052001 0.3819890633782011 0.7055596675213828,
            -0.5968834987052001 0.3819890633782011 0.7055596675213828,
            -0.48195178202089695 0.38084070704023165 0.7891025507929741,
            -0.48195178202089695 0.38084070704023165 0.7891025507929741,
            -0.45713812972482204 0.7063540360709402 0.5404523161926359,
            -0.45713812972482204 0.7063540360709402 0.5404523161926359,
            -0.35062432953813394 0.7037018687631896 0.6179532825668367,
            -0.35062432953813394 0.7037018687631896 0.6179532825668367,
            -0.24755813605064586 0.9235909654368017 0.2927365673069327,
            -0.24755813605064586 0.9235909654368017 0.2927365673069327,
            -0.15407890735625016 0.9194308000402809 0.3618103014636169,
            -0.15407890735625016 0.9194308000402809 0.3618103014636169,
            -1.1820008794399274e-5 0.9999999998765684 -1.0351364968199781e-5,
            -1.1820008794399274e-5 0.9999999998765684 -1.0351364968199781e-5,
            0.07776222568625238 0.9951847266721967 0.05966905441437249,
            0.07776222568625238 0.9951847266721967 0.05966905441437249,
            0.2474501829898863 0.9235901377317045 -0.292830436298898,
            0.2474501829898863 0.9235901377317045 -0.292830436298898,
            0.3096033587287538 0.9194308000402818 -0.24247219263487108,
            0.3096033587287538 0.9194308000402818 -0.24247219263487108,
            0.4568253912202225 0.7063507083111742 -0.5407210360294791,
            0.4568253912202225 0.7063507083111742 -0.5407210360294791,
            0.5061487809106391 0.7037018687631916 -0.49861517373809006,
            0.5061487809106391 0.7037018687631916 -0.49861517373809006,
            0.5963642342109707 0.3819851897785277 -0.7060007187983768,
            0.5963642342109707 0.3819851897785277 -0.7060007187983768,
            0.6374762333934058 0.38084070704023193 -0.669764441964227,
            0.6374762333934058 0.38084070704023193 -0.669764441964227,
            0.8066299871365422 3.5209410928141074e-16 -0.5910567348843102,
            0.8066299871365422 3.5209410928141074e-16 -0.5910567348843102,
            1.0 1.4149669744338815e-17 0.0,
            1.0 1.4149669744338815e-17 0.0,
            0.7894672545975485 -0.35646457848952934 -0.499674352153972,
            0.7894672545975485 -0.35646457848952934 -0.499674352153972,
            0.923879532511287 -0.38268343236508917 0.0,
            0.923879532511287 -0.38268343236508917 0.0,
            0.6564542554555004 -0.6902001556350078 -0.30445287920427955,
            0.6564542554555004 -0.6902001556350078 -0.30445287920427955,
            0.7071067811865475 -0.7071067811865477 0.0,
            0.7071067811865475 -0.7071067811865477 0.0,
            0.36945018239000366 -0.9200697437263554 -0.1303005349617247,
            0.36945018239000366 -0.9200697437263554 -0.1303005349617247,
            0.3826834323650897 -0.9238795325112867 0.0,
            0.3826834323650897 -0.9238795325112867 0.0,
            -5.539917862429328e-4 -0.9999916658031004 -0.004044924899330355,
            -5.539917862429328e-4 -0.9999916658031004 -0.004044924899330355,
            -3.6789141335280926e-16 -1.0 0.0,
            -3.6789141335280926e-16 -1.0 0.0,
            -0.37669955895933444 -0.9221857248655947 0.08758385201599904,
            -0.37669955895933444 -0.9221857248655947 0.08758385201599904,
            -0.38268343236509106 -0.9238795325112862 0.0,
            -0.38268343236509106 -0.9238795325112862 0.0,
            -0.6946478906864472 -0.7030835000848163 0.1521114718663709,
            -0.6946478906864472 -0.7030835000848163 0.1521114718663709,
            -0.7071067811865481 -0.7071067811865468 0.0,
            -0.7071067811865481 -0.7071067811865468 0.0,
            -0.9053868070475793 -0.37917139073577916 0.19105964009095297,
            -0.9053868070475793 -0.37917139073577916 0.19105964009095297,
            -0.9238795325112863 -0.38268343236509106 0.0,
            -0.9238795325112863 -0.38268343236509106 0.0,
            -0.9789448918181245 -1.980105099648458e-16 0.2041247137982089,
            -0.9789448918181245 -1.980105099648458e-16 0.2041247137982089,
            -1.0 -1.9809537642074354e-16 0.0,
            -1.0 -1.9809537642074354e-16 0.0,
            -0.9053868070475793 0.379171390735779 0.19105964009095294,
            -0.9053868070475793 0.379171390735779 0.19105964009095294,
            -0.9238795325112863 0.38268343236509084 0.0,
            -0.9238795325112863 0.38268343236509084 0.0,
            -0.6946478906864478 0.7030835000848159 0.1521114718663701,
            -0.6946478906864478 0.7030835000848159 0.1521114718663701,
            -0.7071067811865479 0.7071067811865471 0.0,
            -0.7071067811865479 0.7071067811865471 0.0,
            -0.37669955895933493 0.9221857248655947 0.08758385201599786,
            -0.37669955895933493 0.9221857248655947 0.08758385201599786,
            -0.3826834323650906 0.9238795325112864 0.0,
            -0.3826834323650906 0.9238795325112864 0.0,
            -5.539917862426354e-4 0.9999916658031004 -0.004044924899330818,
            -5.539917862426354e-4 0.9999916658031004 -0.004044924899330818,
            -3.6789141335280926e-16 1.0 0.0,
            -3.6789141335280926e-16 1.0 0.0,
            0.36945018239000293 0.9200697437263556 -0.13030053496172553,
            0.36945018239000293 0.9200697437263556 -0.13030053496172553,
            0.3826834323650896 0.9238795325112868 0.0,
            0.3826834323650896 0.9238795325112868 0.0,
            0.6564542554554984 0.6902001556350079 -0.30445287920428366,
            0.6564542554554984 0.6902001556350079 -0.30445287920428366,
            0.7071067811865462 0.7071067811865488 0.0,
            0.7071067811865462 0.7071067811865488 0.0,
            0.7894672545975455 0.35646457848952934 -0.49967435215397693,
            0.7894672545975455 0.35646457848952934 -0.49967435215397693,
            0.9238795325112864 0.3826834323650906 0.0,
            0.9238795325112864 0.3826834323650906 0.0,
            1.0 1.4149669744338815e-17 0.0,
            1.0 1.4149669744338815e-17 0.0,
            0.8700221846046782 2.2534509699609015e-16 -0.4930125741760584,
            0.8700221846046782 2.2534509699609015e-16 -0.4930125741760584,
            0.923879532511287 -0.38268343236508917 0.0,
            0.923879532511287 -0.38268343236508917 0.0,
            0.8037956891870187 -0.33294307583829086 -0.4930125741760586,
            0.8037956891870187 -0.33294307583829086 -0.4930125741760586,
            0.7071067811865475 -0.7071067811865477 0.0,
            0.7071067811865475 -0.7071067811865477 0.0,
            0.615198586516702 -0.6151985865167022 -0.4930125741760585,
            0.615198586516702 -0.6151985865167022 -0.4930125741760585,
            0.3826834323650897 -0.9238795325112867 0.0,
            0.3826834323650897 -0.9238795325112867 0.0,
            0.332943075838291 -0.8037956891870187 -0.4930125741760586,
            0.332943075838291 -0.8037956891870187 -0.4930125741760586,
            -3.6789141335280926e-16 -1.0 0.0,
            -3.6789141335280926e-16 -1.0 0.0,
            -2.253450969960902e-16 -0.8700221846046781 -0.4930125741760585,
            -2.253450969960902e-16 -0.8700221846046781 -0.4930125741760585,
            -0.38268343236509106 -0.9238795325112862 0.0,
            -0.38268343236509106 -0.9238795325112862 0.0,
            -0.332943075838293 -0.8037956891870179 -0.4930125741760585,
            -0.332943075838293 -0.8037956891870179 -0.4930125741760585,
            -0.7071067811865481 -0.7071067811865468 0.0,
            -0.7071067811865481 -0.7071067811865468 0.0,
            -0.6151985865167037 -0.6151985865167009 -0.49301257417605815,
            -0.6151985865167037 -0.6151985865167009 -0.49301257417605815,
            -0.9238795325112863 -0.38268343236509106 0.0,
            -0.9238795325112863 -0.38268343236509106 0.0,
            -0.803795689187018 -0.33294307583829313 -0.4930125741760582,
            -0.803795689187018 -0.33294307583829313 -0.4930125741760582,
            -1.0 -1.9809537642074354e-16 0.0,
            -1.0 -1.9809537642074354e-16 0.0,
            -0.870022184604678 -2.2534509699609034e-16 -0.49301257417605876,
            -0.870022184604678 -2.2534509699609034e-16 -0.49301257417605876,
            -0.9238795325112863 0.38268343236509084 0.0,
            -0.9238795325112863 0.38268343236509084 0.0,
            -0.8037956891870179 0.33294307583829325 -0.4930125741760583,
            -0.8037956891870179 0.33294307583829325 -0.4930125741760583,
            -0.7071067811865479 0.7071067811865471 0.0,
            -0.7071067811865479 0.7071067811865471 0.0,
            -0.6151985865167032 0.6151985865167011 -0.49301257417605837,
            -0.6151985865167032 0.6151985865167011 -0.49301257417605837,
            -0.3826834323650906 0.9238795325112864 0.0,
            -0.3826834323650906 0.9238795325112864 0.0,
            -0.33294307583829325 0.8037956891870177 -0.4930125741760586,
            -0.33294307583829325 0.8037956891870177 -0.4930125741760586,
            -3.6789141335280926e-16 1.0 0.0,
            -3.6789141335280926e-16 1.0 0.0,
            -5.633627424902255e-16 0.870022184604678 -0.4930125741760585,
            -5.633627424902255e-16 0.870022184604678 -0.4930125741760585,
            0.3826834323650896 0.9238795325112868 0.0,
            0.3826834323650896 0.9238795325112868 0.0,
            0.33294307583829097 0.8037956891870188 -0.4930125741760584,
            0.33294307583829097 0.8037956891870188 -0.4930125741760584,
            0.7071067811865462 0.7071067811865488 0.0,
            0.7071067811865462 0.7071067811865488 0.0,
            0.6151985865167015 0.615198586516703 -0.49301257417605826,
            0.6151985865167015 0.615198586516703 -0.49301257417605826,
            0.9238795325112864 0.3826834323650906 0.0,
            0.9238795325112864 0.3826834323650906 0.0,
            0.8037956891870185 0.3329430758382917 -0.4930125741760585,
            0.8037956891870185 0.3329430758382917 -0.4930125741760585,
            0.8700221846046782 2.2534509699609015e-16 -0.4930125741760584,
            0.8700221846046782 2.2534509699609015e-16 -0.4930125741760584,
            -8.382120868648429e-17 -1.9725237247385741e-16 -1.0,
            0.8037956891870187 -0.33294307583829086 -0.4930125741760586,
            0.8037956891870187 -0.33294307583829086 -0.4930125741760586,
            -8.382120868648429e-17 -1.9725237247385741e-16 -1.0,
            0.615198586516702 -0.6151985865167022 -0.4930125741760585,
            0.615198586516702 -0.6151985865167022 -0.4930125741760585,
            -8.382120868648429e-17 -1.9725237247385741e-16 -1.0,
            0.332943075838291 -0.8037956891870187 -0.4930125741760586,
            0.332943075838291 -0.8037956891870187 -0.4930125741760586,
            -8.382120868648429e-17 -1.9725237247385741e-16 -1.0,
            -2.253450969960902e-16 -0.8700221846046781 -0.4930125741760585,
            -2.253450969960902e-16 -0.8700221846046781 -0.4930125741760585,
            -8.382120868648429e-17 -1.9725237247385741e-16 -1.0,
            -0.332943075838293 -0.8037956891870179 -0.4930125741760585,
            -0.332943075838293 -0.8037956891870179 -0.4930125741760585,
            -8.382120868648429e-17 -1.9725237247385741e-16 -1.0,
            -0.6151985865167037 -0.6151985865167009 -0.49301257417605815,
            -0.6151985865167037 -0.6151985865167009 -0.49301257417605815,
            -8.382120868648429e-17 -1.9725237247385741e-16 -1.0,
            -0.803795689187018 -0.33294307583829313 -0.4930125741760582,
            -0.803795689187018 -0.33294307583829313 -0.4930125741760582,
            -8.382120868648429e-17 -1.9725237247385741e-16 -1.0,
            -0.870022184604678 -2.2534509699609034e-16 -0.49301257417605876,
            -0.870022184604678 -2.2534509699609034e-16 -0.49301257417605876,
            -8.382120868648429e-17 -1.9725237247385741e-16 -1.0,
            -0.8037956891870179 0.33294307583829325 -0.4930125741760583,
            -0.8037956891870179 0.33294307583829325 -0.4930125741760583,
            -8.382120868648429e-17 -1.9725237247385741e-16 -1.0,
            -0.6151985865167032 0.6151985865167011 -0.49301257417605837,
            -0.6151985865167032 0.6151985865167011 -0.49301257417605837,
            -8.382120868648429e-17 -1.9725237247385741e-16 -1.0,
            -0.33294307583829325 0.8037956891870177 -0.4930125741760586,
            -0.33294307583829325 0.8037956891870177 -0.4930125741760586,
            -8.382120868648429e-17 -1.9725237247385741e-16 -1.0,
            -5.633627424902255e-16 0.870022184604678 -0.4930125741760585,
            -5.633627424902255e-16 0.870022184604678 -0.4930125741760585,
            -8.382120868648429e-17 -1.9725237247385741e-16 -1.0,
            0.33294307583829097 0.8037956891870188 -0.4930125741760584,
            0.33294307583829097 0.8037956891870188 -0.4930125741760584,
            -8.382120868648429e-17 -1.9725237247385741e-16 -1.0,
            0.6151985865167015 0.615198586516703 -0.49301257417605826,
            0.6151985865167015 0.615198586516703 -0.49301257417605826,
            -8.382120868648429e-17 -1.9725237247385741e-16 -1.0,
            0.8037956891870185 0.3329430758382917 -0.4930125741760585,
            0.8037956891870185 0.3329430758382917 -0.4930125741760585,
            -8.382120868648429e-17 -1.9725237247385741e-16 -1.0 ]
        }
        normalIndex [
          291, 295, 359, 355, -1,
          293, 352, 490, 487, -1,
          290, 354, 414, 350, -1,
          292, 486, 482, 296, -1,
          294, 299, 363, 358, -1,
          297, 483, 543, 301, -1,
          298, 303, 367, 362, -1,
          300, 542, 539, 305, -1,
          302, 307, 371, 366, -1,
          304, 538, 535, 309, -1,
          306, 311, 375, 370, -1,
          308, 534, 531, 313, -1,
          310, 315, 379, 374, -1,
          312, 530, 527, 317, -1,
          314, 319, 383, 378, -1,
          316, 526, 523, 321, -1,
          318, 323, 387, 382, -1,
          320, 522, 519, 325, -1,
          322, 327, 391, 386, -1,
          324, 518, 515, 329, -1,
          326, 331, 395, 390, -1,
          328, 514, 511, 333, -1,
          330, 335, 399, 394, -1,
          332, 510, 507, 337, -1,
          334, 339, 403, 398, -1,
          336, 506, 503, 341, -1,
          338, 343, 407, 402, -1,
          340, 502, 499, 345, -1,
          342, 347, 411, 406, -1,
          344, 498, 495, 349, -1,
          346, 351, 415, 410, -1,
          348, 494, 491, 353, -1,
          356, 360, 422, 418, -1,
          357, 419, 479, 417, -1,
          361, 364, 426, 423, -1,
          365, 368, 430, 427, -1,
          369, 372, 434, 431, -1,
          373, 376, 438, 435, -1,
          377, 380, 442, 439, -1,
          381, 384, 446, 443, -1,
          385, 388, 450, 447, -1,
          389, 392, 454, 451, -1,
          393, 396, 458, 455, -1,
          397, 400, 462, 459, -1,
          401, 404, 466, 463, -1,
          405, 408, 470, 467, -1,
          409, 412, 474, 471, -1,
          413, 416, 478, 475, -1,
          420, 424, 549, 546, -1,
          421, 547, 592, 481, -1,
          425, 428, 552, 550, -1,
          429, 432, 555, 553, -1,
          433, 436, 558, 556, -1,
          437, 440, 561, 559, -1,
          441, 444, 564, 562, -1,
          445, 448, 567, 565, -1,
          449, 452, 570, 568, -1,
          453, 456, 573, 571, -1,
          457, 460, 576, 574, -1,
          461, 464, 579, 577, -1,
          465, 468, 582, 580, -1,
          469, 472, 585, 583, -1,
          473, 476, 588, 586, -1,
          477, 480, 591, 589, -1,
          484, 488, 597, 594, -1,
          485, 595, 640, 545, -1,
          489, 492, 600, 598, -1,
          493, 496, 603, 601, -1,
          497, 500, 606, 604, -1,
          501, 504, 609, 607, -1,
          505, 508, 612, 610, -1,
          509, 512, 615, 613, -1,
          513, 516, 618, 616, -1,
          517, 520, 621, 619, -1,
          521, 524, 624, 622, -1,
          525, 528, 627, 625, -1,
          529, 532, 630, 628, -1,
          533, 536, 633, 631, -1,
          537, 540, 636, 634, -1,
          541, 544, 639, 637, -1,
          548, 551, 554, 557, 560, 563, 566, 569, 572, 575, 578, 581, 584, 587, 590, 593, -1,
          596, 599, 602, 605, 608, 611, 614, 617, 620, 623, 626, 629, 632, 635, 638, 641, -1,
          643, 647, 711, 707, -1,
          645, 705, 128, 113, -1,
          642, 706, 766, 702, -1,
          644, 113, 114, 648, -1,
          646, 651, 715, 710, -1,
          649, 114, 115, 652, -1,
          650, 655, 719, 714, -1,
          653, 115, 116, 656, -1,
          654, 659, 723, 718, -1,
          657, 116, 117, 660, -1,
          658, 663, 727, 722, -1,
          661, 117, 118, 664, -1,
          662, 667, 731, 726, -1,
          665, 118, 119, 668, -1,
          666, 671, 735, 730, -1,
          669, 119, 120, 672, -1,
          670, 675, 739, 734, -1,
          673, 120, 121, 676, -1,
          674, 679, 743, 738, -1,
          677, 121, 122, 680, -1,
          678, 683, 747, 742, -1,
          681, 122, 123, 684, -1,
          682, 687, 751, 746, -1,
          685, 123, 124, 688, -1,
          686, 691, 755, 750, -1,
          689, 124, 125, 692, -1,
          690, 695, 759, 754, -1,
          693, 125, 126, 696, -1,
          694, 699, 763, 758, -1,
          697, 126, 127, 700, -1,
          698, 703, 767, 762, -1,
          701, 127, 128, 704, -1,
          0, 1, 112, -1,
          0, 15, 31, 16, -1,
          0, 16, 17, 1, -1,
          0, 112, 15, -1,
          1, 2, 112, -1,
          1, 17, 18, 2, -1,
          2, 3, 112, -1,
          2, 18, 19, 3, -1,
          3, 4, 112, -1,
          3, 19, 20, 4, -1,
          4, 5, 112, -1,
          4, 20, 21, 5, -1,
          5, 6, 112, -1,
          5, 21, 22, 6, -1,
          6, 7, 112, -1,
          6, 22, 23, 7, -1,
          7, 8, 112, -1,
          7, 23, 24, 8, -1,
          8, 9, 112, -1,
          8, 24, 25, 9, -1,
          9, 10, 112, -1,
          9, 25, 26, 10, -1,
          10, 11, 112, -1,
          10, 26, 27, 11, -1,
          11, 12, 112, -1,
          11, 27, 28, 12, -1,
          12, 13, 112, -1,
          12, 28, 29, 13, -1,
          13, 14, 112, -1,
          13, 29, 30, 14, -1,
          14, 15, 112, -1,
          14, 30, 31, 15, -1,
          16, 31, 47, 32, -1,
          16, 32, 33, 17, -1,
          17, 33, 34, 18, -1,
          18, 34, 35, 19, -1,
          19, 35, 36, 20, -1,
          20, 36, 37, 21, -1,
          21, 37, 38, 22, -1,
          22, 38, 39, 23, -1,
          23, 39, 40, 24, -1,
          24, 40, 41, 25, -1,
          25, 41, 42, 26, -1,
          26, 42, 43, 27, -1,
          27, 43, 44, 28, -1,
          28, 44, 45, 29, -1,
          29, 45, 46, 30, -1,
          30, 46, 47, 31, -1,
          32, 47, 63, 48, -1,
          32, 48, 49, 33, -1,
          33, 49, 50, 34, -1,
          34, 50, 51, 35, -1,
          35, 51, 52, 36, -1,
          36, 52, 53, 37, -1,
          37, 53, 54, 38, -1,
          38, 54, 55, 39, -1,
          39, 55, 56, 40, -1,
          40, 56, 57, 41, -1,
          41, 57, 58, 42, -1,
          42, 58, 59, 43, -1,
          43, 59, 60, 44, -1,
          44, 60, 61, 45, -1,
          45, 61, 62, 46, -1,
          46, 62, 63, 47, -1,
          48, 63, 79, 64, -1,
          48, 64, 65, 49, -1,
          49, 65, 66, 50, -1,
          50, 66, 67, 51, -1,
          51, 67, 68, 52, -1,
          52, 68, 69, 53, -1,
          53, 69, 70, 54, -1,
          54, 70, 71, 55, -1,
          55, 71, 72, 56, -1,
          56, 72, 73, 57, -1,
          57, 73, 74, 58, -1,
          58, 74, 75, 59, -1,
          59, 75, 76, 60, -1,
          60, 76, 77, 61, -1,
          61, 77, 78, 62, -1,
          62, 78, 79, 63, -1,
          64, 79, 95, 80, -1,
          64, 80, 81, 65, -1,
          65, 81, 82, 66, -1,
          66, 82, 83, 67, -1,
          67, 83, 84, 68, -1,
          68, 84, 85, 69, -1,
          69, 85, 86, 70, -1,
          70, 86, 87, 71, -1,
          71, 87, 88, 72, -1,
          72, 88, 89, 73, -1,
          73, 89, 90, 74, -1,
          74, 90, 91, 75, -1,
          75, 91, 92, 76, -1,
          76, 92, 93, 77, -1,
          77, 93, 94, 78, -1,
          78, 94, 95, 79, -1,
          80, 95, 111, 96, -1,
          80, 96, 97, 81, -1,
          81, 97, 98, 82, -1,
          82, 98, 99, 83, -1,
          83, 99, 100, 84, -1,
          84, 100, 101, 85, -1,
          85, 101, 102, 86, -1,
          86, 102, 103, 87, -1,
          87, 103, 104, 88, -1,
          88, 104, 105, 89, -1,
          89, 105, 106, 90, -1,
          90, 106, 107, 91, -1,
          91, 107, 108, 92, -1,
          92, 108, 109, 93, -1,
          93, 109, 110, 94, -1,
          94, 110, 111, 95, -1,
          96, 111, 769, 709, -1,
          96, 708, 712, 97, -1,
          97, 713, 716, 98, -1,
          98, 717, 720, 99, -1,
          99, 721, 724, 100, -1,
          100, 725, 728, 101, -1,
          101, 729, 732, 102, -1,
          102, 733, 736, 103, -1,
          103, 737, 740, 104, -1,
          104, 741, 744, 105, -1,
          105, 745, 748, 106, -1,
          106, 749, 752, 107, -1,
          107, 753, 756, 108, -1,
          108, 757, 760, 109, -1,
          109, 761, 764, 110, -1,
          110, 765, 768, 111, -1,
          113, 128, 144, 129, -1,
          113, 129, 130, 114, -1,
          114, 130, 131, 115, -1,
          115, 131, 132, 116, -1,
          116, 132, 133, 117, -1,
          117, 133, 134, 118, -1,
          118, 134, 135, 119, -1,
          119, 135, 136, 120, -1,
          120, 136, 137, 121, -1,
          121, 137, 138, 122, -1,
          122, 138, 139, 123, -1,
          123, 139, 140, 124, -1,
          124, 140, 141, 125, -1,
          125, 141, 142, 126, -1,
          126, 142, 143, 127, -1,
          127, 143, 144, 128, -1,
          129, 144, 831, 771, -1,
          129, 770, 774, 130, -1,
          130, 775, 778, 131, -1,
          131, 779, 782, 132, -1,
          132, 783, 786, 133, -1,
          133, 787, 790, 134, -1,
          134, 791, 794, 135, -1,
          135, 795, 798, 136, -1,
          136, 799, 802, 137, -1,
          137, 803, 806, 138, -1,
          138, 807, 810, 139, -1,
          139, 811, 814, 140, -1,
          140, 815, 818, 141, -1,
          141, 819, 822, 142, -1,
          142, 823, 826, 143, -1,
          143, 827, 830, 144, -1,
          773, 833, 895, 835, -1,
          772, 834, 838, 776, -1,
          777, 839, 842, 780, -1,
          781, 843, 846, 784, -1,
          785, 847, 850, 788, -1,
          789, 851, 854, 792, -1,
          793, 855, 858, 796, -1,
          797, 859, 862, 800, -1,
          801, 863, 866, 804, -1,
          805, 867, 870, 808, -1,
          809, 871, 874, 812, -1,
          813, 875, 878, 816, -1,
          817, 879, 882, 820, -1,
          821, 883, 886, 824, -1,
          825, 887, 890, 828, -1,
          829, 891, 894, 832, -1,
          837, 897, 944, 899, -1,
          836, 898, 901, 840, -1,
          841, 902, 904, 844, -1,
          845, 905, 907, 848, -1,
          849, 908, 910, 852, -1,
          853, 911, 913, 856, -1,
          857, 914, 916, 860, -1,
          861, 917, 919, 864, -1,
          865, 920, 922, 868, -1,
          869, 923, 925, 872, -1,
          873, 926, 928, 876, -1,
          877, 929, 931, 880, -1,
          881, 932, 934, 884, -1,
          885, 935, 937, 888, -1,
          889, 938, 940, 892, -1,
          893, 941, 943, 896, -1,
          900, 945, 942, 939, 936, 933, 930, 927, 924, 921, 918, 915, 912, 909, 906, 903, -1,
          948, 952, 259, 258, -1,
          946, 1006, 1070, 1010, -1,
          947, 1011, 1015, 951, -1,
          949, 258, 273, 1009, -1,
          953, 956, 260, 259, -1,
          950, 1014, 1019, 955, -1,
          957, 960, 261, 260, -1,
          954, 1018, 1023, 959, -1,
          961, 964, 262, 261, -1,
          958, 1022, 1027, 963, -1,
          965, 968, 263, 262, -1,
          962, 1026, 1031, 967, -1,
          969, 972, 264, 263, -1,
          966, 1030, 1035, 971, -1,
          973, 976, 265, 264, -1,
          970, 1034, 1039, 975, -1,
          977, 980, 266, 265, -1,
          974, 1038, 1043, 979, -1,
          981, 984, 267, 266, -1,
          978, 1042, 1047, 983, -1,
          985, 988, 268, 267, -1,
          982, 1046, 1051, 987, -1,
          989, 992, 269, 268, -1,
          986, 1050, 1055, 991, -1,
          993, 996, 270, 269, -1,
          990, 1054, 1059, 995, -1,
          997, 1000, 271, 270, -1,
          994, 1058, 1063, 999, -1,
          1001, 1004, 272, 271, -1,
          998, 1062, 1067, 1003, -1,
          1005, 1008, 273, 272, -1,
          1002, 1066, 1071, 1007, -1,
          145, 146, 162, 161, -1,
          145, 160, 257, -1,
          145, 161, 176, 160, -1,
          145, 257, 146, -1,
          146, 147, 163, 162, -1,
          146, 257, 147, -1,
          147, 148, 164, 163, -1,
          147, 257, 148, -1,
          148, 149, 165, 164, -1,
          148, 257, 149, -1,
          149, 150, 166, 165, -1,
          149, 257, 150, -1,
          150, 151, 167, 166, -1,
          150, 257, 151, -1,
          151, 152, 168, 167, -1,
          151, 257, 152, -1,
          152, 153, 169, 168, -1,
          152, 257, 153, -1,
          153, 154, 170, 169, -1,
          153, 257, 154, -1,
          154, 155, 171, 170, -1,
          154, 257, 155, -1,
          155, 156, 172, 171, -1,
          155, 257, 156, -1,
          156, 157, 173, 172, -1,
          156, 257, 157, -1,
          157, 158, 174, 173, -1,
          157, 257, 158, -1,
          158, 159, 175, 174, -1,
          158, 257, 159, -1,
          159, 160, 176, 175, -1,
          159, 257, 160, -1,
          161, 162, 178, 177, -1,
          161, 177, 192, 176, -1,
          162, 163, 179, 178, -1,
          163, 164, 180, 179, -1,
          164, 165, 181, 180, -1,
          165, 166, 182, 181, -1,
          166, 167, 183, 182, -1,
          167, 168, 184, 183, -1,
          168, 169, 185, 184, -1,
          169, 170, 186, 185, -1,
          170, 171, 187, 186, -1,
          171, 172, 188, 187, -1,
          172, 173, 189, 188, -1,
          173, 174, 190, 189, -1,
          174, 175, 191, 190, -1,
          175, 176, 192, 191, -1,
          177, 178, 194, 193, -1,
          177, 193, 208, 192, -1,
          178, 179, 195, 194, -1,
          179, 180, 196, 195, -1,
          180, 181, 197, 196, -1,
          181, 182, 198, 197, -1,
          182, 183, 199, 198, -1,
          183, 184, 200, 199, -1,
          184, 185, 201, 200, -1,
          185, 186, 202, 201, -1,
          186, 187, 203, 202, -1,
          187, 188, 204, 203, -1,
          188, 189, 205, 204, -1,
          189, 190, 206, 205, -1,
          190, 191, 207, 206, -1,
          191, 192, 208, 207, -1,
          193, 194, 210, 209, -1,
          193, 209, 224, 208, -1,
          194, 195, 211, 210, -1,
          195, 196, 212, 211, -1,
          196, 197, 213, 212, -1,
          197, 198, 214, 213, -1,
          198, 199, 215, 214, -1,
          199, 200, 216, 215, -1,
          200, 201, 217, 216, -1,
          201, 202, 218, 217, -1,
          202, 203, 219, 218, -1,
          203, 204, 220, 219, -1,
          204, 205, 221, 220, -1,
          205, 206, 222, 221, -1,
          206, 207, 223, 222, -1,
          207, 208, 224, 223, -1,
          209, 210, 226, 225, -1,
          209, 225, 240, 224, -1,
          210, 211, 227, 226, -1,
          211, 212, 228, 227, -1,
          212, 213, 229, 228, -1,
          213, 214, 230, 229, -1,
          214, 215, 231, 230, -1,
          215, 216, 232, 231, -1,
          216, 217, 233, 232, -1,
          217, 218, 234, 233, -1,
          218, 219, 235, 234, -1,
          219, 220, 236, 235, -1,
          220, 221, 237, 236, -1,
          221, 222, 238, 237, -1,
          222, 223, 239, 238, -1,
          223, 224, 240, 239, -1,
          225, 226, 242, 241, -1,
          225, 241, 256, 240, -1,
          226, 227, 243, 242, -1,
          227, 228, 244, 243, -1,
          228, 229, 245, 244, -1,
          229, 230, 246, 245, -1,
          230, 231, 247, 246, -1,
          231, 232, 248, 247, -1,
          232, 233, 249, 248, -1,
          233, 234, 250, 249, -1,
          234, 235, 251, 250, -1,
          235, 236, 252, 251, -1,
          236, 237, 253, 252, -1,
          237, 238, 254, 253, -1,
          238, 239, 255, 254, -1,
          239, 240, 256, 255, -1,
          241, 242, 1016, 1012, -1,
          241, 1013, 1073, 256, -1,
          242, 243, 1020, 1017, -1,
          243, 244, 1024, 1021, -1,
          244, 245, 1028, 1025, -1,
          245, 246, 1032, 1029, -1,
          246, 247, 1036, 1033, -1,
          247, 248, 1040, 1037, -1,
          248, 249, 1044, 1041, -1,
          249, 250, 1048, 1045, -1,
          250, 251, 1052, 1049, -1,
          251, 252, 1056, 1053, -1,
          252, 253, 1060, 1057, -1,
          253, 254, 1064, 1061, -1,
          254, 255, 1068, 1065, -1,
          255, 256, 1072, 1069, -1,
          258, 259, 275, 274, -1,
          258, 274, 289, 273, -1,
          259, 260, 276, 275, -1,
          260, 261, 277, 276, -1,
          261, 262, 278, 277, -1,
          262, 263, 279, 278, -1,
          263, 264, 280, 279, -1,
          264, 265, 281, 280, -1,
          265, 266, 282, 281, -1,
          266, 267, 283, 282, -1,
          267, 268, 284, 283, -1,
          268, 269, 285, 284, -1,
          269, 270, 286, 285, -1,
          270, 271, 287, 286, -1,
          271, 272, 288, 287, -1,
          272, 273, 289, 288, -1,
          274, 275, 1078, 1074, -1,
          274, 1075, 1135, 289, -1,
          275, 276, 1082, 1079, -1,
          276, 277, 1086, 1083, -1,
          277, 278, 1090, 1087, -1,
          278, 279, 1094, 1091, -1,
          279, 280, 1098, 1095, -1,
          280, 281, 1102, 1099, -1,
          281, 282, 1106, 1103, -1,
          282, 283, 1110, 1107, -1,
          283, 284, 1114, 1111, -1,
          284, 285, 1118, 1115, -1,
          285, 286, 1122, 1119, -1,
          286, 287, 1126, 1123, -1,
          287, 288, 1130, 1127, -1,
          288, 289, 1134, 1131, -1,
          1076, 1080, 1142, 1138, -1,
          1077, 1139, 1199, 1137, -1,
          1081, 1084, 1146, 1143, -1,
          1085, 1088, 1150, 1147, -1,
          1089, 1092, 1154, 1151, -1,
          1093, 1096, 1158, 1155, -1,
          1097, 1100, 1162, 1159, -1,
          1101, 1104, 1166, 1163, -1,
          1105, 1108, 1170, 1167, -1,
          1109, 1112, 1174, 1171, -1,
          1113, 1116, 1178, 1175, -1,
          1117, 1120, 1182, 1179, -1,
          1121, 1124, 1186, 1183, -1,
          1125, 1128, 1190, 1187, -1,
          1129, 1132, 1194, 1191, -1,
          1133, 1136, 1198, 1195, -1,
          1140, 1144, 1205, 1202, -1,
          1141, 1203, 1248, 1201, -1,
          1145, 1148, 1208, 1206, -1,
          1149, 1152, 1211, 1209, -1,
          1153, 1156, 1214, 1212, -1,
          1157, 1160, 1217, 1215, -1,
          1161, 1164, 1220, 1218, -1,
          1165, 1168, 1223, 1221, -1,
          1169, 1172, 1226, 1224, -1,
          1173, 1176, 1229, 1227, -1,
          1177, 1180, 1232, 1230, -1,
          1181, 1184, 1235, 1233, -1,
          1185, 1188, 1238, 1236, -1,
          1189, 1192, 1241, 1239, -1,
          1193, 1196, 1244, 1242, -1,
          1197, 1200, 1247, 1245, -1,
          1204, 1207, 1210, 1213, 1216, 1219, 1222, 1225, 1228, 1231, 1234, 1237, 1240, 1243, 1246, 1249, -1 ]
      }
    }

  ]
}

