#VRML V2.0 utf8
#Exported from Wings 3D 2.4.1
DEF Cylinder7_copy8 Transform {
  children [
    Shape {
      appearance Appearance {
        material DEF pins Material {
          diffuseColor 0.6 0.6 0.6
          emissiveColor 0.0 0.0 0.0
          specularColor 0.5999999905136262 0.5999999905136262 0.5999999905136262
          ambientIntensity 1.0
          transparency 0.0
          shininess 0.5
        }
      }
      geometry IndexedFaceSet {
        normalPerVertex TRUE
        coord Coordinate {
          point [
            1.22300033465 -1.5354004409400002 1.0,
            1.2108210598518054 -1.5966297901184143 1.0,
            1.176137419639848 -1.6485375259298478 1.0,
            1.124229683828414 -1.6832211661418057 1.0,
            1.0630003346499999 -1.6954004409399999 1.0,
            1.0017709854715857 -1.6832211661418057 1.0,
            0.9498632496601522 -1.6485375259298478 1.0,
            0.9151796094481941 -1.5966297901184143 1.0,
            0.90300033465 -1.5354004409400002 1.0,
            0.9151796094481941 -1.4741710917615856 1.0,
            0.9498632496601522 -1.4222633559501525 1.0,
            1.0017709854715857 -1.3875797157381942 1.0,
            1.0630003346499999 -1.37540044094 1.0,
            1.124229683828414 -1.3875797157381942 1.0,
            1.176137419639848 -1.4222633559501525 1.0,
            1.2108210598518054 -1.4741710917615856 1.0,
            1.22300033465 -1.5354004409400002 -1.0,
            1.2108210598518054 -1.5966297901184143 -1.0,
            1.176137419639848 -1.6485375259298478 -1.0,
            1.124229683828414 -1.6832211661418062 -1.0,
            1.0630003346499999 -1.6954004409400003 -1.0,
            1.0017709854715857 -1.6832211661418062 -1.0,
            0.9498632496601522 -1.6485375259298478 -1.0,
            0.9151796094481941 -1.5966297901184143 -1.0,
            0.90300033465 -1.5354004409400002 -1.0,
            0.9151796094481941 -1.4741710917615856 -1.0,
            0.9498632496601522 -1.4222633559501525 -1.0,
            1.0017709854715857 -1.3875797157381942 -1.0,
            1.0630003346499999 -1.37540044094 -1.0,
            1.124229683828414 -1.3875797157381942 -1.0,
            1.176137419639848 -1.4222633559501525 -1.0,
            1.2108210598518054 -1.4741710917615856 -1.0 ]
        }
        coordIndex [
          0, 1, 17, 16, -1,
          0, 15, 14, 13, 12, 11, 10, 9, 8, 7, 6, 5, 4, 3, 2, 1, -1,
          0, 16, 31, 15, -1,
          1, 2, 18, 17, -1,
          2, 3, 19, 18, -1,
          3, 4, 20, 19, -1,
          4, 5, 21, 20, -1,
          5, 6, 22, 21, -1,
          6, 7, 23, 22, -1,
          7, 8, 24, 23, -1,
          8, 9, 25, 24, -1,
          9, 10, 26, 25, -1,
          10, 11, 27, 26, -1,
          11, 12, 28, 27, -1,
          12, 13, 29, 28, -1,
          13, 14, 30, 29, -1,
          14, 15, 31, 30, -1,
          16, 17, 18, 19, 20, 21, 22, 23, 24, 25, 26, 27, 28, 29, 30, 31, -1 ]
        normal Normal {
          vector [
            0.0 0.0 1.0,
            1.0 -6.791841477282644e-16 0.0,
            1.0 -6.791841477282644e-16 0.0,
            0.0 0.0 1.0,
            0.9238795325112877 -0.38268343236508745 0.0,
            0.9238795325112877 -0.38268343236508745 0.0,
            0.0 0.0 1.0,
            0.7071067811865492 -0.7071067811865458 4.736684041745704e-17,
            0.7071067811865492 -0.7071067811865458 4.736684041745704e-17,
            0.0 0.0 1.0,
            0.38268343236508645 -0.9238795325112882 1.5847970906027757e-16,
            0.38268343236508645 -0.9238795325112882 1.5847970906027757e-16,
            0.0 0.0 1.0,
            0.0 -1.0 2.222257372856416e-16,
            0.0 -1.0 2.222257372856416e-16,
            0.0 0.0 1.0,
            -0.38268343236508834 -0.9238795325112874 1.5847970906027792e-16,
            -0.38268343236508834 -0.9238795325112874 1.5847970906027792e-16,
            0.0 0.0 1.0,
            -0.7071067811865476 -0.7071067811865476 4.736684041745726e-17,
            -0.7071067811865476 -0.7071067811865476 4.736684041745726e-17,
            0.0 0.0 1.0,
            -0.9238795325112874 -0.38268343236508834 0.0,
            -0.9238795325112874 -0.38268343236508834 0.0,
            0.0 0.0 1.0,
            -1.0 -6.933338174726022e-16 0.0,
            -1.0 -6.933338174726022e-16 0.0,
            0.0 0.0 1.0,
            -0.9238795325112868 0.3826834323650895 0.0,
            -0.9238795325112868 0.3826834323650895 0.0,
            0.0 0.0 1.0,
            -0.7071067811865472 0.7071067811865479 0.0,
            -0.7071067811865472 0.7071067811865479 0.0,
            0.0 0.0 1.0,
            -0.38268343236508967 0.9238795325112867 0.0,
            -0.38268343236508967 0.9238795325112867 0.0,
            0.0 0.0 1.0,
            0.0 1.0 0.0,
            0.0 1.0 0.0,
            0.0 0.0 1.0,
            0.38268343236508784 0.9238795325112875 0.0,
            0.38268343236508784 0.9238795325112875 0.0,
            0.0 0.0 1.0,
            0.7071067811865489 0.7071067811865461 0.0,
            0.7071067811865489 0.7071067811865461 0.0,
            0.0 0.0 1.0,
            0.9238795325112873 0.3826834323650887 0.0,
            0.9238795325112873 0.3826834323650887 0.0,
            0.0 0.0 -1.0,
            1.0 -6.791841477282644e-16 0.0,
            1.0 -6.791841477282644e-16 0.0,
            0.0 0.0 -1.0,
            0.9238795325112877 -0.38268343236508745 0.0,
            0.9238795325112877 -0.38268343236508745 0.0,
            0.0 0.0 -1.0,
            0.7071067811865492 -0.7071067811865458 4.736684041745704e-17,
            0.7071067811865492 -0.7071067811865458 4.736684041745704e-17,
            0.0 0.0 -1.0,
            0.38268343236508645 -0.9238795325112882 1.5847970906027757e-16,
            0.38268343236508645 -0.9238795325112882 1.5847970906027757e-16,
            0.0 0.0 -1.0,
            0.0 -1.0 2.222257372856416e-16,
            0.0 -1.0 2.222257372856416e-16,
            0.0 0.0 -1.0,
            -0.38268343236508834 -0.9238795325112874 1.5847970906027792e-16,
            -0.38268343236508834 -0.9238795325112874 1.5847970906027792e-16,
            0.0 0.0 -1.0,
            -0.7071067811865476 -0.7071067811865476 4.736684041745726e-17,
            -0.7071067811865476 -0.7071067811865476 4.736684041745726e-17,
            0.0 0.0 -1.0,
            -0.9238795325112874 -0.38268343236508834 0.0,
            -0.9238795325112874 -0.38268343236508834 0.0,
            0.0 0.0 -1.0,
            -1.0 -6.933338174726022e-16 0.0,
            -1.0 -6.933338174726022e-16 0.0,
            0.0 0.0 -1.0,
            -0.9238795325112868 0.3826834323650895 0.0,
            -0.9238795325112868 0.3826834323650895 0.0,
            0.0 0.0 -1.0,
            -0.7071067811865472 0.7071067811865479 0.0,
            -0.7071067811865472 0.7071067811865479 0.0,
            0.0 0.0 -1.0,
            -0.38268343236508967 0.9238795325112867 0.0,
            -0.38268343236508967 0.9238795325112867 0.0,
            0.0 0.0 -1.0,
            0.0 1.0 0.0,
            0.0 1.0 0.0,
            0.0 0.0 -1.0,
            0.38268343236508784 0.9238795325112875 0.0,
            0.38268343236508784 0.9238795325112875 0.0,
            0.0 0.0 -1.0,
            0.7071067811865489 0.7071067811865461 0.0,
            0.7071067811865489 0.7071067811865461 0.0,
            0.0 0.0 -1.0,
            0.9238795325112873 0.3826834323650887 0.0,
            0.9238795325112873 0.3826834323650887 0.0 ]
        }
        normalIndex [
          2, 5, 53, 50, -1,
          0, 45, 42, 39, 36, 33, 30, 27, 24, 21, 18, 15, 12, 9, 6, 3, -1,
          1, 49, 94, 46, -1,
          4, 8, 56, 52, -1,
          7, 11, 59, 55, -1,
          10, 14, 62, 58, -1,
          13, 17, 65, 61, -1,
          16, 20, 68, 64, -1,
          19, 23, 71, 67, -1,
          22, 26, 74, 70, -1,
          25, 29, 77, 73, -1,
          28, 32, 80, 76, -1,
          31, 35, 83, 79, -1,
          34, 38, 86, 82, -1,
          37, 41, 89, 85, -1,
          40, 44, 92, 88, -1,
          43, 47, 95, 91, -1,
          48, 51, 54, 57, 60, 63, 66, 69, 72, 75, 78, 81, 84, 87, 90, 93, -1 ]
      }
    }

  ]
}

DEF Cylinder7 Transform {
  children [
    Shape {
      appearance Appearance {
        material USE pins
      }
      geometry IndexedFaceSet {
        normalPerVertex TRUE
        coord Coordinate {
          point [
            -0.9029998346499999 1.5354004409400002 1.0,
            -0.915179109448194 1.4741710917615856 1.0,
            -0.9498627496601524 1.4222633559501525 1.0,
            -1.0017704854715854 1.3875797157381942 1.0,
            -1.0629998346500005 1.37540044094 1.0,
            -1.1242291838284146 1.3875797157381942 1.0,
            -1.1761369196398477 1.4222633559501525 1.0,
            -1.210820559851806 1.4741710917615856 1.0,
            -1.2229998346499997 1.5354004409400002 1.0,
            -1.210820559851806 1.5966297901184143 1.0,
            -1.1761369196398477 1.6485375259298478 1.0,
            -1.1242291838284146 1.6832211661418062 1.0,
            -1.0629998346500005 1.6954004409400003 1.0,
            -1.0017704854715854 1.6832211661418062 1.0,
            -0.9498627496601524 1.6485375259298478 1.0,
            -0.915179109448194 1.5966297901184148 1.0,
            -0.9029998346499999 1.5354004409400002 -1.0,
            -0.915179109448194 1.4741710917615856 -1.0,
            -0.9498627496601524 1.4222633559501525 -1.0,
            -1.0017704854715854 1.3875797157381942 -1.0,
            -1.0629998346500005 1.37540044094 -1.0,
            -1.1242291838284146 1.3875797157381942 -1.0,
            -1.1761369196398477 1.4222633559501525 -1.0,
            -1.210820559851806 1.4741710917615856 -1.0,
            -1.2229998346499997 1.5354004409400002 -1.0,
            -1.210820559851806 1.5966297901184143 -1.0,
            -1.1761369196398477 1.6485375259298478 -1.0,
            -1.1242291838284146 1.6832211661418057 -1.0,
            -1.0629998346500005 1.6954004409399999 -1.0,
            -1.0017704854715854 1.6832211661418057 -1.0,
            -0.9498627496601524 1.6485375259298478 -1.0,
            -0.915179109448194 1.5966297901184143 -1.0 ]
        }
        coordIndex [
          0, 1, 17, 16, -1,
          0, 15, 14, 13, 12, 11, 10, 9, 8, 7, 6, 5, 4, 3, 2, 1, -1,
          0, 16, 31, 15, -1,
          1, 2, 18, 17, -1,
          2, 3, 19, 18, -1,
          3, 4, 20, 19, -1,
          4, 5, 21, 20, -1,
          5, 6, 22, 21, -1,
          6, 7, 23, 22, -1,
          7, 8, 24, 23, -1,
          8, 9, 25, 24, -1,
          9, 10, 26, 25, -1,
          10, 11, 27, 26, -1,
          11, 12, 28, 27, -1,
          12, 13, 29, 28, -1,
          13, 14, 30, 29, -1,
          14, 15, 31, 30, -1,
          16, 17, 18, 19, 20, 21, 22, 23, 24, 25, 26, 27, 28, 29, 30, 31, -1 ]
        normal Normal {
          vector [
            0.0 -0.0 1.0,
            1.0 3.395920738641317e-16 -1.1067018789125537e-17,
            1.0 3.395920738641317e-16 -1.1067018789125537e-17,
            0.0 -0.0 1.0,
            0.9238795325112862 -0.38268343236509084 0.0,
            0.9238795325112862 -0.38268343236509084 0.0,
            0.0 -0.0 1.0,
            0.7071067811865475 -0.7071067811865475 0.0,
            0.7071067811865475 -0.7071067811865475 0.0,
            0.0 -0.0 1.0,
            0.3826834323650902 -0.9238795325112865 0.0,
            0.3826834323650902 -0.9238795325112865 0.0,
            0.0 -0.0 1.0,
            -1.4008173046895432e-15 -1.0 0.0,
            -1.4008173046895432e-15 -1.0 0.0,
            0.0 -0.0 1.0,
            -0.38268343236509145 -0.9238795325112861 0.0,
            -0.38268343236509145 -0.9238795325112861 0.0,
            0.0 -0.0 1.0,
            -0.7071067811865475 -0.7071067811865475 0.0,
            -0.7071067811865475 -0.7071067811865475 0.0,
            0.0 -0.0 1.0,
            -0.9238795325112876 -0.3826834323650876 0.0,
            -0.9238795325112876 -0.3826834323650876 0.0,
            0.0 -0.0 1.0,
            -1.0 6.933338174726014e-16 0.0,
            -1.0 6.933338174726014e-16 0.0,
            0.0 -0.0 1.0,
            -0.9238795325112881 0.38268343236508645 0.0,
            -0.9238795325112881 0.38268343236508645 0.0,
            0.0 -0.0 1.0,
            -0.7071067811865479 0.7071067811865472 -4.736684041745751e-17,
            -0.7071067811865479 0.7071067811865472 -4.736684041745751e-17,
            0.0 -0.0 1.0,
            -0.38268343236509006 0.9238795325112866 -1.5847970906027824e-16,
            -0.38268343236509006 0.9238795325112866 -1.5847970906027824e-16,
            0.0 -0.0 1.0,
            -1.4008173046895432e-15 1.0 -2.2200439690985748e-16,
            -1.4008173046895432e-15 1.0 -2.2200439690985748e-16,
            0.0 -0.0 1.0,
            0.38268343236508884 0.9238795325112872 -1.5825836868449423e-16,
            0.38268343236508884 0.9238795325112872 -1.5825836868449423e-16,
            0.0 -0.0 1.0,
            0.7071067811865471 0.7071067811865478 -7.8797173778574e-17,
            0.7071067811865471 0.7071067811865478 -7.8797173778574e-17,
            0.0 -0.0 1.0,
            0.9238795325112865 0.3826834323650902 -4.249735215024204e-17,
            0.9238795325112865 0.3826834323650902 -4.249735215024204e-17,
            0.0 -0.0 -1.0,
            1.0 3.395920738641317e-16 -1.1067018789125537e-17,
            1.0 3.395920738641317e-16 -1.1067018789125537e-17,
            0.0 -0.0 -1.0,
            0.9238795325112862 -0.38268343236509084 0.0,
            0.9238795325112862 -0.38268343236509084 0.0,
            0.0 -0.0 -1.0,
            0.7071067811865475 -0.7071067811865475 0.0,
            0.7071067811865475 -0.7071067811865475 0.0,
            0.0 -0.0 -1.0,
            0.3826834323650902 -0.9238795325112865 0.0,
            0.3826834323650902 -0.9238795325112865 0.0,
            0.0 -0.0 -1.0,
            -1.4008173046895432e-15 -1.0 0.0,
            -1.4008173046895432e-15 -1.0 0.0,
            0.0 -0.0 -1.0,
            -0.38268343236509145 -0.9238795325112861 0.0,
            -0.38268343236509145 -0.9238795325112861 0.0,
            0.0 -0.0 -1.0,
            -0.7071067811865475 -0.7071067811865475 0.0,
            -0.7071067811865475 -0.7071067811865475 0.0,
            0.0 -0.0 -1.0,
            -0.9238795325112876 -0.3826834323650876 0.0,
            -0.9238795325112876 -0.3826834323650876 0.0,
            0.0 -0.0 -1.0,
            -1.0 6.933338174726014e-16 0.0,
            -1.0 6.933338174726014e-16 0.0,
            0.0 -0.0 -1.0,
            -0.9238795325112881 0.38268343236508645 0.0,
            -0.9238795325112881 0.38268343236508645 0.0,
            0.0 -0.0 -1.0,
            -0.7071067811865479 0.7071067811865472 -4.736684041745751e-17,
            -0.7071067811865479 0.7071067811865472 -4.736684041745751e-17,
            0.0 -0.0 -1.0,
            -0.38268343236509006 0.9238795325112866 -1.5847970906027824e-16,
            -0.38268343236509006 0.9238795325112866 -1.5847970906027824e-16,
            0.0 -0.0 -1.0,
            -1.4008173046895432e-15 1.0 -2.2200439690985748e-16,
            -1.4008173046895432e-15 1.0 -2.2200439690985748e-16,
            0.0 -0.0 -1.0,
            0.38268343236508884 0.9238795325112872 -1.5825836868449423e-16,
            0.38268343236508884 0.9238795325112872 -1.5825836868449423e-16,
            0.0 -0.0 -1.0,
            0.7071067811865471 0.7071067811865478 -7.8797173778574e-17,
            0.7071067811865471 0.7071067811865478 -7.8797173778574e-17,
            0.0 -0.0 -1.0,
            0.9238795325112865 0.3826834323650902 -4.249735215024204e-17,
            0.9238795325112865 0.3826834323650902 -4.249735215024204e-17 ]
        }
        normalIndex [
          2, 5, 53, 50, -1,
          0, 45, 42, 39, 36, 33, 30, 27, 24, 21, 18, 15, 12, 9, 6, 3, -1,
          1, 49, 94, 46, -1,
          4, 8, 56, 52, -1,
          7, 11, 59, 55, -1,
          10, 14, 62, 58, -1,
          13, 17, 65, 61, -1,
          16, 20, 68, 64, -1,
          19, 23, 71, 67, -1,
          22, 26, 74, 70, -1,
          25, 29, 77, 73, -1,
          28, 32, 80, 76, -1,
          31, 35, 83, 79, -1,
          34, 38, 86, 82, -1,
          37, 41, 89, 85, -1,
          40, 44, 92, 88, -1,
          43, 47, 95, 91, -1,
          48, 51, 54, 57, 60, 63, 66, 69, 72, 75, 78, 81, 84, 87, 90, 93, -1 ]
      }
    }

  ]
}

DEF Cylinder1 Transform {
  children [
    Shape {
      appearance Appearance {
        material DEF body Material {
          diffuseColor 0.1 0.1 1.0
          emissiveColor 0.0 0.0 0.0
          specularColor 0.1 0.1 1.0
          ambientIntensity 1.0
          transparency 0.0
          shininess 0.5
        }
      }
      geometry IndexedFaceSet {
        normalPerVertex TRUE
        coord Coordinate {
          point [
            2.558999999996061 1.3287 2.65,
            2.364207723692744 1.3287 3.6292869034207564,
            1.8094862530535898 1.3287 4.459486253053591,
            0.9792869034207575 1.3287 5.014207723692745,
            2.0799452605238874e-16 1.3287 5.2089999999960614,
            -0.9792869034207573 1.3287 5.014207723692745,
            -1.8094862530535896 1.3287 4.459486253053591,
            -2.364207723692744 1.3287 3.6292869034207573,
            -2.558999999996061 1.3287 2.6500000000000004,
            -2.364207723692744 1.3287 1.670713096579243,
            -1.8094862530535902 1.3287 0.8405137469464108,
            -0.9792869034207587 1.3287 0.28579227630725645,
            -4.187797057502618e-16 1.3287 0.09100000000393882,
            0.979286903420758 1.3287 0.28579227630725645,
            1.8094862530535896 1.3287 0.8405137469464103,
            2.364207723692743 1.3287 1.670713096579241,
            2.558999999996061 -1.3287 2.65,
            2.364207723692744 -1.3287 3.6292869034207564,
            1.8094862530535898 -1.3287 4.459486253053591,
            0.9792869034207575 -1.3287 5.014207723692745,
            2.0799452605238874e-16 -1.3287 5.2089999999960614,
            -0.9792869034207573 -1.3287 5.014207723692745,
            -1.8094862530535896 -1.3287 4.459486253053591,
            -2.364207723692744 -1.3287 3.6292869034207573,
            -2.558999999996061 -1.3287 2.6500000000000004,
            -2.364207723692744 -1.3287 1.670713096579243,
            -1.8094862530535902 -1.3287 0.8405137469464108,
            -0.9792869034207587 -1.3287 0.28579227630725645,
            -4.187797057502618e-16 -1.3287 0.09100000000393882,
            0.979286903420758 -1.3287 0.28579227630725645,
            1.8094862530535896 -1.3287 0.8405137469464103,
            2.364207723692743 -1.3287 1.670713096579241,
            2.4208139999962737 -1.4287 2.65,
            2.2365405066133355 -1.4287 3.576405410636036,
            1.711773995388696 -1.4287 4.361773995388695,
            0.9264054106360367 -1.4287 4.8865405066133345,
            1.9087242108301816e-16 -1.4287 5.070813999996274,
            -0.9264054106360364 -1.4287 4.8865405066133345,
            -1.7117739953886957 -1.4287 4.361773995388695,
            -2.2365405066133355 -1.4287 3.576405410636036,
            -2.4208139999962737 -1.4287 2.6500000000000004,
            -2.2365405066133355 -1.4287 1.7235945893639641,
            -1.7117739953886963 -1.4287 0.9382260046113047,
            -0.9264054106360377 -1.4287 0.4134594933866653,
            -4.020560022022893e-16 -1.4287 0.22918600000372624,
            0.9264054106360369 -1.4287 0.4134594933866649,
            1.7117739953886957 -1.4287 0.9382260046113042,
            2.2365405066133346 -1.4287 1.7235945893639617,
            2.2365405066133355 1.4287 3.576405410636036,
            2.4208139999962737 1.4287 2.65,
            2.2365405066133346 1.4287 1.7235945893639617,
            1.7117739953886957 1.4287 0.9382260046113042,
            0.9264054106360369 1.4287 0.4134594933866649,
            -4.045304744422991e-16 1.4287 0.22918600000372624,
            -0.9264054106360377 1.4287 0.4134594933866653,
            -1.7117739953886963 1.4287 0.9382260046113047,
            -2.2365405066133355 1.4287 1.7235945893639641,
            -2.4208139999962737 1.4287 2.6500000000000004,
            -2.2365405066133355 1.4287 3.576405410636036,
            -1.7117739953886957 1.4287 4.361773995388695,
            -0.9264054106360364 1.4287 4.8865405066133345,
            1.8839794884300827e-16 1.4287 5.070813999996274,
            0.9264054106360367 1.4287 4.8865405066133345,
            1.711773995388696 1.4287 4.361773995388695,
            1.6945697999973912 -1.5287000000000002 2.65,
            1.565578354629335 -1.5287000000000002 3.298483787445225,
            1.198241796772087 -1.5287000000000002 3.8482417967720868,
            0.6484837874452257 -1.5287000000000002 4.2155783546293355,
            1.1463331518849261e-16 -1.5287000000000002 4.344569799997392,
            -0.6484837874452254 -1.5287000000000002 4.2155783546293355,
            -1.1982417967720869 -1.5287000000000002 3.848241796772087,
            -1.565578354629335 -1.5287000000000002 3.2984837874452255,
            -1.6945697999973912 -1.5287000000000002 2.6500000000000004,
            -1.565578354629335 -1.5287000000000002 2.0015162125547743,
            -1.1982417967720873 -1.5287000000000002 1.4517582032279133,
            -0.6484837874452263 -1.5287000000000002 1.0844216453706659,
            -3.004165811112226e-16 -1.5287000000000002 0.9554302000026087,
            0.6484837874452258 -1.5287000000000002 1.0844216453706659,
            1.1982417967720869 -1.5287000000000002 1.4517582032279133,
            1.5655783546293343 -1.5287000000000002 2.001516212554774,
            1.5655783546293351 1.5287000000000002 3.298483787445225,
            1.6945697999973912 1.5287000000000002 2.65,
            1.5655783546293345 1.5287000000000002 2.001516212554774,
            1.198241796772087 1.5287000000000002 1.4517582032279133,
            0.6484837874452257 1.5287000000000002 1.0844216453706659,
            -3.4338991567939493e-16 1.5287000000000002 0.9554302000026087,
            -0.6484837874452265 1.5287000000000002 1.0844216453706659,
            -1.198241796772087 1.5287000000000002 1.4517582032279133,
            -1.5655783546293345 1.5287000000000002 2.0015162125547743,
            -1.6945697999973917 1.5287000000000002 2.6500000000000004,
            -1.5655783546293345 1.5287000000000002 3.2984837874452255,
            -1.1982417967720866 1.5287000000000002 3.848241796772087,
            -0.6484837874452255 1.5287000000000002 4.2155783546293355,
            7.16599806203201e-17 1.5287000000000002 4.344569799997392,
            0.6484837874452255 1.5287000000000002 4.2155783546293355,
            1.1982417967720873 1.5287000000000002 3.8482417967720868,
            0.7042754774163524 -1.5287000000000002 1.4153807803140368,
            0.7204230670408602 -1.643505029709527 1.4315283699385446,
            0.7664075117723168 -1.7408320343559645 1.4775128146700012,
            0.8352280967503871 -1.8058638597533863 1.5463333996480717,
            0.9164075117723167 -1.8287 1.627512814670001,
            0.9975869267942459 -1.8058638597533863 1.7086922296919305,
            1.0664075117723169 -1.7408320343559645 1.777512814670001,
            1.1123919565037728 -1.643505029709527 1.8234972594014573,
            1.1285395461282812 -1.5287000000000002 1.839644849025965,
            1.1123919565037728 -1.4138949702904733 1.8234972594014573,
            1.0664075117723169 -1.3165679656440359 1.777512814670001,
            0.9975869267942468 -1.251536140246614 1.7086922296919305,
            0.9164075117723167 -1.2287000000000001 1.627512814670001,
            0.8352280967503871 -1.251536140246614 1.5463333996480715,
            0.7664075117723168 -1.3165679656440359 1.4775128146700012,
            0.7204230670408602 -1.4138949702904728 1.4315283699385448,
            -0.31425589027435513 -1.5287000000000002 2.884499726683459,
            -0.31105115236932984 -1.551097350215103 2.8875945061045414,
            -0.3019248309492723 -1.5700849068924416 2.896407692255172,
            -0.2882663257200767 -1.5827719866505214 2.9095975574356494,
            -0.2721550202882297 -1.5872270966048387 2.9251560642386725,
            -0.25604371485638283 -1.5827719866505214 2.9407145710416955,
            -0.24238520962718713 -1.5700849068924416 2.9539044362221736,
            -0.23325888820712978 -1.551097350215103 2.9627176223728044,
            -0.23005415030210408 -1.5287000000000002 2.9658124017938863,
            -0.23325888820712978 -1.5063026497848977 2.9627176223728044,
            -0.24238520962718713 -1.4873150931075587 2.9539044362221736,
            -0.25604371485638283 -1.4746280133494793 2.9407145710416955,
            -0.2721550202882297 -1.4701729033951616 2.9251560642386725,
            -0.2882663257200767 -1.4746280133494793 2.9095975574356494,
            -0.3019248309492723 -1.4873150931075587 2.896407692255172,
            -0.31105115236932984 -1.5063026497848973 2.8875945061045414,
            -0.34287983120724325 -1.5287000000000002 2.8331254185821417,
            -0.3365935116776445 -1.5726339828220182 2.839196046786726,
            -0.31869158825160243 -1.6098794150219295 2.85648373328671,
            -0.29189946648939136 -1.6347660171779825 2.8823565845257417,
            -0.2602960040581192 -1.643505029709527 2.9128756934406588,
            -0.22869254162684707 -1.6347660171779825 2.9433948023555745,
            -0.20190041986463594 -1.6098794150219295 2.9692676535946068,
            -0.1839984964385936 -1.5726339828220182 2.9865553400945917,
            -0.17771217690899505 -1.5287000000000002 2.992625968299176,
            -0.1839984964385936 -1.4847660171779826 2.9865553400945917,
            -0.20190041986463594 -1.4475205849780708 2.9692676535946068,
            -0.22869254162684707 -1.4226339828220183 2.9433948023555745,
            -0.2602960040581192 -1.4138949702904733 2.9128756934406588,
            -0.29189946648939136 -1.4226339828220183 2.8823565845257417,
            -0.31869158825160243 -1.4475205849780708 2.85648373328671,
            -0.3365935116776445 -1.4847660171779822 2.839196046786726,
            -0.36093114083050964 -1.5287000000000002 2.7771539995515018,
            -0.351804819410452 -1.5924822571075445 2.785967185702133,
            -0.3258152548561733 -1.6465542437580654 2.811065016454324,
            -0.2869191227750734 -1.682683990147801 2.8486265745884554,
            -0.24103800668218414 -1.6953710699058808 2.8929334533749786,
            -0.19515689058929447 -1.682683990147801 2.937240332161502,
            -0.15626075850819454 -1.6465542437580654 2.974801890295634,
            -0.1302711939539159 -1.5924822571075445 2.999899721047824,
            -0.12114487253385853 -1.5287000000000002 3.008712907198455,
            -0.1302711939539159 -1.4649177428924562 2.999899721047824,
            -0.15626075850819454 -1.410845756241935 2.974801890295634,
            -0.19515689058929447 -1.3747160098521993 2.937240332161502,
            -0.24103800668218414 -1.3620289300941195 2.8929334533749786,
            -0.2869191227750734 -1.3747160098521993 2.8486265745884554,
            -0.3258152548561733 -1.410845756241935 2.811065016454324,
            -0.351804819410452 -1.4649177428924558 2.785967185702133,
            -0.3677161174386231 -1.5287000000000002 2.718736419835753,
            -0.35610051354217953 -1.6098794150219295 2.729953478131154,
            -0.3230220722503696 -1.6787 2.7618969575747707,
            -0.27351668639305526 -1.7246844447314569 2.8097037529896713,
            -0.2151211021995721 -1.7408320343559645 2.866095713143619,
            -0.1567255180060888 -1.7246844447314569 2.9224876732975673,
            -0.10722013214877446 -1.6787 2.9702944687124684,
            -0.07414169085696459 -1.60987941502193 3.0022379481560844,
            -0.06252608696052098 -1.5287000000000002 3.013455006451485,
            -0.07414169085696459 -1.4475205849780708 3.0022379481560844,
            -0.10722013214877446 -1.3787000000000003 2.9702944687124684,
            -0.1567255180060888 -1.332715555268544 2.9224876732975673,
            -0.2151211021995721 -1.3165679656440359 2.866095713143619,
            -0.27351668639305526 -1.332715555268544 2.8097037529896713,
            -0.3230220722503696 -1.3787000000000003 2.7618969575747707,
            -0.35610051354217953 -1.4475205849780708 2.729953478131154,
            -0.36297401818559294 -1.5287000000000002 2.660117634262416,
            -0.3493155129563974 -1.6241568935429629 2.673307499442893,
            -0.31041938087529736 -1.705081340362904 2.7108690575770256,
            -0.252207205457325 -1.7591533270134252 2.7670839019352615,
            -0.18354126271518253 -1.7781408836907637 2.8333938320528933,
            -0.11487531997304001 -1.7591533270134252 2.899703762170525,
            -0.0566631445550676 -1.705081340362904 2.9559186065287615,
            -0.017767012473967725 -1.6241568935429629 2.9934801646628935,
            -0.0041085072447720195 -1.5287000000000002 3.006670029843371,
            -0.017767012473967725 -1.433243106457038 2.9934801646628935,
            -0.0566631445550676 -1.3523186596370964 2.9559186065287615,
            -0.11487531997303979 -1.2982466729865754 2.899703762170525,
            -0.18354126271518253 -1.2792591163092366 2.8333938320528933,
            -0.252207205457325 -1.2982466729865754 2.7670839019352615,
            -0.31041938087529736 -1.3523186596370964 2.7108690575770256,
            -0.3493155129563974 -1.4332431064570375 2.673307499442893,
            -0.3468870792863132 -1.5287000000000002 2.6035503298872786,
            -0.33171056142054584 -1.6347660171779825 2.6182061228309093,
            -0.2884914950928296 -1.7246844447314569 2.659942290041228,
            -0.2238095913697481 -1.7847660171779824 2.7224048783997596,
            -0.1475120837502225 -1.8058638597533863 2.796084525053693,
            -0.07121457613069698 -1.7847660171779824 2.869764171707625,
            -0.006532672407615292 -1.7246844447314569 2.932226760066157,
            0.0366863939201007 -1.6347660171779825 2.973962927276475,
            0.05186291178586805 -1.5287000000000002 2.9886187202201056,
            0.0366863939201007 -1.4226339828220183 2.973962927276475,
            -0.006532672407615292 -1.332715555268544 2.932226760066157,
            -0.07121457613069676 -1.2726339828220181 2.8697641717076254,
            -0.1475120837502225 -1.251536140246614 2.796084525053693,
            -0.2238095913697481 -1.2726339828220181 2.7224048783997596,
            -0.2884914950928296 -1.332715555268544 2.659942290041228,
            -0.33171056142054584 -1.4226339828220178 2.6182061228309093,
            -0.3200735127810237 -1.5287000000000002 2.55120835649417,
            -0.3039622073491768 -1.64129908325536 2.5667668632971927,
            -0.2580810912562873 -1.7367559767983223 2.6110737420837165,
            -0.1894151485141447 -1.8005382339058666 2.677383672201349,
            -0.10841814644691938 -1.8229355841209696 2.7556015678906944,
            -0.02742114437969384 -1.8005382339058666 2.833819463580039,
            0.04124479836244854 -1.7367559767983223 2.90012939369767,
            0.08712591445533802 -1.64129908325536 2.944436272484194,
            0.10323721988718504 -1.5287000000000002 2.959994779287217,
            0.08712591445533802 -1.4161009167446408 2.944436272484194,
            0.041244798362448765 -1.320644023201678 2.90012939369767,
            -0.027421144379693674 -1.256861766094134 2.8338194635800384,
            -0.10841814644691938 -1.234464415879031 2.7556015678906944,
            -0.18941514851414493 -1.256861766094134 2.6773836722013487,
            -0.2580810912562873 -1.320644023201678 2.6110737420837165,
            -0.3039622073491768 -1.4161009167446403 2.5667668632971927,
            -0.2835637489933013 -1.5287000000000002 2.505103186766869,
            -0.26713680442779664 -1.643505029709527 2.5209665027381547,
            -0.22035682413075713 -1.7408320343559645 2.566141404596702,
            -0.15034563604082984 -1.8058638597533863 2.633750423046052,
            -0.06776180889170591 -1.8287 2.7135006979045686,
            0.01482201825741808 -1.8058638597533863 2.793250972763085,
            0.08483320634734504 -1.7408320343559645 2.860859991212434,
            0.1316131866443846 -1.643505029709527 2.906034893070981,
            0.14804013120988946 -1.5287000000000002 2.921898209042267,
            0.1316131866443846 -1.4138949702904733 2.906034893070981,
            0.08483320634734526 -1.3165679656440359 2.860859991212434,
            0.01482201825741808 -1.251536140246614 2.793250972763085,
            -0.06776180889170591 -1.2287000000000001 2.7135006979045686,
            -0.15034563604082984 -1.251536140246614 2.633750423046052,
            -0.22035682413075713 -1.3165679656440359 2.566141404596702,
            -0.26713680442779664 -1.4138949702904733 2.5209665027381547,
            -0.2761593200294053 -1.5287000000000002 2.9293026380061638,
            0.72731056875564 -1.5287000000000002 1.3948021365513465,
            0.7470872463335918 -1.643505029709527 1.4062202066746532,
            0.8034064591822332 -1.7408320343559645 1.438736119373364,
            0.8876941176802944 -1.8058638597533863 1.487399621696583,
            0.987118189890972 -1.8287 1.5448021365513465,
            1.0865422621016494 -1.8058638597533863 1.60220465140611,
            1.1708299205997097 -1.7408320343559645 1.6508681537293284,
            1.2271491334483517 -1.643505029709527 1.6833840664280393,
            1.246925811026304 -1.5287000000000002 1.694802136551346,
            1.2271491334483517 -1.4138949702904733 1.6833840664280393,
            1.1708299205997097 -1.3165679656440359 1.6508681537293284,
            1.0865422621016494 -1.251536140246614 1.60220465140611,
            0.987118189890972 -1.2287000000000001 1.5448021365513465,
            0.8876941176802944 -1.251536140246614 1.4873996216965828,
            0.8034064591822334 -1.3165679656440359 1.4387361193733643,
            0.7470872463335918 -1.4138949702904728 1.4062202066746534,
            0.7473404420042511 -1.5287000000000002 1.3805538826421464,
            0.7693984596412147 -1.643505029709527 1.3864643106546022,
            0.8322143793233057 -1.7408320343559645 1.4032957856052366,
            0.9262250467066557 -1.8058638597533863 1.4284858680105161,
            1.0371181898909718 -1.8287 1.4581995961729024,
            1.1480113330752877 -1.8058638597533863 1.4879133243352887,
            1.242022000458638 -1.7408320343559645 1.5131034067405682,
            1.304837920140728 -1.643505029709527 1.5299348816912028,
            1.3268959377776923 -1.5287000000000002 1.5358453097036586,
            1.304837920140728 -1.4138949702904733 1.5299348816912028,
            1.242022000458638 -1.3165679656440359 1.5131034067405682,
            1.1480113330752877 -1.251536140246614 1.4879133243352887,
            1.0371181898909718 -1.2287000000000001 1.4581995961729024,
            0.9262250467066557 -1.251536140246614 1.4284858680105161,
            0.8322143793233059 -1.3165679656440359 1.4032957856052366,
            0.7693984596412147 -1.4138949702904728 1.3864643106546022,
            0.7630000944012236 -1.5287000000000002 1.3616070135439955,
            0.7858362346478374 -1.643505029709527 1.3616070135439955,
            0.8508680600452594 -1.7408320343559645 1.3616070135439955,
            0.9481950646916966 -1.8058638597533863 1.3616070135439955,
            1.0630000944012234 -1.8287 1.3616070135439955,
            1.1778051241107503 -1.8058638597533863 1.3616070135439955,
            1.2751321287571882 -1.7408320343559645 1.3616070135439955,
            1.34016395415461 -1.643505029709527 1.3616070135439957,
            1.3630000944012242 -1.5287000000000002 1.3616070135439955,
            1.34016395415461 -1.4138949702904733 1.3616070135439957,
            1.2751321287571882 -1.3165679656440359 1.3616070135439955,
            1.1778051241107512 -1.251536140246614 1.3616070135439955,
            1.0630000944012234 -1.2287000000000001 1.3616070135439955,
            0.9481950646916966 -1.251536140246614 1.3616070135439955,
            0.8508680600452596 -1.3165679656440359 1.3616070135439955,
            0.7858362346478376 -1.4138949702904728 1.3616070135439957,
            0.7630000944012236 -1.5287000000000002 0.4000000135439956,
            0.7858362346478374 -1.643505029709527 0.4000000135439955,
            0.8508680600452594 -1.7408320343559645 0.4000000135439955,
            0.9481950646916966 -1.8058638597533863 0.4000000135439955,
            1.0630000944012234 -1.8287 0.4000000135439955,
            1.1778051241107503 -1.8058638597533863 0.4000000135439955,
            1.2751321287571882 -1.7408320343559645 0.4000000135439955,
            1.34016395415461 -1.643505029709527 0.4000000135439956,
            1.3630000944012242 -1.5287000000000002 0.4000000135439954,
            1.34016395415461 -1.4138949702904733 0.4000000135439956,
            1.2751321287571882 -1.3165679656440359 0.4000000135439955,
            1.1778051241107512 -1.251536140246614 0.4000000135439954,
            1.0630000944012234 -1.2287000000000001 0.4000000135439955,
            0.9481950646916966 -1.251536140246614 0.4000000135439954,
            0.8508680600452596 -1.3165679656440359 0.4000000135439955,
            0.7858362346478376 -1.4138949702904728 0.4000000135439956,
            0.9330000954012239 -1.5287000000000002 0.10000001354399557,
            0.9428957560986357 -1.5784488458247785 0.10000001354399546,
            0.9710762135540789 -1.6206238808471447 0.10000001354399546,
            1.013251248576445 -1.6488043383025879 0.10000001354399546,
            1.0630000944012234 -1.658699999 0.10000001354399546,
            1.1127489402260018 -1.6488043383025879 0.10000001354399546,
            1.1549239752483684 -1.6206238808471447 0.10000001354399546,
            1.1831044327038116 -1.5784488458247785 0.10000001354399568,
            1.1930000934012241 -1.5287000000000002 0.10000001354399546,
            1.1831044327038116 -1.4789511541752218 0.10000001354399568,
            1.1549239752483684 -1.436776119152856 0.10000001354399546,
            1.1127489402260018 -1.4085956616974125 0.10000001354399546,
            1.0630000944012234 -1.3987000010000004 0.10000001354399546,
            1.013251248576445 -1.4085956616974125 0.10000001354399535,
            0.9710762135540789 -1.4367761191528556 0.10000001354399546,
            0.9428957560986357 -1.4789511541752218 0.10000001354399568,
            -0.7042753830550181 1.5287000000000002 1.4153807803140368,
            -0.7204229726795262 1.4138949702904733 1.4315283699385446,
            -0.7664074174109825 1.3165679656440359 1.4775128146700012,
            -0.835228002389053 1.251536140246614 1.5463333996480717,
            -0.9164074174109824 1.2287000000000001 1.627512814670001,
            -0.9975868324329122 1.251536140246614 1.7086922296919305,
            -1.0664074174109823 1.3165679656440359 1.777512814670001,
            -1.1123918621424391 1.4138949702904733 1.8234972594014573,
            -1.1285394517669467 1.5287000000000002 1.839644849025965,
            -1.1123918621424391 1.643505029709527 1.8234972594014573,
            -1.0664074174109823 1.7408320343559645 1.777512814670001,
            -0.9975868324329122 1.8058638597533863 1.7086922296919305,
            -0.9164074174109824 1.8287 1.627512814670001,
            -0.835228002389053 1.8058638597533863 1.5463333996480715,
            -0.7664074174109825 1.7408320343559645 1.4775128146700012,
            -0.7204229726795262 1.6435050297095275 1.4315283699385448,
            0.31425498463568924 1.5287000000000002 2.884499726683459,
            0.311050246730664 1.5063026497848973 2.8875945061045414,
            0.30192392531060636 1.4873150931075587 2.896407692255172,
            0.28826542008141065 1.474628013349479 2.9095975574356503,
            0.27215411464956385 1.4701729033951616 2.9251560642386725,
            0.25604280921771694 1.474628013349479 2.9407145710416955,
            0.24238430398852123 1.4873150931075587 2.9539044362221736,
            0.2332579825684638 1.5063026497848973 2.962717622372805,
            0.23005324466343824 1.5287000000000002 2.9658124017938863,
            0.2332579825684638 1.5510973502151026 2.962717622372805,
            0.24238430398852123 1.5700849068924416 2.9539044362221736,
            0.25604280921771694 1.582771986650521 2.9407145710416955,
            0.27215411464956385 1.5872270966048387 2.9251560642386725,
            0.28826542008141065 1.582771986650521 2.9095975574356503,
            0.30192392531060636 1.5700849068924416 2.896407692255172,
            0.311050246730664 1.551097350215103 2.8875945061045414,
            0.3428789255685774 1.5287000000000002 2.8331254185821417,
            0.33659260603897867 1.4847660171779822 2.839196046786726,
            0.31869068261293654 1.4475205849780708 2.8564837332867103,
            0.29189856085072535 1.4226339828220178 2.882356584525742,
            0.2602950984194531 1.4138949702904733 2.912875693440659,
            0.22869163598818107 1.4226339828220178 2.943394802355575,
            0.20189951422596997 1.4475205849780708 2.9692676535946068,
            0.1839975907999276 1.4847660171779822 2.986555340094592,
            0.17771127127032918 1.5287000000000002 2.992625968299176,
            0.1839975907999276 1.5726339828220177 2.986555340094592,
            0.20189951422596997 1.6098794150219295 2.9692676535946068,
            0.22869163598818107 1.634766017177982 2.943394802355575,
            0.2602950984194531 1.643505029709527 2.912875693440659,
            0.29189856085072535 1.634766017177982 2.882356584525742,
            0.31869068261293654 1.6098794150219295 2.8564837332867103,
            0.33659260603897867 1.5726339828220182 2.839196046786726,
            0.36093023519184364 1.5287000000000002 2.777153999551502,
            0.35180391377178594 1.4649177428924558 2.785967185702134,
            0.32581434921750746 1.410845756241935 2.811065016454324,
            0.28691821713640747 1.3747160098521993 2.848626574588456,
            0.24103710104351803 1.3620289300941195 2.892933453374979,
            0.19515598495062858 1.3747160098521993 2.9372403321615024,
            0.15625985286952848 1.410845756241935 2.974801890295634,
            0.13027028831524984 1.4649177428924558 2.999899721047825,
            0.1211439668951923 1.5287000000000002 3.0087129071984555,
            0.13027028831524984 1.592482257107544 2.999899721047825,
            0.15625985286952848 1.6465542437580654 2.974801890295634,
            0.19515598495062858 1.682683990147801 2.9372403321615024,
            0.24103710104351803 1.6953710699058808 2.892933453374979,
            0.28691821713640747 1.682683990147801 2.848626574588456,
            0.32581434921750746 1.6465542437580654 2.811065016454324,
            0.35180391377178594 1.5924822571075445 2.785967185702134,
            0.3677152117999572 1.5287000000000002 2.7187364198357535,
            0.3560996079035134 1.4475205849780708 2.7299534781311543,
            0.32302116661170366 1.3787000000000003 2.761896957574771,
            0.27351578075438926 1.3327155552685435 2.8097037529896722,
            0.21512019656090614 1.3165679656440359 2.8660957131436193,
            0.15672461236742263 1.3327155552685435 2.9224876732975673,
            0.1072192265101084 1.3787000000000003 2.9702944687124684,
            0.07414078521829848 1.4475205849780703 3.0022379481560844,
            0.06252518132185492 1.5287000000000002 3.0134550064514856,
            0.07414078521829848 1.6098794150219295 3.0022379481560844,
            0.1072192265101084 1.6787 2.9702944687124684,
            0.15672461236742263 1.7246844447314564 2.9224876732975673,
            0.21512019656090614 1.7408320343559645 2.8660957131436193,
            0.27351578075438926 1.7246844447314564 2.8097037529896722,
            0.32302116661170366 1.6787 2.761896957574771,
            0.3560996079035134 1.6098794150219295 2.7299534781311543,
            0.3629731125469271 1.5287000000000002 2.6601176342624164,
            0.3493146073177314 1.4332431064570375 2.6733074994428936,
            0.31041847523663146 1.3523186596370964 2.7108690575770256,
            0.25220629981865905 1.2982466729865751 2.767083901935262,
            0.18354035707651645 1.2792591163092364 2.833393832052894,
            0.11487441433437401 1.2982466729865751 2.8997037621705255,
            0.05666223891640154 1.3523186596370964 2.9559186065287624,
            0.017766106835301665 1.4332431064570375 2.993480164662894,
            0.0041076016061060705 1.5287000000000002 3.006670029843371,
            0.017766106835301665 1.6241568935429624 2.993480164662894,
            0.05666223891640154 1.705081340362904 2.9559186065287624,
            0.11487441433437373 1.7591533270134248 2.8997037621705255,
            0.18354035707651645 1.7781408836907637 2.833393832052894,
            0.25220629981865905 1.7591533270134248 2.767083901935262,
            0.31041847523663146 1.705081340362904 2.7108690575770256,
            0.3493146073177314 1.6241568935429629 2.6733074994428936,
            0.34688617364764723 1.5287000000000002 2.6035503298872786,
            0.3317096557818799 1.4226339828220178 2.6182061228309097,
            0.2884905894541638 1.3327155552685435 2.659942290041228,
            0.22380868573108223 1.272633982822018 2.7224048783997596,
            0.14751117811155645 1.2515361402466139 2.796084525053693,
            0.07121367049203092 1.272633982822018 2.8697641717076254,
            0.006531766768949343 1.3327155552685435 2.932226760066157,
            -0.03668729955876665 1.4226339828220178 2.973962927276475,
            -0.051863817424534164 1.5287000000000002 2.988618720220106,
            -0.03668729955876665 1.634766017177982 2.973962927276475,
            0.006531766768949343 1.7246844447314564 2.932226760066157,
            0.0712136704920307 1.784766017177982 2.869764171707626,
            0.14751117811155645 1.8058638597533863 2.796084525053693,
            0.22380868573108223 1.784766017177982 2.7224048783997596,
            0.2884905894541638 1.7246844447314564 2.659942290041228,
            0.3317096557818799 1.6347660171779825 2.6182061228309097,
            0.32007260714235763 1.5287000000000002 2.55120835649417,
            0.3039613017105109 1.4161009167446403 2.5667668632971927,
            0.25808018561762136 1.320644023201678 2.611073742083717,
            0.18941424287547884 1.2568617660941337 2.677383672201349,
            0.10841724080825343 1.2344644158790308 2.7556015678906944,
            0.02742023874102789 1.2568617660941337 2.833819463580039,
            -0.04124570400111438 1.320644023201678 2.9001293936976706,
            -0.08712682009400396 1.4161009167446403 2.944436272484194,
            -0.1032381255258511 1.5287000000000002 2.9599947792872174,
            -0.08712682009400396 1.6412990832553596 2.944436272484194,
            -0.0412457040011146 1.7367559767983223 2.90012939369767,
            0.02742023874102767 1.8005382339058662 2.833819463580039,
            0.10841724080825343 1.8229355841209691 2.7556015678906944,
            0.18941424287547906 1.8005382339058662 2.6773836722013487,
            0.25808018561762136 1.7367559767983223 2.611073742083717,
            0.3039613017105109 1.64129908325536 2.5667668632971927,
            0.28356284335463544 1.5287000000000002 2.505103186766869,
            0.26713589878913047 1.4138949702904733 2.5209665027381556,
            0.22035591849209116 1.3165679656440359 2.566141404596702,
            0.1503447304021639 1.251536140246614 2.6337504230460524,
            0.06776090325303996 1.2287000000000001 2.7135006979045686,
            -0.014822923896084028 1.251536140246614 2.793250972763085,
            -0.0848341119860111 1.3165679656440359 2.860859991212434,
            -0.13161409228305054 1.4138949702904733 2.906034893070981,
            -0.14804103684855552 1.5287000000000002 2.9218982090422676,
            -0.13161409228305054 1.643505029709527 2.906034893070981,
            -0.08483411198601121 1.7408320343559645 2.860859991212434,
            -0.014822923896084028 1.8058638597533863 2.793250972763085,
            0.06776090325303996 1.8287 2.7135006979045686,
            0.1503447304021639 1.8058638597533863 2.6337504230460524,
            0.22035591849209116 1.7408320343559645 2.566141404596702,
            0.26713589878913047 1.643505029709527 2.5209665027381556,
            0.2761584143907393 1.5287000000000002 2.929302638006164,
            -0.727310474394306 1.5287000000000002 1.3948021365513465,
            -0.7470871519722577 1.4138949702904733 1.4062202066746532,
            -0.8034063648208989 1.3165679656440359 1.438736119373364,
            -0.8876940233189601 1.251536140246614 1.487399621696583,
            -0.9871180955296375 1.2287000000000001 1.5448021365513465,
            -1.0865421677403149 1.251536140246614 1.60220465140611,
            -1.170829826238376 1.3165679656440359 1.6508681537293284,
            -1.2271490390870172 1.4138949702904733 1.6833840664280393,
            -1.2469257166649694 1.5287000000000002 1.694802136551346,
            -1.2271490390870172 1.643505029709527 1.6833840664280393,
            -1.170829826238376 1.7408320343559645 1.6508681537293284,
            -1.0865421677403158 1.8058638597533863 1.60220465140611,
            -0.9871180955296375 1.8287 1.5448021365513465,
            -0.8876940233189601 1.8058638597533863 1.4873996216965828,
            -0.8034063648208993 1.7408320343559645 1.4387361193733643,
            -0.7470871519722577 1.6435050297095275 1.4062202066746534,
            -0.7473403476429168 1.5287000000000002 1.3805538826421464,
            -0.7693983652798806 1.4138949702904733 1.3864643106546022,
            -0.8322142849619716 1.3165679656440359 1.4032957856052366,
            -0.9262249523453214 1.251536140246614 1.4284858680105161,
            -1.0371180955296373 1.2287000000000001 1.4581995961729024,
            -1.1480112387139532 1.251536140246614 1.4879133243352887,
            -1.2420219060973035 1.3165679656440359 1.5131034067405682,
            -1.3048378257793944 1.4138949702904733 1.5299348816912028,
            -1.3268958434163578 1.5287000000000002 1.5358453097036586,
            -1.3048378257793944 1.643505029709527 1.5299348816912028,
            -1.2420219060973035 1.7408320343559645 1.5131034067405682,
            -1.148011238713954 1.8058638597533863 1.4879133243352887,
            -1.0371180955296373 1.8287 1.4581995961729024,
            -0.9262249523453214 1.8058638597533863 1.4284858680105161,
            -0.8322142849619716 1.7408320343559645 1.4032957856052366,
            -0.7693983652798806 1.6435050297095275 1.3864643106546022,
            -0.7630000000398895 1.5287000000000002 1.3616070135439955,
            -0.7858361402865033 1.4138949702904733 1.3616070135439955,
            -0.8508679656839251 1.3165679656440359 1.3616070135439955,
            -0.9481949703303625 1.251536140246614 1.3616070135439955,
            -1.0630000000398898 1.2287000000000001 1.3616070135439955,
            -1.1778050297494167 1.251536140246614 1.3616070135439955,
            -1.2751320343958537 1.3165679656440359 1.3616070135439955,
            -1.3401638597932755 1.4138949702904733 1.3616070135439957,
            -1.3630000000398896 1.5287000000000002 1.3616070135439955,
            -1.3401638597932755 1.643505029709527 1.3616070135439957,
            -1.2751320343958537 1.7408320343559645 1.3616070135439955,
            -1.1778050297494167 1.8058638597533863 1.3616070135439955,
            -1.0630000000398898 1.8287 1.3616070135439955,
            -0.9481949703303625 1.8058638597533863 1.3616070135439955,
            -0.8508679656839255 1.7408320343559645 1.3616070135439955,
            -0.7858361402865033 1.6435050297095275 1.3616070135439957,
            -0.7630000000398895 1.5287000000000002 0.4000000135439955,
            -0.7858361402865033 1.4138949702904733 0.4000000135439955,
            -0.8508679656839251 1.3165679656440359 0.4000000135439954,
            -0.9481949703303625 1.251536140246614 0.4000000135439954,
            -1.0630000000398898 1.2287000000000001 0.4000000135439955,
            -1.1778050297494167 1.251536140246614 0.4000000135439955,
            -1.2751320343958537 1.3165679656440359 0.4000000135439955,
            -1.3401638597932755 1.4138949702904733 0.4000000135439956,
            -1.3630000000398896 1.5287000000000002 0.4000000135439954,
            -1.3401638597932755 1.643505029709527 0.4000000135439956,
            -1.2751320343958537 1.7408320343559645 0.4000000135439955,
            -1.1778050297494167 1.8058638597533863 0.4000000135439954,
            -1.0630000000398898 1.8287 0.4000000135439955,
            -0.9481949703303625 1.8058638597533863 0.4000000135439953,
            -0.8508679656839255 1.7408320343559645 0.4000000135439954,
            -0.7858361402865033 1.6435050297095275 0.4000000135439956,
            -0.9330000010398896 1.5287000000000002 0.10000001354399557,
            -0.9428956617373017 1.4789511541752218 0.10000001354399546,
            -0.9710761191927448 1.4367761191528556 0.10000001354399546,
            -1.0132511542151115 1.4085956616974125 0.10000001354399546,
            -1.0630000000398898 1.3987000010000004 0.10000001354399546,
            -1.1127488458646682 1.4085956616974125 0.10000001354399546,
            -1.154923880887034 1.4367761191528556 0.10000001354399546,
            -1.183104338342477 1.4789511541752218 0.10000001354399568,
            -1.1929999990398896 1.5287000000000002 0.10000001354399546,
            -1.183104338342477 1.5784488458247785 0.10000001354399568,
            -1.154923880887034 1.6206238808471443 0.10000001354399546,
            -1.1127488458646682 1.6488043383025879 0.10000001354399546,
            -1.0630000000398898 1.658699999 0.10000001354399546,
            -1.0132511542151115 1.6488043383025879 0.10000001354399535,
            -0.9710761191927448 1.6206238808471447 0.10000001354399546,
            -0.9428956617373017 1.5784488458247785 0.10000001354399568 ]
        }
        coordIndex [
          0, 1, 17, 16, -1,
          0, 15, 50, 49, -1,
          0, 16, 31, 15, -1,
          0, 49, 48, 1, -1,
          1, 2, 18, 17, -1,
          1, 48, 63, 2, -1,
          2, 3, 19, 18, -1,
          2, 63, 62, 3, -1,
          3, 4, 20, 19, -1,
          3, 62, 61, 4, -1,
          4, 5, 21, 20, -1,
          4, 61, 60, 5, -1,
          5, 6, 22, 21, -1,
          5, 60, 59, 6, -1,
          6, 7, 23, 22, -1,
          6, 59, 58, 7, -1,
          7, 8, 24, 23, -1,
          7, 58, 57, 8, -1,
          8, 9, 25, 24, -1,
          8, 57, 56, 9, -1,
          9, 10, 26, 25, -1,
          9, 56, 55, 10, -1,
          10, 11, 27, 26, -1,
          10, 55, 54, 11, -1,
          11, 12, 28, 27, -1,
          11, 54, 53, 12, -1,
          12, 13, 29, 28, -1,
          12, 53, 52, 13, -1,
          13, 14, 30, 29, -1,
          13, 52, 51, 14, -1,
          14, 15, 31, 30, -1,
          14, 51, 50, 15, -1,
          16, 17, 33, 32, -1,
          16, 32, 47, 31, -1,
          17, 18, 34, 33, -1,
          18, 19, 35, 34, -1,
          19, 20, 36, 35, -1,
          20, 21, 37, 36, -1,
          21, 22, 38, 37, -1,
          22, 23, 39, 38, -1,
          23, 24, 40, 39, -1,
          24, 25, 41, 40, -1,
          25, 26, 42, 41, -1,
          26, 27, 43, 42, -1,
          27, 28, 44, 43, -1,
          28, 29, 45, 44, -1,
          29, 30, 46, 45, -1,
          30, 31, 47, 46, -1,
          32, 33, 65, 64, -1,
          32, 64, 79, 47, -1,
          33, 34, 66, 65, -1,
          34, 35, 67, 66, -1,
          35, 36, 68, 67, -1,
          36, 37, 69, 68, -1,
          37, 38, 70, 69, -1,
          38, 39, 71, 70, -1,
          39, 40, 72, 71, -1,
          40, 41, 73, 72, -1,
          41, 42, 74, 73, -1,
          42, 43, 75, 74, -1,
          43, 44, 76, 75, -1,
          44, 45, 77, 76, -1,
          45, 46, 78, 77, -1,
          46, 47, 79, 78, -1,
          48, 49, 81, 80, -1,
          48, 80, 95, 63, -1,
          49, 50, 82, 81, -1,
          50, 51, 83, 82, -1,
          51, 52, 84, 83, -1,
          52, 53, 85, 84, -1,
          53, 54, 86, 85, -1,
          54, 55, 87, 86, -1,
          55, 56, 88, 87, -1,
          56, 57, 89, 88, -1,
          57, 58, 90, 89, -1,
          58, 59, 91, 90, -1,
          59, 60, 92, 91, -1,
          60, 61, 93, 92, -1,
          61, 62, 94, 93, -1,
          62, 63, 95, 94, -1,
          64, 65, 66, 67, 68, 69, 70, 71, 72, 73, 74, 75, 76, 77, 78, 79, -1,
          80, 81, 82, 83, 84, 85, 86, 87, 88, 89, 90, 91, 92, 93, 94, 95, -1,
          96, 97, 225, 224, -1,
          96, 111, 256, 241, -1,
          96, 224, 239, 111, -1,
          96, 241, 242, 97, -1,
          97, 98, 226, 225, -1,
          97, 242, 243, 98, -1,
          98, 99, 227, 226, -1,
          98, 243, 244, 99, -1,
          99, 100, 228, 227, -1,
          99, 244, 245, 100, -1,
          100, 101, 229, 228, -1,
          100, 245, 246, 101, -1,
          101, 102, 230, 229, -1,
          101, 246, 247, 102, -1,
          102, 103, 231, 230, -1,
          102, 247, 248, 103, -1,
          103, 104, 232, 231, -1,
          103, 248, 249, 104, -1,
          104, 105, 233, 232, -1,
          104, 249, 250, 105, -1,
          105, 106, 234, 233, -1,
          105, 250, 251, 106, -1,
          106, 107, 235, 234, -1,
          106, 251, 252, 107, -1,
          107, 108, 236, 235, -1,
          107, 252, 253, 108, -1,
          108, 109, 237, 236, -1,
          108, 253, 254, 109, -1,
          109, 110, 238, 237, -1,
          109, 254, 255, 110, -1,
          110, 111, 239, 238, -1,
          110, 255, 256, 111, -1,
          112, 113, 240, -1,
          112, 127, 143, 128, -1,
          112, 128, 129, 113, -1,
          112, 240, 127, -1,
          113, 114, 240, -1,
          113, 129, 130, 114, -1,
          114, 115, 240, -1,
          114, 130, 131, 115, -1,
          115, 116, 240, -1,
          115, 131, 132, 116, -1,
          116, 117, 240, -1,
          116, 132, 133, 117, -1,
          117, 118, 240, -1,
          117, 133, 134, 118, -1,
          118, 119, 240, -1,
          118, 134, 135, 119, -1,
          119, 120, 240, -1,
          119, 135, 136, 120, -1,
          120, 121, 240, -1,
          120, 136, 137, 121, -1,
          121, 122, 240, -1,
          121, 137, 138, 122, -1,
          122, 123, 240, -1,
          122, 138, 139, 123, -1,
          123, 124, 240, -1,
          123, 139, 140, 124, -1,
          124, 125, 240, -1,
          124, 140, 141, 125, -1,
          125, 126, 240, -1,
          125, 141, 142, 126, -1,
          126, 127, 240, -1,
          126, 142, 143, 127, -1,
          128, 143, 159, 144, -1,
          128, 144, 145, 129, -1,
          129, 145, 146, 130, -1,
          130, 146, 147, 131, -1,
          131, 147, 148, 132, -1,
          132, 148, 149, 133, -1,
          133, 149, 150, 134, -1,
          134, 150, 151, 135, -1,
          135, 151, 152, 136, -1,
          136, 152, 153, 137, -1,
          137, 153, 154, 138, -1,
          138, 154, 155, 139, -1,
          139, 155, 156, 140, -1,
          140, 156, 157, 141, -1,
          141, 157, 158, 142, -1,
          142, 158, 159, 143, -1,
          144, 159, 175, 160, -1,
          144, 160, 161, 145, -1,
          145, 161, 162, 146, -1,
          146, 162, 163, 147, -1,
          147, 163, 164, 148, -1,
          148, 164, 165, 149, -1,
          149, 165, 166, 150, -1,
          150, 166, 167, 151, -1,
          151, 167, 168, 152, -1,
          152, 168, 169, 153, -1,
          153, 169, 170, 154, -1,
          154, 170, 171, 155, -1,
          155, 171, 172, 156, -1,
          156, 172, 173, 157, -1,
          157, 173, 174, 158, -1,
          158, 174, 175, 159, -1,
          160, 175, 191, 176, -1,
          160, 176, 177, 161, -1,
          161, 177, 178, 162, -1,
          162, 178, 179, 163, -1,
          163, 179, 180, 164, -1,
          164, 180, 181, 165, -1,
          165, 181, 182, 166, -1,
          166, 182, 183, 167, -1,
          167, 183, 184, 168, -1,
          168, 184, 185, 169, -1,
          169, 185, 186, 170, -1,
          170, 186, 187, 171, -1,
          171, 187, 188, 172, -1,
          172, 188, 189, 173, -1,
          173, 189, 190, 174, -1,
          174, 190, 191, 175, -1,
          176, 191, 207, 192, -1,
          176, 192, 193, 177, -1,
          177, 193, 194, 178, -1,
          178, 194, 195, 179, -1,
          179, 195, 196, 180, -1,
          180, 196, 197, 181, -1,
          181, 197, 198, 182, -1,
          182, 198, 199, 183, -1,
          183, 199, 200, 184, -1,
          184, 200, 201, 185, -1,
          185, 201, 202, 186, -1,
          186, 202, 203, 187, -1,
          187, 203, 204, 188, -1,
          188, 204, 205, 189, -1,
          189, 205, 206, 190, -1,
          190, 206, 207, 191, -1,
          192, 207, 223, 208, -1,
          192, 208, 209, 193, -1,
          193, 209, 210, 194, -1,
          194, 210, 211, 195, -1,
          195, 211, 212, 196, -1,
          196, 212, 213, 197, -1,
          197, 213, 214, 198, -1,
          198, 214, 215, 199, -1,
          199, 215, 216, 200, -1,
          200, 216, 217, 201, -1,
          201, 217, 218, 202, -1,
          202, 218, 219, 203, -1,
          203, 219, 220, 204, -1,
          204, 220, 221, 205, -1,
          205, 221, 222, 206, -1,
          206, 222, 223, 207, -1,
          208, 223, 239, 224, -1,
          208, 224, 225, 209, -1,
          209, 225, 226, 210, -1,
          210, 226, 227, 211, -1,
          211, 227, 228, 212, -1,
          212, 228, 229, 213, -1,
          213, 229, 230, 214, -1,
          214, 230, 231, 215, -1,
          215, 231, 232, 216, -1,
          216, 232, 233, 217, -1,
          217, 233, 234, 218, -1,
          218, 234, 235, 219, -1,
          219, 235, 236, 220, -1,
          220, 236, 237, 221, -1,
          221, 237, 238, 222, -1,
          222, 238, 239, 223, -1,
          241, 256, 272, 257, -1,
          241, 257, 258, 242, -1,
          242, 258, 259, 243, -1,
          243, 259, 260, 244, -1,
          244, 260, 261, 245, -1,
          245, 261, 262, 246, -1,
          246, 262, 263, 247, -1,
          247, 263, 264, 248, -1,
          248, 264, 265, 249, -1,
          249, 265, 266, 250, -1,
          250, 266, 267, 251, -1,
          251, 267, 268, 252, -1,
          252, 268, 269, 253, -1,
          253, 269, 270, 254, -1,
          254, 270, 271, 255, -1,
          255, 271, 272, 256, -1,
          257, 272, 288, 273, -1,
          257, 273, 274, 258, -1,
          258, 274, 275, 259, -1,
          259, 275, 276, 260, -1,
          260, 276, 277, 261, -1,
          261, 277, 278, 262, -1,
          262, 278, 279, 263, -1,
          263, 279, 280, 264, -1,
          264, 280, 281, 265, -1,
          265, 281, 282, 266, -1,
          266, 282, 283, 267, -1,
          267, 283, 284, 268, -1,
          268, 284, 285, 269, -1,
          269, 285, 286, 270, -1,
          270, 286, 287, 271, -1,
          271, 287, 288, 272, -1,
          273, 288, 304, 289, -1,
          273, 289, 290, 274, -1,
          274, 290, 291, 275, -1,
          275, 291, 292, 276, -1,
          276, 292, 293, 277, -1,
          277, 293, 294, 278, -1,
          278, 294, 295, 279, -1,
          279, 295, 296, 280, -1,
          280, 296, 297, 281, -1,
          281, 297, 298, 282, -1,
          282, 298, 299, 283, -1,
          283, 299, 300, 284, -1,
          284, 300, 301, 285, -1,
          285, 301, 302, 286, -1,
          286, 302, 303, 287, -1,
          287, 303, 304, 288, -1,
          289, 304, 320, 305, -1,
          289, 305, 306, 290, -1,
          290, 306, 307, 291, -1,
          291, 307, 308, 292, -1,
          292, 308, 309, 293, -1,
          293, 309, 310, 294, -1,
          294, 310, 311, 295, -1,
          295, 311, 312, 296, -1,
          296, 312, 313, 297, -1,
          297, 313, 314, 298, -1,
          298, 314, 315, 299, -1,
          299, 315, 316, 300, -1,
          300, 316, 317, 301, -1,
          301, 317, 318, 302, -1,
          302, 318, 319, 303, -1,
          303, 319, 320, 304, -1,
          305, 320, 319, 318, 317, 316, 315, 314, 313, 312, 311, 310, 309, 308, 307, 306, -1,
          321, 322, 467, 466, -1,
          321, 336, 464, 449, -1,
          321, 449, 450, 322, -1,
          321, 466, 481, 336, -1,
          322, 323, 468, 467, -1,
          322, 450, 451, 323, -1,
          323, 324, 469, 468, -1,
          323, 451, 452, 324, -1,
          324, 325, 470, 469, -1,
          324, 452, 453, 325, -1,
          325, 326, 471, 470, -1,
          325, 453, 454, 326, -1,
          326, 327, 472, 471, -1,
          326, 454, 455, 327, -1,
          327, 328, 473, 472, -1,
          327, 455, 456, 328, -1,
          328, 329, 474, 473, -1,
          328, 456, 457, 329, -1,
          329, 330, 475, 474, -1,
          329, 457, 458, 330, -1,
          330, 331, 476, 475, -1,
          330, 458, 459, 331, -1,
          331, 332, 477, 476, -1,
          331, 459, 460, 332, -1,
          332, 333, 478, 477, -1,
          332, 460, 461, 333, -1,
          333, 334, 479, 478, -1,
          333, 461, 462, 334, -1,
          334, 335, 480, 479, -1,
          334, 462, 463, 335, -1,
          335, 336, 481, 480, -1,
          335, 463, 464, 336, -1,
          337, 338, 354, 353, -1,
          337, 352, 465, -1,
          337, 353, 368, 352, -1,
          337, 465, 338, -1,
          338, 339, 355, 354, -1,
          338, 465, 339, -1,
          339, 340, 356, 355, -1,
          339, 465, 340, -1,
          340, 341, 357, 356, -1,
          340, 465, 341, -1,
          341, 342, 358, 357, -1,
          341, 465, 342, -1,
          342, 343, 359, 358, -1,
          342, 465, 343, -1,
          343, 344, 360, 359, -1,
          343, 465, 344, -1,
          344, 345, 361, 360, -1,
          344, 465, 345, -1,
          345, 346, 362, 361, -1,
          345, 465, 346, -1,
          346, 347, 363, 362, -1,
          346, 465, 347, -1,
          347, 348, 364, 363, -1,
          347, 465, 348, -1,
          348, 349, 365, 364, -1,
          348, 465, 349, -1,
          349, 350, 366, 365, -1,
          349, 465, 350, -1,
          350, 351, 367, 366, -1,
          350, 465, 351, -1,
          351, 352, 368, 367, -1,
          351, 465, 352, -1,
          353, 354, 370, 369, -1,
          353, 369, 384, 368, -1,
          354, 355, 371, 370, -1,
          355, 356, 372, 371, -1,
          356, 357, 373, 372, -1,
          357, 358, 374, 373, -1,
          358, 359, 375, 374, -1,
          359, 360, 376, 375, -1,
          360, 361, 377, 376, -1,
          361, 362, 378, 377, -1,
          362, 363, 379, 378, -1,
          363, 364, 380, 379, -1,
          364, 365, 381, 380, -1,
          365, 366, 382, 381, -1,
          366, 367, 383, 382, -1,
          367, 368, 384, 383, -1,
          369, 370, 386, 385, -1,
          369, 385, 400, 384, -1,
          370, 371, 387, 386, -1,
          371, 372, 388, 387, -1,
          372, 373, 389, 388, -1,
          373, 374, 390, 389, -1,
          374, 375, 391, 390, -1,
          375, 376, 392, 391, -1,
          376, 377, 393, 392, -1,
          377, 378, 394, 393, -1,
          378, 379, 395, 394, -1,
          379, 380, 396, 395, -1,
          380, 381, 397, 396, -1,
          381, 382, 398, 397, -1,
          382, 383, 399, 398, -1,
          383, 384, 400, 399, -1,
          385, 386, 402, 401, -1,
          385, 401, 416, 400, -1,
          386, 387, 403, 402, -1,
          387, 388, 404, 403, -1,
          388, 389, 405, 404, -1,
          389, 390, 406, 405, -1,
          390, 391, 407, 406, -1,
          391, 392, 408, 407, -1,
          392, 393, 409, 408, -1,
          393, 394, 410, 409, -1,
          394, 395, 411, 410, -1,
          395, 396, 412, 411, -1,
          396, 397, 413, 412, -1,
          397, 398, 414, 413, -1,
          398, 399, 415, 414, -1,
          399, 400, 416, 415, -1,
          401, 402, 418, 417, -1,
          401, 417, 432, 416, -1,
          402, 403, 419, 418, -1,
          403, 404, 420, 419, -1,
          404, 405, 421, 420, -1,
          405, 406, 422, 421, -1,
          406, 407, 423, 422, -1,
          407, 408, 424, 423, -1,
          408, 409, 425, 424, -1,
          409, 410, 426, 425, -1,
          410, 411, 427, 426, -1,
          411, 412, 428, 427, -1,
          412, 413, 429, 428, -1,
          413, 414, 430, 429, -1,
          414, 415, 431, 430, -1,
          415, 416, 432, 431, -1,
          417, 418, 434, 433, -1,
          417, 433, 448, 432, -1,
          418, 419, 435, 434, -1,
          419, 420, 436, 435, -1,
          420, 421, 437, 436, -1,
          421, 422, 438, 437, -1,
          422, 423, 439, 438, -1,
          423, 424, 440, 439, -1,
          424, 425, 441, 440, -1,
          425, 426, 442, 441, -1,
          426, 427, 443, 442, -1,
          427, 428, 444, 443, -1,
          428, 429, 445, 444, -1,
          429, 430, 446, 445, -1,
          430, 431, 447, 446, -1,
          431, 432, 448, 447, -1,
          433, 434, 450, 449, -1,
          433, 449, 464, 448, -1,
          434, 435, 451, 450, -1,
          435, 436, 452, 451, -1,
          436, 437, 453, 452, -1,
          437, 438, 454, 453, -1,
          438, 439, 455, 454, -1,
          439, 440, 456, 455, -1,
          440, 441, 457, 456, -1,
          441, 442, 458, 457, -1,
          442, 443, 459, 458, -1,
          443, 444, 460, 459, -1,
          444, 445, 461, 460, -1,
          445, 446, 462, 461, -1,
          446, 447, 463, 462, -1,
          447, 448, 464, 463, -1,
          466, 467, 483, 482, -1,
          466, 482, 497, 481, -1,
          467, 468, 484, 483, -1,
          468, 469, 485, 484, -1,
          469, 470, 486, 485, -1,
          470, 471, 487, 486, -1,
          471, 472, 488, 487, -1,
          472, 473, 489, 488, -1,
          473, 474, 490, 489, -1,
          474, 475, 491, 490, -1,
          475, 476, 492, 491, -1,
          476, 477, 493, 492, -1,
          477, 478, 494, 493, -1,
          478, 479, 495, 494, -1,
          479, 480, 496, 495, -1,
          480, 481, 497, 496, -1,
          482, 483, 499, 498, -1,
          482, 498, 513, 497, -1,
          483, 484, 500, 499, -1,
          484, 485, 501, 500, -1,
          485, 486, 502, 501, -1,
          486, 487, 503, 502, -1,
          487, 488, 504, 503, -1,
          488, 489, 505, 504, -1,
          489, 490, 506, 505, -1,
          490, 491, 507, 506, -1,
          491, 492, 508, 507, -1,
          492, 493, 509, 508, -1,
          493, 494, 510, 509, -1,
          494, 495, 511, 510, -1,
          495, 496, 512, 511, -1,
          496, 497, 513, 512, -1,
          498, 499, 515, 514, -1,
          498, 514, 529, 513, -1,
          499, 500, 516, 515, -1,
          500, 501, 517, 516, -1,
          501, 502, 518, 517, -1,
          502, 503, 519, 518, -1,
          503, 504, 520, 519, -1,
          504, 505, 521, 520, -1,
          505, 506, 522, 521, -1,
          506, 507, 523, 522, -1,
          507, 508, 524, 523, -1,
          508, 509, 525, 524, -1,
          509, 510, 526, 525, -1,
          510, 511, 527, 526, -1,
          511, 512, 528, 527, -1,
          512, 513, 529, 528, -1,
          514, 515, 531, 530, -1,
          514, 530, 545, 529, -1,
          515, 516, 532, 531, -1,
          516, 517, 533, 532, -1,
          517, 518, 534, 533, -1,
          518, 519, 535, 534, -1,
          519, 520, 536, 535, -1,
          520, 521, 537, 536, -1,
          521, 522, 538, 537, -1,
          522, 523, 539, 538, -1,
          523, 524, 540, 539, -1,
          524, 525, 541, 540, -1,
          525, 526, 542, 541, -1,
          526, 527, 543, 542, -1,
          527, 528, 544, 543, -1,
          528, 529, 545, 544, -1,
          530, 531, 532, 533, 534, 535, 536, 537, 538, 539, 540, 541, 542, 543, 544, 545, -1 ]
        normal Normal {
          vector [
            -0.8216055544757065 -8.723667218101947e-18 0.5700564119932927,
            -0.8109269937126551 -0.07463058518085658 0.5803685782532669,
            -0.7805170254982756 -0.13789934029587553 0.6097351432001327,
            -0.7350052918261711 -0.18017417091146837 0.6536853135292928,
            -0.6813205415830237 -0.19501911728872093 0.7055280742174214,
            -0.6276357913398725 -0.18017417091146934 0.7573708349055545,
            -0.5821240576677627 -0.13789934029587153 0.8013210052347204,
            -0.5517140894533789 -0.07463058518085743 0.8306875701815888,
            -0.5410355286903226 3.0183888574632705e-16 0.8409997364415659,
            -0.5517140894533793 0.07463058518085702 0.8306875701815885,
            -0.582124057667765 0.13789934029587161 0.8013210052347186,
            -0.6276357913398717 0.18017417091146995 0.757370834905555,
            -0.681320541583025 0.19501911728872043 0.7055280742174203,
            -0.7350052918261724 0.18017417091146892 0.6536853135292914,
            -0.7805170254982744 0.1378993402958765 0.609735143200134,
            -0.8109269937126545 0.07463058518085655 0.5803685782532676,
            -0.9170067992460196 0.0 0.39887157098064835,
            -0.8960591588593529 -0.1463993786151672 0.41910047216074786,
            -0.8364053260573925 -0.2705107789498453 0.4767075088718184,
            -0.7471270561208968 -0.353439365375724 0.5629225319836892,
            -0.6418161563381583 -0.3825600123589785 0.6646200857687128,
            -0.5365052565554221 -0.35343936537572834 0.7663176395537317,
            -0.4472269866189263 -0.27051077894984704 0.8525326626656023,
            -0.38757315381696295 -0.14639937861516816 0.9101396993766756,
            -0.36662551343029665 3.7765193654311486e-16 0.9303686005567747,
            -0.3875731538169625 0.14639937861516758 0.9101396993766757,
            -0.4472269866189269 0.2705107789498465 0.8525326626656022,
            -0.5365052565554221 0.3534393653757279 0.7663176395537319,
            -0.6418161563381586 0.38256001235897724 0.6646200857687132,
            -0.747127056120897 0.35343936537572374 0.5629225319836892,
            -0.8364053260573918 0.2705107789498457 0.47670750887181934,
            -0.8960591588593529 0.1463993786151672 0.41910047216074786,
            -0.9771942890412203 0.0 0.21234717202078265,
            -0.9467811150992066 -0.21255232974401725 0.24171683270284122,
            -0.8601717233097301 -0.39274549407617326 0.32535455014680736,
            -0.730551608456647 -0.5131467171820023 0.4505272400496334,
            -0.5776542580170687 -0.5554260042834475 0.5981784950668768,
            -0.42475690757749324 -0.5131467171820038 0.7458297500841177,
            -0.29513679272441073 -0.3927454940761756 0.8710024399869434,
            -0.20852740093493174 -0.21255232974401767 0.95464015743091,
            -0.17811422699291768 3.7181544129772813e-16 0.9840098181129675,
            -0.20852740093493133 0.21255232974401708 0.9546401574309102,
            -0.29513679272441073 0.3927454940761753 0.8710024399869436,
            -0.4247569075774929 0.5131467171820041 0.7458297500841177,
            -0.5776542580170686 0.5554260042834476 0.5981784950668768,
            -0.7305516084566469 0.5131467171820028 0.45052724004963296,
            -0.8601717233097298 0.3927454940761738 0.3253545501468078,
            -0.9467811150992066 0.2125523297440173 0.24171683270284125,
            -0.9998444250707481 0.0 0.017638754347887555,
            -0.9611329623442679 -0.2705476122288392 0.05502197935921353,
            -0.8508920434446499 -0.49990680301605017 0.16148039726499275,
            -0.6859048489379427 -0.6531597147105215 0.3208066789870314,
            -0.4912891835751492 -0.7069749807478746 0.508744842429489,
            -0.29667351821235616 -0.6531597147105229 0.6966830058719468,
            -0.1316863237056492 -0.49990680301605367 0.8560092875939838,
            -0.021445404806031944 -0.2705476122288405 0.9624677054997629,
            0.017266057920449045 3.8021729020652244e-16 0.9998509305110876,
            -0.021445404806031552 0.27054761222884 0.9624677054997631,
            -0.13168632370564917 0.49990680301605356 0.8560092875939838,
            -0.2966735182123553 0.6531597147105235 0.6966830058719465,
            -0.49128918357514895 0.7069749807478749 0.508744842429489,
            -0.6859048489379425 0.653159714710522 0.3208066789870307,
            -0.8508920434446494 0.49990680301605106 0.16148039726499325,
            -0.9611329623442679 0.2705476122288392 0.05502197935921353,
            -0.984071101784341 0.0 -0.17777532627716666,
            -0.9385479520081937 -0.31815329635290873 -0.13381413154448,
            -0.8089089895647896 -0.5878706374029009 -0.008623240735249551,
            -0.6148905713060173 -0.7680900029688984 0.17873816788307217,
            -0.3860302426304322 -0.8313746283360967 0.39974601828374334,
            -0.1571699139548484 -0.7680900029688972 0.6207538686844127,
            0.036848504303922364 -0.5878706374029006 0.8081152773027318,
            0.16648746674732567 -0.3181532963529084 0.9333061681119634,
            0.21201061652347372 3.8866596772628495e-16 0.9772673628446499,
            0.16648746674732634 0.3181532963529083 0.9333061681119634,
            0.03684850430392283 0.5878706374029001 0.8081152773027321,
            -0.15716991395484828 0.7680900029688964 0.6207538686844136,
            -0.38603024263043284 0.831374628336096 0.39974601828374406,
            -0.6148905713060177 0.7680900029688983 0.17873816788307156,
            -0.808908989564789 0.5878706374029018 -0.008623240735249857,
            -0.9385479520081936 0.318153296352909 -0.13381413154448035,
            -0.9304652193509717 0.0 -0.3663802336073115,
            -0.8798795517693928 -0.3535343439202114 -0.3175302222576585,
            -0.7358237583537335 -0.6532462887753776 -0.1784171596102301,
            -0.5202290277825108 -0.8535074078568453 0.029780251609956617,
            -0.2659177034140913 -0.9238297611560278 0.2753658428588634,
            -0.011606379045671475 -0.8535074078568439 0.5209514341077672,
            0.20398835152555359 -0.653246288775377 0.7291488453279509,
            0.348044144941213 -0.3535343439202114 0.868261907975379,
            0.3986298125227909 3.8276748571259676e-16 0.9171119193250323,
            0.3480441449412129 0.35353434392021116 0.8682619079753793,
            0.2039883515255542 0.6532462887753764 0.7291488453279513,
            -0.01160637904567006 0.8535074078568439 0.5209514341077673,
            -0.2659177034140907 0.9238297611560281 0.27536584285886273,
            -0.5202290277825113 0.8535074078568451 0.029780251609956135,
            -0.7358237583537335 0.6532462887753778 -0.17841715961022958,
            -0.8798795517693927 0.3535343439202119 -0.31753022225765826,
            -0.8410769283099659 0.0 -0.5409155208206475,
            -0.78737332574608 -0.3753250437578366 -0.4890545546580007,
            -0.6344384047204026 -0.6935102519335363 -0.34136701814749726,
            -0.4055551206005826 -0.9061148109384429 -0.12033699993201107,
            -0.1355688785617244 -0.9807716039291878 0.14038568335725896,
            0.1344173634771341 -0.906114810938442 0.4011083666465303,
            0.36330064759695413 -0.6935102519335353 0.6221383848620162,
            0.5162355686226313 -0.3753250437578379 0.7698259213725175,
            0.5699391711865176 2.7700564641826155e-16 0.8216868875351641,
            0.5162355686226303 0.3753250437578372 0.7698259213725185,
            0.3633006475969531 0.6935102519335348 0.6221383848620173,
            0.13441736347713348 0.9061148109384418 0.40110836664653093,
            -0.13556887856172523 0.9807716039291876 0.14038568335726015,
            -0.40555512060058413 0.9061148109384423 -0.12033699993200989,
            -0.6344384047204035 0.693510251933536 -0.341367018147496,
            -0.7873733257460803 0.3753250437578367 -0.4890545546580001,
            -0.6946583704589961 1.2182345217669194e-16 0.7193398003386523,
            -0.6526038284208878 2.470812141782357e-16 -0.7576993091790439,
            -0.6375180182576734 -0.3668582203259959 -0.6774849242426373,
            -0.5343492616716703 -0.6965551076722819 -0.47883384229458625,
            -0.3049625467209762 -0.9215514552025025 -0.24029307212569906,
            0.001246198133714052 -0.9999961671322545 -0.002472389737037715,
            0.3189389708946431 -0.9231577901084271 0.2146104084306978,
            0.5913949893541809 -0.7055877521934227 0.3903817241129525,
            0.7741192422055888 -0.3814704430937198 0.505192735392074,
            0.8383526686690415 0.0 0.5451282444851822,
            0.7741192422055888 0.3814704430937198 0.505192735392074,
            0.5913949893541812 0.7055877521934225 0.3903817241129524,
            0.31893897089464435 0.9231577901084267 0.2146104084306981,
            0.0012461981337141157 0.9999961671322544 -0.0024723897370379205,
            -0.3049625467209771 0.9215514552025018 -0.24029307212570025,
            -0.5343492616716697 0.6965551076722822 -0.47883384229458603,
            -0.6375180182576736 0.36685822032599746 -0.6774849242426362,
            -0.722580770786075 1.3495027987894355e-16 -0.6912865033328813,
            -0.7167038715245629 -0.3591452288359837 -0.5977878094659105,
            -0.6085917978111144 -0.6932995542856765 -0.38594267924695497,
            -0.34674731609802256 -0.9212749655540377 -0.17612136901076134,
            0.001068005331687336 -0.999991807791792 -0.0039043199043153564,
            0.35940573969197487 -0.9233629766711603 0.13501232384282055,
            0.6660035254647074 -0.7061318148888338 0.24045199951421184,
            0.8716174971802886 -0.3819676306660661 0.3072192502635884,
            0.9439262609311322 0.0 0.33015634769692404,
            0.8716174971802886 0.3819676306660661 0.3072192502635884,
            0.6660035254647076 0.7061318148888334 0.2404519995142123,
            0.3594057396919759 0.9233629766711597 0.13501232384282158,
            0.0010680053316871735 0.999991807791792 -0.0039043199043152744,
            -0.3467473160980238 0.9212749655540371 -0.176121369010762,
            -0.608591797811114 0.6932995542856769 -0.38594267924695475,
            -0.7167038715245622 0.359145228835985 -0.5977878094659106,
            0.8216055544757067 2.0936801323444674e-17 0.5700564119932926,
            0.8109269937126526 -0.07463058518085651 0.5803685782532702,
            0.7805170254982841 -0.13789934029587145 0.6097351432001229,
            0.7350052918261771 -0.18017417091146526 0.6536853135292868,
            0.681320541583018 -0.19501911728872207 0.7055280742174266,
            0.6276357913398659 -0.18017417091146937 0.7573708349055598,
            0.5821240576677549 -0.13789934029587742 0.801321005234725,
            0.5517140894533828 -0.07463058518085795 0.830687570181586,
            0.5410355286903321 3.3149935428787394e-16 0.8409997364415596,
            0.5517140894533845 0.07463058518085759 0.8306875701815848,
            0.5821240576677582 0.13789934029587764 0.8013210052347225,
            0.6276357913398644 0.18017417091146987 0.757370834905561,
            0.6813205415830175 0.19501911728872123 0.7055280742174272,
            0.7350052918261771 0.18017417091146565 0.6536853135292869,
            0.7805170254982832 0.13789934029587242 0.6097351432001239,
            0.8109269937126541 0.07463058518085659 0.5803685782532684,
            0.9170067992460195 0.0 0.39887157098064846,
            0.8960591588593529 -0.14639937861516622 0.4191004721607483,
            0.8364053260573932 -0.2705107789498441 0.47670750887181784,
            0.7471270561208962 -0.3534393653757242 0.56292253198369,
            0.6418161563381573 -0.3825600123589783 0.6646200857687138,
            0.5365052565554216 -0.3534393653757254 0.7663176395537333,
            0.44722698661892724 -0.2705107789498488 0.8525326626656012,
            0.3875731538169668 -0.14639937861516775 0.910139699376674,
            0.366625513430298 3.7065838216268637e-16 0.9303686005567742,
            0.38757315381696644 0.1463993786151672 0.9101396993766744,
            0.4472269866189279 0.27051077894984843 0.852532662665601,
            0.5365052565554217 0.35343936537572507 0.7663176395537336,
            0.6418161563381576 0.382560012358977 0.6646200857687142,
            0.7471270561208965 0.35343936537572374 0.5629225319836901,
            0.8364053260573925 0.27051077894984443 0.4767075088718189,
            0.8960591588593529 0.14639937861516622 0.4191004721607483,
            0.9771942890412202 0.0 0.2123471720207829,
            0.9467811150992067 -0.2125523297440173 0.24171683270284094,
            0.8601717233097306 -0.39274549407617293 0.32535455014680686,
            0.7305516084566467 -0.5131467171820019 0.4505272400496343,
            0.5776542580170679 -0.5554260042834476 0.5981784950668776,
            0.42475690757749085 -0.5131467171820036 0.7458297500841191,
            0.29513679272440907 -0.3927454940761786 0.8710024399869426,
            0.2085274009349321 -0.21255232974401983 0.9546401574309095,
            0.17811422699291646 3.6480005561286547e-16 0.9840098181129677,
            0.2085274009349317 0.21255232974401925 0.9546401574309097,
            0.2951367927244091 0.3927454940761782 0.8710024399869427,
            0.4247569075774905 0.513146717182004 0.7458297500841191,
            0.5776542580170678 0.5554260042834476 0.5981784950668775,
            0.7305516084566468 0.5131467171820022 0.4505272400496339,
            0.8601717233097301 0.3927454940761735 0.32535455014680736,
            0.9467811150992067 0.21255232974401733 0.24171683270284097,
            0.9998444250707481 0.0 0.01763875434788853,
            0.9611329623442678 -0.2705476122288394 0.05502197935921371,
            0.8508920434446504 -0.49990680301604945 0.16148039726499253,
            0.685904848937943 -0.6531597147105208 0.32080667898703213,
            0.49128918357514867 -0.7069749807478735 0.5087448424294911,
            0.2966735182123564 -0.6531597147105213 0.6966830058719483,
            0.13168632370565111 -0.49990680301605306 0.8560092875939838,
            0.021445404806031097 -0.27054761222884116 0.9624677054997628,
            -0.01726605792045288 3.731762292767719e-16 0.9998509305110875,
            0.02144540480603071 0.2705476122288406 0.9624677054997629,
            0.131686323705651 0.4999068030160534 0.8560092875939836,
            0.29667351821235494 0.6531597147105226 0.6966830058719475,
            0.4912891835751477 0.7069749807478747 0.5087448424294904,
            0.6859048489379425 0.6531597147105219 0.3208066789870309,
            0.8508920434446497 0.4999068030160505 0.16148039726499283,
            0.9611329623442678 0.27054761222883944 0.05502197935921373,
            0.9840711017843412 0.0 -0.17777532627716552,
            0.9385479520081939 -0.31815329635290857 -0.1338141315444792,
            0.8089089895647902 -0.5878706374029002 -0.008623240735249284,
            0.6148905713060175 -0.7680900029688983 0.17873816788307162,
            0.38603024263043184 -0.8313746283360962 0.39974601828374423,
            0.15716991395484875 -0.7680900029688962 0.6207538686844138,
            -0.0368485043039217 -0.5878706374028997 0.8081152773027325,
            -0.16648746674732604 -0.31815329635290746 0.9333061681119638,
            -0.21201061652347367 3.8159931376762523e-16 0.9772673628446499,
            -0.16648746674732667 0.3181532963529072 0.9333061681119637,
            -0.03684850430392203 0.5878706374028998 0.8081152773027324,
            0.15716991395484817 0.7680900029688963 0.6207538686844138,
            0.3860302426304318 0.8313746283360964 0.399746018283744,
            0.614890571306017 0.768090002968899 0.17873816788307065,
            0.8089089895647892 0.5878706374029017 -0.008623240735249477,
            0.9385479520081937 0.31815329635290895 -0.13381413154447952,
            0.930465219350972 0.0 -0.36638023360731053,
            0.879879551769393 -0.3535343439202113 -0.31753022225765803,
            0.7358237583537338 -0.6532462887753773 -0.17841715961023033,
            0.5202290277825106 -0.8535074078568455 0.029780251609955493,
            0.2659177034140897 -0.9238297611560287 0.2753658428588618,
            0.011606379045668816 -0.8535074078568448 0.520951434107766,
            -0.20398835152555672 -0.6532462887753773 0.7291488453279497,
            -0.34804414494121466 -0.35353434392021205 0.8682619079753782,
            -0.3986298125227907 3.8276748571259686e-16 0.9171119193250323,
            -0.34804414494121516 0.35353434392021227 0.8682619079753778,
            -0.20398835152555764 0.6532462887753772 0.7291488453279495,
            0.011606379045667884 0.8535074078568446 0.520951434107766,
            0.2659177034140895 0.9238297611560289 0.27536584285886123,
            0.5202290277825106 0.8535074078568455 0.02978025160995548,
            0.7358237583537334 0.6532462887753779 -0.17841715961022933,
            0.8798795517693929 0.35353434392021177 -0.3175302222576578,
            0.8410769283099649 0.0 -0.5409155208206489,
            0.7873733257460788 -0.3753250437578371 -0.4890545546580022,
            0.634438404720402 -0.6935102519335361 -0.3413670181474986,
            0.4055551206005827 -0.9061148109384427 -0.12033699993201176,
            0.1355688785617243 -0.9807716039291879 0.14038568335725876,
            -0.13441736347713465 -0.9061148109384422 0.40110836664653,
            -0.3633006475969544 -0.693510251933535 0.6221383848620163,
            -0.516235568622631 -0.37532504375783904 0.7698259213725173,
            -0.5699391711865176 2.841083553007813e-16 0.8216868875351642,
            -0.51623556862263 0.37532504375783915 0.7698259213725179,
            -0.36330064759695313 0.6935102519335347 0.6221383848620174,
            -0.13441736347713354 0.9061148109384419 0.40110836664653077,
            0.13556887856172534 0.9807716039291877 0.1403856833572598,
            0.4055551206005838 0.9061148109384426 -0.12033699993200962,
            0.6344384047204029 0.6935102519335362 -0.3413670181474967,
            0.787373325746079 0.37532504375783726 -0.4890545546580017,
            0.6946583704589971 8.717241658439497e-17 0.7193398003386513,
            0.652603828420888 2.5414067744047103e-16 -0.7576993091790437,
            0.6375180182576732 -0.36685822032599574 -0.6774849242426375,
            0.5343492616716703 -0.6965551076722815 -0.478833842294587,
            0.30496254672097717 -0.921551455202502 -0.24029307212569975,
            -0.0012461981337139037 -0.9999961671322544 -0.0024723897370379634,
            -0.3189389708946436 -0.9231577901084271 0.21461040843069756,
            -0.5913949893541808 -0.7055877521934231 0.39038172411295197,
            -0.7741192422055893 -0.3814704430937183 0.5051927353920744,
            -0.8383526686690413 0.0 0.5451282444851823,
            -0.7741192422055893 0.3814704430937183 0.5051927353920744,
            -0.5913949893541814 0.7055877521934222 0.39038172411295274,
            -0.31893897089464335 0.9231577901084271 0.21461040843069776,
            -0.0012461981337134854 0.9999961671322544 -0.0024723897370380683,
            0.30496254672097683 0.9215514552025021 -0.24029307212569964,
            0.5343492616716702 0.6965551076722822 -0.47883384229458603,
            0.6375180182576737 0.3668582203259976 -0.677484924242636,
            0.7225807707860754 2.130793892825424e-17 -0.691286503332881,
            0.7167038715245629 -0.3591452288359837 -0.5977878094659105,
            0.6085917978111144 -0.6932995542856762 -0.3859426792469553,
            0.34674731609802334 -0.9212749655540371 -0.1761213690107623,
            -0.0010680053316873151 -0.999991807791792 -0.0039043199043153633,
            -0.3594057396919758 -0.9233629766711599 0.13501232384282125,
            -0.6660035254647072 -0.7061318148888344 0.24045199951421112,
            -0.871617497180289 -0.38196763066606526 0.30721925026358793,
            -0.9439262609311322 0.0 0.3301563476969239,
            -0.871617497180289 0.38196763066606526 0.30721925026358793,
            -0.6660035254647082 0.7061318148888334 0.24045199951421112,
            -0.3594057396919759 0.92336297667116 0.1350123238428206,
            -0.001068005331686883 0.999991807791792 -0.003904319904315742,
            0.34674731609802306 0.9212749655540373 -0.1761213690107624,
            0.6085917978111144 0.6932995542856766 -0.38594267924695475,
            0.7167038715245628 0.35914522883598504 -0.5977878094659097,
            1.0 0.0 -1.980953764207435e-16,
            1.0 0.0 -1.980953764207435e-16,
            0.5862570162718878 0.8101251205042241 -1.1876055166322948e-16,
            0.5862570162718878 0.8101251205042241 -1.1876055166322948e-16,
            0.9238795325112868 0.0 0.3826834323650894,
            0.9238795325112868 0.0 0.3826834323650894,
            0.5416308581247333 0.8101251205042241 0.22435084723504212,
            0.5416308581247333 0.8101251205042241 0.22435084723504212,
            0.7071067811865478 0.0 0.7071067811865471,
            0.7071067811865478 0.0 0.7071067811865471,
            0.4145463117240428 0.8101251205042255 0.41454631172404227,
            0.4145463117240428 0.8101251205042255 0.41454631172404227,
            0.38268343236508967 0.0 0.9238795325112868,
            0.38268343236508967 0.0 0.9238795325112868,
            0.22435084723504106 0.8101251205042265 0.5416308581247303,
            0.22435084723504106 0.8101251205042265 0.5416308581247303,
            2.8299339488677637e-17 0.0 1.0,
            2.8299339488677637e-17 0.0 1.0,
            1.397182960743876e-17 0.8101251205042264 0.5862570162718845,
            1.397182960743876e-17 0.8101251205042264 0.5862570162718845,
            -0.3826834323650896 0.0 0.9238795325112868,
            -0.3826834323650896 0.0 0.9238795325112868,
            -0.22435084723504103 0.8101251205042266 0.5416308581247303,
            -0.22435084723504103 0.8101251205042266 0.5416308581247303,
            -0.7071067811865476 0.0 0.7071067811865474,
            -0.7071067811865476 0.0 0.7071067811865474,
            -0.4145463117240424 0.8101251205042258 0.41454631172404205,
            -0.4145463117240424 0.8101251205042258 0.41454631172404205,
            -0.9238795325112868 0.0 0.3826834323650897,
            -0.9238795325112868 0.0 0.3826834323650897,
            -0.5416308581247329 0.8101251205042246 0.22435084723504198,
            -0.5416308581247329 0.8101251205042246 0.22435084723504198,
            -1.0 0.0 5.659867897735529e-17,
            -1.0 0.0 5.659867897735529e-17,
            -0.5862570162718875 0.8101251205042241 2.7943659214877523e-17,
            -0.5862570162718875 0.8101251205042241 2.7943659214877523e-17,
            -0.9238795325112868 0.0 -0.3826834323650897,
            -0.9238795325112868 0.0 -0.3826834323650897,
            -0.5416308581247333 0.8101251205042241 -0.22435084723504214,
            -0.5416308581247333 0.8101251205042241 -0.22435084723504214,
            -0.7071067811865479 0.0 -0.7071067811865471,
            -0.7071067811865479 0.0 -0.7071067811865471,
            -0.4145463117240439 0.8101251205042244 -0.41454631172404355,
            -0.4145463117240439 0.8101251205042244 -0.41454631172404355,
            -0.3826834323650903 0.0 -0.9238795325112865,
            -0.3826834323650903 0.0 -0.9238795325112865,
            -0.22435084723504228 0.8101251205042245 -0.5416308581247328,
            -0.22435084723504228 0.8101251205042245 -0.5416308581247328,
            -1.414966974433882e-17 0.0 -1.0,
            -1.414966974433882e-17 0.0 -1.0,
            0.0 0.8101251205042245 -0.5862570162718873,
            0.0 0.8101251205042245 -0.5862570162718873,
            0.38268343236509006 0.0 -0.9238795325112866,
            0.38268343236509006 0.0 -0.9238795325112866,
            0.2243508472350424 0.8101251205042241 -0.5416308581247332,
            0.2243508472350424 0.8101251205042241 -0.5416308581247332,
            0.7071067811865475 0.0 -0.7071067811865477,
            0.7071067811865475 0.0 -0.7071067811865477,
            0.41454631172404405 0.810125120504224 -0.41454631172404405,
            0.41454631172404405 0.810125120504224 -0.41454631172404405,
            0.9238795325112865 0.0 -0.3826834323650903,
            0.9238795325112865 0.0 -0.3826834323650903,
            0.5416308581247334 0.810125120504224 -0.22435084723504267,
            0.5416308581247334 0.810125120504224 -0.22435084723504267,
            1.0 0.0 -1.980953764207435e-16,
            1.0 0.0 -1.980953764207435e-16,
            0.5862570162718878 -0.8101251205042241 -1.1876055166322948e-16,
            0.5862570162718878 -0.8101251205042241 -1.1876055166322948e-16,
            0.9238795325112868 0.0 0.3826834323650894,
            0.9238795325112868 0.0 0.3826834323650894,
            0.5416308581247333 -0.8101251205042241 0.22435084723504212,
            0.5416308581247333 -0.8101251205042241 0.22435084723504212,
            0.7071067811865478 0.0 0.7071067811865471,
            0.7071067811865478 0.0 0.7071067811865471,
            0.4145463117240428 -0.8101251205042255 0.41454631172404227,
            0.4145463117240428 -0.8101251205042255 0.41454631172404227,
            0.38268343236508967 0.0 0.9238795325112868,
            0.38268343236508967 0.0 0.9238795325112868,
            0.22435084723504106 -0.8101251205042265 0.5416308581247303,
            0.22435084723504106 -0.8101251205042265 0.5416308581247303,
            2.8299339488677637e-17 0.0 1.0,
            2.8299339488677637e-17 0.0 1.0,
            1.397182960743876e-17 -0.8101251205042264 0.5862570162718845,
            1.397182960743876e-17 -0.8101251205042264 0.5862570162718845,
            -0.3826834323650896 0.0 0.9238795325112868,
            -0.3826834323650896 0.0 0.9238795325112868,
            -0.22435084723504103 -0.8101251205042266 0.5416308581247303,
            -0.22435084723504103 -0.8101251205042266 0.5416308581247303,
            -0.7071067811865476 0.0 0.7071067811865474,
            -0.7071067811865476 0.0 0.7071067811865474,
            -0.4145463117240424 -0.8101251205042258 0.41454631172404205,
            -0.4145463117240424 -0.8101251205042258 0.41454631172404205,
            -0.9238795325112868 0.0 0.3826834323650897,
            -0.9238795325112868 0.0 0.3826834323650897,
            -0.5416308581247329 -0.8101251205042246 0.22435084723504198,
            -0.5416308581247329 -0.8101251205042246 0.22435084723504198,
            -1.0 0.0 5.659867897735529e-17,
            -1.0 0.0 5.659867897735529e-17,
            -0.5862570162718875 -0.8101251205042241 2.7943659214877523e-17,
            -0.5862570162718875 -0.8101251205042241 2.7943659214877523e-17,
            -0.9238795325112868 0.0 -0.3826834323650897,
            -0.9238795325112868 0.0 -0.3826834323650897,
            -0.5416308581247333 -0.8101251205042241 -0.22435084723504214,
            -0.5416308581247333 -0.8101251205042241 -0.22435084723504214,
            -0.7071067811865479 0.0 -0.7071067811865471,
            -0.7071067811865479 0.0 -0.7071067811865471,
            -0.4145463117240439 -0.8101251205042244 -0.41454631172404355,
            -0.4145463117240439 -0.8101251205042244 -0.41454631172404355,
            -0.3826834323650903 0.0 -0.9238795325112865,
            -0.3826834323650903 0.0 -0.9238795325112865,
            -0.22435084723504228 -0.8101251205042245 -0.5416308581247328,
            -0.22435084723504228 -0.8101251205042245 -0.5416308581247328,
            -1.414966974433882e-17 0.0 -1.0,
            -1.414966974433882e-17 0.0 -1.0,
            0.0 -0.8101251205042245 -0.5862570162718873,
            0.0 -0.8101251205042245 -0.5862570162718873,
            0.38268343236509006 0.0 -0.9238795325112866,
            0.38268343236509006 0.0 -0.9238795325112866,
            0.2243508472350424 -0.8101251205042241 -0.5416308581247332,
            0.2243508472350424 -0.8101251205042241 -0.5416308581247332,
            0.7071067811865475 0.0 -0.7071067811865477,
            0.7071067811865475 0.0 -0.7071067811865477,
            0.41454631172404405 -0.810125120504224 -0.41454631172404405,
            0.41454631172404405 -0.810125120504224 -0.41454631172404405,
            0.9238795325112865 0.0 -0.3826834323650903,
            0.9238795325112865 0.0 -0.3826834323650903,
            0.5416308581247334 -0.810125120504224 -0.22435084723504267,
            0.5416308581247334 -0.810125120504224 -0.22435084723504267,
            0.5862570162718878 -0.8101251205042241 -1.1876055166322948e-16,
            0.5862570162718878 -0.8101251205042241 -1.1876055166322948e-16,
            0.1364076695775096 -0.990652788660302 -4.164868603324899e-17,
            0.1364076695775096 -0.990652788660302 -4.164868603324899e-17,
            0.5416308581247333 -0.8101251205042241 0.22435084723504212,
            0.5416308581247333 -0.8101251205042241 0.22435084723504212,
            0.1260242540002236 -0.9906527886603019 0.05220095519484439,
            0.1260242540002236 -0.9906527886603019 0.05220095519484439,
            0.4145463117240428 -0.8101251205042255 0.41454631172404227,
            0.4145463117240428 -0.8101251205042255 0.41454631172404227,
            0.096454788164111 -0.990652788660302 0.096454788164111,
            0.096454788164111 -0.990652788660302 0.096454788164111,
            0.22435084723504106 -0.8101251205042265 0.5416308581247303,
            0.22435084723504106 -0.8101251205042265 0.5416308581247303,
            0.052200955194844495 -0.9906527886603019 0.12602425400022374,
            0.052200955194844495 -0.9906527886603019 0.12602425400022374,
            1.397182960743876e-17 -0.8101251205042264 0.5862570162718845,
            1.397182960743876e-17 -0.8101251205042264 0.5862570162718845,
            0.0 -0.9906527886603019 0.13640766957750974,
            0.0 -0.9906527886603019 0.13640766957750974,
            -0.22435084723504103 -0.8101251205042266 0.5416308581247303,
            -0.22435084723504103 -0.8101251205042266 0.5416308581247303,
            -0.052200955194844495 -0.9906527886603019 0.12602425400022377,
            -0.052200955194844495 -0.9906527886603019 0.12602425400022377,
            -0.4145463117240424 -0.8101251205042258 0.41454631172404205,
            -0.4145463117240424 -0.8101251205042258 0.41454631172404205,
            -0.096454788164111 -0.990652788660302 0.09645478816411106,
            -0.096454788164111 -0.990652788660302 0.09645478816411106,
            -0.5416308581247329 -0.8101251205042246 0.22435084723504198,
            -0.5416308581247329 -0.8101251205042246 0.22435084723504198,
            -0.1260242540002236 -0.990652788660302 0.052200955194844426,
            -0.1260242540002236 -0.990652788660302 0.052200955194844426,
            -0.5862570162718875 -0.8101251205042241 2.7943659214877523e-17,
            -0.5862570162718875 -0.8101251205042241 2.7943659214877523e-17,
            -0.13640766957750958 -0.990652788660302 5.206085754156124e-18,
            -0.13640766957750958 -0.990652788660302 5.206085754156124e-18,
            -0.5416308581247333 -0.8101251205042241 -0.22435084723504214,
            -0.5416308581247333 -0.8101251205042241 -0.22435084723504214,
            -0.12602425400022363 -0.9906527886603019 -0.052200955194844384,
            -0.12602425400022363 -0.9906527886603019 -0.052200955194844384,
            -0.4145463117240439 -0.8101251205042244 -0.41454631172404355,
            -0.4145463117240439 -0.8101251205042244 -0.41454631172404355,
            -0.09645478816411097 -0.990652788660302 -0.09645478816411093,
            -0.09645478816411097 -0.990652788660302 -0.09645478816411093,
            -0.22435084723504228 -0.8101251205042245 -0.5416308581247328,
            -0.22435084723504228 -0.8101251205042245 -0.5416308581247328,
            -0.052200955194844446 -0.990652788660302 -0.1260242540002236,
            -0.052200955194844446 -0.990652788660302 -0.1260242540002236,
            0.0 -0.8101251205042245 -0.5862570162718873,
            0.0 -0.8101251205042245 -0.5862570162718873,
            -2.95011526068847e-17 -0.990652788660302 -0.13640766957750952,
            -2.95011526068847e-17 -0.990652788660302 -0.13640766957750952,
            0.2243508472350424 -0.8101251205042241 -0.5416308581247332,
            0.2243508472350424 -0.8101251205042241 -0.5416308581247332,
            0.05220095519484441 -0.990652788660302 -0.12602425400022357,
            0.05220095519484441 -0.990652788660302 -0.12602425400022357,
            0.41454631172404405 -0.810125120504224 -0.41454631172404405,
            0.41454631172404405 -0.810125120504224 -0.41454631172404405,
            0.09645478816411089 -0.990652788660302 -0.09645478816411092,
            0.09645478816411089 -0.990652788660302 -0.09645478816411092,
            0.5416308581247334 -0.810125120504224 -0.22435084723504267,
            0.5416308581247334 -0.810125120504224 -0.22435084723504267,
            0.12602425400022357 -0.990652788660302 -0.052200955194844446,
            0.12602425400022357 -0.990652788660302 -0.052200955194844446,
            0.5416308581247333 0.8101251205042241 0.22435084723504212,
            0.5416308581247333 0.8101251205042241 0.22435084723504212,
            0.12602425400022363 0.9906527886603019 0.052200955194844384,
            0.12602425400022363 0.9906527886603019 0.052200955194844384,
            0.5862570162718878 0.8101251205042241 -1.1876055166322948e-16,
            0.5862570162718878 0.8101251205042241 -1.1876055166322948e-16,
            0.1364076695775096 0.990652788660302 -3.991332411519695e-17,
            0.1364076695775096 0.990652788660302 -3.991332411519695e-17,
            0.5416308581247334 0.810125120504224 -0.22435084723504267,
            0.5416308581247334 0.810125120504224 -0.22435084723504267,
            0.12602425400022357 0.990652788660302 -0.05220095519484444,
            0.12602425400022357 0.990652788660302 -0.05220095519484444,
            0.41454631172404405 0.810125120504224 -0.41454631172404405,
            0.41454631172404405 0.810125120504224 -0.41454631172404405,
            0.0964547881641109 0.990652788660302 -0.09645478816411095,
            0.0964547881641109 0.990652788660302 -0.09645478816411095,
            0.2243508472350424 0.8101251205042241 -0.5416308581247332,
            0.2243508472350424 0.8101251205042241 -0.5416308581247332,
            0.05220095519484441 0.990652788660302 -0.12602425400022357,
            0.05220095519484441 0.990652788660302 -0.12602425400022357,
            0.0 0.8101251205042245 -0.5862570162718873,
            0.0 0.8101251205042245 -0.5862570162718873,
            -2.6030428770780615e-17 0.990652788660302 -0.13640766957750952,
            -2.6030428770780615e-17 0.990652788660302 -0.13640766957750952,
            -0.22435084723504228 0.8101251205042245 -0.5416308581247328,
            -0.22435084723504228 0.8101251205042245 -0.5416308581247328,
            -0.05220095519484445 0.990652788660302 -0.12602425400022357,
            -0.05220095519484445 0.990652788660302 -0.12602425400022357,
            -0.4145463117240439 0.8101251205042244 -0.41454631172404355,
            -0.4145463117240439 0.8101251205042244 -0.41454631172404355,
            -0.09645478816411096 0.990652788660302 -0.0964547881641109,
            -0.09645478816411096 0.990652788660302 -0.0964547881641109,
            -0.5416308581247333 0.8101251205042241 -0.22435084723504214,
            -0.5416308581247333 0.8101251205042241 -0.22435084723504214,
            -0.1260242540002236 0.990652788660302 -0.0522009551948444,
            -0.1260242540002236 0.990652788660302 -0.0522009551948444,
            -0.5862570162718875 0.8101251205042241 2.7943659214877523e-17,
            -0.5862570162718875 0.8101251205042241 2.7943659214877523e-17,
            -0.13640766957750955 0.990652788660302 1.0412171508312247e-17,
            -0.13640766957750955 0.990652788660302 1.0412171508312247e-17,
            -0.5416308581247329 0.8101251205042246 0.22435084723504198,
            -0.5416308581247329 0.8101251205042246 0.22435084723504198,
            -0.1260242540002236 0.990652788660302 0.052200955194844446,
            -0.1260242540002236 0.990652788660302 0.052200955194844446,
            -0.4145463117240424 0.8101251205042258 0.41454631172404205,
            -0.4145463117240424 0.8101251205042258 0.41454631172404205,
            -0.09645478816411099 0.990652788660302 0.09645478816411102,
            -0.09645478816411099 0.990652788660302 0.09645478816411102,
            -0.22435084723504103 0.8101251205042266 0.5416308581247303,
            -0.22435084723504103 0.8101251205042266 0.5416308581247303,
            -0.052200955194844495 0.9906527886603019 0.12602425400022377,
            -0.052200955194844495 0.9906527886603019 0.12602425400022377,
            1.397182960743876e-17 0.8101251205042264 0.5862570162718845,
            1.397182960743876e-17 0.8101251205042264 0.5862570162718845,
            3.4707238361040814e-18 0.9906527886603019 0.13640766957750977,
            3.4707238361040814e-18 0.9906527886603019 0.13640766957750977,
            0.22435084723504106 0.8101251205042265 0.5416308581247303,
            0.22435084723504106 0.8101251205042265 0.5416308581247303,
            0.052200955194844495 0.9906527886603019 0.1260242540002237,
            0.052200955194844495 0.9906527886603019 0.1260242540002237,
            0.4145463117240428 0.8101251205042255 0.41454631172404227,
            0.4145463117240428 0.8101251205042255 0.41454631172404227,
            0.09645478816411102 0.990652788660302 0.09645478816411099,
            0.09645478816411102 0.990652788660302 0.09645478816411099,
            0.1364076695775096 -0.990652788660302 -4.164868603324899e-17,
            0.1364076695775096 -0.990652788660302 -4.164868603324899e-17,
            0.0 -1.0 1.578598444889343e-17,
            0.1260242540002236 -0.9906527886603019 0.05220095519484439,
            0.1260242540002236 -0.9906527886603019 0.05220095519484439,
            0.0 -1.0 1.578598444889343e-17,
            0.096454788164111 -0.990652788660302 0.096454788164111,
            0.096454788164111 -0.990652788660302 0.096454788164111,
            0.0 -1.0 1.578598444889343e-17,
            0.052200955194844495 -0.9906527886603019 0.12602425400022374,
            0.052200955194844495 -0.9906527886603019 0.12602425400022374,
            0.0 -1.0 1.578598444889343e-17,
            0.0 -0.9906527886603019 0.13640766957750974,
            0.0 -0.9906527886603019 0.13640766957750974,
            0.0 -1.0 1.578598444889343e-17,
            -0.052200955194844495 -0.9906527886603019 0.12602425400022377,
            -0.052200955194844495 -0.9906527886603019 0.12602425400022377,
            0.0 -1.0 1.578598444889343e-17,
            -0.096454788164111 -0.990652788660302 0.09645478816411106,
            -0.096454788164111 -0.990652788660302 0.09645478816411106,
            0.0 -1.0 1.578598444889343e-17,
            -0.1260242540002236 -0.990652788660302 0.052200955194844426,
            -0.1260242540002236 -0.990652788660302 0.052200955194844426,
            0.0 -1.0 1.578598444889343e-17,
            -0.13640766957750958 -0.990652788660302 5.206085754156124e-18,
            -0.13640766957750958 -0.990652788660302 5.206085754156124e-18,
            0.0 -1.0 1.578598444889343e-17,
            -0.12602425400022363 -0.9906527886603019 -0.052200955194844384,
            -0.12602425400022363 -0.9906527886603019 -0.052200955194844384,
            0.0 -1.0 1.578598444889343e-17,
            -0.09645478816411097 -0.990652788660302 -0.09645478816411093,
            -0.09645478816411097 -0.990652788660302 -0.09645478816411093,
            0.0 -1.0 1.578598444889343e-17,
            -0.052200955194844446 -0.990652788660302 -0.1260242540002236,
            -0.052200955194844446 -0.990652788660302 -0.1260242540002236,
            0.0 -1.0 1.578598444889343e-17,
            -2.95011526068847e-17 -0.990652788660302 -0.13640766957750952,
            -2.95011526068847e-17 -0.990652788660302 -0.13640766957750952,
            0.0 -1.0 1.578598444889343e-17,
            0.05220095519484441 -0.990652788660302 -0.12602425400022357,
            0.05220095519484441 -0.990652788660302 -0.12602425400022357,
            0.0 -1.0 1.578598444889343e-17,
            0.09645478816411089 -0.990652788660302 -0.09645478816411092,
            0.09645478816411089 -0.990652788660302 -0.09645478816411092,
            0.0 -1.0 1.578598444889343e-17,
            0.12602425400022357 -0.990652788660302 -0.052200955194844446,
            0.12602425400022357 -0.990652788660302 -0.052200955194844446,
            0.0 -1.0 1.578598444889343e-17,
            0.12602425400022363 0.9906527886603019 0.052200955194844384,
            0.12602425400022363 0.9906527886603019 0.052200955194844384,
            0.0 1.0 -1.0734469425247529e-16,
            0.1364076695775096 0.990652788660302 -3.991332411519695e-17,
            0.1364076695775096 0.990652788660302 -3.991332411519695e-17,
            0.0 1.0 -1.0734469425247529e-16,
            0.12602425400022357 0.990652788660302 -0.05220095519484444,
            0.12602425400022357 0.990652788660302 -0.05220095519484444,
            0.0 1.0 -1.0734469425247529e-16,
            0.0964547881641109 0.990652788660302 -0.09645478816411095,
            0.0964547881641109 0.990652788660302 -0.09645478816411095,
            0.0 1.0 -1.0734469425247529e-16,
            0.05220095519484441 0.990652788660302 -0.12602425400022357,
            0.05220095519484441 0.990652788660302 -0.12602425400022357,
            0.0 1.0 -1.0734469425247529e-16,
            -2.6030428770780615e-17 0.990652788660302 -0.13640766957750952,
            -2.6030428770780615e-17 0.990652788660302 -0.13640766957750952,
            0.0 1.0 -1.0734469425247529e-16,
            -0.05220095519484445 0.990652788660302 -0.12602425400022357,
            -0.05220095519484445 0.990652788660302 -0.12602425400022357,
            0.0 1.0 -1.0734469425247529e-16,
            -0.09645478816411096 0.990652788660302 -0.0964547881641109,
            -0.09645478816411096 0.990652788660302 -0.0964547881641109,
            0.0 1.0 -1.0734469425247529e-16,
            -0.1260242540002236 0.990652788660302 -0.0522009551948444,
            -0.1260242540002236 0.990652788660302 -0.0522009551948444,
            0.0 1.0 -1.0734469425247529e-16,
            -0.13640766957750955 0.990652788660302 1.0412171508312247e-17,
            -0.13640766957750955 0.990652788660302 1.0412171508312247e-17,
            0.0 1.0 -1.0734469425247529e-16,
            -0.1260242540002236 0.990652788660302 0.052200955194844446,
            -0.1260242540002236 0.990652788660302 0.052200955194844446,
            0.0 1.0 -1.0734469425247529e-16,
            -0.09645478816411099 0.990652788660302 0.09645478816411102,
            -0.09645478816411099 0.990652788660302 0.09645478816411102,
            0.0 1.0 -1.0734469425247529e-16,
            -0.052200955194844495 0.9906527886603019 0.12602425400022377,
            -0.052200955194844495 0.9906527886603019 0.12602425400022377,
            0.0 1.0 -1.0734469425247529e-16,
            3.4707238361040814e-18 0.9906527886603019 0.13640766957750977,
            3.4707238361040814e-18 0.9906527886603019 0.13640766957750977,
            0.0 1.0 -1.0734469425247529e-16,
            0.052200955194844495 0.9906527886603019 0.1260242540002237,
            0.052200955194844495 0.9906527886603019 0.1260242540002237,
            0.0 1.0 -1.0734469425247529e-16,
            0.09645478816411102 0.990652788660302 0.09645478816411099,
            0.09645478816411102 0.990652788660302 0.09645478816411099,
            0.0 1.0 -1.0734469425247529e-16,
            -0.7408964596470269 1.273429136754502e-16 -0.6716192642282541,
            -0.7408964596470269 1.273429136754502e-16 -0.6716192642282541,
            -0.6783643670737773 3.1102353502664824e-16 -0.7347256532098178,
            -0.6783643670737773 3.1102353502664824e-16 -0.7347256532098178,
            -0.684583742355385 -0.3824269336816293 -0.6205600213497182,
            -0.684583742355385 -0.3824269336816293 -0.6205600213497182,
            -0.641649604509272 -0.37715508080045707 -0.6678621340213079,
            -0.641649604509272 -0.37715508080045707 -0.6678621340213079,
            -0.524116231019943 -0.7068287093097517 -0.47507404904599915,
            -0.524116231019943 -0.7068287093097517 -0.47507404904599915,
            -0.513089510115818 -0.702409123103348 -0.49331590121371055,
            -0.513089510115818 -0.702409123103348 -0.49331590121371055,
            -0.2837382485687119 -0.9237729062339994 -0.2571696405238193,
            -0.2837382485687119 -0.9237729062339994 -0.2571696405238193,
            -0.2865956493833597 -0.9224001272546446 -0.2589226506027349,
            -0.2865956493833597 -0.9224001272546446 -0.2589226506027349,
            3.851106978560752e-6 -0.9999999999848581 -3.9310001568045266e-6,
            3.851106978560752e-6 -0.9999999999848581 -3.9310001568045266e-6,
            9.104743742444809e-4 -0.9999988876155017 -0.0011814415656222735,
            9.104743742444809e-4 -0.9999988876155017 -0.0011814415656222735,
            0.2837730326739553 -0.9237722614411205 0.2571335740796688,
            0.2837730326739553 -0.9237722614411205 0.2571335740796688,
            0.2961884819588373 -0.9226958516351814 0.24678887440512146,
            0.2961884819588373 -0.9226958516351814 0.24678887440512146,
            0.5242151255597445 -0.7068261143890705 0.4749687843974907,
            0.5242151255597445 -0.7068261143890705 0.4749687843974907,
            0.5478223137092828 -0.7040864794255796 0.4518328696457365,
            0.5478223137092828 -0.7040864794255796 0.4518328696457365,
            0.6847449527225802 -0.3824239103134959 0.620383996039136,
            0.6847449527225802 -0.3824239103134959 0.620383996039136,
            0.7153651985978461 -0.37993442535394173 0.5864319782089259,
            0.7153651985978461 -0.37993442535394173 0.5864319782089259,
            0.7410829572973022 0.0 0.6714134720151845,
            0.7410829572973022 0.0 0.6714134720151845,
            0.7739603594646326 0.0 0.6332340499194407,
            0.7739603594646326 0.0 0.6332340499194407,
            0.6847449527225802 0.3824239103134959 0.620383996039136,
            0.6847449527225802 0.3824239103134959 0.620383996039136,
            0.7153651985978461 0.37993442535394173 0.5864319782089259,
            0.7153651985978461 0.37993442535394173 0.5864319782089259,
            0.5242151255597448 0.7068261143890701 0.474968784397491,
            0.5242151255597448 0.7068261143890701 0.474968784397491,
            0.5478223137092837 0.704086479425579 0.4518328696457364,
            0.5478223137092837 0.704086479425579 0.4518328696457364,
            0.2837730326739561 0.92377226144112 0.2571335740796696,
            0.2837730326739561 0.92377226144112 0.2571335740796696,
            0.29618848195883885 0.9226958516351809 0.24678887440512157,
            0.29618848195883885 0.9226958516351809 0.24678887440512157,
            3.851106978376801e-6 0.9999999999848581 -3.9310001569460285e-6,
            3.851106978376801e-6 0.9999999999848581 -3.9310001569460285e-6,
            9.104743742445238e-4 0.9999988876155018 -0.0011814415656225996,
            9.104743742445238e-4 0.9999988876155018 -0.0011814415656225996,
            -0.2837382485687126 0.9237729062339991 -0.25716964052381985,
            -0.2837382485687126 0.9237729062339991 -0.25716964052381985,
            -0.28659564938336035 0.9224001272546439 -0.25892265060273634,
            -0.28659564938336035 0.9224001272546439 -0.25892265060273634,
            -0.524116231019943 0.7068287093097517 -0.4750740490459991,
            -0.524116231019943 0.7068287093097517 -0.4750740490459991,
            -0.5130895101158166 0.7024091231033481 -0.49331590121371205,
            -0.5130895101158166 0.7024091231033481 -0.49331590121371205,
            -0.6845837423553849 0.3824269336816296 -0.620560021349718,
            -0.6845837423553849 0.3824269336816296 -0.620560021349718,
            -0.6416496045092707 0.3771550808004581 -0.6678621340213086,
            -0.6416496045092707 0.3771550808004581 -0.6678621340213086,
            -0.7408964596470269 1.273429136754502e-16 -0.6716192642282541,
            -0.7408964596470269 1.273429136754502e-16 -0.6716192642282541,
            -0.7839644095628372 0.0 -0.6208057703813586,
            -0.7839644095628372 0.0 -0.6208057703813586,
            -0.684583742355385 -0.3824269336816293 -0.6205600213497182,
            -0.684583742355385 -0.3824269336816293 -0.6205600213497182,
            -0.7294715951045672 -0.38084070704022993 -0.5681826711513616,
            -0.7294715951045672 -0.38084070704022993 -0.5681826711513616,
            -0.524116231019943 -0.7068287093097517 -0.47507404904599915,
            -0.524116231019943 -0.7068287093097517 -0.47507404904599915,
            -0.5742891887524334 -0.7037018687631922 -0.418324763289556,
            -0.5742891887524334 -0.7037018687631922 -0.418324763289556,
            -0.2837382485687119 -0.9237729062339994 -0.2571696405238193,
            -0.2837382485687119 -0.9237729062339994 -0.2571696405238193,
            -0.3420423051415318 -0.9194308000402823 -0.19404655480258765,
            -0.3420423051415318 -0.9194308000402823 -0.19404655480258765,
            3.851106978560752e-6 -0.9999999999848581 -3.9310001568045266e-6,
            3.851106978560752e-6 -0.9999999999848581 -3.9310001568045266e-6,
            -0.06808842697838019 -0.9951847266721973 0.07050763015442867,
            -0.06808842697838019 -0.9951847266721973 0.07050763015442867,
            0.2837730326739553 -0.9237722614411205 0.2571335740796688,
            0.2837730326739553 -0.9237722614411205 0.2571335740796688,
            0.20586545118476895 -0.9194308000402812 0.3350618151114507,
            0.20586545118476895 -0.9194308000402812 0.3350618151114507,
            0.5242151255597445 -0.7068261143890705 0.4749687843974907,
            0.5242151255597445 -0.7068261143890705 0.4749687843974907,
            0.4381123347956651 -0.7037018687631902 0.5593400235984233,
            0.4381123347956651 -0.7037018687631902 0.5593400235984233,
            0.6847449527225802 -0.3824239103134959 0.620383996039136,
            0.6847449527225802 -0.3824239103134959 0.620383996039136,
            0.5932947411477968 -0.38084070704023165 0.7091979314602272,
            0.5932947411477968 -0.38084070704023165 0.7091979314602272,
            0.7410829572973022 0.0 0.6714134720151845,
            0.7410829572973022 0.0 0.6714134720151845,
            0.6477875556060677 1.697649904235376e-16 0.7618210306902243,
            0.6477875556060677 1.697649904235376e-16 0.7618210306902243,
            0.6847449527225802 0.3824239103134959 0.620383996039136,
            0.6847449527225802 0.3824239103134959 0.620383996039136,
            0.5932947411477959 0.3808407070402309 0.7091979314602285,
            0.5932947411477959 0.3808407070402309 0.7091979314602285,
            0.5242151255597448 0.7068261143890701 0.474968784397491,
            0.5242151255597448 0.7068261143890701 0.474968784397491,
            0.43811233479566325 0.7037018687631901 0.559340023598425,
            0.43811233479566325 0.7037018687631901 0.559340023598425,
            0.2837730326739561 0.92377226144112 0.2571335740796696,
            0.2837730326739561 0.92377226144112 0.2571335740796696,
            0.2058654511847655 0.919430800040281 0.3350618151114536,
            0.2058654511847655 0.919430800040281 0.3350618151114536,
            3.851106978376801e-6 0.9999999999848581 -3.9310001569460285e-6,
            3.851106978376801e-6 0.9999999999848581 -3.9310001569460285e-6,
            -0.06808842697838391 0.9951847266721967 0.07050763015443293,
            -0.06808842697838391 0.9951847266721967 0.07050763015443293,
            -0.2837382485687126 0.9237729062339991 -0.25716964052381985,
            -0.2837382485687126 0.9237729062339991 -0.25716964052381985,
            -0.34204230514153355 0.919430800040282 -0.19404655480258623,
            -0.34204230514153355 0.919430800040282 -0.19404655480258623,
            -0.524116231019943 0.7068287093097517 -0.4750740490459991,
            -0.524116231019943 0.7068287093097517 -0.4750740490459991,
            -0.5742891887524333 0.7037018687631922 -0.4183247632895562,
            -0.5742891887524333 0.7037018687631922 -0.4183247632895562,
            -0.6845837423553849 0.3824269336816296 -0.620560021349718,
            -0.6845837423553849 0.3824269336816296 -0.620560021349718,
            -0.7294715951045672 0.38084070704022993 -0.5681826711513616,
            -0.7294715951045672 0.38084070704022993 -0.5681826711513616,
            -0.8066299871365382 8.450258622753856e-17 -0.5910567348843158,
            -0.8066299871365382 8.450258622753856e-17 -0.5910567348843158,
            -1.0 5.659867897735527e-16 0.0,
            -1.0 5.659867897735527e-16 0.0,
            -0.7894672545975456 -0.3564645784895285 -0.49967435215397743,
            -0.7894672545975456 -0.3564645784895285 -0.49967435215397743,
            -0.9238795325112868 -0.38268343236508956 0.0,
            -0.9238795325112868 -0.38268343236508956 0.0,
            -0.6564542554554991 -0.6902001556350077 -0.30445287920428243,
            -0.6564542554554991 -0.6902001556350077 -0.30445287920428243,
            -0.7071067811865472 -0.7071067811865477 0.0,
            -0.7071067811865472 -0.7071067811865477 0.0,
            -0.3694501823900027 -0.920069743726356 -0.13030053496172397,
            -0.3694501823900027 -0.920069743726356 -0.13030053496172397,
            -0.3826834323650893 -0.923879532511287 0.0,
            -0.3826834323650893 -0.923879532511287 0.0,
            5.539917862428193e-4 -0.9999916658031003 -0.004044924899330438,
            5.539917862428193e-4 -0.9999916658031003 -0.004044924899330438,
            0.0 -1.0 0.0,
            0.0 -1.0 0.0,
            0.37669955895933255 -0.9221857248655957 0.08758385201599711,
            0.37669955895933255 -0.9221857248655957 0.08758385201599711,
            0.38268343236508784 -0.9238795325112875 0.0,
            0.38268343236508784 -0.9238795325112875 0.0,
            0.6946478906864476 -0.7030835000848158 0.15211147186637142,
            0.6946478906864476 -0.7030835000848158 0.15211147186637142,
            0.7071067811865468 -0.7071067811865482 0.0,
            0.7071067811865468 -0.7071067811865482 0.0,
            0.9053868070475789 -0.3791713907357789 0.19105964009095538,
            0.9053868070475789 -0.3791713907357789 0.19105964009095538,
            0.9238795325112864 -0.38268343236509056 0.0,
            0.9238795325112864 -0.38268343236509056 0.0,
            0.9789448918181239 0.0 0.20412471379821143,
            0.9789448918181239 0.0 0.20412471379821143,
            1.0 0.0 0.0,
            1.0 0.0 0.0,
            0.9053868070475789 0.3791713907357789 0.19105964009095538,
            0.9053868070475789 0.3791713907357789 0.19105964009095538,
            0.9238795325112864 0.38268343236509056 0.0,
            0.9238795325112864 0.38268343236509056 0.0,
            0.6946478906864482 0.703083500084815 0.15211147186637242,
            0.6946478906864482 0.703083500084815 0.15211147186637242,
            0.7071067811865483 0.7071067811865467 0.0,
            0.7071067811865483 0.7071067811865467 0.0,
            0.37669955895933377 0.922185724865595 0.08758385201599869,
            0.37669955895933377 0.922185724865595 0.08758385201599869,
            0.38268343236509 0.9238795325112866 0.0,
            0.38268343236509 0.9238795325112866 0.0,
            5.53991786242409e-4 0.9999916658031004 -0.004044924899330185,
            5.53991786242409e-4 0.9999916658031004 -0.004044924899330185,
            -7.357828267056185e-16 1.0 0.0,
            -7.357828267056185e-16 1.0 0.0,
            -0.36945018239000393 0.9200697437263554 -0.13030053496172436,
            -0.36945018239000393 0.9200697437263554 -0.13030053496172436,
            -0.3826834323650907 0.9238795325112864 0.0,
            -0.3826834323650907 0.9238795325112864 0.0,
            -0.6564542554554982 0.690200155635008 -0.3044528792042839,
            -0.6564542554554982 0.690200155635008 -0.3044528792042839,
            -0.7071067811865469 0.7071067811865481 0.0,
            -0.7071067811865469 0.7071067811865481 0.0,
            -0.7894672545975427 0.35646457848952934 -0.4996743521539811,
            -0.7894672545975427 0.35646457848952934 -0.4996743521539811,
            -0.9238795325112862 0.38268343236509106 0.0,
            -0.9238795325112862 0.38268343236509106 0.0,
            -1.0 5.659867897735527e-16 0.0,
            -1.0 5.659867897735527e-16 0.0,
            -0.8700221846046782 8.168759766108266e-16 -0.49301257417605826,
            -0.8700221846046782 8.168759766108266e-16 -0.49301257417605826,
            -0.9238795325112868 -0.38268343236508956 0.0,
            -0.9238795325112868 -0.38268343236508956 0.0,
            -0.8037956891870192 -0.33294307583829025 -0.4930125741760583,
            -0.8037956891870192 -0.33294307583829025 -0.4930125741760583,
            -0.7071067811865472 -0.7071067811865477 0.0,
            -0.7071067811865472 -0.7071067811865477 0.0,
            -0.6151985865167022 -0.6151985865167025 -0.4930125741760578,
            -0.6151985865167022 -0.6151985865167025 -0.4930125741760578,
            -0.3826834323650893 -0.923879532511287 0.0,
            -0.3826834323650893 -0.923879532511287 0.0,
            -0.332943075838291 -0.8037956891870189 -0.49301257417605815,
            -0.332943075838291 -0.8037956891870189 -0.49301257417605815,
            0.0 -1.0 0.0,
            0.0 -1.0 0.0,
            0.0 -0.8700221846046783 -0.4930125741760581,
            0.0 -0.8700221846046783 -0.4930125741760581,
            0.38268343236508784 -0.9238795325112875 0.0,
            0.38268343236508784 -0.9238795325112875 0.0,
            0.3329430758382896 -0.8037956891870196 -0.4930125741760581,
            0.3329430758382896 -0.8037956891870196 -0.4930125741760581,
            0.7071067811865468 -0.7071067811865482 0.0,
            0.7071067811865468 -0.7071067811865482 0.0,
            0.6151985865167016 -0.6151985865167028 -0.49301257417605826,
            0.6151985865167016 -0.6151985865167028 -0.49301257417605826,
            0.9238795325112864 -0.38268343236509056 0.0,
            0.9238795325112864 -0.38268343236509056 0.0,
            0.8037956891870183 -0.33294307583829297 -0.493012574176058,
            0.8037956891870183 -0.33294307583829297 -0.493012574176058,
            1.0 0.0 0.0,
            1.0 0.0 0.0,
            0.870022184604678 0.0 -0.4930125741760586,
            0.870022184604678 0.0 -0.4930125741760586,
            0.9238795325112864 0.38268343236509056 0.0,
            0.9238795325112864 0.38268343236509056 0.0,
            0.8037956891870179 0.33294307583829347 -0.49301257417605815,
            0.8037956891870179 0.33294307583829347 -0.49301257417605815,
            0.7071067811865483 0.7071067811865467 0.0,
            0.7071067811865483 0.7071067811865467 0.0,
            0.6151985865167027 0.6151985865167012 -0.49301257417605865,
            0.6151985865167027 0.6151985865167012 -0.49301257417605865,
            0.38268343236509 0.9238795325112866 0.0,
            0.38268343236509 0.9238795325112866 0.0,
            0.3329430758382914 0.8037956891870183 -0.4930125741760591,
            0.3329430758382914 0.8037956891870183 -0.4930125741760591,
            -7.357828267056185e-16 1.0 0.0,
            -7.357828267056185e-16 1.0 0.0,
            -2.6759730268285706e-16 0.8700221846046781 -0.4930125741760585,
            -2.6759730268285706e-16 0.8700221846046781 -0.4930125741760585,
            -0.3826834323650907 0.9238795325112864 0.0,
            -0.3826834323650907 0.9238795325112864 0.0,
            -0.3329430758382918 0.8037956891870186 -0.4930125741760583,
            -0.3329430758382918 0.8037956891870186 -0.4930125741760583,
            -0.7071067811865469 0.7071067811865481 0.0,
            -0.7071067811865469 0.7071067811865481 0.0,
            -0.6151985865167027 0.6151985865167021 -0.49301257417605765,
            -0.6151985865167027 0.6151985865167021 -0.49301257417605765,
            -0.9238795325112862 0.38268343236509106 0.0,
            -0.9238795325112862 0.38268343236509106 0.0,
            -0.8037956891870188 0.33294307583829125 -0.4930125741760582,
            -0.8037956891870188 0.33294307583829125 -0.4930125741760582,
            -0.8700221846046782 8.168759766108266e-16 -0.49301257417605826,
            -0.8700221846046782 8.168759766108266e-16 -0.49301257417605826,
            1.5087817563567132e-16 -1.6921578347988528e-17 -1.0,
            -0.8037956891870192 -0.33294307583829025 -0.4930125741760583,
            -0.8037956891870192 -0.33294307583829025 -0.4930125741760583,
            1.5087817563567132e-16 -1.6921578347988528e-17 -1.0,
            -0.6151985865167022 -0.6151985865167025 -0.4930125741760578,
            -0.6151985865167022 -0.6151985865167025 -0.4930125741760578,
            1.5087817563567132e-16 -1.6921578347988528e-17 -1.0,
            -0.332943075838291 -0.8037956891870189 -0.49301257417605815,
            -0.332943075838291 -0.8037956891870189 -0.49301257417605815,
            1.5087817563567132e-16 -1.6921578347988528e-17 -1.0,
            0.0 -0.8700221846046783 -0.4930125741760581,
            0.0 -0.8700221846046783 -0.4930125741760581,
            1.5087817563567132e-16 -1.6921578347988528e-17 -1.0,
            0.3329430758382896 -0.8037956891870196 -0.4930125741760581,
            0.3329430758382896 -0.8037956891870196 -0.4930125741760581,
            1.5087817563567132e-16 -1.6921578347988528e-17 -1.0,
            0.6151985865167016 -0.6151985865167028 -0.49301257417605826,
            0.6151985865167016 -0.6151985865167028 -0.49301257417605826,
            1.5087817563567132e-16 -1.6921578347988528e-17 -1.0,
            0.8037956891870183 -0.33294307583829297 -0.493012574176058,
            0.8037956891870183 -0.33294307583829297 -0.493012574176058,
            1.5087817563567132e-16 -1.6921578347988528e-17 -1.0,
            0.870022184604678 0.0 -0.4930125741760586,
            0.870022184604678 0.0 -0.4930125741760586,
            1.5087817563567132e-16 -1.6921578347988528e-17 -1.0,
            0.8037956891870179 0.33294307583829347 -0.49301257417605815,
            0.8037956891870179 0.33294307583829347 -0.49301257417605815,
            1.5087817563567132e-16 -1.6921578347988528e-17 -1.0,
            0.6151985865167027 0.6151985865167012 -0.49301257417605865,
            0.6151985865167027 0.6151985865167012 -0.49301257417605865,
            1.5087817563567132e-16 -1.6921578347988528e-17 -1.0,
            0.3329430758382914 0.8037956891870183 -0.4930125741760591,
            0.3329430758382914 0.8037956891870183 -0.4930125741760591,
            1.5087817563567132e-16 -1.6921578347988528e-17 -1.0,
            -2.6759730268285706e-16 0.8700221846046781 -0.4930125741760585,
            -2.6759730268285706e-16 0.8700221846046781 -0.4930125741760585,
            1.5087817563567132e-16 -1.6921578347988528e-17 -1.0,
            -0.3329430758382918 0.8037956891870186 -0.4930125741760583,
            -0.3329430758382918 0.8037956891870186 -0.4930125741760583,
            1.5087817563567132e-16 -1.6921578347988528e-17 -1.0,
            -0.6151985865167027 0.6151985865167021 -0.49301257417605765,
            -0.6151985865167027 0.6151985865167021 -0.49301257417605765,
            1.5087817563567132e-16 -1.6921578347988528e-17 -1.0,
            -0.8037956891870188 0.33294307583829125 -0.4930125741760582,
            -0.8037956891870188 0.33294307583829125 -0.4930125741760582,
            1.5087817563567132e-16 -1.6921578347988528e-17 -1.0,
            0.7408967980070384 1.414921261968943e-16 -0.6716188909663854,
            0.7408967980070384 1.414921261968943e-16 -0.6716188909663854,
            0.6783643670737757 3.1102353502664834e-16 -0.7347256532098194,
            0.6783643670737757 3.1102353502664834e-16 -0.7347256532098194,
            0.684584056949087 -0.3824269275519468 -0.6205596780764177,
            0.684584056949087 -0.3824269275519468 -0.6205596780764177,
            0.6416496045092713 -0.3771550808004568 -0.6678621340213088,
            0.6416496045092713 -0.3771550808004568 -0.6678621340213088,
            0.5241164755081522 -0.7068287026615353 -0.47507378921039556,
            0.5241164755081522 -0.7068287026615353 -0.47507378921039556,
            0.5130895101158185 -0.7024091231033478 -0.4933159012137105,
            0.5130895101158185 -0.7024091231033478 -0.4933159012137105,
            0.28373838293244474 -0.9237729036835326 -0.2571695014401518,
            0.28373838293244474 -0.9237729036835326 -0.2571695014401518,
            0.2865956493833607 -0.9224001272546443 -0.25892265060273506,
            0.2865956493833607 -0.9224001272546443 -0.25892265060273506,
            -3.851156966502859e-6 -0.9999999999848577 -3.931051333773636e-6,
            -3.851156966502859e-6 -0.9999999999848577 -3.931051333773636e-6,
            -9.104743742443257e-4 -0.9999988876155018 -0.0011814415656226421,
            -9.104743742443257e-4 -0.9999988876155018 -0.0011814415656226421,
            -0.2837731674852285 -0.9237722588742053 0.2571334345234947,
            -0.2837731674852285 -0.9237722588742053 0.2571334345234947,
            -0.2961884819588379 -0.9226958516351811 0.24678887440512157,
            -0.2961884819588379 -0.9226958516351811 0.24678887440512157,
            -0.5242153713013405 -0.706826107674707 0.47496852316845284,
            -0.5242153713013405 -0.706826107674707 0.47496852316845284,
            -0.5478223137092828 -0.7040864794255796 0.4518328696457365,
            -0.5478223137092828 -0.7040864794255796 0.4518328696457365,
            -0.6847452693286474 -0.3824239041067936 0.6203836504129974,
            -0.6847452693286474 -0.3824239041067936 0.6203836504129974,
            -0.7153651985978472 -0.3799344253539405 0.5864319782089257,
            -0.7153651985978472 -0.3799344253539405 0.5864319782089257,
            -0.7410832979703723 0.0 0.6714130959918464,
            -0.7410832979703723 0.0 0.6714130959918464,
            -0.7739603594646337 0.0 0.6332340499194392,
            -0.7739603594646337 0.0 0.6332340499194392,
            -0.6847452693286474 0.3824239041067936 0.6203836504129974,
            -0.6847452693286474 0.3824239041067936 0.6203836504129974,
            -0.7153651985978472 0.3799344253539405 0.5864319782089257,
            -0.7153651985978472 0.3799344253539405 0.5864319782089257,
            -0.5242153713013405 0.7068261076747071 0.4749685231684528,
            -0.5242153713013405 0.7068261076747071 0.4749685231684528,
            -0.5478223137092829 0.7040864794255789 0.45183286964573727,
            -0.5478223137092829 0.7040864794255789 0.45183286964573727,
            -0.2837731674852278 0.9237722588742058 0.257133434523494,
            -0.2837731674852278 0.9237722588742058 0.257133434523494,
            -0.29618848195883707 0.9226958516351813 0.24678887440512204,
            -0.29618848195883707 0.9226958516351813 0.24678887440512204,
            -3.851156966502858e-6 0.9999999999848578 -3.931051333731184e-6,
            -3.851156966502858e-6 0.9999999999848578 -3.931051333731184e-6,
            -9.104743742440138e-4 0.9999988876155017 -0.0011814415656225283,
            -9.104743742440138e-4 0.9999988876155017 -0.0011814415656225283,
            0.2837383829324442 0.9237729036835329 -0.25716950144015127,
            0.2837383829324442 0.9237729036835329 -0.25716950144015127,
            0.2865956493833599 0.9224001272546443 -0.2589226506027357,
            0.2865956493833599 0.9224001272546443 -0.2589226506027357,
            0.5241164755081522 0.7068287026615353 -0.4750737892103955,
            0.5241164755081522 0.7068287026615353 -0.4750737892103955,
            0.5130895101158162 0.702409123103348 -0.4933159012137127,
            0.5130895101158162 0.702409123103348 -0.4933159012137127,
            0.684584056949087 0.38242692755194724 -0.6205596780764175,
            0.684584056949087 0.38242692755194724 -0.6205596780764175,
            0.6416496045092692 0.3771550808004581 -0.66786213402131,
            0.6416496045092692 0.3771550808004581 -0.66786213402131,
            0.7408967980070384 1.414921261968943e-16 -0.6716188909663854,
            0.7408967980070384 1.414921261968943e-16 -0.6716188909663854,
            0.7839644095628341 0.0 -0.6208057703813624,
            0.7839644095628341 0.0 -0.6208057703813624,
            0.684584056949087 -0.3824269275519468 -0.6205596780764177,
            0.684584056949087 -0.3824269275519468 -0.6205596780764177,
            0.7294715951045642 -0.3808407070402308 -0.5681826711513648,
            0.7294715951045642 -0.3808407070402308 -0.5681826711513648,
            0.5241164755081522 -0.7068287026615353 -0.47507378921039556,
            0.5241164755081522 -0.7068287026615353 -0.47507378921039556,
            0.5742891887524325 -0.7037018687631917 -0.4183247632895579,
            0.5742891887524325 -0.7037018687631917 -0.4183247632895579,
            0.28373838293244474 -0.9237729036835326 -0.2571695014401518,
            0.28373838293244474 -0.9237729036835326 -0.2571695014401518,
            0.3420423051415325 -0.9194308000402821 -0.19404655480258765,
            0.3420423051415325 -0.9194308000402821 -0.19404655480258765,
            -3.851156966502859e-6 -0.9999999999848577 -3.931051333773636e-6,
            -3.851156966502859e-6 -0.9999999999848577 -3.931051333773636e-6,
            0.06808842697838142 -0.9951847266721972 0.07050763015442987,
            0.06808842697838142 -0.9951847266721972 0.07050763015442987,
            -0.2837731674852285 -0.9237722588742053 0.2571334345234947,
            -0.2837731674852285 -0.9237722588742053 0.2571334345234947,
            -0.20586545118476876 -0.9194308000402812 0.335061815111451,
            -0.20586545118476876 -0.9194308000402812 0.335061815111451,
            -0.5242153713013405 -0.706826107674707 0.47496852316845284,
            -0.5242153713013405 -0.706826107674707 0.47496852316845284,
            -0.43811233479566614 -0.7037018687631903 0.5593400235984227,
            -0.43811233479566614 -0.7037018687631903 0.5593400235984227,
            -0.6847452693286474 -0.3824239041067936 0.6203836504129974,
            -0.6847452693286474 -0.3824239041067936 0.6203836504129974,
            -0.593294741147797 -0.38084070704023276 0.7091979314602266,
            -0.593294741147797 -0.38084070704023276 0.7091979314602266,
            -0.7410832979703723 0.0 0.6714130959918464,
            -0.7410832979703723 0.0 0.6714130959918464,
            -0.6477875556060676 1.8391207295883253e-16 0.7618210306902243,
            -0.6477875556060676 1.8391207295883253e-16 0.7618210306902243,
            -0.6847452693286474 0.3824239041067936 0.6203836504129974,
            -0.6847452693286474 0.3824239041067936 0.6203836504129974,
            -0.5932947411477951 0.3808407070402325 0.7091979314602282,
            -0.5932947411477951 0.3808407070402325 0.7091979314602282,
            -0.5242153713013405 0.7068261076747071 0.4749685231684528,
            -0.5242153713013405 0.7068261076747071 0.4749685231684528,
            -0.4381123347956631 0.7037018687631901 0.5593400235984253,
            -0.4381123347956631 0.7037018687631901 0.5593400235984253,
            -0.2837731674852278 0.9237722588742058 0.257133434523494,
            -0.2837731674852278 0.9237722588742058 0.257133434523494,
            -0.20586545118476474 0.9194308000402811 0.3350618151114537,
            -0.20586545118476474 0.9194308000402811 0.3350618151114537,
            -3.851156966502858e-6 0.9999999999848578 -3.931051333731184e-6,
            -3.851156966502858e-6 0.9999999999848578 -3.931051333731184e-6,
            0.06808842697838494 0.9951847266721966 0.07050763015443368,
            0.06808842697838494 0.9951847266721966 0.07050763015443368,
            0.2837383829324442 0.9237729036835329 -0.25716950144015127,
            0.2837383829324442 0.9237729036835329 -0.25716950144015127,
            0.34204230514153394 0.9194308000402821 -0.19404655480258481,
            0.34204230514153394 0.9194308000402821 -0.19404655480258481,
            0.5241164755081522 0.7068287026615353 -0.4750737892103955,
            0.5241164755081522 0.7068287026615353 -0.4750737892103955,
            0.5742891887524326 0.7037018687631919 -0.4183247632895574,
            0.5742891887524326 0.7037018687631919 -0.4183247632895574,
            0.684584056949087 0.38242692755194724 -0.6205596780764175,
            0.684584056949087 0.38242692755194724 -0.6205596780764175,
            0.7294715951045642 0.3808407070402308 -0.5681826711513648,
            0.7294715951045642 0.3808407070402308 -0.5681826711513648,
            0.8066299871365372 -1.5492140808382068e-16 -0.591056734884317,
            0.8066299871365372 -1.5492140808382068e-16 -0.591056734884317,
            1.0 -3.8204108309714803e-16 0.0,
            1.0 -3.8204108309714803e-16 0.0,
            0.7894672545975453 -0.35646457848952867 -0.4996743521539777,
            0.7894672545975453 -0.35646457848952867 -0.4996743521539777,
            0.9238795325112872 -0.38268343236508884 0.0,
            0.9238795325112872 -0.38268343236508884 0.0,
            0.6564542554554997 -0.6902001556350077 -0.30445287920428143,
            0.6564542554554997 -0.6902001556350077 -0.30445287920428143,
            0.7071067811865475 -0.7071067811865475 0.0,
            0.7071067811865475 -0.7071067811865475 0.0,
            0.36945018239000327 -0.9200697437263555 -0.1303005349617248,
            0.36945018239000327 -0.9200697437263555 -0.1303005349617248,
            0.3826834323650894 -0.923879532511287 0.0,
            0.3826834323650894 -0.923879532511287 0.0,
            -5.539917862429186e-4 -0.9999916658031004 -0.004044924899330323,
            -5.539917862429186e-4 -0.9999916658031004 -0.004044924899330323,
            -3.678914133528093e-16 -1.0 0.0,
            -3.678914133528093e-16 -1.0 0.0,
            -0.3766995589593341 -0.9221857248655949 0.08758385201599915,
            -0.3766995589593341 -0.9221857248655949 0.08758385201599915,
            -0.38268343236509067 -0.9238795325112864 0.0,
            -0.38268343236509067 -0.9238795325112864 0.0,
            -0.6946478906864473 -0.7030835000848161 0.15211147186637106,
            -0.6946478906864473 -0.7030835000848161 0.15211147186637106,
            -0.7071067811865483 -0.7071067811865467 0.0,
            -0.7071067811865483 -0.7071067811865467 0.0,
            -0.9053868070475795 -0.37917139073577866 0.19105964009095308,
            -0.9053868070475795 -0.37917139073577866 0.19105964009095308,
            -0.9238795325112864 -0.38268343236509056 0.0,
            -0.9238795325112864 -0.38268343236509056 0.0,
            -0.9789448918181245 0.0 0.20412471379820904,
            -0.9789448918181245 0.0 0.20412471379820904,
            -1.0 0.0 0.0,
            -1.0 0.0 0.0,
            -0.9053868070475795 0.37917139073577866 0.19105964009095308,
            -0.9053868070475795 0.37917139073577866 0.19105964009095308,
            -0.9238795325112864 0.38268343236509056 0.0,
            -0.9238795325112864 0.38268343236509056 0.0,
            -0.6946478906864483 0.7030835000848155 0.1521114718663704,
            -0.6946478906864483 0.7030835000848155 0.1521114718663704,
            -0.7071067811865483 0.7071067811865467 0.0,
            -0.7071067811865483 0.7071067811865467 0.0,
            -0.37669955895933405 0.9221857248655951 0.08758385201599785,
            -0.37669955895933405 0.9221857248655951 0.08758385201599785,
            -0.38268343236508984 0.9238795325112866 0.0,
            -0.38268343236508984 0.9238795325112866 0.0,
            -5.539917862425786e-4 0.9999916658031003 -0.004044924899330753,
            -5.539917862425786e-4 0.9999916658031003 -0.004044924899330753,
            -3.6789141335280917e-16 1.0 0.0,
            -3.6789141335280917e-16 1.0 0.0,
            0.3694501823900027 0.9200697437263557 -0.13030053496172578,
            0.3694501823900027 0.9200697437263557 -0.13030053496172578,
            0.3826834323650895 0.9238795325112867 0.0,
            0.3826834323650895 0.9238795325112867 0.0,
            0.656454255455498 0.6902001556350079 -0.3044528792042849,
            0.656454255455498 0.6902001556350079 -0.3044528792042849,
            0.7071067811865465 0.7071067811865487 0.0,
            0.7071067811865465 0.7071067811865487 0.0,
            0.7894672545975427 0.35646457848952934 -0.4996743521539811,
            0.7894672545975427 0.35646457848952934 -0.4996743521539811,
            0.9238795325112863 0.382683432365091 0.0,
            0.9238795325112863 0.382683432365091 0.0,
            1.0 -3.8204108309714803e-16 0.0,
            1.0 -3.8204108309714803e-16 0.0,
            0.8700221846046782 2.112610284338345e-16 -0.4930125741760582,
            0.8700221846046782 2.112610284338345e-16 -0.4930125741760582,
            0.9238795325112872 -0.38268343236508884 0.0,
            0.9238795325112872 -0.38268343236508884 0.0,
            0.8037956891870192 -0.33294307583829036 -0.4930125741760583,
            0.8037956891870192 -0.33294307583829036 -0.4930125741760583,
            0.7071067811865475 -0.7071067811865475 0.0,
            0.7071067811865475 -0.7071067811865475 0.0,
            0.6151985865167018 -0.6151985865167025 -0.4930125741760584,
            0.6151985865167018 -0.6151985865167025 -0.4930125741760584,
            0.3826834323650894 -0.923879532511287 0.0,
            0.3826834323650894 -0.923879532511287 0.0,
            0.3329430758382902 -0.803795689187019 -0.49301257417605854,
            0.3329430758382902 -0.803795689187019 -0.49301257417605854,
            -3.678914133528093e-16 -1.0 0.0,
            -3.678914133528093e-16 -1.0 0.0,
            -3.9435391974315776e-16 -0.8700221846046781 -0.4930125741760585,
            -3.9435391974315776e-16 -0.8700221846046781 -0.4930125741760585,
            -0.38268343236509067 -0.9238795325112864 0.0,
            -0.38268343236509067 -0.9238795325112864 0.0,
            -0.3329430758382923 -0.8037956891870183 -0.49301257417605837,
            -0.3329430758382923 -0.8037956891870183 -0.49301257417605837,
            -0.7071067811865483 -0.7071067811865467 0.0,
            -0.7071067811865483 -0.7071067811865467 0.0,
            -0.6151985865167036 -0.615198586516701 -0.4930125741760581,
            -0.6151985865167036 -0.615198586516701 -0.4930125741760581,
            -0.9238795325112864 -0.38268343236509056 0.0,
            -0.9238795325112864 -0.38268343236509056 0.0,
            -0.8037956891870183 -0.33294307583829297 -0.493012574176058,
            -0.8037956891870183 -0.33294307583829297 -0.493012574176058,
            -1.0 0.0 0.0,
            -1.0 0.0 0.0,
            -0.870022184604678 0.0 -0.4930125741760586,
            -0.870022184604678 0.0 -0.4930125741760586,
            -0.9238795325112864 0.38268343236509056 0.0,
            -0.9238795325112864 0.38268343236509056 0.0,
            -0.8037956891870179 0.33294307583829347 -0.49301257417605815,
            -0.8037956891870179 0.33294307583829347 -0.49301257417605815,
            -0.7071067811865483 0.7071067811865467 0.0,
            -0.7071067811865483 0.7071067811865467 0.0,
            -0.6151985865167038 0.6151985865167007 -0.49301257417605837,
            -0.6151985865167038 0.6151985865167007 -0.49301257417605837,
            -0.38268343236508984 0.9238795325112866 0.0,
            -0.38268343236508984 0.9238795325112866 0.0,
            -0.33294307583829263 0.8037956891870179 -0.49301257417605876,
            -0.33294307583829263 0.8037956891870179 -0.49301257417605876,
            -3.6789141335280917e-16 1.0 0.0,
            -3.6789141335280917e-16 1.0 0.0,
            -5.915308796147365e-16 0.8700221846046782 -0.49301257417605815,
            -5.915308796147365e-16 0.8700221846046782 -0.49301257417605815,
            0.3826834323650895 0.9238795325112867 0.0,
            0.3826834323650895 0.9238795325112867 0.0,
            0.33294307583829025 0.803795689187019 -0.4930125741760584,
            0.33294307583829025 0.803795689187019 -0.4930125741760584,
            0.7071067811865465 0.7071067811865487 0.0,
            0.7071067811865465 0.7071067811865487 0.0,
            0.6151985865167019 0.6151985865167028 -0.4930125741760581,
            0.6151985865167019 0.6151985865167028 -0.4930125741760581,
            0.9238795325112863 0.382683432365091 0.0,
            0.9238795325112863 0.382683432365091 0.0,
            0.8037956891870186 0.3329430758382916 -0.4930125741760584,
            0.8037956891870186 0.3329430758382916 -0.4930125741760584,
            0.8700221846046782 2.112610284338345e-16 -0.4930125741760582,
            0.8700221846046782 2.112610284338345e-16 -0.4930125741760582,
            -8.382120868648413e-17 -1.692157834798878e-17 -1.0,
            0.8037956891870192 -0.33294307583829036 -0.4930125741760583,
            0.8037956891870192 -0.33294307583829036 -0.4930125741760583,
            -8.382120868648413e-17 -1.692157834798878e-17 -1.0,
            0.6151985865167018 -0.6151985865167025 -0.4930125741760584,
            0.6151985865167018 -0.6151985865167025 -0.4930125741760584,
            -8.382120868648413e-17 -1.692157834798878e-17 -1.0,
            0.3329430758382902 -0.803795689187019 -0.49301257417605854,
            0.3329430758382902 -0.803795689187019 -0.49301257417605854,
            -8.382120868648413e-17 -1.692157834798878e-17 -1.0,
            -3.9435391974315776e-16 -0.8700221846046781 -0.4930125741760585,
            -3.9435391974315776e-16 -0.8700221846046781 -0.4930125741760585,
            -8.382120868648413e-17 -1.692157834798878e-17 -1.0,
            -0.3329430758382923 -0.8037956891870183 -0.49301257417605837,
            -0.3329430758382923 -0.8037956891870183 -0.49301257417605837,
            -8.382120868648413e-17 -1.692157834798878e-17 -1.0,
            -0.6151985865167036 -0.615198586516701 -0.4930125741760581,
            -0.6151985865167036 -0.615198586516701 -0.4930125741760581,
            -8.382120868648413e-17 -1.692157834798878e-17 -1.0,
            -0.8037956891870183 -0.33294307583829297 -0.493012574176058,
            -0.8037956891870183 -0.33294307583829297 -0.493012574176058,
            -8.382120868648413e-17 -1.692157834798878e-17 -1.0,
            -0.870022184604678 0.0 -0.4930125741760586,
            -0.870022184604678 0.0 -0.4930125741760586,
            -8.382120868648413e-17 -1.692157834798878e-17 -1.0,
            -0.8037956891870179 0.33294307583829347 -0.49301257417605815,
            -0.8037956891870179 0.33294307583829347 -0.49301257417605815,
            -8.382120868648413e-17 -1.692157834798878e-17 -1.0,
            -0.6151985865167038 0.6151985865167007 -0.49301257417605837,
            -0.6151985865167038 0.6151985865167007 -0.49301257417605837,
            -8.382120868648413e-17 -1.692157834798878e-17 -1.0,
            -0.33294307583829263 0.8037956891870179 -0.49301257417605876,
            -0.33294307583829263 0.8037956891870179 -0.49301257417605876,
            -8.382120868648413e-17 -1.692157834798878e-17 -1.0,
            -5.915308796147365e-16 0.8700221846046782 -0.49301257417605815,
            -5.915308796147365e-16 0.8700221846046782 -0.49301257417605815,
            -8.382120868648413e-17 -1.692157834798878e-17 -1.0,
            0.33294307583829025 0.803795689187019 -0.4930125741760584,
            0.33294307583829025 0.803795689187019 -0.4930125741760584,
            -8.382120868648413e-17 -1.692157834798878e-17 -1.0,
            0.6151985865167019 0.6151985865167028 -0.4930125741760581,
            0.6151985865167019 0.6151985865167028 -0.4930125741760581,
            -8.382120868648413e-17 -1.692157834798878e-17 -1.0,
            0.8037956891870186 0.3329430758382916 -0.4930125741760584,
            0.8037956891870186 0.3329430758382916 -0.4930125741760584,
            -8.382120868648413e-17 -1.692157834798878e-17 -1.0 ]
        }
        normalIndex [
          291, 295, 359, 355, -1,
          293, 352, 490, 487, -1,
          290, 354, 414, 350, -1,
          292, 486, 482, 296, -1,
          294, 299, 363, 358, -1,
          297, 483, 543, 301, -1,
          298, 303, 367, 362, -1,
          300, 542, 539, 305, -1,
          302, 307, 371, 366, -1,
          304, 538, 535, 309, -1,
          306, 311, 375, 370, -1,
          308, 534, 531, 313, -1,
          310, 315, 379, 374, -1,
          312, 530, 527, 317, -1,
          314, 319, 383, 378, -1,
          316, 526, 523, 321, -1,
          318, 323, 387, 382, -1,
          320, 522, 519, 325, -1,
          322, 327, 391, 386, -1,
          324, 518, 515, 329, -1,
          326, 331, 395, 390, -1,
          328, 514, 511, 333, -1,
          330, 335, 399, 394, -1,
          332, 510, 507, 337, -1,
          334, 339, 403, 398, -1,
          336, 506, 503, 341, -1,
          338, 343, 407, 402, -1,
          340, 502, 499, 345, -1,
          342, 347, 411, 406, -1,
          344, 498, 495, 349, -1,
          346, 351, 415, 410, -1,
          348, 494, 491, 353, -1,
          356, 360, 422, 418, -1,
          357, 419, 479, 417, -1,
          361, 364, 426, 423, -1,
          365, 368, 430, 427, -1,
          369, 372, 434, 431, -1,
          373, 376, 438, 435, -1,
          377, 380, 442, 439, -1,
          381, 384, 446, 443, -1,
          385, 388, 450, 447, -1,
          389, 392, 454, 451, -1,
          393, 396, 458, 455, -1,
          397, 400, 462, 459, -1,
          401, 404, 466, 463, -1,
          405, 408, 470, 467, -1,
          409, 412, 474, 471, -1,
          413, 416, 478, 475, -1,
          420, 424, 549, 546, -1,
          421, 547, 592, 481, -1,
          425, 428, 552, 550, -1,
          429, 432, 555, 553, -1,
          433, 436, 558, 556, -1,
          437, 440, 561, 559, -1,
          441, 444, 564, 562, -1,
          445, 448, 567, 565, -1,
          449, 452, 570, 568, -1,
          453, 456, 573, 571, -1,
          457, 460, 576, 574, -1,
          461, 464, 579, 577, -1,
          465, 468, 582, 580, -1,
          469, 472, 585, 583, -1,
          473, 476, 588, 586, -1,
          477, 480, 591, 589, -1,
          484, 488, 597, 594, -1,
          485, 595, 640, 545, -1,
          489, 492, 600, 598, -1,
          493, 496, 603, 601, -1,
          497, 500, 606, 604, -1,
          501, 504, 609, 607, -1,
          505, 508, 612, 610, -1,
          509, 512, 615, 613, -1,
          513, 516, 618, 616, -1,
          517, 520, 621, 619, -1,
          521, 524, 624, 622, -1,
          525, 528, 627, 625, -1,
          529, 532, 630, 628, -1,
          533, 536, 633, 631, -1,
          537, 540, 636, 634, -1,
          541, 544, 639, 637, -1,
          548, 551, 554, 557, 560, 563, 566, 569, 572, 575, 578, 581, 584, 587, 590, 593, -1,
          596, 599, 602, 605, 608, 611, 614, 617, 620, 623, 626, 629, 632, 635, 638, 641, -1,
          643, 647, 711, 707, -1,
          645, 705, 128, 113, -1,
          642, 706, 766, 702, -1,
          644, 113, 114, 648, -1,
          646, 651, 715, 710, -1,
          649, 114, 115, 652, -1,
          650, 655, 719, 714, -1,
          653, 115, 116, 656, -1,
          654, 659, 723, 718, -1,
          657, 116, 117, 660, -1,
          658, 663, 727, 722, -1,
          661, 117, 118, 664, -1,
          662, 667, 731, 726, -1,
          665, 118, 119, 668, -1,
          666, 671, 735, 730, -1,
          669, 119, 120, 672, -1,
          670, 675, 739, 734, -1,
          673, 120, 121, 676, -1,
          674, 679, 743, 738, -1,
          677, 121, 122, 680, -1,
          678, 683, 747, 742, -1,
          681, 122, 123, 684, -1,
          682, 687, 751, 746, -1,
          685, 123, 124, 688, -1,
          686, 691, 755, 750, -1,
          689, 124, 125, 692, -1,
          690, 695, 759, 754, -1,
          693, 125, 126, 696, -1,
          694, 699, 763, 758, -1,
          697, 126, 127, 700, -1,
          698, 703, 767, 762, -1,
          701, 127, 128, 704, -1,
          0, 1, 112, -1,
          0, 15, 31, 16, -1,
          0, 16, 17, 1, -1,
          0, 112, 15, -1,
          1, 2, 112, -1,
          1, 17, 18, 2, -1,
          2, 3, 112, -1,
          2, 18, 19, 3, -1,
          3, 4, 112, -1,
          3, 19, 20, 4, -1,
          4, 5, 112, -1,
          4, 20, 21, 5, -1,
          5, 6, 112, -1,
          5, 21, 22, 6, -1,
          6, 7, 112, -1,
          6, 22, 23, 7, -1,
          7, 8, 112, -1,
          7, 23, 24, 8, -1,
          8, 9, 112, -1,
          8, 24, 25, 9, -1,
          9, 10, 112, -1,
          9, 25, 26, 10, -1,
          10, 11, 112, -1,
          10, 26, 27, 11, -1,
          11, 12, 112, -1,
          11, 27, 28, 12, -1,
          12, 13, 112, -1,
          12, 28, 29, 13, -1,
          13, 14, 112, -1,
          13, 29, 30, 14, -1,
          14, 15, 112, -1,
          14, 30, 31, 15, -1,
          16, 31, 47, 32, -1,
          16, 32, 33, 17, -1,
          17, 33, 34, 18, -1,
          18, 34, 35, 19, -1,
          19, 35, 36, 20, -1,
          20, 36, 37, 21, -1,
          21, 37, 38, 22, -1,
          22, 38, 39, 23, -1,
          23, 39, 40, 24, -1,
          24, 40, 41, 25, -1,
          25, 41, 42, 26, -1,
          26, 42, 43, 27, -1,
          27, 43, 44, 28, -1,
          28, 44, 45, 29, -1,
          29, 45, 46, 30, -1,
          30, 46, 47, 31, -1,
          32, 47, 63, 48, -1,
          32, 48, 49, 33, -1,
          33, 49, 50, 34, -1,
          34, 50, 51, 35, -1,
          35, 51, 52, 36, -1,
          36, 52, 53, 37, -1,
          37, 53, 54, 38, -1,
          38, 54, 55, 39, -1,
          39, 55, 56, 40, -1,
          40, 56, 57, 41, -1,
          41, 57, 58, 42, -1,
          42, 58, 59, 43, -1,
          43, 59, 60, 44, -1,
          44, 60, 61, 45, -1,
          45, 61, 62, 46, -1,
          46, 62, 63, 47, -1,
          48, 63, 79, 64, -1,
          48, 64, 65, 49, -1,
          49, 65, 66, 50, -1,
          50, 66, 67, 51, -1,
          51, 67, 68, 52, -1,
          52, 68, 69, 53, -1,
          53, 69, 70, 54, -1,
          54, 70, 71, 55, -1,
          55, 71, 72, 56, -1,
          56, 72, 73, 57, -1,
          57, 73, 74, 58, -1,
          58, 74, 75, 59, -1,
          59, 75, 76, 60, -1,
          60, 76, 77, 61, -1,
          61, 77, 78, 62, -1,
          62, 78, 79, 63, -1,
          64, 79, 95, 80, -1,
          64, 80, 81, 65, -1,
          65, 81, 82, 66, -1,
          66, 82, 83, 67, -1,
          67, 83, 84, 68, -1,
          68, 84, 85, 69, -1,
          69, 85, 86, 70, -1,
          70, 86, 87, 71, -1,
          71, 87, 88, 72, -1,
          72, 88, 89, 73, -1,
          73, 89, 90, 74, -1,
          74, 90, 91, 75, -1,
          75, 91, 92, 76, -1,
          76, 92, 93, 77, -1,
          77, 93, 94, 78, -1,
          78, 94, 95, 79, -1,
          80, 95, 111, 96, -1,
          80, 96, 97, 81, -1,
          81, 97, 98, 82, -1,
          82, 98, 99, 83, -1,
          83, 99, 100, 84, -1,
          84, 100, 101, 85, -1,
          85, 101, 102, 86, -1,
          86, 102, 103, 87, -1,
          87, 103, 104, 88, -1,
          88, 104, 105, 89, -1,
          89, 105, 106, 90, -1,
          90, 106, 107, 91, -1,
          91, 107, 108, 92, -1,
          92, 108, 109, 93, -1,
          93, 109, 110, 94, -1,
          94, 110, 111, 95, -1,
          96, 111, 769, 709, -1,
          96, 708, 712, 97, -1,
          97, 713, 716, 98, -1,
          98, 717, 720, 99, -1,
          99, 721, 724, 100, -1,
          100, 725, 728, 101, -1,
          101, 729, 732, 102, -1,
          102, 733, 736, 103, -1,
          103, 737, 740, 104, -1,
          104, 741, 744, 105, -1,
          105, 745, 748, 106, -1,
          106, 749, 752, 107, -1,
          107, 753, 756, 108, -1,
          108, 757, 760, 109, -1,
          109, 761, 764, 110, -1,
          110, 765, 768, 111, -1,
          113, 128, 144, 129, -1,
          113, 129, 130, 114, -1,
          114, 130, 131, 115, -1,
          115, 131, 132, 116, -1,
          116, 132, 133, 117, -1,
          117, 133, 134, 118, -1,
          118, 134, 135, 119, -1,
          119, 135, 136, 120, -1,
          120, 136, 137, 121, -1,
          121, 137, 138, 122, -1,
          122, 138, 139, 123, -1,
          123, 139, 140, 124, -1,
          124, 140, 141, 125, -1,
          125, 141, 142, 126, -1,
          126, 142, 143, 127, -1,
          127, 143, 144, 128, -1,
          129, 144, 831, 771, -1,
          129, 770, 774, 130, -1,
          130, 775, 778, 131, -1,
          131, 779, 782, 132, -1,
          132, 783, 786, 133, -1,
          133, 787, 790, 134, -1,
          134, 791, 794, 135, -1,
          135, 795, 798, 136, -1,
          136, 799, 802, 137, -1,
          137, 803, 806, 138, -1,
          138, 807, 810, 139, -1,
          139, 811, 814, 140, -1,
          140, 815, 818, 141, -1,
          141, 819, 822, 142, -1,
          142, 823, 826, 143, -1,
          143, 827, 830, 144, -1,
          773, 833, 895, 835, -1,
          772, 834, 838, 776, -1,
          777, 839, 842, 780, -1,
          781, 843, 846, 784, -1,
          785, 847, 850, 788, -1,
          789, 851, 854, 792, -1,
          793, 855, 858, 796, -1,
          797, 859, 862, 800, -1,
          801, 863, 866, 804, -1,
          805, 867, 870, 808, -1,
          809, 871, 874, 812, -1,
          813, 875, 878, 816, -1,
          817, 879, 882, 820, -1,
          821, 883, 886, 824, -1,
          825, 887, 890, 828, -1,
          829, 891, 894, 832, -1,
          837, 897, 944, 899, -1,
          836, 898, 901, 840, -1,
          841, 902, 904, 844, -1,
          845, 905, 907, 848, -1,
          849, 908, 910, 852, -1,
          853, 911, 913, 856, -1,
          857, 914, 916, 860, -1,
          861, 917, 919, 864, -1,
          865, 920, 922, 868, -1,
          869, 923, 925, 872, -1,
          873, 926, 928, 876, -1,
          877, 929, 931, 880, -1,
          881, 932, 934, 884, -1,
          885, 935, 937, 888, -1,
          889, 938, 940, 892, -1,
          893, 941, 943, 896, -1,
          900, 945, 942, 939, 936, 933, 930, 927, 924, 921, 918, 915, 912, 909, 906, 903, -1,
          948, 952, 259, 258, -1,
          946, 1006, 1070, 1010, -1,
          947, 1011, 1015, 951, -1,
          949, 258, 273, 1009, -1,
          953, 956, 260, 259, -1,
          950, 1014, 1019, 955, -1,
          957, 960, 261, 260, -1,
          954, 1018, 1023, 959, -1,
          961, 964, 262, 261, -1,
          958, 1022, 1027, 963, -1,
          965, 968, 263, 262, -1,
          962, 1026, 1031, 967, -1,
          969, 972, 264, 263, -1,
          966, 1030, 1035, 971, -1,
          973, 976, 265, 264, -1,
          970, 1034, 1039, 975, -1,
          977, 980, 266, 265, -1,
          974, 1038, 1043, 979, -1,
          981, 984, 267, 266, -1,
          978, 1042, 1047, 983, -1,
          985, 988, 268, 267, -1,
          982, 1046, 1051, 987, -1,
          989, 992, 269, 268, -1,
          986, 1050, 1055, 991, -1,
          993, 996, 270, 269, -1,
          990, 1054, 1059, 995, -1,
          997, 1000, 271, 270, -1,
          994, 1058, 1063, 999, -1,
          1001, 1004, 272, 271, -1,
          998, 1062, 1067, 1003, -1,
          1005, 1008, 273, 272, -1,
          1002, 1066, 1071, 1007, -1,
          145, 146, 162, 161, -1,
          145, 160, 257, -1,
          145, 161, 176, 160, -1,
          145, 257, 146, -1,
          146, 147, 163, 162, -1,
          146, 257, 147, -1,
          147, 148, 164, 163, -1,
          147, 257, 148, -1,
          148, 149, 165, 164, -1,
          148, 257, 149, -1,
          149, 150, 166, 165, -1,
          149, 257, 150, -1,
          150, 151, 167, 166, -1,
          150, 257, 151, -1,
          151, 152, 168, 167, -1,
          151, 257, 152, -1,
          152, 153, 169, 168, -1,
          152, 257, 153, -1,
          153, 154, 170, 169, -1,
          153, 257, 154, -1,
          154, 155, 171, 170, -1,
          154, 257, 155, -1,
          155, 156, 172, 171, -1,
          155, 257, 156, -1,
          156, 157, 173, 172, -1,
          156, 257, 157, -1,
          157, 158, 174, 173, -1,
          157, 257, 158, -1,
          158, 159, 175, 174, -1,
          158, 257, 159, -1,
          159, 160, 176, 175, -1,
          159, 257, 160, -1,
          161, 162, 178, 177, -1,
          161, 177, 192, 176, -1,
          162, 163, 179, 178, -1,
          163, 164, 180, 179, -1,
          164, 165, 181, 180, -1,
          165, 166, 182, 181, -1,
          166, 167, 183, 182, -1,
          167, 168, 184, 183, -1,
          168, 169, 185, 184, -1,
          169, 170, 186, 185, -1,
          170, 171, 187, 186, -1,
          171, 172, 188, 187, -1,
          172, 173, 189, 188, -1,
          173, 174, 190, 189, -1,
          174, 175, 191, 190, -1,
          175, 176, 192, 191, -1,
          177, 178, 194, 193, -1,
          177, 193, 208, 192, -1,
          178, 179, 195, 194, -1,
          179, 180, 196, 195, -1,
          180, 181, 197, 196, -1,
          181, 182, 198, 197, -1,
          182, 183, 199, 198, -1,
          183, 184, 200, 199, -1,
          184, 185, 201, 200, -1,
          185, 186, 202, 201, -1,
          186, 187, 203, 202, -1,
          187, 188, 204, 203, -1,
          188, 189, 205, 204, -1,
          189, 190, 206, 205, -1,
          190, 191, 207, 206, -1,
          191, 192, 208, 207, -1,
          193, 194, 210, 209, -1,
          193, 209, 224, 208, -1,
          194, 195, 211, 210, -1,
          195, 196, 212, 211, -1,
          196, 197, 213, 212, -1,
          197, 198, 214, 213, -1,
          198, 199, 215, 214, -1,
          199, 200, 216, 215, -1,
          200, 201, 217, 216, -1,
          201, 202, 218, 217, -1,
          202, 203, 219, 218, -1,
          203, 204, 220, 219, -1,
          204, 205, 221, 220, -1,
          205, 206, 222, 221, -1,
          206, 207, 223, 222, -1,
          207, 208, 224, 223, -1,
          209, 210, 226, 225, -1,
          209, 225, 240, 224, -1,
          210, 211, 227, 226, -1,
          211, 212, 228, 227, -1,
          212, 213, 229, 228, -1,
          213, 214, 230, 229, -1,
          214, 215, 231, 230, -1,
          215, 216, 232, 231, -1,
          216, 217, 233, 232, -1,
          217, 218, 234, 233, -1,
          218, 219, 235, 234, -1,
          219, 220, 236, 235, -1,
          220, 221, 237, 236, -1,
          221, 222, 238, 237, -1,
          222, 223, 239, 238, -1,
          223, 224, 240, 239, -1,
          225, 226, 242, 241, -1,
          225, 241, 256, 240, -1,
          226, 227, 243, 242, -1,
          227, 228, 244, 243, -1,
          228, 229, 245, 244, -1,
          229, 230, 246, 245, -1,
          230, 231, 247, 246, -1,
          231, 232, 248, 247, -1,
          232, 233, 249, 248, -1,
          233, 234, 250, 249, -1,
          234, 235, 251, 250, -1,
          235, 236, 252, 251, -1,
          236, 237, 253, 252, -1,
          237, 238, 254, 253, -1,
          238, 239, 255, 254, -1,
          239, 240, 256, 255, -1,
          241, 242, 1016, 1012, -1,
          241, 1013, 1073, 256, -1,
          242, 243, 1020, 1017, -1,
          243, 244, 1024, 1021, -1,
          244, 245, 1028, 1025, -1,
          245, 246, 1032, 1029, -1,
          246, 247, 1036, 1033, -1,
          247, 248, 1040, 1037, -1,
          248, 249, 1044, 1041, -1,
          249, 250, 1048, 1045, -1,
          250, 251, 1052, 1049, -1,
          251, 252, 1056, 1053, -1,
          252, 253, 1060, 1057, -1,
          253, 254, 1064, 1061, -1,
          254, 255, 1068, 1065, -1,
          255, 256, 1072, 1069, -1,
          258, 259, 275, 274, -1,
          258, 274, 289, 273, -1,
          259, 260, 276, 275, -1,
          260, 261, 277, 276, -1,
          261, 262, 278, 277, -1,
          262, 263, 279, 278, -1,
          263, 264, 280, 279, -1,
          264, 265, 281, 280, -1,
          265, 266, 282, 281, -1,
          266, 267, 283, 282, -1,
          267, 268, 284, 283, -1,
          268, 269, 285, 284, -1,
          269, 270, 286, 285, -1,
          270, 271, 287, 286, -1,
          271, 272, 288, 287, -1,
          272, 273, 289, 288, -1,
          274, 275, 1078, 1074, -1,
          274, 1075, 1135, 289, -1,
          275, 276, 1082, 1079, -1,
          276, 277, 1086, 1083, -1,
          277, 278, 1090, 1087, -1,
          278, 279, 1094, 1091, -1,
          279, 280, 1098, 1095, -1,
          280, 281, 1102, 1099, -1,
          281, 282, 1106, 1103, -1,
          282, 283, 1110, 1107, -1,
          283, 284, 1114, 1111, -1,
          284, 285, 1118, 1115, -1,
          285, 286, 1122, 1119, -1,
          286, 287, 1126, 1123, -1,
          287, 288, 1130, 1127, -1,
          288, 289, 1134, 1131, -1,
          1076, 1080, 1142, 1138, -1,
          1077, 1139, 1199, 1137, -1,
          1081, 1084, 1146, 1143, -1,
          1085, 1088, 1150, 1147, -1,
          1089, 1092, 1154, 1151, -1,
          1093, 1096, 1158, 1155, -1,
          1097, 1100, 1162, 1159, -1,
          1101, 1104, 1166, 1163, -1,
          1105, 1108, 1170, 1167, -1,
          1109, 1112, 1174, 1171, -1,
          1113, 1116, 1178, 1175, -1,
          1117, 1120, 1182, 1179, -1,
          1121, 1124, 1186, 1183, -1,
          1125, 1128, 1190, 1187, -1,
          1129, 1132, 1194, 1191, -1,
          1133, 1136, 1198, 1195, -1,
          1140, 1144, 1205, 1202, -1,
          1141, 1203, 1248, 1201, -1,
          1145, 1148, 1208, 1206, -1,
          1149, 1152, 1211, 1209, -1,
          1153, 1156, 1214, 1212, -1,
          1157, 1160, 1217, 1215, -1,
          1161, 1164, 1220, 1218, -1,
          1165, 1168, 1223, 1221, -1,
          1169, 1172, 1226, 1224, -1,
          1173, 1176, 1229, 1227, -1,
          1177, 1180, 1232, 1230, -1,
          1181, 1184, 1235, 1233, -1,
          1185, 1188, 1238, 1236, -1,
          1189, 1192, 1241, 1239, -1,
          1193, 1196, 1244, 1242, -1,
          1197, 1200, 1247, 1245, -1,
          1204, 1207, 1210, 1213, 1216, 1219, 1222, 1225, 1228, 1231, 1234, 1237, 1240, 1243, 1246, 1249, -1 ]
      }
    }

  ]
}

