#VRML V2.0 utf8
#Exported from Wings 3D 2.4.1
DEF Cylinder7_copy8 Transform {
  children [
    Shape {
      appearance Appearance {
        material DEF pins Material {
          diffuseColor 0.6 0.6 0.6
          emissiveColor 0.0 0.0 0.0
          specularColor 0.5999999905136262 0.5999999905136262 0.5999999905136262
          ambientIntensity 1.0
          transparency 0.0
          shininess 0.5
        }
      }
      geometry IndexedFaceSet {
        normalPerVertex TRUE
        coord Coordinate {
          point [
            1.4986003346499999 -1.29900044094 0.4,
            1.4864210598518053 -1.3602297901184142 0.4,
            1.4517374196398478 -1.4121375259298476 0.4,
            1.3998296838284139 -1.4468211661418056 0.4,
            1.3386003346499997 -1.4590004409399997 0.4,
            1.2773709854715856 -1.4468211661418056 0.4,
            1.2254632496601525 -1.4121375259298476 0.4,
            1.1907796094481942 -1.3602297901184142 0.4,
            1.1786003346499996 -1.29900044094 0.4,
            1.1907796094481942 -1.2377710917615854 0.4,
            1.2254632496601525 -1.1858633559501524 0.4,
            1.2773709854715856 -1.151179715738194 0.4,
            1.3386003346499997 -1.1390004409399999 0.4,
            1.3998296838284139 -1.151179715738194 0.4,
            1.4517374196398478 -1.1858633559501524 0.4,
            1.4864210598518053 -1.2377710917615854 0.4,
            1.4986003346499999 -1.29900044094 -1.6,
            1.4864210598518053 -1.3602297901184142 -1.6,
            1.4517374196398478 -1.4121375259298476 -1.6,
            1.3998296838284139 -1.446821166141806 -1.6,
            1.3386003346499997 -1.4590004409400001 -1.6,
            1.2773709854715856 -1.446821166141806 -1.6,
            1.2254632496601525 -1.4121375259298476 -1.6,
            1.1907796094481942 -1.3602297901184142 -1.6,
            1.1786003346499996 -1.29900044094 -1.6,
            1.1907796094481942 -1.2377710917615854 -1.6,
            1.2254632496601525 -1.1858633559501524 -1.6,
            1.2773709854715856 -1.151179715738194 -1.6,
            1.3386003346499997 -1.1390004409399999 -1.6,
            1.3998296838284139 -1.151179715738194 -1.6,
            1.4517374196398478 -1.1858633559501524 -1.6,
            1.4864210598518053 -1.2377710917615854 -1.6 ]
        }
        coordIndex [
          0, 1, 17, 16, -1,
          0, 15, 14, 13, 12, 11, 10, 9, 8, 7, 6, 5, 4, 3, 2, 1, -1,
          0, 16, 31, 15, -1,
          1, 2, 18, 17, -1,
          2, 3, 19, 18, -1,
          3, 4, 20, 19, -1,
          4, 5, 21, 20, -1,
          5, 6, 22, 21, -1,
          6, 7, 23, 22, -1,
          7, 8, 24, 23, -1,
          8, 9, 25, 24, -1,
          9, 10, 26, 25, -1,
          10, 11, 27, 26, -1,
          11, 12, 28, 27, -1,
          12, 13, 29, 28, -1,
          13, 14, 30, 29, -1,
          14, 15, 31, 30, -1,
          16, 17, 18, 19, 20, 21, 22, 23, 24, 25, 26, 27, 28, 29, 30, 31, -1 ]
        normal Normal {
          vector [
            8.853615031300448e-17 0.0 1.0,
            1.0 -6.791841477282644e-16 0.0,
            1.0 -6.791841477282644e-16 0.0,
            8.853615031300448e-17 0.0 1.0,
            0.9238795325112877 -0.38268343236508745 0.0,
            0.9238795325112877 -0.38268343236508745 0.0,
            8.853615031300448e-17 0.0 1.0,
            0.7071067811865492 -0.7071067811865458 4.736684041745704e-17,
            0.7071067811865492 -0.7071067811865458 4.736684041745704e-17,
            8.853615031300448e-17 0.0 1.0,
            0.38268343236508645 -0.9238795325112882 1.5847970906027757e-16,
            0.38268343236508645 -0.9238795325112882 1.5847970906027757e-16,
            8.853615031300448e-17 0.0 1.0,
            0.0 -1.0 2.222257372856416e-16,
            0.0 -1.0 2.222257372856416e-16,
            8.853615031300448e-17 0.0 1.0,
            -0.38268343236509006 -0.9238795325112866 1.5847970906027824e-16,
            -0.38268343236509006 -0.9238795325112866 1.5847970906027824e-16,
            8.853615031300448e-17 0.0 1.0,
            -0.7071067811865479 -0.7071067811865472 4.736684041745751e-17,
            -0.7071067811865479 -0.7071067811865472 4.736684041745751e-17,
            8.853615031300448e-17 0.0 1.0,
            -0.9238795325112854 -0.3826834323650929 0.0,
            -0.9238795325112854 -0.3826834323650929 0.0,
            8.853615031300448e-17 0.0 1.0,
            -1.0 -6.791841477282644e-16 0.0,
            -1.0 -6.791841477282644e-16 0.0,
            8.853615031300448e-17 0.0 1.0,
            -0.923879532511285 0.38268343236509406 0.0,
            -0.923879532511285 0.38268343236509406 0.0,
            8.853615031300448e-17 0.0 1.0,
            -0.7071067811865475 0.7071067811865475 0.0,
            -0.7071067811865475 0.7071067811865475 0.0,
            8.853615031300448e-17 0.0 1.0,
            -0.38268343236509145 0.9238795325112861 0.0,
            -0.38268343236509145 0.9238795325112861 0.0,
            8.853615031300448e-17 0.0 1.0,
            0.0 1.0 0.0,
            0.0 1.0 0.0,
            8.853615031300448e-17 0.0 1.0,
            0.38268343236508784 0.9238795325112875 0.0,
            0.38268343236508784 0.9238795325112875 0.0,
            8.853615031300448e-17 0.0 1.0,
            0.7071067811865489 0.7071067811865461 0.0,
            0.7071067811865489 0.7071067811865461 0.0,
            8.853615031300448e-17 0.0 1.0,
            0.9238795325112873 0.3826834323650887 0.0,
            0.9238795325112873 0.3826834323650887 0.0,
            -5.312169018780263e-16 0.0 -1.0,
            1.0 -6.791841477282644e-16 0.0,
            1.0 -6.791841477282644e-16 0.0,
            -5.312169018780263e-16 0.0 -1.0,
            0.9238795325112877 -0.38268343236508745 0.0,
            0.9238795325112877 -0.38268343236508745 0.0,
            -5.312169018780263e-16 0.0 -1.0,
            0.7071067811865492 -0.7071067811865458 4.736684041745704e-17,
            0.7071067811865492 -0.7071067811865458 4.736684041745704e-17,
            -5.312169018780263e-16 0.0 -1.0,
            0.38268343236508645 -0.9238795325112882 1.5847970906027757e-16,
            0.38268343236508645 -0.9238795325112882 1.5847970906027757e-16,
            -5.312169018780263e-16 0.0 -1.0,
            0.0 -1.0 2.222257372856416e-16,
            0.0 -1.0 2.222257372856416e-16,
            -5.312169018780263e-16 0.0 -1.0,
            -0.38268343236509006 -0.9238795325112866 1.5847970906027824e-16,
            -0.38268343236509006 -0.9238795325112866 1.5847970906027824e-16,
            -5.312169018780263e-16 0.0 -1.0,
            -0.7071067811865479 -0.7071067811865472 4.736684041745751e-17,
            -0.7071067811865479 -0.7071067811865472 4.736684041745751e-17,
            -5.312169018780263e-16 0.0 -1.0,
            -0.9238795325112854 -0.3826834323650929 0.0,
            -0.9238795325112854 -0.3826834323650929 0.0,
            -5.312169018780263e-16 0.0 -1.0,
            -1.0 -6.791841477282644e-16 0.0,
            -1.0 -6.791841477282644e-16 0.0,
            -5.312169018780263e-16 0.0 -1.0,
            -0.923879532511285 0.38268343236509406 0.0,
            -0.923879532511285 0.38268343236509406 0.0,
            -5.312169018780263e-16 0.0 -1.0,
            -0.7071067811865475 0.7071067811865475 0.0,
            -0.7071067811865475 0.7071067811865475 0.0,
            -5.312169018780263e-16 0.0 -1.0,
            -0.38268343236509145 0.9238795325112861 0.0,
            -0.38268343236509145 0.9238795325112861 0.0,
            -5.312169018780263e-16 0.0 -1.0,
            0.0 1.0 0.0,
            0.0 1.0 0.0,
            -5.312169018780263e-16 0.0 -1.0,
            0.38268343236508784 0.9238795325112875 0.0,
            0.38268343236508784 0.9238795325112875 0.0,
            -5.312169018780263e-16 0.0 -1.0,
            0.7071067811865489 0.7071067811865461 0.0,
            0.7071067811865489 0.7071067811865461 0.0,
            -5.312169018780263e-16 0.0 -1.0,
            0.9238795325112873 0.3826834323650887 0.0,
            0.9238795325112873 0.3826834323650887 0.0 ]
        }
        normalIndex [
          2, 5, 53, 50, -1,
          0, 45, 42, 39, 36, 33, 30, 27, 24, 21, 18, 15, 12, 9, 6, 3, -1,
          1, 49, 94, 46, -1,
          4, 8, 56, 52, -1,
          7, 11, 59, 55, -1,
          10, 14, 62, 58, -1,
          13, 17, 65, 61, -1,
          16, 20, 68, 64, -1,
          19, 23, 71, 67, -1,
          22, 26, 74, 70, -1,
          25, 29, 77, 73, -1,
          28, 32, 80, 76, -1,
          31, 35, 83, 79, -1,
          34, 38, 86, 82, -1,
          37, 41, 89, 85, -1,
          40, 44, 92, 88, -1,
          43, 47, 95, 91, -1,
          48, 51, 54, 57, 60, 63, 66, 69, 72, 75, 78, 81, 84, 87, 90, 93, -1 ]
      }
    }

  ]
}

DEF Cylinder7 Transform {
  children [
    Shape {
      appearance Appearance {
        material USE pins
      }
      geometry IndexedFaceSet {
        normalPerVertex TRUE
        coord Coordinate {
          point [
            -1.17859983465 1.29900044094 0.4,
            -1.1907791094481937 1.2377710917615854 0.4,
            -1.225462749660152 1.1858633559501524 0.4,
            -1.277370485471585 1.151179715738194 0.4,
            -1.33859983465 1.1390004409399999 0.4,
            -1.3998291838284143 1.151179715738194 0.4,
            -1.4517369196398473 1.1858633559501524 0.4,
            -1.4864205598518057 1.2377710917615854 0.4,
            -1.4985998346499994 1.29900044094 0.4,
            -1.4864205598518057 1.3602297901184142 0.4,
            -1.4517369196398473 1.4121375259298476 0.4,
            -1.3998291838284143 1.446821166141806 0.4,
            -1.33859983465 1.4590004409400001 0.4,
            -1.277370485471585 1.446821166141806 0.4,
            -1.225462749660152 1.4121375259298476 0.4,
            -1.1907791094481937 1.3602297901184146 0.4,
            -1.17859983465 1.29900044094 -1.6,
            -1.1907791094481937 1.2377710917615854 -1.6,
            -1.225462749660152 1.1858633559501524 -1.6,
            -1.277370485471585 1.151179715738194 -1.6,
            -1.33859983465 1.1390004409399999 -1.6,
            -1.3998291838284143 1.151179715738194 -1.6,
            -1.4517369196398473 1.1858633559501524 -1.6,
            -1.4864205598518057 1.2377710917615854 -1.6,
            -1.4985998346499994 1.29900044094 -1.6,
            -1.4864205598518057 1.3602297901184142 -1.6,
            -1.4517369196398473 1.4121375259298476 -1.6,
            -1.3998291838284143 1.4468211661418056 -1.6,
            -1.33859983465 1.4590004409399997 -1.6,
            -1.277370485471585 1.4468211661418056 -1.6,
            -1.225462749660152 1.4121375259298476 -1.6,
            -1.1907791094481937 1.3602297901184142 -1.6 ]
        }
        coordIndex [
          0, 1, 17, 16, -1,
          0, 15, 14, 13, 12, 11, 10, 9, 8, 7, 6, 5, 4, 3, 2, 1, -1,
          0, 16, 31, 15, -1,
          1, 2, 18, 17, -1,
          2, 3, 19, 18, -1,
          3, 4, 20, 19, -1,
          4, 5, 21, 20, -1,
          5, 6, 22, 21, -1,
          6, 7, 23, 22, -1,
          7, 8, 24, 23, -1,
          8, 9, 25, 24, -1,
          9, 10, 26, 25, -1,
          10, 11, 27, 26, -1,
          11, 12, 28, 27, -1,
          12, 13, 29, 28, -1,
          13, 14, 30, 29, -1,
          14, 15, 31, 30, -1,
          16, 17, 18, 19, 20, 21, 22, 23, 24, 25, 26, 27, 28, 29, 30, 31, -1 ]
        normal Normal {
          vector [
            0.0 -0.0 1.0,
            1.0 3.3959207386413125e-16 -1.1067018789125537e-17,
            1.0 3.3959207386413125e-16 -1.1067018789125537e-17,
            0.0 -0.0 1.0,
            0.9238795325112876 -0.3826834323650876 0.0,
            0.9238795325112876 -0.3826834323650876 0.0,
            0.0 -0.0 1.0,
            0.7071067811865475 -0.7071067811865475 0.0,
            0.7071067811865475 -0.7071067811865475 0.0,
            0.0 -0.0 1.0,
            0.3826834323650902 -0.9238795325112865 0.0,
            0.3826834323650902 -0.9238795325112865 0.0,
            0.0 -0.0 1.0,
            -1.4008173046895432e-15 -1.0 0.0,
            -1.4008173046895432e-15 -1.0 0.0,
            0.0 -0.0 1.0,
            -0.38268343236509145 -0.9238795325112861 0.0,
            -0.38268343236509145 -0.9238795325112861 0.0,
            0.0 -0.0 1.0,
            -0.7071067811865475 -0.7071067811865475 0.0,
            -0.7071067811865475 -0.7071067811865475 0.0,
            0.0 -0.0 1.0,
            -0.9238795325112876 -0.3826834323650876 0.0,
            -0.9238795325112876 -0.3826834323650876 0.0,
            0.0 -0.0 1.0,
            -1.0 6.933338174726014e-16 0.0,
            -1.0 6.933338174726014e-16 0.0,
            0.0 -0.0 1.0,
            -0.9238795325112881 0.38268343236508645 0.0,
            -0.9238795325112881 0.38268343236508645 0.0,
            0.0 -0.0 1.0,
            -0.7071067811865479 0.7071067811865472 -4.736684041745751e-17,
            -0.7071067811865479 0.7071067811865472 -4.736684041745751e-17,
            0.0 -0.0 1.0,
            -0.38268343236509006 0.9238795325112866 -1.5847970906027824e-16,
            -0.38268343236509006 0.9238795325112866 -1.5847970906027824e-16,
            0.0 -0.0 1.0,
            -1.4008173046895432e-15 1.0 -2.2200439690985748e-16,
            -1.4008173046895432e-15 1.0 -2.2200439690985748e-16,
            0.0 -0.0 1.0,
            0.38268343236508884 0.9238795325112872 -1.5825836868449423e-16,
            0.38268343236508884 0.9238795325112872 -1.5825836868449423e-16,
            0.0 -0.0 1.0,
            0.7071067811865471 0.7071067811865478 -7.8797173778574e-17,
            0.7071067811865471 0.7071067811865478 -7.8797173778574e-17,
            0.0 -0.0 1.0,
            0.9238795325112878 0.382683432365087 -4.2497352150242083e-17,
            0.9238795325112878 0.382683432365087 -4.2497352150242083e-17,
            5.312169018780264e-16 -0.0 -1.0,
            1.0 3.3959207386413125e-16 -1.1067018789125537e-17,
            1.0 3.3959207386413125e-16 -1.1067018789125537e-17,
            5.312169018780264e-16 -0.0 -1.0,
            0.9238795325112876 -0.3826834323650876 0.0,
            0.9238795325112876 -0.3826834323650876 0.0,
            5.312169018780264e-16 -0.0 -1.0,
            0.7071067811865475 -0.7071067811865475 0.0,
            0.7071067811865475 -0.7071067811865475 0.0,
            5.312169018780264e-16 -0.0 -1.0,
            0.3826834323650902 -0.9238795325112865 0.0,
            0.3826834323650902 -0.9238795325112865 0.0,
            5.312169018780264e-16 -0.0 -1.0,
            -1.4008173046895432e-15 -1.0 0.0,
            -1.4008173046895432e-15 -1.0 0.0,
            5.312169018780264e-16 -0.0 -1.0,
            -0.38268343236509145 -0.9238795325112861 0.0,
            -0.38268343236509145 -0.9238795325112861 0.0,
            5.312169018780264e-16 -0.0 -1.0,
            -0.7071067811865475 -0.7071067811865475 0.0,
            -0.7071067811865475 -0.7071067811865475 0.0,
            5.312169018780264e-16 -0.0 -1.0,
            -0.9238795325112876 -0.3826834323650876 0.0,
            -0.9238795325112876 -0.3826834323650876 0.0,
            5.312169018780264e-16 -0.0 -1.0,
            -1.0 6.933338174726014e-16 0.0,
            -1.0 6.933338174726014e-16 0.0,
            5.312169018780264e-16 -0.0 -1.0,
            -0.9238795325112881 0.38268343236508645 0.0,
            -0.9238795325112881 0.38268343236508645 0.0,
            5.312169018780264e-16 -0.0 -1.0,
            -0.7071067811865479 0.7071067811865472 -4.736684041745751e-17,
            -0.7071067811865479 0.7071067811865472 -4.736684041745751e-17,
            5.312169018780264e-16 -0.0 -1.0,
            -0.38268343236509006 0.9238795325112866 -1.5847970906027824e-16,
            -0.38268343236509006 0.9238795325112866 -1.5847970906027824e-16,
            5.312169018780264e-16 -0.0 -1.0,
            -1.4008173046895432e-15 1.0 -2.2200439690985748e-16,
            -1.4008173046895432e-15 1.0 -2.2200439690985748e-16,
            5.312169018780264e-16 -0.0 -1.0,
            0.38268343236508884 0.9238795325112872 -1.5825836868449423e-16,
            0.38268343236508884 0.9238795325112872 -1.5825836868449423e-16,
            5.312169018780264e-16 -0.0 -1.0,
            0.7071067811865471 0.7071067811865478 -7.8797173778574e-17,
            0.7071067811865471 0.7071067811865478 -7.8797173778574e-17,
            5.312169018780264e-16 -0.0 -1.0,
            0.9238795325112878 0.382683432365087 -4.2497352150242083e-17,
            0.9238795325112878 0.382683432365087 -4.2497352150242083e-17 ]
        }
        normalIndex [
          2, 5, 53, 50, -1,
          0, 45, 42, 39, 36, 33, 30, 27, 24, 21, 18, 15, 12, 9, 6, 3, -1,
          1, 49, 94, 46, -1,
          4, 8, 56, 52, -1,
          7, 11, 59, 55, -1,
          10, 14, 62, 58, -1,
          13, 17, 65, 61, -1,
          16, 20, 68, 64, -1,
          19, 23, 71, 67, -1,
          22, 26, 74, 70, -1,
          25, 29, 77, 73, -1,
          28, 32, 80, 76, -1,
          31, 35, 83, 79, -1,
          34, 38, 86, 82, -1,
          37, 41, 89, 85, -1,
          40, 44, 92, 88, -1,
          43, 47, 95, 91, -1,
          48, 51, 54, 57, 60, 63, 66, 69, 72, 75, 78, 81, 84, 87, 90, 93, -1 ]
      }
    }

  ]
}

DEF Cylinder1 Transform {
  children [
    Shape {
      appearance Appearance {
        material DEF body Material {
          diffuseColor 0.1 0.1 1.0
          emissiveColor 0.0 0.0 0.0
          specularColor 0.1 0.1 1.0
          ambientIntensity 1.0
          transparency 0.0
          shininess 0.5
        }
      }
      geometry IndexedFaceSet {
        normalPerVertex TRUE
        coord Coordinate {
          point [
            3.9369999999884153 1.0922999999999998 4.349999999999999,
            3.6373137194862326 1.0922999999999998 5.856624673216922,
            2.7838793975232456 1.0922999999999998 7.133879397523247,
            1.5066246732169255 1.0922999999999998 7.987313719486233,
            3.535078424743151e-16 1.0922999999999998 8.286999999988415,
            -1.5066246732169248 1.0922999999999998 7.987313719486233,
            -2.783879397523245 1.0922999999999998 7.133879397523247,
            -3.6373137194862326 1.0922999999999998 5.856624673216924,
            -3.9369999999884153 1.0922999999999998 4.35,
            -3.6373137194862326 1.0922999999999998 2.843375326783074,
            -2.7838793975232465 1.0922999999999998 1.566120602476754,
            -1.506624673216927 1.0922999999999998 0.7126862805137667,
            -6.107790471714733e-16 1.0922999999999998 0.41300000001158355,
            1.5066246732169262 1.0922999999999998 0.7126862805137667,
            2.783879397523245 1.0922999999999998 1.5661206024767536,
            3.637313719486232 1.0922999999999998 2.8433753267830713,
            3.9369999999884153 -1.0922999999999998 4.349999999999999,
            3.6373137194862326 -1.0922999999999998 5.856624673216922,
            2.7838793975232456 -1.0922999999999998 7.133879397523247,
            1.5066246732169255 -1.0922999999999998 7.987313719486233,
            3.535078424743151e-16 -1.0922999999999998 8.286999999988415,
            -1.5066246732169248 -1.0922999999999998 7.987313719486233,
            -2.783879397523245 -1.0922999999999998 7.133879397523247,
            -3.6373137194862326 -1.0922999999999998 5.856624673216924,
            -3.9369999999884153 -1.0922999999999998 4.35,
            -3.6373137194862326 -1.0922999999999998 2.843375326783074,
            -2.7838793975232465 -1.0922999999999998 1.566120602476754,
            -1.506624673216927 -1.0922999999999998 0.7126862805137667,
            -6.107790471714733e-16 -1.0922999999999998 0.41300000001158355,
            1.5066246732169262 -1.0922999999999998 0.7126862805137667,
            2.783879397523245 -1.0922999999999998 1.5661206024767536,
            3.637313719486232 -1.0922999999999998 2.8433753267830713,
            3.7244019999890403 -1.1923 4.349999999999999,
            3.4408987786339758 -1.1923 5.77526694086321,
            2.63354991005699 -1.1923 6.983549910056988,
            1.4252669408632115 -1.1923 7.790898778633974,
            3.2716562783409723e-16 -1.1923 8.07440199998904,
            -1.4252669408632108 -1.1923 7.790898778633974,
            -2.6335499100569897 -1.1923 6.983549910056988,
            -3.4408987786339758 -1.1923 5.77526694086321,
            -3.7244019999890403 -1.1923 4.35,
            -3.4408987786339758 -1.1923 2.9247330591367886,
            -2.633549910056991 -1.1923 1.7164500899430095,
            -1.4252669408632126 -1.1923 0.9091012213660244,
            -5.850497697708185e-16 -1.1923 0.6255980000109581,
            1.425266940863212 -1.1923 0.9091012213660236,
            2.6335499100569897 -1.1923 1.7164500899430086,
            3.4408987786339753 -1.1923 2.924733059136785,
            3.4408987786339758 1.1923 5.77526694086321,
            3.7244019999890403 1.1923 4.349999999999999,
            3.4408987786339753 1.1923 2.924733059136785,
            2.6335499100569897 1.1923 1.7164500899430086,
            1.425266940863212 1.1923 0.9091012213660236,
            -5.888567245222469e-16 1.1923 0.6255980000109581,
            -1.4252669408632126 1.1923 0.9091012213660244,
            -2.633549910056991 1.1923 1.7164500899430095,
            -3.4408987786339758 1.1923 2.9247330591367886,
            -3.7244019999890403 1.1923 4.35,
            -3.4408987786339758 1.1923 5.77526694086321,
            -2.6335499100569897 1.1923 6.983549910056988,
            -1.4252669408632108 1.1923 7.790898778633974,
            3.2335867308266877e-16 1.1923 8.07440199998904,
            1.4252669408632115 1.1923 7.790898778633974,
            2.63354991005699 1.1923 6.983549910056988,
            2.6070813999923277 -1.2923 4.349999999999999,
            2.4086291450437836 -1.2923 5.347686858604247,
            1.8434849370398931 -1.2923 6.193484937039893,
            0.9976868586042481 -1.2923 6.758629145043783,
            2.0987240395511102e-16 -1.2923 6.957081399992328,
            -0.9976868586042476 -1.2923 6.758629145043783,
            -1.8434849370398927 -1.2923 6.193484937039893,
            -2.4086291450437836 -1.2923 5.347686858604247,
            -2.6070813999923277 -1.2923 4.35,
            -2.4086291450437836 -1.2923 3.352313141395751,
            -1.8434849370398934 -1.2923 2.5065150629601063,
            -0.9976868586042489 -1.2923 1.9413708549562165,
            -4.2867837436833e-16 -1.2923 1.742918600007671,
            0.9976868586042483 -1.2923 1.9413708549562165,
            1.8434849370398927 -1.2923 2.5065150629601063,
            2.4086291450437822 -1.2923 3.3523131413957503,
            2.408629145043784 1.2923 5.347686858604247,
            2.6070813999923277 1.2923 4.349999999999999,
            2.4086291450437827 1.2923 3.3523131413957503,
            1.8434849370398931 1.2923 2.5065150629601063,
            0.9976868586042481 1.2923 1.9413708549562165,
            -4.947924885514708e-16 1.2923 1.742918600007671,
            -0.9976868586042492 1.2923 1.9413708549562165,
            -1.8434849370398931 1.2923 2.5065150629601063,
            -2.4086291450437827 1.2923 3.352313141395751,
            -2.6070813999923286 1.2923 4.35,
            -2.4086291450437827 1.2923 5.347686858604247,
            -1.8434849370398922 1.2923 6.193484937039893,
            -0.9976868586042476 1.2923 6.758629145043783,
            1.4375828977196997e-16 1.2923 6.957081399992328,
            0.9976868586042478 1.2923 6.758629145043783,
            1.8434849370398934 1.2923 6.193484937039893,
            0.9798754774163525 -1.2923 3.2853807803140365,
            0.9960230670408605 -1.4071050297095269 3.301528369938544,
            1.0420075117723169 -1.5044320343559643 3.347512814670001,
            1.1108280967503874 -1.569463859753386 3.4163333996480714,
            1.1920075117723168 -1.5922999999999998 3.4975128146700007,
            1.273186926794246 -1.569463859753386 3.57869222969193,
            1.342007511772317 -1.5044320343559643 3.647512814670001,
            1.3879919565037728 -1.4071050297095269 3.693497259401457,
            1.4041395461282813 -1.2923 3.7096448490259646,
            1.3879919565037728 -1.1774949702904731 3.693497259401457,
            1.342007511772317 -1.0801679656440357 3.647512814670001,
            1.2731869267942468 -1.015136140246614 3.57869222969193,
            1.1920075117723168 -0.9923000000000001 3.4975128146700007,
            1.1108280967503874 -1.015136140246614 3.4163333996480714,
            1.0420075117723169 -1.0801679656440357 3.347512814670001,
            0.9960230670408605 -1.1774949702904727 3.3015283699385445,
            -0.3205890599028364 -1.2923 4.561111557861218,
            -0.3179893196433696 -1.314697350215103 4.564729479265611,
            -0.310585885752768 -1.3336849068924415 4.57503244774151,
            -0.2995058639285808 -1.3463719866505213 4.5904519297351,
            -0.2864360870528926 -1.3508270966048386 4.608640448890813,
            -0.27336631017720436 -1.3463719866505213 4.6268289680465235,
            -0.262286288353017 -1.3336849068924415 4.642248450040117,
            -0.2548828544624158 -1.314697350215103 4.6525514185160155,
            -0.25228311420294847 -1.2923 4.656169339920408,
            -0.2548828544624158 -1.2699026497848975 4.6525514185160155,
            -0.262286288353017 -1.2509150931075586 4.642248450040117,
            -0.27336631017720436 -1.2382280133494792 4.6268289680465235,
            -0.2864360870528926 -1.2337729033951614 4.608640448890813,
            -0.2995058639285808 -1.2382280133494792 4.5904519297351,
            -0.310585885752768 -1.2509150931075586 4.57503244774151,
            -0.3179893196433696 -1.269902649784897 4.564729479265611,
            -0.33956588702481316 -1.2923 4.505447120741985,
            -0.334466313066099 -1.336233982822018 4.512543928860153,
            -0.3199439550974184 -1.3734794150219294 4.532753928511393,
            -0.29820971047399986 -1.3983660171779824 4.5630003304529065,
            -0.2725724209183408 -1.4071050297095269 4.598678394173416,
            -0.24693513136268125 -1.3983660171779824 4.634356457893924,
            -0.225200886739263 -1.3734794150219294 4.664602859835438,
            -0.21067852877058224 -1.336233982822018 4.684812859486678,
            -0.20557895481186822 -1.2923 4.691909667604848,
            -0.21067852877058224 -1.2483660171779825 4.684812859486678,
            -0.225200886739263 -1.2111205849780706 4.664602859835438,
            -0.24693513136268125 -1.186233982822018 4.634356457893924,
            -0.2725724209183408 -1.1774949702904731 4.598678394173416,
            -0.29820971047399986 -1.186233982822018 4.5630003304529065,
            -0.3199439550974184 -1.2111205849780706 4.532753928511393,
            -0.334466313066099 -1.248366017177982 4.512543928860153,
            -0.3473184867723668 -1.2923 4.4471500648594375,
            -0.3399150528817654 -1.3560822571075444 4.457453033335336,
            -0.31883185690750965 -1.4101542437580652 4.4867934052092195,
            -0.2872786243170328 -1.4462839901478008 4.530704374834422,
            -0.2500590487414692 -1.4589710699058807 4.582500895139436,
            -0.21283947316590526 -1.4462839901478008 4.634297415444451,
            -0.18128624057542836 -1.4101542437580652 4.678208385069654,
            -0.1602030446011726 -1.3560822571075444 4.7075487569435355,
            -0.1527996107105714 -1.2923 4.717851725419433,
            -0.1602030446011726 -1.228517742892456 4.7075487569435355,
            -0.18128624057542836 -1.1744457562419348 4.678208385069654,
            -0.21283947316590526 -1.1383160098521992 4.634297415444451,
            -0.2500590487414692 -1.1256289300941194 4.582500895139436,
            -0.2872786243170328 -1.1383160098521992 4.530704374834422,
            -0.31883185690750965 -1.1744457562419348 4.4867934052092195,
            -0.3399150528817654 -1.2285177428924556 4.457453033335336,
            -0.34354893108490686 -1.2923 4.388460713377779,
            -0.3341261470749404 -1.3734794150219294 4.40157390491085,
            -0.3072923284928079 -1.4423 4.438917114970534,
            -0.26713268096846804 -1.4882844447314567 4.494805178342283,
            -0.21976114678939015 -1.5044320343559643 4.560729644004305,
            -0.1723896126103125 -1.4882844447314567 4.626654109666327,
            -0.1322299650859726 -1.4423 4.682542173038075,
            -0.10539614650383985 -1.3734794150219298 4.7198853830977585,
            -0.09597336249387342 -1.2923 4.732998574630829,
            -0.10539614650383985 -1.2111205849780706 4.7198853830977585,
            -0.1322299650859726 -1.1423 4.682542173038075,
            -0.1723896126103125 -1.0963155552685437 4.626654109666327,
            -0.21976114678939015 -1.0801679656440357 4.560729644004305,
            -0.26713268096846804 -1.0963155552685437 4.494805178342283,
            -0.3072923284928079 -1.1423 4.438917114970534,
            -0.3341261470749404 -1.2111205849780706 4.40157390491085,
            -0.3284020818735117 -1.2923 4.331634465161082,
            -0.31732206004932456 -1.3877568935429627 4.347053947154672,
            -0.28576882745884785 -1.4686813403629038 4.3909649167798745,
            -0.23854607773321554 -1.522753327013425 4.456682326965181,
            -0.18284304644286312 -1.5417408836907636 4.534201297739685,
            -0.1271400151525109 -1.522753327013425 4.611720268514189,
            -0.07991726542687855 -1.4686813403629038 4.677437678699496,
            -0.04836403283640184 -1.3877568935429627 4.721348648324698,
            -0.037284011012214624 -1.2923 4.736768130318289,
            -0.04836403283640184 -1.1968431064570377 4.721348648324698,
            -0.07991726542687855 -1.1159186596370962 4.677437678699496,
            -0.12714001515251067 -1.0618466729865752 4.611720268514189,
            -0.18284304644286312 -1.0428591163092364 4.534201297739685,
            -0.23854607773321554 -1.0618466729865752 4.456682326965181,
            -0.28576882745884785 -1.1159186596370962 4.3909649167798745,
            -0.31732206004932456 -1.1968431064570373 4.347053947154672,
            -0.302460024058924 -1.2923 4.278855121059784,
            -0.2901485634454721 -1.3983660171779824 4.295988331468227,
            -0.2550884898798461 -1.4882844447314567 4.344779586721807,
            -0.20261738174205457 -1.5483660171779823 4.417800860501998,
            -0.14072348959429629 -1.569463859753386 4.503935325815261,
            -0.07882959744653767 -1.5483660171779823 4.590069791128522,
            -0.02635848930874604 -1.4882844447314567 4.663091064908714,
            0.008701584256879946 -1.3983660171779824 4.711882320162294,
            0.021013044870331787 -1.2923 4.729015530570735,
            0.008701584256879946 -1.186233982822018 4.711882320162294,
            -0.02635848930874604 -1.0963155552685437 4.663091064908714,
            -0.07882959744653756 -1.036233982822018 4.590069791128522,
            -0.14072348959429629 -1.015136140246614 4.503935325815261,
            -0.20261738174205457 -1.036233982822018 4.417800860501998,
            -0.2550884898798461 -1.0963155552685437 4.344779586721807,
            -0.2901485634454721 -1.1862339828220176 4.295988331468227,
            -0.26671969637448495 -1.2923 4.232150961668704,
            -0.2536499194987966 -1.4048990832553598 4.250339480824416,
            -0.2164303439232327 -1.500355976798322 4.302136001129431,
            -0.16072731263288054 -1.5641382339058665 4.3796549719039355,
            -0.09502110719245993 -1.5865355841209694 4.471094832558732,
            -0.029314901752038908 -1.5641382339058665 4.562534693213529,
            0.026388129538313376 -1.500355976798322 4.6400536639880325,
            0.06360770511387709 -1.4048990832553598 4.691850184293046,
            0.07667748198956548 -1.2923 4.710038703448759,
            0.06360770511387709 -1.1797009167446406 4.691850184293046,
            0.0263881295383136 -1.084244023201678 4.6400536639880325,
            -0.029314901752038686 -1.0204617660941337 4.562534693213529,
            -0.09502110719245993 -0.9980644158790309 4.471094832558732,
            -0.16072731263288065 -1.0204617660941337 4.3796549719039355,
            -0.2164303439232327 -1.084244023201678 4.302136001129431,
            -0.2536499194987966 -1.1797009167446402 4.250339480824416,
            -0.2225545795697003 -1.2923 4.193316801641246,
            -0.20922875062749305 -1.4071050297095269 4.211861654953312,
            -0.17128000045838193 -1.5044320343559643 4.264672929082263,
            -0.11448568226933742 -1.569463859753386 4.343710586277358,
            -0.04749221616286503 -1.5922999999999998 4.436941859708789,
            0.019501249943607357 -1.569463859753386 4.530173133140219,
            0.07629556813265176 -1.5044320343559643 4.609210790335313,
            0.11424431830176296 -1.4071050297095269 4.662022064464263,
            0.12757014724397026 -1.2923 4.680566917776329,
            0.11424431830176296 -1.1774949702904731 4.662022064464263,
            0.07629556813265198 -1.0801679656440357 4.609210790335313,
            0.019501249943607357 -1.015136140246614 4.530173133140219,
            -0.04749221616286503 -0.9923000000000001 4.436941859708789,
            -0.11448568226933742 -1.015136140246614 4.343710586277358,
            -0.17128000045838193 -1.0801679656440357 4.264672929082263,
            -0.20922875062749305 -1.1774949702904731 4.211861654953312,
            -0.2911172742304071 -1.2923 4.6120042231156235,
            1.0029105687556403 -1.2923 3.264802136551346,
            1.022687246333592 -1.4071050297095269 3.276220206674653,
            1.0790064591822333 -1.5044320343559643 3.3087361193733638,
            1.1632941176802944 -1.569463859753386 3.3573996216965827,
            1.262718189890972 -1.5922999999999998 3.4148021365513466,
            1.3621422621016495 -1.569463859753386 3.4722046514061096,
            1.4464299205997098 -1.5044320343559643 3.5208681537293285,
            1.5027491334483518 -1.4071050297095269 3.553384066428039,
            1.522525811026304 -1.2923 3.564802136551346,
            1.5027491334483518 -1.1774949702904731 3.553384066428039,
            1.4464299205997098 -1.0801679656440357 3.5208681537293285,
            1.3621422621016495 -1.015136140246614 3.4722046514061096,
            1.262718189890972 -0.9923000000000001 3.4148021365513466,
            1.1632941176802944 -1.015136140246614 3.3573996216965822,
            1.0790064591822337 -1.0801679656440357 3.3087361193733638,
            1.022687246333592 -1.1774949702904727 3.276220206674653,
            1.0229404420042512 -1.2923 3.250553882642146,
            1.044998459641215 -1.4071050297095269 3.256464310654602,
            1.107814379323306 -1.5044320343559643 3.273295785605236,
            1.2018250467066558 -1.569463859753386 3.298485868010516,
            1.3127181898909719 -1.5922999999999998 3.328199596172902,
            1.4236113330752878 -1.569463859753386 3.3579133243352883,
            1.517622000458638 -1.5044320343559643 3.3831034067405676,
            1.5804379201407281 -1.4071050297095269 3.3999348816912023,
            1.6024959377776924 -1.2923 3.405845309703658,
            1.5804379201407281 -1.1774949702904731 3.3999348816912023,
            1.517622000458638 -1.0801679656440357 3.3831034067405676,
            1.4236113330752878 -1.015136140246614 3.3579133243352883,
            1.3127181898909719 -0.9923000000000001 3.328199596172902,
            1.2018250467066558 -1.015136140246614 3.298485868010516,
            1.107814379323306 -1.0801679656440357 3.273295785605236,
            1.044998459641215 -1.1774949702904727 3.256464310654602,
            1.038600094401224 -1.2923 3.231607013543995,
            1.0614362346478377 -1.4071050297095269 3.231607013543995,
            1.1264680600452595 -1.5044320343559643 3.231607013543995,
            1.2237950646916969 -1.569463859753386 3.231607013543995,
            1.3386000944012235 -1.5922999999999998 3.231607013543995,
            1.4534051241107504 -1.569463859753386 3.231607013543995,
            1.5507321287571882 -1.5044320343559643 3.231607013543995,
            1.61576395415461 -1.4071050297095269 3.231607013543995,
            1.6386000944012242 -1.2923 3.231607013543995,
            1.61576395415461 -1.1774949702904731 3.231607013543995,
            1.5507321287571882 -1.0801679656440357 3.231607013543995,
            1.4534051241107513 -1.015136140246614 3.231607013543995,
            1.3386000944012235 -0.9923000000000001 3.231607013543995,
            1.2237950646916969 -1.015136140246614 3.231607013543995,
            1.12646806004526 -1.0801679656440357 3.231607013543995,
            1.0614362346478377 -1.1774949702904727 3.231607013543995,
            1.038600094401224 -1.2923 0.4000000135439957,
            1.0614362346478377 -1.4071050297095269 0.4000000135439953,
            1.1264680600452595 -1.5044320343559643 0.4000000135439953,
            1.2237950646916969 -1.569463859753386 0.4000000135439953,
            1.3386000944012235 -1.5922999999999998 0.4000000135439953,
            1.4534051241107504 -1.569463859753386 0.4000000135439953,
            1.5507321287571882 -1.5044320343559643 0.4000000135439953,
            1.61576395415461 -1.4071050297095269 0.4000000135439957,
            1.6386000944012242 -1.2923 0.4000000135439953,
            1.61576395415461 -1.1774949702904731 0.4000000135439957,
            1.5507321287571882 -1.0801679656440357 0.4000000135439953,
            1.4534051241107513 -1.015136140246614 0.4000000135439953,
            1.3386000944012235 -0.9923000000000001 0.4000000135439953,
            1.2237950646916969 -1.015136140246614 0.4000000135439953,
            1.12646806004526 -1.0801679656440357 0.4000000135439953,
            1.0614362346478377 -1.1774949702904727 0.4000000135439957,
            1.208600095401224 -1.2923 0.10000001354399535,
            1.218495756098636 -1.3420488458247783 0.10000001354399535,
            1.2466762135540792 -1.3842238808471445 0.10000001354399535,
            1.2888512485764452 -1.4124043383025877 0.10000001354399535,
            1.3386000944012235 -1.4222999989999998 0.10000001354399535,
            1.3883489402260019 -1.4124043383025877 0.10000001354399535,
            1.4305239752483685 -1.3842238808471445 0.10000001354399535,
            1.4587044327038117 -1.3420488458247783 0.10000001354399579,
            1.4686000934012242 -1.2923 0.10000001354399535,
            1.4587044327038117 -1.2425511541752217 0.10000001354399579,
            1.4305239752483685 -1.200376119152856 0.10000001354399535,
            1.3883489402260019 -1.1721956616974123 0.10000001354399535,
            1.3386000944012235 -1.1623000010000002 0.10000001354399535,
            1.2888512485764452 -1.1721956616974123 0.10000001354399535,
            1.2466762135540792 -1.2003761191528555 0.10000001354399535,
            1.218495756098636 -1.2425511541752217 0.10000001354399579,
            -0.979875383055018 1.2923 3.2853807803140365,
            -0.996022972679526 1.1774949702904731 3.301528369938544,
            -1.0420074174109824 1.0801679656440357 3.347512814670001,
            -1.1108280023890529 1.015136140246614 3.4163333996480714,
            -1.1920074174109823 0.9923000000000001 3.4975128146700007,
            -1.273186832432912 1.015136140246614 3.57869222969193,
            -1.3420074174109822 1.0801679656440357 3.647512814670001,
            -1.387991862142439 1.1774949702904731 3.693497259401457,
            -1.4041394517669465 1.2923 3.7096448490259646,
            -1.387991862142439 1.4071050297095269 3.693497259401457,
            -1.3420074174109822 1.5044320343559643 3.647512814670001,
            -1.273186832432912 1.569463859753386 3.57869222969193,
            -1.1920074174109823 1.5922999999999998 3.4975128146700007,
            -1.1108280023890529 1.569463859753386 3.4163333996480714,
            -1.0420074174109824 1.5044320343559643 3.347512814670001,
            -0.996022972679526 1.4071050297095273 3.3015283699385445,
            0.3205881542641705 1.2923 4.561111557861218,
            0.31798841400470373 1.269902649784897 4.564729479265611,
            0.31058498011410207 1.2509150931075586 4.575032447741509,
            0.2995049582899148 1.2382280133494787 4.590451929735101,
            0.28643518141422664 1.2337729033951614 4.608640448890813,
            0.27336540453853847 1.2382280133494787 4.6268289680465235,
            0.2622853827143512 1.2509150931075586 4.642248450040116,
            0.25488194882374987 1.269902649784897 4.6525514185160155,
            0.25228220856428246 1.2923 4.6561693399204085,
            0.25488194882374987 1.3146973502151025 4.6525514185160155,
            0.2622853827143512 1.3336849068924415 4.642248450040116,
            0.27336540453853847 1.3463719866505208 4.6268289680465235,
            0.28643518141422664 1.3508270966048386 4.608640448890813,
            0.2995049582899148 1.3463719866505208 4.590451929735101,
            0.31058498011410207 1.3336849068924415 4.575032447741509,
            0.31798841400470373 1.314697350215103 4.564729479265611,
            0.33956498138614727 1.2923 4.505447120741985,
            0.33446540742743314 1.248366017177982 4.512543928860153,
            0.3199430494587524 1.2111205849780706 4.532753928511394,
            0.29820880483533396 1.1862339828220176 4.563000330452907,
            0.2725715152796747 1.1774949702904731 4.598678394173416,
            0.24693422572401547 1.1862339828220176 4.634356457893924,
            0.22519998110059697 1.2111205849780706 4.664602859835438,
            0.21067762313191626 1.248366017177982 4.684812859486679,
            0.20557804917320227 1.2923 4.691909667604848,
            0.21067762313191626 1.3362339828220176 4.684812859486679,
            0.22519998110059697 1.3734794150219294 4.664602859835438,
            0.24693422572401547 1.398366017177982 4.634356457893924,
            0.2725715152796747 1.4071050297095269 4.598678394173416,
            0.29820880483533396 1.398366017177982 4.563000330452907,
            0.3199430494587524 1.3734794150219294 4.532753928511394,
            0.33446540742743314 1.336233982822018 4.512543928860153,
            0.34731758113370087 1.2923 4.447150064859438,
            0.3399141472430995 1.2285177428924556 4.457453033335337,
            0.3188309512688438 1.1744457562419348 4.48679340520922,
            0.287277718678367 1.1383160098521992 4.530704374834422,
            0.25005814310280317 1.1256289300941194 4.582500895139436,
            0.21283856752723945 1.1383160098521992 4.634297415444451,
            0.18128533493676233 1.1744457562419348 4.678208385069654,
            0.1602021389625068 1.2285177428924556 4.7075487569435355,
            0.15279870507190527 1.2923 4.717851725419435,
            0.1602021389625068 1.356082257107544 4.7075487569435355,
            0.18128533493676233 1.4101542437580652 4.678208385069654,
            0.21283856752723945 1.4462839901478008 4.634297415444451,
            0.25005814310280317 1.4589710699058807 4.582500895139436,
            0.287277718678367 1.4462839901478008 4.530704374834422,
            0.3188309512688438 1.4101542437580652 4.48679340520922,
            0.3399141472430995 1.3560822571075444 4.457453033335337,
            0.3435480254462412 1.2923 4.388460713377779,
            0.3341252414362744 1.2111205849780706 4.40157390491085,
            0.3072914228541419 1.1423 4.438917114970535,
            0.26713177532980203 1.0963155552685433 4.4948051783422835,
            0.21976024115072432 1.0801679656440357 4.560729644004305,
            0.17238870697164624 1.0963155552685433 4.626654109666327,
            0.13222905944730645 1.1423 4.682542173038075,
            0.10539524086517371 1.2111205849780702 4.7198853830977585,
            0.09597245685520733 1.2923 4.73299857463083,
            0.10539524086517371 1.3734794150219294 4.7198853830977585,
            0.13222905944730645 1.4423 4.682542173038075,
            0.17238870697164624 1.4882844447314563 4.626654109666327,
            0.21976024115072432 1.5044320343559643 4.560729644004305,
            0.26713177532980203 1.4882844447314563 4.4948051783422835,
            0.3072914228541419 1.4423 4.438917114970535,
            0.3341252414362744 1.3734794150219294 4.40157390491085,
            0.32840117623484594 1.2923 4.331634465161082,
            0.31732115441065867 1.1968431064570373 4.347053947154672,
            0.28576792182018196 1.1159186596370962 4.3909649167798745,
            0.23854517209454956 1.061846672986575 4.456682326965182,
            0.18284214080419725 1.0428591163092362 4.534201297739686,
            0.12713910951384486 1.061846672986575 4.611720268514189,
            0.07991635978821277 1.1159186596370962 4.677437678699496,
            0.04836312719773586 1.1968431064570373 4.721348648324699,
            0.0372831053735487 1.2923 4.736768130318289,
            0.04836312719773586 1.3877568935429623 4.721348648324699,
            0.07991635978821277 1.4686813403629038 4.677437678699496,
            0.12713910951384452 1.5227533270134246 4.611720268514189,
            0.18284214080419725 1.5417408836907636 4.534201297739686,
            0.23854517209454956 1.5227533270134246 4.456682326965182,
            0.28576792182018196 1.4686813403629038 4.3909649167798745,
            0.31732115441065867 1.3877568935429627 4.347053947154672,
            0.302459118420258 1.2923 4.278855121059784,
            0.2901476578068063 1.1862339828220176 4.295988331468227,
            0.2550875842411803 1.0963155552685433 4.344779586721807,
            0.20261647610338862 1.0362339828220177 4.417800860501998,
            0.14072258395563012 1.0151361402466137 4.503935325815261,
            0.07882869180787161 1.0362339828220177 4.590069791128522,
            0.02635758367008012 1.0963155552685433 4.663091064908714,
            -0.00870248989554584 1.1862339828220176 4.711882320162294,
            -0.021013950508997792 1.2923 4.729015530570736,
            -0.00870248989554584 1.398366017177982 4.711882320162294,
            0.02635758367008012 1.4882844447314563 4.663091064908714,
            0.07882869180787155 1.5483660171779818 4.590069791128523,
            0.14072258395563012 1.569463859753386 4.503935325815261,
            0.20261647610338862 1.5483660171779818 4.417800860501998,
            0.2550875842411803 1.4882844447314563 4.344779586721807,
            0.2901476578068063 1.3983660171779824 4.295988331468227,
            0.26671879073581894 1.2923 4.232150961668704,
            0.25364901386013067 1.1797009167446402 4.250339480824416,
            0.216429438284567 1.084244023201678 4.302136001129431,
            0.16072640699421473 1.0204617660941335 4.3796549719039355,
            0.09502020155379387 0.9980644158790307 4.471094832558732,
            0.029313996113372986 1.0204617660941335 4.562534693213528,
            -0.026389035176979214 1.084244023201678 4.6400536639880325,
            -0.06360861075254304 1.1797009167446402 4.691850184293046,
            -0.07667838762823159 1.2923 4.710038703448759,
            -0.06360861075254304 1.4048990832553594 4.691850184293046,
            -0.026389035176979547 1.500355976798322 4.6400536639880325,
            0.029313996113372764 1.564138233905866 4.562534693213528,
            0.09502020155379387 1.586535584120969 4.471094832558732,
            0.16072640699421473 1.564138233905866 4.3796549719039355,
            0.216429438284567 1.500355976798322 4.302136001129431,
            0.25364901386013067 1.4048990832553598 4.250339480824416,
            0.22255367393103448 1.2923 4.193316801641246,
            0.209227844988827 1.1774949702904731 4.211861654953313,
            0.1712790948197159 1.0801679656440357 4.264672929082263,
            0.11448477663067141 1.015136140246614 4.343710586277359,
            0.047491310524199 0.9923000000000001 4.436941859708789,
            -0.01950215558227336 1.015136140246614 4.530173133140219,
            -0.07629647377131787 1.0801679656440357 4.609210790335313,
            -0.11424522394042896 1.1774949702904731 4.662022064464264,
            -0.12757105288263637 1.2923 4.68056691777633,
            -0.11424522394042896 1.4071050297095269 4.662022064464264,
            -0.07629647377131787 1.5044320343559643 4.609210790335313,
            -0.01950215558227336 1.569463859753386 4.530173133140219,
            0.047491310524199 1.5922999999999998 4.436941859708789,
            0.11448477663067141 1.569463859753386 4.343710586277359,
            0.1712790948197159 1.5044320343559643 4.264672929082263,
            0.209227844988827 1.4071050297095269 4.211861654953313,
            0.29111636859174117 1.2923 4.6120042231156235,
            -1.0029104743943058 1.2923 3.264802136551346,
            -1.0226871519722576 1.1774949702904731 3.276220206674653,
            -1.0790063648208987 1.0801679656440357 3.3087361193733638,
            -1.16329402331896 1.015136140246614 3.3573996216965827,
            -1.2627180955296373 0.9923000000000001 3.4148021365513466,
            -1.3621421677403147 1.015136140246614 3.4722046514061096,
            -1.446429826238376 1.0801679656440357 3.5208681537293285,
            -1.502749039087017 1.1774949702904731 3.553384066428039,
            -1.5225257166649693 1.2923 3.564802136551346,
            -1.502749039087017 1.4071050297095269 3.553384066428039,
            -1.446429826238376 1.5044320343559643 3.5208681537293285,
            -1.3621421677403156 1.569463859753386 3.4722046514061096,
            -1.2627180955296373 1.5922999999999998 3.4148021365513466,
            -1.16329402331896 1.569463859753386 3.3573996216965822,
            -1.0790063648208992 1.5044320343559643 3.3087361193733638,
            -1.0226871519722576 1.4071050297095273 3.276220206674653,
            -1.0229403476429166 1.2923 3.250553882642146,
            -1.0449983652798804 1.1774949702904731 3.256464310654602,
            -1.1078142849619714 1.0801679656440357 3.273295785605236,
            -1.2018249523453213 1.015136140246614 3.298485868010516,
            -1.3127180955296371 0.9923000000000001 3.328199596172902,
            -1.423611238713953 1.015136140246614 3.3579133243352883,
            -1.5176219060973033 1.0801679656440357 3.3831034067405676,
            -1.5804378257793943 1.1774949702904731 3.3999348816912023,
            -1.6024958434163576 1.2923 3.405845309703658,
            -1.5804378257793943 1.4071050297095269 3.3999348816912023,
            -1.5176219060973033 1.5044320343559643 3.3831034067405676,
            -1.423611238713954 1.569463859753386 3.3579133243352883,
            -1.3127180955296371 1.5922999999999998 3.328199596172902,
            -1.2018249523453213 1.569463859753386 3.298485868010516,
            -1.1078142849619714 1.5044320343559643 3.273295785605236,
            -1.0449983652798804 1.4071050297095273 3.256464310654602,
            -1.0386000000398894 1.2923 3.231607013543995,
            -1.0614361402865031 1.1774949702904731 3.231607013543995,
            -1.126467965683925 1.0801679656440357 3.231607013543995,
            -1.2237949703303623 1.015136140246614 3.231607013543995,
            -1.3386000000398897 0.9923000000000001 3.231607013543995,
            -1.4534050297494165 1.015136140246614 3.231607013543995,
            -1.5507320343958535 1.0801679656440357 3.231607013543995,
            -1.6157638597932753 1.1774949702904731 3.231607013543995,
            -1.6386000000398895 1.2923 3.231607013543995,
            -1.6157638597932753 1.4071050297095269 3.231607013543995,
            -1.5507320343958535 1.5044320343559643 3.231607013543995,
            -1.4534050297494165 1.569463859753386 3.231607013543995,
            -1.3386000000398897 1.5922999999999998 3.231607013543995,
            -1.2237949703303623 1.569463859753386 3.231607013543995,
            -1.1264679656839254 1.5044320343559643 3.231607013543995,
            -1.0614361402865031 1.4071050297095273 3.231607013543995,
            -1.0386000000398894 1.2923 0.4000000135439953,
            -1.0614361402865031 1.1774949702904731 0.4000000135439953,
            -1.126467965683925 1.0801679656440357 0.4000000135439953,
            -1.2237949703303623 1.015136140246614 0.4000000135439953,
            -1.3386000000398897 0.9923000000000001 0.4000000135439953,
            -1.4534050297494165 1.015136140246614 0.4000000135439953,
            -1.5507320343958535 1.0801679656440357 0.4000000135439953,
            -1.6157638597932753 1.1774949702904731 0.4000000135439957,
            -1.6386000000398895 1.2923 0.4000000135439953,
            -1.6157638597932753 1.4071050297095269 0.4000000135439957,
            -1.5507320343958535 1.5044320343559643 0.4000000135439953,
            -1.4534050297494165 1.569463859753386 0.4000000135439953,
            -1.3386000000398897 1.5922999999999998 0.4000000135439953,
            -1.2237949703303623 1.569463859753386 0.4000000135439953,
            -1.1264679656839254 1.5044320343559643 0.4000000135439953,
            -1.0614361402865031 1.4071050297095273 0.4000000135439957,
            -1.2086000010398894 1.2923 0.10000001354399535,
            -1.2184956617373015 1.2425511541752217 0.10000001354399535,
            -1.2466761191927447 1.2003761191528555 0.10000001354399535,
            -1.2888511542151113 1.1721956616974123 0.10000001354399535,
            -1.3386000000398897 1.1623000010000002 0.10000001354399535,
            -1.388348845864668 1.1721956616974123 0.10000001354399535,
            -1.4305238808870337 1.2003761191528555 0.10000001354399535,
            -1.458704338342477 1.2425511541752217 0.10000001354399579,
            -1.4685999990398895 1.2923 0.10000001354399535,
            -1.458704338342477 1.3420488458247783 0.10000001354399579,
            -1.4305238808870337 1.384223880847144 0.10000001354399535,
            -1.388348845864668 1.4124043383025877 0.10000001354399535,
            -1.3386000000398897 1.4222999989999998 0.10000001354399535,
            -1.2888511542151113 1.4124043383025877 0.10000001354399535,
            -1.2466761191927447 1.3842238808471445 0.10000001354399535,
            -1.2184956617373015 1.3420488458247783 0.10000001354399579 ]
        }
        coordIndex [
          0, 1, 17, 16, -1,
          0, 15, 50, 49, -1,
          0, 16, 31, 15, -1,
          0, 49, 48, 1, -1,
          1, 2, 18, 17, -1,
          1, 48, 63, 2, -1,
          2, 3, 19, 18, -1,
          2, 63, 62, 3, -1,
          3, 4, 20, 19, -1,
          3, 62, 61, 4, -1,
          4, 5, 21, 20, -1,
          4, 61, 60, 5, -1,
          5, 6, 22, 21, -1,
          5, 60, 59, 6, -1,
          6, 7, 23, 22, -1,
          6, 59, 58, 7, -1,
          7, 8, 24, 23, -1,
          7, 58, 57, 8, -1,
          8, 9, 25, 24, -1,
          8, 57, 56, 9, -1,
          9, 10, 26, 25, -1,
          9, 56, 55, 10, -1,
          10, 11, 27, 26, -1,
          10, 55, 54, 11, -1,
          11, 12, 28, 27, -1,
          11, 54, 53, 12, -1,
          12, 13, 29, 28, -1,
          12, 53, 52, 13, -1,
          13, 14, 30, 29, -1,
          13, 52, 51, 14, -1,
          14, 15, 31, 30, -1,
          14, 51, 50, 15, -1,
          16, 17, 33, 32, -1,
          16, 32, 47, 31, -1,
          17, 18, 34, 33, -1,
          18, 19, 35, 34, -1,
          19, 20, 36, 35, -1,
          20, 21, 37, 36, -1,
          21, 22, 38, 37, -1,
          22, 23, 39, 38, -1,
          23, 24, 40, 39, -1,
          24, 25, 41, 40, -1,
          25, 26, 42, 41, -1,
          26, 27, 43, 42, -1,
          27, 28, 44, 43, -1,
          28, 29, 45, 44, -1,
          29, 30, 46, 45, -1,
          30, 31, 47, 46, -1,
          32, 33, 65, 64, -1,
          32, 64, 79, 47, -1,
          33, 34, 66, 65, -1,
          34, 35, 67, 66, -1,
          35, 36, 68, 67, -1,
          36, 37, 69, 68, -1,
          37, 38, 70, 69, -1,
          38, 39, 71, 70, -1,
          39, 40, 72, 71, -1,
          40, 41, 73, 72, -1,
          41, 42, 74, 73, -1,
          42, 43, 75, 74, -1,
          43, 44, 76, 75, -1,
          44, 45, 77, 76, -1,
          45, 46, 78, 77, -1,
          46, 47, 79, 78, -1,
          48, 49, 81, 80, -1,
          48, 80, 95, 63, -1,
          49, 50, 82, 81, -1,
          50, 51, 83, 82, -1,
          51, 52, 84, 83, -1,
          52, 53, 85, 84, -1,
          53, 54, 86, 85, -1,
          54, 55, 87, 86, -1,
          55, 56, 88, 87, -1,
          56, 57, 89, 88, -1,
          57, 58, 90, 89, -1,
          58, 59, 91, 90, -1,
          59, 60, 92, 91, -1,
          60, 61, 93, 92, -1,
          61, 62, 94, 93, -1,
          62, 63, 95, 94, -1,
          64, 65, 66, 67, 68, 69, 70, 71, 72, 73, 74, 75, 76, 77, 78, 79, -1,
          80, 81, 82, 83, 84, 85, 86, 87, 88, 89, 90, 91, 92, 93, 94, 95, -1,
          96, 97, 225, 224, -1,
          96, 111, 256, 241, -1,
          96, 224, 239, 111, -1,
          96, 241, 242, 97, -1,
          97, 98, 226, 225, -1,
          97, 242, 243, 98, -1,
          98, 99, 227, 226, -1,
          98, 243, 244, 99, -1,
          99, 100, 228, 227, -1,
          99, 244, 245, 100, -1,
          100, 101, 229, 228, -1,
          100, 245, 246, 101, -1,
          101, 102, 230, 229, -1,
          101, 246, 247, 102, -1,
          102, 103, 231, 230, -1,
          102, 247, 248, 103, -1,
          103, 104, 232, 231, -1,
          103, 248, 249, 104, -1,
          104, 105, 233, 232, -1,
          104, 249, 250, 105, -1,
          105, 106, 234, 233, -1,
          105, 250, 251, 106, -1,
          106, 107, 235, 234, -1,
          106, 251, 252, 107, -1,
          107, 108, 236, 235, -1,
          107, 252, 253, 108, -1,
          108, 109, 237, 236, -1,
          108, 253, 254, 109, -1,
          109, 110, 238, 237, -1,
          109, 254, 255, 110, -1,
          110, 111, 239, 238, -1,
          110, 255, 256, 111, -1,
          112, 113, 240, -1,
          112, 127, 143, 128, -1,
          112, 128, 129, 113, -1,
          112, 240, 127, -1,
          113, 114, 240, -1,
          113, 129, 130, 114, -1,
          114, 115, 240, -1,
          114, 130, 131, 115, -1,
          115, 116, 240, -1,
          115, 131, 132, 116, -1,
          116, 117, 240, -1,
          116, 132, 133, 117, -1,
          117, 118, 240, -1,
          117, 133, 134, 118, -1,
          118, 119, 240, -1,
          118, 134, 135, 119, -1,
          119, 120, 240, -1,
          119, 135, 136, 120, -1,
          120, 121, 240, -1,
          120, 136, 137, 121, -1,
          121, 122, 240, -1,
          121, 137, 138, 122, -1,
          122, 123, 240, -1,
          122, 138, 139, 123, -1,
          123, 124, 240, -1,
          123, 139, 140, 124, -1,
          124, 125, 240, -1,
          124, 140, 141, 125, -1,
          125, 126, 240, -1,
          125, 141, 142, 126, -1,
          126, 127, 240, -1,
          126, 142, 143, 127, -1,
          128, 143, 159, 144, -1,
          128, 144, 145, 129, -1,
          129, 145, 146, 130, -1,
          130, 146, 147, 131, -1,
          131, 147, 148, 132, -1,
          132, 148, 149, 133, -1,
          133, 149, 150, 134, -1,
          134, 150, 151, 135, -1,
          135, 151, 152, 136, -1,
          136, 152, 153, 137, -1,
          137, 153, 154, 138, -1,
          138, 154, 155, 139, -1,
          139, 155, 156, 140, -1,
          140, 156, 157, 141, -1,
          141, 157, 158, 142, -1,
          142, 158, 159, 143, -1,
          144, 159, 175, 160, -1,
          144, 160, 161, 145, -1,
          145, 161, 162, 146, -1,
          146, 162, 163, 147, -1,
          147, 163, 164, 148, -1,
          148, 164, 165, 149, -1,
          149, 165, 166, 150, -1,
          150, 166, 167, 151, -1,
          151, 167, 168, 152, -1,
          152, 168, 169, 153, -1,
          153, 169, 170, 154, -1,
          154, 170, 171, 155, -1,
          155, 171, 172, 156, -1,
          156, 172, 173, 157, -1,
          157, 173, 174, 158, -1,
          158, 174, 175, 159, -1,
          160, 175, 191, 176, -1,
          160, 176, 177, 161, -1,
          161, 177, 178, 162, -1,
          162, 178, 179, 163, -1,
          163, 179, 180, 164, -1,
          164, 180, 181, 165, -1,
          165, 181, 182, 166, -1,
          166, 182, 183, 167, -1,
          167, 183, 184, 168, -1,
          168, 184, 185, 169, -1,
          169, 185, 186, 170, -1,
          170, 186, 187, 171, -1,
          171, 187, 188, 172, -1,
          172, 188, 189, 173, -1,
          173, 189, 190, 174, -1,
          174, 190, 191, 175, -1,
          176, 191, 207, 192, -1,
          176, 192, 193, 177, -1,
          177, 193, 194, 178, -1,
          178, 194, 195, 179, -1,
          179, 195, 196, 180, -1,
          180, 196, 197, 181, -1,
          181, 197, 198, 182, -1,
          182, 198, 199, 183, -1,
          183, 199, 200, 184, -1,
          184, 200, 201, 185, -1,
          185, 201, 202, 186, -1,
          186, 202, 203, 187, -1,
          187, 203, 204, 188, -1,
          188, 204, 205, 189, -1,
          189, 205, 206, 190, -1,
          190, 206, 207, 191, -1,
          192, 207, 223, 208, -1,
          192, 208, 209, 193, -1,
          193, 209, 210, 194, -1,
          194, 210, 211, 195, -1,
          195, 211, 212, 196, -1,
          196, 212, 213, 197, -1,
          197, 213, 214, 198, -1,
          198, 214, 215, 199, -1,
          199, 215, 216, 200, -1,
          200, 216, 217, 201, -1,
          201, 217, 218, 202, -1,
          202, 218, 219, 203, -1,
          203, 219, 220, 204, -1,
          204, 220, 221, 205, -1,
          205, 221, 222, 206, -1,
          206, 222, 223, 207, -1,
          208, 223, 239, 224, -1,
          208, 224, 225, 209, -1,
          209, 225, 226, 210, -1,
          210, 226, 227, 211, -1,
          211, 227, 228, 212, -1,
          212, 228, 229, 213, -1,
          213, 229, 230, 214, -1,
          214, 230, 231, 215, -1,
          215, 231, 232, 216, -1,
          216, 232, 233, 217, -1,
          217, 233, 234, 218, -1,
          218, 234, 235, 219, -1,
          219, 235, 236, 220, -1,
          220, 236, 237, 221, -1,
          221, 237, 238, 222, -1,
          222, 238, 239, 223, -1,
          241, 256, 272, 257, -1,
          241, 257, 258, 242, -1,
          242, 258, 259, 243, -1,
          243, 259, 260, 244, -1,
          244, 260, 261, 245, -1,
          245, 261, 262, 246, -1,
          246, 262, 263, 247, -1,
          247, 263, 264, 248, -1,
          248, 264, 265, 249, -1,
          249, 265, 266, 250, -1,
          250, 266, 267, 251, -1,
          251, 267, 268, 252, -1,
          252, 268, 269, 253, -1,
          253, 269, 270, 254, -1,
          254, 270, 271, 255, -1,
          255, 271, 272, 256, -1,
          257, 272, 288, 273, -1,
          257, 273, 274, 258, -1,
          258, 274, 275, 259, -1,
          259, 275, 276, 260, -1,
          260, 276, 277, 261, -1,
          261, 277, 278, 262, -1,
          262, 278, 279, 263, -1,
          263, 279, 280, 264, -1,
          264, 280, 281, 265, -1,
          265, 281, 282, 266, -1,
          266, 282, 283, 267, -1,
          267, 283, 284, 268, -1,
          268, 284, 285, 269, -1,
          269, 285, 286, 270, -1,
          270, 286, 287, 271, -1,
          271, 287, 288, 272, -1,
          273, 288, 304, 289, -1,
          273, 289, 290, 274, -1,
          274, 290, 291, 275, -1,
          275, 291, 292, 276, -1,
          276, 292, 293, 277, -1,
          277, 293, 294, 278, -1,
          278, 294, 295, 279, -1,
          279, 295, 296, 280, -1,
          280, 296, 297, 281, -1,
          281, 297, 298, 282, -1,
          282, 298, 299, 283, -1,
          283, 299, 300, 284, -1,
          284, 300, 301, 285, -1,
          285, 301, 302, 286, -1,
          286, 302, 303, 287, -1,
          287, 303, 304, 288, -1,
          289, 304, 320, 305, -1,
          289, 305, 306, 290, -1,
          290, 306, 307, 291, -1,
          291, 307, 308, 292, -1,
          292, 308, 309, 293, -1,
          293, 309, 310, 294, -1,
          294, 310, 311, 295, -1,
          295, 311, 312, 296, -1,
          296, 312, 313, 297, -1,
          297, 313, 314, 298, -1,
          298, 314, 315, 299, -1,
          299, 315, 316, 300, -1,
          300, 316, 317, 301, -1,
          301, 317, 318, 302, -1,
          302, 318, 319, 303, -1,
          303, 319, 320, 304, -1,
          305, 320, 319, 318, 317, 316, 315, 314, 313, 312, 311, 310, 309, 308, 307, 306, -1,
          321, 322, 467, 466, -1,
          321, 336, 464, 449, -1,
          321, 449, 450, 322, -1,
          321, 466, 481, 336, -1,
          322, 323, 468, 467, -1,
          322, 450, 451, 323, -1,
          323, 324, 469, 468, -1,
          323, 451, 452, 324, -1,
          324, 325, 470, 469, -1,
          324, 452, 453, 325, -1,
          325, 326, 471, 470, -1,
          325, 453, 454, 326, -1,
          326, 327, 472, 471, -1,
          326, 454, 455, 327, -1,
          327, 328, 473, 472, -1,
          327, 455, 456, 328, -1,
          328, 329, 474, 473, -1,
          328, 456, 457, 329, -1,
          329, 330, 475, 474, -1,
          329, 457, 458, 330, -1,
          330, 331, 476, 475, -1,
          330, 458, 459, 331, -1,
          331, 332, 477, 476, -1,
          331, 459, 460, 332, -1,
          332, 333, 478, 477, -1,
          332, 460, 461, 333, -1,
          333, 334, 479, 478, -1,
          333, 461, 462, 334, -1,
          334, 335, 480, 479, -1,
          334, 462, 463, 335, -1,
          335, 336, 481, 480, -1,
          335, 463, 464, 336, -1,
          337, 338, 354, 353, -1,
          337, 352, 465, -1,
          337, 353, 368, 352, -1,
          337, 465, 338, -1,
          338, 339, 355, 354, -1,
          338, 465, 339, -1,
          339, 340, 356, 355, -1,
          339, 465, 340, -1,
          340, 341, 357, 356, -1,
          340, 465, 341, -1,
          341, 342, 358, 357, -1,
          341, 465, 342, -1,
          342, 343, 359, 358, -1,
          342, 465, 343, -1,
          343, 344, 360, 359, -1,
          343, 465, 344, -1,
          344, 345, 361, 360, -1,
          344, 465, 345, -1,
          345, 346, 362, 361, -1,
          345, 465, 346, -1,
          346, 347, 363, 362, -1,
          346, 465, 347, -1,
          347, 348, 364, 363, -1,
          347, 465, 348, -1,
          348, 349, 365, 364, -1,
          348, 465, 349, -1,
          349, 350, 366, 365, -1,
          349, 465, 350, -1,
          350, 351, 367, 366, -1,
          350, 465, 351, -1,
          351, 352, 368, 367, -1,
          351, 465, 352, -1,
          353, 354, 370, 369, -1,
          353, 369, 384, 368, -1,
          354, 355, 371, 370, -1,
          355, 356, 372, 371, -1,
          356, 357, 373, 372, -1,
          357, 358, 374, 373, -1,
          358, 359, 375, 374, -1,
          359, 360, 376, 375, -1,
          360, 361, 377, 376, -1,
          361, 362, 378, 377, -1,
          362, 363, 379, 378, -1,
          363, 364, 380, 379, -1,
          364, 365, 381, 380, -1,
          365, 366, 382, 381, -1,
          366, 367, 383, 382, -1,
          367, 368, 384, 383, -1,
          369, 370, 386, 385, -1,
          369, 385, 400, 384, -1,
          370, 371, 387, 386, -1,
          371, 372, 388, 387, -1,
          372, 373, 389, 388, -1,
          373, 374, 390, 389, -1,
          374, 375, 391, 390, -1,
          375, 376, 392, 391, -1,
          376, 377, 393, 392, -1,
          377, 378, 394, 393, -1,
          378, 379, 395, 394, -1,
          379, 380, 396, 395, -1,
          380, 381, 397, 396, -1,
          381, 382, 398, 397, -1,
          382, 383, 399, 398, -1,
          383, 384, 400, 399, -1,
          385, 386, 402, 401, -1,
          385, 401, 416, 400, -1,
          386, 387, 403, 402, -1,
          387, 388, 404, 403, -1,
          388, 389, 405, 404, -1,
          389, 390, 406, 405, -1,
          390, 391, 407, 406, -1,
          391, 392, 408, 407, -1,
          392, 393, 409, 408, -1,
          393, 394, 410, 409, -1,
          394, 395, 411, 410, -1,
          395, 396, 412, 411, -1,
          396, 397, 413, 412, -1,
          397, 398, 414, 413, -1,
          398, 399, 415, 414, -1,
          399, 400, 416, 415, -1,
          401, 402, 418, 417, -1,
          401, 417, 432, 416, -1,
          402, 403, 419, 418, -1,
          403, 404, 420, 419, -1,
          404, 405, 421, 420, -1,
          405, 406, 422, 421, -1,
          406, 407, 423, 422, -1,
          407, 408, 424, 423, -1,
          408, 409, 425, 424, -1,
          409, 410, 426, 425, -1,
          410, 411, 427, 426, -1,
          411, 412, 428, 427, -1,
          412, 413, 429, 428, -1,
          413, 414, 430, 429, -1,
          414, 415, 431, 430, -1,
          415, 416, 432, 431, -1,
          417, 418, 434, 433, -1,
          417, 433, 448, 432, -1,
          418, 419, 435, 434, -1,
          419, 420, 436, 435, -1,
          420, 421, 437, 436, -1,
          421, 422, 438, 437, -1,
          422, 423, 439, 438, -1,
          423, 424, 440, 439, -1,
          424, 425, 441, 440, -1,
          425, 426, 442, 441, -1,
          426, 427, 443, 442, -1,
          427, 428, 444, 443, -1,
          428, 429, 445, 444, -1,
          429, 430, 446, 445, -1,
          430, 431, 447, 446, -1,
          431, 432, 448, 447, -1,
          433, 434, 450, 449, -1,
          433, 449, 464, 448, -1,
          434, 435, 451, 450, -1,
          435, 436, 452, 451, -1,
          436, 437, 453, 452, -1,
          437, 438, 454, 453, -1,
          438, 439, 455, 454, -1,
          439, 440, 456, 455, -1,
          440, 441, 457, 456, -1,
          441, 442, 458, 457, -1,
          442, 443, 459, 458, -1,
          443, 444, 460, 459, -1,
          444, 445, 461, 460, -1,
          445, 446, 462, 461, -1,
          446, 447, 463, 462, -1,
          447, 448, 464, 463, -1,
          466, 467, 483, 482, -1,
          466, 482, 497, 481, -1,
          467, 468, 484, 483, -1,
          468, 469, 485, 484, -1,
          469, 470, 486, 485, -1,
          470, 471, 487, 486, -1,
          471, 472, 488, 487, -1,
          472, 473, 489, 488, -1,
          473, 474, 490, 489, -1,
          474, 475, 491, 490, -1,
          475, 476, 492, 491, -1,
          476, 477, 493, 492, -1,
          477, 478, 494, 493, -1,
          478, 479, 495, 494, -1,
          479, 480, 496, 495, -1,
          480, 481, 497, 496, -1,
          482, 483, 499, 498, -1,
          482, 498, 513, 497, -1,
          483, 484, 500, 499, -1,
          484, 485, 501, 500, -1,
          485, 486, 502, 501, -1,
          486, 487, 503, 502, -1,
          487, 488, 504, 503, -1,
          488, 489, 505, 504, -1,
          489, 490, 506, 505, -1,
          490, 491, 507, 506, -1,
          491, 492, 508, 507, -1,
          492, 493, 509, 508, -1,
          493, 494, 510, 509, -1,
          494, 495, 511, 510, -1,
          495, 496, 512, 511, -1,
          496, 497, 513, 512, -1,
          498, 499, 515, 514, -1,
          498, 514, 529, 513, -1,
          499, 500, 516, 515, -1,
          500, 501, 517, 516, -1,
          501, 502, 518, 517, -1,
          502, 503, 519, 518, -1,
          503, 504, 520, 519, -1,
          504, 505, 521, 520, -1,
          505, 506, 522, 521, -1,
          506, 507, 523, 522, -1,
          507, 508, 524, 523, -1,
          508, 509, 525, 524, -1,
          509, 510, 526, 525, -1,
          510, 511, 527, 526, -1,
          511, 512, 528, 527, -1,
          512, 513, 529, 528, -1,
          514, 515, 531, 530, -1,
          514, 530, 545, 529, -1,
          515, 516, 532, 531, -1,
          516, 517, 533, 532, -1,
          517, 518, 534, 533, -1,
          518, 519, 535, 534, -1,
          519, 520, 536, 535, -1,
          520, 521, 537, 536, -1,
          521, 522, 538, 537, -1,
          522, 523, 539, 538, -1,
          523, 524, 540, 539, -1,
          524, 525, 541, 540, -1,
          525, 526, 542, 541, -1,
          526, 527, 543, 542, -1,
          527, 528, 544, 543, -1,
          528, 529, 545, 544, -1,
          530, 531, 532, 533, 534, 535, 536, 537, 538, 539, 540, 541, 542, 543, 544, 545, -1 ]
        normal Normal {
          vector [
            -0.9102927613374184 -3.1405201985167004e-17 0.4139650814461258,
            -0.901630123345917 -0.07463058518085933 0.42602041785669037,
            -0.8769610174786152 -0.13789934029587775 0.46035111140175783,
            -0.8400410914778175 -0.1801741709114698 0.5117306251975949,
            -0.796491069397159 -0.19501911728871732 0.5723368940252758,
            -0.7529410473165074 -0.18017417091147317 0.6329431628529407,
            -0.7160211213157066 -0.13789934029587927 0.6843226766487863,
            -0.6913520154483952 -0.07463058518085135 0.7186533701938687,
            -0.6826893774568943 2.983494188590863e-16 0.7307087066044294,
            -0.6913520154483961 0.07463058518085097 0.7186533701938679,
            -0.7160211213157103 0.13789934029587927 0.6843226766487825,
            -0.7529410473165079 0.18017417091147364 0.63294316285294,
            -0.7964910693971561 0.19501911728871754 0.5723368940252794,
            -0.8400410914778172 0.18017417091147056 0.5117306251975953,
            -0.8769610174786167 0.1378993402958781 0.46035111140175516,
            -0.901630123345916 0.07463058518085933 0.42602041785669237,
            -0.9735483898997636 0.0 0.2284809237629655,
            -0.9565552922836815 -0.14639937861516772 0.2521293214704974,
            -0.9081630445046716 -0.27051077894984515 0.3194742604153796,
            -0.8357389276102729 -0.3534393653757231 0.42026308412664215,
            -0.7503088568713958 -0.38256001235897547 0.5391516078472177,
            -0.6648787861325197 -0.35343936537572446 0.6580401315677883,
            -0.5924546692381187 -0.27051077894984266 0.7588289552790541,
            -0.5440624214591003 -0.14639937861516356 0.8261738942239426,
            -0.5270693238430165 3.7415515935290103e-16 0.8498222919314752,
            -0.5440624214591 0.14639937861516303 0.826173894223943,
            -0.5924546692381193 0.27051077894984227 0.7588289552790539,
            -0.6648787861325198 0.3534393653757241 0.6580401315677884,
            -0.7503088568713961 0.38256001235897413 0.539151607847218,
            -0.8357389276102731 0.3534393653757227 0.4202630841266421,
            -0.9081630445046711 0.2705107789498456 0.31947426041538074,
            -0.9565552922836815 0.14639937861516772 0.2521293214704974,
            -0.9994149848727699 0.0 0.034200701919129745,
            -0.9747432784623199 -0.21255232974401742 0.06853501450294314,
            -0.9044842028823867 -0.3927454940761728 0.16631086440481338,
            -0.7993340654899086 -0.5131467171820012 0.31264276481746645,
            -0.6753010215145193 -0.5554260042834469 0.4852530104050577,
            -0.5512679775391307 -0.5131467171820047 0.6578632559926478,
            -0.44611784014665 -0.3927454940761725 0.8041951564053039,
            -0.3758587645667134 -0.21255232974401067 0.9019710063071746,
            -0.3511870581562633 3.788308269825903e-16 0.9363053188909852,
            -0.3758587645667129 0.21255232974401014 0.901971006307175,
            -0.44611784014665 0.39274549407617226 0.804195156405304,
            -0.5512679775391303 0.5131467171820051 0.6578632559926479,
            -0.6753010215145193 0.555426004283447 0.48525301040505775,
            -0.7993340654899087 0.5131467171820016 0.312642764817466,
            -0.9044842028823864 0.39274549407617343 0.16631086440481382,
            -0.9747432784623199 0.21255232974401736 0.06853501450294314,
            -0.9868858184376683 0.0 -0.16141989148371216,
            -0.9554823929047809 -0.2705476122288383 -0.11771740043947661,
            -0.8660530031707372 -0.4999068030160499 0.006736764595809731,
            -0.7322124631431092 -0.6531597147105213 0.19299558517533913,
            -0.5743367817735846 -0.7069749807478755 0.4127028443062913,
            -0.4164611004040586 -0.6531597147105265 0.6324101034372428,
            -0.28262056037642885 -0.49990680301605567 0.8186689240167724,
            -0.19319117064239025 -0.2705476122288372 0.9431230890520588,
            -0.16178774510950597 3.872583511362728e-16 0.9868255800962911,
            -0.19319117064238991 0.27054761222883666 0.943123089052059,
            -0.2826205603764288 0.4999068030160557 0.8186689240167725,
            -0.41646110040405765 0.6531597147105271 0.6324101034372428,
            -0.5743367817735843 0.7069749807478757 0.4127028443062913,
            -0.732212463143109 0.6531597147105217 0.19299558517533852,
            -0.8660530031707367 0.49990680301605056 0.006736764595810272,
            -0.9554823929047809 0.2705476122288383 -0.1177174004394766,
            -0.9364262111769994 0.0 -0.3508645764688844,
            -0.899497024230006 -0.3181532963529079 -0.2994721747026635,
            -0.7943315973377915 -0.587870637402901 -0.1531189966996243,
            -0.6369404134177287 -0.768090002968899 0.06591401288413401,
            -0.45128485346700925 -0.8313746283360978 0.3242810638786597,
            -0.26562929351629233 -0.7680900029688987 0.5826481148731819,
            -0.10823810959623203 -0.5878706374029018 0.8016811244569376,
            -0.003072682704017571 -0.31815329635290773 0.9480343024599792,
            0.03385650424297757 3.88665967726285e-16 0.9994267042262006,
            -0.0030726827040168992 0.3181532963529075 0.9480343024599793,
            -0.10823810959623126 0.5878706374029021 0.8016811244569376,
            -0.2656292935162915 0.7680900029688987 0.5826481148731824,
            -0.4512848534670098 0.8313746283360972 0.32428106387866035,
            -0.6369404134177289 0.7680900029688987 0.06591401288413337,
            -0.7943315973377908 0.587870637402902 -0.15311899669962453,
            -0.8994970242300059 0.3181532963529083 -0.2994721747026638,
            -0.8499612102931403 0.0 -0.5268452723495013,
            -0.8089252190635204 -0.35353434392021216 -0.4697376476629701,
            -0.6920646030471873 -0.6532462887753776 -0.3071088917799921,
            -0.5171703316885076 -0.8535074078568453 -0.06371775855040518,
            -0.31086847238131954 -0.9238297611560273 0.22338165833770313,
            -0.10456661307413131 -0.8535074078568435 0.5104810752258077,
            0.07032765828455291 -0.6532462887753768 0.7538722084553908,
            0.1871882743008893 -0.35353434392020977 0.9165009643383698,
            0.22822426553050792 3.756791989401411e-16 0.9736085890249019,
            0.1871882743008893 0.3535343439202096 0.9165009643383699,
            0.07032765828455284 0.6532462887753765 0.7538722084553912,
            -0.10456661307413045 0.8535074078568433 0.5104810752258079,
            -0.31086847238131854 0.9238297611560277 0.2233816583377026,
            -0.5171703316885077 0.8535074078568453 -0.06371775855040591,
            -0.6920646030471872 0.6532462887753778 -0.30710889177999184,
            -0.8089252190635203 0.3535343439202127 -0.46973764766296994,
            -0.7308061122017311 0.0 -0.6825851055865421,
            -0.6872407967839492 -0.37532504375783843 -0.6219575538281847,
            -0.5631772748823924 -0.6935102519335364 -0.4493048937182025,
            -0.37750309306794544 -0.9061148109384431 -0.19091192765807874,
            -0.1584854623812101 -0.9807716039291879 0.11388335760760676,
            0.06053216830552536 -0.906114810938442 0.41867864287329337,
            0.246206350119974 -0.693510251933534 0.6770716089334177,
            0.3702698720215318 -0.37532504375783654 0.8497242690433977,
            0.41383518743931264 2.699029375357421e-16 0.9103518208017541,
            0.37026987202153067 0.37532504375783593 0.8497242690433985,
            0.24620635011997216 0.6935102519335333 0.677071608933419,
            0.060532168305523756 0.9061148109384419 0.4186786428732942,
            -0.15848546238121125 0.9807716039291876 0.11388335760760769,
            -0.3775030930679469 0.9061148109384428 -0.1909119276580774,
            -0.5631772748823934 0.6935102519335364 -0.44930489371820104,
            -0.6872407967839494 0.3753250437578386 -0.6219575538281842,
            -0.8120835268918073 1.357710388301952e-16 0.5835412113561159,
            -0.6526038284208875 3.529731631117653e-17 -0.7576993091790443,
            -0.6375180182576728 -0.36685822032599563 -0.6774849242426378,
            -0.5343492616716702 -0.6965551076722816 -0.4788338422945867,
            -0.3049625467209762 -0.9215514552025025 -0.2402930721256989,
            0.0012461981337141227 -0.9999961671322544 -0.002472389737037584,
            0.31893897089464296 -0.9231577901084274 0.2146104084306975,
            0.5913949893541812 -0.7055877521934226 0.3903817241129522,
            0.774119242205589 -0.38147044309371964 0.5051927353920738,
            0.8383526686690416 0.0 0.5451282444851818,
            0.774119242205589 0.38147044309371964 0.5051927353920737,
            0.5913949893541817 0.7055877521934224 0.39038172411295213,
            0.31893897089464374 0.9231577901084271 0.21461040843069745,
            0.0012461981337141867 0.9999961671322544 -0.0024723897370377327,
            -0.3049625467209771 0.9215514552025021 -0.24029307212569942,
            -0.5343492616716706 0.6965551076722821 -0.4788338422945856,
            -0.637518018257674 0.366858220325997 -0.6774849242426361,
            -0.7225807707860752 -3.125164376143955e-16 -0.6912865033328811,
            -0.7167038715245632 -0.35914522883598354 -0.5977878094659105,
            -0.6085917978111146 -0.693299554285676 -0.3859426792469552,
            -0.3467473160980225 -0.9212749655540377 -0.1761213690107615,
            0.0010680053316873077 -0.999991807791792 -0.003904319904315388,
            0.3594057396919749 -0.9233629766711603 0.1350123238428204,
            0.6660035254647078 -0.7061318148888336 0.24045199951421156,
            0.8716174971802887 -0.3819676306660661 0.3072192502635879,
            0.9439262609311324 0.0 0.3301563476969234,
            0.8716174971802888 0.3819676306660661 0.30721925026358793,
            0.666003525464708 0.7061318148888331 0.24045199951421206,
            0.35940573969197553 0.92336297667116 0.13501232384282122,
            0.0010680053316871876 0.999991807791792 -0.0039043199043153004,
            -0.3467473160980233 0.9212749655540371 -0.17612136901076236,
            -0.608591797811114 0.6932995542856767 -0.3859426792469553,
            -0.7167038715245627 0.35914522883598465 -0.5977878094659104,
            0.9102927613374178 3.838413575964856e-17 0.4139650814461272,
            0.9016301233459161 -0.0746305851808622 0.42602041785669176,
            0.8769610174786225 -0.13789934029587259 0.46035111140174534,
            0.8400410914778175 -0.18017417091146268 0.5117306251975975,
            0.7964910693971512 -0.19501911728871896 0.5723368940252858,
            0.7529410473165085 -0.1801741709114688 0.6329431628529406,
            0.7160211213157062 -0.13789934029588155 0.6843226766487863,
            0.6913520154483989 -0.07463058518086466 0.7186533701938635,
            0.6826893774569043 3.48946688724078e-16 0.7307087066044201,
            0.691352015448398 0.07463058518086443 0.7186533701938645,
            0.7160211213157046 0.1378993402958817 0.684322676648788,
            0.7529410473165077 0.18017417091146942 0.6329431628529415,
            0.7964910693971522 0.19501911728871843 0.5723368940252848,
            0.8400410914778174 0.18017417091146323 0.5117306251975975,
            0.8769610174786204 0.13789934029587367 0.4603511114017491,
            0.901630123345917 0.07463058518086219 0.4260204178566897,
            0.9735483898997634 0.0 0.22848092376296594,
            0.9565552922836811 -0.14639937861516655 0.25212932147049955,
            0.9081630445046721 -0.2705107789498422 0.31947426041538074,
            0.8357389276102716 -0.3534393653757224 0.4202630841266456,
            0.750308856871393 -0.38256001235897724 0.53915160784722,
            0.6648787861325202 -0.35343936537572235 0.658040131567789,
            0.5924546692381204 -0.2705107789498449 0.758828955279052,
            0.5440624214591052 -0.1463993786151697 0.8261738942239384,
            0.5270693238430199 3.7415515935290093e-16 0.8498222919314732,
            0.5440624214591048 0.1463993786151692 0.8261738942239387,
            0.592454669238121 0.27051077894984443 0.7588289552790518,
            0.6648787861325202 0.35343936537572196 0.6580401315677892,
            0.7503088568713936 0.38256001235897596 0.5391516078472204,
            0.8357389276102717 0.35343936537572196 0.42026308412664554,
            0.9081630445046716 0.2705107789498426 0.31947426041538185,
            0.9565552922836811 0.14639937861516653 0.25212932147049955,
            0.9994149848727698 0.0 0.03420070191913153,
            0.9747432784623199 -0.21255232974401722 0.0685350145029439,
            0.9044842028823865 -0.39274549407617343 0.1663108644048134,
            0.7993340654899072 -0.5131467171820024 0.3126427648174684,
            0.6753010215145181 -0.5554260042834477 0.48525301040505875,
            0.5512679775391303 -0.5131467171820051 0.6578632559926479,
            0.44611784014664835 -0.39274549407617493 0.8041951564053037,
            0.37585876456671274 -0.21255232974401891 0.901971006307173,
            0.35118705815626444 3.858462126674538e-16 0.9363053188909848,
            0.37585876456671236 0.21255232974401836 0.9019710063071732,
            0.4461178401466483 0.3927454940761747 0.8041951564053037,
            0.5512679775391298 0.5131467171820056 0.6578632559926479,
            0.675301021514518 0.5554260042834476 0.48525301040505875,
            0.799334065489907 0.5131467171820028 0.3126427648174679,
            0.9044842028823862 0.392745494076174 0.16631086440481388,
            0.9747432784623199 0.21255232974401722 0.0685350145029439,
            0.9868858184376685 0.0 -0.16141989148371072,
            0.9554823929047807 -0.2705476122288393 -0.11771740043947564,
            0.866053003170737 -0.49990680301605006 0.00673676459581004,
            0.7322124631431095 -0.6531597147105206 0.19299558517534043,
            0.5743367817735853 -0.7069749807478735 0.412702844306294,
            0.4164611004040584 -0.6531597147105254 0.6324101034372441,
            0.2826205603764304 -0.499906803016056 0.8186689240167716,
            0.19319117064239058 -0.270547612228842 0.9431230890520573,
            0.16178774510950333 3.731762292767723e-16 0.9868255800962916,
            0.19319117064239025 0.2705476122288414 0.9431230890520577,
            0.28262056037643024 0.49990680301605656 0.8186689240167714,
            0.4164611004040568 0.6531597147105269 0.6324101034372436,
            0.574336781773584 0.7069749807478747 0.4127028443062934,
            0.7322124631431087 0.6531597147105217 0.1929955851753393,
            0.8660530031707364 0.4999068030160511 0.0067367645958104835,
            0.9554823929047807 0.2705476122288393 -0.11771740043947564,
            0.9364262111769993 0.0 -0.3508645764688847,
            0.8994970242300062 -0.3181532963529083 -0.29947217470266263,
            0.7943315973377918 -0.5878706374029009 -0.15311899669962267,
            0.636940413417729 -0.7680900029688986 0.0659140128841342,
            0.451284853467009 -0.8313746283360972 0.3242810638786613,
            0.2656292935162916 -0.7680900029688976 0.5826481148731837,
            0.10823810959623321 -0.5878706374029032 0.8016811244569365,
            0.003072682704018477 -0.31815329635290934 0.9480343024599786,
            -0.033856504242977474 3.5333269793298635e-16 0.9994267042262006,
            0.0030726827040178074 0.3181532963529092 0.9480343024599787,
            0.10823810959623324 0.587870637402903 0.8016811244569366,
            0.2656292935162919 0.7680900029688973 0.5826481148731841,
            0.45128485346700914 0.8313746283360971 0.3242810638786612,
            0.6369404134177283 0.7680900029688993 0.06591401288413333,
            0.7943315973377908 0.5878706374029024 -0.15311899669962264,
            0.899497024230006 0.3181532963529087 -0.29947217470266296,
            0.8499612102931398 0.0 -0.5268452723495023,
            0.8089252190635203 -0.3535343439202117 -0.4697376476629705,
            0.6920646030471878 -0.6532462887753776 -0.3071088917799913,
            0.517170331688507 -0.8535074078568458 -0.06371775855040542,
            0.3108684723813164 -0.9238297611560287 0.22338165833770213,
            0.104566613074128 -0.8535074078568444 0.5104810752258065,
            -0.07032765828455495 -0.6532462887753787 0.7538722084553889,
            -0.18718827430089205 -0.35353434392021216 0.9165009643383684,
            -0.22822426553051098 3.6859091216768586e-16 0.9736085890249011,
            -0.18718827430089202 0.353534343920212 0.9165009643383685,
            -0.07032765828455492 0.6532462887753777 0.7538722084553898,
            0.10456661307412798 0.8535074078568442 0.5104810752258073,
            0.31086847238131676 0.9238297611560286 0.22338165833770154,
            0.5171703316885069 0.8535074078568456 -0.06371775855040564,
            0.6920646030471872 0.6532462887753785 -0.30710889177999046,
            0.8089252190635203 0.3535343439202122 -0.4697376476629703,
            0.7308061122017291 0.0 -0.6825851055865443,
            0.6872407967839468 -0.37532504375783843 -0.6219575538281872,
            0.5631772748823906 -0.6935102519335365 -0.44930489371820437,
            0.37750309306794433 -0.9061148109384436 -0.19091192765807907,
            0.15848546238120925 -0.9807716039291882 0.11388335760760694,
            -0.06053216830552548 -0.9061148109384424 0.41867864287329276,
            -0.2462063501199718 -0.6935102519335351 0.6770716089334174,
            -0.37026987202152833 -0.375325043757838 0.8497242690433986,
            -0.4138351874393095 2.7700564641826145e-16 0.9103518208017555,
            -0.3702698720215275 0.3753250437578374 0.8497242690433991,
            -0.24620635011997102 0.6935102519335347 0.6770716089334182,
            -0.06053216830552479 0.9061148109384424 0.41867864287329304,
            0.1584854623812108 0.9807716039291878 0.11388335760760773,
            0.3775030930679461 0.9061148109384433 -0.19091192765807696,
            0.5631772748823916 0.6935102519335371 -0.4493048937182023,
            0.6872407967839472 0.3753250437578386 -0.6219575538281867,
            0.8120835268918081 1.8894621294667618e-16 0.5835412113561149,
            0.6526038284208875 3.529731631117653e-17 -0.7576993091790443,
            0.6375180182576728 -0.36685822032599563 -0.6774849242426378,
            0.5343492616716702 -0.6965551076722816 -0.4788338422945867,
            0.30496254672097667 -0.9215514552025024 -0.24029307212569914,
            -0.0012461981337140377 -0.9999961671322544 -0.002472389737037828,
            -0.31893897089464307 -0.9231577901084275 0.21461040843069693,
            -0.5913949893541811 -0.705587752193423 0.39038172411295174,
            -0.7741192422055896 -0.38147044309371814 0.5051927353920741,
            -0.8383526686690415 0.0 0.545128244485182,
            -0.7741192422055895 0.38147044309371814 0.5051927353920741,
            -0.5913949893541818 0.7055877521934222 0.39038172411295247,
            -0.3189389708946432 0.9231577901084274 0.2146104084306975,
            -0.001246198133713627 0.9999961671322544 -0.002472389737037902,
            0.3049625467209769 0.9215514552025023 -0.24029307212569917,
            0.5343492616716706 0.6965551076722821 -0.4788338422945856,
            0.637518018257674 0.366858220325997 -0.6774849242426361,
            0.7225807707860752 -3.125164376143955e-16 -0.6912865033328811,
            0.7167038715245632 -0.35914522883598354 -0.5977878094659105,
            0.6085917978111146 -0.693299554285676 -0.3859426792469552,
            0.3467473160980229 -0.9212749655540374 -0.17612136901076192,
            -0.0010680053316873292 -0.999991807791792 -0.003904319904315301,
            -0.35940573969197553 -0.9233629766711601 0.1350123238428209,
            -0.6660035254647074 -0.7061318148888343 0.24045199951421084,
            -0.8716174971802892 -0.3819676306660653 0.3072192502635875,
            -0.9439262609311324 0.0 0.33015634769692337,
            -0.8716174971802891 0.3819676306660653 0.3072192502635875,
            -0.6660035254647085 0.7061318148888331 0.24045199951421084,
            -0.35940573969197603 0.92336297667116 0.13501232384282044,
            -0.0010680053316869395 0.999991807791792 -0.003904319904315717,
            0.34674731609802284 0.9212749655540373 -0.17612136901076247,
            0.608591797811114 0.6932995542856767 -0.3859426792469553,
            0.7167038715245627 0.35914522883598465 -0.5977878094659104,
            1.0 0.0 1.2734702769904938e-16,
            1.0 0.0 1.2734702769904938e-16,
            0.4256363247725599 0.9048943137373049 4.8746030630231174e-17,
            0.4256363247725599 0.9048943137373049 4.8746030630231174e-17,
            0.9238795325112868 0.0 0.38268343236508934,
            0.9238795325112868 0.0 0.38268343236508934,
            0.3932366887506947 0.9048943137373049 0.16288396970322508,
            0.3932366887506947 0.9048943137373049 0.16288396970322508,
            0.7071067811865479 0.0 0.7071067811865472,
            0.7071067811865479 0.0 0.7071067811865472,
            0.3009703315659955 0.9048943137373058 0.30097033156599495,
            0.3009703315659955 0.9048943137373058 0.30097033156599495,
            0.3826834323650898 0.0 0.9238795325112867,
            0.3826834323650898 0.0 0.9238795325112867,
            0.16288396970322436 0.9048943137373061 0.39323668875069245,
            0.16288396970322436 0.9048943137373061 0.39323668875069245,
            1.414966974433882e-17 0.0 1.0,
            1.414966974433882e-17 0.0 1.0,
            -6.963718661461596e-18 0.9048943137373056 0.4256363247725582,
            -6.963718661461596e-18 0.9048943137373056 0.4256363247725582,
            -0.3826834323650897 0.0 0.9238795325112867,
            -0.3826834323650897 0.0 0.9238795325112867,
            -0.16288396970322438 0.9048943137373061 0.3932366887506925,
            -0.16288396970322438 0.9048943137373061 0.3932366887506925,
            -0.7071067811865476 0.0 0.7071067811865475,
            -0.7071067811865476 0.0 0.7071067811865475,
            -0.3009703315659951 0.904894313737306 0.3009703315659949,
            -0.3009703315659951 0.904894313737306 0.3009703315659949,
            -0.9238795325112868 0.0 0.3826834323650897,
            -0.9238795325112868 0.0 0.3826834323650897,
            -0.3932366887506941 0.9048943137373052 0.16288396970322497,
            -0.3932366887506941 0.9048943137373052 0.16288396970322497,
            -1.0 0.0 8.489801846603292e-17,
            -1.0 0.0 8.489801846603292e-17,
            -0.42563632477255964 0.9048943137373049 4.1782311968769573e-17,
            -0.42563632477255964 0.9048943137373049 4.1782311968769573e-17,
            -0.9238795325112867 0.0 -0.3826834323650897,
            -0.9238795325112867 0.0 -0.3826834323650897,
            -0.3932366887506947 0.9048943137373049 -0.1628839697032252,
            -0.3932366887506947 0.9048943137373049 -0.1628839697032252,
            -0.7071067811865478 0.0 -0.7071067811865471,
            -0.7071067811865478 0.0 -0.7071067811865471,
            -0.30097033156599656 0.9048943137373051 -0.3009703315659963,
            -0.30097033156599656 0.9048943137373051 -0.3009703315659963,
            -0.3826834323650902 0.0 -0.9238795325112865,
            -0.3826834323650902 0.0 -0.9238795325112865,
            -0.16288396970322527 0.9048943137373052 -0.3932366887506942,
            -0.16288396970322527 0.9048943137373052 -0.3932366887506942,
            -2.829933948867765e-17 0.0 -1.0,
            -2.829933948867765e-17 0.0 -1.0,
            0.0 0.9048943137373049 -0.4256363247725596,
            0.0 0.9048943137373049 -0.4256363247725596,
            0.38268343236509017 0.0 -0.9238795325112865,
            0.38268343236509017 0.0 -0.9238795325112865,
            0.16288396970322552 0.9048943137373048 -0.3932366887506949,
            0.16288396970322552 0.9048943137373048 -0.3932366887506949,
            0.7071067811865475 0.0 -0.7071067811865477,
            0.7071067811865475 0.0 -0.7071067811865477,
            0.30097033156599695 0.9048943137373047 -0.3009703315659971,
            0.30097033156599695 0.9048943137373047 -0.3009703315659971,
            0.9238795325112865 0.0 -0.3826834323650904,
            0.9238795325112865 0.0 -0.3826834323650904,
            0.39323668875069484 0.9048943137373048 -0.16288396970322566,
            0.39323668875069484 0.9048943137373048 -0.16288396970322566,
            1.0 0.0 1.2734702769904938e-16,
            1.0 0.0 1.2734702769904938e-16,
            0.4256363247725599 -0.9048943137373049 4.8746030630231174e-17,
            0.4256363247725599 -0.9048943137373049 4.8746030630231174e-17,
            0.9238795325112868 0.0 0.38268343236508934,
            0.9238795325112868 0.0 0.38268343236508934,
            0.3932366887506947 -0.9048943137373049 0.16288396970322508,
            0.3932366887506947 -0.9048943137373049 0.16288396970322508,
            0.7071067811865479 0.0 0.7071067811865472,
            0.7071067811865479 0.0 0.7071067811865472,
            0.3009703315659955 -0.9048943137373058 0.30097033156599495,
            0.3009703315659955 -0.9048943137373058 0.30097033156599495,
            0.3826834323650898 0.0 0.9238795325112867,
            0.3826834323650898 0.0 0.9238795325112867,
            0.16288396970322436 -0.9048943137373061 0.39323668875069245,
            0.16288396970322436 -0.9048943137373061 0.39323668875069245,
            1.414966974433882e-17 0.0 1.0,
            1.414966974433882e-17 0.0 1.0,
            -6.963718661461596e-18 -0.9048943137373056 0.4256363247725582,
            -6.963718661461596e-18 -0.9048943137373056 0.4256363247725582,
            -0.3826834323650897 0.0 0.9238795325112867,
            -0.3826834323650897 0.0 0.9238795325112867,
            -0.16288396970322438 -0.9048943137373061 0.3932366887506925,
            -0.16288396970322438 -0.9048943137373061 0.3932366887506925,
            -0.7071067811865476 0.0 0.7071067811865475,
            -0.7071067811865476 0.0 0.7071067811865475,
            -0.3009703315659951 -0.904894313737306 0.3009703315659949,
            -0.3009703315659951 -0.904894313737306 0.3009703315659949,
            -0.9238795325112868 0.0 0.3826834323650897,
            -0.9238795325112868 0.0 0.3826834323650897,
            -0.3932366887506941 -0.9048943137373052 0.16288396970322497,
            -0.3932366887506941 -0.9048943137373052 0.16288396970322497,
            -1.0 0.0 8.489801846603292e-17,
            -1.0 0.0 8.489801846603292e-17,
            -0.42563632477255964 -0.9048943137373049 4.1782311968769573e-17,
            -0.42563632477255964 -0.9048943137373049 4.1782311968769573e-17,
            -0.9238795325112867 0.0 -0.3826834323650897,
            -0.9238795325112867 0.0 -0.3826834323650897,
            -0.3932366887506947 -0.9048943137373049 -0.1628839697032252,
            -0.3932366887506947 -0.9048943137373049 -0.1628839697032252,
            -0.7071067811865478 0.0 -0.7071067811865471,
            -0.7071067811865478 0.0 -0.7071067811865471,
            -0.30097033156599656 -0.9048943137373051 -0.3009703315659963,
            -0.30097033156599656 -0.9048943137373051 -0.3009703315659963,
            -0.3826834323650902 0.0 -0.9238795325112865,
            -0.3826834323650902 0.0 -0.9238795325112865,
            -0.16288396970322527 -0.9048943137373052 -0.3932366887506942,
            -0.16288396970322527 -0.9048943137373052 -0.3932366887506942,
            -2.829933948867765e-17 0.0 -1.0,
            -2.829933948867765e-17 0.0 -1.0,
            0.0 -0.9048943137373049 -0.4256363247725596,
            0.0 -0.9048943137373049 -0.4256363247725596,
            0.38268343236509017 0.0 -0.9238795325112865,
            0.38268343236509017 0.0 -0.9238795325112865,
            0.16288396970322552 -0.9048943137373048 -0.3932366887506949,
            0.16288396970322552 -0.9048943137373048 -0.3932366887506949,
            0.7071067811865475 0.0 -0.7071067811865477,
            0.7071067811865475 0.0 -0.7071067811865477,
            0.30097033156599695 -0.9048943137373047 -0.3009703315659971,
            0.30097033156599695 -0.9048943137373047 -0.3009703315659971,
            0.9238795325112865 0.0 -0.3826834323650904,
            0.9238795325112865 0.0 -0.3826834323650904,
            0.39323668875069484 -0.9048943137373048 -0.16288396970322566,
            0.39323668875069484 -0.9048943137373048 -0.16288396970322566,
            0.4256363247725599 -0.9048943137373049 4.8746030630231174e-17,
            0.4256363247725599 -0.9048943137373049 4.8746030630231174e-17,
            0.0891435092466248 -0.996018792372512 -1.5614965493456928e-17,
            0.0891435092466248 -0.996018792372512 -1.5614965493456928e-17,
            0.3932366887506947 -0.9048943137373049 0.16288396970322508,
            0.3932366887506947 -0.9048943137373049 0.16288396970322508,
            0.08235786364918732 -0.996018792372512 0.034113744091567526,
            0.08235786364918732 -0.996018792372512 0.034113744091567526,
            0.3009703315659955 -0.9048943137373058 0.30097033156599495,
            0.3009703315659955 -0.9048943137373058 0.30097033156599495,
            0.06303397988705418 -0.996018792372512 0.06303397988705418,
            0.06303397988705418 -0.996018792372512 0.06303397988705418,
            0.16288396970322436 -0.9048943137373061 0.39323668875069245,
            0.16288396970322436 -0.9048943137373061 0.39323668875069245,
            0.0341137440915676 -0.996018792372512 0.08235786364918737,
            0.0341137440915676 -0.996018792372512 0.08235786364918737,
            -6.963718661461596e-18 -0.9048943137373056 0.4256363247725582,
            -6.963718661461596e-18 -0.9048943137373056 0.4256363247725582,
            0.0 -0.9960187923725119 0.08914350924662484,
            0.0 -0.9960187923725119 0.08914350924662484,
            -0.16288396970322438 -0.9048943137373061 0.3932366887506925,
            -0.16288396970322438 -0.9048943137373061 0.3932366887506925,
            -0.0341137440915676 -0.996018792372512 0.08235786364918736,
            -0.0341137440915676 -0.996018792372512 0.08235786364918736,
            -0.3009703315659951 -0.904894313737306 0.3009703315659949,
            -0.3009703315659951 -0.904894313737306 0.3009703315659949,
            -0.06303397988705417 -0.996018792372512 0.0630339798870542,
            -0.06303397988705417 -0.996018792372512 0.0630339798870542,
            -0.3932366887506941 -0.9048943137373052 0.16288396970322497,
            -0.3932366887506941 -0.9048943137373052 0.16288396970322497,
            -0.08235786364918732 -0.996018792372512 0.03411374409156754,
            -0.08235786364918732 -0.996018792372512 0.03411374409156754,
            -0.42563632477255964 -0.9048943137373049 4.1782311968769573e-17,
            -0.42563632477255964 -0.9048943137373049 4.1782311968769573e-17,
            -0.0891435092466248 -0.9960187923725119 6.939984663758635e-18,
            -0.0891435092466248 -0.9960187923725119 6.939984663758635e-18,
            -0.3932366887506947 -0.9048943137373049 -0.1628839697032252,
            -0.3932366887506947 -0.9048943137373049 -0.1628839697032252,
            -0.0823578636491873 -0.996018792372512 -0.03411374409156749,
            -0.0823578636491873 -0.996018792372512 -0.03411374409156749,
            -0.30097033156599656 -0.9048943137373051 -0.3009703315659963,
            -0.30097033156599656 -0.9048943137373051 -0.3009703315659963,
            -0.06303397988705411 -0.996018792372512 -0.0630339798870541,
            -0.06303397988705411 -0.996018792372512 -0.0630339798870541,
            -0.16288396970322527 -0.9048943137373052 -0.3932366887506942,
            -0.16288396970322527 -0.9048943137373052 -0.3932366887506942,
            -0.03411374409156755 -0.996018792372512 -0.08235786364918728,
            -0.03411374409156755 -0.996018792372512 -0.08235786364918728,
            0.0 -0.9048943137373049 -0.4256363247725596,
            0.0 -0.9048943137373049 -0.4256363247725596,
            -2.2554950157215566e-17 -0.996018792372512 -0.08914350924662477,
            -2.2554950157215566e-17 -0.996018792372512 -0.08914350924662477,
            0.16288396970322552 -0.9048943137373048 -0.3932366887506949,
            0.16288396970322552 -0.9048943137373048 -0.3932366887506949,
            0.03411374409156752 -0.996018792372512 -0.08235786364918725,
            0.03411374409156752 -0.996018792372512 -0.08235786364918725,
            0.30097033156599695 -0.9048943137373047 -0.3009703315659971,
            0.30097033156599695 -0.9048943137373047 -0.3009703315659971,
            0.06303397988705406 -0.996018792372512 -0.06303397988705409,
            0.06303397988705406 -0.996018792372512 -0.06303397988705409,
            0.39323668875069484 -0.9048943137373048 -0.16288396970322566,
            0.39323668875069484 -0.9048943137373048 -0.16288396970322566,
            0.08235786364918722 -0.996018792372512 -0.03411374409156752,
            0.08235786364918722 -0.996018792372512 -0.03411374409156752,
            0.3932366887506947 0.9048943137373049 0.16288396970322508,
            0.3932366887506947 0.9048943137373049 0.16288396970322508,
            0.08235786364918735 0.996018792372512 0.034113744091567526,
            0.08235786364918735 0.996018792372512 0.034113744091567526,
            0.4256363247725599 0.9048943137373049 4.8746030630231174e-17,
            0.4256363247725599 0.9048943137373049 4.8746030630231174e-17,
            0.0891435092466248 0.9960187923725119 -1.387996932751727e-17,
            0.0891435092466248 0.9960187923725119 -1.387996932751727e-17,
            0.39323668875069484 0.9048943137373048 -0.16288396970322566,
            0.39323668875069484 0.9048943137373048 -0.16288396970322566,
            0.08235786364918724 0.996018792372512 -0.03411374409156751,
            0.08235786364918724 0.996018792372512 -0.03411374409156751,
            0.30097033156599695 0.9048943137373047 -0.3009703315659971,
            0.30097033156599695 0.9048943137373047 -0.3009703315659971,
            0.06303397988705406 0.996018792372512 -0.0630339798870541,
            0.06303397988705406 0.996018792372512 -0.0630339798870541,
            0.16288396970322552 0.9048943137373048 -0.3932366887506949,
            0.16288396970322552 0.9048943137373048 -0.3932366887506949,
            0.03411374409156752 0.996018792372512 -0.08235786364918725,
            0.03411374409156752 0.996018792372512 -0.08235786364918725,
            0.0 0.9048943137373049 -0.4256363247725596,
            0.0 0.9048943137373049 -0.4256363247725596,
            -2.081995399127591e-17 0.996018792372512 -0.08914350924662476,
            -2.081995399127591e-17 0.996018792372512 -0.08914350924662476,
            -0.16288396970322527 0.9048943137373052 -0.3932366887506942,
            -0.16288396970322527 0.9048943137373052 -0.3932366887506942,
            -0.03411374409156756 0.996018792372512 -0.08235786364918728,
            -0.03411374409156756 0.996018792372512 -0.08235786364918728,
            -0.30097033156599656 0.9048943137373051 -0.3009703315659963,
            -0.30097033156599656 0.9048943137373051 -0.3009703315659963,
            -0.06303397988705411 0.996018792372512 -0.06303397988705409,
            -0.06303397988705411 0.996018792372512 -0.06303397988705409,
            -0.3932366887506947 0.9048943137373049 -0.1628839697032252,
            -0.3932366887506947 0.9048943137373049 -0.1628839697032252,
            -0.08235786364918729 0.996018792372512 -0.034113744091567505,
            -0.08235786364918729 0.996018792372512 -0.034113744091567505,
            -0.42563632477255964 0.9048943137373049 4.1782311968769573e-17,
            -0.42563632477255964 0.9048943137373049 4.1782311968769573e-17,
            -0.0891435092466248 0.996018792372512 8.674980829698294e-18,
            -0.0891435092466248 0.996018792372512 8.674980829698294e-18,
            -0.3932366887506941 0.9048943137373052 0.16288396970322497,
            -0.3932366887506941 0.9048943137373052 0.16288396970322497,
            -0.08235786364918729 0.996018792372512 0.034113744091567554,
            -0.08235786364918729 0.996018792372512 0.034113744091567554,
            -0.3009703315659951 0.904894313737306 0.3009703315659949,
            -0.3009703315659951 0.904894313737306 0.3009703315659949,
            -0.06303397988705416 0.996018792372512 0.06303397988705418,
            -0.06303397988705416 0.996018792372512 0.06303397988705418,
            -0.16288396970322438 0.9048943137373061 0.3932366887506925,
            -0.16288396970322438 0.9048943137373061 0.3932366887506925,
            -0.0341137440915676 0.996018792372512 0.08235786364918736,
            -0.0341137440915676 0.996018792372512 0.08235786364918736,
            -6.963718661461596e-18 0.9048943137373056 0.4256363247725582,
            -6.963718661461596e-18 0.9048943137373056 0.4256363247725582,
            0.0 0.9960187923725119 0.08914350924662483,
            0.0 0.9960187923725119 0.08914350924662483,
            0.16288396970322436 0.9048943137373061 0.39323668875069245,
            0.16288396970322436 0.9048943137373061 0.39323668875069245,
            0.034113744091567595 0.996018792372512 0.08235786364918736,
            0.034113744091567595 0.996018792372512 0.08235786364918736,
            0.3009703315659955 0.9048943137373058 0.30097033156599495,
            0.3009703315659955 0.9048943137373058 0.30097033156599495,
            0.06303397988705418 0.996018792372512 0.0630339798870542,
            0.06303397988705418 0.996018792372512 0.0630339798870542,
            0.0891435092466248 -0.996018792372512 -1.5614965493456928e-17,
            0.0891435092466248 -0.996018792372512 -1.5614965493456928e-17,
            0.0 -1.0 -2.400954409835214e-17,
            0.08235786364918732 -0.996018792372512 0.034113744091567526,
            0.08235786364918732 -0.996018792372512 0.034113744091567526,
            0.0 -1.0 -2.400954409835214e-17,
            0.06303397988705418 -0.996018792372512 0.06303397988705418,
            0.06303397988705418 -0.996018792372512 0.06303397988705418,
            0.0 -1.0 -2.400954409835214e-17,
            0.0341137440915676 -0.996018792372512 0.08235786364918737,
            0.0341137440915676 -0.996018792372512 0.08235786364918737,
            0.0 -1.0 -2.400954409835214e-17,
            0.0 -0.9960187923725119 0.08914350924662484,
            0.0 -0.9960187923725119 0.08914350924662484,
            0.0 -1.0 -2.400954409835214e-17,
            -0.0341137440915676 -0.996018792372512 0.08235786364918736,
            -0.0341137440915676 -0.996018792372512 0.08235786364918736,
            0.0 -1.0 -2.400954409835214e-17,
            -0.06303397988705417 -0.996018792372512 0.0630339798870542,
            -0.06303397988705417 -0.996018792372512 0.0630339798870542,
            0.0 -1.0 -2.400954409835214e-17,
            -0.08235786364918732 -0.996018792372512 0.03411374409156754,
            -0.08235786364918732 -0.996018792372512 0.03411374409156754,
            0.0 -1.0 -2.400954409835214e-17,
            -0.0891435092466248 -0.9960187923725119 6.939984663758635e-18,
            -0.0891435092466248 -0.9960187923725119 6.939984663758635e-18,
            0.0 -1.0 -2.400954409835214e-17,
            -0.0823578636491873 -0.996018792372512 -0.03411374409156749,
            -0.0823578636491873 -0.996018792372512 -0.03411374409156749,
            0.0 -1.0 -2.400954409835214e-17,
            -0.06303397988705411 -0.996018792372512 -0.0630339798870541,
            -0.06303397988705411 -0.996018792372512 -0.0630339798870541,
            0.0 -1.0 -2.400954409835214e-17,
            -0.03411374409156755 -0.996018792372512 -0.08235786364918728,
            -0.03411374409156755 -0.996018792372512 -0.08235786364918728,
            0.0 -1.0 -2.400954409835214e-17,
            -2.2554950157215566e-17 -0.996018792372512 -0.08914350924662477,
            -2.2554950157215566e-17 -0.996018792372512 -0.08914350924662477,
            0.0 -1.0 -2.400954409835214e-17,
            0.03411374409156752 -0.996018792372512 -0.08235786364918725,
            0.03411374409156752 -0.996018792372512 -0.08235786364918725,
            0.0 -1.0 -2.400954409835214e-17,
            0.06303397988705406 -0.996018792372512 -0.06303397988705409,
            0.06303397988705406 -0.996018792372512 -0.06303397988705409,
            0.0 -1.0 -2.400954409835214e-17,
            0.08235786364918722 -0.996018792372512 -0.03411374409156752,
            0.08235786364918722 -0.996018792372512 -0.03411374409156752,
            0.0 -1.0 -2.400954409835214e-17,
            0.08235786364918735 0.996018792372512 0.034113744091567526,
            0.08235786364918735 0.996018792372512 0.034113744091567526,
            0.0 1.0 -1.867408985427389e-17,
            0.0891435092466248 0.9960187923725119 -1.387996932751727e-17,
            0.0891435092466248 0.9960187923725119 -1.387996932751727e-17,
            0.0 1.0 -1.867408985427389e-17,
            0.08235786364918724 0.996018792372512 -0.03411374409156751,
            0.08235786364918724 0.996018792372512 -0.03411374409156751,
            0.0 1.0 -1.867408985427389e-17,
            0.06303397988705406 0.996018792372512 -0.0630339798870541,
            0.06303397988705406 0.996018792372512 -0.0630339798870541,
            0.0 1.0 -1.867408985427389e-17,
            0.03411374409156752 0.996018792372512 -0.08235786364918725,
            0.03411374409156752 0.996018792372512 -0.08235786364918725,
            0.0 1.0 -1.867408985427389e-17,
            -2.081995399127591e-17 0.996018792372512 -0.08914350924662476,
            -2.081995399127591e-17 0.996018792372512 -0.08914350924662476,
            0.0 1.0 -1.867408985427389e-17,
            -0.03411374409156756 0.996018792372512 -0.08235786364918728,
            -0.03411374409156756 0.996018792372512 -0.08235786364918728,
            0.0 1.0 -1.867408985427389e-17,
            -0.06303397988705411 0.996018792372512 -0.06303397988705409,
            -0.06303397988705411 0.996018792372512 -0.06303397988705409,
            0.0 1.0 -1.867408985427389e-17,
            -0.08235786364918729 0.996018792372512 -0.034113744091567505,
            -0.08235786364918729 0.996018792372512 -0.034113744091567505,
            0.0 1.0 -1.867408985427389e-17,
            -0.0891435092466248 0.996018792372512 8.674980829698294e-18,
            -0.0891435092466248 0.996018792372512 8.674980829698294e-18,
            0.0 1.0 -1.867408985427389e-17,
            -0.08235786364918729 0.996018792372512 0.034113744091567554,
            -0.08235786364918729 0.996018792372512 0.034113744091567554,
            0.0 1.0 -1.867408985427389e-17,
            -0.06303397988705416 0.996018792372512 0.06303397988705418,
            -0.06303397988705416 0.996018792372512 0.06303397988705418,
            0.0 1.0 -1.867408985427389e-17,
            -0.0341137440915676 0.996018792372512 0.08235786364918736,
            -0.0341137440915676 0.996018792372512 0.08235786364918736,
            0.0 1.0 -1.867408985427389e-17,
            0.0 0.9960187923725119 0.08914350924662483,
            0.0 0.9960187923725119 0.08914350924662483,
            0.0 1.0 -1.867408985427389e-17,
            0.034113744091567595 0.996018792372512 0.08235786364918736,
            0.034113744091567595 0.996018792372512 0.08235786364918736,
            0.0 1.0 -1.867408985427389e-17,
            0.06303397988705418 0.996018792372512 0.0630339798870542,
            0.06303397988705418 0.996018792372512 0.0630339798870542,
            0.0 1.0 -1.867408985427389e-17,
            -0.6026499080702423 7.356449743895449e-16 -0.7980056944050767,
            -0.6026499080702423 7.356449743895449e-16 -0.7980056944050767,
            -0.6783643670737758 3.817107020781592e-16 -0.7347256532098192,
            -0.6783643670737758 3.817107020781592e-16 -0.7347256532098192,
            -0.5572378571511862 -0.38119549347032267 -0.7376828358552688,
            -0.5572378571511862 -0.38119549347032267 -0.7376828358552688,
            -0.64164960450927 -0.3771550808004566 -0.6678621340213101,
            -0.64164960450927 -0.3771550808004566 -0.6678621340213101,
            -0.42736866800914025 -0.7054988793211087 -0.5653559523704983,
            -0.42736866800914025 -0.7054988793211087 -0.5653559523704983,
            -0.5130895101158179 -0.702409123103348 -0.4933159012137109,
            -0.5130895101158179 -0.702409123103348 -0.4933159012137109,
            -0.2317983957163984 -0.923265971581372 -0.3063485750957706,
            -0.2317983957163984 -0.923265971581372 -0.3063485750957706,
            -0.2865956493833597 -0.9224001272546447 -0.25892265060273456,
            -0.2865956493833597 -0.9224001272546447 -0.25892265060273456,
            5.091125391438201e-5 -0.999999997776705 -4.306546238113527e-5,
            5.091125391438201e-5 -0.999999997776705 -4.306546238113527e-5,
            9.104743742445661e-4 -0.9999988876155018 -0.0011814415656221323,
            9.104743742445661e-4 -0.9999988876155018 -0.0011814415656221323,
            0.2322656994741785 -0.923276751082693 0.30596190246165894,
            0.2322656994741785 -0.923276751082693 0.30596190246165894,
            0.29618848195883674 -0.9226958516351816 0.24678887440512123,
            0.29618848195883674 -0.9226958516351816 0.24678887440512123,
            0.4287338136707022 -0.7055421341668153 0.5642673248830834,
            0.4287338136707022 -0.7055421341668153 0.5642673248830834,
            0.547822313709283 -0.7040864794255792 0.4518328696457366,
            0.547822313709283 -0.7040864794255792 0.4518328696457366,
            0.5595225657355158 -0.3812457511615776 0.7359253872873186,
            0.5595225657355158 -0.3812457511615776 0.7359253872873186,
            0.715365198597846 -0.37993442535394134 0.5864319782089263,
            0.715365198597846 -0.37993442535394134 0.5864319782089263,
            0.605321819286102 0.0 0.7959808383976109,
            0.605321819286102 0.0 0.7959808383976109,
            0.7739603594646322 0.0 0.6332340499194413,
            0.7739603594646322 0.0 0.6332340499194413,
            0.5595225657355158 0.38124575116157744 0.7359253872873186,
            0.5595225657355158 0.38124575116157744 0.7359253872873186,
            0.715365198597846 0.37993442535394134 0.5864319782089263,
            0.715365198597846 0.37993442535394134 0.5864319782089263,
            0.42873381367070246 0.7055421341668148 0.5642673248830838,
            0.42873381367070246 0.7055421341668148 0.5642673248830838,
            0.5478223137092838 0.7040864794255788 0.4518328696457365,
            0.5478223137092838 0.7040864794255788 0.4518328696457365,
            0.23226569947417885 0.9232767510826926 0.30596190246165955,
            0.23226569947417885 0.9232767510826926 0.30596190246165955,
            0.29618848195883796 0.9226958516351813 0.246788874405121,
            0.29618848195883796 0.9226958516351813 0.246788874405121,
            5.09112539142405e-5 0.999999997776705 -4.30654623812768e-5,
            5.09112539142405e-5 0.999999997776705 -4.30654623812768e-5,
            9.104743742445237e-4 0.9999988876155018 -0.0011814415656223305,
            9.104743742445237e-4 0.9999988876155018 -0.0011814415656223305,
            -0.23179839571639865 0.9232659715813718 -0.306348575095771,
            -0.23179839571639865 0.9232659715813718 -0.306348575095771,
            -0.2865956493833605 0.9224001272546443 -0.2589226506027351,
            -0.2865956493833605 0.9224001272546443 -0.2589226506027351,
            -0.4273686680091403 0.7054988793211084 -0.5653559523704984,
            -0.4273686680091403 0.7054988793211084 -0.5653559523704984,
            -0.5130895101158176 0.7024091231033482 -0.49331590121371083,
            -0.5130895101158176 0.7024091231033482 -0.49331590121371083,
            -0.557237857151186 0.3811954934703231 -0.7376828358552686,
            -0.557237857151186 0.3811954934703231 -0.7376828358552686,
            -0.6416496045092713 0.3771550808004579 -0.6678621340213081,
            -0.6416496045092713 0.3771550808004579 -0.6678621340213081,
            -0.6026499080702423 7.356449743895449e-16 -0.7980056944050767,
            -0.6026499080702423 7.356449743895449e-16 -0.7980056944050767,
            -0.6603294059400758 0.0 -0.7509760819432444,
            -0.6603294059400758 0.0 -0.7509760819432444,
            -0.5572378571511862 -0.38119549347032267 -0.7376828358552688,
            -0.5572378571511862 -0.38119549347032267 -0.7376828358552688,
            -0.6161238678283076 -0.38084070704023176 -0.6894575660280932,
            -0.6161238678283076 -0.38084070704023176 -0.6894575660280932,
            -0.42736866800914025 -0.7054988793211087 -0.5653559523704983,
            -0.42736866800914025 -0.7054988793211087 -0.5653559523704983,
            -0.49023714594631357 -0.7037018687631926 -0.5142676546639923,
            -0.49023714594631357 -0.7037018687631926 -0.5142676546639923,
            -0.2317983957163984 -0.923265971581372 -0.3063485750957706,
            -0.2317983957163984 -0.923265971581372 -0.3063485750957706,
            -0.30183435253465074 -0.9194308000402828 -0.2520774237556271,
            -0.30183435253465074 -0.9194308000402828 -0.2520774237556271,
            5.091125391438201e-5 -0.999999997776705 -4.306546238113527e-5,
            5.091125391438201e-5 -0.999999997776705 -4.306546238113527e-5,
            -0.07959810501467487 -0.9951847266721974 0.057197040801571605,
            -0.07959810501467487 -0.9951847266721974 0.057197040801571605,
            0.2322656994741785 -0.923276751082693 0.30596190246165894,
            0.2322656994741785 -0.923276751082693 0.30596190246165894,
            0.14263814250529983 -0.9194308000402814 0.366471505358774,
            0.14263814250529983 -0.9194308000402814 0.366471505358774,
            0.4287338136707022 -0.7055421341668153 0.5642673248830834,
            0.4287338136707022 -0.7055421341668153 0.5642673248830834,
            0.33104093591695777 -0.7037018687631886 0.6286617362671445,
            0.33104093591695777 -0.7037018687631886 0.6286617362671445,
            0.5595225657355158 -0.3812457511615776 0.7359253872873186,
            0.5595225657355158 -0.3812457511615776 0.7359253872873186,
            0.45692765779894856 -0.38084070704023076 0.8038516476312431,
            0.45692765779894856 -0.38084070704023076 0.8038516476312431,
            0.605321819286102 0.0 0.7959808383976109,
            0.605321819286102 0.0 0.7959808383976109,
            0.5011331959107179 1.6976499042353773e-16 0.8653701635463924,
            0.5011331959107179 1.6976499042353773e-16 0.8653701635463924,
            0.5595225657355158 0.38124575116157744 0.7359253872873186,
            0.5595225657355158 0.38124575116157744 0.7359253872873186,
            0.45692765779894756 0.38084070704023 0.803851647631244,
            0.45692765779894756 0.38084070704023 0.803851647631244,
            0.42873381367070246 0.7055421341668148 0.5642673248830838,
            0.42873381367070246 0.7055421341668148 0.5642673248830838,
            0.3310409359169565 0.7037018687631882 0.6286617362671456,
            0.3310409359169565 0.7037018687631882 0.6286617362671456,
            0.23226569947417885 0.9232767510826926 0.30596190246165955,
            0.23226569947417885 0.9232767510826926 0.30596190246165955,
            0.14263814250529677 0.9194308000402812 0.36647150535877543,
            0.14263814250529677 0.9194308000402812 0.36647150535877543,
            5.09112539142405e-5 0.999999997776705 -4.30654623812768e-5,
            5.09112539142405e-5 0.999999997776705 -4.30654623812768e-5,
            -0.0795981050146793 0.9951847266721968 0.05719704080157483,
            -0.0795981050146793 0.9951847266721968 0.05719704080157483,
            -0.23179839571639865 0.9232659715813718 -0.306348575095771,
            -0.23179839571639865 0.9232659715813718 -0.306348575095771,
            -0.3018343525346532 0.9194308000402825 -0.2520774237556248,
            -0.3018343525346532 0.9194308000402825 -0.2520774237556248,
            -0.4273686680091403 0.7054988793211084 -0.5653559523704984,
            -0.4273686680091403 0.7054988793211084 -0.5653559523704984,
            -0.49023714594631396 0.7037018687631929 -0.5142676546639917,
            -0.49023714594631396 0.7037018687631929 -0.5142676546639917,
            -0.557237857151186 0.3811954934703231 -0.7376828358552686,
            -0.557237857151186 0.3811954934703231 -0.7376828358552686,
            -0.6161238678283076 0.38084070704023176 -0.6894575660280932,
            -0.6161238678283076 0.38084070704023176 -0.6894575660280932,
            -0.806629987136538 -3.098428161676414e-16 -0.5910567348843161,
            -0.806629987136538 -3.098428161676414e-16 -0.5910567348843161,
            -1.0 -3.6789141335280917e-16 0.0,
            -1.0 -3.6789141335280917e-16 0.0,
            -0.7894672545975451 -0.3564645784895283 -0.4996743521539782,
            -0.7894672545975451 -0.3564645784895283 -0.4996743521539782,
            -0.9238795325112872 -0.38268343236508884 0.0,
            -0.9238795325112872 -0.38268343236508884 0.0,
            -0.6564542554554995 -0.6902001556350075 -0.3044528792042822,
            -0.6564542554554995 -0.6902001556350075 -0.3044528792042822,
            -0.7071067811865475 -0.7071067811865475 0.0,
            -0.7071067811865475 -0.7071067811865475 0.0,
            -0.3694501823900027 -0.920069743726356 -0.13030053496172436,
            -0.3694501823900027 -0.920069743726356 -0.13030053496172436,
            -0.382683432365089 -0.9238795325112871 0.0,
            -0.382683432365089 -0.9238795325112871 0.0,
            5.539917862427061e-4 -0.9999916658031003 -0.004044924899330619,
            5.539917862427061e-4 -0.9999916658031003 -0.004044924899330619,
            -1.8394570667640458e-16 -1.0 0.0,
            -1.8394570667640458e-16 -1.0 0.0,
            0.37669955895933255 -0.9221857248655957 0.0875838520159972,
            0.37669955895933255 -0.9221857248655957 0.0875838520159972,
            0.3826834323650879 -0.9238795325112875 0.0,
            0.3826834323650879 -0.9238795325112875 0.0,
            0.6946478906864477 -0.7030835000848158 0.15211147186637147,
            0.6946478906864477 -0.7030835000848158 0.15211147186637147,
            0.7071067811865468 -0.7071067811865481 0.0,
            0.7071067811865468 -0.7071067811865481 0.0,
            0.9053868070475789 -0.3791713907357788 0.19105964009095544,
            0.9053868070475789 -0.3791713907357788 0.19105964009095544,
            0.9238795325112864 -0.38268343236509056 0.0,
            0.9238795325112864 -0.38268343236509056 0.0,
            0.9789448918181239 0.0 0.2041247137982115,
            0.9789448918181239 0.0 0.2041247137982115,
            1.0 0.0 0.0,
            1.0 0.0 0.0,
            0.9053868070475789 0.3791713907357788 0.19105964009095544,
            0.9053868070475789 0.3791713907357788 0.19105964009095544,
            0.9238795325112864 0.38268343236509056 0.0,
            0.9238795325112864 0.38268343236509056 0.0,
            0.6946478906864482 0.7030835000848149 0.1521114718663725,
            0.6946478906864482 0.7030835000848149 0.1521114718663725,
            0.7071067811865483 0.7071067811865467 0.0,
            0.7071067811865483 0.7071067811865467 0.0,
            0.37669955895933344 0.9221857248655952 0.08758385201599866,
            0.37669955895933344 0.9221857248655952 0.08758385201599866,
            0.38268343236508956 0.9238795325112868 0.0,
            0.38268343236508956 0.9238795325112868 0.0,
            5.539917862422954e-4 0.9999916658031003 -0.004044924899330343,
            5.539917862422954e-4 0.9999916658031003 -0.004044924899330343,
            -9.19728533382023e-16 1.0 0.0,
            -9.19728533382023e-16 1.0 0.0,
            -0.36945018239000327 0.9200697437263554 -0.13030053496172564,
            -0.36945018239000327 0.9200697437263554 -0.13030053496172564,
            -0.3826834323650904 0.9238795325112865 0.0,
            -0.3826834323650904 0.9238795325112865 0.0,
            -0.6564542554554977 0.690200155635008 -0.30445287920428504,
            -0.6564542554554977 0.690200155635008 -0.30445287920428504,
            -0.7071067811865465 0.7071067811865487 0.0,
            -0.7071067811865465 0.7071067811865487 0.0,
            -0.7894672545975434 0.3564645784895291 -0.4996743521539802,
            -0.7894672545975434 0.3564645784895291 -0.4996743521539802,
            -0.9238795325112863 0.38268343236509095 0.0,
            -0.9238795325112863 0.38268343236509095 0.0,
            -1.0 -3.6789141335280917e-16 0.0,
            -1.0 -3.6789141335280917e-16 0.0,
            -0.8700221846046783 1.0140529364824058e-15 -0.49301257417605804,
            -0.8700221846046783 1.0140529364824058e-15 -0.49301257417605804,
            -0.9238795325112872 -0.38268343236508884 0.0,
            -0.9238795325112872 -0.38268343236508884 0.0,
            -0.8037956891870194 -0.3329430758382901 -0.4930125741760583,
            -0.8037956891870194 -0.3329430758382901 -0.4930125741760583,
            -0.7071067811865475 -0.7071067811865475 0.0,
            -0.7071067811865475 -0.7071067811865475 0.0,
            -0.6151985865167025 -0.615198586516702 -0.49301257417605815,
            -0.6151985865167025 -0.615198586516702 -0.49301257417605815,
            -0.382683432365089 -0.9238795325112871 0.0,
            -0.382683432365089 -0.9238795325112871 0.0,
            -0.332943075838291 -0.8037956891870189 -0.49301257417605826,
            -0.332943075838291 -0.8037956891870189 -0.49301257417605826,
            -1.8394570667640458e-16 -1.0 0.0,
            -1.8394570667640458e-16 -1.0 0.0,
            -1.1267254849804507e-16 -0.8700221846046782 -0.4930125741760582,
            -1.1267254849804507e-16 -0.8700221846046782 -0.4930125741760582,
            0.3826834323650879 -0.9238795325112875 0.0,
            0.3826834323650879 -0.9238795325112875 0.0,
            0.33294307583828947 -0.8037956891870196 -0.4930125741760582,
            0.33294307583828947 -0.8037956891870196 -0.4930125741760582,
            0.7071067811865468 -0.7071067811865481 0.0,
            0.7071067811865468 -0.7071067811865481 0.0,
            0.6151985865167021 -0.6151985865167021 -0.4930125741760585,
            0.6151985865167021 -0.6151985865167021 -0.4930125741760585,
            0.9238795325112864 -0.38268343236509056 0.0,
            0.9238795325112864 -0.38268343236509056 0.0,
            0.8037956891870183 -0.33294307583829286 -0.493012574176058,
            0.8037956891870183 -0.33294307583829286 -0.493012574176058,
            1.0 0.0 0.0,
            1.0 0.0 0.0,
            0.8700221846046778 0.0 -0.4930125741760588,
            0.8700221846046778 0.0 -0.4930125741760588,
            0.9238795325112864 0.38268343236509056 0.0,
            0.9238795325112864 0.38268343236509056 0.0,
            0.803795689187018 0.3329430758382934 -0.49301257417605815,
            0.803795689187018 0.3329430758382934 -0.49301257417605815,
            0.7071067811865483 0.7071067811865467 0.0,
            0.7071067811865483 0.7071067811865467 0.0,
            0.6151985865167031 0.6151985865167008 -0.49301257417605876,
            0.6151985865167031 0.6151985865167008 -0.49301257417605876,
            0.38268343236508956 0.9238795325112868 0.0,
            0.38268343236508956 0.9238795325112868 0.0,
            0.3329430758382911 0.8037956891870184 -0.493012574176059,
            0.3329430758382911 0.8037956891870184 -0.493012574176059,
            -9.19728533382023e-16 1.0 0.0,
            -9.19728533382023e-16 1.0 0.0,
            -5.774468110524811e-16 0.8700221846046781 -0.4930125741760585,
            -5.774468110524811e-16 0.8700221846046781 -0.4930125741760585,
            -0.3826834323650904 0.9238795325112865 0.0,
            -0.3826834323650904 0.9238795325112865 0.0,
            -0.33294307583829186 0.8037956891870186 -0.4930125741760582,
            -0.33294307583829186 0.8037956891870186 -0.4930125741760582,
            -0.7071067811865465 0.7071067811865487 0.0,
            -0.7071067811865465 0.7071067811865487 0.0,
            -0.6151985865167028 0.6151985865167019 -0.4930125741760578,
            -0.6151985865167028 0.6151985865167019 -0.4930125741760578,
            -0.9238795325112863 0.38268343236509095 0.0,
            -0.9238795325112863 0.38268343236509095 0.0,
            -0.8037956891870188 0.33294307583829136 -0.49301257417605826,
            -0.8037956891870188 0.33294307583829136 -0.49301257417605826,
            -0.8700221846046783 1.0140529364824058e-15 -0.49301257417605804,
            -0.8700221846046783 1.0140529364824058e-15 -0.49301257417605804,
            3.8557755995782675e-16 1.634092157778794e-16 -1.0,
            -0.8037956891870194 -0.3329430758382901 -0.4930125741760583,
            -0.8037956891870194 -0.3329430758382901 -0.4930125741760583,
            3.8557755995782675e-16 1.634092157778794e-16 -1.0,
            -0.6151985865167025 -0.615198586516702 -0.49301257417605815,
            -0.6151985865167025 -0.615198586516702 -0.49301257417605815,
            3.8557755995782675e-16 1.634092157778794e-16 -1.0,
            -0.332943075838291 -0.8037956891870189 -0.49301257417605826,
            -0.332943075838291 -0.8037956891870189 -0.49301257417605826,
            3.8557755995782675e-16 1.634092157778794e-16 -1.0,
            -1.1267254849804507e-16 -0.8700221846046782 -0.4930125741760582,
            -1.1267254849804507e-16 -0.8700221846046782 -0.4930125741760582,
            3.8557755995782675e-16 1.634092157778794e-16 -1.0,
            0.33294307583828947 -0.8037956891870196 -0.4930125741760582,
            0.33294307583828947 -0.8037956891870196 -0.4930125741760582,
            3.8557755995782675e-16 1.634092157778794e-16 -1.0,
            0.6151985865167021 -0.6151985865167021 -0.4930125741760585,
            0.6151985865167021 -0.6151985865167021 -0.4930125741760585,
            3.8557755995782675e-16 1.634092157778794e-16 -1.0,
            0.8037956891870183 -0.33294307583829286 -0.493012574176058,
            0.8037956891870183 -0.33294307583829286 -0.493012574176058,
            3.8557755995782675e-16 1.634092157778794e-16 -1.0,
            0.8700221846046778 0.0 -0.4930125741760588,
            0.8700221846046778 0.0 -0.4930125741760588,
            3.8557755995782675e-16 1.634092157778794e-16 -1.0,
            0.803795689187018 0.3329430758382934 -0.49301257417605815,
            0.803795689187018 0.3329430758382934 -0.49301257417605815,
            3.8557755995782675e-16 1.634092157778794e-16 -1.0,
            0.6151985865167031 0.6151985865167008 -0.49301257417605876,
            0.6151985865167031 0.6151985865167008 -0.49301257417605876,
            3.8557755995782675e-16 1.634092157778794e-16 -1.0,
            0.3329430758382911 0.8037956891870184 -0.493012574176059,
            0.3329430758382911 0.8037956891870184 -0.493012574176059,
            3.8557755995782675e-16 1.634092157778794e-16 -1.0,
            -5.774468110524811e-16 0.8700221846046781 -0.4930125741760585,
            -5.774468110524811e-16 0.8700221846046781 -0.4930125741760585,
            3.8557755995782675e-16 1.634092157778794e-16 -1.0,
            -0.33294307583829186 0.8037956891870186 -0.4930125741760582,
            -0.33294307583829186 0.8037956891870186 -0.4930125741760582,
            3.8557755995782675e-16 1.634092157778794e-16 -1.0,
            -0.6151985865167028 0.6151985865167019 -0.4930125741760578,
            -0.6151985865167028 0.6151985865167019 -0.4930125741760578,
            3.8557755995782675e-16 1.634092157778794e-16 -1.0,
            -0.8037956891870188 0.33294307583829136 -0.49301257417605826,
            -0.8037956891870188 0.33294307583829136 -0.49301257417605826,
            3.8557755995782675e-16 1.634092157778794e-16 -1.0,
            0.6026502268627694 7.639390125274578e-16 -0.798005453654455,
            0.6026502268627694 7.639390125274578e-16 -0.798005453654455,
            0.6783643670737758 3.817107020781592e-16 -0.7347256532098192,
            0.6783643670737758 3.817107020781592e-16 -0.7347256532098192,
            0.5572381495505537 -0.38119550034240696 -0.7376826114286393,
            0.5572381495505537 -0.38119550034240696 -0.7376826114286393,
            0.64164960450927 -0.3771550808004566 -0.6678621340213101,
            0.64164960450927 -0.3771550808004566 -0.6678621340213101,
            0.4273688877290412 -0.7054988867096803 -0.5653557770578133,
            0.4273688877290412 -0.7054988867096803 -0.5653557770578133,
            0.5130895101158179 -0.702409123103348 -0.4933159012137109,
            0.5130895101158179 -0.702409123103348 -0.4933159012137109,
            0.2317985122175607 -0.9232659743796587 -0.3063484785118164,
            0.2317985122175607 -0.9232659743796587 -0.3063484785118164,
            0.2865956493833602 -0.9224001272546445 -0.25892265060273484,
            0.2865956493833602 -0.9224001272546445 -0.25892265060273484,
            -5.09109225993389e-5 -0.999999997776734 -4.306518342801698e-5,
            -5.09109225993389e-5 -0.999999997776734 -4.306518342801698e-5,
            -9.104743742445095e-4 -0.9999988876155018 -0.0011814415656225144,
            -9.104743742445095e-4 -0.9999988876155018 -0.0011814415656225144,
            -0.23226581291119905 -0.92327675373581 0.30596180834176734,
            -0.23226581291119905 -0.92327675373581 0.30596180834176734,
            -0.2961884819588371 -0.9226958516351815 0.2467888744051211,
            -0.2961884819588371 -0.9226958516351815 0.2467888744051211,
            -0.42873402432716845 -0.7055421409736925 0.5642671563138235,
            -0.42873402432716845 -0.7055421409736925 0.5642671563138235,
            -0.547822313709283 -0.7040864794255792 0.4518328696457366,
            -0.547822313709283 -0.7040864794255792 0.4518328696457366,
            -0.5595228427905993 -0.38124575735869837 0.7359251734324073,
            -0.5595228427905993 -0.38124575735869837 0.7359251734324073,
            -0.7153651985978471 -0.37993442535394006 0.5864319782089259,
            -0.7153651985978471 -0.37993442535394006 0.5864319782089259,
            -0.6053221200512658 0.0 0.7959806096737791,
            -0.6053221200512658 0.0 0.7959806096737791,
            -0.7739603594646334 0.0 0.6332340499194399,
            -0.7739603594646334 0.0 0.6332340499194399,
            -0.5595228427905993 0.38124575735869837 0.7359251734324073,
            -0.5595228427905993 0.38124575735869837 0.7359251734324073,
            -0.7153651985978471 0.37993442535394006 0.5864319782089259,
            -0.7153651985978471 0.37993442535394006 0.5864319782089259,
            -0.42873402432716845 0.7055421409736925 0.5642671563138235,
            -0.42873402432716845 0.7055421409736925 0.5642671563138235,
            -0.547822313709283 0.7040864794255788 0.4518328696457375,
            -0.547822313709283 0.7040864794255788 0.4518328696457375,
            -0.23226581291119877 0.9232767537358101 0.305961808341767,
            -0.23226581291119877 0.9232767537358101 0.305961808341767,
            -0.29618848195883657 0.9226958516351814 0.24678887440512184,
            -0.29618848195883657 0.9226958516351814 0.24678887440512184,
            -5.091092259934596e-5 0.999999997776734 -4.306518342800281e-5,
            -5.091092259934596e-5 0.999999997776734 -4.306518342800281e-5,
            -9.104743742441412e-4 0.9999988876155017 -0.0011814415656222735,
            -9.104743742441412e-4 0.9999988876155017 -0.0011814415656222735,
            0.2317985122175604 0.9232659743796588 -0.306348478511816,
            0.2317985122175604 0.9232659743796588 -0.306348478511816,
            0.2865956493833603 0.9224001272546444 -0.2589226506027348,
            0.2865956493833603 0.9224001272546444 -0.2589226506027348,
            0.4273688877290413 0.7054988867096802 -0.5653557770578134,
            0.4273688877290413 0.7054988867096802 -0.5653557770578134,
            0.5130895101158176 0.7024091231033482 -0.49331590121371083,
            0.5130895101158176 0.7024091231033482 -0.49331590121371083,
            0.5572381495505535 0.38119550034240746 -0.7376826114286391,
            0.5572381495505535 0.38119550034240746 -0.7376826114286391,
            0.6416496045092713 0.3771550808004579 -0.6678621340213081,
            0.6416496045092713 0.3771550808004579 -0.6678621340213081,
            0.6026502268627694 7.639390125274578e-16 -0.798005453654455,
            0.6026502268627694 7.639390125274578e-16 -0.798005453654455,
            0.6603294059400721 0.0 -0.7509760819432477,
            0.6603294059400721 0.0 -0.7509760819432477,
            0.5572381495505537 -0.38119550034240696 -0.7376826114286393,
            0.5572381495505537 -0.38119550034240696 -0.7376826114286393,
            0.6161238678283031 -0.38084070704023226 -0.6894575660280972,
            0.6161238678283031 -0.38084070704023226 -0.6894575660280972,
            0.4273688877290412 -0.7054988867096803 -0.5653557770578133,
            0.4273688877290412 -0.7054988867096803 -0.5653557770578133,
            0.49023714594630935 -0.7037018687631926 -0.5142676546639965,
            0.49023714594630935 -0.7037018687631926 -0.5142676546639965,
            0.2317985122175607 -0.9232659743796587 -0.3063484785118164,
            0.2317985122175607 -0.9232659743796587 -0.3063484785118164,
            0.3018343525346488 -0.9194308000402831 -0.2520774237556278,
            0.3018343525346488 -0.9194308000402831 -0.2520774237556278,
            -5.09109225993389e-5 -0.999999997776734 -4.306518342801698e-5,
            -5.09109225993389e-5 -0.999999997776734 -4.306518342801698e-5,
            0.07959810501467644 -0.9951847266721972 0.05719704080157312,
            0.07959810501467644 -0.9951847266721972 0.05719704080157312,
            -0.23226581291119905 -0.92327675373581 0.30596180834176734,
            -0.23226581291119905 -0.92327675373581 0.30596180834176734,
            -0.14263814250529616 -0.9194308000402812 0.36647150535877576,
            -0.14263814250529616 -0.9194308000402812 0.36647150535877576,
            -0.42873402432716845 -0.7055421409736925 0.5642671563138235,
            -0.42873402432716845 -0.7055421409736925 0.5642671563138235,
            -0.331040935916952 -0.7037018687631901 0.628661736267146,
            -0.331040935916952 -0.7037018687631901 0.628661736267146,
            -0.5595228427905993 -0.38124575735869837 0.7359251734324073,
            -0.5595228427905993 -0.38124575735869837 0.7359251734324073,
            -0.45692765779893957 -0.38084070704023193 0.8038516476312475,
            -0.45692765779893957 -0.38084070704023193 0.8038516476312475,
            -0.6053221200512658 0.0 0.7959806096737791,
            -0.6053221200512658 0.0 0.7959806096737791,
            -0.5011331959107064 1.6976499042353773e-16 0.8653701635463991,
            -0.5011331959107064 1.6976499042353773e-16 0.8653701635463991,
            -0.5595228427905993 0.38124575735869837 0.7359251734324073,
            -0.5595228427905993 0.38124575735869837 0.7359251734324073,
            -0.45692765779893896 0.3808407070402314 0.8038516476312483,
            -0.45692765779893896 0.3808407070402314 0.8038516476312483,
            -0.42873402432716845 0.7055421409736925 0.5642671563138235,
            -0.42873402432716845 0.7055421409736925 0.5642671563138235,
            -0.3310409359169506 0.7037018687631899 0.6286617362671469,
            -0.3310409359169506 0.7037018687631899 0.6286617362671469,
            -0.23226581291119877 0.9232767537358101 0.305961808341767,
            -0.23226581291119877 0.9232767537358101 0.305961808341767,
            -0.14263814250529255 0.9194308000402812 0.3664715053587772,
            -0.14263814250529255 0.9194308000402812 0.3664715053587772,
            -5.091092259934596e-5 0.999999997776734 -4.306518342800281e-5,
            -5.091092259934596e-5 0.999999997776734 -4.306518342800281e-5,
            0.07959810501468102 0.9951847266721966 0.057197040801576345,
            0.07959810501468102 0.9951847266721966 0.057197040801576345,
            0.2317985122175604 0.9232659743796588 -0.306348478511816,
            0.2317985122175604 0.9232659743796588 -0.306348478511816,
            0.3018343525346518 0.919430800040283 -0.25207742375562453,
            0.3018343525346518 0.919430800040283 -0.25207742375562453,
            0.4273688877290413 0.7054988867096802 -0.5653557770578134,
            0.4273688877290413 0.7054988867096802 -0.5653557770578134,
            0.49023714594631024 0.7037018687631931 -0.5142676546639949,
            0.49023714594631024 0.7037018687631931 -0.5142676546639949,
            0.5572381495505535 0.38119550034240746 -0.7376826114286391,
            0.5572381495505535 0.38119550034240746 -0.7376826114286391,
            0.6161238678283031 0.38084070704023226 -0.6894575660280972,
            0.6161238678283031 0.38084070704023226 -0.6894575660280972,
            0.806629987136538 -3.098428161676414e-16 -0.5910567348843161,
            0.806629987136538 -3.098428161676414e-16 -0.5910567348843161,
            1.0 -3.6789141335280917e-16 0.0,
            1.0 -3.6789141335280917e-16 0.0,
            0.7894672545975451 -0.3564645784895283 -0.4996743521539782,
            0.7894672545975451 -0.3564645784895283 -0.4996743521539782,
            0.9238795325112872 -0.38268343236508884 0.0,
            0.9238795325112872 -0.38268343236508884 0.0,
            0.6564542554554995 -0.6902001556350075 -0.3044528792042822,
            0.6564542554554995 -0.6902001556350075 -0.3044528792042822,
            0.7071067811865475 -0.7071067811865475 0.0,
            0.7071067811865475 -0.7071067811865475 0.0,
            0.3694501823900029 -0.9200697437263557 -0.13030053496172495,
            0.3694501823900029 -0.9200697437263557 -0.13030053496172495,
            0.38268343236508895 -0.9238795325112871 0.0,
            0.38268343236508895 -0.9238795325112871 0.0,
            -5.53991786242862e-4 -0.9999916658031004 -0.00404492489933034,
            -5.53991786242862e-4 -0.9999916658031004 -0.00404492489933034,
            -3.678914133528092e-16 -1.0 0.0,
            -3.678914133528092e-16 -1.0 0.0,
            -0.37669955895933366 -0.922185724865595 0.08758385201599912,
            -0.37669955895933366 -0.922185724865595 0.08758385201599912,
            -0.3826834323650903 -0.9238795325112866 0.0,
            -0.3826834323650903 -0.9238795325112866 0.0,
            -0.6946478906864474 -0.7030835000848161 0.1521114718663712,
            -0.6946478906864474 -0.7030835000848161 0.1521114718663712,
            -0.7071067811865483 -0.7071067811865467 0.0,
            -0.7071067811865483 -0.7071067811865467 0.0,
            -0.9053868070475795 -0.37917139073577877 0.1910596400909532,
            -0.9053868070475795 -0.37917139073577877 0.1910596400909532,
            -0.9238795325112864 -0.38268343236509056 0.0,
            -0.9238795325112864 -0.38268343236509056 0.0,
            -0.9789448918181244 0.0 0.20412471379820912,
            -0.9789448918181244 0.0 0.20412471379820912,
            -1.0 0.0 0.0,
            -1.0 0.0 0.0,
            -0.9053868070475795 0.37917139073577877 0.1910596400909532,
            -0.9053868070475795 0.37917139073577877 0.1910596400909532,
            -0.9238795325112864 0.38268343236509056 0.0,
            -0.9238795325112864 0.38268343236509056 0.0,
            -0.6946478906864484 0.7030835000848152 0.1521114718663705,
            -0.6946478906864484 0.7030835000848152 0.1521114718663705,
            -0.7071067811865483 0.7071067811865467 0.0,
            -0.7071067811865483 0.7071067811865467 0.0,
            -0.37669955895933405 0.9221857248655951 0.08758385201599792,
            -0.37669955895933405 0.9221857248655951 0.08758385201599792,
            -0.38268343236508984 0.9238795325112866 0.0,
            -0.38268343236508984 0.9238795325112866 0.0,
            -5.539917862425361e-4 0.9999916658031003 -0.004044924899330781,
            -5.539917862425361e-4 0.9999916658031003 -0.004044924899330781,
            -3.8204108309714803e-16 1.0 0.0,
            -3.8204108309714803e-16 1.0 0.0,
            0.36945018239000266 0.9200697437263557 -0.13030053496172597,
            0.36945018239000266 0.9200697437263557 -0.13030053496172597,
            0.3826834323650895 0.9238795325112867 0.0,
            0.3826834323650895 0.9238795325112867 0.0,
            0.6564542554554977 0.690200155635008 -0.30445287920428504,
            0.6564542554554977 0.690200155635008 -0.30445287920428504,
            0.7071067811865465 0.7071067811865487 0.0,
            0.7071067811865465 0.7071067811865487 0.0,
            0.7894672545975434 0.3564645784895291 -0.4996743521539802,
            0.7894672545975434 0.3564645784895291 -0.4996743521539802,
            0.9238795325112863 0.38268343236509095 0.0,
            0.9238795325112863 0.38268343236509095 0.0,
            1.0 -3.6789141335280917e-16 0.0,
            1.0 -3.6789141335280917e-16 0.0,
            0.8700221846046781 9.858847993578945e-16 -0.4930125741760584,
            0.8700221846046781 9.858847993578945e-16 -0.4930125741760584,
            0.9238795325112872 -0.38268343236508884 0.0,
            0.9238795325112872 -0.38268343236508884 0.0,
            0.803795689187019 -0.33294307583829064 -0.4930125741760583,
            0.803795689187019 -0.33294307583829064 -0.4930125741760583,
            0.7071067811865475 -0.7071067811865475 0.0,
            0.7071067811865475 -0.7071067811865475 0.0,
            0.6151985865167018 -0.6151985865167026 -0.4930125741760584,
            0.6151985865167018 -0.6151985865167026 -0.4930125741760584,
            0.38268343236508895 -0.9238795325112871 0.0,
            0.38268343236508895 -0.9238795325112871 0.0,
            0.33294307583829 -0.803795689187019 -0.49301257417605854,
            0.33294307583829 -0.803795689187019 -0.49301257417605854,
            -3.678914133528092e-16 -1.0 0.0,
            -3.678914133528092e-16 -1.0 0.0,
            -2.2534509699609015e-16 -0.8700221846046781 -0.4930125741760585,
            -2.2534509699609015e-16 -0.8700221846046781 -0.4930125741760585,
            -0.3826834323650903 -0.9238795325112866 0.0,
            -0.3826834323650903 -0.9238795325112866 0.0,
            -0.33294307583829197 -0.8037956891870183 -0.4930125741760585,
            -0.33294307583829197 -0.8037956891870183 -0.4930125741760585,
            -0.7071067811865483 -0.7071067811865467 0.0,
            -0.7071067811865483 -0.7071067811865467 0.0,
            -0.6151985865167039 -0.6151985865167005 -0.49301257417605826,
            -0.6151985865167039 -0.6151985865167005 -0.49301257417605826,
            -0.9238795325112864 -0.38268343236509056 0.0,
            -0.9238795325112864 -0.38268343236509056 0.0,
            -0.8037956891870183 -0.33294307583829286 -0.493012574176058,
            -0.8037956891870183 -0.33294307583829286 -0.493012574176058,
            -1.0 0.0 0.0,
            -1.0 0.0 0.0,
            -0.8700221846046778 0.0 -0.4930125741760588,
            -0.8700221846046778 0.0 -0.4930125741760588,
            -0.9238795325112864 0.38268343236509056 0.0,
            -0.9238795325112864 0.38268343236509056 0.0,
            -0.803795689187018 0.3329430758382934 -0.49301257417605815,
            -0.803795689187018 0.3329430758382934 -0.49301257417605815,
            -0.7071067811865483 0.7071067811865467 0.0,
            -0.7071067811865483 0.7071067811865467 0.0,
            -0.6151985865167041 0.6151985865167001 -0.4930125741760585,
            -0.6151985865167041 0.6151985865167001 -0.4930125741760585,
            -0.38268343236508984 0.9238795325112866 0.0,
            -0.38268343236508984 0.9238795325112866 0.0,
            -0.3329430758382926 0.8037956891870178 -0.4930125741760587,
            -0.3329430758382926 0.8037956891870178 -0.4930125741760587,
            -3.8204108309714803e-16 1.0 0.0,
            -3.8204108309714803e-16 1.0 0.0,
            -2.2534509699609015e-16 0.8700221846046782 -0.4930125741760583,
            -2.2534509699609015e-16 0.8700221846046782 -0.4930125741760583,
            0.3826834323650895 0.9238795325112867 0.0,
            0.3826834323650895 0.9238795325112867 0.0,
            0.3329430758382904 0.803795689187019 -0.4930125741760584,
            0.3329430758382904 0.803795689187019 -0.4930125741760584,
            0.7071067811865465 0.7071067811865487 0.0,
            0.7071067811865465 0.7071067811865487 0.0,
            0.615198586516702 0.6151985865167025 -0.4930125741760582,
            0.615198586516702 0.6151985865167025 -0.4930125741760582,
            0.9238795325112863 0.38268343236509095 0.0,
            0.9238795325112863 0.38268343236509095 0.0,
            0.8037956891870185 0.3329430758382919 -0.4930125741760583,
            0.8037956891870185 0.3329430758382919 -0.4930125741760583,
            0.8700221846046781 9.858847993578945e-16 -0.4930125741760584,
            0.8700221846046781 9.858847993578945e-16 -0.4930125741760584,
            -4.023418016951239e-16 1.6340921577787951e-16 -1.0,
            0.803795689187019 -0.33294307583829064 -0.4930125741760583,
            0.803795689187019 -0.33294307583829064 -0.4930125741760583,
            -4.023418016951239e-16 1.6340921577787951e-16 -1.0,
            0.6151985865167018 -0.6151985865167026 -0.4930125741760584,
            0.6151985865167018 -0.6151985865167026 -0.4930125741760584,
            -4.023418016951239e-16 1.6340921577787951e-16 -1.0,
            0.33294307583829 -0.803795689187019 -0.49301257417605854,
            0.33294307583829 -0.803795689187019 -0.49301257417605854,
            -4.023418016951239e-16 1.6340921577787951e-16 -1.0,
            -2.2534509699609015e-16 -0.8700221846046781 -0.4930125741760585,
            -2.2534509699609015e-16 -0.8700221846046781 -0.4930125741760585,
            -4.023418016951239e-16 1.6340921577787951e-16 -1.0,
            -0.33294307583829197 -0.8037956891870183 -0.4930125741760585,
            -0.33294307583829197 -0.8037956891870183 -0.4930125741760585,
            -4.023418016951239e-16 1.6340921577787951e-16 -1.0,
            -0.6151985865167039 -0.6151985865167005 -0.49301257417605826,
            -0.6151985865167039 -0.6151985865167005 -0.49301257417605826,
            -4.023418016951239e-16 1.6340921577787951e-16 -1.0,
            -0.8037956891870183 -0.33294307583829286 -0.493012574176058,
            -0.8037956891870183 -0.33294307583829286 -0.493012574176058,
            -4.023418016951239e-16 1.6340921577787951e-16 -1.0,
            -0.8700221846046778 0.0 -0.4930125741760588,
            -0.8700221846046778 0.0 -0.4930125741760588,
            -4.023418016951239e-16 1.6340921577787951e-16 -1.0,
            -0.803795689187018 0.3329430758382934 -0.49301257417605815,
            -0.803795689187018 0.3329430758382934 -0.49301257417605815,
            -4.023418016951239e-16 1.6340921577787951e-16 -1.0,
            -0.6151985865167041 0.6151985865167001 -0.4930125741760585,
            -0.6151985865167041 0.6151985865167001 -0.4930125741760585,
            -4.023418016951239e-16 1.6340921577787951e-16 -1.0,
            -0.3329430758382926 0.8037956891870178 -0.4930125741760587,
            -0.3329430758382926 0.8037956891870178 -0.4930125741760587,
            -4.023418016951239e-16 1.6340921577787951e-16 -1.0,
            -2.2534509699609015e-16 0.8700221846046782 -0.4930125741760583,
            -2.2534509699609015e-16 0.8700221846046782 -0.4930125741760583,
            -4.023418016951239e-16 1.6340921577787951e-16 -1.0,
            0.3329430758382904 0.803795689187019 -0.4930125741760584,
            0.3329430758382904 0.803795689187019 -0.4930125741760584,
            -4.023418016951239e-16 1.6340921577787951e-16 -1.0,
            0.615198586516702 0.6151985865167025 -0.4930125741760582,
            0.615198586516702 0.6151985865167025 -0.4930125741760582,
            -4.023418016951239e-16 1.6340921577787951e-16 -1.0,
            0.8037956891870185 0.3329430758382919 -0.4930125741760583,
            0.8037956891870185 0.3329430758382919 -0.4930125741760583,
            -4.023418016951239e-16 1.6340921577787951e-16 -1.0 ]
        }
        normalIndex [
          291, 295, 359, 355, -1,
          293, 352, 490, 487, -1,
          290, 354, 414, 350, -1,
          292, 486, 482, 296, -1,
          294, 299, 363, 358, -1,
          297, 483, 543, 301, -1,
          298, 303, 367, 362, -1,
          300, 542, 539, 305, -1,
          302, 307, 371, 366, -1,
          304, 538, 535, 309, -1,
          306, 311, 375, 370, -1,
          308, 534, 531, 313, -1,
          310, 315, 379, 374, -1,
          312, 530, 527, 317, -1,
          314, 319, 383, 378, -1,
          316, 526, 523, 321, -1,
          318, 323, 387, 382, -1,
          320, 522, 519, 325, -1,
          322, 327, 391, 386, -1,
          324, 518, 515, 329, -1,
          326, 331, 395, 390, -1,
          328, 514, 511, 333, -1,
          330, 335, 399, 394, -1,
          332, 510, 507, 337, -1,
          334, 339, 403, 398, -1,
          336, 506, 503, 341, -1,
          338, 343, 407, 402, -1,
          340, 502, 499, 345, -1,
          342, 347, 411, 406, -1,
          344, 498, 495, 349, -1,
          346, 351, 415, 410, -1,
          348, 494, 491, 353, -1,
          356, 360, 422, 418, -1,
          357, 419, 479, 417, -1,
          361, 364, 426, 423, -1,
          365, 368, 430, 427, -1,
          369, 372, 434, 431, -1,
          373, 376, 438, 435, -1,
          377, 380, 442, 439, -1,
          381, 384, 446, 443, -1,
          385, 388, 450, 447, -1,
          389, 392, 454, 451, -1,
          393, 396, 458, 455, -1,
          397, 400, 462, 459, -1,
          401, 404, 466, 463, -1,
          405, 408, 470, 467, -1,
          409, 412, 474, 471, -1,
          413, 416, 478, 475, -1,
          420, 424, 549, 546, -1,
          421, 547, 592, 481, -1,
          425, 428, 552, 550, -1,
          429, 432, 555, 553, -1,
          433, 436, 558, 556, -1,
          437, 440, 561, 559, -1,
          441, 444, 564, 562, -1,
          445, 448, 567, 565, -1,
          449, 452, 570, 568, -1,
          453, 456, 573, 571, -1,
          457, 460, 576, 574, -1,
          461, 464, 579, 577, -1,
          465, 468, 582, 580, -1,
          469, 472, 585, 583, -1,
          473, 476, 588, 586, -1,
          477, 480, 591, 589, -1,
          484, 488, 597, 594, -1,
          485, 595, 640, 545, -1,
          489, 492, 600, 598, -1,
          493, 496, 603, 601, -1,
          497, 500, 606, 604, -1,
          501, 504, 609, 607, -1,
          505, 508, 612, 610, -1,
          509, 512, 615, 613, -1,
          513, 516, 618, 616, -1,
          517, 520, 621, 619, -1,
          521, 524, 624, 622, -1,
          525, 528, 627, 625, -1,
          529, 532, 630, 628, -1,
          533, 536, 633, 631, -1,
          537, 540, 636, 634, -1,
          541, 544, 639, 637, -1,
          548, 551, 554, 557, 560, 563, 566, 569, 572, 575, 578, 581, 584, 587, 590, 593, -1,
          596, 599, 602, 605, 608, 611, 614, 617, 620, 623, 626, 629, 632, 635, 638, 641, -1,
          643, 647, 711, 707, -1,
          645, 705, 128, 113, -1,
          642, 706, 766, 702, -1,
          644, 113, 114, 648, -1,
          646, 651, 715, 710, -1,
          649, 114, 115, 652, -1,
          650, 655, 719, 714, -1,
          653, 115, 116, 656, -1,
          654, 659, 723, 718, -1,
          657, 116, 117, 660, -1,
          658, 663, 727, 722, -1,
          661, 117, 118, 664, -1,
          662, 667, 731, 726, -1,
          665, 118, 119, 668, -1,
          666, 671, 735, 730, -1,
          669, 119, 120, 672, -1,
          670, 675, 739, 734, -1,
          673, 120, 121, 676, -1,
          674, 679, 743, 738, -1,
          677, 121, 122, 680, -1,
          678, 683, 747, 742, -1,
          681, 122, 123, 684, -1,
          682, 687, 751, 746, -1,
          685, 123, 124, 688, -1,
          686, 691, 755, 750, -1,
          689, 124, 125, 692, -1,
          690, 695, 759, 754, -1,
          693, 125, 126, 696, -1,
          694, 699, 763, 758, -1,
          697, 126, 127, 700, -1,
          698, 703, 767, 762, -1,
          701, 127, 128, 704, -1,
          0, 1, 112, -1,
          0, 15, 31, 16, -1,
          0, 16, 17, 1, -1,
          0, 112, 15, -1,
          1, 2, 112, -1,
          1, 17, 18, 2, -1,
          2, 3, 112, -1,
          2, 18, 19, 3, -1,
          3, 4, 112, -1,
          3, 19, 20, 4, -1,
          4, 5, 112, -1,
          4, 20, 21, 5, -1,
          5, 6, 112, -1,
          5, 21, 22, 6, -1,
          6, 7, 112, -1,
          6, 22, 23, 7, -1,
          7, 8, 112, -1,
          7, 23, 24, 8, -1,
          8, 9, 112, -1,
          8, 24, 25, 9, -1,
          9, 10, 112, -1,
          9, 25, 26, 10, -1,
          10, 11, 112, -1,
          10, 26, 27, 11, -1,
          11, 12, 112, -1,
          11, 27, 28, 12, -1,
          12, 13, 112, -1,
          12, 28, 29, 13, -1,
          13, 14, 112, -1,
          13, 29, 30, 14, -1,
          14, 15, 112, -1,
          14, 30, 31, 15, -1,
          16, 31, 47, 32, -1,
          16, 32, 33, 17, -1,
          17, 33, 34, 18, -1,
          18, 34, 35, 19, -1,
          19, 35, 36, 20, -1,
          20, 36, 37, 21, -1,
          21, 37, 38, 22, -1,
          22, 38, 39, 23, -1,
          23, 39, 40, 24, -1,
          24, 40, 41, 25, -1,
          25, 41, 42, 26, -1,
          26, 42, 43, 27, -1,
          27, 43, 44, 28, -1,
          28, 44, 45, 29, -1,
          29, 45, 46, 30, -1,
          30, 46, 47, 31, -1,
          32, 47, 63, 48, -1,
          32, 48, 49, 33, -1,
          33, 49, 50, 34, -1,
          34, 50, 51, 35, -1,
          35, 51, 52, 36, -1,
          36, 52, 53, 37, -1,
          37, 53, 54, 38, -1,
          38, 54, 55, 39, -1,
          39, 55, 56, 40, -1,
          40, 56, 57, 41, -1,
          41, 57, 58, 42, -1,
          42, 58, 59, 43, -1,
          43, 59, 60, 44, -1,
          44, 60, 61, 45, -1,
          45, 61, 62, 46, -1,
          46, 62, 63, 47, -1,
          48, 63, 79, 64, -1,
          48, 64, 65, 49, -1,
          49, 65, 66, 50, -1,
          50, 66, 67, 51, -1,
          51, 67, 68, 52, -1,
          52, 68, 69, 53, -1,
          53, 69, 70, 54, -1,
          54, 70, 71, 55, -1,
          55, 71, 72, 56, -1,
          56, 72, 73, 57, -1,
          57, 73, 74, 58, -1,
          58, 74, 75, 59, -1,
          59, 75, 76, 60, -1,
          60, 76, 77, 61, -1,
          61, 77, 78, 62, -1,
          62, 78, 79, 63, -1,
          64, 79, 95, 80, -1,
          64, 80, 81, 65, -1,
          65, 81, 82, 66, -1,
          66, 82, 83, 67, -1,
          67, 83, 84, 68, -1,
          68, 84, 85, 69, -1,
          69, 85, 86, 70, -1,
          70, 86, 87, 71, -1,
          71, 87, 88, 72, -1,
          72, 88, 89, 73, -1,
          73, 89, 90, 74, -1,
          74, 90, 91, 75, -1,
          75, 91, 92, 76, -1,
          76, 92, 93, 77, -1,
          77, 93, 94, 78, -1,
          78, 94, 95, 79, -1,
          80, 95, 111, 96, -1,
          80, 96, 97, 81, -1,
          81, 97, 98, 82, -1,
          82, 98, 99, 83, -1,
          83, 99, 100, 84, -1,
          84, 100, 101, 85, -1,
          85, 101, 102, 86, -1,
          86, 102, 103, 87, -1,
          87, 103, 104, 88, -1,
          88, 104, 105, 89, -1,
          89, 105, 106, 90, -1,
          90, 106, 107, 91, -1,
          91, 107, 108, 92, -1,
          92, 108, 109, 93, -1,
          93, 109, 110, 94, -1,
          94, 110, 111, 95, -1,
          96, 111, 769, 709, -1,
          96, 708, 712, 97, -1,
          97, 713, 716, 98, -1,
          98, 717, 720, 99, -1,
          99, 721, 724, 100, -1,
          100, 725, 728, 101, -1,
          101, 729, 732, 102, -1,
          102, 733, 736, 103, -1,
          103, 737, 740, 104, -1,
          104, 741, 744, 105, -1,
          105, 745, 748, 106, -1,
          106, 749, 752, 107, -1,
          107, 753, 756, 108, -1,
          108, 757, 760, 109, -1,
          109, 761, 764, 110, -1,
          110, 765, 768, 111, -1,
          113, 128, 144, 129, -1,
          113, 129, 130, 114, -1,
          114, 130, 131, 115, -1,
          115, 131, 132, 116, -1,
          116, 132, 133, 117, -1,
          117, 133, 134, 118, -1,
          118, 134, 135, 119, -1,
          119, 135, 136, 120, -1,
          120, 136, 137, 121, -1,
          121, 137, 138, 122, -1,
          122, 138, 139, 123, -1,
          123, 139, 140, 124, -1,
          124, 140, 141, 125, -1,
          125, 141, 142, 126, -1,
          126, 142, 143, 127, -1,
          127, 143, 144, 128, -1,
          129, 144, 831, 771, -1,
          129, 770, 774, 130, -1,
          130, 775, 778, 131, -1,
          131, 779, 782, 132, -1,
          132, 783, 786, 133, -1,
          133, 787, 790, 134, -1,
          134, 791, 794, 135, -1,
          135, 795, 798, 136, -1,
          136, 799, 802, 137, -1,
          137, 803, 806, 138, -1,
          138, 807, 810, 139, -1,
          139, 811, 814, 140, -1,
          140, 815, 818, 141, -1,
          141, 819, 822, 142, -1,
          142, 823, 826, 143, -1,
          143, 827, 830, 144, -1,
          773, 833, 895, 835, -1,
          772, 834, 838, 776, -1,
          777, 839, 842, 780, -1,
          781, 843, 846, 784, -1,
          785, 847, 850, 788, -1,
          789, 851, 854, 792, -1,
          793, 855, 858, 796, -1,
          797, 859, 862, 800, -1,
          801, 863, 866, 804, -1,
          805, 867, 870, 808, -1,
          809, 871, 874, 812, -1,
          813, 875, 878, 816, -1,
          817, 879, 882, 820, -1,
          821, 883, 886, 824, -1,
          825, 887, 890, 828, -1,
          829, 891, 894, 832, -1,
          837, 897, 944, 899, -1,
          836, 898, 901, 840, -1,
          841, 902, 904, 844, -1,
          845, 905, 907, 848, -1,
          849, 908, 910, 852, -1,
          853, 911, 913, 856, -1,
          857, 914, 916, 860, -1,
          861, 917, 919, 864, -1,
          865, 920, 922, 868, -1,
          869, 923, 925, 872, -1,
          873, 926, 928, 876, -1,
          877, 929, 931, 880, -1,
          881, 932, 934, 884, -1,
          885, 935, 937, 888, -1,
          889, 938, 940, 892, -1,
          893, 941, 943, 896, -1,
          900, 945, 942, 939, 936, 933, 930, 927, 924, 921, 918, 915, 912, 909, 906, 903, -1,
          948, 952, 259, 258, -1,
          946, 1006, 1070, 1010, -1,
          947, 1011, 1015, 951, -1,
          949, 258, 273, 1009, -1,
          953, 956, 260, 259, -1,
          950, 1014, 1019, 955, -1,
          957, 960, 261, 260, -1,
          954, 1018, 1023, 959, -1,
          961, 964, 262, 261, -1,
          958, 1022, 1027, 963, -1,
          965, 968, 263, 262, -1,
          962, 1026, 1031, 967, -1,
          969, 972, 264, 263, -1,
          966, 1030, 1035, 971, -1,
          973, 976, 265, 264, -1,
          970, 1034, 1039, 975, -1,
          977, 980, 266, 265, -1,
          974, 1038, 1043, 979, -1,
          981, 984, 267, 266, -1,
          978, 1042, 1047, 983, -1,
          985, 988, 268, 267, -1,
          982, 1046, 1051, 987, -1,
          989, 992, 269, 268, -1,
          986, 1050, 1055, 991, -1,
          993, 996, 270, 269, -1,
          990, 1054, 1059, 995, -1,
          997, 1000, 271, 270, -1,
          994, 1058, 1063, 999, -1,
          1001, 1004, 272, 271, -1,
          998, 1062, 1067, 1003, -1,
          1005, 1008, 273, 272, -1,
          1002, 1066, 1071, 1007, -1,
          145, 146, 162, 161, -1,
          145, 160, 257, -1,
          145, 161, 176, 160, -1,
          145, 257, 146, -1,
          146, 147, 163, 162, -1,
          146, 257, 147, -1,
          147, 148, 164, 163, -1,
          147, 257, 148, -1,
          148, 149, 165, 164, -1,
          148, 257, 149, -1,
          149, 150, 166, 165, -1,
          149, 257, 150, -1,
          150, 151, 167, 166, -1,
          150, 257, 151, -1,
          151, 152, 168, 167, -1,
          151, 257, 152, -1,
          152, 153, 169, 168, -1,
          152, 257, 153, -1,
          153, 154, 170, 169, -1,
          153, 257, 154, -1,
          154, 155, 171, 170, -1,
          154, 257, 155, -1,
          155, 156, 172, 171, -1,
          155, 257, 156, -1,
          156, 157, 173, 172, -1,
          156, 257, 157, -1,
          157, 158, 174, 173, -1,
          157, 257, 158, -1,
          158, 159, 175, 174, -1,
          158, 257, 159, -1,
          159, 160, 176, 175, -1,
          159, 257, 160, -1,
          161, 162, 178, 177, -1,
          161, 177, 192, 176, -1,
          162, 163, 179, 178, -1,
          163, 164, 180, 179, -1,
          164, 165, 181, 180, -1,
          165, 166, 182, 181, -1,
          166, 167, 183, 182, -1,
          167, 168, 184, 183, -1,
          168, 169, 185, 184, -1,
          169, 170, 186, 185, -1,
          170, 171, 187, 186, -1,
          171, 172, 188, 187, -1,
          172, 173, 189, 188, -1,
          173, 174, 190, 189, -1,
          174, 175, 191, 190, -1,
          175, 176, 192, 191, -1,
          177, 178, 194, 193, -1,
          177, 193, 208, 192, -1,
          178, 179, 195, 194, -1,
          179, 180, 196, 195, -1,
          180, 181, 197, 196, -1,
          181, 182, 198, 197, -1,
          182, 183, 199, 198, -1,
          183, 184, 200, 199, -1,
          184, 185, 201, 200, -1,
          185, 186, 202, 201, -1,
          186, 187, 203, 202, -1,
          187, 188, 204, 203, -1,
          188, 189, 205, 204, -1,
          189, 190, 206, 205, -1,
          190, 191, 207, 206, -1,
          191, 192, 208, 207, -1,
          193, 194, 210, 209, -1,
          193, 209, 224, 208, -1,
          194, 195, 211, 210, -1,
          195, 196, 212, 211, -1,
          196, 197, 213, 212, -1,
          197, 198, 214, 213, -1,
          198, 199, 215, 214, -1,
          199, 200, 216, 215, -1,
          200, 201, 217, 216, -1,
          201, 202, 218, 217, -1,
          202, 203, 219, 218, -1,
          203, 204, 220, 219, -1,
          204, 205, 221, 220, -1,
          205, 206, 222, 221, -1,
          206, 207, 223, 222, -1,
          207, 208, 224, 223, -1,
          209, 210, 226, 225, -1,
          209, 225, 240, 224, -1,
          210, 211, 227, 226, -1,
          211, 212, 228, 227, -1,
          212, 213, 229, 228, -1,
          213, 214, 230, 229, -1,
          214, 215, 231, 230, -1,
          215, 216, 232, 231, -1,
          216, 217, 233, 232, -1,
          217, 218, 234, 233, -1,
          218, 219, 235, 234, -1,
          219, 220, 236, 235, -1,
          220, 221, 237, 236, -1,
          221, 222, 238, 237, -1,
          222, 223, 239, 238, -1,
          223, 224, 240, 239, -1,
          225, 226, 242, 241, -1,
          225, 241, 256, 240, -1,
          226, 227, 243, 242, -1,
          227, 228, 244, 243, -1,
          228, 229, 245, 244, -1,
          229, 230, 246, 245, -1,
          230, 231, 247, 246, -1,
          231, 232, 248, 247, -1,
          232, 233, 249, 248, -1,
          233, 234, 250, 249, -1,
          234, 235, 251, 250, -1,
          235, 236, 252, 251, -1,
          236, 237, 253, 252, -1,
          237, 238, 254, 253, -1,
          238, 239, 255, 254, -1,
          239, 240, 256, 255, -1,
          241, 242, 1016, 1012, -1,
          241, 1013, 1073, 256, -1,
          242, 243, 1020, 1017, -1,
          243, 244, 1024, 1021, -1,
          244, 245, 1028, 1025, -1,
          245, 246, 1032, 1029, -1,
          246, 247, 1036, 1033, -1,
          247, 248, 1040, 1037, -1,
          248, 249, 1044, 1041, -1,
          249, 250, 1048, 1045, -1,
          250, 251, 1052, 1049, -1,
          251, 252, 1056, 1053, -1,
          252, 253, 1060, 1057, -1,
          253, 254, 1064, 1061, -1,
          254, 255, 1068, 1065, -1,
          255, 256, 1072, 1069, -1,
          258, 259, 275, 274, -1,
          258, 274, 289, 273, -1,
          259, 260, 276, 275, -1,
          260, 261, 277, 276, -1,
          261, 262, 278, 277, -1,
          262, 263, 279, 278, -1,
          263, 264, 280, 279, -1,
          264, 265, 281, 280, -1,
          265, 266, 282, 281, -1,
          266, 267, 283, 282, -1,
          267, 268, 284, 283, -1,
          268, 269, 285, 284, -1,
          269, 270, 286, 285, -1,
          270, 271, 287, 286, -1,
          271, 272, 288, 287, -1,
          272, 273, 289, 288, -1,
          274, 275, 1078, 1074, -1,
          274, 1075, 1135, 289, -1,
          275, 276, 1082, 1079, -1,
          276, 277, 1086, 1083, -1,
          277, 278, 1090, 1087, -1,
          278, 279, 1094, 1091, -1,
          279, 280, 1098, 1095, -1,
          280, 281, 1102, 1099, -1,
          281, 282, 1106, 1103, -1,
          282, 283, 1110, 1107, -1,
          283, 284, 1114, 1111, -1,
          284, 285, 1118, 1115, -1,
          285, 286, 1122, 1119, -1,
          286, 287, 1126, 1123, -1,
          287, 288, 1130, 1127, -1,
          288, 289, 1134, 1131, -1,
          1076, 1080, 1142, 1138, -1,
          1077, 1139, 1199, 1137, -1,
          1081, 1084, 1146, 1143, -1,
          1085, 1088, 1150, 1147, -1,
          1089, 1092, 1154, 1151, -1,
          1093, 1096, 1158, 1155, -1,
          1097, 1100, 1162, 1159, -1,
          1101, 1104, 1166, 1163, -1,
          1105, 1108, 1170, 1167, -1,
          1109, 1112, 1174, 1171, -1,
          1113, 1116, 1178, 1175, -1,
          1117, 1120, 1182, 1179, -1,
          1121, 1124, 1186, 1183, -1,
          1125, 1128, 1190, 1187, -1,
          1129, 1132, 1194, 1191, -1,
          1133, 1136, 1198, 1195, -1,
          1140, 1144, 1205, 1202, -1,
          1141, 1203, 1248, 1201, -1,
          1145, 1148, 1208, 1206, -1,
          1149, 1152, 1211, 1209, -1,
          1153, 1156, 1214, 1212, -1,
          1157, 1160, 1217, 1215, -1,
          1161, 1164, 1220, 1218, -1,
          1165, 1168, 1223, 1221, -1,
          1169, 1172, 1226, 1224, -1,
          1173, 1176, 1229, 1227, -1,
          1177, 1180, 1232, 1230, -1,
          1181, 1184, 1235, 1233, -1,
          1185, 1188, 1238, 1236, -1,
          1189, 1192, 1241, 1239, -1,
          1193, 1196, 1244, 1242, -1,
          1197, 1200, 1247, 1245, -1,
          1204, 1207, 1210, 1213, 1216, 1219, 1222, 1225, 1228, 1231, 1234, 1237, 1240, 1243, 1246, 1249, -1 ]
      }
    }

  ]
}

