#VRML V2.0 utf8
#Exported from Wings 3D 2.4.1
DEF Cylinder7_copy8 Transform {
  children [
    Shape {
      appearance Appearance {
        material DEF pins Material {
          diffuseColor 0.6 0.6 0.6
          emissiveColor 0.0 0.0 0.0
          specularColor 0.5999999905136262 0.5999999905136262 0.5999999905136262
          ambientIntensity 1.0
          transparency 0.0
          shininess 0.5
        }
      }
      geometry IndexedFaceSet {
        normalPerVertex TRUE
        coord Coordinate {
          point [
            2.28599933465 -1.22000044094 1.0,
            2.2738200598518055 -1.2812297901184144 1.0,
            2.239136419639848 -1.3331375259298477 1.0,
            2.187228683828414 -1.3678211661418058 1.0,
            2.12599933465 -1.38000044094 1.0,
            2.0647699854715857 -1.3678211661418058 1.0,
            2.0128622496601523 -1.3331375259298477 1.0,
            1.9781786094481941 -1.2812297901184144 1.0,
            1.96599933465 -1.22000044094 1.0,
            1.9781786094481941 -1.1587710917615857 1.0,
            2.0128622496601523 -1.1068633559501524 1.0,
            2.0647699854715857 -1.072179715738194 1.0,
            2.12599933465 -1.06000044094 1.0,
            2.187228683828414 -1.072179715738194 1.0,
            2.239136419639848 -1.1068633559501524 1.0,
            2.2738200598518055 -1.1587710917615854 1.0,
            2.28599933465 -1.22000044094 -1.0,
            2.2738200598518055 -1.2812297901184144 -1.0,
            2.239136419639848 -1.3331375259298477 -1.0,
            2.187228683828414 -1.367821166141806 -1.0,
            2.12599933465 -1.3800004409400002 -1.0,
            2.0647699854715857 -1.367821166141806 -1.0,
            2.0128622496601523 -1.3331375259298477 -1.0,
            1.9781786094481941 -1.2812297901184144 -1.0,
            1.96599933465 -1.22000044094 -1.0,
            1.9781786094481941 -1.1587710917615857 -1.0,
            2.0128622496601523 -1.1068633559501524 -1.0,
            2.0647699854715857 -1.0721797157381943 -1.0,
            2.12599933465 -1.0600004409400001 -1.0,
            2.187228683828414 -1.0721797157381943 -1.0,
            2.239136419639848 -1.1068633559501524 -1.0,
            2.2738200598518055 -1.1587710917615857 -1.0 ]
        }
        coordIndex [
          0, 1, 17, 16, -1,
          0, 15, 14, 13, 12, 11, 10, 9, 8, 7, 6, 5, 4, 3, 2, 1, -1,
          0, 16, 31, 15, -1,
          1, 2, 18, 17, -1,
          2, 3, 19, 18, -1,
          3, 4, 20, 19, -1,
          4, 5, 21, 20, -1,
          5, 6, 22, 21, -1,
          6, 7, 23, 22, -1,
          7, 8, 24, 23, -1,
          8, 9, 25, 24, -1,
          9, 10, 26, 25, -1,
          10, 11, 27, 26, -1,
          11, 12, 28, 27, -1,
          12, 13, 29, 28, -1,
          13, 14, 30, 29, -1,
          14, 15, 31, 30, -1,
          16, 17, 18, 19, 20, 21, 22, 23, 24, 25, 26, 27, 28, 29, 30, 31, -1 ]
        normal Normal {
          vector [
            0.0 0.0 1.0,
            1.0 -1.8394570667640493e-16 -5.533509394562759e-18,
            1.0 -1.8394570667640493e-16 -5.533509394562759e-18,
            0.0 0.0 1.0,
            0.9238795325112875 -0.38268343236508806 0.0,
            0.9238795325112875 -0.38268343236508806 0.0,
            0.0 0.0 1.0,
            0.7071067811865491 -0.707106781186546 2.346207983294598e-17,
            0.7071067811865491 -0.707106781186546 2.346207983294598e-17,
            0.0 0.0 1.0,
            0.3826834323650872 -0.9238795325112878 7.901851415435628e-17,
            0.3826834323650872 -0.9238795325112878 7.901851415435628e-17,
            0.0 0.0 1.0,
            0.0 -1.0 1.111128686428208e-16,
            0.0 -1.0 1.111128686428208e-16,
            0.0 0.0 1.0,
            -0.382683432365089 -0.9238795325112871 7.901851415435643e-17,
            -0.382683432365089 -0.9238795325112871 7.901851415435643e-17,
            0.0 0.0 1.0,
            -0.7071067811865474 -0.7071067811865476 2.3462079832946086e-17,
            -0.7071067811865474 -0.7071067811865476 2.3462079832946086e-17,
            0.0 0.0 1.0,
            -0.9238795325112871 -0.3826834323650889 0.0,
            -0.9238795325112871 -0.3826834323650889 0.0,
            0.0 0.0 1.0,
            -1.0 0.0 0.0,
            -1.0 0.0 0.0,
            0.0 0.0 1.0,
            -0.9238795325112871 0.3826834323650889 0.0,
            -0.9238795325112871 0.3826834323650889 0.0,
            0.0 0.0 1.0,
            -0.7071067811865474 0.7071067811865476 -2.3462079832946086e-17,
            -0.7071067811865474 0.7071067811865476 -2.3462079832946086e-17,
            0.0 0.0 1.0,
            -0.382683432365089 0.9238795325112871 -7.901851415435643e-17,
            -0.382683432365089 0.9238795325112871 -7.901851415435643e-17,
            0.0 0.0 1.0,
            0.0 1.0 -1.111128686428208e-16,
            0.0 1.0 -1.111128686428208e-16,
            0.0 0.0 1.0,
            0.3826834323650872 0.9238795325112878 -7.901851415435628e-17,
            0.3826834323650872 0.9238795325112878 -7.901851415435628e-17,
            0.0 0.0 1.0,
            0.7071067811865487 0.7071067811865464 -3.9398586889286917e-17,
            0.7071067811865487 0.7071067811865464 -3.9398586889286917e-17,
            0.0 0.0 1.0,
            0.9238795325112873 0.3826834323650884 -2.147001645090363e-17,
            0.9238795325112873 0.3826834323650884 -2.147001645090363e-17,
            0.0 0.0 -1.0,
            1.0 -1.8394570667640493e-16 -5.533509394562759e-18,
            1.0 -1.8394570667640493e-16 -5.533509394562759e-18,
            0.0 0.0 -1.0,
            0.9238795325112875 -0.38268343236508806 0.0,
            0.9238795325112875 -0.38268343236508806 0.0,
            0.0 0.0 -1.0,
            0.7071067811865491 -0.707106781186546 2.346207983294598e-17,
            0.7071067811865491 -0.707106781186546 2.346207983294598e-17,
            0.0 0.0 -1.0,
            0.3826834323650872 -0.9238795325112878 7.901851415435628e-17,
            0.3826834323650872 -0.9238795325112878 7.901851415435628e-17,
            0.0 0.0 -1.0,
            0.0 -1.0 1.111128686428208e-16,
            0.0 -1.0 1.111128686428208e-16,
            0.0 0.0 -1.0,
            -0.382683432365089 -0.9238795325112871 7.901851415435643e-17,
            -0.382683432365089 -0.9238795325112871 7.901851415435643e-17,
            0.0 0.0 -1.0,
            -0.7071067811865474 -0.7071067811865476 2.3462079832946086e-17,
            -0.7071067811865474 -0.7071067811865476 2.3462079832946086e-17,
            0.0 0.0 -1.0,
            -0.9238795325112871 -0.3826834323650889 0.0,
            -0.9238795325112871 -0.3826834323650889 0.0,
            0.0 0.0 -1.0,
            -1.0 0.0 0.0,
            -1.0 0.0 0.0,
            0.0 0.0 -1.0,
            -0.9238795325112871 0.3826834323650889 0.0,
            -0.9238795325112871 0.3826834323650889 0.0,
            0.0 0.0 -1.0,
            -0.7071067811865474 0.7071067811865476 -2.3462079832946086e-17,
            -0.7071067811865474 0.7071067811865476 -2.3462079832946086e-17,
            0.0 0.0 -1.0,
            -0.382683432365089 0.9238795325112871 -7.901851415435643e-17,
            -0.382683432365089 0.9238795325112871 -7.901851415435643e-17,
            0.0 0.0 -1.0,
            0.0 1.0 -1.111128686428208e-16,
            0.0 1.0 -1.111128686428208e-16,
            0.0 0.0 -1.0,
            0.3826834323650872 0.9238795325112878 -7.901851415435628e-17,
            0.3826834323650872 0.9238795325112878 -7.901851415435628e-17,
            0.0 0.0 -1.0,
            0.7071067811865487 0.7071067811865464 -3.9398586889286917e-17,
            0.7071067811865487 0.7071067811865464 -3.9398586889286917e-17,
            0.0 0.0 -1.0,
            0.9238795325112873 0.3826834323650884 -2.147001645090363e-17,
            0.9238795325112873 0.3826834323650884 -2.147001645090363e-17 ]
        }
        normalIndex [
          2, 5, 53, 50, -1,
          0, 45, 42, 39, 36, 33, 30, 27, 24, 21, 18, 15, 12, 9, 6, 3, -1,
          1, 49, 94, 46, -1,
          4, 8, 56, 52, -1,
          7, 11, 59, 55, -1,
          10, 14, 62, 58, -1,
          13, 17, 65, 61, -1,
          16, 20, 68, 64, -1,
          19, 23, 71, 67, -1,
          22, 26, 74, 70, -1,
          25, 29, 77, 73, -1,
          28, 32, 80, 76, -1,
          31, 35, 83, 79, -1,
          34, 38, 86, 82, -1,
          37, 41, 89, 85, -1,
          40, 44, 92, 88, -1,
          43, 47, 95, 91, -1,
          48, 51, 54, 57, 60, 63, 66, 69, 72, 75, 78, 81, 84, 87, 90, 93, -1 ]
      }
    }

  ]
}

DEF Cylinder7 Transform {
  children [
    Shape {
      appearance Appearance {
        material USE pins
      }
      geometry IndexedFaceSet {
        normalPerVertex TRUE
        coord Coordinate {
          point [
            -1.96599983465 1.22000044094 1.0,
            -1.9781791094481942 1.1587710917615857 1.0,
            -2.0128627496601523 1.1068633559501524 1.0,
            -2.0647704854715854 1.0721797157381943 1.0,
            -2.1259998346500004 1.0600004409400001 1.0,
            -2.1872291838284146 1.0721797157381943 1.0,
            -2.2391369196398476 1.1068633559501524 1.0,
            -2.273820559851806 1.1587710917615857 1.0,
            -2.2859998346499997 1.22000044094 1.0,
            -2.273820559851806 1.2812297901184144 1.0,
            -2.2391369196398476 1.3331375259298477 1.0,
            -2.1872291838284146 1.367821166141806 1.0,
            -2.1259998346500004 1.3800004409400002 1.0,
            -2.0647704854715854 1.367821166141806 1.0,
            -2.0128627496601523 1.3331375259298477 1.0,
            -1.9781791094481942 1.2812297901184146 1.0,
            -1.96599983465 1.22000044094 -1.0,
            -1.9781791094481942 1.1587710917615857 -1.0,
            -2.0128627496601523 1.1068633559501524 -1.0,
            -2.0647704854715854 1.072179715738194 -1.0,
            -2.1259998346500004 1.06000044094 -1.0,
            -2.1872291838284146 1.072179715738194 -1.0,
            -2.2391369196398476 1.1068633559501524 -1.0,
            -2.273820559851806 1.1587710917615857 -1.0,
            -2.2859998346499997 1.22000044094 -1.0,
            -2.273820559851806 1.2812297901184144 -1.0,
            -2.2391369196398476 1.3331375259298477 -1.0,
            -2.1872291838284146 1.3678211661418058 -1.0,
            -2.1259998346500004 1.38000044094 -1.0,
            -2.0647704854715854 1.3678211661418058 -1.0,
            -2.0128627496601523 1.3331375259298477 -1.0,
            -1.9781791094481942 1.2812297901184144 -1.0 ]
        }
        coordIndex [
          0, 1, 17, 16, -1,
          0, 15, 14, 13, 12, 11, 10, 9, 8, 7, 6, 5, 4, 3, 2, 1, -1,
          0, 16, 31, 15, -1,
          1, 2, 18, 17, -1,
          2, 3, 19, 18, -1,
          3, 4, 20, 19, -1,
          4, 5, 21, 20, -1,
          5, 6, 22, 21, -1,
          6, 7, 23, 22, -1,
          7, 8, 24, 23, -1,
          8, 9, 25, 24, -1,
          9, 10, 26, 25, -1,
          10, 11, 27, 26, -1,
          11, 12, 28, 27, -1,
          12, 13, 29, 28, -1,
          13, 14, 30, 29, -1,
          14, 15, 31, 30, -1,
          16, 17, 18, 19, 20, 21, 22, 23, 24, 25, 26, 27, 28, 29, 30, 31, -1 ]
        normal Normal {
          vector [
            0.0 -0.0 1.0,
            1.0 -1.6979603693206584e-16 -5.5335093945627595e-18,
            1.0 -1.6979603693206584e-16 -5.5335093945627595e-18,
            0.0 -0.0 1.0,
            0.9238795325112871 -0.3826834323650889 0.0,
            0.9238795325112871 -0.3826834323650889 0.0,
            0.0 -0.0 1.0,
            0.7071067811865487 -0.7071067811865462 2.3462079832946215e-17,
            0.7071067811865487 -0.7071067811865462 2.3462079832946215e-17,
            0.0 -0.0 1.0,
            0.38268343236508945 -0.9238795325112868 7.901851415435585e-17,
            0.38268343236508945 -0.9238795325112868 7.901851415435585e-17,
            0.0 -0.0 1.0,
            -1.4008173046895432e-15 -1.0 1.1111286864281998e-16,
            -1.4008173046895432e-15 -1.0 1.1111286864281998e-16,
            0.0 -0.0 1.0,
            -0.3826834323650908 -0.9238795325112864 7.901851415435661e-17,
            -0.3826834323650908 -0.9238795325112864 7.901851415435661e-17,
            0.0 -0.0 1.0,
            -0.7071067811865477 -0.7071067811865474 2.3462079832946212e-17,
            -0.7071067811865477 -0.7071067811865474 2.3462079832946212e-17,
            0.0 -0.0 1.0,
            -0.9238795325112878 -0.382683432365087 0.0,
            -0.9238795325112878 -0.382683432365087 0.0,
            0.0 -0.0 1.0,
            -1.0 0.0 0.0,
            -1.0 0.0 0.0,
            0.0 -0.0 1.0,
            -0.9238795325112878 0.382683432365087 0.0,
            -0.9238795325112878 0.382683432365087 0.0,
            0.0 -0.0 1.0,
            -0.7071067811865477 0.7071067811865474 -2.3462079832946212e-17,
            -0.7071067811865477 0.7071067811865474 -2.3462079832946212e-17,
            0.0 -0.0 1.0,
            -0.3826834323650908 0.9238795325112864 -7.901851415435661e-17,
            -0.3826834323650908 0.9238795325112864 -7.901851415435661e-17,
            0.0 -0.0 1.0,
            -1.4008173046895432e-15 1.0 -1.1111286864281998e-16,
            -1.4008173046895432e-15 1.0 -1.1111286864281998e-16,
            0.0 -0.0 1.0,
            0.38268343236508945 0.9238795325112868 -7.901851415435585e-17,
            0.38268343236508945 0.9238795325112868 -7.901851415435585e-17,
            0.0 -0.0 1.0,
            0.7071067811865483 0.7071067811865466 -3.895590613772201e-17,
            0.7071067811865483 0.7071067811865466 -3.895590613772201e-17,
            0.0 -0.0 1.0,
            0.923879532511287 0.38268343236508917 -2.102733569933855e-17,
            0.923879532511287 0.38268343236508917 -2.102733569933855e-17,
            0.0 -0.0 -1.0,
            1.0 -1.6979603693206584e-16 -5.5335093945627595e-18,
            1.0 -1.6979603693206584e-16 -5.5335093945627595e-18,
            0.0 -0.0 -1.0,
            0.9238795325112871 -0.3826834323650889 0.0,
            0.9238795325112871 -0.3826834323650889 0.0,
            0.0 -0.0 -1.0,
            0.7071067811865487 -0.7071067811865462 2.3462079832946215e-17,
            0.7071067811865487 -0.7071067811865462 2.3462079832946215e-17,
            0.0 -0.0 -1.0,
            0.38268343236508945 -0.9238795325112868 7.901851415435585e-17,
            0.38268343236508945 -0.9238795325112868 7.901851415435585e-17,
            0.0 -0.0 -1.0,
            -1.4008173046895432e-15 -1.0 1.1111286864281998e-16,
            -1.4008173046895432e-15 -1.0 1.1111286864281998e-16,
            0.0 -0.0 -1.0,
            -0.3826834323650908 -0.9238795325112864 7.901851415435661e-17,
            -0.3826834323650908 -0.9238795325112864 7.901851415435661e-17,
            0.0 -0.0 -1.0,
            -0.7071067811865477 -0.7071067811865474 2.3462079832946212e-17,
            -0.7071067811865477 -0.7071067811865474 2.3462079832946212e-17,
            0.0 -0.0 -1.0,
            -0.9238795325112878 -0.382683432365087 0.0,
            -0.9238795325112878 -0.382683432365087 0.0,
            0.0 -0.0 -1.0,
            -1.0 0.0 0.0,
            -1.0 0.0 0.0,
            0.0 -0.0 -1.0,
            -0.9238795325112878 0.382683432365087 0.0,
            -0.9238795325112878 0.382683432365087 0.0,
            0.0 -0.0 -1.0,
            -0.7071067811865477 0.7071067811865474 -2.3462079832946212e-17,
            -0.7071067811865477 0.7071067811865474 -2.3462079832946212e-17,
            0.0 -0.0 -1.0,
            -0.3826834323650908 0.9238795325112864 -7.901851415435661e-17,
            -0.3826834323650908 0.9238795325112864 -7.901851415435661e-17,
            0.0 -0.0 -1.0,
            -1.4008173046895432e-15 1.0 -1.1111286864281998e-16,
            -1.4008173046895432e-15 1.0 -1.1111286864281998e-16,
            0.0 -0.0 -1.0,
            0.38268343236508945 0.9238795325112868 -7.901851415435585e-17,
            0.38268343236508945 0.9238795325112868 -7.901851415435585e-17,
            0.0 -0.0 -1.0,
            0.7071067811865483 0.7071067811865466 -3.895590613772201e-17,
            0.7071067811865483 0.7071067811865466 -3.895590613772201e-17,
            0.0 -0.0 -1.0,
            0.923879532511287 0.38268343236508917 -2.102733569933855e-17,
            0.923879532511287 0.38268343236508917 -2.102733569933855e-17 ]
        }
        normalIndex [
          2, 5, 53, 50, -1,
          0, 45, 42, 39, 36, 33, 30, 27, 24, 21, 18, 15, 12, 9, 6, 3, -1,
          1, 49, 94, 46, -1,
          4, 8, 56, 52, -1,
          7, 11, 59, 55, -1,
          10, 14, 62, 58, -1,
          13, 17, 65, 61, -1,
          16, 20, 68, 64, -1,
          19, 23, 71, 67, -1,
          22, 26, 74, 70, -1,
          25, 29, 77, 73, -1,
          28, 32, 80, 76, -1,
          31, 35, 83, 79, -1,
          34, 38, 86, 82, -1,
          37, 41, 89, 85, -1,
          40, 44, 92, 88, -1,
          43, 47, 95, 91, -1,
          48, 51, 54, 57, 60, 63, 66, 69, 72, 75, 78, 81, 84, 87, 90, 93, -1 ]
      }
    }

  ]
}

DEF Cylinder1 Transform {
  children [
    Shape {
      appearance Appearance {
        material DEF body Material {
          diffuseColor 0.1 0.1 1.0
          emissiveColor 0.0 0.0 0.0
          specularColor 0.1 0.1 1.0
          ambientIntensity 1.0
          transparency 0.0
          shininess 0.5
        }
      }
      geometry IndexedFaceSet {
        normalPerVertex TRUE
        coord Coordinate {
          point [
            2.558999999996061 1.0133 2.65,
            2.364207723692744 1.0133 3.6292869034207564,
            1.8094862530535898 1.0133 4.459486253053591,
            0.9792869034207575 1.0133 5.014207723692745,
            2.0799452605238874e-16 1.0133 5.2089999999960614,
            -0.9792869034207573 1.0133 5.014207723692745,
            -1.8094862530535896 1.0133 4.459486253053591,
            -2.364207723692744 1.0133 3.6292869034207573,
            -2.558999999996061 1.0133 2.6500000000000004,
            -2.364207723692744 1.0133 1.670713096579243,
            -1.8094862530535902 1.0133 0.8405137469464108,
            -0.9792869034207587 1.0133 0.28579227630725645,
            -4.187797057502618e-16 1.0133 0.09100000000393882,
            0.979286903420758 1.0133 0.28579227630725645,
            1.8094862530535896 1.0133 0.8405137469464103,
            2.364207723692743 1.0133 1.670713096579241,
            2.558999999996061 -1.0133 2.65,
            2.364207723692744 -1.0133 3.6292869034207564,
            1.8094862530535898 -1.0133 4.459486253053591,
            0.9792869034207575 -1.0133 5.014207723692745,
            2.0799452605238874e-16 -1.0133 5.2089999999960614,
            -0.9792869034207573 -1.0133 5.014207723692745,
            -1.8094862530535896 -1.0133 4.459486253053591,
            -2.364207723692744 -1.0133 3.6292869034207573,
            -2.558999999996061 -1.0133 2.6500000000000004,
            -2.364207723692744 -1.0133 1.670713096579243,
            -1.8094862530535902 -1.0133 0.8405137469464108,
            -0.9792869034207587 -1.0133 0.28579227630725645,
            -4.187797057502618e-16 -1.0133 0.09100000000393882,
            0.979286903420758 -1.0133 0.28579227630725645,
            1.8094862530535896 -1.0133 0.8405137469464103,
            2.364207723692743 -1.0133 1.670713096579241,
            2.4208139999962737 -1.1133000000000002 2.65,
            2.2365405066133355 -1.1133000000000002 3.576405410636036,
            1.711773995388696 -1.1133000000000002 4.361773995388695,
            0.9264054106360367 -1.1133000000000002 4.8865405066133345,
            1.9087242108301816e-16 -1.1133000000000002 5.070813999996274,
            -0.9264054106360364 -1.1133000000000002 4.8865405066133345,
            -1.7117739953886957 -1.1133000000000002 4.361773995388695,
            -2.2365405066133355 -1.1133000000000002 3.576405410636036,
            -2.4208139999962737 -1.1133000000000002 2.6500000000000004,
            -2.2365405066133355 -1.1133000000000002 1.7235945893639641,
            -1.7117739953886963 -1.1133000000000002 0.9382260046113047,
            -0.9264054106360377 -1.1133000000000002 0.4134594933866653,
            -4.020560022022893e-16 -1.1133000000000002 0.22918600000372624,
            0.9264054106360369 -1.1133000000000002 0.4134594933866649,
            1.7117739953886957 -1.1133000000000002 0.9382260046113042,
            2.2365405066133346 -1.1133000000000002 1.7235945893639617,
            2.2365405066133355 1.1133000000000002 3.576405410636036,
            2.4208139999962737 1.1133000000000002 2.65,
            2.2365405066133346 1.1133000000000002 1.7235945893639617,
            1.7117739953886957 1.1133000000000002 0.9382260046113042,
            0.9264054106360369 1.1133000000000002 0.4134594933866649,
            -4.045304744422991e-16 1.1133000000000002 0.22918600000372624,
            -0.9264054106360377 1.1133000000000002 0.4134594933866653,
            -1.7117739953886963 1.1133000000000002 0.9382260046113047,
            -2.2365405066133355 1.1133000000000002 1.7235945893639641,
            -2.4208139999962737 1.1133000000000002 2.6500000000000004,
            -2.2365405066133355 1.1133000000000002 3.576405410636036,
            -1.7117739953886957 1.1133000000000002 4.361773995388695,
            -0.9264054106360364 1.1133000000000002 4.8865405066133345,
            1.8839794884300827e-16 1.1133000000000002 5.070813999996274,
            0.9264054106360367 1.1133000000000002 4.8865405066133345,
            1.711773995388696 1.1133000000000002 4.361773995388695,
            1.6945697999973912 -1.2133 2.65,
            1.565578354629335 -1.2133 3.298483787445225,
            1.198241796772087 -1.2133 3.8482417967720868,
            0.6484837874452257 -1.2133 4.2155783546293355,
            1.1463331518849261e-16 -1.2133 4.344569799997392,
            -0.6484837874452254 -1.2133 4.2155783546293355,
            -1.1982417967720869 -1.2133 3.848241796772087,
            -1.565578354629335 -1.2133 3.2984837874452255,
            -1.6945697999973912 -1.2133 2.6500000000000004,
            -1.565578354629335 -1.2133 2.0015162125547743,
            -1.1982417967720873 -1.2133 1.4517582032279133,
            -0.6484837874452263 -1.2133 1.0844216453706659,
            -3.004165811112226e-16 -1.2133 0.9554302000026087,
            0.6484837874452258 -1.2133 1.0844216453706659,
            1.1982417967720869 -1.2133 1.4517582032279133,
            1.5655783546293343 -1.2133 2.001516212554774,
            1.5655783546293351 1.2133 3.298483787445225,
            1.6945697999973912 1.2133 2.65,
            1.5655783546293345 1.2133 2.001516212554774,
            1.198241796772087 1.2133 1.4517582032279133,
            0.6484837874452257 1.2133 1.0844216453706659,
            -3.4338991567939493e-16 1.2133 0.9554302000026087,
            -0.6484837874452265 1.2133 1.0844216453706659,
            -1.198241796772087 1.2133 1.4517582032279133,
            -1.5655783546293345 1.2133 2.0015162125547743,
            -1.6945697999973917 1.2133 2.6500000000000004,
            -1.5655783546293345 1.2133 3.2984837874452255,
            -1.1982417967720866 1.2133 3.848241796772087,
            -0.6484837874452255 1.2133 4.2155783546293355,
            7.16599806203201e-17 1.2133 4.344569799997392,
            0.6484837874452255 1.2133 4.2155783546293355,
            1.1982417967720873 1.2133 3.8482417967720868,
            1.7672744774163525 -1.2133 1.4033807803140368,
            1.7834220670408603 -1.328105029709527 1.4195283699385446,
            1.8294065117723168 -1.4254320343559643 1.4655128146700012,
            1.8982270967503871 -1.4904638597533861 1.5343333996480717,
            1.9794065117723167 -1.5132999999999999 1.615512814670001,
            2.060585926794246 -1.4904638597533861 1.6966922296919305,
            2.129406511772317 -1.4254320343559643 1.765512814670001,
            2.175390956503773 -1.328105029709527 1.8114972594014573,
            2.1915385461282813 -1.2133 1.827644849025965,
            2.175390956503773 -1.0984949702904732 1.8114972594014573,
            2.129406511772317 -1.001167965644036 1.765512814670001,
            2.060585926794247 -0.9361361402466141 1.6966922296919305,
            1.9794065117723167 -0.9133000000000001 1.615512814670001,
            1.8982270967503871 -0.9361361402466141 1.5343333996480715,
            1.8294065117723168 -1.0011679656440358 1.4655128146700012,
            1.7834220670408603 -1.098494970290473 1.4195283699385448,
            -0.32206278938854926 -1.2133 2.850141689473176,
            -0.3197682381341651 -1.235697350215103 2.8539604640470495,
            -0.31323390899933345 -1.2546849068924415 2.864835413957075,
            -0.3034545943609914 -1.2673719866505213 2.8811109266611177,
            -0.29191910622311856 -1.2718270966048386 2.9003092028878776,
            -0.2803836180852457 -1.2673719866505213 2.919507479114637,
            -0.27060430344690356 -1.2546849068924415 2.9357829918186797,
            -0.264069974312072 -1.235697350215103 2.946657941728705,
            -0.26177542305768764 -1.2133 2.9504767163025787,
            -0.264069974312072 -1.1909026497848976 2.946657941728705,
            -0.27060430344690356 -1.1719150931075588 2.9357829918186797,
            -0.2803836180852457 -1.1592280133494792 2.919507479114637,
            -0.29191910622311856 -1.1547729033951617 2.9003092028878776,
            -0.3034545943609914 -1.1592280133494792 2.8811109266611177,
            -0.31323390899933345 -1.1719150931075588 2.864835413957075,
            -0.3197682381341651 -1.1909026497848973 2.8539604640470495,
            -0.33641474382021297 -1.2133 2.793109497411061,
            -0.3319138196293512 -1.257233982822018 2.8006002931935274,
            -0.3190962719638455 -1.2944794150219294 2.821932274787278,
            -0.2999134562644101 -1.3193660171779824 2.8538578413695594,
            -0.27728578232862666 -1.328105029709527 2.891516614834202,
            -0.2546581083928431 -1.3193660171779824 2.929175388298844,
            -0.23547529269340772 -1.2944794150219294 2.961100954881126,
            -0.22265774502790203 -1.257233982822018 2.982432936474877,
            -0.21815682083704024 -1.2133 2.9899237322573433,
            -0.22265774502790203 -1.1693660171779825 2.982432936474877,
            -0.23547529269340772 -1.1321205849780707 2.961100954881126,
            -0.2546581083928431 -1.1072339828220181 2.929175388298844,
            -0.27728578232862666 -1.0984949702904734 2.891516614834202,
            -0.2999134562644101 -1.1072339828220181 2.8538578413695594,
            -0.3190962719638455 -1.1321205849780707 2.821932274787278,
            -0.3319138196293512 -1.1693660171779823 2.8006002931935274,
            -0.3393645007571231 -1.2133 2.7343732355157746,
            -0.33283017162229145 -1.2770822571075444 2.7452481854258006,
            -0.3142219765947334 -1.3311542437580652 2.776217422613742,
            -0.28637284468368707 -1.3672839901478009 2.82256616145457,
            -0.2535225537695993 -1.3799710699058807 2.8772382266121315,
            -0.22067226285551134 -1.3672839901478009 2.9319102917696935,
            -0.19282313094446502 -1.3311542437580652 2.978259030610521,
            -0.17421493591690695 -1.2770822571075444 3.0092282677984628,
            -0.16768060678207541 -1.2133 3.0201032177084883,
            -0.17421493591690695 -1.1495177428924561 3.0092282677984628,
            -0.19282313094446502 -1.0954457562419349 2.978259030610521,
            -0.22067226285551134 -1.0593160098521992 2.9319102917696935,
            -0.2535225537695993 -1.0466289300941196 2.8772382266121315,
            -0.28637284468368707 -1.0593160098521992 2.82256616145457,
            -0.3142219765947334 -1.0954457562419349 2.776217422613742,
            -0.33283017162229145 -1.149517742892456 2.7452481854258006,
            -0.3307987026944368 -1.2133 2.676190105392278,
            -0.3224820792197929 -1.2944794150219294 2.6900312912035624,
            -0.29879833932949573 -1.3633 2.729447653568311,
            -0.26335311772820647 -1.4092844447314568 2.788438408626704,
            -0.22154262809298753 -1.4254320343559643 2.858022748673627,
            -0.1797321384577686 -1.4092844447314568 2.927607088720551,
            -0.14428691685647932 -1.3633 2.9865978437789438,
            -0.12060317696618217 -1.2944794150219299 3.0260142061436923,
            -0.11228655349153827 -1.2133 3.0398553919549767,
            -0.12060317696618217 -1.1321205849780707 3.0260142061436923,
            -0.14428691685647932 -1.0633000000000004 2.9865978437789438,
            -0.1797321384577686 -1.0173155552685438 2.927607088720551,
            -0.22154262809298753 -1.001167965644036 2.858022748673627,
            -0.26335311772820647 -1.0173155552685438 2.788438408626704,
            -0.29879833932949573 -1.0633000000000004 2.729447653568311,
            -0.3224820792197929 -1.1321205849780707 2.6900312912035624,
            -0.3110465284479482 -1.2133 2.620796052101741,
            -0.3012672138096061 -1.3087568935429628 2.637071564805783,
            -0.27341808189855965 -1.3896813403629038 2.6834203036466113,
            -0.23173891059525598 -1.443753327013425 2.752786093288072,
            -0.18257497590799454 -1.4627408836907636 2.8346086210597017,
            -0.1334110412207331 -1.443753327013425 2.9164311488313315,
            -0.09173186991742943 -1.3896813403629038 2.985796938472792,
            -0.06388273800638311 -1.3087568935429628 3.03214567731362,
            -0.05410342336804097 -1.2133 3.0484211900176628,
            -0.06388273800638311 -1.1178431064570378 3.03214567731362,
            -0.09173186991742943 -1.0369186596370965 2.985796938472792,
            -0.13341104122073288 -0.9828466729865754 2.9164311488313315,
            -0.18257497590799454 -0.9638591163092366 2.8346086210597017,
            -0.23173891059525598 -0.9828466729865754 2.752786093288072,
            -0.27341808189855965 -1.0369186596370965 2.6834203036466113,
            -0.3012672138096061 -1.1178431064570375 2.637071564805783,
            -0.280867042996803 -1.2133 2.5703198380467756,
            -0.27000085077201164 -1.3193660171779824 2.588404218817773,
            -0.23905655336158405 -1.4092844447314568 2.6399041780937003,
            -0.19274513953550354 -1.4693660171779823 2.71697931392309,
            -0.1381171022347789 -1.4904638597533861 2.807895635563765,
            -0.08348906493405417 -1.4693660171779823 2.898811957204439,
            -0.03717765110797355 -1.4092844447314568 2.9758870930338293,
            -0.0062333536975460735 -1.3193660171779824 3.027387052309756,
            0.0046328385272453865 -1.2133 3.045471433080753,
            -0.0062333536975460735 -1.1072339828220181 3.027387052309756,
            -0.03717765110797355 -1.0173155552685438 2.9758870930338293,
            -0.08348906493405406 -0.9572339828220181 2.8988119572044395,
            -0.1381171022347789 -0.9361361402466141 2.807895635563765,
            -0.19274513953550354 -0.9572339828220181 2.71697931392309,
            -0.23905655336158405 -1.0173155552685438 2.6399041780937003,
            -0.27000085077201164 -1.107233982822018 2.588404218817773,
            -0.24142002704203835 -1.2133 2.5267012358261285,
            -0.2298845389041655 -1.3258990832553599 2.545899512052888,
            -0.19703424799007774 -1.4213559767983222 2.6005715772104496,
            -0.14787031330281641 -1.4851382339058665 2.6823941049820803,
            -0.08987749822633917 -1.5075355841209694 2.778910357237609,
            -0.031884683149861814 -1.4851382339058665 2.8754266094931378,
            0.01727925153739962 -1.4213559767983222 2.9572491372647676,
            0.050129542451487374 -1.3258990832553599 3.011921202422329,
            0.06166503058936024 -1.2133 3.031119478649089,
            0.050129542451487374 -1.1007009167446407 3.011921202422329,
            0.017279251537399842 -1.0052440232016782 2.9572491372647676,
            -0.03188468314986159 -0.9414617660941339 2.8754266094931378,
            -0.08987749822633917 -0.919064415879031 2.778910357237609,
            -0.14787031330281653 -0.9414617660941339 2.68239410498208,
            -0.19703424799007774 -1.0052440232016782 2.6005715772104496,
            -0.2298845389041655 -1.1007009167446404 2.545899512052888,
            -0.1942214072846542 -1.2133 2.491616483861544,
            -0.1824599255736622 -1.328105029709527 2.5111908765551894,
            -0.14896605941308727 -1.4254320343559643 2.5669340307908284,
            -0.09883894630322432 -1.4904638597533861 2.6503595566490374,
            -0.03970998481163801 -1.5132999999999999 2.7487666740721783,
            0.019418976679948297 -1.4904638597533861 2.8471737914953197,
            0.06954608978981125 -1.4254320343559643 2.9305993173535274,
            0.10303995595038629 -1.328105029709527 2.986342471589167,
            0.1148014376613784 -1.2133 3.0059168642828116,
            0.10303995595038629 -1.0984949702904734 2.986342471589167,
            0.06954608978981147 -1.001167965644036 2.9305993173535274,
            0.019418976679948297 -0.9361361402466141 2.8471737914953197,
            -0.03970998481163801 -0.9133000000000001 2.7487666740721783,
            -0.09883894630322432 -0.9361361402466141 2.6503595566490374,
            -0.14896605941308727 -1.001167965644036 2.5669340307908284,
            -0.1824599255736622 -1.0984949702904732 2.5111908765551894,
            -0.2968601750222718 -1.2133 2.9032780965451943,
            1.79030956875564 -1.2133 1.3948021365513465,
            1.8100862463335918 -1.328105029709527 1.4062202066746532,
            1.8664054591822332 -1.4254320343559643 1.438736119373364,
            1.9506931176802944 -1.4904638597533861 1.487399621696583,
            2.050117189890972 -1.5132999999999999 1.5448021365513465,
            2.1495412621016494 -1.4904638597533861 1.60220465140611,
            2.2338289205997097 -1.4254320343559643 1.6508681537293284,
            2.2901481334483518 -1.328105029709527 1.6833840664280393,
            2.309924811026304 -1.2133 1.694802136551346,
            2.2901481334483518 -1.0984949702904732 1.6833840664280393,
            2.2338289205997097 -1.001167965644036 1.6508681537293284,
            2.1495412621016494 -0.9361361402466141 1.60220465140611,
            2.050117189890972 -0.9133000000000001 1.5448021365513465,
            1.9506931176802944 -0.9361361402466141 1.4873996216965828,
            1.8664054591822334 -1.0011679656440358 1.4387361193733643,
            1.8100862463335918 -1.098494970290473 1.4062202066746534,
            1.8103394420042511 -1.2133 1.3805538826421464,
            1.8323974596412147 -1.328105029709527 1.3864643106546022,
            1.8952133793233057 -1.4254320343559643 1.4032957856052366,
            1.9892240467066558 -1.4904638597533861 1.4284858680105161,
            2.100117189890972 -1.5132999999999999 1.4581995961729024,
            2.2110103330752877 -1.4904638597533861 1.4879133243352887,
            2.305021000458638 -1.4254320343559643 1.5131034067405682,
            2.367836920140728 -1.328105029709527 1.5299348816912028,
            2.3898949377776924 -1.2133 1.5358453097036586,
            2.367836920140728 -1.0984949702904732 1.5299348816912028,
            2.305021000458638 -1.001167965644036 1.5131034067405682,
            2.2110103330752877 -0.9361361402466141 1.4879133243352887,
            2.100117189890972 -0.9133000000000001 1.4581995961729024,
            1.9892240467066558 -0.9361361402466141 1.4284858680105161,
            1.895213379323306 -1.0011679656440358 1.4032957856052366,
            1.8323974596412147 -1.098494970290473 1.3864643106546022,
            1.8259990944012237 -1.2133 1.3616070135439955,
            1.8488352346478374 -1.328105029709527 1.3616070135439955,
            1.9138670600452594 -1.4254320343559643 1.3616070135439955,
            2.0111940646916966 -1.4904638597533861 1.3616070135439955,
            2.1259990944012235 -1.5132999999999999 1.3616070135439955,
            2.2408041241107504 -1.4904638597533861 1.3616070135439955,
            2.338131128757188 -1.4254320343559643 1.3616070135439955,
            2.40316295415461 -1.328105029709527 1.3616070135439957,
            2.425999094401224 -1.2133 1.3616070135439955,
            2.40316295415461 -1.0984949702904732 1.3616070135439957,
            2.338131128757188 -1.001167965644036 1.3616070135439955,
            2.2408041241107512 -0.9361361402466141 1.3616070135439955,
            2.1259990944012235 -0.9133000000000001 1.3616070135439955,
            2.0111940646916966 -0.9361361402466141 1.3616070135439955,
            1.9138670600452596 -1.0011679656440358 1.3616070135439955,
            1.8488352346478376 -1.098494970290473 1.3616070135439957,
            1.8259990944012237 -1.2133 0.4000000135439956,
            1.8488352346478374 -1.328105029709527 0.4000000135439955,
            1.9138670600452594 -1.4254320343559643 0.4000000135439955,
            2.0111940646916966 -1.4904638597533861 0.4000000135439955,
            2.1259990944012235 -1.5132999999999999 0.4000000135439955,
            2.2408041241107504 -1.4904638597533861 0.4000000135439955,
            2.338131128757188 -1.4254320343559643 0.4000000135439955,
            2.40316295415461 -1.328105029709527 0.4000000135439956,
            2.425999094401224 -1.2133 0.4000000135439954,
            2.40316295415461 -1.0984949702904732 0.4000000135439956,
            2.338131128757188 -1.001167965644036 0.4000000135439955,
            2.2408041241107512 -0.9361361402466141 0.4000000135439954,
            2.1259990944012235 -0.9133000000000001 0.4000000135439955,
            2.0111940646916966 -0.9361361402466141 0.4000000135439954,
            1.9138670600452596 -1.0011679656440358 0.4000000135439955,
            1.8488352346478376 -1.098494970290473 0.4000000135439956,
            1.9959990954012239 -1.2133 0.10000001354399557,
            2.0058947560986358 -1.2630488458247784 0.10000001354399546,
            2.034075213554079 -1.3052238808471446 0.10000001354399546,
            2.076250248576445 -1.3334043383025878 0.10000001354399546,
            2.1259990944012235 -1.3432999989999999 0.10000001354399546,
            2.175747940226002 -1.3334043383025878 0.10000001354399546,
            2.2179229752483685 -1.3052238808471446 0.10000001354399546,
            2.2461034327038116 -1.2630488458247784 0.10000001354399568,
            2.255999093401224 -1.2133 0.10000001354399546,
            2.2461034327038116 -1.163551154175222 0.10000001354399568,
            2.2179229752483685 -1.121376119152856 0.10000001354399546,
            2.175747940226002 -1.0931956616974126 0.10000001354399546,
            2.1259990944012235 -1.0833000010000002 0.10000001354399546,
            2.076250248576445 -1.0931956616974126 0.10000001354399535,
            2.034075213554079 -1.1213761191528557 0.10000001354399546,
            2.0058947560986358 -1.163551154175222 0.10000001354399568,
            -1.7672753830550183 1.2133000000000003 1.4033807803140368,
            -1.783422972679526 1.0984949702904732 1.4195283699385446,
            -1.8294074174109827 1.001167965644036 1.4655128146700012,
            -1.898228002389053 0.9361361402466141 1.5343333996480717,
            -1.9794074174109826 0.9133000000000001 1.615512814670001,
            -2.060586832432912 0.9361361402466141 1.6966922296919305,
            -2.1294074174109823 1.001167965644036 1.765512814670001,
            -2.175391862142439 1.0984949702904732 1.8114972594014573,
            -2.1915394517669466 1.2133 1.827644849025965,
            -2.175391862142439 1.3281050297095272 1.8114972594014573,
            -2.1294074174109823 1.4254320343559643 1.765512814670001,
            -2.060586832432912 1.4904638597533861 1.6966922296919305,
            -1.9794074174109826 1.5133 1.615512814670001,
            -1.898228002389053 1.4904638597533861 1.5343333996480715,
            -1.8294074174109827 1.4254320343559646 1.4655128146700012,
            -1.783422972679526 1.3281050297095274 1.4195283699385448,
            0.3220618837498834 1.2133 2.850141689473176,
            0.31976733249549927 1.1909026497848973 2.8539604640470495,
            0.3132330033606675 1.1719150931075586 2.864835413957075,
            0.3034536887223255 1.159228013349479 2.881110926661118,
            0.2919182005844527 1.1547729033951617 2.9003092028878776,
            0.28038271244657986 1.159228013349479 2.919507479114637,
            0.2706033978082377 1.1719150931075586 2.9357829918186797,
            0.2640690686734062 1.1909026497848973 2.9466579417287053,
            0.2617745174190218 1.2133 2.9504767163025787,
            0.2640690686734062 1.2356973502151027 2.9466579417287053,
            0.2706033978082377 1.2546849068924415 2.9357829918186797,
            0.28038271244657986 1.267371986650521 2.919507479114637,
            0.2919182005844527 1.2718270966048386 2.9003092028878776,
            0.3034536887223255 1.267371986650521 2.881110926661118,
            0.3132330033606675 1.2546849068924415 2.864835413957075,
            0.31976733249549927 1.235697350215103 2.8539604640470495,
            0.33641383818154713 1.2133 2.793109497411061,
            0.33191291399068534 1.1693660171779823 2.8006002931935274,
            0.31909536632517965 1.1321205849780707 2.821932274787278,
            0.2999125506257442 1.107233982822018 2.85385784136956,
            0.2772848766899607 1.0984949702904732 2.8915166148342024,
            0.25465720275417714 1.107233982822018 2.929175388298844,
            0.23547438705474177 1.1321205849780707 2.961100954881126,
            0.22265683938923608 1.1693660171779823 2.982432936474877,
            0.2181559151983744 1.2133 2.9899237322573433,
            0.22265683938923608 1.2572339828220178 2.982432936474877,
            0.23547438705474177 1.2944794150219296 2.961100954881126,
            0.25465720275417714 1.3193660171779822 2.929175388298844,
            0.2772848766899607 1.328105029709527 2.8915166148342024,
            0.2999125506257442 1.3193660171779822 2.85385784136956,
            0.31909536632517965 1.2944794150219296 2.821932274787278,
            0.33191291399068534 1.257233982822018 2.8006002931935274,
            0.33936359511845726 1.2133 2.734373235515775,
            0.3328292659836256 1.149517742892456 2.745248185425801,
            0.31422107095606755 1.0954457562419349 2.776217422613742,
            0.2863719390450211 1.0593160098521992 2.82256616145457,
            0.25352164813093336 1.0466289300941194 2.877238226612132,
            0.2206713572168455 1.0593160098521992 2.9319102917696935,
            0.19282222530579907 1.0954457562419349 2.9782590306105217,
            0.174214030278241 1.149517742892456 3.009228267798463,
            0.16767970114340935 1.2133 3.0201032177084888,
            0.174214030278241 1.2770822571075442 3.009228267798463,
            0.19282222530579907 1.3311542437580655 2.9782590306105217,
            0.2206713572168455 1.367283990147801 2.9319102917696935,
            0.25352164813093336 1.3799710699058807 2.877238226612132,
            0.2863719390450211 1.367283990147801 2.82256616145457,
            0.31422107095606755 1.3311542437580655 2.776217422613742,
            0.3328292659836256 1.2770822571075444 2.745248185425801,
            0.33079779705577095 1.2133 2.676190105392278,
            0.3224811735811268 1.1321205849780707 2.6900312912035624,
            0.2987974336908299 1.0633000000000001 2.7294476535683114,
            0.2633522120895406 1.0173155552685436 2.7884384086267042,
            0.22154172245432158 1.0011679656440358 2.858022748673627,
            0.17973123281910253 1.0173155552685436 2.927607088720551,
            0.14428601121781326 1.0633000000000001 2.9865978437789438,
            0.12060227132751611 1.1321205849780704 3.0260142061436923,
            0.1122856478528722 1.2133 3.0398553919549767,
            0.12060227132751611 1.2944794150219296 3.0260142061436923,
            0.14428601121781326 1.3633 2.9865978437789438,
            0.17973123281910253 1.4092844447314565 2.927607088720551,
            0.22154172245432158 1.4254320343559643 2.858022748673627,
            0.2633522120895406 1.4092844447314565 2.7884384086267042,
            0.2987974336908299 1.3633 2.7294476535683114,
            0.3224811735811268 1.2944794150219296 2.6900312912035624,
            0.3110456228092824 1.2133 2.620796052101741,
            0.30126630817094013 1.1178431064570375 2.637071564805783,
            0.2734171762598938 1.0369186596370963 2.6834203036466113,
            0.23173800495659014 0.9828466729865751 2.7527860932880723,
            0.1825740702693287 0.9638591163092364 2.834608621059702,
            0.13341013558206716 0.9828466729865751 2.9164311488313315,
            0.09173096427876348 1.0369186596370963 2.9857969384727925,
            0.06388183236771716 1.1178431064570375 3.0321456773136206,
            0.05410251772937502 1.2133 3.0484211900176628,
            0.06388183236771716 1.3087568935429625 3.0321456773136206,
            0.09173096427876348 1.3896813403629038 2.9857969384727925,
            0.13341013558206694 1.4437533270134248 2.916431148831332,
            0.1825740702693287 1.4627408836907636 2.834608621059702,
            0.23173800495659014 1.4437533270134248 2.7527860932880723,
            0.2734171762598938 1.3896813403629038 2.6834203036466113,
            0.30126630817094013 1.3087568935429628 2.637071564805783,
            0.28086613735813704 1.2133 2.5703198380467756,
            0.2699999451333457 1.107233982822018 2.588404218817773,
            0.2390556477229182 1.0173155552685436 2.6399041780937003,
            0.1927442338968377 0.9572339828220179 2.71697931392309,
            0.13811619659611296 0.9361361402466138 2.807895635563765,
            0.08348815929538822 0.9572339828220179 2.8988119572044395,
            0.037176745469307604 1.0173155552685436 2.9758870930338293,
            0.0062324480588801245 1.107233982822018 3.027387052309756,
            -0.004633744165911335 1.2133 3.0454714330807535,
            0.0062324480588801245 1.3193660171779822 3.027387052309756,
            0.037176745469307604 1.4092844447314565 2.9758870930338293,
            0.08348815929538811 1.469366017177982 2.89881195720444,
            0.13811619659611296 1.4904638597533861 2.807895635563765,
            0.1927442338968377 1.469366017177982 2.71697931392309,
            0.2390556477229182 1.4092844447314565 2.6399041780937003,
            0.2699999451333457 1.3193660171779824 2.588404218817773,
            0.2414191214033724 1.2133 2.5267012358261285,
            0.22988363326549965 1.1007009167446404 2.545899512052888,
            0.1970333423514119 1.005244023201678 2.60057157721045,
            0.14786940766415058 0.9414617660941337 2.6823941049820803,
            0.08987659258767322 0.9190644158790308 2.778910357237609,
            0.031883777511195865 0.9414617660941337 2.8754266094931378,
            -0.017280157176065458 1.005244023201678 2.9572491372647676,
            -0.05013044809015332 1.1007009167446404 3.011921202422329,
            -0.061665936228026186 1.2133 3.0311194786490896,
            -0.05013044809015332 1.3258990832553597 3.011921202422329,
            -0.01728015717606568 1.4213559767983222 2.9572491372647676,
            0.03188377751119564 1.4851382339058663 2.8754266094931378,
            0.08987659258767322 1.5075355841209692 2.778910357237609,
            0.1478694076641507 1.4851382339058663 2.68239410498208,
            0.1970333423514119 1.4213559767983222 2.60057157721045,
            0.22988363326549965 1.3258990832553599 2.545899512052888,
            0.19422050164598836 1.2133 2.491616483861544,
            0.18245901993499625 1.0984949702904732 2.51119087655519,
            0.14896515377442132 1.001167965644036 2.5669340307908284,
            0.09883804066455837 0.9361361402466141 2.6503595566490374,
            0.03970907917297206 0.9133000000000001 2.7487666740721783,
            -0.019419882318614246 0.9361361402466141 2.8471737914953197,
            -0.06954699542847731 1.001167965644036 2.9305993173535274,
            -0.10304086158905224 1.0984949702904732 2.986342471589167,
            -0.11480234330004435 1.2133 3.005916864282812,
            -0.10304086158905224 1.328105029709527 2.986342471589167,
            -0.06954699542847742 1.4254320343559643 2.9305993173535274,
            -0.019419882318614246 1.4904638597533861 2.8471737914953197,
            0.03970907917297206 1.5133 2.7487666740721783,
            0.09883804066455837 1.4904638597533861 2.6503595566490374,
            0.14896515377442132 1.4254320343559643 2.5669340307908284,
            0.18245901993499625 1.3281050297095272 2.51119087655519,
            0.29685926938360585 1.2133 2.9032780965451943,
            -1.790310474394306 1.2133000000000003 1.3948021365513465,
            -1.8100871519722577 1.0984949702904732 1.4062202066746532,
            -1.866406364820899 1.001167965644036 1.438736119373364,
            -1.9506940233189602 0.9361361402466141 1.487399621696583,
            -2.0501180955296374 0.9133000000000001 1.5448021365513465,
            -2.149542167740315 0.9361361402466141 1.60220465140611,
            -2.233829826238376 1.001167965644036 1.6508681537293284,
            -2.290149039087017 1.0984949702904732 1.6833840664280393,
            -2.3099257166649694 1.2133 1.694802136551346,
            -2.290149039087017 1.3281050297095272 1.6833840664280393,
            -2.233829826238376 1.4254320343559643 1.6508681537293284,
            -2.1495421677403157 1.4904638597533861 1.60220465140611,
            -2.0501180955296374 1.5133 1.5448021365513465,
            -1.9506940233189602 1.4904638597533861 1.4873996216965828,
            -1.8664063648208993 1.4254320343559646 1.4387361193733643,
            -1.8100871519722577 1.3281050297095274 1.4062202066746534,
            -1.810340347642917 1.2133000000000003 1.3805538826421464,
            -1.8323983652798805 1.0984949702904732 1.3864643106546022,
            -1.8952142849619715 1.001167965644036 1.4032957856052366,
            -1.9892249523453216 0.9361361402466141 1.4284858680105161,
            -2.1001180955296372 0.9133000000000001 1.4581995961729024,
            -2.211011238713953 0.9361361402466141 1.4879133243352887,
            -2.3050219060973034 1.001167965644036 1.5131034067405682,
            -2.3678378257793944 1.0984949702904732 1.5299348816912028,
            -2.3898958434163577 1.2133 1.5358453097036586,
            -2.3678378257793944 1.3281050297095272 1.5299348816912028,
            -2.3050219060973034 1.4254320343559643 1.5131034067405682,
            -2.211011238713954 1.4904638597533861 1.4879133243352887,
            -2.1001180955296372 1.5133 1.4581995961729024,
            -1.9892249523453216 1.4904638597533861 1.4284858680105161,
            -1.8952142849619718 1.4254320343559646 1.4032957856052366,
            -1.8323983652798805 1.3281050297095274 1.3864643106546022,
            -1.8260000000398895 1.2133000000000003 1.3616070135439955,
            -1.8488361402865032 1.0984949702904732 1.3616070135439955,
            -1.9138679656839253 1.001167965644036 1.3616070135439955,
            -2.0111949703303624 0.9361361402466141 1.3616070135439955,
            -2.1260000000398898 0.9133000000000001 1.3616070135439955,
            -2.2408050297494166 0.9361361402466141 1.3616070135439955,
            -2.3381320343958536 1.001167965644036 1.3616070135439955,
            -2.4031638597932754 1.0984949702904732 1.3616070135439957,
            -2.4260000000398896 1.2133 1.3616070135439955,
            -2.4031638597932754 1.3281050297095272 1.3616070135439957,
            -2.3381320343958536 1.4254320343559643 1.3616070135439955,
            -2.2408050297494166 1.4904638597533861 1.3616070135439955,
            -2.1260000000398898 1.5133 1.3616070135439955,
            -2.0111949703303624 1.4904638597533861 1.3616070135439955,
            -1.9138679656839255 1.4254320343559646 1.3616070135439955,
            -1.8488361402865034 1.3281050297095274 1.3616070135439957,
            -1.8260000000398895 1.2133000000000003 0.4000000135439955,
            -1.8488361402865032 1.0984949702904732 0.4000000135439955,
            -1.9138679656839253 1.001167965644036 0.4000000135439954,
            -2.0111949703303624 0.9361361402466141 0.4000000135439954,
            -2.1260000000398898 0.9133000000000001 0.4000000135439955,
            -2.2408050297494166 0.9361361402466141 0.4000000135439955,
            -2.3381320343958536 1.001167965644036 0.4000000135439955,
            -2.4031638597932754 1.0984949702904732 0.4000000135439956,
            -2.4260000000398896 1.2133 0.4000000135439954,
            -2.4031638597932754 1.3281050297095272 0.4000000135439956,
            -2.3381320343958536 1.4254320343559643 0.4000000135439955,
            -2.2408050297494166 1.4904638597533861 0.4000000135439954,
            -2.1260000000398898 1.5133 0.4000000135439955,
            -2.0111949703303624 1.4904638597533861 0.4000000135439953,
            -1.9138679656839255 1.4254320343559646 0.4000000135439954,
            -1.8488361402865034 1.3281050297095274 0.4000000135439956,
            -1.9960000010398897 1.2133 0.10000001354399557,
            -2.0058956617373016 1.163551154175222 0.10000001354399546,
            -2.034076119192745 1.1213761191528557 0.10000001354399546,
            -2.0762511542151114 1.0931956616974123 0.10000001354399546,
            -2.1260000000398898 1.0833000010000002 0.10000001354399546,
            -2.175748845864668 1.0931956616974123 0.10000001354399546,
            -2.217923880887034 1.1213761191528557 0.10000001354399546,
            -2.246104338342477 1.163551154175222 0.10000001354399568,
            -2.2559999990398896 1.2133 0.10000001354399546,
            -2.246104338342477 1.2630488458247784 0.10000001354399568,
            -2.217923880887034 1.3052238808471444 0.10000001354399546,
            -2.175748845864668 1.3334043383025878 0.10000001354399546,
            -2.1260000000398898 1.343299999 0.10000001354399546,
            -2.0762511542151114 1.3334043383025878 0.10000001354399535,
            -2.034076119192745 1.3052238808471446 0.10000001354399546,
            -2.0058956617373016 1.2630488458247784 0.10000001354399568 ]
        }
        coordIndex [
          0, 1, 17, 16, -1,
          0, 15, 50, 49, -1,
          0, 16, 31, 15, -1,
          0, 49, 48, 1, -1,
          1, 2, 18, 17, -1,
          1, 48, 63, 2, -1,
          2, 3, 19, 18, -1,
          2, 63, 62, 3, -1,
          3, 4, 20, 19, -1,
          3, 62, 61, 4, -1,
          4, 5, 21, 20, -1,
          4, 61, 60, 5, -1,
          5, 6, 22, 21, -1,
          5, 60, 59, 6, -1,
          6, 7, 23, 22, -1,
          6, 59, 58, 7, -1,
          7, 8, 24, 23, -1,
          7, 58, 57, 8, -1,
          8, 9, 25, 24, -1,
          8, 57, 56, 9, -1,
          9, 10, 26, 25, -1,
          9, 56, 55, 10, -1,
          10, 11, 27, 26, -1,
          10, 55, 54, 11, -1,
          11, 12, 28, 27, -1,
          11, 54, 53, 12, -1,
          12, 13, 29, 28, -1,
          12, 53, 52, 13, -1,
          13, 14, 30, 29, -1,
          13, 52, 51, 14, -1,
          14, 15, 31, 30, -1,
          14, 51, 50, 15, -1,
          16, 17, 33, 32, -1,
          16, 32, 47, 31, -1,
          17, 18, 34, 33, -1,
          18, 19, 35, 34, -1,
          19, 20, 36, 35, -1,
          20, 21, 37, 36, -1,
          21, 22, 38, 37, -1,
          22, 23, 39, 38, -1,
          23, 24, 40, 39, -1,
          24, 25, 41, 40, -1,
          25, 26, 42, 41, -1,
          26, 27, 43, 42, -1,
          27, 28, 44, 43, -1,
          28, 29, 45, 44, -1,
          29, 30, 46, 45, -1,
          30, 31, 47, 46, -1,
          32, 33, 65, 64, -1,
          32, 64, 79, 47, -1,
          33, 34, 66, 65, -1,
          34, 35, 67, 66, -1,
          35, 36, 68, 67, -1,
          36, 37, 69, 68, -1,
          37, 38, 70, 69, -1,
          38, 39, 71, 70, -1,
          39, 40, 72, 71, -1,
          40, 41, 73, 72, -1,
          41, 42, 74, 73, -1,
          42, 43, 75, 74, -1,
          43, 44, 76, 75, -1,
          44, 45, 77, 76, -1,
          45, 46, 78, 77, -1,
          46, 47, 79, 78, -1,
          48, 49, 81, 80, -1,
          48, 80, 95, 63, -1,
          49, 50, 82, 81, -1,
          50, 51, 83, 82, -1,
          51, 52, 84, 83, -1,
          52, 53, 85, 84, -1,
          53, 54, 86, 85, -1,
          54, 55, 87, 86, -1,
          55, 56, 88, 87, -1,
          56, 57, 89, 88, -1,
          57, 58, 90, 89, -1,
          58, 59, 91, 90, -1,
          59, 60, 92, 91, -1,
          60, 61, 93, 92, -1,
          61, 62, 94, 93, -1,
          62, 63, 95, 94, -1,
          64, 65, 66, 67, 68, 69, 70, 71, 72, 73, 74, 75, 76, 77, 78, 79, -1,
          80, 81, 82, 83, 84, 85, 86, 87, 88, 89, 90, 91, 92, 93, 94, 95, -1,
          96, 97, 225, 224, -1,
          96, 111, 256, 241, -1,
          96, 224, 239, 111, -1,
          96, 241, 242, 97, -1,
          97, 98, 226, 225, -1,
          97, 242, 243, 98, -1,
          98, 99, 227, 226, -1,
          98, 243, 244, 99, -1,
          99, 100, 228, 227, -1,
          99, 244, 245, 100, -1,
          100, 101, 229, 228, -1,
          100, 245, 246, 101, -1,
          101, 102, 230, 229, -1,
          101, 246, 247, 102, -1,
          102, 103, 231, 230, -1,
          102, 247, 248, 103, -1,
          103, 104, 232, 231, -1,
          103, 248, 249, 104, -1,
          104, 105, 233, 232, -1,
          104, 249, 250, 105, -1,
          105, 106, 234, 233, -1,
          105, 250, 251, 106, -1,
          106, 107, 235, 234, -1,
          106, 251, 252, 107, -1,
          107, 108, 236, 235, -1,
          107, 252, 253, 108, -1,
          108, 109, 237, 236, -1,
          108, 253, 254, 109, -1,
          109, 110, 238, 237, -1,
          109, 254, 255, 110, -1,
          110, 111, 239, 238, -1,
          110, 255, 256, 111, -1,
          112, 113, 240, -1,
          112, 127, 143, 128, -1,
          112, 128, 129, 113, -1,
          112, 240, 127, -1,
          113, 114, 240, -1,
          113, 129, 130, 114, -1,
          114, 115, 240, -1,
          114, 130, 131, 115, -1,
          115, 116, 240, -1,
          115, 131, 132, 116, -1,
          116, 117, 240, -1,
          116, 132, 133, 117, -1,
          117, 118, 240, -1,
          117, 133, 134, 118, -1,
          118, 119, 240, -1,
          118, 134, 135, 119, -1,
          119, 120, 240, -1,
          119, 135, 136, 120, -1,
          120, 121, 240, -1,
          120, 136, 137, 121, -1,
          121, 122, 240, -1,
          121, 137, 138, 122, -1,
          122, 123, 240, -1,
          122, 138, 139, 123, -1,
          123, 124, 240, -1,
          123, 139, 140, 124, -1,
          124, 125, 240, -1,
          124, 140, 141, 125, -1,
          125, 126, 240, -1,
          125, 141, 142, 126, -1,
          126, 127, 240, -1,
          126, 142, 143, 127, -1,
          128, 143, 159, 144, -1,
          128, 144, 145, 129, -1,
          129, 145, 146, 130, -1,
          130, 146, 147, 131, -1,
          131, 147, 148, 132, -1,
          132, 148, 149, 133, -1,
          133, 149, 150, 134, -1,
          134, 150, 151, 135, -1,
          135, 151, 152, 136, -1,
          136, 152, 153, 137, -1,
          137, 153, 154, 138, -1,
          138, 154, 155, 139, -1,
          139, 155, 156, 140, -1,
          140, 156, 157, 141, -1,
          141, 157, 158, 142, -1,
          142, 158, 159, 143, -1,
          144, 159, 175, 160, -1,
          144, 160, 161, 145, -1,
          145, 161, 162, 146, -1,
          146, 162, 163, 147, -1,
          147, 163, 164, 148, -1,
          148, 164, 165, 149, -1,
          149, 165, 166, 150, -1,
          150, 166, 167, 151, -1,
          151, 167, 168, 152, -1,
          152, 168, 169, 153, -1,
          153, 169, 170, 154, -1,
          154, 170, 171, 155, -1,
          155, 171, 172, 156, -1,
          156, 172, 173, 157, -1,
          157, 173, 174, 158, -1,
          158, 174, 175, 159, -1,
          160, 175, 191, 176, -1,
          160, 176, 177, 161, -1,
          161, 177, 178, 162, -1,
          162, 178, 179, 163, -1,
          163, 179, 180, 164, -1,
          164, 180, 181, 165, -1,
          165, 181, 182, 166, -1,
          166, 182, 183, 167, -1,
          167, 183, 184, 168, -1,
          168, 184, 185, 169, -1,
          169, 185, 186, 170, -1,
          170, 186, 187, 171, -1,
          171, 187, 188, 172, -1,
          172, 188, 189, 173, -1,
          173, 189, 190, 174, -1,
          174, 190, 191, 175, -1,
          176, 191, 207, 192, -1,
          176, 192, 193, 177, -1,
          177, 193, 194, 178, -1,
          178, 194, 195, 179, -1,
          179, 195, 196, 180, -1,
          180, 196, 197, 181, -1,
          181, 197, 198, 182, -1,
          182, 198, 199, 183, -1,
          183, 199, 200, 184, -1,
          184, 200, 201, 185, -1,
          185, 201, 202, 186, -1,
          186, 202, 203, 187, -1,
          187, 203, 204, 188, -1,
          188, 204, 205, 189, -1,
          189, 205, 206, 190, -1,
          190, 206, 207, 191, -1,
          192, 207, 223, 208, -1,
          192, 208, 209, 193, -1,
          193, 209, 210, 194, -1,
          194, 210, 211, 195, -1,
          195, 211, 212, 196, -1,
          196, 212, 213, 197, -1,
          197, 213, 214, 198, -1,
          198, 214, 215, 199, -1,
          199, 215, 216, 200, -1,
          200, 216, 217, 201, -1,
          201, 217, 218, 202, -1,
          202, 218, 219, 203, -1,
          203, 219, 220, 204, -1,
          204, 220, 221, 205, -1,
          205, 221, 222, 206, -1,
          206, 222, 223, 207, -1,
          208, 223, 239, 224, -1,
          208, 224, 225, 209, -1,
          209, 225, 226, 210, -1,
          210, 226, 227, 211, -1,
          211, 227, 228, 212, -1,
          212, 228, 229, 213, -1,
          213, 229, 230, 214, -1,
          214, 230, 231, 215, -1,
          215, 231, 232, 216, -1,
          216, 232, 233, 217, -1,
          217, 233, 234, 218, -1,
          218, 234, 235, 219, -1,
          219, 235, 236, 220, -1,
          220, 236, 237, 221, -1,
          221, 237, 238, 222, -1,
          222, 238, 239, 223, -1,
          241, 256, 272, 257, -1,
          241, 257, 258, 242, -1,
          242, 258, 259, 243, -1,
          243, 259, 260, 244, -1,
          244, 260, 261, 245, -1,
          245, 261, 262, 246, -1,
          246, 262, 263, 247, -1,
          247, 263, 264, 248, -1,
          248, 264, 265, 249, -1,
          249, 265, 266, 250, -1,
          250, 266, 267, 251, -1,
          251, 267, 268, 252, -1,
          252, 268, 269, 253, -1,
          253, 269, 270, 254, -1,
          254, 270, 271, 255, -1,
          255, 271, 272, 256, -1,
          257, 272, 288, 273, -1,
          257, 273, 274, 258, -1,
          258, 274, 275, 259, -1,
          259, 275, 276, 260, -1,
          260, 276, 277, 261, -1,
          261, 277, 278, 262, -1,
          262, 278, 279, 263, -1,
          263, 279, 280, 264, -1,
          264, 280, 281, 265, -1,
          265, 281, 282, 266, -1,
          266, 282, 283, 267, -1,
          267, 283, 284, 268, -1,
          268, 284, 285, 269, -1,
          269, 285, 286, 270, -1,
          270, 286, 287, 271, -1,
          271, 287, 288, 272, -1,
          273, 288, 304, 289, -1,
          273, 289, 290, 274, -1,
          274, 290, 291, 275, -1,
          275, 291, 292, 276, -1,
          276, 292, 293, 277, -1,
          277, 293, 294, 278, -1,
          278, 294, 295, 279, -1,
          279, 295, 296, 280, -1,
          280, 296, 297, 281, -1,
          281, 297, 298, 282, -1,
          282, 298, 299, 283, -1,
          283, 299, 300, 284, -1,
          284, 300, 301, 285, -1,
          285, 301, 302, 286, -1,
          286, 302, 303, 287, -1,
          287, 303, 304, 288, -1,
          289, 304, 320, 305, -1,
          289, 305, 306, 290, -1,
          290, 306, 307, 291, -1,
          291, 307, 308, 292, -1,
          292, 308, 309, 293, -1,
          293, 309, 310, 294, -1,
          294, 310, 311, 295, -1,
          295, 311, 312, 296, -1,
          296, 312, 313, 297, -1,
          297, 313, 314, 298, -1,
          298, 314, 315, 299, -1,
          299, 315, 316, 300, -1,
          300, 316, 317, 301, -1,
          301, 317, 318, 302, -1,
          302, 318, 319, 303, -1,
          303, 319, 320, 304, -1,
          305, 320, 319, 318, 317, 316, 315, 314, 313, 312, 311, 310, 309, 308, 307, 306, -1,
          321, 322, 467, 466, -1,
          321, 336, 464, 449, -1,
          321, 449, 450, 322, -1,
          321, 466, 481, 336, -1,
          322, 323, 468, 467, -1,
          322, 450, 451, 323, -1,
          323, 324, 469, 468, -1,
          323, 451, 452, 324, -1,
          324, 325, 470, 469, -1,
          324, 452, 453, 325, -1,
          325, 326, 471, 470, -1,
          325, 453, 454, 326, -1,
          326, 327, 472, 471, -1,
          326, 454, 455, 327, -1,
          327, 328, 473, 472, -1,
          327, 455, 456, 328, -1,
          328, 329, 474, 473, -1,
          328, 456, 457, 329, -1,
          329, 330, 475, 474, -1,
          329, 457, 458, 330, -1,
          330, 331, 476, 475, -1,
          330, 458, 459, 331, -1,
          331, 332, 477, 476, -1,
          331, 459, 460, 332, -1,
          332, 333, 478, 477, -1,
          332, 460, 461, 333, -1,
          333, 334, 479, 478, -1,
          333, 461, 462, 334, -1,
          334, 335, 480, 479, -1,
          334, 462, 463, 335, -1,
          335, 336, 481, 480, -1,
          335, 463, 464, 336, -1,
          337, 338, 354, 353, -1,
          337, 352, 465, -1,
          337, 353, 368, 352, -1,
          337, 465, 338, -1,
          338, 339, 355, 354, -1,
          338, 465, 339, -1,
          339, 340, 356, 355, -1,
          339, 465, 340, -1,
          340, 341, 357, 356, -1,
          340, 465, 341, -1,
          341, 342, 358, 357, -1,
          341, 465, 342, -1,
          342, 343, 359, 358, -1,
          342, 465, 343, -1,
          343, 344, 360, 359, -1,
          343, 465, 344, -1,
          344, 345, 361, 360, -1,
          344, 465, 345, -1,
          345, 346, 362, 361, -1,
          345, 465, 346, -1,
          346, 347, 363, 362, -1,
          346, 465, 347, -1,
          347, 348, 364, 363, -1,
          347, 465, 348, -1,
          348, 349, 365, 364, -1,
          348, 465, 349, -1,
          349, 350, 366, 365, -1,
          349, 465, 350, -1,
          350, 351, 367, 366, -1,
          350, 465, 351, -1,
          351, 352, 368, 367, -1,
          351, 465, 352, -1,
          353, 354, 370, 369, -1,
          353, 369, 384, 368, -1,
          354, 355, 371, 370, -1,
          355, 356, 372, 371, -1,
          356, 357, 373, 372, -1,
          357, 358, 374, 373, -1,
          358, 359, 375, 374, -1,
          359, 360, 376, 375, -1,
          360, 361, 377, 376, -1,
          361, 362, 378, 377, -1,
          362, 363, 379, 378, -1,
          363, 364, 380, 379, -1,
          364, 365, 381, 380, -1,
          365, 366, 382, 381, -1,
          366, 367, 383, 382, -1,
          367, 368, 384, 383, -1,
          369, 370, 386, 385, -1,
          369, 385, 400, 384, -1,
          370, 371, 387, 386, -1,
          371, 372, 388, 387, -1,
          372, 373, 389, 388, -1,
          373, 374, 390, 389, -1,
          374, 375, 391, 390, -1,
          375, 376, 392, 391, -1,
          376, 377, 393, 392, -1,
          377, 378, 394, 393, -1,
          378, 379, 395, 394, -1,
          379, 380, 396, 395, -1,
          380, 381, 397, 396, -1,
          381, 382, 398, 397, -1,
          382, 383, 399, 398, -1,
          383, 384, 400, 399, -1,
          385, 386, 402, 401, -1,
          385, 401, 416, 400, -1,
          386, 387, 403, 402, -1,
          387, 388, 404, 403, -1,
          388, 389, 405, 404, -1,
          389, 390, 406, 405, -1,
          390, 391, 407, 406, -1,
          391, 392, 408, 407, -1,
          392, 393, 409, 408, -1,
          393, 394, 410, 409, -1,
          394, 395, 411, 410, -1,
          395, 396, 412, 411, -1,
          396, 397, 413, 412, -1,
          397, 398, 414, 413, -1,
          398, 399, 415, 414, -1,
          399, 400, 416, 415, -1,
          401, 402, 418, 417, -1,
          401, 417, 432, 416, -1,
          402, 403, 419, 418, -1,
          403, 404, 420, 419, -1,
          404, 405, 421, 420, -1,
          405, 406, 422, 421, -1,
          406, 407, 423, 422, -1,
          407, 408, 424, 423, -1,
          408, 409, 425, 424, -1,
          409, 410, 426, 425, -1,
          410, 411, 427, 426, -1,
          411, 412, 428, 427, -1,
          412, 413, 429, 428, -1,
          413, 414, 430, 429, -1,
          414, 415, 431, 430, -1,
          415, 416, 432, 431, -1,
          417, 418, 434, 433, -1,
          417, 433, 448, 432, -1,
          418, 419, 435, 434, -1,
          419, 420, 436, 435, -1,
          420, 421, 437, 436, -1,
          421, 422, 438, 437, -1,
          422, 423, 439, 438, -1,
          423, 424, 440, 439, -1,
          424, 425, 441, 440, -1,
          425, 426, 442, 441, -1,
          426, 427, 443, 442, -1,
          427, 428, 444, 443, -1,
          428, 429, 445, 444, -1,
          429, 430, 446, 445, -1,
          430, 431, 447, 446, -1,
          431, 432, 448, 447, -1,
          433, 434, 450, 449, -1,
          433, 449, 464, 448, -1,
          434, 435, 451, 450, -1,
          435, 436, 452, 451, -1,
          436, 437, 453, 452, -1,
          437, 438, 454, 453, -1,
          438, 439, 455, 454, -1,
          439, 440, 456, 455, -1,
          440, 441, 457, 456, -1,
          441, 442, 458, 457, -1,
          442, 443, 459, 458, -1,
          443, 444, 460, 459, -1,
          444, 445, 461, 460, -1,
          445, 446, 462, 461, -1,
          446, 447, 463, 462, -1,
          447, 448, 464, 463, -1,
          466, 467, 483, 482, -1,
          466, 482, 497, 481, -1,
          467, 468, 484, 483, -1,
          468, 469, 485, 484, -1,
          469, 470, 486, 485, -1,
          470, 471, 487, 486, -1,
          471, 472, 488, 487, -1,
          472, 473, 489, 488, -1,
          473, 474, 490, 489, -1,
          474, 475, 491, 490, -1,
          475, 476, 492, 491, -1,
          476, 477, 493, 492, -1,
          477, 478, 494, 493, -1,
          478, 479, 495, 494, -1,
          479, 480, 496, 495, -1,
          480, 481, 497, 496, -1,
          482, 483, 499, 498, -1,
          482, 498, 513, 497, -1,
          483, 484, 500, 499, -1,
          484, 485, 501, 500, -1,
          485, 486, 502, 501, -1,
          486, 487, 503, 502, -1,
          487, 488, 504, 503, -1,
          488, 489, 505, 504, -1,
          489, 490, 506, 505, -1,
          490, 491, 507, 506, -1,
          491, 492, 508, 507, -1,
          492, 493, 509, 508, -1,
          493, 494, 510, 509, -1,
          494, 495, 511, 510, -1,
          495, 496, 512, 511, -1,
          496, 497, 513, 512, -1,
          498, 499, 515, 514, -1,
          498, 514, 529, 513, -1,
          499, 500, 516, 515, -1,
          500, 501, 517, 516, -1,
          501, 502, 518, 517, -1,
          502, 503, 519, 518, -1,
          503, 504, 520, 519, -1,
          504, 505, 521, 520, -1,
          505, 506, 522, 521, -1,
          506, 507, 523, 522, -1,
          507, 508, 524, 523, -1,
          508, 509, 525, 524, -1,
          509, 510, 526, 525, -1,
          510, 511, 527, 526, -1,
          511, 512, 528, 527, -1,
          512, 513, 529, 528, -1,
          514, 515, 531, 530, -1,
          514, 530, 545, 529, -1,
          515, 516, 532, 531, -1,
          516, 517, 533, 532, -1,
          517, 518, 534, 533, -1,
          518, 519, 535, 534, -1,
          519, 520, 536, 535, -1,
          520, 521, 537, 536, -1,
          521, 522, 538, 537, -1,
          522, 523, 539, 538, -1,
          523, 524, 540, 539, -1,
          524, 525, 541, 540, -1,
          525, 526, 542, 541, -1,
          526, 527, 543, 542, -1,
          527, 528, 544, 543, -1,
          528, 529, 545, 544, -1,
          530, 531, 532, 533, 534, 535, 536, 537, 538, 539, 540, 541, 542, 543, 544, 545, -1 ]
        normal Normal {
          vector [
            -0.9411514802973083 1.2213134105342728e-16 0.3379850457256729,
            -0.933505767693025 -0.07463058518085623 0.35070964834093055,
            -0.9117326203156205 -0.13789934029586867 0.3869462507873369,
            -0.879146802479229 -0.18017417091146612 0.4411781588280557,
            -0.8407092095582656 -0.19501911728871993 0.5051490560773569,
            -0.8022716166373061 -0.18017417091146465 0.5691199533266512,
            -0.769685798800919 -0.13789934029586468 0.6233518613673633,
            -0.7479126514235135 -0.07463058518085817 0.6595884638137728,
            -0.7402669388192319 2.250706142270303e-16 0.6723130664290288,
            -0.7479126514235146 0.07463058518085798 0.6595884638137715,
            -0.7696857988009151 0.13789934029586517 0.623351861367368,
            -0.8022716166373046 0.1801741709114654 0.5691199533266529,
            -0.8407092095582707 0.19501911728871898 0.5051490560773488,
            -0.8791468024792302 0.1801741709114663 0.44117815882805345,
            -0.9117326203156182 0.1378993402958696 0.3869462507873422,
            -0.9335057676930255 0.07463058518085616 0.3507096483409291,
            -0.9889961093941587 1.888259682715573e-16 0.14794152764932864,
            -0.9739978674317685 -0.1463993786151662 0.17290279401866318,
            -0.9312864879239703 -0.27051077894984465 0.24398646659637752,
            -0.8673643912212072 -0.35343936537572623 0.35037070060761155,
            -0.7919631370912236 -0.38256001235898074 0.4758594607996402,
            -0.7165618829612392 -0.35343936537572684 0.6013482209916704,
            -0.6526397862584763 -0.2705107789498437 0.707732455002905,
            -0.609928406750679 -0.14639937861516708 0.7788161275806192,
            -0.594930164788289 3.7065838216268676e-16 0.8037773939499538,
            -0.6099284067506788 0.14639937861516664 0.7788161275806194,
            -0.652639786258477 0.27051077894984316 0.7077324550029049,
            -0.7165618829612399 0.3534393653757264 0.6013482209916698,
            -0.791963137091224 0.38256001235897974 0.4758594607996404,
            -0.867364391221207 0.3534393653757258 0.3503707006076124,
            -0.9312864879239701 0.27051077894984443 0.24398646659637843,
            -0.9739978674317686 0.14639937861516603 0.17290279401866307,
            -0.998856693379739 1.2627694232753034e-16 -0.04780487517496336,
            -0.9770812507424418 -0.21255232974401736 -0.011564452774608035,
            -0.9150700365771998 -0.39274549407617365 0.09163953863624849,
            -0.8222636961076151 -0.513146717182002 0.2460952269118159,
            -0.7127911533786088 -0.5554260042834471 0.4282881336564403,
            -0.6033186106496026 -0.5131467171820034 0.6104810404010645,
            -0.5105122701800172 -0.3927454940761753 0.7649367286766311,
            -0.4485010560147753 -0.21255232974401803 0.8681407200874878,
            -0.4267256133774772 3.7883082698259095e-16 0.9043811424878427,
            -0.4485010560147748 0.2125523297440177 0.868140720087488,
            -0.510512270180017 0.39274549407617526 0.7649367286766314,
            -0.6033186106496025 0.5131467171820041 0.6104810404010641,
            -0.7127911533786085 0.5554260042834473 0.42828813365644025,
            -0.8222636961076145 0.5131467171820028 0.24609522691181598,
            -0.9150700365771997 0.3927454940761741 0.09163953863624853,
            -0.9770812507424418 0.21255232974401725 -0.011564452774608085,
            -0.9703407980040992 8.449273115700498e-17 -0.24174105097969573,
            -0.9426238869834492 -0.2705476122288394 -0.19561236465389148,
            -0.8636928023699686 -0.49990680301605006 -0.06424898001200204,
            -0.7455640862839955 -0.6531597147105213 0.13235021844629258,
            -0.6062217649101413 -0.706974980747874 0.36425478493188884,
            -0.466879443536287 -0.6531597147105219 0.5961593514174852,
            -0.34875072745031355 -0.49990680301605267 0.7927585498757782,
            -0.2698196428368334 -0.270547612228841 0.9241219345176677,
            -0.24210273181618222 3.73176229276772e-16 0.9702506208434714,
            -0.26981964283683296 0.27054761222884083 0.9241219345176678,
            -0.3487507274503129 0.49990680301605306 0.7927585498757781,
            -0.46687944353628597 0.6531597147105227 0.5961593514174851,
            -0.6062217649101408 0.7069749807478743 0.36425478493188873,
            -0.7455640862839951 0.6531597147105219 0.132350218446292,
            -0.8636928023699679 0.49990680301605095 -0.06424898001200222,
            -0.9426238869834492 0.27054761222883966 -0.19561236465389162,
            -0.904528051928388 1.4133307917319462e-16 -0.42641412180488963,
            -0.8719340603078618 -0.3181532963529087 -0.3721686103029434,
            -0.7791142252052385 -0.5878706374029006 -0.21769046318648963,
            -0.6401995251009927 -0.7680900029688985 0.013502421993883344,
            -0.4763384638211026 -0.8313746283360971 0.286213024238186,
            -0.31247740254121364 -0.7680900029688972 0.558923626482488,
            -0.17356270243696864 -0.5878706374029002 0.7901165116628586,
            -0.08074286733434564 -0.31815329635290873 0.9445946587793128,
            -0.04814887571381833 3.7453265980896565e-16 0.9988401702812594,
            -0.08074286733434535 0.3181532963529088 0.9445946587793128,
            -0.17356270243696867 0.5878706374028999 0.7901165116628588,
            -0.31247740254121387 0.7680900029688964 0.5589236264824889,
            -0.4763384638211034 0.8313746283360964 0.2862130242381865,
            -0.6401995251009929 0.7680900029688983 0.013502421993882812,
            -0.7791142252052379 0.5878706374029012 -0.21769046318648982,
            -0.8719340603078615 0.31815329635290907 -0.3721686103029436,
            -0.8039342036281439 1.7720716931138716e-16 -0.5947182494566496,
            -0.767715514161788 -0.353534343920211 -0.5344402277001683,
            -0.6645734129107346 -0.653246288775377 -0.36278294482152135,
            -0.510210349804982 -0.8535074078568453 -0.10587966606183831,
            -0.3281267018977284 -0.9238297611560283 0.19715841322174182,
            -0.14604305399047438 -0.8535074078568448 0.5001964925053205,
            0.00832000911527932 -0.6532462887753767 0.7570997712650023,
            0.11146211036633294 -0.35353434392021066 0.9287570541436494,
            0.14768079983268903 3.756791989401411e-16 0.9890350759001307,
            0.11146211036633288 0.35353434392021077 0.9287570541436493,
            0.008320009115279461 0.653246288775376 0.7570997712650029,
            -0.1460430539904737 0.8535074078568444 0.5001964925053214,
            -0.32812670189772797 0.9238297611560286 0.19715841322174138,
            -0.5102103498049826 0.8535074078568451 -0.10587966606183899,
            -0.6645734129107348 0.653246288775377 -0.362782944821521,
            -0.767715514161788 0.3535343439202113 -0.5344402277001681,
            -0.6724186883705439 1.2074605100283202e-16 -0.7401709988442112,
            -0.6339675974296323 -0.3753250437578364 -0.6761776371172579,
            -0.5244681546426431 -0.6935102519335358 -0.49393996115805844,
            -0.36059065755897507 -0.906114810938443 -0.2212020051427557,
            -0.1672839695564067 -0.9807716039291879 0.10051434950105036,
            0.02602271844616111 -0.9061148109384425 0.4222307041448579,
            0.18990021552982866 -0.6935102519335352 0.6949686601601609,
            0.2993996583168172 -0.37532504375783693 0.8772063361193597,
            0.3378507492577282 3.196218997133788e-16 0.9411996978463134,
            0.2993996583168166 0.37532504375783665 0.8772063361193599,
            0.18990021552982825 0.6935102519335345 0.6949686601601616,
            0.026022718446160744 0.906114810938442 0.4222307041448587,
            -0.16728396955640798 0.9807716039291876 0.10051434950105119,
            -0.36059065755897673 0.9061148109384424 -0.2212020051427554,
            -0.5244681546426442 0.6935102519335354 -0.49393996115805794,
            -0.6339675974296325 0.37532504375783665 -0.6761776371172573,
            -0.857167300702112 1.8545931628330024e-16 0.5150380749100546,
            -0.5190413153972502 5.113905342781016e-16 -0.8547491520385921,
            -0.5375639092870408 -0.3591452288359833 -0.7629152954531607,
            -0.48796521946644456 -0.6932995542856767 -0.5303071493185308,
            -0.28934862326598454 -0.9212749655540378 -0.25986498813323405,
            0.002042126281900938 -0.999991807791792 -0.003494863309560842,
            0.3122155253509335 -0.92336297667116 0.2234329408185272,
            0.5810764487386695 -0.7061318148888339 0.40463319280931237,
            0.7624036581815451 -0.3819676306660666 0.5223422164776165,
            0.8263120029004004 0.0 0.5632126364551213,
            0.7624036581815449 0.38196763066606704 0.5223422164776164,
            0.5810764487386697 0.7061318148888337 0.4046331928093123,
            0.3122155253509349 0.9233629766711594 0.22343294081852766,
            0.0020421262819010234 0.999991807791792 -0.0034948633095610625,
            -0.28934862326598504 0.9212749655540372 -0.2598649881332351,
            -0.4879652194664441 0.693299554285677 -0.530307149318531,
            -0.537563909287041 0.3591452288359846 -0.7629152954531598,
            -0.722580770786075 2.9120849868614134e-16 -0.6912865033328813,
            -0.7167038715245629 -0.3591452288359837 -0.5977878094659105,
            -0.6085917978111144 -0.6932995542856765 -0.38594267924695497,
            -0.34674731609802256 -0.9212749655540377 -0.17612136901076134,
            0.001068005331687336 -0.999991807791792 -0.0039043199043153564,
            0.35940573969197487 -0.9233629766711603 0.13501232384282055,
            0.6660035254647074 -0.7061318148888338 0.24045199951421184,
            0.8716174971802886 -0.3819676306660661 0.3072192502635884,
            0.9439262609311322 0.0 0.33015634769692404,
            0.8716174971802884 0.38196763066606654 0.30721925026358826,
            0.6660035254647076 0.7061318148888335 0.2404519995142123,
            0.35940573969197614 0.9233629766711596 0.1350123238428217,
            0.0010680053316871735 0.999991807791792 -0.0039043199043152744,
            -0.3467473160980235 0.9212749655540372 -0.17612136901076178,
            -0.6085917978111142 0.6932995542856768 -0.38594267924695475,
            -0.7167038715245624 0.3591452288359847 -0.5977878094659106,
            0.9411514802973083 -1.2213134105342728e-16 0.3379850457256729,
            0.9335057676930252 -0.07463058518085655 0.3507096483409299,
            0.9117326203156181 -0.1378993402958681 0.38694625078734296,
            0.8791468024792307 -0.1801741709114625 0.441178158828054,
            0.84070920955827 -0.19501911728871693 0.5051490560773507,
            0.8022716166373048 -0.18017417091146445 0.5691199533266529,
            0.769685798800916 -0.1378993402958685 0.6233518613673661,
            0.7479126514235156 -0.07463058518085813 0.6595884638137703,
            0.7402669388192334 -3.83841357596486e-17 0.672313066429027,
            0.7479126514235138 0.0746305851808579 0.6595884638137725,
            0.7696857988009171 0.13789934029586848 0.6233518613673649,
            0.8022716166373054 0.18017417091146434 0.5691199533266523,
            0.8407092095582693 0.19501911728871685 0.5051490560773518,
            0.8791468024792304 0.18017417091146268 0.44117815882805445,
            0.9117326203156183 0.13789934029586834 0.38694625078734235,
            0.9335057676930244 0.07463058518085669 0.35070964834093193,
            0.9889961093941587 -1.888259682715573e-16 0.14794152764932883,
            0.9739978674317685 -0.1463993786151662 0.17290279401866357,
            0.9312864879239703 -0.2705107789498443 0.24398646659637796,
            0.8673643912212075 -0.35343936537572573 0.35037070060761144,
            0.7919631370912231 -0.38256001235897946 0.4758594607996419,
            0.7165618829612391 -0.35343936537572573 0.6013482209916711,
            0.6526397862584776 -0.2705107789498441 0.7077324550029037,
            0.6099284067506799 -0.1463993786151665 0.7788161275806185,
            0.5949301647882895 0.0 0.8037773939499535,
            0.6099284067506799 0.1463993786151661 0.7788161275806186,
            0.652639786258478 0.27051077894984377 0.7077324550029035,
            0.7165618829612393 0.3534393653757257 0.6013482209916707,
            0.7919631370912232 0.38256001235897935 0.47585946079964203,
            0.8673643912212072 0.3534393653757257 0.35037070060761194,
            0.93128648792397 0.2705107789498443 0.24398646659637852,
            0.9739978674317685 0.14639937861516608 0.17290279401866368,
            0.998856693379739 -1.9643079917615834e-16 -0.04780487517496339,
            0.9770812507424418 -0.2125523297440174 -0.011564452774608443,
            0.9150700365771999 -0.39274549407617365 0.09163953863624866,
            0.8222636961076148 -0.5131467171820024 0.24609522691181576,
            0.7127911533786079 -0.5554260042834475 0.4282881336564411,
            0.6033186106496016 -0.5131467171820044 0.6104810404010648,
            0.5105122701800174 -0.392745494076176 0.7649367286766308,
            0.44850105601477447 -0.21255232974401791 0.8681407200874882,
            0.42672561337747644 0.0 0.9043811424878432,
            0.44850105601477414 0.21255232974401767 0.8681407200874883,
            0.5105122701800171 0.39274549407617615 0.7649367286766309,
            0.6033186106496017 0.513146717182005 0.6104810404010641,
            0.7127911533786078 0.5554260042834477 0.42828813365644103,
            0.8222636961076144 0.5131467171820029 0.24609522691181607,
            0.9150700365771995 0.39274549407617415 0.09163953863624849,
            0.9770812507424418 0.2125523297440174 -0.011564452774608571,
            0.9703407980040993 -1.9714970603301164e-16 -0.24174105097969548,
            0.9426238869834491 -0.2705476122288394 -0.1956123646538917,
            0.8636928023699688 -0.4999068030160497 -0.06424898001200179,
            0.7455640862839958 -0.6531597147105209 0.1323502184462933,
            0.6062217649101411 -0.7069749807478735 0.3642547849318901,
            0.46687944353628635 -0.6531597147105223 0.5961593514174853,
            0.34875072745031377 -0.4999068030160532 0.7927585498757777,
            0.26981964283683235 -0.27054761222884016 0.9241219345176682,
            0.24210273181618042 0.0 0.9702506208434718,
            0.2698196428368321 0.27054761222884016 0.9241219345176682,
            0.3487507274503134 0.4999068030160532 0.7927585498757779,
            0.4668794435362861 0.6531597147105227 0.5961593514174851,
            0.6062217649101405 0.7069749807478741 0.3642547849318896,
            0.745564086283995 0.6531597147105218 0.13235021844629274,
            0.8636928023699683 0.49990680301605045 -0.06424898001200216,
            0.9426238869834491 0.27054761222883966 -0.1956123646538917,
            0.904528051928388 -1.9079965688381284e-16 -0.42641412180488963,
            0.8719340603078618 -0.3181532963529087 -0.3721686103029436,
            0.7791142252052385 -0.5878706374029004 -0.2176904631864897,
            0.6401995251009929 -0.7680900029688983 0.013502421993883303,
            0.47633846382110345 -0.8313746283360962 0.2862130242381873,
            0.3124774025412144 -0.7680900029688963 0.5589236264824889,
            0.1735627024369693 -0.5878706374029001 0.7901165116628585,
            0.08074286733434638 -0.3181532963529079 0.9445946587793131,
            0.04814887571382021 0.0 0.9988401702812593,
            0.08074286733434638 0.3181532963529079 0.9445946587793131,
            0.17356270243696933 0.5878706374028995 0.790116511662859,
            0.3124774025412147 0.768090002968896 0.5589236264824892,
            0.47633846382110323 0.8313746283360965 0.2862130242381866,
            0.6401995251009923 0.7680900029688987 0.01350242199388322,
            0.7791142252052382 0.587870637402901 -0.21769046318648935,
            0.8719340603078617 0.31815329635290895 -0.37216861030294346,
            0.8039342036281439 -1.7720716931138716e-16 -0.5947182494566496,
            0.7677155141617876 -0.3535343439202109 -0.5344402277001684,
            0.6645734129107345 -0.6532462887753769 -0.36278294482152185,
            0.5102103498049817 -0.8535074078568454 -0.1058796660618393,
            0.32812670189772714 -0.9238297611560288 0.19715841322174113,
            0.14604305399047274 -0.853507407856845 0.5001964925053207,
            -0.008320009115281678 -0.6532462887753768 0.7570997712650022,
            -0.11146211036633447 -0.3535343439202119 0.9287570541436486,
            -0.14768079983268886 0.0 0.9890350759001307,
            -0.11146211036633441 0.35353434392021194 0.9287570541436487,
            -0.008320009115282318 0.6532462887753766 0.7570997712650024,
            0.14604305399047207 0.8535074078568451 0.5001964925053206,
            0.3281267018977272 0.923829761156029 0.1971584132217408,
            0.5102103498049818 0.8535074078568454 -0.1058796660618388,
            0.6645734129107345 0.6532462887753773 -0.3627829448215211,
            0.7677155141617877 0.35353434392021127 -0.5344402277001684,
            0.6724186883705432 -1.7046501318046878e-16 -0.740170998844212,
            0.6339675974296315 -0.3753250437578369 -0.6761776371172582,
            0.524468154642643 -0.6935102519335355 -0.49393996115805894,
            0.36059065755897535 -0.9061148109384427 -0.22120200514275634,
            0.1672839695564065 -0.980771603929188 0.10051434950105022,
            -0.026022718446162062 -0.9061148109384424 0.42223070414485797,
            -0.18990021552982886 -0.6935102519335349 0.6949686601601611,
            -0.2993996583168165 -0.3753250437578385 0.8772063361193592,
            -0.33785074925772796 0.0 0.9411996978463135,
            -0.2993996583168163 0.3753250437578382 0.8772063361193594,
            -0.18990021552982864 0.6935102519335348 0.6949686601601613,
            -0.026022718446161358 0.9061148109384424 0.4222307041448582,
            0.16728396955640767 0.9807716039291877 0.10051434950105098,
            0.36059065755897657 0.9061148109384425 -0.22120200514275537,
            0.5244681546426435 0.6935102519335357 -0.4939399611580582,
            0.6339675974296315 0.3753250437578371 -0.6761776371172581,
            0.8571673007021126 -2.833103538992835e-18 0.5150380749100536,
            0.5190413153972502 6.747513993947175e-16 -0.8547491520385921,
            0.5375639092870406 -0.3591452288359837 -0.7629152954531606,
            0.48796521946644456 -0.6932995542856768 -0.5303071493185308,
            0.28934862326598565 -0.9212749655540371 -0.25986498813323494,
            -0.002042126281900776 -0.999991807791792 -0.003494863309561169,
            -0.3122155253509344 -0.9233629766711597 0.22343294081852716,
            -0.5810764487386691 -0.7061318148888344 0.4046331928093118,
            -0.7624036581815453 -0.38196763066606554 0.5223422164776167,
            -0.8263120029004003 -1.997191348497884e-16 0.5632126364551215,
            -0.7624036581815453 0.38196763066606537 0.5223422164776168,
            -0.5810764487386695 0.7061318148888337 0.4046331928093124,
            -0.3122155253509344 0.9233629766711596 0.22343294081852771,
            -0.0020421262819004006 0.999991807791792 -0.003494863309561275,
            0.28934862326598504 0.9212749655540373 -0.25986498813323494,
            0.4879652194664439 0.6932995542856772 -0.5303071493185307,
            0.537563909287041 0.3591452288359846 -0.7629152954531598,
            0.7225807707860751 4.474667174933391e-16 -0.6912865033328812,
            0.7167038715245628 -0.35914522883598404 -0.5977878094659104,
            0.6085917978111144 -0.6932995542856766 -0.38594267924695497,
            0.34674731609802373 -0.921274965554037 -0.17612136901076217,
            -0.0010680053316872021 -0.999991807791792 -0.003904319904315353,
            -0.3594057396919761 -0.9233629766711596 0.13501232384282136,
            -0.6660035254647071 -0.7061318148888345 0.2404519995142111,
            -0.8716174971802889 -0.38196763066606576 0.3072192502635879,
            -0.9439262609311322 -2.1398478733905892e-16 0.3301563476969238,
            -0.871617497180289 0.38196763066606554 0.3072192502635879,
            -0.6660035254647079 0.7061318148888337 0.24045199951421098,
            -0.3594057396919767 0.9233629766711596 0.13501232384282094,
            -0.0010680053316867843 0.999991807791792 -0.0039043199043157684,
            0.34674731609802323 0.9212749655540372 -0.17612136901076195,
            0.6085917978111139 0.6932995542856771 -0.3859426792469546,
            0.7167038715245624 0.3591452288359847 -0.5977878094659106,
            1.0 0.0 -1.8394570667640468e-16,
            1.0 0.0 -1.8394570667640468e-16,
            0.5862570162718878 0.8101251205042241 -1.1876055166322948e-16,
            0.5862570162718878 0.8101251205042241 -1.1876055166322948e-16,
            0.9238795325112868 0.0 0.3826834323650894,
            0.9238795325112868 0.0 0.3826834323650894,
            0.5416308581247333 0.8101251205042241 0.22435084723504212,
            0.5416308581247333 0.8101251205042241 0.22435084723504212,
            0.7071067811865479 0.0 0.7071067811865471,
            0.7071067811865479 0.0 0.7071067811865471,
            0.4145463117240428 0.8101251205042255 0.41454631172404227,
            0.4145463117240428 0.8101251205042255 0.41454631172404227,
            0.38268343236508967 0.0 0.9238795325112868,
            0.38268343236508967 0.0 0.9238795325112868,
            0.22435084723504106 0.8101251205042265 0.5416308581247303,
            0.22435084723504106 0.8101251205042265 0.5416308581247303,
            2.8299339488677637e-17 0.0 1.0,
            2.8299339488677637e-17 0.0 1.0,
            1.397182960743876e-17 0.8101251205042264 0.5862570162718845,
            1.397182960743876e-17 0.8101251205042264 0.5862570162718845,
            -0.3826834323650896 0.0 0.9238795325112868,
            -0.3826834323650896 0.0 0.9238795325112868,
            -0.22435084723504103 0.8101251205042266 0.5416308581247303,
            -0.22435084723504103 0.8101251205042266 0.5416308581247303,
            -0.7071067811865477 0.0 0.7071067811865474,
            -0.7071067811865477 0.0 0.7071067811865474,
            -0.4145463117240424 0.8101251205042258 0.41454631172404205,
            -0.4145463117240424 0.8101251205042258 0.41454631172404205,
            -0.9238795325112867 0.0 0.3826834323650897,
            -0.9238795325112867 0.0 0.3826834323650897,
            -0.5416308581247329 0.8101251205042246 0.22435084723504198,
            -0.5416308581247329 0.8101251205042246 0.22435084723504198,
            -1.0 0.0 4.244900923301646e-17,
            -1.0 0.0 4.244900923301646e-17,
            -0.5862570162718875 0.8101251205042241 2.7943659214877523e-17,
            -0.5862570162718875 0.8101251205042241 2.7943659214877523e-17,
            -0.9238795325112868 0.0 -0.3826834323650897,
            -0.9238795325112868 0.0 -0.3826834323650897,
            -0.5416308581247333 0.8101251205042241 -0.22435084723504214,
            -0.5416308581247333 0.8101251205042241 -0.22435084723504214,
            -0.7071067811865479 0.0 -0.7071067811865471,
            -0.7071067811865479 0.0 -0.7071067811865471,
            -0.4145463117240439 0.8101251205042244 -0.41454631172404355,
            -0.4145463117240439 0.8101251205042244 -0.41454631172404355,
            -0.3826834323650902 0.0 -0.9238795325112865,
            -0.3826834323650902 0.0 -0.9238795325112865,
            -0.22435084723504228 0.8101251205042245 -0.5416308581247328,
            -0.22435084723504228 0.8101251205042245 -0.5416308581247328,
            -2.829933948867764e-17 0.0 -1.0,
            -2.829933948867764e-17 0.0 -1.0,
            0.0 0.8101251205042245 -0.5862570162718873,
            0.0 0.8101251205042245 -0.5862570162718873,
            0.38268343236509 0.0 -0.9238795325112866,
            0.38268343236509 0.0 -0.9238795325112866,
            0.2243508472350424 0.8101251205042241 -0.5416308581247332,
            0.2243508472350424 0.8101251205042241 -0.5416308581247332,
            0.7071067811865475 0.0 -0.7071067811865476,
            0.7071067811865475 0.0 -0.7071067811865476,
            0.41454631172404405 0.810125120504224 -0.41454631172404405,
            0.41454631172404405 0.810125120504224 -0.41454631172404405,
            0.9238795325112865 0.0 -0.3826834323650903,
            0.9238795325112865 0.0 -0.3826834323650903,
            0.5416308581247334 0.810125120504224 -0.22435084723504267,
            0.5416308581247334 0.810125120504224 -0.22435084723504267,
            1.0 0.0 -1.8394570667640468e-16,
            1.0 0.0 -1.8394570667640468e-16,
            0.5862570162718878 -0.8101251205042241 -1.1876055166322948e-16,
            0.5862570162718878 -0.8101251205042241 -1.1876055166322948e-16,
            0.9238795325112868 0.0 0.3826834323650894,
            0.9238795325112868 0.0 0.3826834323650894,
            0.5416308581247333 -0.8101251205042241 0.22435084723504212,
            0.5416308581247333 -0.8101251205042241 0.22435084723504212,
            0.7071067811865479 0.0 0.7071067811865471,
            0.7071067811865479 0.0 0.7071067811865471,
            0.4145463117240428 -0.8101251205042255 0.41454631172404227,
            0.4145463117240428 -0.8101251205042255 0.41454631172404227,
            0.38268343236508967 0.0 0.9238795325112868,
            0.38268343236508967 0.0 0.9238795325112868,
            0.22435084723504106 -0.8101251205042265 0.5416308581247303,
            0.22435084723504106 -0.8101251205042265 0.5416308581247303,
            2.8299339488677637e-17 0.0 1.0,
            2.8299339488677637e-17 0.0 1.0,
            1.397182960743876e-17 -0.8101251205042264 0.5862570162718845,
            1.397182960743876e-17 -0.8101251205042264 0.5862570162718845,
            -0.3826834323650896 0.0 0.9238795325112868,
            -0.3826834323650896 0.0 0.9238795325112868,
            -0.22435084723504103 -0.8101251205042266 0.5416308581247303,
            -0.22435084723504103 -0.8101251205042266 0.5416308581247303,
            -0.7071067811865477 0.0 0.7071067811865474,
            -0.7071067811865477 0.0 0.7071067811865474,
            -0.4145463117240424 -0.8101251205042258 0.41454631172404205,
            -0.4145463117240424 -0.8101251205042258 0.41454631172404205,
            -0.9238795325112867 0.0 0.3826834323650897,
            -0.9238795325112867 0.0 0.3826834323650897,
            -0.5416308581247329 -0.8101251205042246 0.22435084723504198,
            -0.5416308581247329 -0.8101251205042246 0.22435084723504198,
            -1.0 0.0 4.244900923301646e-17,
            -1.0 0.0 4.244900923301646e-17,
            -0.5862570162718875 -0.8101251205042241 2.7943659214877523e-17,
            -0.5862570162718875 -0.8101251205042241 2.7943659214877523e-17,
            -0.9238795325112868 0.0 -0.3826834323650897,
            -0.9238795325112868 0.0 -0.3826834323650897,
            -0.5416308581247333 -0.8101251205042241 -0.22435084723504214,
            -0.5416308581247333 -0.8101251205042241 -0.22435084723504214,
            -0.7071067811865479 0.0 -0.7071067811865471,
            -0.7071067811865479 0.0 -0.7071067811865471,
            -0.4145463117240439 -0.8101251205042244 -0.41454631172404355,
            -0.4145463117240439 -0.8101251205042244 -0.41454631172404355,
            -0.3826834323650902 0.0 -0.9238795325112865,
            -0.3826834323650902 0.0 -0.9238795325112865,
            -0.22435084723504228 -0.8101251205042245 -0.5416308581247328,
            -0.22435084723504228 -0.8101251205042245 -0.5416308581247328,
            -2.829933948867764e-17 0.0 -1.0,
            -2.829933948867764e-17 0.0 -1.0,
            0.0 -0.8101251205042245 -0.5862570162718873,
            0.0 -0.8101251205042245 -0.5862570162718873,
            0.38268343236509 0.0 -0.9238795325112866,
            0.38268343236509 0.0 -0.9238795325112866,
            0.2243508472350424 -0.8101251205042241 -0.5416308581247332,
            0.2243508472350424 -0.8101251205042241 -0.5416308581247332,
            0.7071067811865475 0.0 -0.7071067811865476,
            0.7071067811865475 0.0 -0.7071067811865476,
            0.41454631172404405 -0.810125120504224 -0.41454631172404405,
            0.41454631172404405 -0.810125120504224 -0.41454631172404405,
            0.9238795325112865 0.0 -0.3826834323650903,
            0.9238795325112865 0.0 -0.3826834323650903,
            0.5416308581247334 -0.810125120504224 -0.22435084723504267,
            0.5416308581247334 -0.810125120504224 -0.22435084723504267,
            0.5862570162718878 -0.8101251205042241 -1.1876055166322948e-16,
            0.5862570162718878 -0.8101251205042241 -1.1876055166322948e-16,
            0.13640766957750927 -0.990652788660302 -4.164868603324899e-17,
            0.13640766957750927 -0.990652788660302 -4.164868603324899e-17,
            0.5416308581247333 -0.8101251205042241 0.22435084723504212,
            0.5416308581247333 -0.8101251205042241 0.22435084723504212,
            0.12602425400022335 -0.990652788660302 0.05220095519484428,
            0.12602425400022335 -0.990652788660302 0.05220095519484428,
            0.4145463117240428 -0.8101251205042255 0.41454631172404227,
            0.4145463117240428 -0.8101251205042255 0.41454631172404227,
            0.0964547881641108 -0.990652788660302 0.09645478816411078,
            0.0964547881641108 -0.990652788660302 0.09645478816411078,
            0.22435084723504106 -0.8101251205042265 0.5416308581247303,
            0.22435084723504106 -0.8101251205042265 0.5416308581247303,
            0.05220095519484439 -0.990652788660302 0.1260242540002235,
            0.05220095519484439 -0.990652788660302 0.1260242540002235,
            1.397182960743876e-17 -0.8101251205042264 0.5862570162718845,
            1.397182960743876e-17 -0.8101251205042264 0.5862570162718845,
            0.0 -0.990652788660302 0.1364076695775095,
            0.0 -0.990652788660302 0.1364076695775095,
            -0.22435084723504103 -0.8101251205042266 0.5416308581247303,
            -0.22435084723504103 -0.8101251205042266 0.5416308581247303,
            -0.052200955194844384 -0.990652788660302 0.1260242540002235,
            -0.052200955194844384 -0.990652788660302 0.1260242540002235,
            -0.4145463117240424 -0.8101251205042258 0.41454631172404205,
            -0.4145463117240424 -0.8101251205042258 0.41454631172404205,
            -0.0964547881641108 -0.990652788660302 0.09645478816411084,
            -0.0964547881641108 -0.990652788660302 0.09645478816411084,
            -0.5416308581247329 -0.8101251205042246 0.22435084723504198,
            -0.5416308581247329 -0.8101251205042246 0.22435084723504198,
            -0.12602425400022335 -0.990652788660302 0.05220095519484431,
            -0.12602425400022335 -0.990652788660302 0.05220095519484431,
            -0.5862570162718875 -0.8101251205042241 2.7943659214877523e-17,
            -0.5862570162718875 -0.8101251205042241 2.7943659214877523e-17,
            -0.13640766957750927 -0.990652788660302 5.206085754156124e-18,
            -0.13640766957750927 -0.990652788660302 5.206085754156124e-18,
            -0.5416308581247333 -0.8101251205042241 -0.22435084723504214,
            -0.5416308581247333 -0.8101251205042241 -0.22435084723504214,
            -0.12602425400022335 -0.990652788660302 -0.05220095519484426,
            -0.12602425400022335 -0.990652788660302 -0.05220095519484426,
            -0.4145463117240439 -0.8101251205042244 -0.41454631172404355,
            -0.4145463117240439 -0.8101251205042244 -0.41454631172404355,
            -0.09645478816411074 -0.990652788660302 -0.09645478816411071,
            -0.09645478816411074 -0.990652788660302 -0.09645478816411071,
            -0.22435084723504228 -0.8101251205042245 -0.5416308581247328,
            -0.22435084723504228 -0.8101251205042245 -0.5416308581247328,
            -0.052200955194844335 -0.990652788660302 -0.12602425400022332,
            -0.052200955194844335 -0.990652788660302 -0.12602425400022332,
            0.0 -0.8101251205042245 -0.5862570162718873,
            0.0 -0.8101251205042245 -0.5862570162718873,
            -2.255970493467653e-17 -0.990652788660302 -0.13640766957750924,
            -2.255970493467653e-17 -0.990652788660302 -0.13640766957750924,
            0.2243508472350424 -0.8101251205042241 -0.5416308581247332,
            0.2243508472350424 -0.8101251205042241 -0.5416308581247332,
            0.0522009551948443 -0.990652788660302 -0.1260242540002233,
            0.0522009551948443 -0.990652788660302 -0.1260242540002233,
            0.41454631172404405 -0.810125120504224 -0.41454631172404405,
            0.41454631172404405 -0.810125120504224 -0.41454631172404405,
            0.09645478816411067 -0.990652788660302 -0.09645478816411072,
            0.09645478816411067 -0.990652788660302 -0.09645478816411072,
            0.5416308581247334 -0.810125120504224 -0.22435084723504267,
            0.5416308581247334 -0.810125120504224 -0.22435084723504267,
            0.1260242540002233 -0.990652788660302 -0.05220095519484433,
            0.1260242540002233 -0.990652788660302 -0.05220095519484433,
            0.5416308581247333 0.8101251205042241 0.22435084723504212,
            0.5416308581247333 0.8101251205042241 0.22435084723504212,
            0.12602425400022335 0.990652788660302 0.05220095519484429,
            0.12602425400022335 0.990652788660302 0.05220095519484429,
            0.5862570162718878 0.8101251205042241 -1.1876055166322948e-16,
            0.5862570162718878 0.8101251205042241 -1.1876055166322948e-16,
            0.13640766957750927 0.990652788660302 -3.991332411519695e-17,
            0.13640766957750927 0.990652788660302 -3.991332411519695e-17,
            0.5416308581247334 0.810125120504224 -0.22435084723504267,
            0.5416308581247334 0.810125120504224 -0.22435084723504267,
            0.1260242540002233 0.990652788660302 -0.05220095519484432,
            0.1260242540002233 0.990652788660302 -0.05220095519484432,
            0.41454631172404405 0.810125120504224 -0.41454631172404405,
            0.41454631172404405 0.810125120504224 -0.41454631172404405,
            0.09645478816411068 0.990652788660302 -0.09645478816411072,
            0.09645478816411068 0.990652788660302 -0.09645478816411072,
            0.2243508472350424 0.8101251205042241 -0.5416308581247332,
            0.2243508472350424 0.8101251205042241 -0.5416308581247332,
            0.0522009551948443 0.990652788660302 -0.1260242540002233,
            0.0522009551948443 0.990652788660302 -0.1260242540002233,
            0.0 0.8101251205042245 -0.5862570162718873,
            0.0 0.8101251205042245 -0.5862570162718873,
            -2.0824343016624492e-17 0.990652788660302 -0.13640766957750924,
            -2.0824343016624492e-17 0.990652788660302 -0.13640766957750924,
            -0.22435084723504228 0.8101251205042245 -0.5416308581247328,
            -0.22435084723504228 0.8101251205042245 -0.5416308581247328,
            -0.05220095519484434 0.990652788660302 -0.1260242540002233,
            -0.05220095519484434 0.990652788660302 -0.1260242540002233,
            -0.4145463117240439 0.8101251205042244 -0.41454631172404355,
            -0.4145463117240439 0.8101251205042244 -0.41454631172404355,
            -0.09645478816411074 0.990652788660302 -0.0964547881641107,
            -0.09645478816411074 0.990652788660302 -0.0964547881641107,
            -0.5416308581247333 0.8101251205042241 -0.22435084723504214,
            -0.5416308581247333 0.8101251205042241 -0.22435084723504214,
            -0.12602425400022335 0.990652788660302 -0.052200955194844294,
            -0.12602425400022335 0.990652788660302 -0.052200955194844294,
            -0.5862570162718875 0.8101251205042241 2.7943659214877523e-17,
            -0.5862570162718875 0.8101251205042241 2.7943659214877523e-17,
            -0.13640766957750927 0.990652788660302 1.0412171508312247e-17,
            -0.13640766957750927 0.990652788660302 1.0412171508312247e-17,
            -0.5416308581247329 0.8101251205042246 0.22435084723504198,
            -0.5416308581247329 0.8101251205042246 0.22435084723504198,
            -0.12602425400022335 0.990652788660302 0.052200955194844335,
            -0.12602425400022335 0.990652788660302 0.052200955194844335,
            -0.4145463117240424 0.8101251205042258 0.41454631172404205,
            -0.4145463117240424 0.8101251205042258 0.41454631172404205,
            -0.09645478816411078 0.990652788660302 0.0964547881641108,
            -0.09645478816411078 0.990652788660302 0.0964547881641108,
            -0.22435084723504103 0.8101251205042266 0.5416308581247303,
            -0.22435084723504103 0.8101251205042266 0.5416308581247303,
            -0.052200955194844384 0.990652788660302 0.1260242540002235,
            -0.052200955194844384 0.990652788660302 0.1260242540002235,
            1.397182960743876e-17 0.8101251205042264 0.5862570162718845,
            1.397182960743876e-17 0.8101251205042264 0.5862570162718845,
            1.735361918052041e-18 0.990652788660302 0.13640766957750947,
            1.735361918052041e-18 0.990652788660302 0.13640766957750947,
            0.22435084723504106 0.8101251205042265 0.5416308581247303,
            0.22435084723504106 0.8101251205042265 0.5416308581247303,
            0.052200955194844384 0.990652788660302 0.1260242540002235,
            0.052200955194844384 0.990652788660302 0.1260242540002235,
            0.4145463117240428 0.8101251205042255 0.41454631172404227,
            0.4145463117240428 0.8101251205042255 0.41454631172404227,
            0.0964547881641108 0.990652788660302 0.0964547881641108,
            0.0964547881641108 0.990652788660302 0.0964547881641108,
            0.13640766957750927 -0.990652788660302 -4.164868603324899e-17,
            0.13640766957750927 -0.990652788660302 -4.164868603324899e-17,
            0.0 -1.0 3.472916578756555e-17,
            0.12602425400022335 -0.990652788660302 0.05220095519484428,
            0.12602425400022335 -0.990652788660302 0.05220095519484428,
            0.0 -1.0 3.472916578756555e-17,
            0.0964547881641108 -0.990652788660302 0.09645478816411078,
            0.0964547881641108 -0.990652788660302 0.09645478816411078,
            0.0 -1.0 3.472916578756555e-17,
            0.05220095519484439 -0.990652788660302 0.1260242540002235,
            0.05220095519484439 -0.990652788660302 0.1260242540002235,
            0.0 -1.0 3.472916578756555e-17,
            0.0 -0.990652788660302 0.1364076695775095,
            0.0 -0.990652788660302 0.1364076695775095,
            0.0 -1.0 3.472916578756555e-17,
            -0.052200955194844384 -0.990652788660302 0.1260242540002235,
            -0.052200955194844384 -0.990652788660302 0.1260242540002235,
            0.0 -1.0 3.472916578756555e-17,
            -0.0964547881641108 -0.990652788660302 0.09645478816411084,
            -0.0964547881641108 -0.990652788660302 0.09645478816411084,
            0.0 -1.0 3.472916578756555e-17,
            -0.12602425400022335 -0.990652788660302 0.05220095519484431,
            -0.12602425400022335 -0.990652788660302 0.05220095519484431,
            0.0 -1.0 3.472916578756555e-17,
            -0.13640766957750927 -0.990652788660302 5.206085754156124e-18,
            -0.13640766957750927 -0.990652788660302 5.206085754156124e-18,
            0.0 -1.0 3.472916578756555e-17,
            -0.12602425400022335 -0.990652788660302 -0.05220095519484426,
            -0.12602425400022335 -0.990652788660302 -0.05220095519484426,
            0.0 -1.0 3.472916578756555e-17,
            -0.09645478816411074 -0.990652788660302 -0.09645478816411071,
            -0.09645478816411074 -0.990652788660302 -0.09645478816411071,
            0.0 -1.0 3.472916578756555e-17,
            -0.052200955194844335 -0.990652788660302 -0.12602425400022332,
            -0.052200955194844335 -0.990652788660302 -0.12602425400022332,
            0.0 -1.0 3.472916578756555e-17,
            -2.255970493467653e-17 -0.990652788660302 -0.13640766957750924,
            -2.255970493467653e-17 -0.990652788660302 -0.13640766957750924,
            0.0 -1.0 3.472916578756555e-17,
            0.0522009551948443 -0.990652788660302 -0.1260242540002233,
            0.0522009551948443 -0.990652788660302 -0.1260242540002233,
            0.0 -1.0 3.472916578756555e-17,
            0.09645478816411067 -0.990652788660302 -0.09645478816411072,
            0.09645478816411067 -0.990652788660302 -0.09645478816411072,
            0.0 -1.0 3.472916578756555e-17,
            0.1260242540002233 -0.990652788660302 -0.05220095519484433,
            0.1260242540002233 -0.990652788660302 -0.05220095519484433,
            0.0 -1.0 3.472916578756555e-17,
            0.12602425400022335 0.990652788660302 0.05220095519484429,
            0.12602425400022335 0.990652788660302 0.05220095519484429,
            0.0 1.0 -6.630113468535238e-17,
            0.13640766957750927 0.990652788660302 -3.991332411519695e-17,
            0.13640766957750927 0.990652788660302 -3.991332411519695e-17,
            0.0 1.0 -6.630113468535238e-17,
            0.1260242540002233 0.990652788660302 -0.05220095519484432,
            0.1260242540002233 0.990652788660302 -0.05220095519484432,
            0.0 1.0 -6.630113468535238e-17,
            0.09645478816411068 0.990652788660302 -0.09645478816411072,
            0.09645478816411068 0.990652788660302 -0.09645478816411072,
            0.0 1.0 -6.630113468535238e-17,
            0.0522009551948443 0.990652788660302 -0.1260242540002233,
            0.0522009551948443 0.990652788660302 -0.1260242540002233,
            0.0 1.0 -6.630113468535238e-17,
            -2.0824343016624492e-17 0.990652788660302 -0.13640766957750924,
            -2.0824343016624492e-17 0.990652788660302 -0.13640766957750924,
            0.0 1.0 -6.630113468535238e-17,
            -0.05220095519484434 0.990652788660302 -0.1260242540002233,
            -0.05220095519484434 0.990652788660302 -0.1260242540002233,
            0.0 1.0 -6.630113468535238e-17,
            -0.09645478816411074 0.990652788660302 -0.0964547881641107,
            -0.09645478816411074 0.990652788660302 -0.0964547881641107,
            0.0 1.0 -6.630113468535238e-17,
            -0.12602425400022335 0.990652788660302 -0.052200955194844294,
            -0.12602425400022335 0.990652788660302 -0.052200955194844294,
            0.0 1.0 -6.630113468535238e-17,
            -0.13640766957750927 0.990652788660302 1.0412171508312247e-17,
            -0.13640766957750927 0.990652788660302 1.0412171508312247e-17,
            0.0 1.0 -6.630113468535238e-17,
            -0.12602425400022335 0.990652788660302 0.052200955194844335,
            -0.12602425400022335 0.990652788660302 0.052200955194844335,
            0.0 1.0 -6.630113468535238e-17,
            -0.09645478816411078 0.990652788660302 0.0964547881641108,
            -0.09645478816411078 0.990652788660302 0.0964547881641108,
            0.0 1.0 -6.630113468535238e-17,
            -0.052200955194844384 0.990652788660302 0.1260242540002235,
            -0.052200955194844384 0.990652788660302 0.1260242540002235,
            0.0 1.0 -6.630113468535238e-17,
            1.735361918052041e-18 0.990652788660302 0.13640766957750947,
            1.735361918052041e-18 0.990652788660302 0.13640766957750947,
            0.0 1.0 -6.630113468535238e-17,
            0.052200955194844384 0.990652788660302 0.1260242540002235,
            0.052200955194844384 0.990652788660302 0.1260242540002235,
            0.0 1.0 -6.630113468535238e-17,
            0.0964547881641108 0.990652788660302 0.0964547881641108,
            0.0964547881641108 0.990652788660302 0.0964547881641108,
            0.0 1.0 -6.630113468535238e-17,
            -0.48530632903011095 3.393413159747161e-16 -0.8743441925256424,
            -0.48530632903011095 3.393413159747161e-16 -0.8743441925256424,
            -0.40303369287238994 6.760206898203083e-16 -0.9151851410559746,
            -0.40303369287238994 6.760206898203083e-16 -0.9151851410559746,
            -0.4498195393463105 -0.3767632210884702 -0.80976037026846,
            -0.4498195393463105 -0.3767632210884702 -0.80976037026846,
            -0.4338615218604375 -0.3564645784895281 -0.8274643098836519,
            -0.4338615218604375 -0.3564645784895281 -0.8274643098836519,
            -0.34704907834994625 -0.7006901468663044 -0.6233700789265794,
            -0.34704907834994625 -0.7006901468663044 -0.6233700789265794,
            -0.41627962204471985 -0.6902001556350081 -0.5918910553739731,
            -0.41627962204471985 -0.6902001556350081 -0.5918910553739731,
            -0.18942907672791726 -0.9214265184413256 -0.3392488703048344,
            -0.18942907672791726 -0.9214265184413256 -0.3392488703048344,
            -0.2548029759016734 -0.920069743726356 -0.2975686645985575,
            -0.2548029759016734 -0.920069743726356 -0.2975686645985575,
            1.4820877039962033e-4 -0.9999999824745177 -1.1439023072510429e-4,
            1.4820877039962033e-4 -0.9999999824745177 -1.1439023072510429e-4,
            0.0025022334100394386 -0.9999916658031003 -0.003226011826098771,
            0.0025022334100394386 -0.9999916658031003 -0.003226011826098771,
            0.1907979595988422 -0.9215090484304577 0.33825613412577,
            0.1907979595988422 -0.9215090484304577 0.33825613412577,
            0.2824394616451767 -0.9221857248655951 0.2641996202868194,
            0.2824394616451767 -0.9221857248655951 0.2641996202868194,
            0.3510916508188194 -0.7010173171815856 0.6207329326987965,
            0.3510916508188194 -0.7010173171815856 0.6207329326987965,
            0.5255269840865522 -0.703083500084816 0.4790563441865447,
            0.5255269840865522 -0.703083500084816 0.4790563441865447,
            0.4566506197404054 -0.37713903049954395 0.8057520481913576,
            0.4566506197404054 -0.37713903049954395 0.8057520481913576,
            0.6885581551090044 -0.37917139073577955 0.6181559054804694,
            0.6885581551090044 -0.37917139073577955 0.6181559054804694,
            0.4933247312204399 9.897966187604865e-17 0.8698452216149035,
            0.4933247312204399 9.897966187604865e-17 0.8698452216149035,
            0.7457287883203977 0.0 0.6662496335985421,
            0.7457287883203977 0.0 0.6662496335985421,
            0.45665061974040516 0.3771390304995442 0.8057520481913575,
            0.45665061974040516 0.3771390304995442 0.8057520481913575,
            0.6885581551090043 0.37917139073578005 0.6181559054804693,
            0.6885581551090043 0.37917139073578005 0.6181559054804693,
            0.3510916508188195 0.7010173171815851 0.6207329326987968,
            0.3510916508188195 0.7010173171815851 0.6207329326987968,
            0.525526984086553 0.7030835000848157 0.47905634418654447,
            0.525526984086553 0.7030835000848157 0.47905634418654447,
            0.19079795959884296 0.921509048430457 0.33825613412577143,
            0.19079795959884296 0.921509048430457 0.33825613412577143,
            0.2824394616451785 0.9221857248655945 0.26419962028681976,
            0.2824394616451785 0.9221857248655945 0.26419962028681976,
            1.4820877039958502e-4 0.9999999824745177 -1.1439023072514681e-4,
            1.4820877039958502e-4 0.9999999824745177 -1.1439023072514681e-4,
            0.0025022334100395244 0.9999916658031003 -0.0032260118260991257,
            0.0025022334100395244 0.9999916658031003 -0.0032260118260991257,
            -0.18942907672791776 0.9214265184413252 -0.3392488703048353,
            -0.18942907672791776 0.9214265184413252 -0.3392488703048353,
            -0.2548029759016736 0.9200697437263555 -0.297568664598559,
            -0.2548029759016736 0.9200697437263555 -0.297568664598559,
            -0.34704907834994636 0.7006901468663043 -0.6233700789265794,
            -0.34704907834994636 0.7006901468663043 -0.6233700789265794,
            -0.416279622044718 0.6902001556350077 -0.5918910553739748,
            -0.416279622044718 0.6902001556350077 -0.5918910553739748,
            -0.4498195393463104 0.37676322108847066 -0.8097603702684598,
            -0.4498195393463104 0.37676322108847066 -0.8097603702684598,
            -0.43386152186043575 0.35646457848952867 -0.8274643098836524,
            -0.43386152186043575 0.35646457848952867 -0.8274643098836524,
            -0.48530632903011095 3.393413159747161e-16 -0.8743441925256424,
            -0.48530632903011095 3.393413159747161e-16 -0.8743441925256424,
            -0.596575113403968 7.0735412676474e-17 -0.8025572465980498,
            -0.596575113403968 7.0735412676474e-17 -0.8025572465980498,
            -0.4498195393463105 -0.3767632210884702 -0.80976037026846,
            -0.4498195393463105 -0.3767632210884702 -0.80976037026846,
            -0.5575589568645878 -0.3808407070402301 -0.7376234577893861,
            -0.5575589568645878 -0.3808407070402301 -0.7376234577893861,
            -0.34704907834994625 -0.7006901468663044 -0.6233700789265794,
            -0.34704907834994625 -0.7006901468663044 -0.6233700789265794,
            -0.4464503433972309 -0.7037018687631916 -0.552707672083251,
            -0.4464503433972309 -0.7037018687631916 -0.552707672083251,
            -0.18942907672791726 -0.9214265184413256 -0.3392488703048344,
            -0.18942907672791726 -0.9214265184413256 -0.3392488703048344,
            -0.2801645522002116 -0.9194308000402824 -0.2759616415876329,
            -0.2801645522002116 -0.9194308000402824 -0.2759616415876329,
            1.4820877039962033e-4 -0.9999999824745177 -1.1439023072510429e-4,
            1.4820877039962033e-4 -0.9999999824745177 -1.1439023072510429e-4,
            -0.08401708759882667 -0.9951847266721973 0.050482559263523546,
            -0.08401708759882667 -0.9951847266721973 0.050482559263523546,
            0.1907979595988422 -0.9215090484304577 0.33825613412577,
            0.1907979595988422 -0.9215090484304577 0.33825613412577,
            0.11213037700255502 -0.9194308000402814 0.3769267601146845,
            0.11213037700255502 -0.9194308000402814 0.3769267601146845,
            0.3510916508188194 -0.7010173171815856 0.6207329326987965,
            0.3510916508188194 -0.7010173171815856 0.6207329326987965,
            0.2784161681995699 -0.7037018687631904 0.653672790610304,
            0.2784161681995699 -0.7037018687631904 0.653672790610304,
            0.4566506197404054 -0.37713903049954395 0.8057520481913576,
            0.4566506197404054 -0.37713903049954395 0.8057520481913576,
            0.389524781666925 -0.3808407070402309 0.8385885763164387,
            0.389524781666925 -0.3808407070402309 0.8385885763164387,
            0.4933247312204399 9.897966187604865e-17 0.8698452216149035,
            0.4933247312204399 9.897966187604865e-17 0.8698452216149035,
            0.4285409382063036 2.687945681706012e-16 0.9035223651251036,
            0.4285409382063036 2.687945681706012e-16 0.9035223651251036,
            0.45665061974040516 0.3771390304995442 0.8057520481913575,
            0.45665061974040516 0.3771390304995442 0.8057520481913575,
            0.38952478166692445 0.3808407070402305 0.8385885763164391,
            0.38952478166692445 0.3808407070402305 0.8385885763164391,
            0.3510916508188195 0.7010173171815851 0.6207329326987968,
            0.3510916508188195 0.7010173171815851 0.6207329326987968,
            0.278416168199569 0.7037018687631899 0.6536727906103049,
            0.278416168199569 0.7037018687631899 0.6536727906103049,
            0.19079795959884296 0.921509048430457 0.33825613412577143,
            0.19079795959884296 0.921509048430457 0.33825613412577143,
            0.11213037700255225 0.919430800040281 0.37692676011468645,
            0.11213037700255225 0.919430800040281 0.37692676011468645,
            1.4820877039958502e-4 0.9999999824745177 -1.1439023072514681e-4,
            1.4820877039958502e-4 0.9999999824745177 -1.1439023072514681e-4,
            -0.08401708759883117 0.9951847266721967 0.0504825592635264,
            -0.08401708759883117 0.9951847266721967 0.0504825592635264,
            -0.18942907672791776 0.9214265184413252 -0.3392488703048353,
            -0.18942907672791776 0.9214265184413252 -0.3392488703048353,
            -0.28016455220021397 0.9194308000402818 -0.27596164158763237,
            -0.28016455220021397 0.9194308000402818 -0.27596164158763237,
            -0.34704907834994636 0.7006901468663043 -0.6233700789265794,
            -0.34704907834994636 0.7006901468663043 -0.6233700789265794,
            -0.4464503433972312 0.7037018687631915 -0.5527076720832509,
            -0.4464503433972312 0.7037018687631915 -0.5527076720832509,
            -0.4498195393463104 0.37676322108847066 -0.8097603702684598,
            -0.4498195393463104 0.37676322108847066 -0.8097603702684598,
            -0.5575589568645883 0.38084070704023043 -0.7376234577893857,
            -0.5575589568645883 0.38084070704023043 -0.7376234577893857,
            -0.8066299871365382 2.3942399431135926e-16 -0.5910567348843156,
            -0.8066299871365382 2.3942399431135926e-16 -0.5910567348843156,
            -1.0 7.357828267056185e-16 0.0,
            -1.0 7.357828267056185e-16 0.0,
            -0.7894672545975456 -0.3564645784895285 -0.49967435215397743,
            -0.7894672545975456 -0.3564645784895285 -0.49967435215397743,
            -0.9238795325112868 -0.38268343236508956 0.0,
            -0.9238795325112868 -0.38268343236508956 0.0,
            -0.6564542554554991 -0.6902001556350077 -0.30445287920428243,
            -0.6564542554554991 -0.6902001556350077 -0.30445287920428243,
            -0.7071067811865472 -0.7071067811865477 0.0,
            -0.7071067811865472 -0.7071067811865477 0.0,
            -0.3694501823900027 -0.920069743726356 -0.13030053496172397,
            -0.3694501823900027 -0.920069743726356 -0.13030053496172397,
            -0.3826834323650893 -0.923879532511287 0.0,
            -0.3826834323650893 -0.923879532511287 0.0,
            5.539917862428193e-4 -0.9999916658031003 -0.004044924899330438,
            5.539917862428193e-4 -0.9999916658031003 -0.004044924899330438,
            0.0 -1.0 0.0,
            0.0 -1.0 0.0,
            0.37669955895933255 -0.9221857248655957 0.08758385201599711,
            0.37669955895933255 -0.9221857248655957 0.08758385201599711,
            0.38268343236508784 -0.9238795325112875 0.0,
            0.38268343236508784 -0.9238795325112875 0.0,
            0.6946478906864476 -0.7030835000848158 0.15211147186637142,
            0.6946478906864476 -0.7030835000848158 0.15211147186637142,
            0.7071067811865468 -0.7071067811865482 0.0,
            0.7071067811865468 -0.7071067811865482 0.0,
            0.9053868070475789 -0.3791713907357789 0.19105964009095538,
            0.9053868070475789 -0.3791713907357789 0.19105964009095538,
            0.9238795325112864 -0.38268343236509056 0.0,
            0.9238795325112864 -0.38268343236509056 0.0,
            0.9789448918181239 0.0 0.20412471379821143,
            0.9789448918181239 0.0 0.20412471379821143,
            1.0 0.0 0.0,
            1.0 0.0 0.0,
            0.9053868070475786 0.3791713907357793 0.19105964009095536,
            0.9053868070475786 0.3791713907357793 0.19105964009095536,
            0.9238795325112863 0.38268343236509106 0.0,
            0.9238795325112863 0.38268343236509106 0.0,
            0.694647890686448 0.7030835000848151 0.1521114718663724,
            0.694647890686448 0.7030835000848151 0.1521114718663724,
            0.7071067811865481 0.7071067811865468 0.0,
            0.7071067811865481 0.7071067811865468 0.0,
            0.37669955895933416 0.9221857248655949 0.08758385201599879,
            0.37669955895933416 0.9221857248655949 0.08758385201599879,
            0.38268343236509034 0.9238795325112864 0.0,
            0.38268343236509034 0.9238795325112864 0.0,
            5.53991786242409e-4 0.9999916658031004 -0.004044924899330185,
            5.53991786242409e-4 0.9999916658031004 -0.004044924899330185,
            -7.357828267056185e-16 1.0 0.0,
            -7.357828267056185e-16 1.0 0.0,
            -0.3694501823900036 0.9200697437263555 -0.1303005349617242,
            -0.3694501823900036 0.9200697437263555 -0.1303005349617242,
            -0.38268343236509034 0.9238795325112865 0.0,
            -0.38268343236509034 0.9238795325112865 0.0,
            -0.6564542554554983 0.6902001556350078 -0.3044528792042839,
            -0.6564542554554983 0.6902001556350078 -0.3044528792042839,
            -0.707106781186547 0.7071067811865479 0.0,
            -0.707106781186547 0.7071067811865479 0.0,
            -0.789467254597543 0.35646457848952895 -0.4996743521539811,
            -0.789467254597543 0.35646457848952895 -0.4996743521539811,
            -0.9238795325112864 0.3826834323650907 0.0,
            -0.9238795325112864 0.3826834323650907 0.0,
            -1.0 7.357828267056185e-16 0.0,
            -1.0 7.357828267056185e-16 0.0,
            -0.8700221846046782 1.0422210736069166e-15 -0.49301257417605826,
            -0.8700221846046782 1.0422210736069166e-15 -0.49301257417605826,
            -0.9238795325112868 -0.38268343236508956 0.0,
            -0.9238795325112868 -0.38268343236508956 0.0,
            -0.8037956891870192 -0.33294307583829025 -0.4930125741760583,
            -0.8037956891870192 -0.33294307583829025 -0.4930125741760583,
            -0.7071067811865472 -0.7071067811865477 0.0,
            -0.7071067811865472 -0.7071067811865477 0.0,
            -0.6151985865167022 -0.6151985865167025 -0.4930125741760578,
            -0.6151985865167022 -0.6151985865167025 -0.4930125741760578,
            -0.3826834323650893 -0.923879532511287 0.0,
            -0.3826834323650893 -0.923879532511287 0.0,
            -0.332943075838291 -0.8037956891870189 -0.49301257417605815,
            -0.332943075838291 -0.8037956891870189 -0.49301257417605815,
            0.0 -1.0 0.0,
            0.0 -1.0 0.0,
            0.0 -0.8700221846046783 -0.4930125741760581,
            0.0 -0.8700221846046783 -0.4930125741760581,
            0.38268343236508784 -0.9238795325112875 0.0,
            0.38268343236508784 -0.9238795325112875 0.0,
            0.3329430758382896 -0.8037956891870196 -0.4930125741760581,
            0.3329430758382896 -0.8037956891870196 -0.4930125741760581,
            0.7071067811865468 -0.7071067811865482 0.0,
            0.7071067811865468 -0.7071067811865482 0.0,
            0.6151985865167016 -0.6151985865167028 -0.49301257417605826,
            0.6151985865167016 -0.6151985865167028 -0.49301257417605826,
            0.9238795325112864 -0.38268343236509056 0.0,
            0.9238795325112864 -0.38268343236509056 0.0,
            0.8037956891870183 -0.33294307583829297 -0.493012574176058,
            0.8037956891870183 -0.33294307583829297 -0.493012574176058,
            1.0 0.0 0.0,
            1.0 0.0 0.0,
            0.870022184604678 1.1267254849804517e-16 -0.49301257417605865,
            0.870022184604678 1.1267254849804517e-16 -0.49301257417605865,
            0.9238795325112863 0.38268343236509106 0.0,
            0.9238795325112863 0.38268343236509106 0.0,
            0.8037956891870178 0.3329430758382936 -0.4930125741760582,
            0.8037956891870178 0.3329430758382936 -0.4930125741760582,
            0.7071067811865481 0.7071067811865468 0.0,
            0.7071067811865481 0.7071067811865468 0.0,
            0.6151985865167026 0.6151985865167015 -0.4930125741760587,
            0.6151985865167026 0.6151985865167015 -0.4930125741760587,
            0.38268343236509034 0.9238795325112864 0.0,
            0.38268343236509034 0.9238795325112864 0.0,
            0.3329430758382917 0.8037956891870182 -0.4930125741760589,
            0.3329430758382917 0.8037956891870182 -0.4930125741760589,
            -7.357828267056185e-16 1.0 0.0,
            -7.357828267056185e-16 1.0 0.0,
            -3.2393357693187965e-16 0.870022184604678 -0.4930125741760586,
            -3.2393357693187965e-16 0.870022184604678 -0.4930125741760586,
            -0.38268343236509034 0.9238795325112865 0.0,
            -0.38268343236509034 0.9238795325112865 0.0,
            -0.332943075838292 0.8037956891870184 -0.4930125741760583,
            -0.332943075838292 0.8037956891870184 -0.4930125741760583,
            -0.707106781186547 0.7071067811865479 0.0,
            -0.707106781186547 0.7071067811865479 0.0,
            -0.6151985865167027 0.6151985865167021 -0.493012574176058,
            -0.6151985865167027 0.6151985865167021 -0.493012574176058,
            -0.9238795325112864 0.3826834323650907 0.0,
            -0.9238795325112864 0.3826834323650907 0.0,
            -0.8037956891870188 0.3329430758382911 -0.4930125741760582,
            -0.8037956891870188 0.3329430758382911 -0.4930125741760582,
            -0.8700221846046782 1.0422210736069166e-15 -0.49301257417605826,
            -0.8700221846046782 1.0422210736069166e-15 -0.49301257417605826,
            1.5087817563567157e-16 -1.6921578347989748e-17 -1.0,
            -0.8037956891870192 -0.33294307583829025 -0.4930125741760583,
            -0.8037956891870192 -0.33294307583829025 -0.4930125741760583,
            1.5087817563567157e-16 -1.6921578347989748e-17 -1.0,
            -0.6151985865167022 -0.6151985865167025 -0.4930125741760578,
            -0.6151985865167022 -0.6151985865167025 -0.4930125741760578,
            1.5087817563567157e-16 -1.6921578347989748e-17 -1.0,
            -0.332943075838291 -0.8037956891870189 -0.49301257417605815,
            -0.332943075838291 -0.8037956891870189 -0.49301257417605815,
            1.5087817563567157e-16 -1.6921578347989748e-17 -1.0,
            0.0 -0.8700221846046783 -0.4930125741760581,
            0.0 -0.8700221846046783 -0.4930125741760581,
            1.5087817563567157e-16 -1.6921578347989748e-17 -1.0,
            0.3329430758382896 -0.8037956891870196 -0.4930125741760581,
            0.3329430758382896 -0.8037956891870196 -0.4930125741760581,
            1.5087817563567157e-16 -1.6921578347989748e-17 -1.0,
            0.6151985865167016 -0.6151985865167028 -0.49301257417605826,
            0.6151985865167016 -0.6151985865167028 -0.49301257417605826,
            1.5087817563567157e-16 -1.6921578347989748e-17 -1.0,
            0.8037956891870183 -0.33294307583829297 -0.493012574176058,
            0.8037956891870183 -0.33294307583829297 -0.493012574176058,
            1.5087817563567157e-16 -1.6921578347989748e-17 -1.0,
            0.870022184604678 1.1267254849804517e-16 -0.49301257417605865,
            0.870022184604678 1.1267254849804517e-16 -0.49301257417605865,
            1.5087817563567157e-16 -1.6921578347989748e-17 -1.0,
            0.8037956891870178 0.3329430758382936 -0.4930125741760582,
            0.8037956891870178 0.3329430758382936 -0.4930125741760582,
            1.5087817563567157e-16 -1.6921578347989748e-17 -1.0,
            0.6151985865167026 0.6151985865167015 -0.4930125741760587,
            0.6151985865167026 0.6151985865167015 -0.4930125741760587,
            1.5087817563567157e-16 -1.6921578347989748e-17 -1.0,
            0.3329430758382917 0.8037956891870182 -0.4930125741760589,
            0.3329430758382917 0.8037956891870182 -0.4930125741760589,
            1.5087817563567157e-16 -1.6921578347989748e-17 -1.0,
            -3.2393357693187965e-16 0.870022184604678 -0.4930125741760586,
            -3.2393357693187965e-16 0.870022184604678 -0.4930125741760586,
            1.5087817563567157e-16 -1.6921578347989748e-17 -1.0,
            -0.332943075838292 0.8037956891870184 -0.4930125741760583,
            -0.332943075838292 0.8037956891870184 -0.4930125741760583,
            1.5087817563567157e-16 -1.6921578347989748e-17 -1.0,
            -0.6151985865167027 0.6151985865167021 -0.493012574176058,
            -0.6151985865167027 0.6151985865167021 -0.493012574176058,
            1.5087817563567157e-16 -1.6921578347989748e-17 -1.0,
            -0.8037956891870188 0.3329430758382911 -0.4930125741760582,
            -0.8037956891870188 0.3329430758382911 -0.4930125741760582,
            1.5087817563567157e-16 -1.6921578347989748e-17 -1.0,
            0.485306329030111 3.252020944757697e-16 -0.8743441925256424,
            0.485306329030111 3.252020944757697e-16 -0.8743441925256424,
            0.40303369287239 8.450258622753855e-16 -0.9151851410559746,
            0.40303369287239 8.450258622753855e-16 -0.9151851410559746,
            0.4498195393463104 -0.3767632210884707 -0.8097603702684598,
            0.4498195393463104 -0.3767632210884707 -0.8097603702684598,
            0.4338615218604374 -0.35646457848952845 -0.8274643098836517,
            0.4338615218604374 -0.35646457848952845 -0.8274643098836517,
            0.34704907834994647 -0.7006901468663038 -0.6233700789265797,
            0.34704907834994647 -0.7006901468663038 -0.6233700789265797,
            0.41627962204471985 -0.6902001556350083 -0.591891055373973,
            0.41627962204471985 -0.6902001556350083 -0.591891055373973,
            0.18942907672791787 -0.9214265184413252 -0.33924887030483547,
            0.18942907672791787 -0.9214265184413252 -0.33924887030483547,
            0.2548029759016744 -0.9200697437263554 -0.29756866459855835,
            0.2548029759016744 -0.9200697437263554 -0.29756866459855835,
            -1.4820877039958502e-4 -0.9999999824745177 -1.1439023072517514e-4,
            -1.4820877039958502e-4 -0.9999999824745177 -1.1439023072517514e-4,
            -0.002502233410039397 -0.9999916658031003 -0.003226011826099211,
            -0.002502233410039397 -0.9999916658031003 -0.003226011826099211,
            -0.190797959598843 -0.921509048430457 0.33825613412577143,
            -0.190797959598843 -0.921509048430457 0.33825613412577143,
            -0.2824394616451778 -0.9221857248655947 0.2641996202868198,
            -0.2824394616451778 -0.9221857248655947 0.2641996202868198,
            -0.35109165081881927 -0.7010173171815858 0.6207329326987961,
            -0.35109165081881927 -0.7010173171815858 0.6207329326987961,
            -0.5255269840865522 -0.7030835000848161 0.47905634418654464,
            -0.5255269840865522 -0.7030835000848161 0.47905634418654464,
            -0.45665061974040505 -0.377139030499545 0.8057520481913572,
            -0.45665061974040505 -0.377139030499545 0.8057520481913572,
            -0.6885581551090053 -0.3791713907357787 0.618155905480469,
            -0.6885581551090053 -0.3791713907357787 0.618155905480469,
            -0.49332473122043996 -8.483971017947027e-17 0.8698452216149035,
            -0.49332473122043996 -8.483971017947027e-17 0.8698452216149035,
            -0.7457287883203989 -1.838669021102139e-16 0.6662496335985407,
            -0.7457287883203989 -1.838669021102139e-16 0.6662496335985407,
            -0.45665061974040516 0.37713903049954467 0.8057520481913574,
            -0.45665061974040516 0.37713903049954467 0.8057520481913574,
            -0.6885581551090053 0.37917139073577855 0.618155905480469,
            -0.6885581551090053 0.37917139073577855 0.618155905480469,
            -0.35109165081881927 0.7010173171815859 0.6207329326987961,
            -0.35109165081881927 0.7010173171815859 0.6207329326987961,
            -0.5255269840865519 0.7030835000848159 0.4790563441865453,
            -0.5255269840865519 0.7030835000848159 0.4790563441865453,
            -0.1907979595988428 0.9215090484304572 0.3382561341257711,
            -0.1907979595988428 0.9215090484304572 0.3382561341257711,
            -0.28243946164517725 0.9221857248655947 0.26419962028682065,
            -0.28243946164517725 0.9221857248655947 0.26419962028682065,
            -1.482087703996275e-4 0.9999999824745177 -1.1439023072509018e-4,
            -1.482087703996275e-4 0.9999999824745177 -1.1439023072509018e-4,
            -0.002502233410039142 0.9999916658031003 -0.003226011826099069,
            -0.002502233410039142 0.9999916658031003 -0.003226011826099069,
            0.1894290767279176 0.9214265184413254 -0.33924887030483497,
            0.1894290767279176 0.9214265184413254 -0.33924887030483497,
            0.2548029759016736 0.9200697437263556 -0.29756866459855863,
            0.2548029759016736 0.9200697437263556 -0.29756866459855863,
            0.34704907834994647 0.700690146866304 -0.6233700789265795,
            0.34704907834994647 0.700690146866304 -0.6233700789265795,
            0.41627962204471786 0.6902001556350081 -0.5918910553739746,
            0.41627962204471786 0.6902001556350081 -0.5918910553739746,
            0.4498195393463105 0.3767632210884707 -0.8097603702684598,
            0.4498195393463105 0.3767632210884707 -0.8097603702684598,
            0.43386152186043575 0.35646457848952867 -0.8274643098836524,
            0.43386152186043575 0.35646457848952867 -0.8274643098836524,
            0.485306329030111 3.252020944757697e-16 -0.8743441925256424,
            0.485306329030111 3.252020944757697e-16 -0.8743441925256424,
            0.5965751134039656 -1.697649904235376e-16 -0.8025572465980515,
            0.5965751134039656 -1.697649904235376e-16 -0.8025572465980515,
            0.4498195393463104 -0.3767632210884707 -0.8097603702684598,
            0.4498195393463104 -0.3767632210884707 -0.8097603702684598,
            0.5575589568645862 -0.38084070704023104 -0.7376234577893871,
            0.5575589568645862 -0.38084070704023104 -0.7376234577893871,
            0.34704907834994647 -0.7006901468663038 -0.6233700789265797,
            0.34704907834994647 -0.7006901468663038 -0.6233700789265797,
            0.4464503433972304 -0.7037018687631915 -0.5527076720832518,
            0.4464503433972304 -0.7037018687631915 -0.5527076720832518,
            0.18942907672791787 -0.9214265184413252 -0.33924887030483547,
            0.18942907672791787 -0.9214265184413252 -0.33924887030483547,
            0.2801645522002125 -0.919430800040282 -0.2759616415876333,
            0.2801645522002125 -0.919430800040282 -0.2759616415876333,
            -1.4820877039958502e-4 -0.9999999824745177 -1.1439023072517514e-4,
            -1.4820877039958502e-4 -0.9999999824745177 -1.1439023072517514e-4,
            0.08401708759882823 -0.9951847266721972 0.05048255926352452,
            0.08401708759882823 -0.9951847266721972 0.05048255926352452,
            -0.190797959598843 -0.921509048430457 0.33825613412577143,
            -0.190797959598843 -0.921509048430457 0.33825613412577143,
            -0.11213037700255496 -0.9194308000402812 0.376926760114685,
            -0.11213037700255496 -0.9194308000402812 0.376926760114685,
            -0.35109165081881927 -0.7010173171815858 0.6207329326987961,
            -0.35109165081881927 -0.7010173171815858 0.6207329326987961,
            -0.27841616819957005 -0.7037018687631904 0.6536727906103039,
            -0.27841616819957005 -0.7037018687631904 0.6536727906103039,
            -0.45665061974040505 -0.377139030499545 0.8057520481913572,
            -0.45665061974040505 -0.377139030499545 0.8057520481913572,
            -0.3895247816669242 -0.3808407070402324 0.8385885763164385,
            -0.3895247816669242 -0.3808407070402324 0.8385885763164385,
            -0.49332473122043996 -8.483971017947027e-17 0.8698452216149035,
            -0.49332473122043996 -8.483971017947027e-17 0.8698452216149035,
            -0.4285409382063034 0.0 0.9035223651251038,
            -0.4285409382063034 0.0 0.9035223651251038,
            -0.45665061974040516 0.37713903049954467 0.8057520481913574,
            -0.45665061974040516 0.37713903049954467 0.8057520481913574,
            -0.389524781666924 0.380840707040232 0.8385885763164387,
            -0.389524781666924 0.380840707040232 0.8385885763164387,
            -0.35109165081881927 0.7010173171815859 0.6207329326987961,
            -0.35109165081881927 0.7010173171815859 0.6207329326987961,
            -0.2784161681995686 0.7037018687631903 0.6536727906103047,
            -0.2784161681995686 0.7037018687631903 0.6536727906103047,
            -0.1907979595988428 0.9215090484304572 0.3382561341257711,
            -0.1907979595988428 0.9215090484304572 0.3382561341257711,
            -0.11213037700255199 0.9194308000402811 0.3769267601146862,
            -0.11213037700255199 0.9194308000402811 0.3769267601146862,
            -1.482087703996275e-4 0.9999999824745177 -1.1439023072509018e-4,
            -1.482087703996275e-4 0.9999999824745177 -1.1439023072509018e-4,
            0.08401708759883107 0.9951847266721967 0.05048255926352639,
            0.08401708759883107 0.9951847266721967 0.05048255926352639,
            0.1894290767279176 0.9214265184413254 -0.33924887030483497,
            0.1894290767279176 0.9214265184413254 -0.33924887030483497,
            0.2801645522002142 0.9194308000402818 -0.2759616415876321,
            0.2801645522002142 0.9194308000402818 -0.2759616415876321,
            0.34704907834994647 0.700690146866304 -0.6233700789265795,
            0.34704907834994647 0.700690146866304 -0.6233700789265795,
            0.44645034339723116 0.7037018687631914 -0.552707672083251,
            0.44645034339723116 0.7037018687631914 -0.552707672083251,
            0.4498195393463105 0.3767632210884707 -0.8097603702684598,
            0.4498195393463105 0.3767632210884707 -0.8097603702684598,
            0.5575589568645866 0.38084070704023104 -0.7376234577893866,
            0.5575589568645866 0.38084070704023104 -0.7376234577893866,
            0.8066299871365382 3.9434540239517994e-16 -0.5910567348843156,
            0.8066299871365382 3.9434540239517994e-16 -0.5910567348843156,
            1.0 9.197285333820231e-16 0.0,
            1.0 9.197285333820231e-16 0.0,
            0.7894672545975454 -0.3564645784895288 -0.4996743521539774,
            0.7894672545975454 -0.3564645784895288 -0.4996743521539774,
            0.9238795325112866 -0.38268343236508984 0.0,
            0.9238795325112866 -0.38268343236508984 0.0,
            0.6564542554554991 -0.6902001556350078 -0.3044528792042824,
            0.6564542554554991 -0.6902001556350078 -0.3044528792042824,
            0.7071067811865472 -0.7071067811865478 0.0,
            0.7071067811865472 -0.7071067811865478 0.0,
            0.3694501823900038 -0.9200697437263554 -0.1303005349617248,
            0.3694501823900038 -0.9200697437263554 -0.1303005349617248,
            0.3826834323650903 -0.9238795325112866 0.0,
            0.3826834323650903 -0.9238795325112866 0.0,
            -5.539917862428338e-4 -0.9999916658031004 -0.0040449248993302146,
            -5.539917862428338e-4 -0.9999916658031004 -0.0040449248993302146,
            -3.678914133528093e-16 -1.0 0.0,
            -3.678914133528093e-16 -1.0 0.0,
            -0.37669955895933444 -0.9221857248655947 0.08758385201599925,
            -0.37669955895933444 -0.9221857248655947 0.08758385201599925,
            -0.38268343236509106 -0.9238795325112862 0.0,
            -0.38268343236509106 -0.9238795325112862 0.0,
            -0.6946478906864472 -0.7030835000848163 0.15211147186637106,
            -0.6946478906864472 -0.7030835000848163 0.15211147186637106,
            -0.7071067811865481 -0.7071067811865468 0.0,
            -0.7071067811865481 -0.7071067811865468 0.0,
            -0.9053868070475793 -0.3791713907357791 0.19105964009095308,
            -0.9053868070475793 -0.3791713907357791 0.19105964009095308,
            -0.9238795325112863 -0.38268343236509106 0.0,
            -0.9238795325112863 -0.38268343236509106 0.0,
            -0.9789448918181244 -2.1215411781947763e-16 0.204124713798209,
            -0.9789448918181244 -2.1215411781947763e-16 0.204124713798209,
            -1.0 -1.8394570667640473e-16 0.0,
            -1.0 -1.8394570667640473e-16 0.0,
            -0.9053868070475793 0.379171390735779 0.19105964009095308,
            -0.9053868070475793 0.379171390735779 0.19105964009095308,
            -0.9238795325112863 0.38268343236509084 0.0,
            -0.9238795325112863 0.38268343236509084 0.0,
            -0.6946478906864479 0.7030835000848159 0.15211147186637033,
            -0.6946478906864479 0.7030835000848159 0.15211147186637033,
            -0.7071067811865479 0.7071067811865471 0.0,
            -0.7071067811865479 0.7071067811865471 0.0,
            -0.3766995589593349 0.9221857248655947 0.08758385201599805,
            -0.3766995589593349 0.9221857248655947 0.08758385201599805,
            -0.3826834323650907 0.9238795325112864 0.0,
            -0.3826834323650907 0.9238795325112864 0.0,
            -5.53991786242494e-4 0.9999916658031004 -0.004044924899330692,
            -5.53991786242494e-4 0.9999916658031004 -0.004044924899330692,
            -3.537417436084705e-16 1.0 0.0,
            -3.537417436084705e-16 1.0 0.0,
            0.36945018239000316 0.9200697437263556 -0.13030053496172458,
            0.36945018239000316 0.9200697437263556 -0.13030053496172458,
            0.38268343236508967 0.9238795325112868 0.0,
            0.38268343236508967 0.9238795325112868 0.0,
            0.6564542554554981 0.6902001556350083 -0.3044528792042838,
            0.6564542554554981 0.6902001556350083 -0.3044528792042838,
            0.7071067811865468 0.7071067811865481 0.0,
            0.7071067811865468 0.7071067811865481 0.0,
            0.789467254597543 0.35646457848952895 -0.4996743521539811,
            0.789467254597543 0.35646457848952895 -0.4996743521539811,
            0.9238795325112864 0.3826834323650907 0.0,
            0.9238795325112864 0.3826834323650907 0.0,
            1.0 9.197285333820231e-16 0.0,
            1.0 9.197285333820231e-16 0.0,
            0.8700221846046781 9.295485251088716e-16 -0.49301257417605837,
            0.8700221846046781 9.295485251088716e-16 -0.49301257417605837,
            0.9238795325112866 -0.38268343236508984 0.0,
            0.9238795325112866 -0.38268343236508984 0.0,
            0.8037956891870189 -0.3329430758382905 -0.4930125741760585,
            0.8037956891870189 -0.3329430758382905 -0.4930125741760585,
            0.7071067811865472 -0.7071067811865478 0.0,
            0.7071067811865472 -0.7071067811865478 0.0,
            0.6151985865167021 -0.6151985865167025 -0.4930125741760581,
            0.6151985865167021 -0.6151985865167025 -0.4930125741760581,
            0.3826834323650903 -0.9238795325112866 0.0,
            0.3826834323650903 -0.9238795325112866 0.0,
            0.33294307583829114 -0.8037956891870187 -0.49301257417605837,
            0.33294307583829114 -0.8037956891870187 -0.49301257417605837,
            -3.678914133528093e-16 -1.0 0.0,
            -3.678914133528093e-16 -1.0 0.0,
            -3.9435391974315776e-16 -0.8700221846046783 -0.4930125741760582,
            -3.9435391974315776e-16 -0.8700221846046783 -0.4930125741760582,
            -0.38268343236509106 -0.9238795325112862 0.0,
            -0.38268343236509106 -0.9238795325112862 0.0,
            -0.332943075838293 -0.803795689187018 -0.49301257417605826,
            -0.332943075838293 -0.803795689187018 -0.49301257417605826,
            -0.7071067811865481 -0.7071067811865468 0.0,
            -0.7071067811865481 -0.7071067811865468 0.0,
            -0.6151985865167039 -0.6151985865167008 -0.49301257417605804,
            -0.6151985865167039 -0.6151985865167008 -0.49301257417605804,
            -0.9238795325112863 -0.38268343236509106 0.0,
            -0.9238795325112863 -0.38268343236509106 0.0,
            -0.803795689187018 -0.3329430758382933 -0.4930125741760581,
            -0.803795689187018 -0.3329430758382933 -0.4930125741760581,
            -1.0 -1.8394570667640473e-16 0.0,
            -1.0 -1.8394570667640473e-16 0.0,
            -0.8700221846046778 -2.253450969960904e-16 -0.49301257417605876,
            -0.8700221846046778 -2.253450969960904e-16 -0.49301257417605876,
            -0.9238795325112863 0.38268343236509084 0.0,
            -0.9238795325112863 0.38268343236509084 0.0,
            -0.8037956891870179 0.3329430758382934 -0.49301257417605826,
            -0.8037956891870179 0.3329430758382934 -0.49301257417605826,
            -0.7071067811865479 0.7071067811865471 0.0,
            -0.7071067811865479 0.7071067811865471 0.0,
            -0.6151985865167036 0.6151985865167009 -0.49301257417605826,
            -0.6151985865167036 0.6151985865167009 -0.49301257417605826,
            -0.3826834323650907 0.9238795325112864 0.0,
            -0.3826834323650907 0.9238795325112864 0.0,
            -0.33294307583829325 0.8037956891870179 -0.4930125741760584,
            -0.33294307583829325 0.8037956891870179 -0.4930125741760584,
            -3.537417436084705e-16 1.0 0.0,
            -3.537417436084705e-16 1.0 0.0,
            -5.351946053657141e-16 0.8700221846046781 -0.4930125741760583,
            -5.351946053657141e-16 0.8700221846046781 -0.4930125741760583,
            0.38268343236508967 0.9238795325112868 0.0,
            0.38268343236508967 0.9238795325112868 0.0,
            0.33294307583829086 0.8037956891870188 -0.4930125741760584,
            0.33294307583829086 0.8037956891870188 -0.4930125741760584,
            0.7071067811865468 0.7071067811865481 0.0,
            0.7071067811865468 0.7071067811865481 0.0,
            0.615198586516702 0.6151985865167025 -0.49301257417605826,
            0.615198586516702 0.6151985865167025 -0.49301257417605826,
            0.9238795325112864 0.3826834323650907 0.0,
            0.9238795325112864 0.3826834323650907 0.0,
            0.8037956891870188 0.33294307583829097 -0.4930125741760583,
            0.8037956891870188 0.33294307583829097 -0.4930125741760583,
            0.8700221846046781 9.295485251088716e-16 -0.49301257417605837,
            0.8700221846046781 9.295485251088716e-16 -0.49301257417605837,
            -1.0058545042378117e-16 -1.692157834798977e-17 -1.0,
            0.8037956891870189 -0.3329430758382905 -0.4930125741760585,
            0.8037956891870189 -0.3329430758382905 -0.4930125741760585,
            -1.0058545042378117e-16 -1.692157834798977e-17 -1.0,
            0.6151985865167021 -0.6151985865167025 -0.4930125741760581,
            0.6151985865167021 -0.6151985865167025 -0.4930125741760581,
            -1.0058545042378117e-16 -1.692157834798977e-17 -1.0,
            0.33294307583829114 -0.8037956891870187 -0.49301257417605837,
            0.33294307583829114 -0.8037956891870187 -0.49301257417605837,
            -1.0058545042378117e-16 -1.692157834798977e-17 -1.0,
            -3.9435391974315776e-16 -0.8700221846046783 -0.4930125741760582,
            -3.9435391974315776e-16 -0.8700221846046783 -0.4930125741760582,
            -1.0058545042378117e-16 -1.692157834798977e-17 -1.0,
            -0.332943075838293 -0.803795689187018 -0.49301257417605826,
            -0.332943075838293 -0.803795689187018 -0.49301257417605826,
            -1.0058545042378117e-16 -1.692157834798977e-17 -1.0,
            -0.6151985865167039 -0.6151985865167008 -0.49301257417605804,
            -0.6151985865167039 -0.6151985865167008 -0.49301257417605804,
            -1.0058545042378117e-16 -1.692157834798977e-17 -1.0,
            -0.803795689187018 -0.3329430758382933 -0.4930125741760581,
            -0.803795689187018 -0.3329430758382933 -0.4930125741760581,
            -1.0058545042378117e-16 -1.692157834798977e-17 -1.0,
            -0.8700221846046778 -2.253450969960904e-16 -0.49301257417605876,
            -0.8700221846046778 -2.253450969960904e-16 -0.49301257417605876,
            -1.0058545042378117e-16 -1.692157834798977e-17 -1.0,
            -0.8037956891870179 0.3329430758382934 -0.49301257417605826,
            -0.8037956891870179 0.3329430758382934 -0.49301257417605826,
            -1.0058545042378117e-16 -1.692157834798977e-17 -1.0,
            -0.6151985865167036 0.6151985865167009 -0.49301257417605826,
            -0.6151985865167036 0.6151985865167009 -0.49301257417605826,
            -1.0058545042378117e-16 -1.692157834798977e-17 -1.0,
            -0.33294307583829325 0.8037956891870179 -0.4930125741760584,
            -0.33294307583829325 0.8037956891870179 -0.4930125741760584,
            -1.0058545042378117e-16 -1.692157834798977e-17 -1.0,
            -5.351946053657141e-16 0.8700221846046781 -0.4930125741760583,
            -5.351946053657141e-16 0.8700221846046781 -0.4930125741760583,
            -1.0058545042378117e-16 -1.692157834798977e-17 -1.0,
            0.33294307583829086 0.8037956891870188 -0.4930125741760584,
            0.33294307583829086 0.8037956891870188 -0.4930125741760584,
            -1.0058545042378117e-16 -1.692157834798977e-17 -1.0,
            0.615198586516702 0.6151985865167025 -0.49301257417605826,
            0.615198586516702 0.6151985865167025 -0.49301257417605826,
            -1.0058545042378117e-16 -1.692157834798977e-17 -1.0,
            0.8037956891870188 0.33294307583829097 -0.4930125741760583,
            0.8037956891870188 0.33294307583829097 -0.4930125741760583,
            -1.0058545042378117e-16 -1.692157834798977e-17 -1.0 ]
        }
        normalIndex [
          291, 295, 359, 355, -1,
          293, 352, 490, 487, -1,
          290, 354, 414, 350, -1,
          292, 486, 482, 296, -1,
          294, 299, 363, 358, -1,
          297, 483, 543, 301, -1,
          298, 303, 367, 362, -1,
          300, 542, 539, 305, -1,
          302, 307, 371, 366, -1,
          304, 538, 535, 309, -1,
          306, 311, 375, 370, -1,
          308, 534, 531, 313, -1,
          310, 315, 379, 374, -1,
          312, 530, 527, 317, -1,
          314, 319, 383, 378, -1,
          316, 526, 523, 321, -1,
          318, 323, 387, 382, -1,
          320, 522, 519, 325, -1,
          322, 327, 391, 386, -1,
          324, 518, 515, 329, -1,
          326, 331, 395, 390, -1,
          328, 514, 511, 333, -1,
          330, 335, 399, 394, -1,
          332, 510, 507, 337, -1,
          334, 339, 403, 398, -1,
          336, 506, 503, 341, -1,
          338, 343, 407, 402, -1,
          340, 502, 499, 345, -1,
          342, 347, 411, 406, -1,
          344, 498, 495, 349, -1,
          346, 351, 415, 410, -1,
          348, 494, 491, 353, -1,
          356, 360, 422, 418, -1,
          357, 419, 479, 417, -1,
          361, 364, 426, 423, -1,
          365, 368, 430, 427, -1,
          369, 372, 434, 431, -1,
          373, 376, 438, 435, -1,
          377, 380, 442, 439, -1,
          381, 384, 446, 443, -1,
          385, 388, 450, 447, -1,
          389, 392, 454, 451, -1,
          393, 396, 458, 455, -1,
          397, 400, 462, 459, -1,
          401, 404, 466, 463, -1,
          405, 408, 470, 467, -1,
          409, 412, 474, 471, -1,
          413, 416, 478, 475, -1,
          420, 424, 549, 546, -1,
          421, 547, 592, 481, -1,
          425, 428, 552, 550, -1,
          429, 432, 555, 553, -1,
          433, 436, 558, 556, -1,
          437, 440, 561, 559, -1,
          441, 444, 564, 562, -1,
          445, 448, 567, 565, -1,
          449, 452, 570, 568, -1,
          453, 456, 573, 571, -1,
          457, 460, 576, 574, -1,
          461, 464, 579, 577, -1,
          465, 468, 582, 580, -1,
          469, 472, 585, 583, -1,
          473, 476, 588, 586, -1,
          477, 480, 591, 589, -1,
          484, 488, 597, 594, -1,
          485, 595, 640, 545, -1,
          489, 492, 600, 598, -1,
          493, 496, 603, 601, -1,
          497, 500, 606, 604, -1,
          501, 504, 609, 607, -1,
          505, 508, 612, 610, -1,
          509, 512, 615, 613, -1,
          513, 516, 618, 616, -1,
          517, 520, 621, 619, -1,
          521, 524, 624, 622, -1,
          525, 528, 627, 625, -1,
          529, 532, 630, 628, -1,
          533, 536, 633, 631, -1,
          537, 540, 636, 634, -1,
          541, 544, 639, 637, -1,
          548, 551, 554, 557, 560, 563, 566, 569, 572, 575, 578, 581, 584, 587, 590, 593, -1,
          596, 599, 602, 605, 608, 611, 614, 617, 620, 623, 626, 629, 632, 635, 638, 641, -1,
          643, 647, 711, 707, -1,
          645, 705, 128, 113, -1,
          642, 706, 766, 702, -1,
          644, 113, 114, 648, -1,
          646, 651, 715, 710, -1,
          649, 114, 115, 652, -1,
          650, 655, 719, 714, -1,
          653, 115, 116, 656, -1,
          654, 659, 723, 718, -1,
          657, 116, 117, 660, -1,
          658, 663, 727, 722, -1,
          661, 117, 118, 664, -1,
          662, 667, 731, 726, -1,
          665, 118, 119, 668, -1,
          666, 671, 735, 730, -1,
          669, 119, 120, 672, -1,
          670, 675, 739, 734, -1,
          673, 120, 121, 676, -1,
          674, 679, 743, 738, -1,
          677, 121, 122, 680, -1,
          678, 683, 747, 742, -1,
          681, 122, 123, 684, -1,
          682, 687, 751, 746, -1,
          685, 123, 124, 688, -1,
          686, 691, 755, 750, -1,
          689, 124, 125, 692, -1,
          690, 695, 759, 754, -1,
          693, 125, 126, 696, -1,
          694, 699, 763, 758, -1,
          697, 126, 127, 700, -1,
          698, 703, 767, 762, -1,
          701, 127, 128, 704, -1,
          0, 1, 112, -1,
          0, 15, 31, 16, -1,
          0, 16, 17, 1, -1,
          0, 112, 15, -1,
          1, 2, 112, -1,
          1, 17, 18, 2, -1,
          2, 3, 112, -1,
          2, 18, 19, 3, -1,
          3, 4, 112, -1,
          3, 19, 20, 4, -1,
          4, 5, 112, -1,
          4, 20, 21, 5, -1,
          5, 6, 112, -1,
          5, 21, 22, 6, -1,
          6, 7, 112, -1,
          6, 22, 23, 7, -1,
          7, 8, 112, -1,
          7, 23, 24, 8, -1,
          8, 9, 112, -1,
          8, 24, 25, 9, -1,
          9, 10, 112, -1,
          9, 25, 26, 10, -1,
          10, 11, 112, -1,
          10, 26, 27, 11, -1,
          11, 12, 112, -1,
          11, 27, 28, 12, -1,
          12, 13, 112, -1,
          12, 28, 29, 13, -1,
          13, 14, 112, -1,
          13, 29, 30, 14, -1,
          14, 15, 112, -1,
          14, 30, 31, 15, -1,
          16, 31, 47, 32, -1,
          16, 32, 33, 17, -1,
          17, 33, 34, 18, -1,
          18, 34, 35, 19, -1,
          19, 35, 36, 20, -1,
          20, 36, 37, 21, -1,
          21, 37, 38, 22, -1,
          22, 38, 39, 23, -1,
          23, 39, 40, 24, -1,
          24, 40, 41, 25, -1,
          25, 41, 42, 26, -1,
          26, 42, 43, 27, -1,
          27, 43, 44, 28, -1,
          28, 44, 45, 29, -1,
          29, 45, 46, 30, -1,
          30, 46, 47, 31, -1,
          32, 47, 63, 48, -1,
          32, 48, 49, 33, -1,
          33, 49, 50, 34, -1,
          34, 50, 51, 35, -1,
          35, 51, 52, 36, -1,
          36, 52, 53, 37, -1,
          37, 53, 54, 38, -1,
          38, 54, 55, 39, -1,
          39, 55, 56, 40, -1,
          40, 56, 57, 41, -1,
          41, 57, 58, 42, -1,
          42, 58, 59, 43, -1,
          43, 59, 60, 44, -1,
          44, 60, 61, 45, -1,
          45, 61, 62, 46, -1,
          46, 62, 63, 47, -1,
          48, 63, 79, 64, -1,
          48, 64, 65, 49, -1,
          49, 65, 66, 50, -1,
          50, 66, 67, 51, -1,
          51, 67, 68, 52, -1,
          52, 68, 69, 53, -1,
          53, 69, 70, 54, -1,
          54, 70, 71, 55, -1,
          55, 71, 72, 56, -1,
          56, 72, 73, 57, -1,
          57, 73, 74, 58, -1,
          58, 74, 75, 59, -1,
          59, 75, 76, 60, -1,
          60, 76, 77, 61, -1,
          61, 77, 78, 62, -1,
          62, 78, 79, 63, -1,
          64, 79, 95, 80, -1,
          64, 80, 81, 65, -1,
          65, 81, 82, 66, -1,
          66, 82, 83, 67, -1,
          67, 83, 84, 68, -1,
          68, 84, 85, 69, -1,
          69, 85, 86, 70, -1,
          70, 86, 87, 71, -1,
          71, 87, 88, 72, -1,
          72, 88, 89, 73, -1,
          73, 89, 90, 74, -1,
          74, 90, 91, 75, -1,
          75, 91, 92, 76, -1,
          76, 92, 93, 77, -1,
          77, 93, 94, 78, -1,
          78, 94, 95, 79, -1,
          80, 95, 111, 96, -1,
          80, 96, 97, 81, -1,
          81, 97, 98, 82, -1,
          82, 98, 99, 83, -1,
          83, 99, 100, 84, -1,
          84, 100, 101, 85, -1,
          85, 101, 102, 86, -1,
          86, 102, 103, 87, -1,
          87, 103, 104, 88, -1,
          88, 104, 105, 89, -1,
          89, 105, 106, 90, -1,
          90, 106, 107, 91, -1,
          91, 107, 108, 92, -1,
          92, 108, 109, 93, -1,
          93, 109, 110, 94, -1,
          94, 110, 111, 95, -1,
          96, 111, 769, 709, -1,
          96, 708, 712, 97, -1,
          97, 713, 716, 98, -1,
          98, 717, 720, 99, -1,
          99, 721, 724, 100, -1,
          100, 725, 728, 101, -1,
          101, 729, 732, 102, -1,
          102, 733, 736, 103, -1,
          103, 737, 740, 104, -1,
          104, 741, 744, 105, -1,
          105, 745, 748, 106, -1,
          106, 749, 752, 107, -1,
          107, 753, 756, 108, -1,
          108, 757, 760, 109, -1,
          109, 761, 764, 110, -1,
          110, 765, 768, 111, -1,
          113, 128, 144, 129, -1,
          113, 129, 130, 114, -1,
          114, 130, 131, 115, -1,
          115, 131, 132, 116, -1,
          116, 132, 133, 117, -1,
          117, 133, 134, 118, -1,
          118, 134, 135, 119, -1,
          119, 135, 136, 120, -1,
          120, 136, 137, 121, -1,
          121, 137, 138, 122, -1,
          122, 138, 139, 123, -1,
          123, 139, 140, 124, -1,
          124, 140, 141, 125, -1,
          125, 141, 142, 126, -1,
          126, 142, 143, 127, -1,
          127, 143, 144, 128, -1,
          129, 144, 831, 771, -1,
          129, 770, 774, 130, -1,
          130, 775, 778, 131, -1,
          131, 779, 782, 132, -1,
          132, 783, 786, 133, -1,
          133, 787, 790, 134, -1,
          134, 791, 794, 135, -1,
          135, 795, 798, 136, -1,
          136, 799, 802, 137, -1,
          137, 803, 806, 138, -1,
          138, 807, 810, 139, -1,
          139, 811, 814, 140, -1,
          140, 815, 818, 141, -1,
          141, 819, 822, 142, -1,
          142, 823, 826, 143, -1,
          143, 827, 830, 144, -1,
          773, 833, 895, 835, -1,
          772, 834, 838, 776, -1,
          777, 839, 842, 780, -1,
          781, 843, 846, 784, -1,
          785, 847, 850, 788, -1,
          789, 851, 854, 792, -1,
          793, 855, 858, 796, -1,
          797, 859, 862, 800, -1,
          801, 863, 866, 804, -1,
          805, 867, 870, 808, -1,
          809, 871, 874, 812, -1,
          813, 875, 878, 816, -1,
          817, 879, 882, 820, -1,
          821, 883, 886, 824, -1,
          825, 887, 890, 828, -1,
          829, 891, 894, 832, -1,
          837, 897, 944, 899, -1,
          836, 898, 901, 840, -1,
          841, 902, 904, 844, -1,
          845, 905, 907, 848, -1,
          849, 908, 910, 852, -1,
          853, 911, 913, 856, -1,
          857, 914, 916, 860, -1,
          861, 917, 919, 864, -1,
          865, 920, 922, 868, -1,
          869, 923, 925, 872, -1,
          873, 926, 928, 876, -1,
          877, 929, 931, 880, -1,
          881, 932, 934, 884, -1,
          885, 935, 937, 888, -1,
          889, 938, 940, 892, -1,
          893, 941, 943, 896, -1,
          900, 945, 942, 939, 936, 933, 930, 927, 924, 921, 918, 915, 912, 909, 906, 903, -1,
          948, 952, 259, 258, -1,
          946, 1006, 1070, 1010, -1,
          947, 1011, 1015, 951, -1,
          949, 258, 273, 1009, -1,
          953, 956, 260, 259, -1,
          950, 1014, 1019, 955, -1,
          957, 960, 261, 260, -1,
          954, 1018, 1023, 959, -1,
          961, 964, 262, 261, -1,
          958, 1022, 1027, 963, -1,
          965, 968, 263, 262, -1,
          962, 1026, 1031, 967, -1,
          969, 972, 264, 263, -1,
          966, 1030, 1035, 971, -1,
          973, 976, 265, 264, -1,
          970, 1034, 1039, 975, -1,
          977, 980, 266, 265, -1,
          974, 1038, 1043, 979, -1,
          981, 984, 267, 266, -1,
          978, 1042, 1047, 983, -1,
          985, 988, 268, 267, -1,
          982, 1046, 1051, 987, -1,
          989, 992, 269, 268, -1,
          986, 1050, 1055, 991, -1,
          993, 996, 270, 269, -1,
          990, 1054, 1059, 995, -1,
          997, 1000, 271, 270, -1,
          994, 1058, 1063, 999, -1,
          1001, 1004, 272, 271, -1,
          998, 1062, 1067, 1003, -1,
          1005, 1008, 273, 272, -1,
          1002, 1066, 1071, 1007, -1,
          145, 146, 162, 161, -1,
          145, 160, 257, -1,
          145, 161, 176, 160, -1,
          145, 257, 146, -1,
          146, 147, 163, 162, -1,
          146, 257, 147, -1,
          147, 148, 164, 163, -1,
          147, 257, 148, -1,
          148, 149, 165, 164, -1,
          148, 257, 149, -1,
          149, 150, 166, 165, -1,
          149, 257, 150, -1,
          150, 151, 167, 166, -1,
          150, 257, 151, -1,
          151, 152, 168, 167, -1,
          151, 257, 152, -1,
          152, 153, 169, 168, -1,
          152, 257, 153, -1,
          153, 154, 170, 169, -1,
          153, 257, 154, -1,
          154, 155, 171, 170, -1,
          154, 257, 155, -1,
          155, 156, 172, 171, -1,
          155, 257, 156, -1,
          156, 157, 173, 172, -1,
          156, 257, 157, -1,
          157, 158, 174, 173, -1,
          157, 257, 158, -1,
          158, 159, 175, 174, -1,
          158, 257, 159, -1,
          159, 160, 176, 175, -1,
          159, 257, 160, -1,
          161, 162, 178, 177, -1,
          161, 177, 192, 176, -1,
          162, 163, 179, 178, -1,
          163, 164, 180, 179, -1,
          164, 165, 181, 180, -1,
          165, 166, 182, 181, -1,
          166, 167, 183, 182, -1,
          167, 168, 184, 183, -1,
          168, 169, 185, 184, -1,
          169, 170, 186, 185, -1,
          170, 171, 187, 186, -1,
          171, 172, 188, 187, -1,
          172, 173, 189, 188, -1,
          173, 174, 190, 189, -1,
          174, 175, 191, 190, -1,
          175, 176, 192, 191, -1,
          177, 178, 194, 193, -1,
          177, 193, 208, 192, -1,
          178, 179, 195, 194, -1,
          179, 180, 196, 195, -1,
          180, 181, 197, 196, -1,
          181, 182, 198, 197, -1,
          182, 183, 199, 198, -1,
          183, 184, 200, 199, -1,
          184, 185, 201, 200, -1,
          185, 186, 202, 201, -1,
          186, 187, 203, 202, -1,
          187, 188, 204, 203, -1,
          188, 189, 205, 204, -1,
          189, 190, 206, 205, -1,
          190, 191, 207, 206, -1,
          191, 192, 208, 207, -1,
          193, 194, 210, 209, -1,
          193, 209, 224, 208, -1,
          194, 195, 211, 210, -1,
          195, 196, 212, 211, -1,
          196, 197, 213, 212, -1,
          197, 198, 214, 213, -1,
          198, 199, 215, 214, -1,
          199, 200, 216, 215, -1,
          200, 201, 217, 216, -1,
          201, 202, 218, 217, -1,
          202, 203, 219, 218, -1,
          203, 204, 220, 219, -1,
          204, 205, 221, 220, -1,
          205, 206, 222, 221, -1,
          206, 207, 223, 222, -1,
          207, 208, 224, 223, -1,
          209, 210, 226, 225, -1,
          209, 225, 240, 224, -1,
          210, 211, 227, 226, -1,
          211, 212, 228, 227, -1,
          212, 213, 229, 228, -1,
          213, 214, 230, 229, -1,
          214, 215, 231, 230, -1,
          215, 216, 232, 231, -1,
          216, 217, 233, 232, -1,
          217, 218, 234, 233, -1,
          218, 219, 235, 234, -1,
          219, 220, 236, 235, -1,
          220, 221, 237, 236, -1,
          221, 222, 238, 237, -1,
          222, 223, 239, 238, -1,
          223, 224, 240, 239, -1,
          225, 226, 242, 241, -1,
          225, 241, 256, 240, -1,
          226, 227, 243, 242, -1,
          227, 228, 244, 243, -1,
          228, 229, 245, 244, -1,
          229, 230, 246, 245, -1,
          230, 231, 247, 246, -1,
          231, 232, 248, 247, -1,
          232, 233, 249, 248, -1,
          233, 234, 250, 249, -1,
          234, 235, 251, 250, -1,
          235, 236, 252, 251, -1,
          236, 237, 253, 252, -1,
          237, 238, 254, 253, -1,
          238, 239, 255, 254, -1,
          239, 240, 256, 255, -1,
          241, 242, 1016, 1012, -1,
          241, 1013, 1073, 256, -1,
          242, 243, 1020, 1017, -1,
          243, 244, 1024, 1021, -1,
          244, 245, 1028, 1025, -1,
          245, 246, 1032, 1029, -1,
          246, 247, 1036, 1033, -1,
          247, 248, 1040, 1037, -1,
          248, 249, 1044, 1041, -1,
          249, 250, 1048, 1045, -1,
          250, 251, 1052, 1049, -1,
          251, 252, 1056, 1053, -1,
          252, 253, 1060, 1057, -1,
          253, 254, 1064, 1061, -1,
          254, 255, 1068, 1065, -1,
          255, 256, 1072, 1069, -1,
          258, 259, 275, 274, -1,
          258, 274, 289, 273, -1,
          259, 260, 276, 275, -1,
          260, 261, 277, 276, -1,
          261, 262, 278, 277, -1,
          262, 263, 279, 278, -1,
          263, 264, 280, 279, -1,
          264, 265, 281, 280, -1,
          265, 266, 282, 281, -1,
          266, 267, 283, 282, -1,
          267, 268, 284, 283, -1,
          268, 269, 285, 284, -1,
          269, 270, 286, 285, -1,
          270, 271, 287, 286, -1,
          271, 272, 288, 287, -1,
          272, 273, 289, 288, -1,
          274, 275, 1078, 1074, -1,
          274, 1075, 1135, 289, -1,
          275, 276, 1082, 1079, -1,
          276, 277, 1086, 1083, -1,
          277, 278, 1090, 1087, -1,
          278, 279, 1094, 1091, -1,
          279, 280, 1098, 1095, -1,
          280, 281, 1102, 1099, -1,
          281, 282, 1106, 1103, -1,
          282, 283, 1110, 1107, -1,
          283, 284, 1114, 1111, -1,
          284, 285, 1118, 1115, -1,
          285, 286, 1122, 1119, -1,
          286, 287, 1126, 1123, -1,
          287, 288, 1130, 1127, -1,
          288, 289, 1134, 1131, -1,
          1076, 1080, 1142, 1138, -1,
          1077, 1139, 1199, 1137, -1,
          1081, 1084, 1146, 1143, -1,
          1085, 1088, 1150, 1147, -1,
          1089, 1092, 1154, 1151, -1,
          1093, 1096, 1158, 1155, -1,
          1097, 1100, 1162, 1159, -1,
          1101, 1104, 1166, 1163, -1,
          1105, 1108, 1170, 1167, -1,
          1109, 1112, 1174, 1171, -1,
          1113, 1116, 1178, 1175, -1,
          1117, 1120, 1182, 1179, -1,
          1121, 1124, 1186, 1183, -1,
          1125, 1128, 1190, 1187, -1,
          1129, 1132, 1194, 1191, -1,
          1133, 1136, 1198, 1195, -1,
          1140, 1144, 1205, 1202, -1,
          1141, 1203, 1248, 1201, -1,
          1145, 1148, 1208, 1206, -1,
          1149, 1152, 1211, 1209, -1,
          1153, 1156, 1214, 1212, -1,
          1157, 1160, 1217, 1215, -1,
          1161, 1164, 1220, 1218, -1,
          1165, 1168, 1223, 1221, -1,
          1169, 1172, 1226, 1224, -1,
          1173, 1176, 1229, 1227, -1,
          1177, 1180, 1232, 1230, -1,
          1181, 1184, 1235, 1233, -1,
          1185, 1188, 1238, 1236, -1,
          1189, 1192, 1241, 1239, -1,
          1193, 1196, 1244, 1242, -1,
          1197, 1200, 1247, 1245, -1,
          1204, 1207, 1210, 1213, 1216, 1219, 1222, 1225, 1228, 1231, 1234, 1237, 1240, 1243, 1246, 1249, -1 ]
      }
    }

  ]
}

