#VRML V2.0 utf8
#Exported from Wings 3D 2.4.1
DEF Cylinder7_copy8 Transform {
  children [
    Shape {
      appearance Appearance {
        material DEF pins Material {
          diffuseColor 0.6 0.6 0.6
          emissiveColor 0.0 0.0 0.0
          specularColor 0.5999999905136262 0.5999999905136262 0.5999999905136262
          ambientIntensity 1.0
          transparency 0.0
          shininess 0.5
        }
      }
      geometry IndexedFaceSet {
        normalPerVertex TRUE
        coord Coordinate {
          point [
            1.3800003346500003 -1.41730044094 1.0,
            1.3678210598518057 -1.4785297901184142 1.0,
            1.3331374196398482 -1.5304375259298477 1.0,
            1.2812296838284143 -1.5651211661418056 1.0,
            1.2200003346500001 -1.5773004409399998 1.0,
            1.158770985471586 -1.5651211661418056 1.0,
            1.1068632496601525 -1.5304375259298477 1.0,
            1.0721796094481941 -1.4785297901184142 1.0,
            1.06000033465 -1.41730044094 1.0,
            1.0721796094481941 -1.3560710917615855 1.0,
            1.1068632496601525 -1.3041633559501524 1.0,
            1.158770985471586 -1.269479715738194 1.0,
            1.2200003346500001 -1.25730044094 1.0,
            1.2812296838284143 -1.269479715738194 1.0,
            1.3331374196398482 -1.3041633559501524 1.0,
            1.3678210598518057 -1.3560710917615855 1.0,
            1.3800003346500003 -1.41730044094 -1.0,
            1.3678210598518057 -1.4785297901184142 -1.0,
            1.3331374196398482 -1.5304375259298477 -1.0,
            1.2812296838284143 -1.565121166141806 -1.0,
            1.2200003346500001 -1.5773004409400002 -1.0,
            1.158770985471586 -1.565121166141806 -1.0,
            1.1068632496601525 -1.5304375259298477 -1.0,
            1.0721796094481941 -1.4785297901184142 -1.0,
            1.06000033465 -1.41730044094 -1.0,
            1.0721796094481941 -1.3560710917615855 -1.0,
            1.1068632496601525 -1.3041633559501524 -1.0,
            1.158770985471586 -1.269479715738194 -1.0,
            1.2200003346500001 -1.25730044094 -1.0,
            1.2812296838284143 -1.269479715738194 -1.0,
            1.3331374196398482 -1.3041633559501524 -1.0,
            1.3678210598518057 -1.3560710917615855 -1.0 ]
        }
        coordIndex [
          0, 1, 17, 16, -1,
          0, 15, 14, 13, 12, 11, 10, 9, 8, 7, 6, 5, 4, 3, 2, 1, -1,
          0, 16, 31, 15, -1,
          1, 2, 18, 17, -1,
          2, 3, 19, 18, -1,
          3, 4, 20, 19, -1,
          4, 5, 21, 20, -1,
          5, 6, 22, 21, -1,
          6, 7, 23, 22, -1,
          7, 8, 24, 23, -1,
          8, 9, 25, 24, -1,
          9, 10, 26, 25, -1,
          10, 11, 27, 26, -1,
          11, 12, 28, 27, -1,
          12, 13, 29, 28, -1,
          13, 14, 30, 29, -1,
          14, 15, 31, 30, -1,
          16, 17, 18, 19, 20, 21, 22, 23, 24, 25, 26, 27, 28, 29, 30, 31, -1 ]
        normal Normal {
          vector [
            0.0 0.0 1.0,
            1.0 -6.791841477282644e-16 0.0,
            1.0 -6.791841477282644e-16 0.0,
            0.0 0.0 1.0,
            0.9238795325112877 -0.38268343236508745 0.0,
            0.9238795325112877 -0.38268343236508745 0.0,
            0.0 0.0 1.0,
            0.7071067811865492 -0.7071067811865458 4.736684041745704e-17,
            0.7071067811865492 -0.7071067811865458 4.736684041745704e-17,
            0.0 0.0 1.0,
            0.38268343236508645 -0.9238795325112882 1.5847970906027757e-16,
            0.38268343236508645 -0.9238795325112882 1.5847970906027757e-16,
            0.0 0.0 1.0,
            0.0 -1.0 2.222257372856416e-16,
            0.0 -1.0 2.222257372856416e-16,
            0.0 0.0 1.0,
            -0.38268343236508834 -0.9238795325112874 1.5847970906027792e-16,
            -0.38268343236508834 -0.9238795325112874 1.5847970906027792e-16,
            0.0 0.0 1.0,
            -0.7071067811865465 -0.7071067811865485 4.7366840417457236e-17,
            -0.7071067811865465 -0.7071067811865485 4.7366840417457236e-17,
            0.0 0.0 1.0,
            -0.9238795325112867 -0.38268343236508967 0.0,
            -0.9238795325112867 -0.38268343236508967 0.0,
            0.0 0.0 1.0,
            -1.0 -6.933338174726022e-16 0.0,
            -1.0 -6.933338174726022e-16 0.0,
            0.0 0.0 1.0,
            -0.9238795325112862 0.38268343236509084 0.0,
            -0.9238795325112862 0.38268343236509084 0.0,
            0.0 0.0 1.0,
            -0.707106781186546 0.7071067811865489 0.0,
            -0.707106781186546 0.7071067811865489 0.0,
            0.0 0.0 1.0,
            -0.38268343236508967 0.9238795325112867 0.0,
            -0.38268343236508967 0.9238795325112867 0.0,
            0.0 0.0 1.0,
            0.0 1.0 0.0,
            0.0 1.0 0.0,
            0.0 0.0 1.0,
            0.38268343236508784 0.9238795325112875 0.0,
            0.38268343236508784 0.9238795325112875 0.0,
            0.0 0.0 1.0,
            0.7071067811865489 0.7071067811865461 0.0,
            0.7071067811865489 0.7071067811865461 0.0,
            0.0 0.0 1.0,
            0.9238795325112873 0.3826834323650887 0.0,
            0.9238795325112873 0.3826834323650887 0.0,
            0.0 0.0 -1.0,
            1.0 -6.791841477282644e-16 0.0,
            1.0 -6.791841477282644e-16 0.0,
            0.0 0.0 -1.0,
            0.9238795325112877 -0.38268343236508745 0.0,
            0.9238795325112877 -0.38268343236508745 0.0,
            0.0 0.0 -1.0,
            0.7071067811865492 -0.7071067811865458 4.736684041745704e-17,
            0.7071067811865492 -0.7071067811865458 4.736684041745704e-17,
            0.0 0.0 -1.0,
            0.38268343236508645 -0.9238795325112882 1.5847970906027757e-16,
            0.38268343236508645 -0.9238795325112882 1.5847970906027757e-16,
            0.0 0.0 -1.0,
            0.0 -1.0 2.222257372856416e-16,
            0.0 -1.0 2.222257372856416e-16,
            0.0 0.0 -1.0,
            -0.38268343236508834 -0.9238795325112874 1.5847970906027792e-16,
            -0.38268343236508834 -0.9238795325112874 1.5847970906027792e-16,
            0.0 0.0 -1.0,
            -0.7071067811865465 -0.7071067811865485 4.7366840417457236e-17,
            -0.7071067811865465 -0.7071067811865485 4.7366840417457236e-17,
            0.0 0.0 -1.0,
            -0.9238795325112867 -0.38268343236508967 0.0,
            -0.9238795325112867 -0.38268343236508967 0.0,
            0.0 0.0 -1.0,
            -1.0 -6.933338174726022e-16 0.0,
            -1.0 -6.933338174726022e-16 0.0,
            0.0 0.0 -1.0,
            -0.9238795325112862 0.38268343236509084 0.0,
            -0.9238795325112862 0.38268343236509084 0.0,
            0.0 0.0 -1.0,
            -0.707106781186546 0.7071067811865489 0.0,
            -0.707106781186546 0.7071067811865489 0.0,
            0.0 0.0 -1.0,
            -0.38268343236508967 0.9238795325112867 0.0,
            -0.38268343236508967 0.9238795325112867 0.0,
            0.0 0.0 -1.0,
            0.0 1.0 0.0,
            0.0 1.0 0.0,
            0.0 0.0 -1.0,
            0.38268343236508784 0.9238795325112875 0.0,
            0.38268343236508784 0.9238795325112875 0.0,
            0.0 0.0 -1.0,
            0.7071067811865489 0.7071067811865461 0.0,
            0.7071067811865489 0.7071067811865461 0.0,
            0.0 0.0 -1.0,
            0.9238795325112873 0.3826834323650887 0.0,
            0.9238795325112873 0.3826834323650887 0.0 ]
        }
        normalIndex [
          2, 5, 53, 50, -1,
          0, 45, 42, 39, 36, 33, 30, 27, 24, 21, 18, 15, 12, 9, 6, 3, -1,
          1, 49, 94, 46, -1,
          4, 8, 56, 52, -1,
          7, 11, 59, 55, -1,
          10, 14, 62, 58, -1,
          13, 17, 65, 61, -1,
          16, 20, 68, 64, -1,
          19, 23, 71, 67, -1,
          22, 26, 74, 70, -1,
          25, 29, 77, 73, -1,
          28, 32, 80, 76, -1,
          31, 35, 83, 79, -1,
          34, 38, 86, 82, -1,
          37, 41, 89, 85, -1,
          40, 44, 92, 88, -1,
          43, 47, 95, 91, -1,
          48, 51, 54, 57, 60, 63, 66, 69, 72, 75, 78, 81, 84, 87, 90, 93, -1 ]
      }
    }

  ]
}

DEF Cylinder7 Transform {
  children [
    Shape {
      appearance Appearance {
        material USE pins
      }
      geometry IndexedFaceSet {
        normalPerVertex TRUE
        coord Coordinate {
          point [
            -1.0599998346499997 1.41730044094 1.0,
            -1.0721791094481938 1.3560710917615855 1.0,
            -1.1068627496601522 1.3041633559501524 1.0,
            -1.1587704854715852 1.269479715738194 1.0,
            -1.2199998346500005 1.25730044094 1.0,
            -1.2812291838284147 1.269479715738194 1.0,
            -1.3331369196398477 1.3041633559501524 1.0,
            -1.367820559851806 1.3560710917615855 1.0,
            -1.3799998346499998 1.41730044094 1.0,
            -1.367820559851806 1.4785297901184142 1.0,
            -1.3331369196398477 1.5304375259298477 1.0,
            -1.2812291838284147 1.565121166141806 1.0,
            -1.2199998346500005 1.5773004409400002 1.0,
            -1.1587704854715852 1.565121166141806 1.0,
            -1.1068627496601522 1.5304375259298477 1.0,
            -1.0721791094481938 1.4785297901184147 1.0,
            -1.0599998346499997 1.41730044094 -1.0,
            -1.0721791094481938 1.3560710917615855 -1.0,
            -1.1068627496601522 1.3041633559501524 -1.0,
            -1.1587704854715852 1.269479715738194 -1.0,
            -1.2199998346500005 1.25730044094 -1.0,
            -1.2812291838284147 1.269479715738194 -1.0,
            -1.3331369196398477 1.3041633559501524 -1.0,
            -1.367820559851806 1.3560710917615855 -1.0,
            -1.3799998346499998 1.41730044094 -1.0,
            -1.367820559851806 1.4785297901184142 -1.0,
            -1.3331369196398477 1.5304375259298477 -1.0,
            -1.2812291838284147 1.5651211661418056 -1.0,
            -1.2199998346500005 1.5773004409399998 -1.0,
            -1.1587704854715852 1.5651211661418056 -1.0,
            -1.1068627496601522 1.5304375259298477 -1.0,
            -1.0721791094481938 1.4785297901184142 -1.0 ]
        }
        coordIndex [
          0, 1, 17, 16, -1,
          0, 15, 14, 13, 12, 11, 10, 9, 8, 7, 6, 5, 4, 3, 2, 1, -1,
          0, 16, 31, 15, -1,
          1, 2, 18, 17, -1,
          2, 3, 19, 18, -1,
          3, 4, 20, 19, -1,
          4, 5, 21, 20, -1,
          5, 6, 22, 21, -1,
          6, 7, 23, 22, -1,
          7, 8, 24, 23, -1,
          8, 9, 25, 24, -1,
          9, 10, 26, 25, -1,
          10, 11, 27, 26, -1,
          11, 12, 28, 27, -1,
          12, 13, 29, 28, -1,
          13, 14, 30, 29, -1,
          14, 15, 31, 30, -1,
          16, 17, 18, 19, 20, 21, 22, 23, 24, 25, 26, 27, 28, 29, 30, 31, -1 ]
        normal Normal {
          vector [
            0.0 -0.0 1.0,
            1.0 3.395920738641317e-16 -1.1067018789125537e-17,
            1.0 3.395920738641317e-16 -1.1067018789125537e-17,
            0.0 -0.0 1.0,
            0.9238795325112862 -0.38268343236509084 0.0,
            0.9238795325112862 -0.38268343236509084 0.0,
            0.0 -0.0 1.0,
            0.7071067811865475 -0.7071067811865475 0.0,
            0.7071067811865475 -0.7071067811865475 0.0,
            0.0 -0.0 1.0,
            0.3826834323650899 -0.9238795325112866 0.0,
            0.3826834323650899 -0.9238795325112866 0.0,
            0.0 -0.0 1.0,
            -1.7404093785536745e-15 -1.0 0.0,
            -1.7404093785536745e-15 -1.0 0.0,
            0.0 -0.0 1.0,
            -0.38268343236509145 -0.9238795325112861 0.0,
            -0.38268343236509145 -0.9238795325112861 0.0,
            0.0 -0.0 1.0,
            -0.7071067811865475 -0.7071067811865475 0.0,
            -0.7071067811865475 -0.7071067811865475 0.0,
            0.0 -0.0 1.0,
            -0.9238795325112876 -0.3826834323650876 0.0,
            -0.9238795325112876 -0.3826834323650876 0.0,
            0.0 -0.0 1.0,
            -1.0 6.933338174726014e-16 0.0,
            -1.0 6.933338174726014e-16 0.0,
            0.0 -0.0 1.0,
            -0.9238795325112881 0.38268343236508645 0.0,
            -0.9238795325112881 0.38268343236508645 0.0,
            0.0 -0.0 1.0,
            -0.7071067811865479 0.7071067811865472 -4.736684041745751e-17,
            -0.7071067811865479 0.7071067811865472 -4.736684041745751e-17,
            0.0 -0.0 1.0,
            -0.38268343236509006 0.9238795325112866 -1.5847970906027824e-16,
            -0.38268343236509006 0.9238795325112866 -1.5847970906027824e-16,
            0.0 -0.0 1.0,
            -1.7404093785536745e-15 1.0 -2.2200439690985708e-16,
            -1.7404093785536745e-15 1.0 -2.2200439690985708e-16,
            0.0 -0.0 1.0,
            0.38268343236508856 0.9238795325112873 -1.5825836868449388e-16,
            0.38268343236508856 0.9238795325112873 -1.5825836868449388e-16,
            0.0 -0.0 1.0,
            0.7071067811865471 0.7071067811865478 -7.8797173778574e-17,
            0.7071067811865471 0.7071067811865478 -7.8797173778574e-17,
            0.0 -0.0 1.0,
            0.9238795325112865 0.3826834323650902 -4.249735215024204e-17,
            0.9238795325112865 0.3826834323650902 -4.249735215024204e-17,
            0.0 -0.0 -1.0,
            1.0 3.395920738641317e-16 -1.1067018789125537e-17,
            1.0 3.395920738641317e-16 -1.1067018789125537e-17,
            0.0 -0.0 -1.0,
            0.9238795325112862 -0.38268343236509084 0.0,
            0.9238795325112862 -0.38268343236509084 0.0,
            0.0 -0.0 -1.0,
            0.7071067811865475 -0.7071067811865475 0.0,
            0.7071067811865475 -0.7071067811865475 0.0,
            0.0 -0.0 -1.0,
            0.3826834323650899 -0.9238795325112866 0.0,
            0.3826834323650899 -0.9238795325112866 0.0,
            0.0 -0.0 -1.0,
            -1.7404093785536745e-15 -1.0 0.0,
            -1.7404093785536745e-15 -1.0 0.0,
            0.0 -0.0 -1.0,
            -0.38268343236509145 -0.9238795325112861 0.0,
            -0.38268343236509145 -0.9238795325112861 0.0,
            0.0 -0.0 -1.0,
            -0.7071067811865475 -0.7071067811865475 0.0,
            -0.7071067811865475 -0.7071067811865475 0.0,
            0.0 -0.0 -1.0,
            -0.9238795325112876 -0.3826834323650876 0.0,
            -0.9238795325112876 -0.3826834323650876 0.0,
            0.0 -0.0 -1.0,
            -1.0 6.933338174726014e-16 0.0,
            -1.0 6.933338174726014e-16 0.0,
            0.0 -0.0 -1.0,
            -0.9238795325112881 0.38268343236508645 0.0,
            -0.9238795325112881 0.38268343236508645 0.0,
            0.0 -0.0 -1.0,
            -0.7071067811865479 0.7071067811865472 -4.736684041745751e-17,
            -0.7071067811865479 0.7071067811865472 -4.736684041745751e-17,
            0.0 -0.0 -1.0,
            -0.38268343236509006 0.9238795325112866 -1.5847970906027824e-16,
            -0.38268343236509006 0.9238795325112866 -1.5847970906027824e-16,
            0.0 -0.0 -1.0,
            -1.7404093785536745e-15 1.0 -2.2200439690985708e-16,
            -1.7404093785536745e-15 1.0 -2.2200439690985708e-16,
            0.0 -0.0 -1.0,
            0.38268343236508856 0.9238795325112873 -1.5825836868449388e-16,
            0.38268343236508856 0.9238795325112873 -1.5825836868449388e-16,
            0.0 -0.0 -1.0,
            0.7071067811865471 0.7071067811865478 -7.8797173778574e-17,
            0.7071067811865471 0.7071067811865478 -7.8797173778574e-17,
            0.0 -0.0 -1.0,
            0.9238795325112865 0.3826834323650902 -4.249735215024204e-17,
            0.9238795325112865 0.3826834323650902 -4.249735215024204e-17 ]
        }
        normalIndex [
          2, 5, 53, 50, -1,
          0, 45, 42, 39, 36, 33, 30, 27, 24, 21, 18, 15, 12, 9, 6, 3, -1,
          1, 49, 94, 46, -1,
          4, 8, 56, 52, -1,
          7, 11, 59, 55, -1,
          10, 14, 62, 58, -1,
          13, 17, 65, 61, -1,
          16, 20, 68, 64, -1,
          19, 23, 71, 67, -1,
          22, 26, 74, 70, -1,
          25, 29, 77, 73, -1,
          28, 32, 80, 76, -1,
          31, 35, 83, 79, -1,
          34, 38, 86, 82, -1,
          37, 41, 89, 85, -1,
          40, 44, 92, 88, -1,
          43, 47, 95, 91, -1,
          48, 51, 54, 57, 60, 63, 66, 69, 72, 75, 78, 81, 84, 87, 90, 93, -1 ]
      }
    }

  ]
}

DEF Cylinder1 Transform {
  children [
    Shape {
      appearance Appearance {
        material DEF body Material {
          diffuseColor 0.1 0.1 1.0
          emissiveColor 0.0 0.0 0.0
          specularColor 0.1 0.1 1.0
          ambientIntensity 1.0
          transparency 0.0
          shininess 0.5
        }
      }
      geometry IndexedFaceSet {
        normalPerVertex TRUE
        coord Coordinate {
          point [
            3.346499999992629 1.2106 3.8499999999999996,
            3.0917628555422114 1.2106 5.130650106406951,
            2.366332843235569 1.2106 6.216332843235571,
            1.2806501064069524 1.2106 6.941762855542213,
            2.9335579168697635e-16 1.2106 7.196499999992629,
            -1.2806501064069518 1.2106 6.941762855542213,
            -2.366332843235569 1.2106 6.216332843235571,
            -3.0917628555422114 1.2106 5.130650106406952,
            -3.346499999992629 1.2106 3.8500000000000005,
            -3.0917628555422114 1.2106 2.5693498935930483,
            -2.3663328432355697 1.2106 1.4836671567644315,
            -1.2806501064069538 1.2106 0.7582371444577889,
            -5.263003109805416e-16 1.2106 0.503500000007371,
            1.280650106406953 1.2106 0.7582371444577889,
            2.366332843235569 1.2106 1.483667156764431,
            3.09176285554221 1.2106 2.5693498935930457,
            3.346499999992629 -1.2106 3.8499999999999996,
            3.0917628555422114 -1.2106 5.130650106406951,
            2.366332843235569 -1.2106 6.216332843235571,
            1.2806501064069524 -1.2106 6.941762855542213,
            2.9335579168697635e-16 -1.2106 7.196499999992629,
            -1.2806501064069518 -1.2106 6.941762855542213,
            -2.366332843235569 -1.2106 6.216332843235571,
            -3.0917628555422114 -1.2106 5.130650106406952,
            -3.346499999992629 -1.2106 3.8500000000000005,
            -3.0917628555422114 -1.2106 2.5693498935930483,
            -2.3663328432355697 -1.2106 1.4836671567644315,
            -1.2806501064069538 -1.2106 0.7582371444577889,
            -5.263003109805416e-16 -1.2106 0.503500000007371,
            1.280650106406953 -1.2106 0.7582371444577889,
            2.366332843235569 -1.2106 1.483667156764431,
            3.09176285554221 -1.2106 2.5693498935930457,
            3.1657889999930267 -1.3106 3.8499999999999996,
            2.9248076613429315 -1.3106 5.061495000660976,
            2.2385508697008483 -1.3106 6.088550869700847,
            1.211495000660977 -1.3106 6.774807661342931,
            2.7096457469597965e-16 -1.3106 7.015788999993027,
            -1.2114950006609764 -1.3106 6.774807661342931,
            -2.238550869700848 -1.3106 6.088550869700847,
            -2.9248076613429315 -1.3106 5.061495000660976,
            -3.1657889999930267 -1.3106 3.8500000000000005,
            -2.9248076613429315 -1.3106 2.638504999339024,
            -2.2385508697008487 -1.3106 1.6114491302991525,
            -1.2114950006609781 -1.3106 0.9251923386570693,
            -5.044300984274924e-16 -1.3106 0.6842110000069732,
            1.2114950006609773 -1.3106 0.9251923386570688,
            2.238550869700848 -1.3106 1.611449130299152,
            2.9248076613429306 -1.3106 2.6385049993390206,
            2.9248076613429315 1.3106 5.061495000660976,
            3.1657889999930267 1.3106 3.8499999999999996,
            2.9248076613429306 1.3106 2.6385049993390206,
            2.238550869700848 1.3106 1.611449130299152,
            1.2114950006609773 1.3106 0.9251923386570688,
            -5.07666058314631e-16 1.3106 0.6842110000069732,
            -1.2114950006609781 1.3106 0.9251923386570693,
            -2.2385508697008487 1.3106 1.6114491302991525,
            -2.9248076613429315 1.3106 2.638504999339024,
            -3.1657889999930267 1.3106 3.8500000000000005,
            -2.9248076613429315 1.3106 5.061495000660976,
            -2.238550869700848 1.3106 6.088550869700847,
            -1.2114950006609764 1.3106 6.774807661342931,
            2.6772861480884107e-16 1.3106 7.015788999993027,
            1.211495000660977 1.3106 6.774807661342931,
            2.2385508697008483 1.3106 6.088550869700847,
            2.2160522999951184 -1.4106 3.8499999999999996,
            2.0473653629400523 -1.4106 4.698046500462683,
            1.5669856087905936 -1.4106 5.416985608790593,
            0.8480465004626839 -1.4106 5.897365362940053,
            1.71263844771845e-16 -1.4106 6.0660522999951185,
            -0.8480465004626835 -1.4106 5.897365362940053,
            -1.5669856087905933 -1.4106 5.416985608790594,
            -2.0473653629400523 -1.4106 4.6980465004626835,
            -2.2160522999951184 -1.4106 3.8500000000000005,
            -2.0473653629400523 -1.4106 3.001953499537316,
            -1.566985608790594 -1.4106 2.2830143912094067,
            -0.8480465004626846 -1.4106 1.8026346370599489,
            -3.7151242641458543e-16 -1.4106 1.6339477000048814,
            0.8480465004626841 -1.4106 1.8026346370599489,
            1.5669856087905933 -1.4106 2.2830143912094067,
            2.0473653629400514 -1.4106 3.0019534995373154,
            2.0473653629400523 1.4106 4.698046500462683,
            2.2160522999951184 1.4106 3.8499999999999996,
            2.0473653629400514 1.4106 3.0019534995373154,
            1.5669856087905936 1.4106 2.2830143912094067,
            0.8480465004626839 1.4106 1.8026346370599489,
            -4.27710263121226e-16 1.4106 1.6339477000048814,
            -0.8480465004626849 1.4106 1.8026346370599489,
            -1.5669856087905936 1.4106 2.2830143912094067,
            -2.0473653629400514 1.4106 3.001953499537316,
            -2.216052299995119 1.4106 3.8500000000000005,
            -2.0473653629400514 1.4106 4.6980465004626835,
            -1.5669856087905931 1.4106 5.416985608790594,
            -0.8480465004626836 1.4106 5.897365362940053,
            1.150660080652042e-16 1.4106 6.0660522999951185,
            0.8480465004626837 1.4106 5.897365362940053,
            1.566985608790594 1.4106 5.416985608790593,
            0.8612754774163524 -1.4106 2.6153807803140365,
            0.8774230670408604 -1.525405029709527 2.6315283699385446,
            0.9234075117723167 -1.6227320343559644 2.677512814670001,
            0.9922280967503873 -1.6877638597533862 2.746333399648072,
            1.0734075117723167 -1.7106 2.8275128146700013,
            1.1545869267942461 -1.6877638597533862 2.9086922296919306,
            1.223407511772317 -1.6227320343559644 2.9775128146700007,
            1.269391956503773 -1.525405029709527 3.0234972594014575,
            1.2855395461282815 -1.4106 3.039644849025965,
            1.269391956503773 -1.2957949702904732 3.0234972594014575,
            1.223407511772317 -1.1984679656440358 2.9775128146700007,
            1.154586926794247 -1.133436140246614 2.9086922296919306,
            1.0734075117723167 -1.1106 2.8275128146700013,
            0.9922280967503873 -1.133436140246614 2.7463333996480714,
            0.9234075117723167 -1.1984679656440358 2.677512814670001,
            0.8774230670408604 -1.2957949702904727 2.631528369938545,
            -0.317081109060078 -1.4106 4.076007546926323,
            -0.3140885199760654 -1.432997350215103 4.079307912857444,
            -0.30556634728418025 -1.4519849068924415 4.0887065598556855,
            -0.29281201452307465 -1.4646719866505213 4.102772629114512,
            -0.2777672532373124 -1.4691270966048386 4.119364689098505,
            -0.26272249195155023 -1.4646719866505213 4.1359567490824976,
            -0.24996815919044435 -1.4519849068924415 4.150022818341326,
            -0.2414459864985597 -1.432997350215103 4.159421465339568,
            -0.23845339741454658 -1.4106 4.162721831270688,
            -0.2414459864985597 -1.3882026497848976 4.159421465339568,
            -0.24996815919044435 -1.3692150931075586 4.150022818341326,
            -0.26272249195155023 -1.3565280133494793 4.1359567490824976,
            -0.2777672532373124 -1.3520729033951615 4.119364689098505,
            -0.29281201452307465 -1.3565280133494793 4.102772629114512,
            -0.30556634728418025 -1.3692150931075586 4.0887065598556855,
            -0.3140885199760654 -1.3882026497848972 4.079307912857444,
            -0.3422373435729931 -1.4106 4.022849166659898,
            -0.33636716892520246 -1.454533982822018 4.0293230673102745,
            -0.3196503258586922 -1.4917794150219295 4.047759176573437,
            -0.2946318021917781 -1.5166660171779824 4.075350763937818,
            -0.2651204413592662 -1.525405029709527 4.107897260345553,
            -0.23560908052675397 -1.5166660171779824 4.140443756753286,
            -0.21059055685984007 -1.4917794150219295 4.168035344117667,
            -0.19387371379332963 -1.454533982822018 4.186471453380831,
            -0.18800353914553913 -1.4106 4.192945354031208,
            -0.19387371379332963 -1.3666660171779825 4.186471453380831,
            -0.21059055685984007 -1.3294205849780707 4.168035344117667,
            -0.23560908052675397 -1.3045339828220182 4.140443756753286,
            -0.2651204413592662 -1.2957949702904732 4.107897260345553,
            -0.2946318021917781 -1.3045339828220182 4.075350763937818,
            -0.3196503258586922 -1.3294205849780707 4.047759176573437,
            -0.33636716892520246 -1.366666017177982 4.0293230673102745,
            -0.35653952256959925 -1.4106 3.9658044718726746,
            -0.3480173498777143 -1.4743822571075444 3.9752031188709163,
            -0.3237482553407108 -1.5284542437580653 4.001968201059107,
            -0.287426988601958 -1.564583990147801 4.042024977300169,
            -0.24458313326932798 -1.5772710699058807 4.08927516652698,
            -0.20173927793669766 -1.564583990147801 4.136525355753792,
            -0.16541801119794475 -1.5284542437580653 4.176582131994855,
            -0.14114891666094126 -1.4743822571075444 4.2033472141830455,
            -0.1326267439690565 -1.4106 4.212745861181286,
            -0.14114891666094126 -1.3468177428924561 4.2033472141830455,
            -0.16541801119794475 -1.2927457562419349 4.176582131994855,
            -0.20173927793669766 -1.2566160098521992 4.136525355753792,
            -0.24458313326932798 -1.2439289300941194 4.08927516652698,
            -0.287426988601958 -1.2566160098521992 4.042024977300169,
            -0.3237482553407108 -1.2927457562419349 4.001968201059107,
            -0.3480173498777143 -1.3468177428924557 3.9752031188709163,
            -0.3594380213318115 -1.4106 3.9070656581942895,
            -0.3485913529130917 -1.4917794150219295 3.9190278668070766,
            -0.31770265459838704 -1.5606 3.953093354821835,
            -0.2714744506993647 -1.6065844447314568 4.004075960492732,
            -0.21694456619993863 -1.6227320343559644 4.064214044264847,
            -0.1624146817005126 -1.6065844447314568 4.1243521280369615,
            -0.11618647780149016 -1.5606 4.175334733707858,
            -0.08529777948678546 -1.49177941502193 4.209400221722616,
            -0.07445111106806573 -1.4106 4.221362430335403,
            -0.08529777948678546 -1.3294205849780707 4.209400221722616,
            -0.11618647780149016 -1.2606000000000002 4.175334733707858,
            -0.1624146817005126 -1.2146155552685438 4.1243521280369615,
            -0.21694456619993863 -1.1984679656440358 4.064214044264847,
            -0.2714744506993647 -1.2146155552685438 4.004075960492732,
            -0.31770265459838704 -1.2606000000000002 3.953093354821835,
            -0.3485913529130917 -1.3294205849780707 3.9190278668070766,
            -0.35082145217769517 -1.4106 3.848890025293299,
            -0.33806711941658957 -1.5060568935429628 3.8629560945521257,
            -0.30174585267783677 -1.5869813403629038 3.903012870793189,
            -0.2473872355693088 -1.641053327013425 3.962962072949363,
            -0.18326687478368808 -1.6600408836907636 4.0336769784332445,
            -0.11914651399806742 -1.641053327013425 4.104391883917126,
            -0.06478789688953934 -1.5869813403629038 4.164341086073302,
            -0.028466630150786598 -1.5060568935429628 4.204397862314363,
            -0.01571229738968094 -1.4106 4.218463931573191,
            -0.028466630150786598 -1.3151431064570378 4.204397862314363,
            -0.06478789688953934 -1.2342186596370963 4.164341086073302,
            -0.11914651399806714 -1.1801466729865753 4.104391883917126,
            -0.18326687478368808 -1.1611591163092365 4.0336769784332445,
            -0.2473872355693088 -1.1801466729865753 3.962962072949363,
            -0.30174585267783677 -1.2342186596370963 3.903012870793189,
            -0.33806711941658957 -1.3151431064570374 3.8629560945521257,
            -0.331020945027615 -1.4106 3.7935132301168153,
            -0.31684908977942094 -1.5166660171779824 3.8091426088684095,
            -0.2764910605281886 -1.6065844447314568 3.853651313888932,
            -0.21609100138097237 -1.6666660171779824 3.920263298311423,
            -0.14484427381503595 -1.6877638597533862 3.998837491346701,
            -0.07359754624909942 -1.6666660171779824 4.077411684381978,
            -0.01319748710188301 -1.6065844447314568 4.14402366880447,
            0.02716054214934921 -1.5166660171779824 4.188532373824992,
            0.04133239739754313 -1.4106 4.204161752576585,
            0.02716054214934921 -1.3045339828220182 4.188532373824992,
            -0.01319748710188301 -1.2146155552685438 4.14402366880447,
            -0.0735975462490992 -1.154533982822018 4.077411684381979,
            -0.14484427381503595 -1.133436140246614 3.998837491346701,
            -0.21609100138097237 -1.154533982822018 3.920263298311423,
            -0.2764910605281886 -1.2146155552685438 3.853651313888932,
            -0.31684908977942094 -1.3045339828220177 3.8091426088684095,
            -0.30079742226709627 -1.4106 3.743063371847809,
            -0.285752660981334 -1.52319908325536 3.759655431831801,
            -0.2429088056487037 -1.6186559767983222 3.806905621058613,
            -0.17878844486308298 -1.6824382339058666 3.8776205265424952,
            -0.10315332230156465 -1.7048355841209695 3.9610344449557404,
            -0.027518199740045934 -1.6824382339058666 4.044448363368985,
            0.03660216104557468 -1.6186559767983222 4.115163268852865,
            0.07944601637820481 -1.52319908325536 4.162413458079677,
            0.09449077766396707 -1.4106 4.17900551806367,
            0.07944601637820481 -1.2980009167446407 4.162413458079677,
            0.0366021610455749 -1.202544023201678 4.115163268852865,
            -0.027518199740045823 -1.1387617660941338 4.044448363368984,
            -0.10315332230156465 -1.116364415879031 3.9610344449557404,
            -0.17878844486308315 -1.1387617660941338 3.8776205265424943,
            -0.2429088056487037 -1.202544023201678 3.806905621058613,
            -0.285752660981334 -1.2980009167446402 3.759655431831801,
            -0.2613123569262786 -1.4106 3.699479210246949,
            -0.24597285134196076 -1.525405029709527 3.7163963279030883,
            -0.20228963526125476 -1.6227320343559644 3.764572203062417,
            -0.13691308234310828 -1.6877638597533862 3.8366724954473197,
            -0.05979618012938159 -1.7106 3.921720589132974,
            0.017320722084345208 -1.6877638597533862 4.006768682818628,
            0.08269727500249135 -1.6227320343559644 4.07886897520353,
            0.1263804910831975 -1.525405029709527 4.127044850362858,
            0.14171999666751556 -1.4106 4.143961968018998,
            0.1263804910831975 -1.2957949702904732 4.127044850362858,
            0.08269727500249158 -1.1984679656440358 4.07886897520353,
            0.017320722084345208 -1.133436140246614 4.006768682818628,
            -0.05979618012938159 -1.1106 3.921720589132974,
            -0.13691308234310828 -1.133436140246614 3.8366724954473197,
            -0.20228963526125476 -1.1984679656440358 3.764572203062417,
            -0.24597285134196076 -1.2957949702904732 3.7163963279030883,
            -0.28203755901540684 -1.4106 4.123236765929871,
            0.8843105687556402 -1.4106 2.5948021365513467,
            0.9040872463335919 -1.525405029709527 2.606220206674653,
            0.9604064591822331 -1.6227320343559644 2.6387361193733643,
            1.0446941176802944 -1.6877638597533862 2.687399621696583,
            1.1441181898909722 -1.7106 2.744802136551346,
            1.2435422621016496 -1.6877638597533862 2.80220465140611,
            1.32782992059971 -1.6227320343559644 2.850868153729328,
            1.384149133448352 -1.525405029709527 2.8833840664280395,
            1.4039258110263042 -1.4106 2.8948021365513457,
            1.384149133448352 -1.2957949702904732 2.8833840664280395,
            1.32782992059971 -1.1984679656440358 2.850868153729328,
            1.2435422621016496 -1.133436140246614 2.80220465140611,
            1.1441181898909722 -1.1106 2.744802136551346,
            1.0446941176802944 -1.133436140246614 2.6873996216965828,
            0.9604064591822336 -1.1984679656440358 2.6387361193733643,
            0.9040872463335919 -1.2957949702904727 2.6062202066746534,
            0.904340442004251 -1.4106 2.580553882642146,
            0.9263984596412148 -1.525405029709527 2.586464310654602,
            0.9892143793233058 -1.6227320343559644 2.6032957856052366,
            1.0832250467066558 -1.6877638597533862 2.6284858680105163,
            1.194118189890972 -1.7106 2.6581995961729024,
            1.305011333075288 -1.6877638597533862 2.6879133243352884,
            1.3990220004586382 -1.6227320343559644 2.713103406740568,
            1.4618379201407283 -1.525405029709527 2.729934881691203,
            1.4838959377776926 -1.4106 2.7358453097036586,
            1.4618379201407283 -1.2957949702904732 2.729934881691203,
            1.3990220004586382 -1.1984679656440358 2.713103406740568,
            1.305011333075288 -1.133436140246614 2.6879133243352884,
            1.194118189890972 -1.1106 2.6581995961729024,
            1.0832250467066558 -1.133436140246614 2.6284858680105163,
            0.9892143793233058 -1.1984679656440358 2.6032957856052366,
            0.9263984596412148 -1.2957949702904727 2.586464310654602,
            0.9200000944012238 -1.4106 2.5616070135439957,
            0.9428362346478375 -1.525405029709527 2.5616070135439957,
            1.0078680600452594 -1.6227320343559644 2.5616070135439957,
            1.1051950646916968 -1.6877638597533862 2.5616070135439957,
            1.2200000944012237 -1.7106 2.5616070135439957,
            1.3348051241107506 -1.6877638597533862 2.5616070135439957,
            1.4321321287571884 -1.6227320343559644 2.5616070135439957,
            1.4971639541546102 -1.525405029709527 2.5616070135439957,
            1.5200000944012244 -1.4106 2.5616070135439957,
            1.4971639541546102 -1.2957949702904732 2.5616070135439957,
            1.4321321287571884 -1.1984679656440358 2.5616070135439957,
            1.3348051241107515 -1.133436140246614 2.5616070135439957,
            1.2200000944012237 -1.1106 2.5616070135439957,
            1.1051950646916968 -1.133436140246614 2.5616070135439957,
            1.0078680600452599 -1.1984679656440358 2.5616070135439957,
            0.9428362346478375 -1.2957949702904727 2.5616070135439957,
            0.9200000944012238 -1.4106 0.4000000135439956,
            0.9428362346478375 -1.525405029709527 0.4000000135439954,
            1.0078680600452594 -1.6227320343559644 0.4000000135439954,
            1.1051950646916968 -1.6877638597533862 0.4000000135439954,
            1.2200000944012237 -1.7106 0.4000000135439954,
            1.3348051241107506 -1.6877638597533862 0.4000000135439954,
            1.4321321287571884 -1.6227320343559644 0.4000000135439954,
            1.4971639541546102 -1.525405029709527 0.4000000135439956,
            1.5200000944012244 -1.4106 0.4000000135439954,
            1.4971639541546102 -1.2957949702904732 0.4000000135439956,
            1.4321321287571884 -1.1984679656440358 0.4000000135439954,
            1.3348051241107515 -1.133436140246614 0.4000000135439954,
            1.2200000944012237 -1.1106 0.4000000135439954,
            1.1051950646916968 -1.133436140246614 0.4000000135439954,
            1.0078680600452599 -1.1984679656440358 0.4000000135439954,
            0.9428362346478375 -1.2957949702904727 0.4000000135439956,
            1.090000095401224 -1.4106 0.10000001354399557,
            1.099895756098636 -1.4603488458247784 0.10000001354399557,
            1.1280762135540792 -1.5025238808471446 0.10000001354399557,
            1.1702512485764454 -1.5307043383025878 0.10000001354399557,
            1.2200000944012237 -1.5405999989999999 0.10000001354399557,
            1.269748940226002 -1.5307043383025878 0.10000001354399557,
            1.3119239752483687 -1.5025238808471446 0.10000001354399557,
            1.3401044327038119 -1.4603488458247784 0.10000001354399557,
            1.3500000934012244 -1.4106 0.10000001354399557,
            1.3401044327038119 -1.3608511541752217 0.10000001354399557,
            1.3119239752483687 -1.318676119152856 0.10000001354399557,
            1.269748940226002 -1.2904956616974124 0.10000001354399557,
            1.2200000944012237 -1.2806000010000003 0.10000001354399557,
            1.1702512485764454 -1.2904956616974124 0.10000001354399535,
            1.1280762135540792 -1.3186761191528555 0.10000001354399557,
            1.099895756098636 -1.3608511541752217 0.10000001354399557,
            -0.8612753830550179 1.4106 2.6153807803140365,
            -0.877422972679526 1.2957949702904732 2.6315283699385446,
            -0.9234074174109823 1.1984679656440358 2.677512814670001,
            -0.9922280023890528 1.133436140246614 2.746333399648072,
            -1.0734074174109822 1.1106 2.8275128146700013,
            -1.154586832432912 1.133436140246614 2.9086922296919306,
            -1.2234074174109824 1.1984679656440358 2.9775128146700007,
            -1.2693918621424392 1.2957949702904732 3.0234972594014575,
            -1.2855394517669467 1.4106 3.039644849025965,
            -1.2693918621424392 1.525405029709527 3.0234972594014575,
            -1.2234074174109824 1.6227320343559644 2.9775128146700007,
            -1.154586832432912 1.6877638597533862 2.9086922296919306,
            -1.0734074174109822 1.7106 2.8275128146700013,
            -0.9922280023890528 1.6877638597533862 2.7463333996480714,
            -0.9234074174109823 1.6227320343559644 2.677512814670001,
            -0.877422972679526 1.5254050297095274 2.631528369938545,
            0.317080203421412 1.4106 4.076007546926323,
            0.3140876143373995 1.3882026497848972 4.079307912857444,
            0.30556544164551425 1.3692150931075586 4.0887065598556855,
            0.29281110888440853 1.3565280133494788 4.102772629114513,
            0.2777663475986464 1.3520729033951615 4.119364689098505,
            0.2627215863128842 1.3565280133494788 4.1359567490824976,
            0.24996725355177846 1.3692150931075586 4.150022818341326,
            0.24144508085989358 1.3882026497848972 4.159421465339568,
            0.23845249177588052 1.4106 4.162721831270689,
            0.24144508085989358 1.4329973502151025 4.159421465339568,
            0.24996725355177846 1.4519849068924415 4.150022818341326,
            0.2627215863128842 1.464671986650521 4.1359567490824976,
            0.2777663475986464 1.4691270966048386 4.119364689098505,
            0.29281110888440853 1.464671986650521 4.102772629114513,
            0.30556544164551425 1.4519849068924415 4.0887065598556855,
            0.3140876143373995 1.432997350215103 4.079307912857444,
            0.342236437934327 1.4106 4.022849166659898,
            0.33636626328653657 1.366666017177982 4.0293230673102745,
            0.3196494202200262 1.3294205849780707 4.047759176573438,
            0.29463089655311214 1.3045339828220177 4.075350763937819,
            0.26511953572060004 1.2957949702904732 4.1078972603455535,
            0.23560817488808805 1.3045339828220177 4.140443756753286,
            0.210589651221174 1.3294205849780707 4.168035344117667,
            0.19387280815466346 1.366666017177982 4.186471453380832,
            0.18800263350687318 1.4106 4.192945354031208,
            0.19387280815466346 1.4545339828220176 4.186471453380832,
            0.210589651221174 1.4917794150219295 4.168035344117667,
            0.23560817488808805 1.516666017177982 4.140443756753286,
            0.26511953572060004 1.525405029709527 4.1078972603455535,
            0.29463089655311214 1.516666017177982 4.075350763937819,
            0.3196494202200262 1.4917794150219295 4.047759176573438,
            0.33636626328653657 1.454533982822018 4.0293230673102745,
            0.3565386169309332 1.4106 3.9658044718726746,
            0.3480164442390482 1.3468177428924557 3.975203118870917,
            0.32374734970204483 1.2927457562419349 4.001968201059107,
            0.287426082963292 1.2566160098521992 4.042024977300169,
            0.2445822276306617 1.2439289300941194 4.089275166526981,
            0.2017383722980317 1.2566160098521992 4.136525355753793,
            0.16541710555927858 1.2927457562419349 4.176582131994855,
            0.1411480110222752 1.3468177428924557 4.203347214183046,
            0.1326258383303902 1.4106 4.212745861181287,
            0.1411480110222752 1.474382257107544 4.203347214183046,
            0.16541710555927858 1.5284542437580653 4.176582131994855,
            0.2017383722980317 1.564583990147801 4.136525355753793,
            0.2445822276306617 1.5772710699058807 4.089275166526981,
            0.287426082963292 1.564583990147801 4.042024977300169,
            0.32374734970204483 1.5284542437580653 4.001968201059107,
            0.3480164442390482 1.4743822571075444 3.975203118870917,
            0.3594371156931457 1.4106 3.9070656581942904,
            0.34859044727442556 1.3294205849780707 3.9190278668070766,
            0.31770174895972103 1.2606000000000002 3.953093354821836,
            0.27147354506069854 1.2146155552685434 4.004075960492733,
            0.21694366056127262 1.1984679656440358 4.064214044264847,
            0.16241377606184626 1.2146155552685434 4.1243521280369615,
            0.11618557216282388 1.2606000000000002 4.175334733707858,
            0.08529687384811924 1.3294205849780703 4.209400221722616,
            0.07445020542939951 1.4106 4.221362430335404,
            0.08529687384811924 1.4917794150219295 4.209400221722616,
            0.11618557216282388 1.5606 4.175334733707858,
            0.16241377606184626 1.6065844447314563 4.1243521280369615,
            0.21694366056127262 1.6227320343559644 4.064214044264847,
            0.27147354506069854 1.6065844447314563 4.004075960492733,
            0.31770174895972103 1.5606 3.953093354821836,
            0.34859044727442556 1.4917794150219295 3.9190278668070766,
            0.3508205465390292 1.4106 3.8488900252933,
            0.3380662137779235 1.3151431064570374 3.8629560945521266,
            0.30174494703917076 1.2342186596370963 3.903012870793189,
            0.24738632993064263 1.180146672986575 3.962962072949364,
            0.18326596914502197 1.1611591163092363 4.033676978433245,
            0.11914560835940113 1.180146672986575 4.104391883917127,
            0.06478699125087328 1.2342186596370963 4.1643410860733026,
            0.028465724512120483 1.3151431064570374 4.204397862314364,
            0.01571139175101499 1.4106 4.218463931573191,
            0.028465724512120483 1.5060568935429623 4.204397862314364,
            0.06478699125087328 1.5869813403629038 4.1643410860733026,
            0.1191456083594008 1.6410533270134247 4.104391883917127,
            0.18326596914502197 1.6600408836907636 4.033676978433245,
            0.24738632993064263 1.6410533270134247 3.962962072949364,
            0.30174494703917076 1.5869813403629038 3.903012870793189,
            0.3380662137779235 1.5060568935429628 3.8629560945521266,
            0.33102003938894886 1.4106 3.7935132301168153,
            0.31684818414075494 1.3045339828220177 3.8091426088684095,
            0.27649015488952267 1.2146155552685434 3.853651313888932,
            0.21609009574230637 1.1545339828220178 3.920263298311423,
            0.14484336817636972 1.1334361402466138 3.998837491346701,
            0.07359664061043314 1.1545339828220178 4.077411684381979,
            0.013196581463217005 1.2146155552685434 4.14402366880447,
            -0.027161447788015214 1.3045339828220177 4.188532373824992,
            -0.0413333030362093 1.4106 4.204161752576586,
            -0.027161447788015214 1.516666017177982 4.188532373824992,
            0.013196581463217005 1.6065844447314563 4.14402366880447,
            0.07359664061043314 1.666666017177982 4.07741168438198,
            0.14484336817636972 1.6877638597533862 3.998837491346701,
            0.21609009574230637 1.666666017177982 3.920263298311423,
            0.27649015488952267 1.6065844447314563 3.853651313888932,
            0.31684818414075494 1.5166660171779824 3.8091426088684095,
            0.3007965166284302 1.4106 3.743063371847809,
            0.285751755342668 1.2980009167446402 3.759655431831801,
            0.24290790001003787 1.202544023201678 3.806905621058614,
            0.17878753922441715 1.1387617660941336 3.8776205265424952,
            0.10315241666289854 1.1163644158790307 3.9610344449557404,
            0.02751729410137993 1.1387617660941336 4.044448363368985,
            -0.036603066684240626 1.202544023201678 4.115163268852865,
            -0.07944692201687076 1.2980009167446402 4.162413458079677,
            -0.09449168330263324 1.4106 4.17900551806367,
            -0.07944692201687076 1.5231990832553595 4.162413458079677,
            -0.03660306668424085 1.6186559767983222 4.115163268852865,
            0.027517294101379763 1.682438233905866 4.044448363368985,
            0.10315241666289854 1.704835584120969 3.9610344449557404,
            0.17878753922441715 1.682438233905866 3.8776205265424943,
            0.24290790001003787 1.6186559767983222 3.806905621058614,
            0.285751755342668 1.52319908325536 3.759655431831801,
            0.2613114512876127 1.4106 3.699479210246949,
            0.24597194570329456 1.2957949702904732 3.716396327903089,
            0.2022887296225886 1.1984679656440358 3.764572203062417,
            0.13691217670444222 1.133436140246614 3.8366724954473206,
            0.05979527449071553 1.1106 3.921720589132974,
            -0.017321627723011268 1.133436140246614 4.006768682818628,
            -0.08269818064115764 1.1984679656440358 4.07886897520353,
            -0.12638139672186355 1.2957949702904732 4.127044850362858,
            -0.14172090230618173 1.4106 4.143961968018999,
            -0.12638139672186355 1.525405029709527 4.127044850362858,
            -0.08269818064115764 1.6227320343559644 4.07886897520353,
            -0.017321627723011268 1.6877638597533862 4.006768682818628,
            0.05979527449071553 1.7106 3.921720589132974,
            0.13691217670444222 1.6877638597533862 3.8366724954473206,
            0.2022887296225886 1.6227320343559644 3.764572203062417,
            0.24597194570329456 1.525405029709527 3.716396327903089,
            0.2820366533767407 1.4106 4.123236765929872,
            -0.8843104743943058 1.4106 2.5948021365513467,
            -0.9040871519722575 1.2957949702904732 2.606220206674653,
            -0.9604063648208987 1.1984679656440358 2.6387361193733643,
            -1.0446940233189599 1.133436140246614 2.687399621696583,
            -1.1441180955296373 1.1106 2.744802136551346,
            -1.243542167740315 1.133436140246614 2.80220465140611,
            -1.327829826238376 1.1984679656440358 2.850868153729328,
            -1.3841490390870173 1.2957949702904732 2.8833840664280395,
            -1.4039257166649695 1.4106 2.8948021365513457,
            -1.3841490390870173 1.525405029709527 2.8833840664280395,
            -1.327829826238376 1.6227320343559644 2.850868153729328,
            -1.2435421677403158 1.6877638597533862 2.80220465140611,
            -1.1441180955296373 1.7106 2.744802136551346,
            -1.0446940233189599 1.6877638597533862 2.6873996216965828,
            -0.9604063648208991 1.6227320343559644 2.6387361193733643,
            -0.9040871519722575 1.5254050297095274 2.6062202066746534,
            -0.9043403476429166 1.4106 2.580553882642146,
            -0.9263983652798804 1.2957949702904732 2.586464310654602,
            -0.9892142849619714 1.1984679656440358 2.6032957856052366,
            -1.0832249523453212 1.133436140246614 2.6284858680105163,
            -1.194118095529637 1.1106 2.6581995961729024,
            -1.3050112387139532 1.133436140246614 2.6879133243352884,
            -1.3990219060973035 1.1984679656440358 2.713103406740568,
            -1.4618378257793945 1.2957949702904732 2.729934881691203,
            -1.4838958434163578 1.4106 2.7358453097036586,
            -1.4618378257793945 1.525405029709527 2.729934881691203,
            -1.3990219060973035 1.6227320343559644 2.713103406740568,
            -1.305011238713954 1.6877638597533862 2.6879133243352884,
            -1.194118095529637 1.7106 2.6581995961729024,
            -1.0832249523453212 1.6877638597533862 2.6284858680105163,
            -0.9892142849619714 1.6227320343559644 2.6032957856052366,
            -0.9263983652798804 1.5254050297095274 2.586464310654602,
            -0.9200000000398894 1.4106 2.5616070135439957,
            -0.9428361402865031 1.2957949702904732 2.5616070135439957,
            -1.007867965683925 1.1984679656440358 2.5616070135439957,
            -1.1051949703303623 1.133436140246614 2.5616070135439957,
            -1.2200000000398898 1.1106 2.5616070135439957,
            -1.3348050297494167 1.133436140246614 2.5616070135439957,
            -1.4321320343958537 1.1984679656440358 2.5616070135439957,
            -1.4971638597932755 1.2957949702904732 2.5616070135439957,
            -1.5200000000398897 1.4106 2.5616070135439957,
            -1.4971638597932755 1.525405029709527 2.5616070135439957,
            -1.4321320343958537 1.6227320343559644 2.5616070135439957,
            -1.3348050297494167 1.6877638597533862 2.5616070135439957,
            -1.2200000000398898 1.7106 2.5616070135439957,
            -1.1051949703303623 1.6877638597533862 2.5616070135439957,
            -1.0078679656839253 1.6227320343559644 2.5616070135439957,
            -0.9428361402865031 1.5254050297095274 2.5616070135439957,
            -0.9200000000398894 1.4106 0.4000000135439954,
            -0.9428361402865031 1.2957949702904732 0.4000000135439954,
            -1.007867965683925 1.1984679656440358 0.4000000135439954,
            -1.1051949703303623 1.133436140246614 0.4000000135439954,
            -1.2200000000398898 1.1106 0.4000000135439954,
            -1.3348050297494167 1.133436140246614 0.4000000135439954,
            -1.4321320343958537 1.1984679656440358 0.4000000135439954,
            -1.4971638597932755 1.2957949702904732 0.4000000135439956,
            -1.5200000000398897 1.4106 0.4000000135439954,
            -1.4971638597932755 1.525405029709527 0.4000000135439956,
            -1.4321320343958537 1.6227320343559644 0.4000000135439954,
            -1.3348050297494167 1.6877638597533862 0.4000000135439954,
            -1.2200000000398898 1.7106 0.4000000135439954,
            -1.1051949703303623 1.6877638597533862 0.4000000135439954,
            -1.0078679656839253 1.6227320343559644 0.4000000135439954,
            -0.9428361402865031 1.5254050297095274 0.4000000135439956,
            -1.0900000010398894 1.4106 0.10000001354399557,
            -1.0998956617373015 1.3608511541752217 0.10000001354399557,
            -1.1280761191927446 1.3186761191528555 0.10000001354399557,
            -1.1702511542151113 1.2904956616974124 0.10000001354399557,
            -1.2200000000398898 1.2806000010000003 0.10000001354399557,
            -1.2697488458646682 1.2904956616974124 0.10000001354399557,
            -1.311923880887034 1.3186761191528555 0.10000001354399557,
            -1.340104338342477 1.3608511541752217 0.10000001354399557,
            -1.3499999990398897 1.4106 0.10000001354399557,
            -1.340104338342477 1.4603488458247784 0.10000001354399557,
            -1.311923880887034 1.5025238808471442 0.10000001354399557,
            -1.2697488458646682 1.5307043383025878 0.10000001354399557,
            -1.2200000000398898 1.5405999989999999 0.10000001354399557,
            -1.1702511542151113 1.5307043383025878 0.10000001354399535,
            -1.1280761191927446 1.5025238808471446 0.10000001354399557,
            -1.0998956617373015 1.4603488458247784 0.10000001354399557 ]
        }
        coordIndex [
          0, 1, 17, 16, -1,
          0, 15, 50, 49, -1,
          0, 16, 31, 15, -1,
          0, 49, 48, 1, -1,
          1, 2, 18, 17, -1,
          1, 48, 63, 2, -1,
          2, 3, 19, 18, -1,
          2, 63, 62, 3, -1,
          3, 4, 20, 19, -1,
          3, 62, 61, 4, -1,
          4, 5, 21, 20, -1,
          4, 61, 60, 5, -1,
          5, 6, 22, 21, -1,
          5, 60, 59, 6, -1,
          6, 7, 23, 22, -1,
          6, 59, 58, 7, -1,
          7, 8, 24, 23, -1,
          7, 58, 57, 8, -1,
          8, 9, 25, 24, -1,
          8, 57, 56, 9, -1,
          9, 10, 26, 25, -1,
          9, 56, 55, 10, -1,
          10, 11, 27, 26, -1,
          10, 55, 54, 11, -1,
          11, 12, 28, 27, -1,
          11, 54, 53, 12, -1,
          12, 13, 29, 28, -1,
          12, 53, 52, 13, -1,
          13, 14, 30, 29, -1,
          13, 52, 51, 14, -1,
          14, 15, 31, 30, -1,
          14, 51, 50, 15, -1,
          16, 17, 33, 32, -1,
          16, 32, 47, 31, -1,
          17, 18, 34, 33, -1,
          18, 19, 35, 34, -1,
          19, 20, 36, 35, -1,
          20, 21, 37, 36, -1,
          21, 22, 38, 37, -1,
          22, 23, 39, 38, -1,
          23, 24, 40, 39, -1,
          24, 25, 41, 40, -1,
          25, 26, 42, 41, -1,
          26, 27, 43, 42, -1,
          27, 28, 44, 43, -1,
          28, 29, 45, 44, -1,
          29, 30, 46, 45, -1,
          30, 31, 47, 46, -1,
          32, 33, 65, 64, -1,
          32, 64, 79, 47, -1,
          33, 34, 66, 65, -1,
          34, 35, 67, 66, -1,
          35, 36, 68, 67, -1,
          36, 37, 69, 68, -1,
          37, 38, 70, 69, -1,
          38, 39, 71, 70, -1,
          39, 40, 72, 71, -1,
          40, 41, 73, 72, -1,
          41, 42, 74, 73, -1,
          42, 43, 75, 74, -1,
          43, 44, 76, 75, -1,
          44, 45, 77, 76, -1,
          45, 46, 78, 77, -1,
          46, 47, 79, 78, -1,
          48, 49, 81, 80, -1,
          48, 80, 95, 63, -1,
          49, 50, 82, 81, -1,
          50, 51, 83, 82, -1,
          51, 52, 84, 83, -1,
          52, 53, 85, 84, -1,
          53, 54, 86, 85, -1,
          54, 55, 87, 86, -1,
          55, 56, 88, 87, -1,
          56, 57, 89, 88, -1,
          57, 58, 90, 89, -1,
          58, 59, 91, 90, -1,
          59, 60, 92, 91, -1,
          60, 61, 93, 92, -1,
          61, 62, 94, 93, -1,
          62, 63, 95, 94, -1,
          64, 65, 66, 67, 68, 69, 70, 71, 72, 73, 74, 75, 76, 77, 78, 79, -1,
          80, 81, 82, 83, 84, 85, 86, 87, 88, 89, 90, 91, 92, 93, 94, 95, -1,
          96, 97, 225, 224, -1,
          96, 111, 256, 241, -1,
          96, 224, 239, 111, -1,
          96, 241, 242, 97, -1,
          97, 98, 226, 225, -1,
          97, 242, 243, 98, -1,
          98, 99, 227, 226, -1,
          98, 243, 244, 99, -1,
          99, 100, 228, 227, -1,
          99, 244, 245, 100, -1,
          100, 101, 229, 228, -1,
          100, 245, 246, 101, -1,
          101, 102, 230, 229, -1,
          101, 246, 247, 102, -1,
          102, 103, 231, 230, -1,
          102, 247, 248, 103, -1,
          103, 104, 232, 231, -1,
          103, 248, 249, 104, -1,
          104, 105, 233, 232, -1,
          104, 249, 250, 105, -1,
          105, 106, 234, 233, -1,
          105, 250, 251, 106, -1,
          106, 107, 235, 234, -1,
          106, 251, 252, 107, -1,
          107, 108, 236, 235, -1,
          107, 252, 253, 108, -1,
          108, 109, 237, 236, -1,
          108, 253, 254, 109, -1,
          109, 110, 238, 237, -1,
          109, 254, 255, 110, -1,
          110, 111, 239, 238, -1,
          110, 255, 256, 111, -1,
          112, 113, 240, -1,
          112, 127, 143, 128, -1,
          112, 128, 129, 113, -1,
          112, 240, 127, -1,
          113, 114, 240, -1,
          113, 129, 130, 114, -1,
          114, 115, 240, -1,
          114, 130, 131, 115, -1,
          115, 116, 240, -1,
          115, 131, 132, 116, -1,
          116, 117, 240, -1,
          116, 132, 133, 117, -1,
          117, 118, 240, -1,
          117, 133, 134, 118, -1,
          118, 119, 240, -1,
          118, 134, 135, 119, -1,
          119, 120, 240, -1,
          119, 135, 136, 120, -1,
          120, 121, 240, -1,
          120, 136, 137, 121, -1,
          121, 122, 240, -1,
          121, 137, 138, 122, -1,
          122, 123, 240, -1,
          122, 138, 139, 123, -1,
          123, 124, 240, -1,
          123, 139, 140, 124, -1,
          124, 125, 240, -1,
          124, 140, 141, 125, -1,
          125, 126, 240, -1,
          125, 141, 142, 126, -1,
          126, 127, 240, -1,
          126, 142, 143, 127, -1,
          128, 143, 159, 144, -1,
          128, 144, 145, 129, -1,
          129, 145, 146, 130, -1,
          130, 146, 147, 131, -1,
          131, 147, 148, 132, -1,
          132, 148, 149, 133, -1,
          133, 149, 150, 134, -1,
          134, 150, 151, 135, -1,
          135, 151, 152, 136, -1,
          136, 152, 153, 137, -1,
          137, 153, 154, 138, -1,
          138, 154, 155, 139, -1,
          139, 155, 156, 140, -1,
          140, 156, 157, 141, -1,
          141, 157, 158, 142, -1,
          142, 158, 159, 143, -1,
          144, 159, 175, 160, -1,
          144, 160, 161, 145, -1,
          145, 161, 162, 146, -1,
          146, 162, 163, 147, -1,
          147, 163, 164, 148, -1,
          148, 164, 165, 149, -1,
          149, 165, 166, 150, -1,
          150, 166, 167, 151, -1,
          151, 167, 168, 152, -1,
          152, 168, 169, 153, -1,
          153, 169, 170, 154, -1,
          154, 170, 171, 155, -1,
          155, 171, 172, 156, -1,
          156, 172, 173, 157, -1,
          157, 173, 174, 158, -1,
          158, 174, 175, 159, -1,
          160, 175, 191, 176, -1,
          160, 176, 177, 161, -1,
          161, 177, 178, 162, -1,
          162, 178, 179, 163, -1,
          163, 179, 180, 164, -1,
          164, 180, 181, 165, -1,
          165, 181, 182, 166, -1,
          166, 182, 183, 167, -1,
          167, 183, 184, 168, -1,
          168, 184, 185, 169, -1,
          169, 185, 186, 170, -1,
          170, 186, 187, 171, -1,
          171, 187, 188, 172, -1,
          172, 188, 189, 173, -1,
          173, 189, 190, 174, -1,
          174, 190, 191, 175, -1,
          176, 191, 207, 192, -1,
          176, 192, 193, 177, -1,
          177, 193, 194, 178, -1,
          178, 194, 195, 179, -1,
          179, 195, 196, 180, -1,
          180, 196, 197, 181, -1,
          181, 197, 198, 182, -1,
          182, 198, 199, 183, -1,
          183, 199, 200, 184, -1,
          184, 200, 201, 185, -1,
          185, 201, 202, 186, -1,
          186, 202, 203, 187, -1,
          187, 203, 204, 188, -1,
          188, 204, 205, 189, -1,
          189, 205, 206, 190, -1,
          190, 206, 207, 191, -1,
          192, 207, 223, 208, -1,
          192, 208, 209, 193, -1,
          193, 209, 210, 194, -1,
          194, 210, 211, 195, -1,
          195, 211, 212, 196, -1,
          196, 212, 213, 197, -1,
          197, 213, 214, 198, -1,
          198, 214, 215, 199, -1,
          199, 215, 216, 200, -1,
          200, 216, 217, 201, -1,
          201, 217, 218, 202, -1,
          202, 218, 219, 203, -1,
          203, 219, 220, 204, -1,
          204, 220, 221, 205, -1,
          205, 221, 222, 206, -1,
          206, 222, 223, 207, -1,
          208, 223, 239, 224, -1,
          208, 224, 225, 209, -1,
          209, 225, 226, 210, -1,
          210, 226, 227, 211, -1,
          211, 227, 228, 212, -1,
          212, 228, 229, 213, -1,
          213, 229, 230, 214, -1,
          214, 230, 231, 215, -1,
          215, 231, 232, 216, -1,
          216, 232, 233, 217, -1,
          217, 233, 234, 218, -1,
          218, 234, 235, 219, -1,
          219, 235, 236, 220, -1,
          220, 236, 237, 221, -1,
          221, 237, 238, 222, -1,
          222, 238, 239, 223, -1,
          241, 256, 272, 257, -1,
          241, 257, 258, 242, -1,
          242, 258, 259, 243, -1,
          243, 259, 260, 244, -1,
          244, 260, 261, 245, -1,
          245, 261, 262, 246, -1,
          246, 262, 263, 247, -1,
          247, 263, 264, 248, -1,
          248, 264, 265, 249, -1,
          249, 265, 266, 250, -1,
          250, 266, 267, 251, -1,
          251, 267, 268, 252, -1,
          252, 268, 269, 253, -1,
          253, 269, 270, 254, -1,
          254, 270, 271, 255, -1,
          255, 271, 272, 256, -1,
          257, 272, 288, 273, -1,
          257, 273, 274, 258, -1,
          258, 274, 275, 259, -1,
          259, 275, 276, 260, -1,
          260, 276, 277, 261, -1,
          261, 277, 278, 262, -1,
          262, 278, 279, 263, -1,
          263, 279, 280, 264, -1,
          264, 280, 281, 265, -1,
          265, 281, 282, 266, -1,
          266, 282, 283, 267, -1,
          267, 283, 284, 268, -1,
          268, 284, 285, 269, -1,
          269, 285, 286, 270, -1,
          270, 286, 287, 271, -1,
          271, 287, 288, 272, -1,
          273, 288, 304, 289, -1,
          273, 289, 290, 274, -1,
          274, 290, 291, 275, -1,
          275, 291, 292, 276, -1,
          276, 292, 293, 277, -1,
          277, 293, 294, 278, -1,
          278, 294, 295, 279, -1,
          279, 295, 296, 280, -1,
          280, 296, 297, 281, -1,
          281, 297, 298, 282, -1,
          282, 298, 299, 283, -1,
          283, 299, 300, 284, -1,
          284, 300, 301, 285, -1,
          285, 301, 302, 286, -1,
          286, 302, 303, 287, -1,
          287, 303, 304, 288, -1,
          289, 304, 320, 305, -1,
          289, 305, 306, 290, -1,
          290, 306, 307, 291, -1,
          291, 307, 308, 292, -1,
          292, 308, 309, 293, -1,
          293, 309, 310, 294, -1,
          294, 310, 311, 295, -1,
          295, 311, 312, 296, -1,
          296, 312, 313, 297, -1,
          297, 313, 314, 298, -1,
          298, 314, 315, 299, -1,
          299, 315, 316, 300, -1,
          300, 316, 317, 301, -1,
          301, 317, 318, 302, -1,
          302, 318, 319, 303, -1,
          303, 319, 320, 304, -1,
          305, 320, 319, 318, 317, 316, 315, 314, 313, 312, 311, 310, 309, 308, 307, 306, -1,
          321, 322, 467, 466, -1,
          321, 336, 464, 449, -1,
          321, 449, 450, 322, -1,
          321, 466, 481, 336, -1,
          322, 323, 468, 467, -1,
          322, 450, 451, 323, -1,
          323, 324, 469, 468, -1,
          323, 451, 452, 324, -1,
          324, 325, 470, 469, -1,
          324, 452, 453, 325, -1,
          325, 326, 471, 470, -1,
          325, 453, 454, 326, -1,
          326, 327, 472, 471, -1,
          326, 454, 455, 327, -1,
          327, 328, 473, 472, -1,
          327, 455, 456, 328, -1,
          328, 329, 474, 473, -1,
          328, 456, 457, 329, -1,
          329, 330, 475, 474, -1,
          329, 457, 458, 330, -1,
          330, 331, 476, 475, -1,
          330, 458, 459, 331, -1,
          331, 332, 477, 476, -1,
          331, 459, 460, 332, -1,
          332, 333, 478, 477, -1,
          332, 460, 461, 333, -1,
          333, 334, 479, 478, -1,
          333, 461, 462, 334, -1,
          334, 335, 480, 479, -1,
          334, 462, 463, 335, -1,
          335, 336, 481, 480, -1,
          335, 463, 464, 336, -1,
          337, 338, 354, 353, -1,
          337, 352, 465, -1,
          337, 353, 368, 352, -1,
          337, 465, 338, -1,
          338, 339, 355, 354, -1,
          338, 465, 339, -1,
          339, 340, 356, 355, -1,
          339, 465, 340, -1,
          340, 341, 357, 356, -1,
          340, 465, 341, -1,
          341, 342, 358, 357, -1,
          341, 465, 342, -1,
          342, 343, 359, 358, -1,
          342, 465, 343, -1,
          343, 344, 360, 359, -1,
          343, 465, 344, -1,
          344, 345, 361, 360, -1,
          344, 465, 345, -1,
          345, 346, 362, 361, -1,
          345, 465, 346, -1,
          346, 347, 363, 362, -1,
          346, 465, 347, -1,
          347, 348, 364, 363, -1,
          347, 465, 348, -1,
          348, 349, 365, 364, -1,
          348, 465, 349, -1,
          349, 350, 366, 365, -1,
          349, 465, 350, -1,
          350, 351, 367, 366, -1,
          350, 465, 351, -1,
          351, 352, 368, 367, -1,
          351, 465, 352, -1,
          353, 354, 370, 369, -1,
          353, 369, 384, 368, -1,
          354, 355, 371, 370, -1,
          355, 356, 372, 371, -1,
          356, 357, 373, 372, -1,
          357, 358, 374, 373, -1,
          358, 359, 375, 374, -1,
          359, 360, 376, 375, -1,
          360, 361, 377, 376, -1,
          361, 362, 378, 377, -1,
          362, 363, 379, 378, -1,
          363, 364, 380, 379, -1,
          364, 365, 381, 380, -1,
          365, 366, 382, 381, -1,
          366, 367, 383, 382, -1,
          367, 368, 384, 383, -1,
          369, 370, 386, 385, -1,
          369, 385, 400, 384, -1,
          370, 371, 387, 386, -1,
          371, 372, 388, 387, -1,
          372, 373, 389, 388, -1,
          373, 374, 390, 389, -1,
          374, 375, 391, 390, -1,
          375, 376, 392, 391, -1,
          376, 377, 393, 392, -1,
          377, 378, 394, 393, -1,
          378, 379, 395, 394, -1,
          379, 380, 396, 395, -1,
          380, 381, 397, 396, -1,
          381, 382, 398, 397, -1,
          382, 383, 399, 398, -1,
          383, 384, 400, 399, -1,
          385, 386, 402, 401, -1,
          385, 401, 416, 400, -1,
          386, 387, 403, 402, -1,
          387, 388, 404, 403, -1,
          388, 389, 405, 404, -1,
          389, 390, 406, 405, -1,
          390, 391, 407, 406, -1,
          391, 392, 408, 407, -1,
          392, 393, 409, 408, -1,
          393, 394, 410, 409, -1,
          394, 395, 411, 410, -1,
          395, 396, 412, 411, -1,
          396, 397, 413, 412, -1,
          397, 398, 414, 413, -1,
          398, 399, 415, 414, -1,
          399, 400, 416, 415, -1,
          401, 402, 418, 417, -1,
          401, 417, 432, 416, -1,
          402, 403, 419, 418, -1,
          403, 404, 420, 419, -1,
          404, 405, 421, 420, -1,
          405, 406, 422, 421, -1,
          406, 407, 423, 422, -1,
          407, 408, 424, 423, -1,
          408, 409, 425, 424, -1,
          409, 410, 426, 425, -1,
          410, 411, 427, 426, -1,
          411, 412, 428, 427, -1,
          412, 413, 429, 428, -1,
          413, 414, 430, 429, -1,
          414, 415, 431, 430, -1,
          415, 416, 432, 431, -1,
          417, 418, 434, 433, -1,
          417, 433, 448, 432, -1,
          418, 419, 435, 434, -1,
          419, 420, 436, 435, -1,
          420, 421, 437, 436, -1,
          421, 422, 438, 437, -1,
          422, 423, 439, 438, -1,
          423, 424, 440, 439, -1,
          424, 425, 441, 440, -1,
          425, 426, 442, 441, -1,
          426, 427, 443, 442, -1,
          427, 428, 444, 443, -1,
          428, 429, 445, 444, -1,
          429, 430, 446, 445, -1,
          430, 431, 447, 446, -1,
          431, 432, 448, 447, -1,
          433, 434, 450, 449, -1,
          433, 449, 464, 448, -1,
          434, 435, 451, 450, -1,
          435, 436, 452, 451, -1,
          436, 437, 453, 452, -1,
          437, 438, 454, 453, -1,
          438, 439, 455, 454, -1,
          439, 440, 456, 455, -1,
          440, 441, 457, 456, -1,
          441, 442, 458, 457, -1,
          442, 443, 459, 458, -1,
          443, 444, 460, 459, -1,
          444, 445, 461, 460, -1,
          445, 446, 462, 461, -1,
          446, 447, 463, 462, -1,
          447, 448, 464, 463, -1,
          466, 467, 483, 482, -1,
          466, 482, 497, 481, -1,
          467, 468, 484, 483, -1,
          468, 469, 485, 484, -1,
          469, 470, 486, 485, -1,
          470, 471, 487, 486, -1,
          471, 472, 488, 487, -1,
          472, 473, 489, 488, -1,
          473, 474, 490, 489, -1,
          474, 475, 491, 490, -1,
          475, 476, 492, 491, -1,
          476, 477, 493, 492, -1,
          477, 478, 494, 493, -1,
          478, 479, 495, 494, -1,
          479, 480, 496, 495, -1,
          480, 481, 497, 496, -1,
          482, 483, 499, 498, -1,
          482, 498, 513, 497, -1,
          483, 484, 500, 499, -1,
          484, 485, 501, 500, -1,
          485, 486, 502, 501, -1,
          486, 487, 503, 502, -1,
          487, 488, 504, 503, -1,
          488, 489, 505, 504, -1,
          489, 490, 506, 505, -1,
          490, 491, 507, 506, -1,
          491, 492, 508, 507, -1,
          492, 493, 509, 508, -1,
          493, 494, 510, 509, -1,
          494, 495, 511, 510, -1,
          495, 496, 512, 511, -1,
          496, 497, 513, 512, -1,
          498, 499, 515, 514, -1,
          498, 514, 529, 513, -1,
          499, 500, 516, 515, -1,
          500, 501, 517, 516, -1,
          501, 502, 518, 517, -1,
          502, 503, 519, 518, -1,
          503, 504, 520, 519, -1,
          504, 505, 521, 520, -1,
          505, 506, 522, 521, -1,
          506, 507, 523, 522, -1,
          507, 508, 524, 523, -1,
          508, 509, 525, 524, -1,
          509, 510, 526, 525, -1,
          510, 511, 527, 526, -1,
          511, 512, 528, 527, -1,
          512, 513, 529, 528, -1,
          514, 515, 531, 530, -1,
          514, 530, 545, 529, -1,
          515, 516, 532, 531, -1,
          516, 517, 533, 532, -1,
          517, 518, 534, 533, -1,
          518, 519, 535, 534, -1,
          519, 520, 536, 535, -1,
          520, 521, 537, 536, -1,
          521, 522, 538, 537, -1,
          522, 523, 539, 538, -1,
          523, 524, 540, 539, -1,
          524, 525, 541, 540, -1,
          525, 526, 542, 541, -1,
          526, 527, 543, 542, -1,
          527, 528, 544, 543, -1,
          528, 529, 545, 544, -1,
          530, 531, 532, 533, 534, 535, 536, 537, 538, 539, 540, 541, 542, 543, 544, 545, -1 ]
        normal Normal {
          vector [
            -0.8575790904835937 2.2681534767065048e-17 0.5143521202107872,
            -0.8476074343545895 -0.07463058518086116 0.5253493247186984,
            -0.8192105602199438 -0.13789934029587897 0.5566667135459846,
            -0.7767116347483689 -0.18017417091146973 0.6035364981365094,
            -0.7265807340891722 -0.1950191172887195 0.6588231786620504,
            -0.6764498334299651 -0.1801741709114726 0.7141098591876014,
            -0.6339509079583697 -0.13789934029587572 0.7609796437781506,
            -0.6055540338237246 -0.07463058518084899 0.7922970326054359,
            -0.5955823776947342 2.28560081114271e-16 0.80329423711333,
            -0.6055540338237249 0.0746305851808487 0.7922970326054358,
            -0.6339509079583666 0.13789934029587597 0.760979643778153,
            -0.6764498334299628 0.1801741709114732 0.7141098591876035,
            -0.7265807340891735 0.19501911728871893 0.6588231786620492,
            -0.7767116347483686 0.18017417091147017 0.6035364981365098,
            -0.8192105602199419 0.13789934029587989 0.5566667135459871,
            -0.8476074343545903 0.07463058518086117 0.5253493247186971,
            -0.9414255054890344 0.0 0.3372210219050945,
            -0.9218645673359757 -0.14639937861516925 0.3587937310371336,
            -0.8661597283902593 -0.2705107789498459 0.4202276090249899,
            -0.7827915454157508 -0.3534393653757233 0.5121699048445021,
            -0.6844520685358504 -0.38256001235897863 0.6206232374161427,
            -0.5861125916559504 -0.35343936537573 0.7290765699877799,
            -0.5027444086814393 -0.2705107789498476 0.8210188658072947,
            -0.4470395697357195 -0.14639937861516633 0.8824527437951541,
            -0.42747863158266136 3.8114871373332893e-16 0.9040254529271925,
            -0.4470395697357192 0.14639937861516578 0.8824527437951545,
            -0.50274440868144 0.2705107789498471 0.8210188658072944,
            -0.5861125916559506 0.3534393653757298 0.72907656998778,
            -0.6844520685358508 0.38256001235897735 0.6206232374161429,
            -0.782791545415751 0.35343936537572296 0.5121699048445021,
            -0.8661597283902587 0.2705107789498463 0.420227609024991,
            -0.9218645673359757 0.14639937861516925 0.3587937310371336,
            -0.9891189717406627 0.0 0.14711784304663414,
            -0.9607191040927243 -0.212552329744018 0.1784385332591126,
            -0.8798431235528683 -0.3927454940761732 0.2676323127344579,
            -0.7588036650156977 -0.5131467171820014 0.40112023709117406,
            -0.6160278888180702 -0.5554260042834467 0.5585799799169999,
            -0.4732521126204452 -0.5131467171820038 0.7160397227428226,
            -0.3522126540832739 -0.39274549407617604 0.8495276470995375,
            -0.27133667354341384 -0.21255232974401542 0.9387214265748846,
            -0.24293680589547337 3.7883082698259065e-16 0.9700421167873615,
            -0.27133667354341345 0.2125523297440148 0.9387214265748848,
            -0.352212654083274 0.39274549407617576 0.8495276470995378,
            -0.4732521126204448 0.5131467171820041 0.7160397227428226,
            -0.6160278888180702 0.5554260042834467 0.5585799799169999,
            -0.7588036650156977 0.5131467171820018 0.40112023709117367,
            -0.879843123552868 0.3927454940761738 0.2676323127344583,
            -0.9607191040927243 0.21255232974401797 0.1784385332591126,
            -0.998815224448045 0.0 -0.048663614855468905,
            -0.9626664022308615 -0.2705476122288393 -0.008797018424603028,
            -0.8597232660719871 -0.4999068030160504 0.10473344295298939,
            -0.7056579752697574 -0.6531597147105218 0.27464378568876513,
            -0.523925573743472 -0.7069749807478748 0.4750667003422948,
            -0.34219317221718815 -0.653159714710522 0.6754896149958245,
            -0.188127881414958 -0.4999068030160522 0.845399957731599,
            -0.08518474525608494 -0.27054761222883805 0.9589304191091919,
            -0.049035923038902196 3.7317622927677155e-16 0.998797015540056,
            -0.08518474525608458 0.27054761222883744 0.958930419109192,
            -0.18812788141495798 0.4999068030160523 0.845399957731599,
            -0.34219317221718726 0.6531597147105227 0.6754896149958244,
            -0.5239255737434717 0.7069749807478749 0.47506670034229487,
            -0.7056579752697572 0.6531597147105223 0.2746437856887645,
            -0.8597232660719866 0.4999068030160511 0.10473344295298988,
            -0.9626664022308616 0.2705476122288392 -0.008797018424603028,
            -0.9701257259969204 0.0 -0.24260271177162918,
            -0.9276161401501807 -0.31815329635290923 -0.19572117042532297,
            -0.8065590817047723 -0.5878706374029011 -0.06221383607414959,
            -0.6253843904240427 -0.7680900029688985 0.13759400987392567,
            -0.4116742707028142 -0.8313746283360974 0.37328343413594167,
            -0.19796415098158873 -0.768090002968898 0.608972858397956,
            -0.016789459700862645 -0.5878706374028989 0.8087807043460312,
            0.10426759874454368 -0.31815329635290635 0.9422880386972058,
            0.14677718459128353 3.6039935189164626e-16 0.9891695800435112,
            0.10426759874454436 0.3181532963529062 0.9422880386972057,
            -0.016789459700862517 0.5878706374028981 0.8087807043460319,
            -0.1979641509815894 0.7680900029688967 0.6089728583979573,
            -0.4116742707028155 0.8313746283360965 0.3732834341359425,
            -0.625384390424043 0.7680900029688985 0.13759400987392506,
            -0.8065590817047716 0.587870637402902 -0.06221383607414984,
            -0.9276161401501805 0.3181532963529096 -0.19572117042532328,
            -0.9041381149524639 0.0 -0.42724029431949095,
            -0.8569011423517567 -0.35353434392021216 -0.3751451717737543,
            -0.7223816254238704 -0.6532462887753778 -0.2267908143006737,
            -0.5210589411986202 -0.8535074078568453 -0.004762827989925359,
            -0.283582643354621 -0.9238297611560274 0.25713703893139006,
            -0.046106345510621524 -0.8535074078568443 0.519036905852701,
            0.15521633871463242 -0.6532462887753773 0.7410648921634468,
            0.28973585564251886 -0.3535343439202105 0.8894192496365275,
            0.33697282824322383 3.6150262539523024e-16 0.9415143721822641,
            0.28973585564251886 0.3535343439202104 0.8894192496365277,
            0.15521633871463364 0.6532462887753765 0.7410648921634472,
            -0.046106345510619505 0.8535074078568445 0.519036905852701,
            -0.28358264335462047 0.9238297611560279 0.25713703893138906,
            -0.521058941198621 0.8535074078568449 -0.004762827989925905,
            -0.7223816254238707 0.6532462887753778 -0.22679081430067308,
            -0.8569011423517566 0.35353434392021277 -0.37514517177375406,
            -0.8033792126625704 0.0 -0.5954677494723527,
            -0.7532307076778633 -0.37532504375783676 -0.540161654080779,
            -0.6104198480103316 -0.6935102519335367 -0.3826632195784256,
            -0.39668829246069187 -0.9061148109384428 -0.14695015489141375,
            -0.1445747328800007 -0.9807716039291877 0.1310923626259168,
            0.10753882670069084 -0.9061148109384419 0.40913488014324845,
            0.32127038225033167 -0.6935102519335351 0.6448479448302602,
            0.4640812419178629 -0.375325043757838 0.8023463793326117,
            0.5142297469025696 2.841083553007812e-16 0.8576524747241852,
            0.4640812419178619 0.3753250437578373 0.8023463793326125,
            0.32127038225033083 0.6935102519335351 0.6448479448302608,
            0.10753882670069097 0.9061148109384422 0.40913488014324834,
            -0.1445747328800011 0.9807716039291876 0.13109236262591767,
            -0.3966882924606936 0.9061148109384422 -0.14695015489141314,
            -0.6104198480103326 0.6935102519335362 -0.3826632195784246,
            -0.7532307076778635 0.375325043757837 -0.5401616540807785,
            -0.7408045962867519 1.4383448736425165e-16 0.6717205893229883,
            -0.65260382842089 8.471355914682367e-16 -0.7576993091790419,
            -0.637518018257674 -0.36685822032599597 -0.6774849242426367,
            -0.5343492616716695 -0.6965551076722822 -0.4788338422945866,
            -0.30496254672097584 -0.9215514552025027 -0.24029307212569914,
            0.0012461981337139386 -0.9999961671322545 -0.0024723897370378385,
            0.3189389708946434 -0.9231577901084271 0.2146104084306979,
            0.5913949893541808 -0.7055877521934231 0.3903817241129523,
            0.7741192422055888 -0.38147044309371997 0.5051927353920738,
            0.8383526686690417 0.0 0.5451282444851817,
            0.7741192422055888 0.38147044309371997 0.5051927353920738,
            0.5913949893541811 0.7055877521934227 0.39038172411295224,
            0.31893897089464457 0.9231577901084267 0.2146104084306982,
            0.0012461981337140735 0.9999961671322544 -0.0024723897370380198,
            -0.3049625467209769 0.921551455202502 -0.2402930721257003,
            -0.5343492616716701 0.6965551076722823 -0.47883384229458587,
            -0.6375180182576754 0.3668582203259977 -0.6774849242426344,
            -0.7225807707860752 1.917714503542879e-16 -0.6912865033328811,
            -0.7167038715245619 -0.3591452288359835 -0.5977878094659118,
            -0.6085917978111136 -0.6932995542856767 -0.38594267924695574,
            -0.34674731609802223 -0.9212749655540378 -0.17612136901076167,
            0.0010680053316873856 -0.999991807791792 -0.0039043199043154587,
            0.3594057396919749 -0.9233629766711603 0.13501232384282064,
            0.6660035254647074 -0.7061318148888338 0.2404519995142119,
            0.8716174971802886 -0.3819676306660661 0.30721925026358843,
            0.9439262609311322 0.0 0.33015634769692404,
            0.8716174971802886 0.38196763066606604 0.30721925026358843,
            0.6660035254647076 0.7061318148888335 0.24045199951421234,
            0.359405739691976 0.9233629766711597 0.13501232384282164,
            0.0010680053316872585 0.999991807791792 -0.0039043199043153824,
            -0.34674731609802334 0.921274965554037 -0.17612136901076267,
            -0.6085917978111137 0.693299554285677 -0.3859426792469553,
            -0.7167038715245629 0.3591452288359849 -0.5977878094659097,
            0.8575790904835935 -1.9192067879824272e-17 0.5143521202107876,
            0.8476074343545967 -0.07463058518085992 0.5253493247186868,
            0.8192105602199535 -0.13789934029587594 0.5566667135459711,
            0.7767116347483666 -0.18017417091146753 0.6035364981365131,
            0.7265807340891611 -0.19501911728872193 0.658823178662062,
            0.6764498334299529 -0.18017417091147628 0.714109859187612,
            0.6339509079583675 -0.1378993402958781 0.7609796437781519,
            0.6055540338237257 -0.07463058518085836 0.7922970326054344,
            0.5955823776947284 2.529863493249563e-16 0.8032942371133344,
            0.6055540338237271 0.07463058518085808 0.7922970326054334,
            0.6339509079583661 0.13789934029587858 0.7609796437781532,
            0.6764498334299512 0.18017417091147694 0.7141098591876134,
            0.7265807340891568 0.19501911728872207 0.6588231786620667,
            0.7767116347483675 0.18017417091146826 0.6035364981365118,
            0.8192105602199564 0.13789934029587614 0.5566667135459666,
            0.8476074343545958 0.0746305851808599 0.5253493247186883,
            0.9414255054890347 0.0 0.33722102190509357,
            0.9218645673359761 -0.14639937861516628 0.3587937310371333,
            0.8661597283902603 -0.2705107789498442 0.42022760902498885,
            0.7827915454157506 -0.35343936537572324 0.5121699048445026,
            0.6844520685358485 -0.38256001235897663 0.620623237416146,
            0.5861125916559495 -0.35343936537572546 0.7290765699877828,
            0.5027444086814419 -0.2705107789498494 0.8210188658072926,
            0.44703956973572423 -0.14639937861516875 0.8824527437951514,
            0.4274786315826639 3.741551593529006e-16 0.9040254529271912,
            0.4470395697357239 0.1463993786151682 0.8824527437951517,
            0.5027444086814424 0.2705107789498489 0.8210188658072923,
            0.5861125916559495 0.3534393653757251 0.7290765699877831,
            0.6844520685358488 0.38256001235897535 0.6206232374161463,
            0.7827915454157509 0.35343936537572285 0.5121699048445026,
            0.8661597283902597 0.27051077894984454 0.4202276090249899,
            0.9218645673359761 0.14639937861516628 0.35879373103713336,
            0.9891189717406625 0.0 0.14711784304663522,
            0.9607191040927244 -0.21255232974401733 0.17843853325911252,
            0.8798431235528684 -0.3927454940761738 0.2676323127344568,
            0.7588036650156972 -0.5131467171820031 0.401120237091173,
            0.6160278888180689 -0.5554260042834486 0.5585799799169994,
            0.47325211262044214 -0.5131467171820034 0.7160397227428248,
            0.3522126540832716 -0.39274549407617926 0.849527647099537,
            0.27133667354341395 -0.21255232974402022 0.9387214265748834,
            0.24293680589547267 3.7181544129772813e-16 0.9700421167873616,
            0.2713366735434135 0.21255232974401958 0.9387214265748836,
            0.3522126540832717 0.39274549407617904 0.8495276470995371,
            0.47325211262044176 0.5131467171820039 0.7160397227428248,
            0.616027888818069 0.5554260042834487 0.5585799799169994,
            0.7588036650156972 0.5131467171820034 0.40112023709117256,
            0.879843123552868 0.3927454940761744 0.26763231273445726,
            0.9607191040927244 0.21255232974401728 0.1784385332591125,
            0.998815224448045 0.0 -0.0486636148554685,
            0.9626664022308614 -0.27054761222883955 -0.008797018424603082,
            0.8597232660719873 -0.49990680301605006 0.10473344295298977,
            0.7056579752697574 -0.6531597147105213 0.27464378568876635,
            0.523925573743472 -0.706974980747874 0.4750667003422958,
            0.342193172217188 -0.6531597147105208 0.6754896149958258,
            0.18812788141496012 -0.49990680301605134 0.845399957731599,
            0.0851847452560852 -0.27054761222884033 0.9589304191091911,
            0.04903592303889868 3.80217290206522e-16 0.9987970155400562,
            0.08518474525608483 0.2705476122288398 0.9589304191091913,
            0.18812788141496 0.4999068030160518 0.8453999577315988,
            0.3421931722171864 0.6531597147105223 0.6754896149958253,
            0.5239255737434709 0.7069749807478753 0.47506670034229526,
            0.7056579752697567 0.6531597147105224 0.2746437856887652,
            0.8597232660719866 0.4999068030160511 0.10473344295299016,
            0.9626664022308614 0.27054761222883955 -0.00879701842460308,
            0.9701257259969207 0.0 -0.24260271177162784,
            0.927616140150181 -0.31815329635290873 -0.19572117042532178,
            0.8065590817047728 -0.5878706374029007 -0.06221383607414867,
            0.6253843904240427 -0.7680900029688984 0.13759400987392592,
            0.41167427070281526 -0.8313746283360964 0.37328343413594267,
            0.1979641509815904 -0.768090002968896 0.6089728583979581,
            0.016789459700863783 -0.5878706374028978 0.808780704346032,
            -0.10426759874454355 -0.3181532963529061 0.9422880386972057,
            -0.14677718459128347 3.815993137676254e-16 0.9891695800435112,
            -0.10426759874454422 0.31815329635290596 0.9422880386972057,
            0.016789459700863752 0.5878706374028976 0.8087807043460322,
            0.19796415098159073 0.7680900029688955 0.6089728583979587,
            0.41167427070281565 0.8313746283360963 0.3732834341359425,
            0.6253843904240421 0.7680900029688992 0.13759400987392495,
            0.8065590817047716 0.5878706374029022 -0.062213836074148814,
            0.9276161401501809 0.3181532963529091 -0.1957211704253221,
            0.9041381149524648 0.0 -0.4272402943194889,
            0.8569011423517573 -0.3535343439202118 -0.3751451717737533,
            0.7223816254238706 -0.6532462887753777 -0.22679081430067335,
            0.52105894119862 -0.8535074078568454 -0.004762827989925941,
            0.28358264335461936 -0.9238297611560284 0.25713703893138806,
            0.04610634551061726 -0.8535074078568453 0.5190369058526997,
            -0.15521633871463839 -0.6532462887753779 0.7410648921634451,
            -0.2897358556425233 -0.35353434392021255 0.8894192496365253,
            -0.33697282824322683 3.68590912167686e-16 0.9415143721822629,
            -0.28973585564252335 0.3535343439202124 0.8894192496365254,
            -0.15521633871463844 0.6532462887753768 0.7410648921634458,
            0.046106345510617215 0.8535074078568451 0.5190369058527002,
            0.2835826433546195 0.9238297611560288 0.257137038931387,
            0.52105894119862 0.8535074078568454 -0.004762827989926202,
            0.7223816254238704 0.6532462887753783 -0.22679081430067236,
            0.8569011423517572 0.35353434392021227 -0.37514517177375306,
            0.803379212662569 0.0 -0.5954677494723545,
            0.7532307076778616 -0.37532504375783776 -0.5401616540807807,
            0.6104198480103304 -0.6935102519335368 -0.3826632195784271,
            0.3966882924606918 -0.9061148109384428 -0.14695015489141458,
            0.14457473288000044 -0.9807716039291878 0.1310923626259164,
            -0.10753882670069248 -0.9061148109384419 0.4091348801432481,
            -0.3212703822503325 -0.6935102519335349 0.6448479448302602,
            -0.46408124191786226 -0.3753250437578397 0.8023463793326111,
            -0.5142297469025697 2.699029375357422e-16 0.8576524747241852,
            -0.46408124191786143 0.37532504375783915 0.8023463793326119,
            -0.3212703822503316 0.6935102519335343 0.6448479448302612,
            -0.10753882670069163 0.9061148109384422 0.40913488014324795,
            0.14457473288000128 0.9807716039291877 0.13109236262591678,
            0.3966882924606929 0.9061148109384426 -0.14695015489141292,
            0.6104198480103313 0.6935102519335368 -0.3826632195784255,
            0.7532307076778618 0.37532504375783793 -0.5401616540807803,
            0.7408045962867505 2.1488000688053386e-16 0.6717205893229896,
            0.65260382842089 8.471355914682367e-16 -0.7576993091790419,
            0.637518018257674 -0.36685822032599597 -0.6774849242426367,
            0.5343492616716696 -0.6965551076722821 -0.4788338422945866,
            0.3049625467209769 -0.921551455202502 -0.24029307212569967,
            -0.0012461981337136205 -0.9999961671322544 -0.002472389737038165,
            -0.3189389708946438 -0.923157790108427 0.2146104084306976,
            -0.5913949893541804 -0.7055877521934235 0.39038172411295186,
            -0.7741192422055894 -0.38147044309371847 0.5051927353920742,
            -0.8383526686690416 0.0 0.5451282444851819,
            -0.7741192422055894 0.3814704430937184 0.5051927353920741,
            -0.591394989354181 0.7055877521934225 0.39038172411295263,
            -0.3189389708946434 0.9231577901084271 0.21461040843069787,
            -0.0012461981337132941 0.9999961671322544 -0.0024723897370382344,
            0.3049625467209766 0.9215514552025023 -0.24029307212569986,
            0.5343492616716702 0.6965551076722823 -0.47883384229458587,
            0.6375180182576754 0.3668582203259977 -0.6774849242426344,
            0.7225807707860752 1.917714503542879e-16 -0.6912865033328811,
            0.7167038715245622 -0.35914522883598354 -0.5977878094659115,
            0.6085917978111139 -0.6932995542856766 -0.3859426792469554,
            0.3467473160980232 -0.9212749655540371 -0.1761213690107623,
            -0.0010680053316871664 -0.999991807791792 -0.003904319904315506,
            -0.3594057396919757 -0.92336297667116 0.13501232384282133,
            -0.6660035254647072 -0.7061318148888345 0.24045199951421112,
            -0.8716174971802891 -0.38196763066606526 0.30721925026358804,
            -0.9439262609311322 0.0 0.3301563476969239,
            -0.871617497180289 0.3819676306660653 0.307219250263588,
            -0.6660035254647081 0.7061318148888334 0.24045199951421115,
            -0.35940573969197576 0.92336297667116 0.1350123238428207,
            -0.0010680053316867836 0.999991807791792 -0.0039043199043158954,
            0.3467473160980228 0.9212749655540373 -0.17612136901076267,
            0.6085917978111139 0.6932995542856769 -0.3859426792469549,
            0.7167038715245632 0.3591452288359848 -0.5977878094659094,
            1.0 0.0 -3.1129273437545406e-16,
            1.0 0.0 -3.1129273437545406e-16,
            0.4841808029739649 0.8749679708603547 -1.5336201278784642e-16,
            0.4841808029739649 0.8749679708603547 -1.5336201278784642e-16,
            0.923879532511287 0.0 0.38268343236508934,
            0.923879532511287 0.0 0.38268343236508934,
            0.44732473390252553 0.8749679708603552 0.18528797156736168,
            0.44732473390252553 0.8749679708603552 0.18528797156736168,
            0.7071067811865479 0.0 0.7071067811865471,
            0.7071067811865479 0.0 0.7071067811865471,
            0.34236752910323665 0.8749679708603564 0.342367529103236,
            0.34236752910323665 0.8749679708603564 0.342367529103236,
            0.3826834323650895 0.0 0.9238795325112868,
            0.3826834323650895 0.0 0.9238795325112868,
            0.18528797156736068 0.8749679708603568 0.4473247339025227,
            0.18528797156736068 0.8749679708603568 0.4473247339025227,
            -2.8299339488677637e-17 0.0 1.0,
            -2.8299339488677637e-17 0.0 1.0,
            -2.091300174379724e-17 0.8749679708603565 0.4841808029739618,
            -2.091300174379724e-17 0.8749679708603565 0.4841808029739618,
            -0.3826834323650894 0.0 0.923879532511287,
            -0.3826834323650894 0.0 0.923879532511287,
            -0.1852879715673606 0.8749679708603569 0.44732473390252264,
            -0.1852879715673606 0.8749679708603569 0.44732473390252264,
            -0.7071067811865477 0.0 0.7071067811865472,
            -0.7071067811865477 0.0 0.7071067811865472,
            -0.3423675291032361 0.8749679708603566 0.3423675291032357,
            -0.3423675291032361 0.8749679708603566 0.3423675291032357,
            -0.9238795325112868 0.0 0.3826834323650895,
            -0.9238795325112868 0.0 0.3826834323650895,
            -0.4473247339025251 0.8749679708603555 0.18528797156736154,
            -0.4473247339025251 0.8749679708603555 0.18528797156736154,
            -1.0 0.0 7.07483487216941e-17,
            -1.0 0.0 7.07483487216941e-17,
            -0.4841808029739645 0.874967970860355 4.182600348759448e-17,
            -0.4841808029739645 0.874967970860355 4.182600348759448e-17,
            -0.9238795325112868 0.0 -0.3826834323650896,
            -0.9238795325112868 0.0 -0.3826834323650896,
            -0.4473247339025256 0.874967970860355 -0.18528797156736182,
            -0.4473247339025256 0.874967970860355 -0.18528797156736182,
            -0.7071067811865479 0.0 -0.7071067811865471,
            -0.7071067811865479 0.0 -0.7071067811865471,
            -0.3423675291032379 0.8749679708603553 -0.34236752910323753,
            -0.3423675291032379 0.8749679708603553 -0.34236752910323753,
            -0.38268343236509006 0.0 -0.9238795325112866,
            -0.38268343236509006 0.0 -0.9238795325112866,
            -0.18528797156736204 0.8749679708603553 -0.4473247339025253,
            -0.18528797156736204 0.8749679708603553 -0.4473247339025253,
            0.0 0.0 -1.0,
            0.0 0.0 -1.0,
            0.0 0.8749679708603552 -0.48418080297396426,
            0.0 0.8749679708603552 -0.48418080297396426,
            0.38268343236508995 0.0 -0.9238795325112866,
            0.38268343236508995 0.0 -0.9238795325112866,
            0.18528797156736204 0.874967970860355 -0.4473247339025256,
            0.18528797156736204 0.874967970860355 -0.4473247339025256,
            0.7071067811865475 0.0 -0.7071067811865475,
            0.7071067811865475 0.0 -0.7071067811865475,
            0.3423675291032382 0.8749679708603548 -0.34236752910323814,
            0.3423675291032382 0.8749679708603548 -0.34236752910323814,
            0.9238795325112865 0.0 -0.3826834323650902,
            0.9238795325112865 0.0 -0.3826834323650902,
            0.44732473390252625 0.8749679708603547 -0.1852879715673625,
            0.44732473390252625 0.8749679708603547 -0.1852879715673625,
            1.0 0.0 -3.1129273437545406e-16,
            1.0 0.0 -3.1129273437545406e-16,
            0.4841808029739649 -0.8749679708603547 -1.5336201278784642e-16,
            0.4841808029739649 -0.8749679708603547 -1.5336201278784642e-16,
            0.923879532511287 0.0 0.38268343236508934,
            0.923879532511287 0.0 0.38268343236508934,
            0.44732473390252553 -0.8749679708603552 0.18528797156736168,
            0.44732473390252553 -0.8749679708603552 0.18528797156736168,
            0.7071067811865479 0.0 0.7071067811865471,
            0.7071067811865479 0.0 0.7071067811865471,
            0.34236752910323665 -0.8749679708603564 0.342367529103236,
            0.34236752910323665 -0.8749679708603564 0.342367529103236,
            0.3826834323650895 0.0 0.9238795325112868,
            0.3826834323650895 0.0 0.9238795325112868,
            0.18528797156736068 -0.8749679708603568 0.4473247339025227,
            0.18528797156736068 -0.8749679708603568 0.4473247339025227,
            -2.8299339488677637e-17 0.0 1.0,
            -2.8299339488677637e-17 0.0 1.0,
            -2.091300174379724e-17 -0.8749679708603565 0.4841808029739618,
            -2.091300174379724e-17 -0.8749679708603565 0.4841808029739618,
            -0.3826834323650894 0.0 0.923879532511287,
            -0.3826834323650894 0.0 0.923879532511287,
            -0.1852879715673606 -0.8749679708603569 0.44732473390252264,
            -0.1852879715673606 -0.8749679708603569 0.44732473390252264,
            -0.7071067811865477 0.0 0.7071067811865472,
            -0.7071067811865477 0.0 0.7071067811865472,
            -0.3423675291032361 -0.8749679708603566 0.3423675291032357,
            -0.3423675291032361 -0.8749679708603566 0.3423675291032357,
            -0.9238795325112868 0.0 0.3826834323650895,
            -0.9238795325112868 0.0 0.3826834323650895,
            -0.4473247339025251 -0.8749679708603555 0.18528797156736154,
            -0.4473247339025251 -0.8749679708603555 0.18528797156736154,
            -1.0 0.0 7.07483487216941e-17,
            -1.0 0.0 7.07483487216941e-17,
            -0.4841808029739645 -0.874967970860355 4.182600348759448e-17,
            -0.4841808029739645 -0.874967970860355 4.182600348759448e-17,
            -0.9238795325112868 0.0 -0.3826834323650896,
            -0.9238795325112868 0.0 -0.3826834323650896,
            -0.4473247339025256 -0.874967970860355 -0.18528797156736182,
            -0.4473247339025256 -0.874967970860355 -0.18528797156736182,
            -0.7071067811865479 0.0 -0.7071067811865471,
            -0.7071067811865479 0.0 -0.7071067811865471,
            -0.3423675291032379 -0.8749679708603553 -0.34236752910323753,
            -0.3423675291032379 -0.8749679708603553 -0.34236752910323753,
            -0.38268343236509006 0.0 -0.9238795325112866,
            -0.38268343236509006 0.0 -0.9238795325112866,
            -0.18528797156736204 -0.8749679708603553 -0.4473247339025253,
            -0.18528797156736204 -0.8749679708603553 -0.4473247339025253,
            0.0 0.0 -1.0,
            0.0 0.0 -1.0,
            0.0 -0.8749679708603552 -0.48418080297396426,
            0.0 -0.8749679708603552 -0.48418080297396426,
            0.38268343236508995 0.0 -0.9238795325112866,
            0.38268343236508995 0.0 -0.9238795325112866,
            0.18528797156736204 -0.874967970860355 -0.4473247339025256,
            0.18528797156736204 -0.874967970860355 -0.4473247339025256,
            0.7071067811865475 0.0 -0.7071067811865475,
            0.7071067811865475 0.0 -0.7071067811865475,
            0.3423675291032382 -0.8749679708603548 -0.34236752910323814,
            0.3423675291032382 -0.8749679708603548 -0.34236752910323814,
            0.9238795325112865 0.0 -0.3826834323650902,
            0.9238795325112865 0.0 -0.3826834323650902,
            0.44732473390252625 -0.8749679708603547 -0.1852879715673625,
            0.44732473390252625 -0.8749679708603547 -0.1852879715673625,
            0.4841808029739649 -0.8749679708603547 -1.5336201278784642e-16,
            0.4841808029739649 -0.8749679708603547 -1.5336201278784642e-16,
            0.10471348859353727 -0.9945024310209459 -2.602649596093675e-17,
            0.10471348859353727 -0.9945024310209459 -2.602649596093675e-17,
            0.44732473390252553 -0.8749679708603552 0.18528797156736168,
            0.44732473390252553 -0.8749679708603552 0.18528797156736168,
            0.09674264888942319 -0.9945024310209459 0.04007211722989752,
            0.09674264888942319 -0.9945024310209459 0.04007211722989752,
            0.34236752910323665 -0.8749679708603564 0.342367529103236,
            0.34236752910323665 -0.8749679708603564 0.342367529103236,
            0.07404361786619047 -0.9945024310209458 0.07404361786619043,
            0.07404361786619047 -0.9945024310209458 0.07404361786619043,
            0.18528797156736068 -0.8749679708603568 0.4473247339025227,
            0.18528797156736068 -0.8749679708603568 0.4473247339025227,
            0.0400721172298976 -0.9945024310209459 0.09674264888942323,
            0.0400721172298976 -0.9945024310209459 0.09674264888942323,
            -2.091300174379724e-17 -0.8749679708603565 0.4841808029739618,
            -2.091300174379724e-17 -0.8749679708603565 0.4841808029739618,
            -3.4701994614582334e-18 -0.9945024310209459 0.10471348859353737,
            -3.4701994614582334e-18 -0.9945024310209459 0.10471348859353737,
            -0.1852879715673606 -0.8749679708603569 0.44732473390252264,
            -0.1852879715673606 -0.8749679708603569 0.44732473390252264,
            -0.0400721172298976 -0.9945024310209459 0.09674264888942329,
            -0.0400721172298976 -0.9945024310209459 0.09674264888942329,
            -0.3423675291032361 -0.8749679708603566 0.3423675291032357,
            -0.3423675291032361 -0.8749679708603566 0.3423675291032357,
            -0.07404361786619047 -0.9945024310209458 0.0740436178661905,
            -0.07404361786619047 -0.9945024310209458 0.0740436178661905,
            -0.4473247339025251 -0.8749679708603555 0.18528797156736154,
            -0.4473247339025251 -0.8749679708603555 0.18528797156736154,
            -0.0967426488894232 -0.9945024310209459 0.040072117229897564,
            -0.0967426488894232 -0.9945024310209459 0.040072117229897564,
            -0.4841808029739645 -0.874967970860355 4.182600348759448e-17,
            -0.4841808029739645 -0.874967970860355 4.182600348759448e-17,
            -0.10471348859353731 -0.9945024310209459 1.3880797845832934e-17,
            -0.10471348859353731 -0.9945024310209459 1.3880797845832934e-17,
            -0.4473247339025256 -0.874967970860355 -0.18528797156736182,
            -0.4473247339025256 -0.874967970860355 -0.18528797156736182,
            -0.09674264888942322 -0.9945024310209459 -0.04007211722989753,
            -0.09674264888942322 -0.9945024310209459 -0.04007211722989753,
            -0.3423675291032379 -0.8749679708603553 -0.34236752910323753,
            -0.3423675291032379 -0.8749679708603553 -0.34236752910323753,
            -0.07404361786619043 -0.9945024310209458 -0.07404361786619039,
            -0.07404361786619043 -0.9945024310209458 -0.07404361786619039,
            -0.18528797156736204 -0.8749679708603553 -0.4473247339025253,
            -0.18528797156736204 -0.8749679708603553 -0.4473247339025253,
            -0.04007211722989757 -0.9945024310209459 -0.09674264888942315,
            -0.04007211722989757 -0.9945024310209459 -0.09674264888942315,
            0.0 -0.8749679708603552 -0.48418080297396426,
            0.0 -0.8749679708603552 -0.48418080297396426,
            -1.9086097038020284e-17 -0.9945024310209459 -0.10471348859353725,
            -1.9086097038020284e-17 -0.9945024310209459 -0.10471348859353725,
            0.18528797156736204 -0.874967970860355 -0.4473247339025256,
            0.18528797156736204 -0.874967970860355 -0.4473247339025256,
            0.04007211722989754 -0.9945024310209459 -0.09674264888942312,
            0.04007211722989754 -0.9945024310209459 -0.09674264888942312,
            0.3423675291032382 -0.8749679708603548 -0.34236752910323814,
            0.3423675291032382 -0.8749679708603548 -0.34236752910323814,
            0.07404361786619035 -0.9945024310209458 -0.07404361786619039,
            0.07404361786619035 -0.9945024310209458 -0.07404361786619039,
            0.44732473390252625 -0.8749679708603547 -0.1852879715673625,
            0.44732473390252625 -0.8749679708603547 -0.1852879715673625,
            0.09674264888942312 -0.9945024310209459 -0.04007211722989758,
            0.09674264888942312 -0.9945024310209459 -0.04007211722989758,
            0.44732473390252553 0.8749679708603552 0.18528797156736168,
            0.44732473390252553 0.8749679708603552 0.18528797156736168,
            0.0967426488894232 0.9945024310209459 0.04007211722989752,
            0.0967426488894232 0.9945024310209459 0.04007211722989752,
            0.4841808029739649 0.8749679708603547 -1.5336201278784642e-16,
            0.4841808029739649 0.8749679708603547 -1.5336201278784642e-16,
            0.10471348859353727 0.9945024310209459 -2.602649596093675e-17,
            0.10471348859353727 0.9945024310209459 -2.602649596093675e-17,
            0.44732473390252625 0.8749679708603547 -0.1852879715673625,
            0.44732473390252625 0.8749679708603547 -0.1852879715673625,
            0.09674264888942312 0.9945024310209459 -0.04007211722989757,
            0.09674264888942312 0.9945024310209459 -0.04007211722989757,
            0.3423675291032382 0.8749679708603548 -0.34236752910323814,
            0.3423675291032382 0.8749679708603548 -0.34236752910323814,
            0.07404361786619035 0.9945024310209458 -0.0740436178661904,
            0.07404361786619035 0.9945024310209458 -0.0740436178661904,
            0.18528797156736204 0.874967970860355 -0.4473247339025256,
            0.18528797156736204 0.874967970860355 -0.4473247339025256,
            0.040072117229897536 0.9945024310209459 -0.09674264888942312,
            0.040072117229897536 0.9945024310209459 -0.09674264888942312,
            0.0 0.8749679708603552 -0.48418080297396426,
            0.0 0.8749679708603552 -0.48418080297396426,
            -1.7350997307291166e-17 0.9945024310209459 -0.10471348859353724,
            -1.7350997307291166e-17 0.9945024310209459 -0.10471348859353724,
            -0.18528797156736204 0.8749679708603553 -0.4473247339025253,
            -0.18528797156736204 0.8749679708603553 -0.4473247339025253,
            -0.04007211722989758 0.9945024310209459 -0.09674264888942313,
            -0.04007211722989758 0.9945024310209459 -0.09674264888942313,
            -0.3423675291032379 0.8749679708603553 -0.34236752910323753,
            -0.3423675291032379 0.8749679708603553 -0.34236752910323753,
            -0.07404361786619042 0.9945024310209458 -0.07404361786619036,
            -0.07404361786619042 0.9945024310209458 -0.07404361786619036,
            -0.4473247339025256 0.874967970860355 -0.18528797156736182,
            -0.4473247339025256 0.874967970860355 -0.18528797156736182,
            -0.09674264888942317 0.9945024310209459 -0.04007211722989753,
            -0.09674264888942317 0.9945024310209459 -0.04007211722989753,
            -0.4841808029739645 0.874967970860355 4.182600348759448e-17,
            -0.4841808029739645 0.874967970860355 4.182600348759448e-17,
            -0.10471348859353727 0.9945024310209459 1.2145698115103817e-17,
            -0.10471348859353727 0.9945024310209459 1.2145698115103817e-17,
            -0.4473247339025251 0.8749679708603555 0.18528797156736154,
            -0.4473247339025251 0.8749679708603555 0.18528797156736154,
            -0.09674264888942317 0.9945024310209459 0.04007211722989757,
            -0.09674264888942317 0.9945024310209459 0.04007211722989757,
            -0.3423675291032361 0.8749679708603566 0.3423675291032357,
            -0.3423675291032361 0.8749679708603566 0.3423675291032357,
            -0.07404361786619047 0.9945024310209458 0.07404361786619046,
            -0.07404361786619047 0.9945024310209458 0.07404361786619046,
            -0.1852879715673606 0.8749679708603569 0.44732473390252264,
            -0.1852879715673606 0.8749679708603569 0.44732473390252264,
            -0.040072117229897605 0.9945024310209459 0.09674264888942329,
            -0.040072117229897605 0.9945024310209459 0.09674264888942329,
            -2.091300174379724e-17 0.8749679708603565 0.4841808029739618,
            -2.091300174379724e-17 0.8749679708603565 0.4841808029739618,
            0.0 0.9945024310209459 0.10471348859353738,
            0.0 0.9945024310209459 0.10471348859353738,
            0.18528797156736068 0.8749679708603568 0.4473247339025227,
            0.18528797156736068 0.8749679708603568 0.4473247339025227,
            0.040072117229897605 0.9945024310209459 0.09674264888942326,
            0.040072117229897605 0.9945024310209459 0.09674264888942326,
            0.34236752910323665 0.8749679708603564 0.342367529103236,
            0.34236752910323665 0.8749679708603564 0.342367529103236,
            0.07404361786619047 0.9945024310209458 0.07404361786619043,
            0.07404361786619047 0.9945024310209458 0.07404361786619043,
            0.10471348859353727 -0.9945024310209459 -2.602649596093675e-17,
            0.10471348859353727 -0.9945024310209459 -2.602649596093675e-17,
            0.0 -1.0 9.230613860549907e-18,
            0.09674264888942319 -0.9945024310209459 0.04007211722989752,
            0.09674264888942319 -0.9945024310209459 0.04007211722989752,
            0.0 -1.0 9.230613860549907e-18,
            0.07404361786619047 -0.9945024310209458 0.07404361786619043,
            0.07404361786619047 -0.9945024310209458 0.07404361786619043,
            0.0 -1.0 9.230613860549907e-18,
            0.0400721172298976 -0.9945024310209459 0.09674264888942323,
            0.0400721172298976 -0.9945024310209459 0.09674264888942323,
            0.0 -1.0 9.230613860549907e-18,
            -3.4701994614582334e-18 -0.9945024310209459 0.10471348859353737,
            -3.4701994614582334e-18 -0.9945024310209459 0.10471348859353737,
            0.0 -1.0 9.230613860549907e-18,
            -0.0400721172298976 -0.9945024310209459 0.09674264888942329,
            -0.0400721172298976 -0.9945024310209459 0.09674264888942329,
            0.0 -1.0 9.230613860549907e-18,
            -0.07404361786619047 -0.9945024310209458 0.0740436178661905,
            -0.07404361786619047 -0.9945024310209458 0.0740436178661905,
            0.0 -1.0 9.230613860549907e-18,
            -0.0967426488894232 -0.9945024310209459 0.040072117229897564,
            -0.0967426488894232 -0.9945024310209459 0.040072117229897564,
            0.0 -1.0 9.230613860549907e-18,
            -0.10471348859353731 -0.9945024310209459 1.3880797845832934e-17,
            -0.10471348859353731 -0.9945024310209459 1.3880797845832934e-17,
            0.0 -1.0 9.230613860549907e-18,
            -0.09674264888942322 -0.9945024310209459 -0.04007211722989753,
            -0.09674264888942322 -0.9945024310209459 -0.04007211722989753,
            0.0 -1.0 9.230613860549907e-18,
            -0.07404361786619043 -0.9945024310209458 -0.07404361786619039,
            -0.07404361786619043 -0.9945024310209458 -0.07404361786619039,
            0.0 -1.0 9.230613860549907e-18,
            -0.04007211722989757 -0.9945024310209459 -0.09674264888942315,
            -0.04007211722989757 -0.9945024310209459 -0.09674264888942315,
            0.0 -1.0 9.230613860549907e-18,
            -1.9086097038020284e-17 -0.9945024310209459 -0.10471348859353725,
            -1.9086097038020284e-17 -0.9945024310209459 -0.10471348859353725,
            0.0 -1.0 9.230613860549907e-18,
            0.04007211722989754 -0.9945024310209459 -0.09674264888942312,
            0.04007211722989754 -0.9945024310209459 -0.09674264888942312,
            0.0 -1.0 9.230613860549907e-18,
            0.07404361786619035 -0.9945024310209458 -0.07404361786619039,
            0.07404361786619035 -0.9945024310209458 -0.07404361786619039,
            0.0 -1.0 9.230613860549907e-18,
            0.09674264888942312 -0.9945024310209459 -0.04007211722989758,
            0.09674264888942312 -0.9945024310209459 -0.04007211722989758,
            0.0 -1.0 9.230613860549907e-18,
            0.0967426488894232 0.9945024310209459 0.04007211722989752,
            0.0967426488894232 0.9945024310209459 0.04007211722989752,
            0.0 1.0 -3.6922455442199636e-18,
            0.10471348859353727 0.9945024310209459 -2.602649596093675e-17,
            0.10471348859353727 0.9945024310209459 -2.602649596093675e-17,
            0.0 1.0 -3.6922455442199636e-18,
            0.09674264888942312 0.9945024310209459 -0.04007211722989757,
            0.09674264888942312 0.9945024310209459 -0.04007211722989757,
            0.0 1.0 -3.6922455442199636e-18,
            0.07404361786619035 0.9945024310209458 -0.0740436178661904,
            0.07404361786619035 0.9945024310209458 -0.0740436178661904,
            0.0 1.0 -3.6922455442199636e-18,
            0.040072117229897536 0.9945024310209459 -0.09674264888942312,
            0.040072117229897536 0.9945024310209459 -0.09674264888942312,
            0.0 1.0 -3.6922455442199636e-18,
            -1.7350997307291166e-17 0.9945024310209459 -0.10471348859353724,
            -1.7350997307291166e-17 0.9945024310209459 -0.10471348859353724,
            0.0 1.0 -3.6922455442199636e-18,
            -0.04007211722989758 0.9945024310209459 -0.09674264888942313,
            -0.04007211722989758 0.9945024310209459 -0.09674264888942313,
            0.0 1.0 -3.6922455442199636e-18,
            -0.07404361786619042 0.9945024310209458 -0.07404361786619036,
            -0.07404361786619042 0.9945024310209458 -0.07404361786619036,
            0.0 1.0 -3.6922455442199636e-18,
            -0.09674264888942317 0.9945024310209459 -0.04007211722989753,
            -0.09674264888942317 0.9945024310209459 -0.04007211722989753,
            0.0 1.0 -3.6922455442199636e-18,
            -0.10471348859353727 0.9945024310209459 1.2145698115103817e-17,
            -0.10471348859353727 0.9945024310209459 1.2145698115103817e-17,
            0.0 1.0 -3.6922455442199636e-18,
            -0.09674264888942317 0.9945024310209459 0.04007211722989757,
            -0.09674264888942317 0.9945024310209459 0.04007211722989757,
            0.0 1.0 -3.6922455442199636e-18,
            -0.07404361786619047 0.9945024310209458 0.07404361786619046,
            -0.07404361786619047 0.9945024310209458 0.07404361786619046,
            0.0 1.0 -3.6922455442199636e-18,
            -0.040072117229897605 0.9945024310209459 0.09674264888942329,
            -0.040072117229897605 0.9945024310209459 0.09674264888942329,
            0.0 1.0 -3.6922455442199636e-18,
            0.0 0.9945024310209459 0.10471348859353738,
            0.0 0.9945024310209459 0.10471348859353738,
            0.0 1.0 -3.6922455442199636e-18,
            0.040072117229897605 0.9945024310209459 0.09674264888942326,
            0.040072117229897605 0.9945024310209459 0.09674264888942326,
            0.0 1.0 -3.6922455442199636e-18,
            0.07404361786619047 0.9945024310209458 0.07404361786619043,
            0.07404361786619047 0.9945024310209458 0.07404361786619043,
            0.0 1.0 -3.6922455442199636e-18,
            -0.6946658429338394 4.1033537972973164e-16 -0.7193325841785692,
            -0.6946658429338394 4.1033537972973164e-16 -0.7193325841785692,
            -0.678364367073774 9.89620338721154e-16 -0.734725653209821,
            -0.678364367073774 9.89620338721154e-16 -0.734725653209821,
            -0.6418126631495669 -0.3825859801209203 -0.6646085112573984,
            -0.6418126631495669 -0.3825859801209203 -0.6646085112573984,
            -0.64164960450927 -0.3771550808004566 -0.6678621340213101,
            -0.64164960450927 -0.3771550808004566 -0.6678621340213101,
            -0.49126769795901903 -0.7070013114146231 -0.5087289991734787,
            -0.49126769795901903 -0.7070013114146231 -0.5087289991734787,
            -0.513089510115817 -0.7024091231033482 -0.49331590121371127,
            -0.513089510115817 -0.7024091231033482 -0.49331590121371127,
            -0.26589562256811994 -0.9238391788742714 -0.2753555691756099,
            -0.26589562256811994 -0.9238391788742714 -0.2753555691756099,
            -0.2865956493833591 -0.9224001272546447 -0.25892265060273484,
            -0.2865956493833591 -0.9224001272546447 -0.25892265060273484,
            -1.7774235193761413e-6 -0.9999999999969864 1.6935121323549023e-6,
            -1.7774235193761413e-6 -0.9999999999969864 1.6935121323549023e-6,
            9.104743742442403e-4 -0.9999988876155017 -0.0011814415656223867,
            9.104743742442403e-4 -0.9999988876155017 -0.0011814415656223867,
            0.2658794525640477 -0.9238392281947888 0.2753710172706986,
            0.2658794525640477 -0.9238392281947888 0.2753710172706986,
            0.29618848195883757 -0.9226958516351813 0.2467888744051217,
            0.29618848195883757 -0.9226958516351813 0.2467888744051217,
            0.49122116494550094 -0.7070015099991892 0.5087736549473167,
            0.49122116494550094 -0.7070015099991892 0.5087736549473167,
            0.5478223137092826 -0.7040864794255799 0.45183286964573627,
            0.5478223137092826 -0.7040864794255799 0.45183286964573627,
            0.641735898119762 -0.38258621160210643 0.6646825014669566,
            0.641735898119762 -0.38258621160210643 0.6646825014669566,
            0.7153651985978463 -0.37993442535394223 0.5864319782089256,
            0.7153651985978463 -0.37993442535394223 0.5864319782089256,
            0.6945765937401693 0.0 0.7194187622159319,
            0.6945765937401693 0.0 0.7194187622159319,
            0.7739603594646332 0.0 0.63323404991944,
            0.7739603594646332 0.0 0.63323404991944,
            0.6417358981197621 0.382586211602106 0.6646825014669567,
            0.6417358981197621 0.382586211602106 0.6646825014669567,
            0.7153651985978463 0.37993442535394223 0.5864319782089256,
            0.7153651985978463 0.37993442535394223 0.5864319782089256,
            0.49122116494550133 0.7070015099991886 0.5087736549473172,
            0.49122116494550133 0.7070015099991886 0.5087736549473172,
            0.5478223137092835 0.7040864794255792 0.45183286964573616,
            0.5478223137092835 0.7040864794255792 0.45183286964573616,
            0.2658794525640483 0.9238392281947884 0.27537101727069935,
            0.2658794525640483 0.9238392281947884 0.27537101727069935,
            0.2961884819588392 0.9226958516351808 0.24678887440512184,
            0.2961884819588392 0.9226958516351808 0.24678887440512184,
            -1.7774235194610407e-6 0.9999999999969864 1.6935121322841534e-6,
            -1.7774235194610407e-6 0.9999999999969864 1.6935121322841534e-6,
            9.104743742443681e-4 0.9999988876155018 -0.0011814415656226421,
            9.104743742443681e-4 0.9999988876155018 -0.0011814415656226421,
            -0.2658956225681207 0.9238391788742709 -0.27535556917561066,
            -0.2658956225681207 0.9238391788742709 -0.27535556917561066,
            -0.2865956493833599 0.922400127254644 -0.25892265060273645,
            -0.2865956493833599 0.922400127254644 -0.25892265060273645,
            -0.49126769795901937 0.7070013114146226 -0.508728999173479,
            -0.49126769795901937 0.7070013114146226 -0.508728999173479,
            -0.5130895101158159 0.7024091231033477 -0.49331590121371316,
            -0.5130895101158159 0.7024091231033477 -0.49331590121371316,
            -0.6418126631495668 0.38258598012092043 -0.6646085112573984,
            -0.6418126631495668 0.38258598012092043 -0.6646085112573984,
            -0.6416496045092686 0.37715508080045784 -0.6678621340213108,
            -0.6416496045092686 0.37715508080045784 -0.6678621340213108,
            -0.6946658429338394 4.1033537972973164e-16 -0.7193325841785692,
            -0.6946658429338394 4.1033537972973164e-16 -0.7193325841785692,
            -0.741097619156511 0.0 -0.6713972884072075,
            -0.741097619156511 0.0 -0.6713972884072075,
            -0.6418126631495669 -0.3825859801209203 -0.6646085112573984,
            -0.6418126631495669 -0.3825859801209203 -0.6646085112573984,
            -0.6902121469157907 -0.38084070704022993 -0.6152784313715155,
            -0.6902121469157907 -0.38084070704022993 -0.6152784313715155,
            -0.49126769795901903 -0.7070013114146231 -0.5087289991734787,
            -0.49126769795901903 -0.7070013114146231 -0.5087289991734787,
            -0.5453025820643225 -0.7037018687631929 -0.4554654475294181,
            -0.5453025820643225 -0.7037018687631929 -0.4554654475294181,
            -0.26589562256811994 -0.9238391788742714 -0.2753555691756099,
            -0.26589562256811994 -0.9238391788742714 -0.2753555691756099,
            -0.328430092242268 -0.9194308000402822 -0.216288414962572,
            -0.328430092242268 -0.9194308000402822 -0.216288414962572,
            -1.7774235193761413e-6 -0.9999999999969864 1.6935121323549023e-6,
            -1.7774235193761413e-6 -0.9999999999969864 1.6935121323549023e-6,
            -0.0726115480710182 -0.9951847266721974 0.06584013126592356,
            -0.0726115480710182 -0.9951847266721974 0.06584013126592356,
            0.2658794525640477 -0.9238392281947888 0.2753710172706986,
            0.2658794525640477 -0.9238392281947888 0.2753710172706986,
            0.18320699610022992 -0.9194308000402813 0.34796867749442406,
            0.18320699610022992 -0.9194308000402813 0.34796867749442406,
            0.49122116494550094 -0.7070015099991892 0.5087736549473167,
            0.49122116494550094 -0.7070015099991892 0.5087736549473167,
            0.40007948592227904 -0.7037018687631901 0.587145710061275,
            0.40007948592227904 -0.7037018687631901 0.587145710061275,
            0.641735898119762 -0.38258621160210643 0.6646825014669566,
            0.641735898119762 -0.38258621160210643 0.6646825014669566,
            0.544989050773744 -0.3808407070402319 0.7469586939033709,
            0.544989050773744 -0.3808407070402319 0.7469586939033709,
            0.6945765937401693 0.0 0.7194187622159319,
            0.6945765937401693 0.0 0.7194187622159319,
            0.5958745230144662 1.9805915549412725e-16 0.8030775509390624,
            0.5958745230144662 1.9805915549412725e-16 0.8030775509390624,
            0.6417358981197621 0.382586211602106 0.6646825014669567,
            0.6417358981197621 0.382586211602106 0.6646825014669567,
            0.5449890507737433 0.3808407070402311 0.7469586939033719,
            0.5449890507737433 0.3808407070402311 0.7469586939033719,
            0.49122116494550133 0.7070015099991886 0.5087736549473172,
            0.49122116494550133 0.7070015099991886 0.5087736549473172,
            0.40007948592227605 0.7037018687631904 0.587145710061277,
            0.40007948592227605 0.7037018687631904 0.587145710061277,
            0.2658794525640483 0.9238392281947884 0.27537101727069935,
            0.2658794525640483 0.9238392281947884 0.27537101727069935,
            0.18320699610022495 0.9194308000402811 0.3479686774944275,
            0.18320699610022495 0.9194308000402811 0.3479686774944275,
            -1.7774235194610407e-6 0.9999999999969864 1.6935121322841534e-6,
            -1.7774235194610407e-6 0.9999999999969864 1.6935121322841534e-6,
            -0.07261154807102223 0.9951847266721968 0.06584013126592797,
            -0.07261154807102223 0.9951847266721968 0.06584013126592797,
            -0.2658956225681207 0.9238391788742709 -0.27535556917561066,
            -0.2658956225681207 0.9238391788742709 -0.27535556917561066,
            -0.32843009224226954 0.9194308000402818 -0.21628841496257145,
            -0.32843009224226954 0.9194308000402818 -0.21628841496257145,
            -0.49126769795901937 0.7070013114146226 -0.508728999173479,
            -0.49126769795901937 0.7070013114146226 -0.508728999173479,
            -0.545302582064322 0.7037018687631926 -0.4554654475294189,
            -0.545302582064322 0.7037018687631926 -0.4554654475294189,
            -0.6418126631495668 0.38258598012092043 -0.6646085112573984,
            -0.6418126631495668 0.38258598012092043 -0.6646085112573984,
            -0.6902121469157907 0.38084070704022993 -0.6152784313715155,
            -0.6902121469157907 0.38084070704022993 -0.6152784313715155,
            -0.8066299871365323 -3.2392658053889775e-16 -0.5910567348843239,
            -0.8066299871365323 -3.2392658053889775e-16 -0.5910567348843239,
            -1.0 -3.9619075284148684e-16 0.0,
            -1.0 -3.9619075284148684e-16 0.0,
            -0.7894672545975414 -0.35646457848952817 -0.499674352153984,
            -0.7894672545975414 -0.35646457848952817 -0.499674352153984,
            -0.9238795325112871 -0.38268343236508917 0.0,
            -0.9238795325112871 -0.38268343236508917 0.0,
            -0.6564542554554984 -0.6902001556350078 -0.30445287920428404,
            -0.6564542554554984 -0.6902001556350078 -0.30445287920428404,
            -0.7071067811865472 -0.7071067811865477 0.0,
            -0.7071067811865472 -0.7071067811865477 0.0,
            -0.36945018239000227 -0.920069743726356 -0.13030053496172447,
            -0.36945018239000227 -0.920069743726356 -0.13030053496172447,
            -0.38268343236508884 -0.9238795325112872 0.0,
            -0.38268343236508884 -0.9238795325112872 0.0,
            5.539917862429043e-4 -0.9999916658031003 -0.0040449248993305025,
            5.539917862429043e-4 -0.9999916658031003 -0.0040449248993305025,
            0.0 -1.0 0.0,
            0.0 -1.0 0.0,
            0.37669955895933244 -0.9221857248655958 0.08758385201599733,
            0.37669955895933244 -0.9221857248655958 0.08758385201599733,
            0.38268343236508784 -0.9238795325112875 0.0,
            0.38268343236508784 -0.9238795325112875 0.0,
            0.6946478906864475 -0.7030835000848158 0.15211147186637158,
            0.6946478906864475 -0.7030835000848158 0.15211147186637158,
            0.7071067811865468 -0.7071067811865481 0.0,
            0.7071067811865468 -0.7071067811865481 0.0,
            0.9053868070475789 -0.3791713907357788 0.19105964009095544,
            0.9053868070475789 -0.3791713907357788 0.19105964009095544,
            0.9238795325112864 -0.38268343236509056 0.0,
            0.9238795325112864 -0.38268343236509056 0.0,
            0.9789448918181239 0.0 0.2041247137982115,
            0.9789448918181239 0.0 0.2041247137982115,
            1.0 0.0 0.0,
            1.0 0.0 0.0,
            0.9053868070475789 0.3791713907357788 0.19105964009095544,
            0.9053868070475789 0.3791713907357788 0.19105964009095544,
            0.9238795325112864 0.38268343236509056 0.0,
            0.9238795325112864 0.38268343236509056 0.0,
            0.6946478906864482 0.703083500084815 0.1521114718663726,
            0.6946478906864482 0.703083500084815 0.1521114718663726,
            0.7071067811865482 0.7071067811865468 0.0,
            0.7071067811865482 0.7071067811865468 0.0,
            0.3766995589593337 0.922185724865595 0.08758385201599891,
            0.3766995589593337 0.922185724865595 0.08758385201599891,
            0.38268343236509 0.9238795325112866 0.0,
            0.38268343236509 0.9238795325112866 0.0,
            5.53991786242508e-4 0.9999916658031004 -0.004044924899330245,
            5.53991786242508e-4 0.9999916658031004 -0.004044924899330245,
            -7.499324964499574e-16 1.0 0.0,
            -7.499324964499574e-16 1.0 0.0,
            -0.36945018239000343 0.9200697437263554 -0.13030053496172592,
            -0.36945018239000343 0.9200697437263554 -0.13030053496172592,
            -0.38268343236509067 0.9238795325112864 0.0,
            -0.38268343236509067 0.9238795325112864 0.0,
            -0.6564542554554967 0.6902001556350081 -0.30445287920428676,
            -0.6564542554554967 0.6902001556350081 -0.30445287920428676,
            -0.7071067811865461 0.7071067811865489 0.0,
            -0.7071067811865461 0.7071067811865489 0.0,
            -0.78946725459754 0.356464578489529 -0.49967435215398576,
            -0.78946725459754 0.356464578489529 -0.49967435215398576,
            -0.9238795325112862 0.3826834323650913 0.0,
            -0.9238795325112862 0.3826834323650913 0.0,
            -1.0 -3.9619075284148684e-16 0.0,
            -1.0 -3.9619075284148684e-16 0.0,
            -0.8700221846046781 5.633627424902252e-17 -0.49301257417605837,
            -0.8700221846046781 5.633627424902252e-17 -0.49301257417605837,
            -0.9238795325112871 -0.38268343236508917 0.0,
            -0.9238795325112871 -0.38268343236508917 0.0,
            -0.8037956891870188 -0.3329430758382906 -0.49301257417605865,
            -0.8037956891870188 -0.3329430758382906 -0.49301257417605865,
            -0.7071067811865472 -0.7071067811865477 0.0,
            -0.7071067811865472 -0.7071067811865477 0.0,
            -0.615198586516702 -0.6151985865167023 -0.4930125741760584,
            -0.615198586516702 -0.6151985865167023 -0.4930125741760584,
            -0.38268343236508884 -0.9238795325112872 0.0,
            -0.38268343236508884 -0.9238795325112872 0.0,
            -0.33294307583829064 -0.8037956891870189 -0.49301257417605854,
            -0.33294307583829064 -0.8037956891870189 -0.49301257417605854,
            0.0 -1.0 0.0,
            0.0 -1.0 0.0,
            0.0 -0.8700221846046782 -0.4930125741760584,
            0.0 -0.8700221846046782 -0.4930125741760584,
            0.38268343236508784 -0.9238795325112875 0.0,
            0.38268343236508784 -0.9238795325112875 0.0,
            0.33294307583828947 -0.8037956891870194 -0.49301257417605837,
            0.33294307583828947 -0.8037956891870194 -0.49301257417605837,
            0.7071067811865468 -0.7071067811865481 0.0,
            0.7071067811865468 -0.7071067811865481 0.0,
            0.6151985865167016 -0.6151985865167028 -0.4930125741760585,
            0.6151985865167016 -0.6151985865167028 -0.4930125741760585,
            0.9238795325112864 -0.38268343236509056 0.0,
            0.9238795325112864 -0.38268343236509056 0.0,
            0.8037956891870183 -0.3329430758382928 -0.4930125741760581,
            0.8037956891870183 -0.3329430758382928 -0.4930125741760581,
            1.0 0.0 0.0,
            1.0 0.0 0.0,
            0.8700221846046781 0.0 -0.49301257417605865,
            0.8700221846046781 0.0 -0.49301257417605865,
            0.9238795325112864 0.38268343236509056 0.0,
            0.9238795325112864 0.38268343236509056 0.0,
            0.8037956891870179 0.33294307583829336 -0.49301257417605826,
            0.8037956891870179 0.33294307583829336 -0.49301257417605826,
            0.7071067811865482 0.7071067811865468 0.0,
            0.7071067811865482 0.7071067811865468 0.0,
            0.6151985865167025 0.6151985865167015 -0.4930125741760588,
            0.6151985865167025 0.6151985865167015 -0.4930125741760588,
            0.38268343236509 0.9238795325112866 0.0,
            0.38268343236509 0.9238795325112866 0.0,
            0.33294307583829136 0.8037956891870182 -0.49301257417605926,
            0.33294307583829136 0.8037956891870182 -0.49301257417605926,
            -7.499324964499574e-16 1.0 0.0,
            -7.499324964499574e-16 1.0 0.0,
            -1.971769598715789e-16 0.8700221846046778 -0.49301257417605876,
            -1.971769598715789e-16 0.8700221846046778 -0.49301257417605876,
            -0.38268343236509067 0.9238795325112864 0.0,
            -0.38268343236509067 0.9238795325112864 0.0,
            -0.3329430758382917 0.8037956891870185 -0.49301257417605837,
            -0.3329430758382917 0.8037956891870185 -0.49301257417605837,
            -0.7071067811865461 0.7071067811865489 0.0,
            -0.7071067811865461 0.7071067811865489 0.0,
            -0.6151985865167019 0.6151985865167028 -0.49301257417605787,
            -0.6151985865167019 0.6151985865167028 -0.49301257417605787,
            -0.9238795325112862 0.3826834323650913 0.0,
            -0.9238795325112862 0.3826834323650913 0.0,
            -0.8037956891870184 0.3329430758382918 -0.4930125741760586,
            -0.8037956891870184 0.3329430758382918 -0.4930125741760586,
            -0.8700221846046781 5.633627424902252e-17 -0.49301257417605837,
            -0.8700221846046781 5.633627424902252e-17 -0.49301257417605837,
            1.005854504237809e-16 -1.9725237247385598e-16 -1.0,
            -0.8037956891870188 -0.3329430758382906 -0.49301257417605865,
            -0.8037956891870188 -0.3329430758382906 -0.49301257417605865,
            1.005854504237809e-16 -1.9725237247385598e-16 -1.0,
            -0.615198586516702 -0.6151985865167023 -0.4930125741760584,
            -0.615198586516702 -0.6151985865167023 -0.4930125741760584,
            1.005854504237809e-16 -1.9725237247385598e-16 -1.0,
            -0.33294307583829064 -0.8037956891870189 -0.49301257417605854,
            -0.33294307583829064 -0.8037956891870189 -0.49301257417605854,
            1.005854504237809e-16 -1.9725237247385598e-16 -1.0,
            0.0 -0.8700221846046782 -0.4930125741760584,
            0.0 -0.8700221846046782 -0.4930125741760584,
            1.005854504237809e-16 -1.9725237247385598e-16 -1.0,
            0.33294307583828947 -0.8037956891870194 -0.49301257417605837,
            0.33294307583828947 -0.8037956891870194 -0.49301257417605837,
            1.005854504237809e-16 -1.9725237247385598e-16 -1.0,
            0.6151985865167016 -0.6151985865167028 -0.4930125741760585,
            0.6151985865167016 -0.6151985865167028 -0.4930125741760585,
            1.005854504237809e-16 -1.9725237247385598e-16 -1.0,
            0.8037956891870183 -0.3329430758382928 -0.4930125741760581,
            0.8037956891870183 -0.3329430758382928 -0.4930125741760581,
            1.005854504237809e-16 -1.9725237247385598e-16 -1.0,
            0.8700221846046781 0.0 -0.49301257417605865,
            0.8700221846046781 0.0 -0.49301257417605865,
            1.005854504237809e-16 -1.9725237247385598e-16 -1.0,
            0.8037956891870179 0.33294307583829336 -0.49301257417605826,
            0.8037956891870179 0.33294307583829336 -0.49301257417605826,
            1.005854504237809e-16 -1.9725237247385598e-16 -1.0,
            0.6151985865167025 0.6151985865167015 -0.4930125741760588,
            0.6151985865167025 0.6151985865167015 -0.4930125741760588,
            1.005854504237809e-16 -1.9725237247385598e-16 -1.0,
            0.33294307583829136 0.8037956891870182 -0.49301257417605926,
            0.33294307583829136 0.8037956891870182 -0.49301257417605926,
            1.005854504237809e-16 -1.9725237247385598e-16 -1.0,
            -1.971769598715789e-16 0.8700221846046778 -0.49301257417605876,
            -1.971769598715789e-16 0.8700221846046778 -0.49301257417605876,
            1.005854504237809e-16 -1.9725237247385598e-16 -1.0,
            -0.3329430758382917 0.8037956891870185 -0.49301257417605837,
            -0.3329430758382917 0.8037956891870185 -0.49301257417605837,
            1.005854504237809e-16 -1.9725237247385598e-16 -1.0,
            -0.6151985865167019 0.6151985865167028 -0.49301257417605787,
            -0.6151985865167019 0.6151985865167028 -0.49301257417605787,
            1.005854504237809e-16 -1.9725237247385598e-16 -1.0,
            -0.8037956891870184 0.3329430758382918 -0.4930125741760586,
            -0.8037956891870184 0.3329430758382918 -0.4930125741760586,
            1.005854504237809e-16 -1.9725237247385598e-16 -1.0,
            0.694666163014109 4.103353796811724e-16 -0.7193322750740825,
            0.694666163014109 4.103353796811724e-16 -0.7193322750740825,
            0.678364367073774 9.89620338721154e-16 -0.734725653209821,
            0.678364367073774 9.89620338721154e-16 -0.734725653209821,
            0.6418129589611908 -0.3825859791839735 -0.6646082261312456,
            0.6418129589611908 -0.3825859791839735 -0.6646082261312456,
            0.64164960450927 -0.3771550808004566 -0.6678621340213101,
            0.64164960450927 -0.3771550808004566 -0.6678621340213101,
            0.4912679244855218 -0.7070013104035872 -0.5087287818271129,
            0.4912679244855218 -0.7070013104035872 -0.5087287818271129,
            0.5130895101158173 -0.7024091231033481 -0.49331590121371127,
            0.5130895101158173 -0.7024091231033481 -0.49331590121371127,
            0.26589574515190445 -0.9238391784889874 -0.27535545209584344,
            0.26589574515190445 -0.9238391784889874 -0.27535545209584344,
            0.28659564938336024 -0.9224001272546443 -0.2589226506027353,
            0.28659564938336024 -0.9224001272546443 -0.2589226506027353,
            1.777537423729083e-6 -0.999999999996986 1.6936207156918758e-6,
            1.777537423729083e-6 -0.999999999996986 1.6936207156918758e-6,
            -9.104743742440142e-4 -0.9999988876155018 -0.0011814415656227696,
            -9.104743742440142e-4 -0.9999988876155018 -0.0011814415656227696,
            -0.26587957411294655 -0.9238392278158051 0.275370901182778,
            -0.26587957411294655 -0.9238392278158051 0.275370901182778,
            -0.2961884819588381 -0.9226958516351811 0.24678887440512187,
            -0.2961884819588381 -0.9226958516351811 0.24678887440512187,
            -0.4912213885003752 -0.7070015090135209 0.5087734404746064,
            -0.4912213885003752 -0.7070015090135209 0.5087734404746064,
            -0.5478223137092824 -0.7040864794255799 0.4518328696457363,
            -0.5478223137092824 -0.7040864794255799 0.4518328696457363,
            -0.6417361890395742 -0.38258621069472926 0.6646822211126249,
            -0.6417361890395742 -0.38258621069472926 0.6646822211126249,
            -0.7153651985978474 -0.37993442535394084 0.5864319782089251,
            -0.7153651985978474 -0.37993442535394084 0.5864319782089251,
            -0.6945769081381088 0.0 0.7194184586742998,
            -0.6945769081381088 0.0 0.7194184586742998,
            -0.7739603594646344 0.0 0.6332340499194387,
            -0.7739603594646344 0.0 0.6332340499194387,
            -0.6417361890395742 0.38258621069472926 0.6646822211126249,
            -0.6417361890395742 0.38258621069472926 0.6646822211126249,
            -0.7153651985978474 0.37993442535394084 0.5864319782089251,
            -0.7153651985978474 0.37993442535394084 0.5864319782089251,
            -0.4912213885003752 0.7070015090135209 0.5087734404746064,
            -0.4912213885003752 0.7070015090135209 0.5087734404746064,
            -0.5478223137092824 0.7040864794255794 0.4518328696457372,
            -0.5478223137092824 0.7040864794255794 0.4518328696457372,
            -0.2658795741129459 0.9238392278158054 0.2753709011827774,
            -0.2658795741129459 0.9238392278158054 0.2753709011827774,
            -0.2961884819588372 0.9226958516351812 0.24678887440512232,
            -0.2961884819588372 0.9226958516351812 0.24678887440512232,
            1.7775374236441834e-6 0.999999999996986 1.6936207157909243e-6,
            1.7775374236441834e-6 0.999999999996986 1.6936207157909243e-6,
            -9.104743742438156e-4 0.9999988876155017 -0.0011814415656225424,
            -9.104743742438156e-4 0.9999988876155017 -0.0011814415656225424,
            0.265895745151904 0.9238391784889877 -0.275355452095843,
            0.265895745151904 0.9238391784889877 -0.275355452095843,
            0.2865956493833597 0.9224001272546444 -0.2589226506027358,
            0.2865956493833597 0.9224001272546444 -0.2589226506027358,
            0.491267924485522 0.7070013104035868 -0.508728781827113,
            0.491267924485522 0.7070013104035868 -0.508728781827113,
            0.5130895101158162 0.7024091231033477 -0.49331590121371316,
            0.5130895101158162 0.7024091231033477 -0.49331590121371316,
            0.6418129589611908 0.38258597918397386 -0.6646082261312454,
            0.6418129589611908 0.38258597918397386 -0.6646082261312454,
            0.6416496045092686 0.37715508080045784 -0.6678621340213108,
            0.6416496045092686 0.37715508080045784 -0.6678621340213108,
            0.694666163014109 4.103353796811724e-16 -0.7193322750740825,
            0.694666163014109 4.103353796811724e-16 -0.7193322750740825,
            0.7410976191565076 0.0 -0.6713972884072112,
            0.7410976191565076 0.0 -0.6713972884072112,
            0.6418129589611908 -0.3825859791839735 -0.6646082261312456,
            0.6418129589611908 -0.3825859791839735 -0.6646082261312456,
            0.6902121469157876 -0.3808407070402313 -0.615278431371518,
            0.6902121469157876 -0.3808407070402313 -0.615278431371518,
            0.4912679244855218 -0.7070013104035872 -0.5087287818271129,
            0.4912679244855218 -0.7070013104035872 -0.5087287818271129,
            0.5453025820643209 -0.7037018687631929 -0.45546544752942003,
            0.5453025820643209 -0.7037018687631929 -0.45546544752942003,
            0.26589574515190445 -0.9238391784889874 -0.27535545209584344,
            0.26589574515190445 -0.9238391784889874 -0.27535545209584344,
            0.328430092242268 -0.9194308000402822 -0.21628841496257287,
            0.328430092242268 -0.9194308000402822 -0.21628841496257287,
            1.777537423729083e-6 -0.999999999996986 1.6936207156918758e-6,
            1.777537423729083e-6 -0.999999999996986 1.6936207156918758e-6,
            0.07261154807101929 -0.9951847266721973 0.06584013126592451,
            0.07261154807101929 -0.9951847266721973 0.06584013126592451,
            -0.26587957411294655 -0.9238392278158051 0.275370901182778,
            -0.26587957411294655 -0.9238392278158051 0.275370901182778,
            -0.18320699610022909 -0.9194308000402811 0.34796867749442534,
            -0.18320699610022909 -0.9194308000402811 0.34796867749442534,
            -0.4912213885003752 -0.7070015090135209 0.5087734404746064,
            -0.4912213885003752 -0.7070015090135209 0.5087734404746064,
            -0.40007948592227793 -0.7037018687631899 0.5871457100612759,
            -0.40007948592227793 -0.7037018687631899 0.5871457100612759,
            -0.6417361890395742 -0.38258621069472926 0.6646822211126249,
            -0.6417361890395742 -0.38258621069472926 0.6646822211126249,
            -0.5449890507737404 -0.3808407070402334 0.7469586939033729,
            -0.5449890507737404 -0.3808407070402334 0.7469586939033729,
            -0.6945769081381088 0.0 0.7194184586742998,
            -0.6945769081381088 0.0 0.7194184586742998,
            -0.5958745230144608 1.6976499042353778e-16 0.8030775509390665,
            -0.5958745230144608 1.6976499042353778e-16 0.8030775509390665,
            -0.6417361890395742 0.38258621069472926 0.6646822211126249,
            -0.6417361890395742 0.38258621069472926 0.6646822211126249,
            -0.5449890507737397 0.38084070704023276 0.7469586939033737,
            -0.5449890507737397 0.38084070704023276 0.7469586939033737,
            -0.4912213885003752 0.7070015090135209 0.5087734404746064,
            -0.4912213885003752 0.7070015090135209 0.5087734404746064,
            -0.4000794859222766 0.7037018687631899 0.587145710061277,
            -0.4000794859222766 0.7037018687631899 0.587145710061277,
            -0.2658795741129459 0.9238392278158054 0.2753709011827774,
            -0.2658795741129459 0.9238392278158054 0.2753709011827774,
            -0.18320699610022534 0.9194308000402812 0.3479686774944269,
            -0.18320699610022534 0.9194308000402812 0.3479686774944269,
            1.7775374236441834e-6 0.999999999996986 1.6936207157909243e-6,
            1.7775374236441834e-6 0.999999999996986 1.6936207157909243e-6,
            0.07261154807102309 0.9951847266721968 0.06584013126592812,
            0.07261154807102309 0.9951847266721968 0.06584013126592812,
            0.265895745151904 0.9238391784889877 -0.275355452095843,
            0.265895745151904 0.9238391784889877 -0.275355452095843,
            0.32843009224226954 0.9194308000402822 -0.2162884149625704,
            0.32843009224226954 0.9194308000402822 -0.2162884149625704,
            0.491267924485522 0.7070013104035868 -0.508728781827113,
            0.491267924485522 0.7070013104035868 -0.508728781827113,
            0.545302582064321 0.7037018687631929 -0.45546544752941975,
            0.545302582064321 0.7037018687631929 -0.45546544752941975,
            0.6418129589611908 0.38258597918397386 -0.6646082261312454,
            0.6418129589611908 0.38258597918397386 -0.6646082261312454,
            0.6902121469157876 0.3808407070402313 -0.615278431371518,
            0.6902121469157876 0.3808407070402313 -0.615278431371518,
            0.8066299871365323 -3.2392658053889775e-16 -0.5910567348843239,
            0.8066299871365323 -3.2392658053889775e-16 -0.5910567348843239,
            1.0 -3.9619075284148684e-16 0.0,
            1.0 -3.9619075284148684e-16 0.0,
            0.7894672545975419 -0.3564645784895281 -0.4996743521539835,
            0.7894672545975419 -0.3564645784895281 -0.4996743521539835,
            0.9238795325112872 -0.38268343236508884 0.0,
            0.9238795325112872 -0.38268343236508884 0.0,
            0.656454255455499 -0.6902001556350076 -0.3044528792042833,
            0.656454255455499 -0.6902001556350076 -0.3044528792042833,
            0.7071067811865475 -0.7071067811865475 0.0,
            0.7071067811865475 -0.7071067811865475 0.0,
            0.36945018239000316 -0.9200697437263556 -0.13030053496172514,
            0.36945018239000316 -0.9200697437263556 -0.13030053496172514,
            0.38268343236508917 -0.9238795325112871 0.0,
            0.38268343236508917 -0.9238795325112871 0.0,
            -5.539917862428761e-4 -0.9999916658031004 -0.00404492489933033,
            -5.539917862428761e-4 -0.9999916658031004 -0.00404492489933033,
            -5.518371200292139e-16 -1.0 0.0,
            -5.518371200292139e-16 -1.0 0.0,
            -0.3766995589593339 -0.9221857248655949 0.08758385201599944,
            -0.3766995589593339 -0.9221857248655949 0.08758385201599944,
            -0.38268343236509067 -0.9238795325112864 0.0,
            -0.38268343236509067 -0.9238795325112864 0.0,
            -0.6946478906864473 -0.7030835000848161 0.15211147186637125,
            -0.6946478906864473 -0.7030835000848161 0.15211147186637125,
            -0.7071067811865482 -0.7071067811865468 0.0,
            -0.7071067811865482 -0.7071067811865468 0.0,
            -0.9053868070475795 -0.37917139073577877 0.1910596400909532,
            -0.9053868070475795 -0.37917139073577877 0.1910596400909532,
            -0.9238795325112864 -0.38268343236509056 0.0,
            -0.9238795325112864 -0.38268343236509056 0.0,
            -0.9789448918181244 0.0 0.20412471379820912,
            -0.9789448918181244 0.0 0.20412471379820912,
            -1.0 0.0 0.0,
            -1.0 0.0 0.0,
            -0.9053868070475795 0.37917139073577877 0.1910596400909532,
            -0.9053868070475795 0.37917139073577877 0.1910596400909532,
            -0.9238795325112864 0.38268343236509056 0.0,
            -0.9238795325112864 0.38268343236509056 0.0,
            -0.6946478906864482 0.7030835000848155 0.15211147186637058,
            -0.6946478906864482 0.7030835000848155 0.15211147186637058,
            -0.7071067811865482 0.7071067811865468 0.0,
            -0.7071067811865482 0.7071067811865468 0.0,
            -0.3766995589593338 0.9221857248655952 0.08758385201599814,
            -0.3766995589593338 0.9221857248655952 0.08758385201599814,
            -0.3826834323650898 0.9238795325112867 0.0,
            -0.3826834323650898 0.9238795325112867 0.0,
            -5.539917862425643e-4 0.9999916658031003 -0.004044924899330742,
            -5.539917862425643e-4 0.9999916658031003 -0.004044924899330742,
            -5.659867897735526e-16 1.0 0.0,
            -5.659867897735526e-16 1.0 0.0,
            0.36945018239000255 0.9200697437263557 -0.13030053496172606,
            0.36945018239000255 0.9200697437263557 -0.13030053496172606,
            0.3826834323650893 0.923879532511287 0.0,
            0.3826834323650893 0.923879532511287 0.0,
            0.6564542554554971 0.690200155635008 -0.30445287920428604,
            0.6564542554554971 0.690200155635008 -0.30445287920428604,
            0.7071067811865464 0.7071067811865487 0.0,
            0.7071067811865464 0.7071067811865487 0.0,
            0.7894672545975403 0.356464578489529 -0.49967435215398537,
            0.7894672545975403 0.356464578489529 -0.49967435215398537,
            0.9238795325112863 0.382683432365091 0.0,
            0.9238795325112863 0.382683432365091 0.0,
            1.0 -3.9619075284148684e-16 0.0,
            1.0 -3.9619075284148684e-16 0.0,
            0.8700221846046782 1.1267254849804507e-16 -0.49301257417605837,
            0.8700221846046782 1.1267254849804507e-16 -0.49301257417605837,
            0.9238795325112872 -0.38268343236508884 0.0,
            0.9238795325112872 -0.38268343236508884 0.0,
            0.8037956891870189 -0.33294307583829064 -0.49301257417605854,
            0.8037956891870189 -0.33294307583829064 -0.49301257417605854,
            0.7071067811865475 -0.7071067811865475 0.0,
            0.7071067811865475 -0.7071067811865475 0.0,
            0.6151985865167017 -0.6151985865167026 -0.4930125741760586,
            0.6151985865167017 -0.6151985865167026 -0.4930125741760586,
            0.38268343236508917 -0.9238795325112871 0.0,
            0.38268343236508917 -0.9238795325112871 0.0,
            0.33294307583829 -0.8037956891870189 -0.4930125741760587,
            0.33294307583829 -0.8037956891870189 -0.4930125741760587,
            -5.518371200292139e-16 -1.0 0.0,
            -5.518371200292139e-16 -1.0 0.0,
            -4.506901939921804e-16 -0.8700221846046778 -0.49301257417605876,
            -4.506901939921804e-16 -0.8700221846046778 -0.49301257417605876,
            -0.38268343236509067 -0.9238795325112864 0.0,
            -0.38268343236509067 -0.9238795325112864 0.0,
            -0.33294307583829225 -0.8037956891870182 -0.4930125741760587,
            -0.33294307583829225 -0.8037956891870182 -0.4930125741760587,
            -0.7071067811865482 -0.7071067811865468 0.0,
            -0.7071067811865482 -0.7071067811865468 0.0,
            -0.6151985865167033 -0.6151985865167011 -0.4930125741760583,
            -0.6151985865167033 -0.6151985865167011 -0.4930125741760583,
            -0.9238795325112864 -0.38268343236509056 0.0,
            -0.9238795325112864 -0.38268343236509056 0.0,
            -0.8037956891870183 -0.3329430758382928 -0.4930125741760581,
            -0.8037956891870183 -0.3329430758382928 -0.4930125741760581,
            -1.0 0.0 0.0,
            -1.0 0.0 0.0,
            -0.8700221846046781 0.0 -0.49301257417605865,
            -0.8700221846046781 0.0 -0.49301257417605865,
            -0.9238795325112864 0.38268343236509056 0.0,
            -0.9238795325112864 0.38268343236509056 0.0,
            -0.8037956891870179 0.33294307583829336 -0.49301257417605826,
            -0.8037956891870179 0.33294307583829336 -0.49301257417605826,
            -0.7071067811865482 0.7071067811865468 0.0,
            -0.7071067811865482 0.7071067811865468 0.0,
            -0.6151985865167034 0.6151985865167009 -0.4930125741760585,
            -0.6151985865167034 0.6151985865167009 -0.4930125741760585,
            -0.3826834323650898 0.9238795325112867 0.0,
            -0.3826834323650898 0.9238795325112867 0.0,
            -0.3329430758382925 0.8037956891870178 -0.49301257417605887,
            -0.3329430758382925 0.8037956891870178 -0.49301257417605887,
            -5.659867897735526e-16 1.0 0.0,
            -5.659867897735526e-16 1.0 0.0,
            -7.323715652372929e-16 0.8700221846046782 -0.4930125741760583,
            -7.323715652372929e-16 0.8700221846046782 -0.4930125741760583,
            0.3826834323650893 0.923879532511287 0.0,
            0.3826834323650893 0.923879532511287 0.0,
            0.33294307583829025 0.8037956891870192 -0.4930125741760585,
            0.33294307583829025 0.8037956891870192 -0.4930125741760585,
            0.7071067811865464 0.7071067811865487 0.0,
            0.7071067811865464 0.7071067811865487 0.0,
            0.6151985865167017 0.6151985865167029 -0.49301257417605804,
            0.6151985865167017 0.6151985865167029 -0.49301257417605804,
            0.9238795325112863 0.382683432365091 0.0,
            0.9238795325112863 0.382683432365091 0.0,
            0.8037956891870184 0.33294307583829186 -0.4930125741760584,
            0.8037956891870184 0.33294307583829186 -0.4930125741760584,
            0.8700221846046782 1.1267254849804507e-16 -0.49301257417605837,
            0.8700221846046782 1.1267254849804507e-16 -0.49301257417605837,
            -1.3411393389837466e-16 -1.9725237247385714e-16 -1.0,
            0.8037956891870189 -0.33294307583829064 -0.49301257417605854,
            0.8037956891870189 -0.33294307583829064 -0.49301257417605854,
            -1.3411393389837466e-16 -1.9725237247385714e-16 -1.0,
            0.6151985865167017 -0.6151985865167026 -0.4930125741760586,
            0.6151985865167017 -0.6151985865167026 -0.4930125741760586,
            -1.3411393389837466e-16 -1.9725237247385714e-16 -1.0,
            0.33294307583829 -0.8037956891870189 -0.4930125741760587,
            0.33294307583829 -0.8037956891870189 -0.4930125741760587,
            -1.3411393389837466e-16 -1.9725237247385714e-16 -1.0,
            -4.506901939921804e-16 -0.8700221846046778 -0.49301257417605876,
            -4.506901939921804e-16 -0.8700221846046778 -0.49301257417605876,
            -1.3411393389837466e-16 -1.9725237247385714e-16 -1.0,
            -0.33294307583829225 -0.8037956891870182 -0.4930125741760587,
            -0.33294307583829225 -0.8037956891870182 -0.4930125741760587,
            -1.3411393389837466e-16 -1.9725237247385714e-16 -1.0,
            -0.6151985865167033 -0.6151985865167011 -0.4930125741760583,
            -0.6151985865167033 -0.6151985865167011 -0.4930125741760583,
            -1.3411393389837466e-16 -1.9725237247385714e-16 -1.0,
            -0.8037956891870183 -0.3329430758382928 -0.4930125741760581,
            -0.8037956891870183 -0.3329430758382928 -0.4930125741760581,
            -1.3411393389837466e-16 -1.9725237247385714e-16 -1.0,
            -0.8700221846046781 0.0 -0.49301257417605865,
            -0.8700221846046781 0.0 -0.49301257417605865,
            -1.3411393389837466e-16 -1.9725237247385714e-16 -1.0,
            -0.8037956891870179 0.33294307583829336 -0.49301257417605826,
            -0.8037956891870179 0.33294307583829336 -0.49301257417605826,
            -1.3411393389837466e-16 -1.9725237247385714e-16 -1.0,
            -0.6151985865167034 0.6151985865167009 -0.4930125741760585,
            -0.6151985865167034 0.6151985865167009 -0.4930125741760585,
            -1.3411393389837466e-16 -1.9725237247385714e-16 -1.0,
            -0.3329430758382925 0.8037956891870178 -0.49301257417605887,
            -0.3329430758382925 0.8037956891870178 -0.49301257417605887,
            -1.3411393389837466e-16 -1.9725237247385714e-16 -1.0,
            -7.323715652372929e-16 0.8700221846046782 -0.4930125741760583,
            -7.323715652372929e-16 0.8700221846046782 -0.4930125741760583,
            -1.3411393389837466e-16 -1.9725237247385714e-16 -1.0,
            0.33294307583829025 0.8037956891870192 -0.4930125741760585,
            0.33294307583829025 0.8037956891870192 -0.4930125741760585,
            -1.3411393389837466e-16 -1.9725237247385714e-16 -1.0,
            0.6151985865167017 0.6151985865167029 -0.49301257417605804,
            0.6151985865167017 0.6151985865167029 -0.49301257417605804,
            -1.3411393389837466e-16 -1.9725237247385714e-16 -1.0,
            0.8037956891870184 0.33294307583829186 -0.4930125741760584,
            0.8037956891870184 0.33294307583829186 -0.4930125741760584,
            -1.3411393389837466e-16 -1.9725237247385714e-16 -1.0 ]
        }
        normalIndex [
          291, 295, 359, 355, -1,
          293, 352, 490, 487, -1,
          290, 354, 414, 350, -1,
          292, 486, 482, 296, -1,
          294, 299, 363, 358, -1,
          297, 483, 543, 301, -1,
          298, 303, 367, 362, -1,
          300, 542, 539, 305, -1,
          302, 307, 371, 366, -1,
          304, 538, 535, 309, -1,
          306, 311, 375, 370, -1,
          308, 534, 531, 313, -1,
          310, 315, 379, 374, -1,
          312, 530, 527, 317, -1,
          314, 319, 383, 378, -1,
          316, 526, 523, 321, -1,
          318, 323, 387, 382, -1,
          320, 522, 519, 325, -1,
          322, 327, 391, 386, -1,
          324, 518, 515, 329, -1,
          326, 331, 395, 390, -1,
          328, 514, 511, 333, -1,
          330, 335, 399, 394, -1,
          332, 510, 507, 337, -1,
          334, 339, 403, 398, -1,
          336, 506, 503, 341, -1,
          338, 343, 407, 402, -1,
          340, 502, 499, 345, -1,
          342, 347, 411, 406, -1,
          344, 498, 495, 349, -1,
          346, 351, 415, 410, -1,
          348, 494, 491, 353, -1,
          356, 360, 422, 418, -1,
          357, 419, 479, 417, -1,
          361, 364, 426, 423, -1,
          365, 368, 430, 427, -1,
          369, 372, 434, 431, -1,
          373, 376, 438, 435, -1,
          377, 380, 442, 439, -1,
          381, 384, 446, 443, -1,
          385, 388, 450, 447, -1,
          389, 392, 454, 451, -1,
          393, 396, 458, 455, -1,
          397, 400, 462, 459, -1,
          401, 404, 466, 463, -1,
          405, 408, 470, 467, -1,
          409, 412, 474, 471, -1,
          413, 416, 478, 475, -1,
          420, 424, 549, 546, -1,
          421, 547, 592, 481, -1,
          425, 428, 552, 550, -1,
          429, 432, 555, 553, -1,
          433, 436, 558, 556, -1,
          437, 440, 561, 559, -1,
          441, 444, 564, 562, -1,
          445, 448, 567, 565, -1,
          449, 452, 570, 568, -1,
          453, 456, 573, 571, -1,
          457, 460, 576, 574, -1,
          461, 464, 579, 577, -1,
          465, 468, 582, 580, -1,
          469, 472, 585, 583, -1,
          473, 476, 588, 586, -1,
          477, 480, 591, 589, -1,
          484, 488, 597, 594, -1,
          485, 595, 640, 545, -1,
          489, 492, 600, 598, -1,
          493, 496, 603, 601, -1,
          497, 500, 606, 604, -1,
          501, 504, 609, 607, -1,
          505, 508, 612, 610, -1,
          509, 512, 615, 613, -1,
          513, 516, 618, 616, -1,
          517, 520, 621, 619, -1,
          521, 524, 624, 622, -1,
          525, 528, 627, 625, -1,
          529, 532, 630, 628, -1,
          533, 536, 633, 631, -1,
          537, 540, 636, 634, -1,
          541, 544, 639, 637, -1,
          548, 551, 554, 557, 560, 563, 566, 569, 572, 575, 578, 581, 584, 587, 590, 593, -1,
          596, 599, 602, 605, 608, 611, 614, 617, 620, 623, 626, 629, 632, 635, 638, 641, -1,
          643, 647, 711, 707, -1,
          645, 705, 128, 113, -1,
          642, 706, 766, 702, -1,
          644, 113, 114, 648, -1,
          646, 651, 715, 710, -1,
          649, 114, 115, 652, -1,
          650, 655, 719, 714, -1,
          653, 115, 116, 656, -1,
          654, 659, 723, 718, -1,
          657, 116, 117, 660, -1,
          658, 663, 727, 722, -1,
          661, 117, 118, 664, -1,
          662, 667, 731, 726, -1,
          665, 118, 119, 668, -1,
          666, 671, 735, 730, -1,
          669, 119, 120, 672, -1,
          670, 675, 739, 734, -1,
          673, 120, 121, 676, -1,
          674, 679, 743, 738, -1,
          677, 121, 122, 680, -1,
          678, 683, 747, 742, -1,
          681, 122, 123, 684, -1,
          682, 687, 751, 746, -1,
          685, 123, 124, 688, -1,
          686, 691, 755, 750, -1,
          689, 124, 125, 692, -1,
          690, 695, 759, 754, -1,
          693, 125, 126, 696, -1,
          694, 699, 763, 758, -1,
          697, 126, 127, 700, -1,
          698, 703, 767, 762, -1,
          701, 127, 128, 704, -1,
          0, 1, 112, -1,
          0, 15, 31, 16, -1,
          0, 16, 17, 1, -1,
          0, 112, 15, -1,
          1, 2, 112, -1,
          1, 17, 18, 2, -1,
          2, 3, 112, -1,
          2, 18, 19, 3, -1,
          3, 4, 112, -1,
          3, 19, 20, 4, -1,
          4, 5, 112, -1,
          4, 20, 21, 5, -1,
          5, 6, 112, -1,
          5, 21, 22, 6, -1,
          6, 7, 112, -1,
          6, 22, 23, 7, -1,
          7, 8, 112, -1,
          7, 23, 24, 8, -1,
          8, 9, 112, -1,
          8, 24, 25, 9, -1,
          9, 10, 112, -1,
          9, 25, 26, 10, -1,
          10, 11, 112, -1,
          10, 26, 27, 11, -1,
          11, 12, 112, -1,
          11, 27, 28, 12, -1,
          12, 13, 112, -1,
          12, 28, 29, 13, -1,
          13, 14, 112, -1,
          13, 29, 30, 14, -1,
          14, 15, 112, -1,
          14, 30, 31, 15, -1,
          16, 31, 47, 32, -1,
          16, 32, 33, 17, -1,
          17, 33, 34, 18, -1,
          18, 34, 35, 19, -1,
          19, 35, 36, 20, -1,
          20, 36, 37, 21, -1,
          21, 37, 38, 22, -1,
          22, 38, 39, 23, -1,
          23, 39, 40, 24, -1,
          24, 40, 41, 25, -1,
          25, 41, 42, 26, -1,
          26, 42, 43, 27, -1,
          27, 43, 44, 28, -1,
          28, 44, 45, 29, -1,
          29, 45, 46, 30, -1,
          30, 46, 47, 31, -1,
          32, 47, 63, 48, -1,
          32, 48, 49, 33, -1,
          33, 49, 50, 34, -1,
          34, 50, 51, 35, -1,
          35, 51, 52, 36, -1,
          36, 52, 53, 37, -1,
          37, 53, 54, 38, -1,
          38, 54, 55, 39, -1,
          39, 55, 56, 40, -1,
          40, 56, 57, 41, -1,
          41, 57, 58, 42, -1,
          42, 58, 59, 43, -1,
          43, 59, 60, 44, -1,
          44, 60, 61, 45, -1,
          45, 61, 62, 46, -1,
          46, 62, 63, 47, -1,
          48, 63, 79, 64, -1,
          48, 64, 65, 49, -1,
          49, 65, 66, 50, -1,
          50, 66, 67, 51, -1,
          51, 67, 68, 52, -1,
          52, 68, 69, 53, -1,
          53, 69, 70, 54, -1,
          54, 70, 71, 55, -1,
          55, 71, 72, 56, -1,
          56, 72, 73, 57, -1,
          57, 73, 74, 58, -1,
          58, 74, 75, 59, -1,
          59, 75, 76, 60, -1,
          60, 76, 77, 61, -1,
          61, 77, 78, 62, -1,
          62, 78, 79, 63, -1,
          64, 79, 95, 80, -1,
          64, 80, 81, 65, -1,
          65, 81, 82, 66, -1,
          66, 82, 83, 67, -1,
          67, 83, 84, 68, -1,
          68, 84, 85, 69, -1,
          69, 85, 86, 70, -1,
          70, 86, 87, 71, -1,
          71, 87, 88, 72, -1,
          72, 88, 89, 73, -1,
          73, 89, 90, 74, -1,
          74, 90, 91, 75, -1,
          75, 91, 92, 76, -1,
          76, 92, 93, 77, -1,
          77, 93, 94, 78, -1,
          78, 94, 95, 79, -1,
          80, 95, 111, 96, -1,
          80, 96, 97, 81, -1,
          81, 97, 98, 82, -1,
          82, 98, 99, 83, -1,
          83, 99, 100, 84, -1,
          84, 100, 101, 85, -1,
          85, 101, 102, 86, -1,
          86, 102, 103, 87, -1,
          87, 103, 104, 88, -1,
          88, 104, 105, 89, -1,
          89, 105, 106, 90, -1,
          90, 106, 107, 91, -1,
          91, 107, 108, 92, -1,
          92, 108, 109, 93, -1,
          93, 109, 110, 94, -1,
          94, 110, 111, 95, -1,
          96, 111, 769, 709, -1,
          96, 708, 712, 97, -1,
          97, 713, 716, 98, -1,
          98, 717, 720, 99, -1,
          99, 721, 724, 100, -1,
          100, 725, 728, 101, -1,
          101, 729, 732, 102, -1,
          102, 733, 736, 103, -1,
          103, 737, 740, 104, -1,
          104, 741, 744, 105, -1,
          105, 745, 748, 106, -1,
          106, 749, 752, 107, -1,
          107, 753, 756, 108, -1,
          108, 757, 760, 109, -1,
          109, 761, 764, 110, -1,
          110, 765, 768, 111, -1,
          113, 128, 144, 129, -1,
          113, 129, 130, 114, -1,
          114, 130, 131, 115, -1,
          115, 131, 132, 116, -1,
          116, 132, 133, 117, -1,
          117, 133, 134, 118, -1,
          118, 134, 135, 119, -1,
          119, 135, 136, 120, -1,
          120, 136, 137, 121, -1,
          121, 137, 138, 122, -1,
          122, 138, 139, 123, -1,
          123, 139, 140, 124, -1,
          124, 140, 141, 125, -1,
          125, 141, 142, 126, -1,
          126, 142, 143, 127, -1,
          127, 143, 144, 128, -1,
          129, 144, 831, 771, -1,
          129, 770, 774, 130, -1,
          130, 775, 778, 131, -1,
          131, 779, 782, 132, -1,
          132, 783, 786, 133, -1,
          133, 787, 790, 134, -1,
          134, 791, 794, 135, -1,
          135, 795, 798, 136, -1,
          136, 799, 802, 137, -1,
          137, 803, 806, 138, -1,
          138, 807, 810, 139, -1,
          139, 811, 814, 140, -1,
          140, 815, 818, 141, -1,
          141, 819, 822, 142, -1,
          142, 823, 826, 143, -1,
          143, 827, 830, 144, -1,
          773, 833, 895, 835, -1,
          772, 834, 838, 776, -1,
          777, 839, 842, 780, -1,
          781, 843, 846, 784, -1,
          785, 847, 850, 788, -1,
          789, 851, 854, 792, -1,
          793, 855, 858, 796, -1,
          797, 859, 862, 800, -1,
          801, 863, 866, 804, -1,
          805, 867, 870, 808, -1,
          809, 871, 874, 812, -1,
          813, 875, 878, 816, -1,
          817, 879, 882, 820, -1,
          821, 883, 886, 824, -1,
          825, 887, 890, 828, -1,
          829, 891, 894, 832, -1,
          837, 897, 944, 899, -1,
          836, 898, 901, 840, -1,
          841, 902, 904, 844, -1,
          845, 905, 907, 848, -1,
          849, 908, 910, 852, -1,
          853, 911, 913, 856, -1,
          857, 914, 916, 860, -1,
          861, 917, 919, 864, -1,
          865, 920, 922, 868, -1,
          869, 923, 925, 872, -1,
          873, 926, 928, 876, -1,
          877, 929, 931, 880, -1,
          881, 932, 934, 884, -1,
          885, 935, 937, 888, -1,
          889, 938, 940, 892, -1,
          893, 941, 943, 896, -1,
          900, 945, 942, 939, 936, 933, 930, 927, 924, 921, 918, 915, 912, 909, 906, 903, -1,
          948, 952, 259, 258, -1,
          946, 1006, 1070, 1010, -1,
          947, 1011, 1015, 951, -1,
          949, 258, 273, 1009, -1,
          953, 956, 260, 259, -1,
          950, 1014, 1019, 955, -1,
          957, 960, 261, 260, -1,
          954, 1018, 1023, 959, -1,
          961, 964, 262, 261, -1,
          958, 1022, 1027, 963, -1,
          965, 968, 263, 262, -1,
          962, 1026, 1031, 967, -1,
          969, 972, 264, 263, -1,
          966, 1030, 1035, 971, -1,
          973, 976, 265, 264, -1,
          970, 1034, 1039, 975, -1,
          977, 980, 266, 265, -1,
          974, 1038, 1043, 979, -1,
          981, 984, 267, 266, -1,
          978, 1042, 1047, 983, -1,
          985, 988, 268, 267, -1,
          982, 1046, 1051, 987, -1,
          989, 992, 269, 268, -1,
          986, 1050, 1055, 991, -1,
          993, 996, 270, 269, -1,
          990, 1054, 1059, 995, -1,
          997, 1000, 271, 270, -1,
          994, 1058, 1063, 999, -1,
          1001, 1004, 272, 271, -1,
          998, 1062, 1067, 1003, -1,
          1005, 1008, 273, 272, -1,
          1002, 1066, 1071, 1007, -1,
          145, 146, 162, 161, -1,
          145, 160, 257, -1,
          145, 161, 176, 160, -1,
          145, 257, 146, -1,
          146, 147, 163, 162, -1,
          146, 257, 147, -1,
          147, 148, 164, 163, -1,
          147, 257, 148, -1,
          148, 149, 165, 164, -1,
          148, 257, 149, -1,
          149, 150, 166, 165, -1,
          149, 257, 150, -1,
          150, 151, 167, 166, -1,
          150, 257, 151, -1,
          151, 152, 168, 167, -1,
          151, 257, 152, -1,
          152, 153, 169, 168, -1,
          152, 257, 153, -1,
          153, 154, 170, 169, -1,
          153, 257, 154, -1,
          154, 155, 171, 170, -1,
          154, 257, 155, -1,
          155, 156, 172, 171, -1,
          155, 257, 156, -1,
          156, 157, 173, 172, -1,
          156, 257, 157, -1,
          157, 158, 174, 173, -1,
          157, 257, 158, -1,
          158, 159, 175, 174, -1,
          158, 257, 159, -1,
          159, 160, 176, 175, -1,
          159, 257, 160, -1,
          161, 162, 178, 177, -1,
          161, 177, 192, 176, -1,
          162, 163, 179, 178, -1,
          163, 164, 180, 179, -1,
          164, 165, 181, 180, -1,
          165, 166, 182, 181, -1,
          166, 167, 183, 182, -1,
          167, 168, 184, 183, -1,
          168, 169, 185, 184, -1,
          169, 170, 186, 185, -1,
          170, 171, 187, 186, -1,
          171, 172, 188, 187, -1,
          172, 173, 189, 188, -1,
          173, 174, 190, 189, -1,
          174, 175, 191, 190, -1,
          175, 176, 192, 191, -1,
          177, 178, 194, 193, -1,
          177, 193, 208, 192, -1,
          178, 179, 195, 194, -1,
          179, 180, 196, 195, -1,
          180, 181, 197, 196, -1,
          181, 182, 198, 197, -1,
          182, 183, 199, 198, -1,
          183, 184, 200, 199, -1,
          184, 185, 201, 200, -1,
          185, 186, 202, 201, -1,
          186, 187, 203, 202, -1,
          187, 188, 204, 203, -1,
          188, 189, 205, 204, -1,
          189, 190, 206, 205, -1,
          190, 191, 207, 206, -1,
          191, 192, 208, 207, -1,
          193, 194, 210, 209, -1,
          193, 209, 224, 208, -1,
          194, 195, 211, 210, -1,
          195, 196, 212, 211, -1,
          196, 197, 213, 212, -1,
          197, 198, 214, 213, -1,
          198, 199, 215, 214, -1,
          199, 200, 216, 215, -1,
          200, 201, 217, 216, -1,
          201, 202, 218, 217, -1,
          202, 203, 219, 218, -1,
          203, 204, 220, 219, -1,
          204, 205, 221, 220, -1,
          205, 206, 222, 221, -1,
          206, 207, 223, 222, -1,
          207, 208, 224, 223, -1,
          209, 210, 226, 225, -1,
          209, 225, 240, 224, -1,
          210, 211, 227, 226, -1,
          211, 212, 228, 227, -1,
          212, 213, 229, 228, -1,
          213, 214, 230, 229, -1,
          214, 215, 231, 230, -1,
          215, 216, 232, 231, -1,
          216, 217, 233, 232, -1,
          217, 218, 234, 233, -1,
          218, 219, 235, 234, -1,
          219, 220, 236, 235, -1,
          220, 221, 237, 236, -1,
          221, 222, 238, 237, -1,
          222, 223, 239, 238, -1,
          223, 224, 240, 239, -1,
          225, 226, 242, 241, -1,
          225, 241, 256, 240, -1,
          226, 227, 243, 242, -1,
          227, 228, 244, 243, -1,
          228, 229, 245, 244, -1,
          229, 230, 246, 245, -1,
          230, 231, 247, 246, -1,
          231, 232, 248, 247, -1,
          232, 233, 249, 248, -1,
          233, 234, 250, 249, -1,
          234, 235, 251, 250, -1,
          235, 236, 252, 251, -1,
          236, 237, 253, 252, -1,
          237, 238, 254, 253, -1,
          238, 239, 255, 254, -1,
          239, 240, 256, 255, -1,
          241, 242, 1016, 1012, -1,
          241, 1013, 1073, 256, -1,
          242, 243, 1020, 1017, -1,
          243, 244, 1024, 1021, -1,
          244, 245, 1028, 1025, -1,
          245, 246, 1032, 1029, -1,
          246, 247, 1036, 1033, -1,
          247, 248, 1040, 1037, -1,
          248, 249, 1044, 1041, -1,
          249, 250, 1048, 1045, -1,
          250, 251, 1052, 1049, -1,
          251, 252, 1056, 1053, -1,
          252, 253, 1060, 1057, -1,
          253, 254, 1064, 1061, -1,
          254, 255, 1068, 1065, -1,
          255, 256, 1072, 1069, -1,
          258, 259, 275, 274, -1,
          258, 274, 289, 273, -1,
          259, 260, 276, 275, -1,
          260, 261, 277, 276, -1,
          261, 262, 278, 277, -1,
          262, 263, 279, 278, -1,
          263, 264, 280, 279, -1,
          264, 265, 281, 280, -1,
          265, 266, 282, 281, -1,
          266, 267, 283, 282, -1,
          267, 268, 284, 283, -1,
          268, 269, 285, 284, -1,
          269, 270, 286, 285, -1,
          270, 271, 287, 286, -1,
          271, 272, 288, 287, -1,
          272, 273, 289, 288, -1,
          274, 275, 1078, 1074, -1,
          274, 1075, 1135, 289, -1,
          275, 276, 1082, 1079, -1,
          276, 277, 1086, 1083, -1,
          277, 278, 1090, 1087, -1,
          278, 279, 1094, 1091, -1,
          279, 280, 1098, 1095, -1,
          280, 281, 1102, 1099, -1,
          281, 282, 1106, 1103, -1,
          282, 283, 1110, 1107, -1,
          283, 284, 1114, 1111, -1,
          284, 285, 1118, 1115, -1,
          285, 286, 1122, 1119, -1,
          286, 287, 1126, 1123, -1,
          287, 288, 1130, 1127, -1,
          288, 289, 1134, 1131, -1,
          1076, 1080, 1142, 1138, -1,
          1077, 1139, 1199, 1137, -1,
          1081, 1084, 1146, 1143, -1,
          1085, 1088, 1150, 1147, -1,
          1089, 1092, 1154, 1151, -1,
          1093, 1096, 1158, 1155, -1,
          1097, 1100, 1162, 1159, -1,
          1101, 1104, 1166, 1163, -1,
          1105, 1108, 1170, 1167, -1,
          1109, 1112, 1174, 1171, -1,
          1113, 1116, 1178, 1175, -1,
          1117, 1120, 1182, 1179, -1,
          1121, 1124, 1186, 1183, -1,
          1125, 1128, 1190, 1187, -1,
          1129, 1132, 1194, 1191, -1,
          1133, 1136, 1198, 1195, -1,
          1140, 1144, 1205, 1202, -1,
          1141, 1203, 1248, 1201, -1,
          1145, 1148, 1208, 1206, -1,
          1149, 1152, 1211, 1209, -1,
          1153, 1156, 1214, 1212, -1,
          1157, 1160, 1217, 1215, -1,
          1161, 1164, 1220, 1218, -1,
          1165, 1168, 1223, 1221, -1,
          1169, 1172, 1226, 1224, -1,
          1173, 1176, 1229, 1227, -1,
          1177, 1180, 1232, 1230, -1,
          1181, 1184, 1235, 1233, -1,
          1185, 1188, 1238, 1236, -1,
          1189, 1192, 1241, 1239, -1,
          1193, 1196, 1244, 1242, -1,
          1197, 1200, 1247, 1245, -1,
          1204, 1207, 1210, 1213, 1216, 1219, 1222, 1225, 1228, 1231, 1234, 1237, 1240, 1243, 1246, 1249, -1 ]
      }
    }

  ]
}

