#VRML V2.0 utf8
#Exported from Wings 3D 2.2.9
DEF Cylinder7_copy8 Transform {
  children [
    Shape {
      appearance Appearance {
        material DEF pins Material {
          diffuseColor 0.6 0.6 0.6
          emissiveColor 0.0 0.0 0.0
          specularColor 0.5999999905136262 0.5999999905136262 0.5999999905136262
          ambientIntensity 1.0
          transparency 0.0
          shininess 0.5
        }
      }
      geometry IndexedFaceSet {
        normalPerVertex TRUE
        coord Coordinate { point [
          1.3410793346499998 -1.45670044094 1.0,
          1.3289000598518057 -1.5179297901184143 1.0,
          1.2942164196398476 -1.5698375259298476 1.0,
          1.2423086838284143 -1.6045211661418057 1.0,
          1.18107933465 -1.6167004409399999 1.0,
          1.1198499854715855 -1.6045211661418057 1.0,
          1.0679422496601523 -1.5698375259298476 1.0,
          1.0332586094481941 -1.5179297901184143 1.0,
          1.02107933465 -1.45670044094 1.0,
          1.0332586094481941 -1.3954710917615856 1.0,
          1.0679422496601523 -1.3435633559501523 1.0,
          1.1198499854715855 -1.308879715738194 1.0,
          1.18107933465 -1.2967004409399998 1.0,
          1.2423086838284143 -1.308879715738194 1.0,
          1.2942164196398476 -1.3435633559501523 1.0,
          1.3289000598518057 -1.3954710917615853 1.0,
          1.3410793346499998 -1.45670044094 -1.0,
          1.3289000598518057 -1.5179297901184143 -1.0,
          1.2942164196398476 -1.5698375259298476 -1.0,
          1.2423086838284143 -1.604521166141806 -1.0,
          1.18107933465 -1.61670044094 -1.0,
          1.1198499854715855 -1.604521166141806 -1.0,
          1.0679422496601523 -1.5698375259298476 -1.0,
          1.0332586094481941 -1.5179297901184143 -1.0,
          1.02107933465 -1.45670044094 -1.0,
          1.0332586094481941 -1.3954710917615856 -1.0,
          1.0679422496601523 -1.3435633559501523 -1.0,
          1.1198499854715855 -1.3088797157381942 -1.0,
          1.18107933465 -1.29670044094 -1.0,
          1.2423086838284143 -1.3088797157381942 -1.0,
          1.2942164196398476 -1.3435633559501523 -1.0,
          1.3289000598518057 -1.3954710917615856 -1.0 ] }
        coordIndex [
          0, 1, 17, 16, -1,
          0, 15, 14, 13, 12, 11, 10, 9, 8, 7, 6, 5, 4, 3, 2, 1, -1,
          0, 16, 31, 15, -1,
          1, 2, 18, 17, -1,
          2, 3, 19, 18, -1,
          3, 4, 20, 19, -1,
          4, 5, 21, 20, -1,
          5, 6, 22, 21, -1,
          6, 7, 23, 22, -1,
          7, 8, 24, 23, -1,
          8, 9, 25, 24, -1,
          9, 10, 26, 25, -1,
          10, 11, 27, 26, -1,
          11, 12, 28, 27, -1,
          12, 13, 29, 28, -1,
          13, 14, 30, 29, -1,
          14, 15, 31, 30, -1,
          16, 17, 18, 19, 20, 21, 22, 23, 24, 25, 26, 27, 28, 29, 30, 31, -1 ]
        normal Normal { vector [
          0.0 0.0 1.0,
          1.0 -1.6979603693206584e-16 -5.5335093945627595e-18,
          1.0 -1.6979603693206584e-16 -5.5335093945627595e-18,
          0.0 0.0 1.0,
          0.9238795325112871 -0.3826834323650889 0.0,
          0.9238795325112871 -0.3826834323650889 0.0,
          0.0 0.0 1.0,
          0.707106781186548 -0.707106781186547 2.3462079832946154e-17,
          0.707106781186548 -0.707106781186547 2.3462079832946154e-17,
          0.0 0.0 1.0,
          0.3826834323650896 -0.9238795325112868 7.901851415435634e-17,
          0.3826834323650896 -0.9238795325112868 7.901851415435634e-17,
          0.0 0.0 1.0,
          0.0 -1.0 1.111128686428204e-16,
          0.0 -1.0 1.111128686428204e-16,
          0.0 0.0 1.0,
          -0.3826834323650896 -0.9238795325112868 7.901851415435634e-17,
          -0.3826834323650896 -0.9238795325112868 7.901851415435634e-17,
          0.0 0.0 1.0,
          -0.707106781186548 -0.707106781186547 2.3462079832946154e-17,
          -0.707106781186548 -0.707106781186547 2.3462079832946154e-17,
          0.0 0.0 1.0,
          -0.9238795325112871 -0.3826834323650889 0.0,
          -0.9238795325112871 -0.3826834323650889 0.0,
          0.0 0.0 1.0,
          -1.0 0.0 0.0,
          -1.0 0.0 0.0,
          0.0 0.0 1.0,
          -0.9238795325112871 0.3826834323650889 0.0,
          -0.9238795325112871 0.3826834323650889 0.0,
          0.0 0.0 1.0,
          -0.707106781186548 0.707106781186547 -2.3462079832946154e-17,
          -0.707106781186548 0.707106781186547 -2.3462079832946154e-17,
          0.0 0.0 1.0,
          -0.3826834323650896 0.9238795325112868 -7.901851415435634e-17,
          -0.3826834323650896 0.9238795325112868 -7.901851415435634e-17,
          0.0 0.0 1.0,
          0.0 1.0 -1.111128686428204e-16,
          0.0 1.0 -1.111128686428204e-16,
          0.0 0.0 1.0,
          0.3826834323650896 0.9238795325112868 -7.901851415435634e-17,
          0.3826834323650896 0.9238795325112868 -7.901851415435634e-17,
          0.0 0.0 1.0,
          0.7071067811865477 0.7071067811865474 -3.8955906137721945e-17,
          0.7071067811865477 0.7071067811865474 -3.8955906137721945e-17,
          0.0 0.0 1.0,
          0.923879532511287 0.38268343236508917 -2.102733569933855e-17,
          0.923879532511287 0.38268343236508917 -2.102733569933855e-17,
          0.0 0.0 -1.0,
          1.0 -1.6979603693206584e-16 -5.5335093945627595e-18,
          1.0 -1.6979603693206584e-16 -5.5335093945627595e-18,
          0.0 0.0 -1.0,
          0.9238795325112871 -0.3826834323650889 0.0,
          0.9238795325112871 -0.3826834323650889 0.0,
          0.0 0.0 -1.0,
          0.707106781186548 -0.707106781186547 2.3462079832946154e-17,
          0.707106781186548 -0.707106781186547 2.3462079832946154e-17,
          0.0 0.0 -1.0,
          0.3826834323650896 -0.9238795325112868 7.901851415435634e-17,
          0.3826834323650896 -0.9238795325112868 7.901851415435634e-17,
          0.0 0.0 -1.0,
          0.0 -1.0 1.111128686428204e-16,
          0.0 -1.0 1.111128686428204e-16,
          0.0 0.0 -1.0,
          -0.3826834323650896 -0.9238795325112868 7.901851415435634e-17,
          -0.3826834323650896 -0.9238795325112868 7.901851415435634e-17,
          0.0 0.0 -1.0,
          -0.707106781186548 -0.707106781186547 2.3462079832946154e-17,
          -0.707106781186548 -0.707106781186547 2.3462079832946154e-17,
          0.0 0.0 -1.0,
          -0.9238795325112871 -0.3826834323650889 0.0,
          -0.9238795325112871 -0.3826834323650889 0.0,
          0.0 0.0 -1.0,
          -1.0 0.0 0.0,
          -1.0 0.0 0.0,
          0.0 0.0 -1.0,
          -0.9238795325112871 0.3826834323650889 0.0,
          -0.9238795325112871 0.3826834323650889 0.0,
          0.0 0.0 -1.0,
          -0.707106781186548 0.707106781186547 -2.3462079832946154e-17,
          -0.707106781186548 0.707106781186547 -2.3462079832946154e-17,
          0.0 0.0 -1.0,
          -0.3826834323650896 0.9238795325112868 -7.901851415435634e-17,
          -0.3826834323650896 0.9238795325112868 -7.901851415435634e-17,
          0.0 0.0 -1.0,
          0.0 1.0 -1.111128686428204e-16,
          0.0 1.0 -1.111128686428204e-16,
          0.0 0.0 -1.0,
          0.3826834323650896 0.9238795325112868 -7.901851415435634e-17,
          0.3826834323650896 0.9238795325112868 -7.901851415435634e-17,
          0.0 0.0 -1.0,
          0.7071067811865477 0.7071067811865474 -3.8955906137721945e-17,
          0.7071067811865477 0.7071067811865474 -3.8955906137721945e-17,
          0.0 0.0 -1.0,
          0.923879532511287 0.38268343236508917 -2.102733569933855e-17,
          0.923879532511287 0.38268343236508917 -2.102733569933855e-17 ] }
        normalIndex [
          2, 5, 53, 50, -1,
          0, 45, 42, 39, 36, 33, 30, 27, 24, 21, 18, 15, 12, 9, 6, 3, -1,
          1, 49, 94, 46, -1,
          4, 8, 56, 52, -1,
          7, 11, 59, 55, -1,
          10, 14, 62, 58, -1,
          13, 17, 65, 61, -1,
          16, 20, 68, 64, -1,
          19, 23, 71, 67, -1,
          22, 26, 74, 70, -1,
          25, 29, 77, 73, -1,
          28, 32, 80, 76, -1,
          31, 35, 83, 79, -1,
          34, 38, 86, 82, -1,
          37, 41, 89, 85, -1,
          40, 44, 92, 88, -1,
          43, 47, 95, 91, -1,
          48, 51, 54, 57, 60, 63, 66, 69, 72, 75, 78, 81, 84, 87, 90, 93, -1 ]
      }
    }
  ]
}

DEF Cylinder7 Transform {
  children [
    Shape {
      appearance Appearance {
        material USE pins
      }
      geometry IndexedFaceSet {
        normalPerVertex TRUE
        coord Coordinate { point [
          -1.02107983465 1.45670044094 1.0,
          -1.0332591094481942 1.3954710917615856 1.0,
          -1.0679427496601523 1.3435633559501523 1.0,
          -1.1198504854715856 1.3088797157381942 1.0,
          -1.18107983465 1.29670044094 1.0,
          -1.2423091838284144 1.3088797157381942 1.0,
          -1.2942169196398476 1.3435633559501523 1.0,
          -1.3289005598518058 1.3954710917615856 1.0,
          -1.34107983465 1.45670044094 1.0,
          -1.3289005598518058 1.5179297901184143 1.0,
          -1.2942169196398476 1.5698375259298476 1.0,
          -1.2423091838284144 1.604521166141806 1.0,
          -1.18107983465 1.61670044094 1.0,
          -1.1198504854715856 1.604521166141806 1.0,
          -1.0679427496601523 1.5698375259298476 1.0,
          -1.0332591094481942 1.5179297901184146 1.0,
          -1.02107983465 1.45670044094 -1.0,
          -1.0332591094481942 1.3954710917615856 -1.0,
          -1.0679427496601523 1.3435633559501523 -1.0,
          -1.1198504854715856 1.308879715738194 -1.0,
          -1.18107983465 1.2967004409399998 -1.0,
          -1.2423091838284144 1.308879715738194 -1.0,
          -1.2942169196398476 1.3435633559501523 -1.0,
          -1.3289005598518058 1.3954710917615856 -1.0,
          -1.34107983465 1.45670044094 -1.0,
          -1.3289005598518058 1.5179297901184143 -1.0,
          -1.2942169196398476 1.5698375259298476 -1.0,
          -1.2423091838284144 1.6045211661418057 -1.0,
          -1.18107983465 1.6167004409399999 -1.0,
          -1.1198504854715856 1.6045211661418057 -1.0,
          -1.0679427496601523 1.5698375259298476 -1.0,
          -1.0332591094481942 1.5179297901184143 -1.0 ] }
        coordIndex [
          0, 1, 17, 16, -1,
          0, 15, 14, 13, 12, 11, 10, 9, 8, 7, 6, 5, 4, 3, 2, 1, -1,
          0, 16, 31, 15, -1,
          1, 2, 18, 17, -1,
          2, 3, 19, 18, -1,
          3, 4, 20, 19, -1,
          4, 5, 21, 20, -1,
          5, 6, 22, 21, -1,
          6, 7, 23, 22, -1,
          7, 8, 24, 23, -1,
          8, 9, 25, 24, -1,
          9, 10, 26, 25, -1,
          10, 11, 27, 26, -1,
          11, 12, 28, 27, -1,
          12, 13, 29, 28, -1,
          13, 14, 30, 29, -1,
          14, 15, 31, 30, -1,
          16, 17, 18, 19, 20, 21, 22, 23, 24, 25, 26, 27, 28, 29, 30, 31, -1 ]
        normal Normal { vector [
          0.0 -0.0 1.0,
          1.0 -1.6979603693206584e-16 -5.5335093945627595e-18,
          1.0 -1.6979603693206584e-16 -5.5335093945627595e-18,
          0.0 -0.0 1.0,
          0.9238795325112871 -0.3826834323650889 0.0,
          0.9238795325112871 -0.3826834323650889 0.0,
          0.0 -0.0 1.0,
          0.707106781186548 -0.707106781186547 2.3462079832946154e-17,
          0.707106781186548 -0.707106781186547 2.3462079832946154e-17,
          0.0 -0.0 1.0,
          0.3826834323650896 -0.9238795325112868 7.901851415435634e-17,
          0.3826834323650896 -0.9238795325112868 7.901851415435634e-17,
          0.0 -0.0 1.0,
          0.0 -1.0 1.111128686428204e-16,
          0.0 -1.0 1.111128686428204e-16,
          0.0 -0.0 1.0,
          -0.3826834323650896 -0.9238795325112868 7.901851415435634e-17,
          -0.3826834323650896 -0.9238795325112868 7.901851415435634e-17,
          0.0 -0.0 1.0,
          -0.707106781186548 -0.707106781186547 2.3462079832946154e-17,
          -0.707106781186548 -0.707106781186547 2.3462079832946154e-17,
          0.0 -0.0 1.0,
          -0.9238795325112871 -0.3826834323650889 0.0,
          -0.9238795325112871 -0.3826834323650889 0.0,
          0.0 -0.0 1.0,
          -1.0 0.0 0.0,
          -1.0 0.0 0.0,
          0.0 -0.0 1.0,
          -0.9238795325112871 0.3826834323650889 0.0,
          -0.9238795325112871 0.3826834323650889 0.0,
          0.0 -0.0 1.0,
          -0.707106781186548 0.707106781186547 -2.3462079832946154e-17,
          -0.707106781186548 0.707106781186547 -2.3462079832946154e-17,
          0.0 -0.0 1.0,
          -0.3826834323650896 0.9238795325112868 -7.901851415435634e-17,
          -0.3826834323650896 0.9238795325112868 -7.901851415435634e-17,
          0.0 -0.0 1.0,
          0.0 1.0 -1.111128686428204e-16,
          0.0 1.0 -1.111128686428204e-16,
          0.0 -0.0 1.0,
          0.3826834323650896 0.9238795325112868 -7.901851415435634e-17,
          0.3826834323650896 0.9238795325112868 -7.901851415435634e-17,
          0.0 -0.0 1.0,
          0.7071067811865477 0.7071067811865474 -3.8955906137721945e-17,
          0.7071067811865477 0.7071067811865474 -3.8955906137721945e-17,
          0.0 -0.0 1.0,
          0.923879532511287 0.38268343236508917 -2.102733569933855e-17,
          0.923879532511287 0.38268343236508917 -2.102733569933855e-17,
          0.0 -0.0 -1.0,
          1.0 -1.6979603693206584e-16 -5.5335093945627595e-18,
          1.0 -1.6979603693206584e-16 -5.5335093945627595e-18,
          0.0 -0.0 -1.0,
          0.9238795325112871 -0.3826834323650889 0.0,
          0.9238795325112871 -0.3826834323650889 0.0,
          0.0 -0.0 -1.0,
          0.707106781186548 -0.707106781186547 2.3462079832946154e-17,
          0.707106781186548 -0.707106781186547 2.3462079832946154e-17,
          0.0 -0.0 -1.0,
          0.3826834323650896 -0.9238795325112868 7.901851415435634e-17,
          0.3826834323650896 -0.9238795325112868 7.901851415435634e-17,
          0.0 -0.0 -1.0,
          0.0 -1.0 1.111128686428204e-16,
          0.0 -1.0 1.111128686428204e-16,
          0.0 -0.0 -1.0,
          -0.3826834323650896 -0.9238795325112868 7.901851415435634e-17,
          -0.3826834323650896 -0.9238795325112868 7.901851415435634e-17,
          0.0 -0.0 -1.0,
          -0.707106781186548 -0.707106781186547 2.3462079832946154e-17,
          -0.707106781186548 -0.707106781186547 2.3462079832946154e-17,
          0.0 -0.0 -1.0,
          -0.9238795325112871 -0.3826834323650889 0.0,
          -0.9238795325112871 -0.3826834323650889 0.0,
          0.0 -0.0 -1.0,
          -1.0 0.0 0.0,
          -1.0 0.0 0.0,
          0.0 -0.0 -1.0,
          -0.9238795325112871 0.3826834323650889 0.0,
          -0.9238795325112871 0.3826834323650889 0.0,
          0.0 -0.0 -1.0,
          -0.707106781186548 0.707106781186547 -2.3462079832946154e-17,
          -0.707106781186548 0.707106781186547 -2.3462079832946154e-17,
          0.0 -0.0 -1.0,
          -0.3826834323650896 0.9238795325112868 -7.901851415435634e-17,
          -0.3826834323650896 0.9238795325112868 -7.901851415435634e-17,
          0.0 -0.0 -1.0,
          0.0 1.0 -1.111128686428204e-16,
          0.0 1.0 -1.111128686428204e-16,
          0.0 -0.0 -1.0,
          0.3826834323650896 0.9238795325112868 -7.901851415435634e-17,
          0.3826834323650896 0.9238795325112868 -7.901851415435634e-17,
          0.0 -0.0 -1.0,
          0.7071067811865477 0.7071067811865474 -3.8955906137721945e-17,
          0.7071067811865477 0.7071067811865474 -3.8955906137721945e-17,
          0.0 -0.0 -1.0,
          0.923879532511287 0.38268343236508917 -2.102733569933855e-17,
          0.923879532511287 0.38268343236508917 -2.102733569933855e-17 ] }
        normalIndex [
          2, 5, 53, 50, -1,
          0, 45, 42, 39, 36, 33, 30, 27, 24, 21, 18, 15, 12, 9, 6, 3, -1,
          1, 49, 94, 46, -1,
          4, 8, 56, 52, -1,
          7, 11, 59, 55, -1,
          10, 14, 62, 58, -1,
          13, 17, 65, 61, -1,
          16, 20, 68, 64, -1,
          19, 23, 71, 67, -1,
          22, 26, 74, 70, -1,
          25, 29, 77, 73, -1,
          28, 32, 80, 76, -1,
          31, 35, 83, 79, -1,
          34, 38, 86, 82, -1,
          37, 41, 89, 85, -1,
          40, 44, 92, 88, -1,
          43, 47, 95, 91, -1,
          48, 51, 54, 57, 60, 63, 66, 69, 72, 75, 78, 81, 84, 87, 90, 93, -1 ]
      }
    }
  ]
}

DEF Cylinder1 Transform {
  children [
    Shape {
      appearance Appearance {
        material DEF body Material {
          diffuseColor 0.1 0.1 1.0
          emissiveColor 0.0 0.0 0.0
          specularColor 0.1 0.1 1.0
          ambientIntensity 1.0
          transparency 0.0
          shininess 0.5
        }
      }
      geometry IndexedFaceSet {
        normalPerVertex TRUE
        coord Coordinate { point [
          1.7437500000000001 1.25 2.0,
          1.6110149348165563 1.25 2.667304235186625,
          1.2330174496940423 1.25 3.2330174496940423,
          0.6673042351866254 1.25 3.6110149348165566,
          1.180495953945091e-16 1.25 3.7437500000000004,
          -0.6673042351866253 1.25 3.6110149348165566,
          -1.233017449694042 1.25 3.2330174496940423,
          -1.6110149348165563 1.25 2.6673042351866254,
          -1.7437500000000001 1.25 2.0000000000000004,
          -1.6110149348165563 1.25 1.332695764813375,
          -1.2330174496940425 1.25 0.7669825503059582,
          -0.6673042351866263 1.25 0.3889850651834441,
          -3.090459758081303e-16 1.25 0.2562500000000001,
          0.6673042351866257 1.25 0.3889850651834441,
          1.233017449694042 1.25 0.7669825503059577,
          1.6110149348165559 1.25 1.3326957648133735,
          1.7437500000000001 -1.25 2.0,
          1.6110149348165563 -1.25 2.667304235186625,
          1.2330174496940423 -1.25 3.2330174496940423,
          0.6673042351866254 -1.25 3.6110149348165566,
          1.180495953945091e-16 -1.25 3.7437500000000004,
          -0.6673042351866253 -1.25 3.6110149348165566,
          -1.233017449694042 -1.25 3.2330174496940423,
          -1.6110149348165563 -1.25 2.6673042351866254,
          -1.7437500000000001 -1.25 2.0000000000000004,
          -1.6110149348165563 -1.25 1.332695764813375,
          -1.2330174496940425 -1.25 0.7669825503059582,
          -0.6673042351866263 -1.25 0.3889850651834441,
          -3.090459758081303e-16 -1.25 0.2562500000000001,
          0.6673042351866257 -1.25 0.3889850651834441,
          1.233017449694042 -1.25 0.7669825503059577,
          1.6110149348165559 -1.25 1.3326957648133735,
          1.6495875 -1.35 2.0,
          1.5240201283364623 -1.35 2.6312698064865474,
          1.166434507410564 -1.35 3.166434507410564,
          0.6312698064865476 -1.35 3.524020128336462,
          1.0638227591800034e-16 -1.35 3.6495875,
          -0.6312698064865475 -1.35 3.524020128336462,
          -1.1664345074105638 -1.35 3.166434507410564,
          -1.5240201283364623 -1.35 2.6312698064865474,
          -1.6495875 -1.35 2.0000000000000004,
          -1.5240201283364623 -1.35 1.3687301935134528,
          -1.1664345074105642 -1.35 0.8335654925894365,
          -0.6312698064865484 -1.35 0.4759798716635384,
          -2.9765013443969654e-16 -1.35 0.3504125,
          0.6312698064865478 -1.35 0.47597987166353795,
          1.1664345074105638 -1.35 0.833565492589436,
          1.5240201283364618 -1.35 1.3687301935134513,
          1.5240201283364623 1.35 2.6312698064865474,
          1.6495875 1.35 2.0,
          1.5240201283364618 1.35 1.3687301935134513,
          1.1664345074105638 1.35 0.833565492589436,
          0.6312698064865478 1.35 0.47597987166353795,
          -2.993362856583459e-16 1.35 0.3504125,
          -0.6312698064865484 1.35 0.4759798716635384,
          -1.1664345074105642 1.35 0.8335654925894365,
          -1.5240201283364623 1.35 1.3687301935134528,
          -1.6495875 1.35 2.0000000000000004,
          -1.5240201283364623 1.35 2.6312698064865474,
          -1.1664345074105638 1.35 3.166434507410564,
          -0.6312698064865475 1.35 3.524020128336462,
          1.0469612469935092e-16 1.35 3.6495875,
          0.6312698064865476 1.35 3.524020128336462,
          1.166434507410564 1.35 3.166434507410564,
          1.1547112499999999 -1.45 2.0,
          1.0668140898355236 -1.45 2.441888864540583,
          0.8165041551873946 -1.45 2.8165041551873946,
          0.4418888645405834 -1.45 3.066814089835524,
          5.443153699506813e-17 -1.45 3.15471125,
          -0.4418888645405832 -1.45 3.066814089835524,
          -0.8165041551873946 -1.45 2.816504155187395,
          -1.0668140898355236 -1.45 2.4418888645405836,
          -1.1547112499999999 -1.45 2.0000000000000004,
          -1.0668140898355236 -1.45 1.5581111354594168,
          -0.8165041551873949 -1.45 1.1834958448126054,
          -0.4418888645405838 -1.45 0.9331859101644768,
          -2.283911502553197e-16 -1.45 0.8452887500000001,
          0.4418888645405835 -1.45 0.9331859101644768,
          0.8165041551873944 -1.45 1.1834958448126054,
          1.0668140898355232 -1.45 1.5581111354594164,
          1.0668140898355238 1.45 2.441888864540583,
          1.1547112499999999 1.45 2.0,
          1.0668140898355234 1.45 1.5581111354594164,
          0.8165041551873946 1.45 1.1834958448126054,
          0.4418888645405834 1.45 0.9331859101644768,
          -2.576739764191985e-16 1.45 0.8452887500000001,
          -0.4418888645405839 1.45 0.9331859101644768,
          -0.8165041551873948 1.45 1.1834958448126054,
          -1.0668140898355234 1.45 1.5581111354594168,
          -1.15471125 1.45 2.0000000000000004,
          -1.0668140898355234 1.45 2.4418888645405836,
          -0.8165041551873945 1.45 2.816504155187395,
          -0.4418888645405833 1.45 3.066814089835524,
          2.5148710831189194e-17 1.45 3.15471125,
          0.44188886454058324 1.45 3.066814089835524,
          0.8165041551873947 1.45 2.8165041551873946,
          0.8223544774163524 -1.45 0.7533807803140369,
          0.8385020670408602 -1.5648050297095268 0.7695283699385446,
          0.8844865117723167 -1.6621320343559642 0.815512814670001,
          0.953307096750387 -1.727163859753386 0.8843333996480716,
          1.0344865117723168 -1.7499999999999998 0.965512814670001,
          1.1156659267942461 -1.727163859753386 1.0466922296919305,
          1.1844865117723167 -1.6621320343559642 1.115512814670001,
          1.230470956503773 -1.5648050297095268 1.1614972594014574,
          1.246618546128281 -1.45 1.177644849025965,
          1.230470956503773 -1.335194970290473 1.1614972594014574,
          1.1844865117723167 -1.237867965644036 1.115512814670001,
          1.1156659267942466 -1.172836140246614 1.0466922296919305,
          1.0344865117723168 -1.1500000000000001 0.965512814670001,
          0.953307096750387 -1.172836140246614 0.8843333996480714,
          0.8844865117723167 -1.2378679656440357 0.8155128146700011,
          0.8385020670408602 -1.3351949702904728 0.7695283699385447,
          -0.31505388373065335 -1.45 2.2322833963880884,
          -0.31190364527102377 -1.4723973502151029 2.235433634847718,
          -0.3029325251406312 -1.4913849068924414 2.2444047549781105,
          -0.28950629505592107 -1.5040719866505212 2.257830985062821,
          -0.2736689768382119 -1.5085270966048385 2.2736683032805303,
          -0.2578316586205027 -1.5040719866505212 2.289505621498239,
          -0.2444054285357926 -1.4913849068924414 2.302931851582949,
          -0.23543430840540003 -1.4723973502151029 2.3119029717133417,
          -0.23228406994577044 -1.45 2.3150532101729713,
          -0.23543430840540003 -1.4276026497848975 2.3119029717133417,
          -0.2444054285357926 -1.4086150931075587 2.302931851582949,
          -0.2578316586205027 -1.3959280133494791 2.289505621498239,
          -0.2736689768382119 -1.3914729033951616 2.2736683032805303,
          -0.28950629505592107 -1.3959280133494791 2.257830985062821,
          -0.3029325251406312 -1.4086150931075587 2.2444047549781105,
          -0.31190364527102377 -1.4276026497848973 2.235433634847718,
          -0.34277685979327566 -1.45 2.1804173561917346,
          -0.336597444771346 -1.493933982822018 2.1865967712136642,
          -0.3189999596261095 -1.5311794150219293 2.2041942563589005,
          -0.29266346194932824 -1.5560660171779823 2.230530754035682,
          -0.26159744477134605 -1.5648050297095268 2.2615967712136644,
          -0.23053142759336387 -1.5560660171779823 2.292662788391646,
          -0.2041949299165826 -1.5311794150219293 2.3189992860684274,
          -0.1865974447713461 -1.493933982822018 2.336596771213664,
          -0.18041802974941645 -1.45 2.342776186235594,
          -0.1865974447713461 -1.4060660171779824 2.336596771213664,
          -0.2041949299165826 -1.3688205849780706 2.3189992860684274,
          -0.23053142759336387 -1.343933982822018 2.292662788391646,
          -0.26159744477134605 -1.3351949702904733 2.2615967712136644,
          -0.29266346194932824 -1.343933982822018 2.230530754035682,
          -0.3189999596261095 -1.3688205849780706 2.2041942563589005,
          -0.336597444771346 -1.4060660171779822 2.1865967712136642,
          -0.35984858416085874 -1.45 2.1241394230870463,
          -0.35087746403046594 -1.5137822571075443 2.1331105432174393,
          -0.32532987535573366 -1.5678542437580651 2.1586581318921714,
          -0.2870952069229218 -1.6039839901478008 2.1968928003249832,
          -0.24199434040279333 -1.6166710699058806 2.2419936668451115,
          -0.19689347388266487 -1.6039839901478008 2.2870945333652397,
          -0.158658805449853 -1.5678542437580651 2.325329201798052,
          -0.13311121677512072 -1.5137822571075443 2.350876790472784,
          -0.12414009664472792 -1.45 2.359847910603177,
          -0.13311121677512072 -1.386217742892456 2.350876790472784,
          -0.158658805449853 -1.3321457562419348 2.325329201798052,
          -0.19689347388266487 -1.2960160098521991 2.2870945333652397,
          -0.24199434040279333 -1.2833289300941195 2.2419936668451115,
          -0.2870952069229218 -1.2960160098521991 2.1968928003249832,
          -0.32532987535573366 -1.3321457562419348 2.1586581318921714,
          -0.35087746403046594 -1.3862177428924558 2.1331105432174393,
          -0.3656130000398894 -1.45 2.065612326482208,
          -0.3541949299165825 -1.5311794150219293 2.077030396605515,
          -0.3216790172178716 -1.5999999999999999 2.109546309304226,
          -0.2730155148946529 -1.6459844447314567 2.1582098116274446,
          -0.21561300003988948 -1.6621320343559642 2.2156123264822076,
          -0.15821048518512604 -1.6459844447314567 2.273014841336971,
          -0.10954698286190734 -1.5999999999999999 2.3216783436601895,
          -0.07703107016319644 -1.5311794150219298 2.354194256358901,
          -0.06561300003988957 -1.45 2.3656123264822075,
          -0.07703107016319644 -1.3688205849780706 2.354194256358901,
          -0.10954698286190734 -1.3000000000000003 2.3216783436601895,
          -0.15821048518512604 -1.2540155552685437 2.273014841336971,
          -0.21561300003988948 -1.237867965644036 2.2156123264822076,
          -0.2730155148946529 -1.2540155552685437 2.1582098116274446,
          -0.3216790172178716 -1.3000000000000003 2.109546309304226,
          -0.3541949299165825 -1.3688205849780706 2.077030396605515,
          -0.3598485841608585 -1.45 2.0070852298773696,
          -0.3464223540761484 -1.5454568935429627 2.0205114599620795,
          -0.30818768564333654 -1.6263813403629037 2.058746128394892,
          -0.2509654605331859 -1.680453327013425 2.115968353505042,
          -0.18346724379795476 -1.6994408836907635 2.183466570240273,
          -0.1159690270627236 -1.680453327013425 2.250964786975504,
          -0.05874680195257298 -1.6263813403629037 2.3081870120856545,
          -0.02051213351976111 -1.5454568935429627 2.346421680518467,
          -0.007085903435051 -1.45 2.3598479106031767,
          -0.02051213351976111 -1.3545431064570377 2.346421680518467,
          -0.05874680195257298 -1.2736186596370964 2.3081870120856545,
          -0.11596902706272338 -1.2195466729865754 2.250964786975504,
          -0.18346724379795476 -1.2005591163092366 2.183466570240273,
          -0.2509654605331859 -1.2195466729865754 2.115968353505042,
          -0.30818768564333654 -1.2736186596370964 2.058746128394892,
          -0.3464223540761484 -1.3545431064570375 2.0205114599620795,
          -0.34277685979327543 -1.45 1.9508072967726808,
          -0.32785843223980105 -1.5560660171779823 1.9657257243261554,
          -0.285374344938512 -1.6459844447314567 2.0082098116274447,
          -0.2217924150618189 -1.7060660171779822 2.071791741504138,
          -0.14679241506181895 -1.727163859753386 2.146791741504138,
          -0.07179241506181899 -1.7060660171779822 2.2217917415041373,
          -0.008210485185125904 -1.6459844447314567 2.2853736713808304,
          0.03427360211616315 -1.5560660171779823 2.3278577586821196,
          0.04919202966963754 -1.45 2.342776186235594,
          0.03427360211616315 -1.343933982822018 2.3278577586821196,
          -0.008210485185125904 -1.2540155552685437 2.2853736713808304,
          -0.07179241506181877 -1.1939339828220181 2.2217917415041377,
          -0.14679241506181895 -1.172836140246614 2.146791741504138,
          -0.2217924150618189 -1.1939339828220181 2.071791741504138,
          -0.285374344938512 -1.2540155552685437 2.0082098116274447,
          -0.32785843223980105 -1.3439339828220178 1.9657257243261554,
          -0.31505388373065313 -1.45 1.898941256576327,
          -0.29921656551294395 -1.5625990832553598 1.9147785747940365,
          -0.2541156989928155 -1.658055976798322 1.9598794413141647,
          -0.18661748225758434 -1.7218382339058664 2.0273776580493963,
          -0.10699790693233102 -1.7442355841209694 2.1069972333746496,
          -0.0273783316070777 -1.7218382339058664 2.1866168086999025,
          0.040119885128153454 -1.658055976798322 2.2541150254351336,
          0.08522075164828191 -1.5625990832553598 2.299215891955262,
          0.10105806986599108 -1.45 2.3150532101729713,
          0.08522075164828191 -1.3374009167446406 2.299215891955262,
          0.040119885128153676 -1.241944023201678 2.2541150254351336,
          -0.027378331607077477 -1.178161766094134 2.1866168086999025,
          -0.10699790693233102 -1.155764415879031 2.1069972333746496,
          -0.18661748225758457 -1.178161766094134 2.027377658049396,
          -0.2541156989928155 -1.241944023201678 1.9598794413141647,
          -0.29921656551294395 -1.3374009167446403 1.9147785747940365,
          -0.27774503439585385 -1.45 1.8534802921262434,
          -0.26159744477134605 -1.5648050297095268 1.8696278817507515,
          -0.21561300003988948 -1.6621320343559642 1.9156123264822078,
          -0.14679241506181917 -1.727163859753386 1.9844329114602783,
          -0.06561300003988957 -1.7499999999999998 2.065612326482208,
          0.015566414982040033 -1.727163859753386 2.146791741504138,
          0.08438699996011034 -1.6621320343559642 2.2156123264822076,
          0.13037144469156692 -1.5648050297095268 2.2615967712136644,
          0.14651903431607471 -1.45 2.277744360838172,
          0.13037144469156692 -1.3351949702904733 2.2615967712136644,
          0.08438699996011056 -1.237867965644036 2.2156123264822076,
          0.015566414982040033 -1.172836140246614 2.146791741504138,
          -0.06561300003988957 -1.1500000000000001 2.065612326482208,
          -0.14679241506181917 -1.172836140246614 1.9844329114602783,
          -0.21561300003988948 -1.237867965644036 1.9156123264822078,
          -0.26159744477134605 -1.335194970290473 1.8696278817507515,
          -0.2777450343958541 -1.45 2.277744360838172,
          0.84538956875564 -1.45 0.7448021365513464,
          0.8651662463335917 -1.5648050297095268 0.7562202066746533,
          0.9214854591822331 -1.6621320343559642 0.7887361193733642,
          1.0057731176802942 -1.727163859753386 0.837399621696583,
          1.1051971898909716 -1.7499999999999998 0.8948021365513463,
          1.204621262101649 -1.727163859753386 0.9522046514061098,
          1.28890892059971 -1.6621320343559642 1.0008681537293285,
          1.3452281334483513 -1.5648050297095268 1.0333840664280394,
          1.3650048110263036 -1.45 1.044802136551346,
          1.3452281334483513 -1.335194970290473 1.0333840664280394,
          1.28890892059971 -1.237867965644036 1.0008681537293285,
          1.2046212621016494 -1.172836140246614 0.9522046514061099,
          1.1051971898909716 -1.1500000000000001 0.8948021365513463,
          1.0057731176802942 -1.172836140246614 0.8373996216965828,
          0.9214854591822333 -1.2378679656440357 0.7887361193733643,
          0.8651662463335917 -1.3351949702904728 0.7562202066746534,
          0.865419442004251 -1.45 0.7305538826421463,
          0.8874774596412146 -1.5648050297095268 0.736464310654602,
          0.9502933793233056 -1.6621320343559642 0.7532957856052366,
          1.0443040467066558 -1.727163859753386 0.7784858680105161,
          1.1551971898909716 -1.7499999999999998 0.8081995961729024,
          1.2660903330752873 -1.727163859753386 0.8379133243352886,
          1.3601010004586376 -1.6621320343559642 0.8631034067405682,
          1.4229169201407281 -1.5648050297095268 0.8799348816912028,
          1.444974937777692 -1.45 0.8858453097036586,
          1.4229169201407281 -1.335194970290473 0.8799348816912028,
          1.3601010004586376 -1.237867965644036 0.8631034067405682,
          1.2660903330752877 -1.172836140246614 0.8379133243352886,
          1.1551971898909716 -1.1500000000000001 0.8081995961729024,
          1.0443040467066558 -1.172836140246614 0.778485868010516,
          0.9502933793233058 -1.2378679656440357 0.7532957856052366,
          0.8874774596412146 -1.3351949702904728 0.7364643106546022,
          0.8810790944012236 -1.45 0.7116070135439956,
          0.9039152346478373 -1.5648050297095268 0.7116070135439955,
          0.9689470600452593 -1.6621320343559642 0.7116070135439955,
          1.0662740646916968 -1.727163859753386 0.7116070135439955,
          1.1810790944012237 -1.7499999999999998 0.7116070135439955,
          1.2958841241107506 -1.727163859753386 0.7116070135439955,
          1.3932111287571878 -1.6621320343559642 0.7116070135439955,
          1.4582429541546096 -1.5648050297095268 0.7116070135439957,
          1.4810790944012238 -1.45 0.7116070135439955,
          1.4582429541546096 -1.335194970290473 0.7116070135439957,
          1.3932111287571878 -1.237867965644036 0.7116070135439955,
          1.295884124110751 -1.172836140246614 0.7116070135439955,
          1.1810790944012237 -1.1500000000000001 0.7116070135439955,
          1.0662740646916968 -1.172836140246614 0.7116070135439954,
          0.9689470600452595 -1.2378679656440357 0.7116070135439955,
          0.9039152346478375 -1.3351949702904728 0.7116070135439957,
          0.8810790944012236 -1.45 0.4000000135439956,
          0.9039152346478373 -1.5648050297095268 0.4000000135439955,
          0.9689470600452593 -1.6621320343559642 0.4000000135439955,
          1.0662740646916968 -1.727163859753386 0.4000000135439955,
          1.1810790944012237 -1.7499999999999998 0.4000000135439955,
          1.2958841241107506 -1.727163859753386 0.4000000135439955,
          1.3932111287571878 -1.6621320343559642 0.4000000135439955,
          1.4582429541546096 -1.5648050297095268 0.4000000135439956,
          1.4810790944012238 -1.45 0.4000000135439954,
          1.4582429541546096 -1.335194970290473 0.4000000135439956,
          1.3932111287571878 -1.237867965644036 0.4000000135439955,
          1.295884124110751 -1.172836140246614 0.4000000135439954,
          1.1810790944012237 -1.1500000000000001 0.4000000135439955,
          1.0662740646916968 -1.172836140246614 0.4000000135439954,
          0.9689470600452595 -1.2378679656440357 0.4000000135439955,
          0.9039152346478375 -1.3351949702904728 0.4000000135439956,
          1.0510790954012237 -1.45 0.10000001354399557,
          1.0609747560986358 -1.4997488458247783 0.10000001354399546,
          1.0891552135540792 -1.5419238808471445 0.10000001354399546,
          1.1313302485764454 -1.5701043383025877 0.10000001354399546,
          1.1810790944012235 -1.5799999989999998 0.10000001354399546,
          1.2308279402260018 -1.5701043383025877 0.10000001354399546,
          1.273002975248368 -1.5419238808471445 0.10000001354399546,
          1.3011834327038112 -1.4997488458247783 0.10000001354399568,
          1.3110790934012237 -1.45 0.10000001354399546,
          1.3011834327038112 -1.4002511541752218 0.10000001354399568,
          1.273002975248368 -1.3580761191528559 0.10000001354399546,
          1.230827940226002 -1.3298956616974125 0.10000001354399546,
          1.1810790944012235 -1.3200000010000001 0.10000001354399546,
          1.1313302485764454 -1.3298956616974125 0.10000001354399535,
          1.0891552135540792 -1.3580761191528556 0.10000001354399546,
          1.0609747560986358 -1.4002511541752218 0.10000001354399568,
          -0.8223553830550182 1.4500000000000002 0.7533807803140369,
          -0.838502972679526 1.335194970290473 0.7695283699385446,
          -0.8844874174109826 1.237867965644036 0.815512814670001,
          -0.9533080023890529 1.172836140246614 0.8843333996480716,
          -1.0344874174109826 1.1500000000000001 0.965512814670001,
          -1.115666832432912 1.172836140246614 1.0466922296919305,
          -1.1844874174109825 1.237867965644036 1.115512814670001,
          -1.2304718621424389 1.335194970290473 1.1614972594014574,
          -1.2466194517669469 1.45 1.177644849025965,
          -1.2304718621424389 1.564805029709527 1.1614972594014574,
          -1.1844874174109825 1.6621320343559642 1.115512814670001,
          -1.1156668324329124 1.727163859753386 1.0466922296919305,
          -1.0344874174109826 1.75 0.965512814670001,
          -0.9533080023890529 1.727163859753386 0.8843333996480714,
          -0.8844874174109826 1.6621320343559645 0.8155128146700011,
          -0.838502972679526 1.5648050297095273 0.7695283699385447,
          0.31505297809198757 1.45 2.2322833963880884,
          0.311902739632358 1.4276026497848973 2.235433634847718,
          0.3029316195019654 1.4086150931075585 2.2444047549781105,
          0.2895053894172553 1.395928013349479 2.257830985062821,
          0.2736680711995461 1.3914729033951616 2.2736683032805303,
          0.25783075298183694 1.395928013349479 2.289505621498239,
          0.24440452289712683 1.4086150931075585 2.302931851582949,
          0.23543340276673425 1.4276026497848973 2.3119029717133417,
          0.23228316430710466 1.45 2.3150532101729713,
          0.23543340276673425 1.4723973502151027 2.3119029717133417,
          0.24440452289712683 1.4913849068924414 2.302931851582949,
          0.25783075298183694 1.504071986650521 2.289505621498239,
          0.2736680711995461 1.5085270966048385 2.2736683032805303,
          0.2895053894172553 1.504071986650521 2.257830985062821,
          0.3029316195019654 1.4913849068924414 2.2444047549781105,
          0.311902739632358 1.4723973502151029 2.235433634847718,
          0.3427759541546099 1.45 2.1804173561917346,
          0.33659653913268023 1.4060660171779822 2.1865967712136642,
          0.3189990539874437 1.3688205849780706 2.2041942563589005,
          0.29266255631066246 1.3439339828220178 2.230530754035682,
          0.2615965391326803 1.335194970290473 2.2615967712136644,
          0.2305305219546981 1.3439339828220178 2.292662788391646,
          0.20419402427791683 1.3688205849780706 2.3189992860684274,
          0.18659653913268032 1.4060660171779822 2.336596771213664,
          0.18041712411075067 1.45 2.342776186235594,
          0.18659653913268032 1.4939339828220177 2.336596771213664,
          0.20419402427791683 1.5311794150219296 2.3189992860684274,
          0.2305305219546981 1.556066017177982 2.292662788391646,
          0.2615965391326803 1.5648050297095268 2.2615967712136644,
          0.29266255631066246 1.556066017177982 2.230530754035682,
          0.3189990539874437 1.5311794150219296 2.2041942563589005,
          0.33659653913268023 1.493933982822018 2.1865967712136642,
          0.35984767852219296 1.45 2.1241394230870463,
          0.35087655839180015 1.3862177428924558 2.1331105432174393,
          0.3253289697170679 1.3321457562419348 2.1586581318921714,
          0.287094301284256 1.2960160098521991 2.1968928003249832,
          0.24199343476412755 1.2833289300941193 2.2419936668451115,
          0.1968925682439991 1.2960160098521991 2.2870945333652397,
          0.1586578998111871 1.3321457562419348 2.325329201798052,
          0.13311031113645483 1.3862177428924558 2.350876790472784,
          0.12413919100606202 1.45 2.359847910603177,
          0.13311031113645483 1.513782257107544 2.350876790472784,
          0.1586578998111871 1.5678542437580654 2.325329201798052,
          0.1968925682439991 1.603983990147801 2.2870945333652397,
          0.24199343476412755 1.6166710699058806 2.2419936668451115,
          0.287094301284256 1.603983990147801 2.1968928003249832,
          0.3253289697170679 1.5678542437580654 2.1586581318921714,
          0.35087655839180015 1.5137822571075443 2.1331105432174393,
          0.3656120944012236 1.45 2.065612326482208,
          0.35419402427791674 1.3688205849780706 2.077030396605515,
          0.32167811157920584 1.3 2.109546309304226,
          0.27301460925598714 1.2540155552685435 2.1582098116274446,
          0.2156120944012237 1.2378679656440357 2.2156123264822076,
          0.15820957954646014 1.2540155552685435 2.273014841336971,
          0.10954607722324144 1.3 2.3216783436601895,
          0.07703016452453054 1.3688205849780704 2.354194256358901,
          0.06561209440122368 1.45 2.3656123264822075,
          0.07703016452453054 1.5311794150219296 2.354194256358901,
          0.10954607722324144 1.5999999999999999 2.3216783436601895,
          0.15820957954646014 1.6459844447314564 2.273014841336971,
          0.2156120944012237 1.6621320343559642 2.2156123264822076,
          0.27301460925598714 1.6459844447314564 2.1582098116274446,
          0.32167811157920584 1.5999999999999999 2.109546309304226,
          0.35419402427791674 1.5311794150219296 2.077030396605515,
          0.35984767852219274 1.45 2.0070852298773696,
          0.3464214484374826 1.3545431064570375 2.0205114599620795,
          0.30818678000467076 1.2736186596370962 2.058746128394892,
          0.25096455489452013 1.2195466729865752 2.115968353505042,
          0.18346633815928898 1.2005591163092364 2.183466570240273,
          0.11596812142405771 1.2195466729865752 2.250964786975504,
          0.05874589631390709 1.2736186596370962 2.3081870120856545,
          0.020511227881095273 1.3545431064570375 2.346421680518467,
          0.007084997796385162 1.45 2.3598479106031767,
          0.020511227881095273 1.5454568935429625 2.346421680518467,
          0.05874589631390709 1.6263813403629037 2.3081870120856545,
          0.11596812142405749 1.6804533270134248 2.250964786975504,
          0.18346633815928898 1.6994408836907635 2.183466570240273,
          0.25096455489452013 1.6804533270134248 2.115968353505042,
          0.30818678000467076 1.6263813403629037 2.058746128394892,
          0.3464214484374826 1.5454568935429627 2.0205114599620795,
          0.34277595415460965 1.45 1.9508072967726808,
          0.32785752660113526 1.3439339828220178 1.9657257243261554,
          0.2853734392998462 1.2540155552685435 2.0082098116274447,
          0.22179150942315312 1.193933982822018 2.071791741504138,
          0.14679150942315305 1.1728361402466139 2.146791741504138,
          0.0717915094231531 1.193933982822018 2.2217917415041373,
          0.008209579546460066 1.2540155552685435 2.2853736713808304,
          -0.03427450775482899 1.3439339828220178 2.3278577586821196,
          -0.049192935308303376 1.45 2.342776186235594,
          -0.03427450775482899 1.556066017177982 2.3278577586821196,
          0.008209579546460066 1.6459844447314564 2.2853736713808304,
          0.07179150942315288 1.706066017177982 2.2217917415041377,
          0.14679150942315305 1.727163859753386 2.146791741504138,
          0.22179150942315312 1.706066017177982 2.071791741504138,
          0.2853734392998462 1.6459844447314564 2.0082098116274447,
          0.32785752660113526 1.5560660171779823 1.9657257243261554,
          0.31505297809198735 1.45 1.898941256576327,
          0.2992156598742782 1.3374009167446403 1.9147785747940365,
          0.2541147933541497 1.2419440232016778 1.9598794413141647,
          0.18661657661891856 1.1781617660941337 2.0273776580493963,
          0.10699700129366513 1.1557644158790308 2.1069972333746496,
          0.02737742596841186 1.1781617660941337 2.1866168086999025,
          -0.04012079076681929 1.2419440232016778 2.2541150254351336,
          -0.08522165728694775 1.3374009167446403 2.299215891955262,
          -0.10105897550465692 1.45 2.3150532101729713,
          -0.08522165728694775 1.5625990832553596 2.299215891955262,
          -0.040120790766819514 1.658055976798322 2.2541150254351336,
          0.02737742596841164 1.7218382339058662 2.1866168086999025,
          0.10699700129366513 1.7442355841209691 2.1069972333746496,
          0.18661657661891878 1.7218382339058662 2.027377658049396,
          0.2541147933541497 1.658055976798322 1.9598794413141647,
          0.2992156598742782 1.5625990832553598 1.9147785747940365,
          0.27774412875718807 1.45 1.8534802921262434,
          0.2615965391326803 1.335194970290473 1.8696278817507515,
          0.2156120944012237 1.237867965644036 1.9156123264822078,
          0.14679150942315328 1.172836140246614 1.9844329114602783,
          0.06561209440122368 1.1500000000000001 2.065612326482208,
          -0.015567320620705871 1.172836140246614 2.146791741504138,
          -0.08438790559877618 1.237867965644036 2.2156123264822076,
          -0.13037235033023276 1.335194970290473 2.2615967712136644,
          -0.14651993995474055 1.45 2.277744360838172,
          -0.13037235033023276 1.5648050297095268 2.2615967712136644,
          -0.0843879055987764 1.6621320343559642 2.2156123264822076,
          -0.015567320620705871 1.727163859753386 2.146791741504138,
          0.06561209440122368 1.75 2.065612326482208,
          0.14679150942315328 1.727163859753386 1.9844329114602783,
          0.2156120944012237 1.6621320343559642 1.9156123264822078,
          0.2615965391326803 1.564805029709527 1.8696278817507515,
          0.2777441287571883 1.45 2.277744360838172,
          -0.8453904743943058 1.4500000000000002 0.7448021365513464,
          -0.8651671519722576 1.335194970290473 0.7562202066746533,
          -0.921486364820899 1.237867965644036 0.7887361193733642,
          -1.00577402331896 1.172836140246614 0.837399621696583,
          -1.1051980955296374 1.1500000000000001 0.8948021365513463,
          -1.2046221677403148 1.172836140246614 0.9522046514061098,
          -1.2889098262383758 1.237867965644036 1.0008681537293285,
          -1.3452290390870172 1.335194970290473 1.0333840664280394,
          -1.3650057166649694 1.45 1.044802136551346,
          -1.3452290390870172 1.564805029709527 1.0333840664280394,
          -1.2889098262383758 1.6621320343559642 1.0008681537293285,
          -1.2046221677403153 1.727163859753386 0.9522046514061099,
          -1.1051980955296374 1.75 0.8948021365513463,
          -1.00577402331896 1.727163859753386 0.8373996216965828,
          -0.9214863648208992 1.6621320343559645 0.7887361193733643,
          -0.8651671519722576 1.5648050297095273 0.7562202066746534,
          -0.8654203476429169 1.4500000000000002 0.7305538826421463,
          -0.8874783652798804 1.335194970290473 0.736464310654602,
          -0.9502942849619714 1.237867965644036 0.7532957856052366,
          -1.0443049523453216 1.172836140246614 0.7784858680105161,
          -1.1551980955296375 1.1500000000000001 0.8081995961729024,
          -1.2660912387139531 1.172836140246614 0.8379133243352886,
          -1.3601019060973034 1.237867965644036 0.8631034067405682,
          -1.422917825779394 1.335194970290473 0.8799348816912028,
          -1.4449758434163578 1.45 0.8858453097036586,
          -1.422917825779394 1.564805029709527 0.8799348816912028,
          -1.3601019060973034 1.6621320343559642 0.8631034067405682,
          -1.2660912387139536 1.727163859753386 0.8379133243352886,
          -1.1551980955296375 1.75 0.8081995961729024,
          -1.0443049523453216 1.727163859753386 0.778485868010516,
          -0.9502942849619717 1.6621320343559645 0.7532957856052366,
          -0.8874783652798804 1.5648050297095273 0.7364643106546022,
          -0.8810800000398894 1.4500000000000002 0.7116070135439956,
          -0.9039161402865031 1.335194970290473 0.7116070135439955,
          -0.9689479656839252 1.237867965644036 0.7116070135439955,
          -1.0662749703303627 1.172836140246614 0.7116070135439955,
          -1.1810800000398896 1.1500000000000001 0.7116070135439955,
          -1.2958850297494164 1.172836140246614 0.7116070135439955,
          -1.3932120343958536 1.237867965644036 0.7116070135439955,
          -1.4582438597932754 1.335194970290473 0.7116070135439957,
          -1.4810800000398896 1.45 0.7116070135439955,
          -1.4582438597932754 1.564805029709527 0.7116070135439957,
          -1.3932120343958536 1.6621320343559642 0.7116070135439955,
          -1.2958850297494169 1.727163859753386 0.7116070135439955,
          -1.1810800000398896 1.75 0.7116070135439955,
          -1.0662749703303627 1.727163859753386 0.7116070135439954,
          -0.9689479656839254 1.6621320343559645 0.7116070135439955,
          -0.9039161402865034 1.5648050297095273 0.7116070135439957,
          -0.8810800000398894 1.4500000000000002 0.4000000135439955,
          -0.9039161402865031 1.335194970290473 0.4000000135439955,
          -0.9689479656839252 1.237867965644036 0.4000000135439954,
          -1.0662749703303627 1.172836140246614 0.4000000135439954,
          -1.1810800000398896 1.1500000000000001 0.4000000135439955,
          -1.2958850297494164 1.172836140246614 0.4000000135439955,
          -1.3932120343958536 1.237867965644036 0.4000000135439955,
          -1.4582438597932754 1.335194970290473 0.4000000135439956,
          -1.4810800000398896 1.45 0.4000000135439954,
          -1.4582438597932754 1.564805029709527 0.4000000135439956,
          -1.3932120343958536 1.6621320343559642 0.4000000135439955,
          -1.2958850297494169 1.727163859753386 0.4000000135439954,
          -1.1810800000398896 1.75 0.4000000135439955,
          -1.0662749703303627 1.727163859753386 0.4000000135439953,
          -0.9689479656839254 1.6621320343559645 0.4000000135439954,
          -0.9039161402865034 1.5648050297095273 0.4000000135439956,
          -1.0510800010398895 1.45 0.10000001354399557,
          -1.0609756617373016 1.4002511541752218 0.10000001354399546,
          -1.089156119192745 1.3580761191528556 0.10000001354399546,
          -1.1313311542151112 1.3298956616974122 0.10000001354399546,
          -1.1810800000398893 1.3200000010000001 0.10000001354399546,
          -1.2308288458646677 1.3298956616974122 0.10000001354399546,
          -1.2730038808870339 1.3580761191528556 0.10000001354399546,
          -1.301184338342477 1.4002511541752218 0.10000001354399568,
          -1.3110799990398896 1.45 0.10000001354399546,
          -1.301184338342477 1.4997488458247783 0.10000001354399568,
          -1.2730038808870339 1.5419238808471443 0.10000001354399546,
          -1.230828845864668 1.5701043383025877 0.10000001354399546,
          -1.1810800000398893 1.579999999 0.10000001354399546,
          -1.1313311542151112 1.5701043383025877 0.10000001354399535,
          -1.089156119192745 1.5419238808471445 0.10000001354399546,
          -1.0609756617373016 1.4997488458247783 0.10000001354399568 ] }
        coordIndex [
          0, 1, 17, 16, -1,
          0, 15, 50, 49, -1,
          0, 16, 31, 15, -1,
          0, 49, 48, 1, -1,
          1, 2, 18, 17, -1,
          1, 48, 63, 2, -1,
          2, 3, 19, 18, -1,
          2, 63, 62, 3, -1,
          3, 4, 20, 19, -1,
          3, 62, 61, 4, -1,
          4, 5, 21, 20, -1,
          4, 61, 60, 5, -1,
          5, 6, 22, 21, -1,
          5, 60, 59, 6, -1,
          6, 7, 23, 22, -1,
          6, 59, 58, 7, -1,
          7, 8, 24, 23, -1,
          7, 58, 57, 8, -1,
          8, 9, 25, 24, -1,
          8, 57, 56, 9, -1,
          9, 10, 26, 25, -1,
          9, 56, 55, 10, -1,
          10, 11, 27, 26, -1,
          10, 55, 54, 11, -1,
          11, 12, 28, 27, -1,
          11, 54, 53, 12, -1,
          12, 13, 29, 28, -1,
          12, 53, 52, 13, -1,
          13, 14, 30, 29, -1,
          13, 52, 51, 14, -1,
          14, 15, 31, 30, -1,
          14, 51, 50, 15, -1,
          16, 17, 33, 32, -1,
          16, 32, 47, 31, -1,
          17, 18, 34, 33, -1,
          18, 19, 35, 34, -1,
          19, 20, 36, 35, -1,
          20, 21, 37, 36, -1,
          21, 22, 38, 37, -1,
          22, 23, 39, 38, -1,
          23, 24, 40, 39, -1,
          24, 25, 41, 40, -1,
          25, 26, 42, 41, -1,
          26, 27, 43, 42, -1,
          27, 28, 44, 43, -1,
          28, 29, 45, 44, -1,
          29, 30, 46, 45, -1,
          30, 31, 47, 46, -1,
          32, 33, 65, 64, -1,
          32, 64, 79, 47, -1,
          33, 34, 66, 65, -1,
          34, 35, 67, 66, -1,
          35, 36, 68, 67, -1,
          36, 37, 69, 68, -1,
          37, 38, 70, 69, -1,
          38, 39, 71, 70, -1,
          39, 40, 72, 71, -1,
          40, 41, 73, 72, -1,
          41, 42, 74, 73, -1,
          42, 43, 75, 74, -1,
          43, 44, 76, 75, -1,
          44, 45, 77, 76, -1,
          45, 46, 78, 77, -1,
          46, 47, 79, 78, -1,
          48, 49, 81, 80, -1,
          48, 80, 95, 63, -1,
          49, 50, 82, 81, -1,
          50, 51, 83, 82, -1,
          51, 52, 84, 83, -1,
          52, 53, 85, 84, -1,
          53, 54, 86, 85, -1,
          54, 55, 87, 86, -1,
          55, 56, 88, 87, -1,
          56, 57, 89, 88, -1,
          57, 58, 90, 89, -1,
          58, 59, 91, 90, -1,
          59, 60, 92, 91, -1,
          60, 61, 93, 92, -1,
          61, 62, 94, 93, -1,
          62, 63, 95, 94, -1,
          64, 65, 66, 67, 68, 69, 70, 71, 72, 73, 74, 75, 76, 77, 78, 79, -1,
          80, 81, 82, 83, 84, 85, 86, 87, 88, 89, 90, 91, 92, 93, 94, 95, -1,
          96, 97, 225, 224, -1,
          96, 111, 256, 241, -1,
          96, 224, 239, 111, -1,
          96, 241, 242, 97, -1,
          97, 98, 226, 225, -1,
          97, 242, 243, 98, -1,
          98, 99, 227, 226, -1,
          98, 243, 244, 99, -1,
          99, 100, 228, 227, -1,
          99, 244, 245, 100, -1,
          100, 101, 229, 228, -1,
          100, 245, 246, 101, -1,
          101, 102, 230, 229, -1,
          101, 246, 247, 102, -1,
          102, 103, 231, 230, -1,
          102, 247, 248, 103, -1,
          103, 104, 232, 231, -1,
          103, 248, 249, 104, -1,
          104, 105, 233, 232, -1,
          104, 249, 250, 105, -1,
          105, 106, 234, 233, -1,
          105, 250, 251, 106, -1,
          106, 107, 235, 234, -1,
          106, 251, 252, 107, -1,
          107, 108, 236, 235, -1,
          107, 252, 253, 108, -1,
          108, 109, 237, 236, -1,
          108, 253, 254, 109, -1,
          109, 110, 238, 237, -1,
          109, 254, 255, 110, -1,
          110, 111, 239, 238, -1,
          110, 255, 256, 111, -1,
          112, 113, 240, -1,
          112, 127, 143, 128, -1,
          112, 128, 129, 113, -1,
          112, 240, 127, -1,
          113, 114, 240, -1,
          113, 129, 130, 114, -1,
          114, 115, 240, -1,
          114, 130, 131, 115, -1,
          115, 116, 240, -1,
          115, 131, 132, 116, -1,
          116, 117, 240, -1,
          116, 132, 133, 117, -1,
          117, 118, 240, -1,
          117, 133, 134, 118, -1,
          118, 119, 240, -1,
          118, 134, 135, 119, -1,
          119, 120, 240, -1,
          119, 135, 136, 120, -1,
          120, 121, 240, -1,
          120, 136, 137, 121, -1,
          121, 122, 240, -1,
          121, 137, 138, 122, -1,
          122, 123, 240, -1,
          122, 138, 139, 123, -1,
          123, 124, 240, -1,
          123, 139, 140, 124, -1,
          124, 125, 240, -1,
          124, 140, 141, 125, -1,
          125, 126, 240, -1,
          125, 141, 142, 126, -1,
          126, 127, 240, -1,
          126, 142, 143, 127, -1,
          128, 143, 159, 144, -1,
          128, 144, 145, 129, -1,
          129, 145, 146, 130, -1,
          130, 146, 147, 131, -1,
          131, 147, 148, 132, -1,
          132, 148, 149, 133, -1,
          133, 149, 150, 134, -1,
          134, 150, 151, 135, -1,
          135, 151, 152, 136, -1,
          136, 152, 153, 137, -1,
          137, 153, 154, 138, -1,
          138, 154, 155, 139, -1,
          139, 155, 156, 140, -1,
          140, 156, 157, 141, -1,
          141, 157, 158, 142, -1,
          142, 158, 159, 143, -1,
          144, 159, 175, 160, -1,
          144, 160, 161, 145, -1,
          145, 161, 162, 146, -1,
          146, 162, 163, 147, -1,
          147, 163, 164, 148, -1,
          148, 164, 165, 149, -1,
          149, 165, 166, 150, -1,
          150, 166, 167, 151, -1,
          151, 167, 168, 152, -1,
          152, 168, 169, 153, -1,
          153, 169, 170, 154, -1,
          154, 170, 171, 155, -1,
          155, 171, 172, 156, -1,
          156, 172, 173, 157, -1,
          157, 173, 174, 158, -1,
          158, 174, 175, 159, -1,
          160, 175, 191, 176, -1,
          160, 176, 177, 161, -1,
          161, 177, 178, 162, -1,
          162, 178, 179, 163, -1,
          163, 179, 180, 164, -1,
          164, 180, 181, 165, -1,
          165, 181, 182, 166, -1,
          166, 182, 183, 167, -1,
          167, 183, 184, 168, -1,
          168, 184, 185, 169, -1,
          169, 185, 186, 170, -1,
          170, 186, 187, 171, -1,
          171, 187, 188, 172, -1,
          172, 188, 189, 173, -1,
          173, 189, 190, 174, -1,
          174, 190, 191, 175, -1,
          176, 191, 207, 192, -1,
          176, 192, 193, 177, -1,
          177, 193, 194, 178, -1,
          178, 194, 195, 179, -1,
          179, 195, 196, 180, -1,
          180, 196, 197, 181, -1,
          181, 197, 198, 182, -1,
          182, 198, 199, 183, -1,
          183, 199, 200, 184, -1,
          184, 200, 201, 185, -1,
          185, 201, 202, 186, -1,
          186, 202, 203, 187, -1,
          187, 203, 204, 188, -1,
          188, 204, 205, 189, -1,
          189, 205, 206, 190, -1,
          190, 206, 207, 191, -1,
          192, 207, 223, 208, -1,
          192, 208, 209, 193, -1,
          193, 209, 210, 194, -1,
          194, 210, 211, 195, -1,
          195, 211, 212, 196, -1,
          196, 212, 213, 197, -1,
          197, 213, 214, 198, -1,
          198, 214, 215, 199, -1,
          199, 215, 216, 200, -1,
          200, 216, 217, 201, -1,
          201, 217, 218, 202, -1,
          202, 218, 219, 203, -1,
          203, 219, 220, 204, -1,
          204, 220, 221, 205, -1,
          205, 221, 222, 206, -1,
          206, 222, 223, 207, -1,
          208, 223, 239, 224, -1,
          208, 224, 225, 209, -1,
          209, 225, 226, 210, -1,
          210, 226, 227, 211, -1,
          211, 227, 228, 212, -1,
          212, 228, 229, 213, -1,
          213, 229, 230, 214, -1,
          214, 230, 231, 215, -1,
          215, 231, 232, 216, -1,
          216, 232, 233, 217, -1,
          217, 233, 234, 218, -1,
          218, 234, 235, 219, -1,
          219, 235, 236, 220, -1,
          220, 236, 237, 221, -1,
          221, 237, 238, 222, -1,
          222, 238, 239, 223, -1,
          241, 256, 272, 257, -1,
          241, 257, 258, 242, -1,
          242, 258, 259, 243, -1,
          243, 259, 260, 244, -1,
          244, 260, 261, 245, -1,
          245, 261, 262, 246, -1,
          246, 262, 263, 247, -1,
          247, 263, 264, 248, -1,
          248, 264, 265, 249, -1,
          249, 265, 266, 250, -1,
          250, 266, 267, 251, -1,
          251, 267, 268, 252, -1,
          252, 268, 269, 253, -1,
          253, 269, 270, 254, -1,
          254, 270, 271, 255, -1,
          255, 271, 272, 256, -1,
          257, 272, 288, 273, -1,
          257, 273, 274, 258, -1,
          258, 274, 275, 259, -1,
          259, 275, 276, 260, -1,
          260, 276, 277, 261, -1,
          261, 277, 278, 262, -1,
          262, 278, 279, 263, -1,
          263, 279, 280, 264, -1,
          264, 280, 281, 265, -1,
          265, 281, 282, 266, -1,
          266, 282, 283, 267, -1,
          267, 283, 284, 268, -1,
          268, 284, 285, 269, -1,
          269, 285, 286, 270, -1,
          270, 286, 287, 271, -1,
          271, 287, 288, 272, -1,
          273, 288, 304, 289, -1,
          273, 289, 290, 274, -1,
          274, 290, 291, 275, -1,
          275, 291, 292, 276, -1,
          276, 292, 293, 277, -1,
          277, 293, 294, 278, -1,
          278, 294, 295, 279, -1,
          279, 295, 296, 280, -1,
          280, 296, 297, 281, -1,
          281, 297, 298, 282, -1,
          282, 298, 299, 283, -1,
          283, 299, 300, 284, -1,
          284, 300, 301, 285, -1,
          285, 301, 302, 286, -1,
          286, 302, 303, 287, -1,
          287, 303, 304, 288, -1,
          289, 304, 320, 305, -1,
          289, 305, 306, 290, -1,
          290, 306, 307, 291, -1,
          291, 307, 308, 292, -1,
          292, 308, 309, 293, -1,
          293, 309, 310, 294, -1,
          294, 310, 311, 295, -1,
          295, 311, 312, 296, -1,
          296, 312, 313, 297, -1,
          297, 313, 314, 298, -1,
          298, 314, 315, 299, -1,
          299, 315, 316, 300, -1,
          300, 316, 317, 301, -1,
          301, 317, 318, 302, -1,
          302, 318, 319, 303, -1,
          303, 319, 320, 304, -1,
          305, 320, 319, 318, 317, 316, 315, 314, 313, 312, 311, 310, 309, 308, 307, 306, -1,
          321, 322, 467, 466, -1,
          321, 336, 464, 449, -1,
          321, 449, 450, 322, -1,
          321, 466, 481, 336, -1,
          322, 323, 468, 467, -1,
          322, 450, 451, 323, -1,
          323, 324, 469, 468, -1,
          323, 451, 452, 324, -1,
          324, 325, 470, 469, -1,
          324, 452, 453, 325, -1,
          325, 326, 471, 470, -1,
          325, 453, 454, 326, -1,
          326, 327, 472, 471, -1,
          326, 454, 455, 327, -1,
          327, 328, 473, 472, -1,
          327, 455, 456, 328, -1,
          328, 329, 474, 473, -1,
          328, 456, 457, 329, -1,
          329, 330, 475, 474, -1,
          329, 457, 458, 330, -1,
          330, 331, 476, 475, -1,
          330, 458, 459, 331, -1,
          331, 332, 477, 476, -1,
          331, 459, 460, 332, -1,
          332, 333, 478, 477, -1,
          332, 460, 461, 333, -1,
          333, 334, 479, 478, -1,
          333, 461, 462, 334, -1,
          334, 335, 480, 479, -1,
          334, 462, 463, 335, -1,
          335, 336, 481, 480, -1,
          335, 463, 464, 336, -1,
          337, 338, 354, 353, -1,
          337, 352, 465, -1,
          337, 353, 368, 352, -1,
          337, 465, 338, -1,
          338, 339, 355, 354, -1,
          338, 465, 339, -1,
          339, 340, 356, 355, -1,
          339, 465, 340, -1,
          340, 341, 357, 356, -1,
          340, 465, 341, -1,
          341, 342, 358, 357, -1,
          341, 465, 342, -1,
          342, 343, 359, 358, -1,
          342, 465, 343, -1,
          343, 344, 360, 359, -1,
          343, 465, 344, -1,
          344, 345, 361, 360, -1,
          344, 465, 345, -1,
          345, 346, 362, 361, -1,
          345, 465, 346, -1,
          346, 347, 363, 362, -1,
          346, 465, 347, -1,
          347, 348, 364, 363, -1,
          347, 465, 348, -1,
          348, 349, 365, 364, -1,
          348, 465, 349, -1,
          349, 350, 366, 365, -1,
          349, 465, 350, -1,
          350, 351, 367, 366, -1,
          350, 465, 351, -1,
          351, 352, 368, 367, -1,
          351, 465, 352, -1,
          353, 354, 370, 369, -1,
          353, 369, 384, 368, -1,
          354, 355, 371, 370, -1,
          355, 356, 372, 371, -1,
          356, 357, 373, 372, -1,
          357, 358, 374, 373, -1,
          358, 359, 375, 374, -1,
          359, 360, 376, 375, -1,
          360, 361, 377, 376, -1,
          361, 362, 378, 377, -1,
          362, 363, 379, 378, -1,
          363, 364, 380, 379, -1,
          364, 365, 381, 380, -1,
          365, 366, 382, 381, -1,
          366, 367, 383, 382, -1,
          367, 368, 384, 383, -1,
          369, 370, 386, 385, -1,
          369, 385, 400, 384, -1,
          370, 371, 387, 386, -1,
          371, 372, 388, 387, -1,
          372, 373, 389, 388, -1,
          373, 374, 390, 389, -1,
          374, 375, 391, 390, -1,
          375, 376, 392, 391, -1,
          376, 377, 393, 392, -1,
          377, 378, 394, 393, -1,
          378, 379, 395, 394, -1,
          379, 380, 396, 395, -1,
          380, 381, 397, 396, -1,
          381, 382, 398, 397, -1,
          382, 383, 399, 398, -1,
          383, 384, 400, 399, -1,
          385, 386, 402, 401, -1,
          385, 401, 416, 400, -1,
          386, 387, 403, 402, -1,
          387, 388, 404, 403, -1,
          388, 389, 405, 404, -1,
          389, 390, 406, 405, -1,
          390, 391, 407, 406, -1,
          391, 392, 408, 407, -1,
          392, 393, 409, 408, -1,
          393, 394, 410, 409, -1,
          394, 395, 411, 410, -1,
          395, 396, 412, 411, -1,
          396, 397, 413, 412, -1,
          397, 398, 414, 413, -1,
          398, 399, 415, 414, -1,
          399, 400, 416, 415, -1,
          401, 402, 418, 417, -1,
          401, 417, 432, 416, -1,
          402, 403, 419, 418, -1,
          403, 404, 420, 419, -1,
          404, 405, 421, 420, -1,
          405, 406, 422, 421, -1,
          406, 407, 423, 422, -1,
          407, 408, 424, 423, -1,
          408, 409, 425, 424, -1,
          409, 410, 426, 425, -1,
          410, 411, 427, 426, -1,
          411, 412, 428, 427, -1,
          412, 413, 429, 428, -1,
          413, 414, 430, 429, -1,
          414, 415, 431, 430, -1,
          415, 416, 432, 431, -1,
          417, 418, 434, 433, -1,
          417, 433, 448, 432, -1,
          418, 419, 435, 434, -1,
          419, 420, 436, 435, -1,
          420, 421, 437, 436, -1,
          421, 422, 438, 437, -1,
          422, 423, 439, 438, -1,
          423, 424, 440, 439, -1,
          424, 425, 441, 440, -1,
          425, 426, 442, 441, -1,
          426, 427, 443, 442, -1,
          427, 428, 444, 443, -1,
          428, 429, 445, 444, -1,
          429, 430, 446, 445, -1,
          430, 431, 447, 446, -1,
          431, 432, 448, 447, -1,
          433, 434, 450, 449, -1,
          433, 449, 464, 448, -1,
          434, 435, 451, 450, -1,
          435, 436, 452, 451, -1,
          436, 437, 453, 452, -1,
          437, 438, 454, 453, -1,
          438, 439, 455, 454, -1,
          439, 440, 456, 455, -1,
          440, 441, 457, 456, -1,
          441, 442, 458, 457, -1,
          442, 443, 459, 458, -1,
          443, 444, 460, 459, -1,
          444, 445, 461, 460, -1,
          445, 446, 462, 461, -1,
          446, 447, 463, 462, -1,
          447, 448, 464, 463, -1,
          466, 467, 483, 482, -1,
          466, 482, 497, 481, -1,
          467, 468, 484, 483, -1,
          468, 469, 485, 484, -1,
          469, 470, 486, 485, -1,
          470, 471, 487, 486, -1,
          471, 472, 488, 487, -1,
          472, 473, 489, 488, -1,
          473, 474, 490, 489, -1,
          474, 475, 491, 490, -1,
          475, 476, 492, 491, -1,
          476, 477, 493, 492, -1,
          477, 478, 494, 493, -1,
          478, 479, 495, 494, -1,
          479, 480, 496, 495, -1,
          480, 481, 497, 496, -1,
          482, 483, 499, 498, -1,
          482, 498, 513, 497, -1,
          483, 484, 500, 499, -1,
          484, 485, 501, 500, -1,
          485, 486, 502, 501, -1,
          486, 487, 503, 502, -1,
          487, 488, 504, 503, -1,
          488, 489, 505, 504, -1,
          489, 490, 506, 505, -1,
          490, 491, 507, 506, -1,
          491, 492, 508, 507, -1,
          492, 493, 509, 508, -1,
          493, 494, 510, 509, -1,
          494, 495, 511, 510, -1,
          495, 496, 512, 511, -1,
          496, 497, 513, 512, -1,
          498, 499, 515, 514, -1,
          498, 514, 529, 513, -1,
          499, 500, 516, 515, -1,
          500, 501, 517, 516, -1,
          501, 502, 518, 517, -1,
          502, 503, 519, 518, -1,
          503, 504, 520, 519, -1,
          504, 505, 521, 520, -1,
          505, 506, 522, 521, -1,
          506, 507, 523, 522, -1,
          507, 508, 524, 523, -1,
          508, 509, 525, 524, -1,
          509, 510, 526, 525, -1,
          510, 511, 527, 526, -1,
          511, 512, 528, 527, -1,
          512, 513, 529, 528, -1,
          514, 515, 531, 530, -1,
          514, 530, 545, 529, -1,
          515, 516, 532, 531, -1,
          516, 517, 533, 532, -1,
          517, 518, 534, 533, -1,
          518, 519, 535, 534, -1,
          519, 520, 536, 535, -1,
          520, 521, 537, 536, -1,
          521, 522, 538, 537, -1,
          522, 523, 539, 538, -1,
          523, 524, 540, 539, -1,
          524, 525, 541, 540, -1,
          525, 526, 542, 541, -1,
          526, 527, 543, 542, -1,
          527, 528, 544, 543, -1,
          528, 529, 545, 544, -1,
          530, 531, 532, 533, 534, 535, 536, 537, 538, 539, 540, 541, 542, 543, 544, 545, -1 ]
        normal Normal { vector [
          -0.8314292761645117 2.2856008111427095e-16 0.5556305955727745,
          -0.8209323139148026 -0.07463058518085763 0.5661275578224845,
          -0.7910394945130045 -0.13789934029586698 0.5960203772242817,
          -0.7463017287339511 -0.18017417091146357 0.6407581430033353,
          -0.693529935868644 -0.1950191172887175 0.6935299358686429,
          -0.6407581430033357 -0.18017417091146298 0.746301728733951,
          -0.5960203772242817 -0.13789934029586703 0.7910394945130044,
          -0.566127557822484 -0.07463058518085784 0.820932313914803,
          -0.5556305955727739 2.8613628475374374e-16 0.831429276164512,
          -0.5661275578224787 0.07463058518085768 0.8209323139148066,
          -0.5960203772242819 0.1378993402958671 0.7910394945130043,
          -0.6407581430033369 0.18017417091146345 0.7463017287339497,
          -0.6935299358686459 0.19501911728871738 0.693529935868641,
          -0.7463017287339517 0.1801741709114639 0.6407581430033346,
          -0.7910394945130015 0.13789934029586723 0.5960203772242856,
          -0.8209323139148046 0.07463058518085745 0.5661275578224818,
          -0.9238284034419034 1.8882596827155733e-16 0.3828068455422181,
          -0.9032369964875051 -0.14639937861516622 0.4033982524966164,
          -0.84459763067155 -0.2705107789498436 0.4620376183125706,
          -0.7568376178723424 -0.3534393653757256 0.549797631111778,
          -0.6533176244920592 -0.3825600123589807 0.6533176244920608,
          -0.5497976311117773 -0.35343936537572646 0.7568376178723425,
          -0.46203761831257123 -0.2705107789498438 0.8445976306715497,
          -0.40339825249661715 -0.14639937861516653 0.9032369964875049,
          -0.3828068455422191 3.706583821626866e-16 0.923828403441903,
          -0.40339825249661687 0.14639937861516605 0.903236996487505,
          -0.4620376183125718 0.27051077894984316 0.8445976306715495,
          -0.5497976311117779 0.3534393653757261 0.7568376178723422,
          -0.6533176244920594 0.38256001235897974 0.653317624492061,
          -0.7568376178723422 0.35343936537572523 0.5497976311117786,
          -0.8445976306715497 0.27051077894984343 0.46203761831257145,
          -0.9032369964875052 0.14639937861516603 0.4033982524966163,
          -0.980751426769767 1.262769423275304e-16 0.19526043861741743,
          -0.9508554561566026 -0.21255232974401758 0.2251564092305822,
          -0.8657189348353164 -0.3927454940761739 0.3102929305518692,
          -0.7383031264125862 -0.5131467171820029 0.43770873897459966,
          -0.5880059326935912 -0.5554260042834481 0.5880059326935936,
          -0.4377087389745982 -0.5131467171820041 0.7383031264125862,
          -0.31029293055186935 -0.39274549407617537 0.8657189348353157,
          -0.22515640923058258 -0.21255232974401833 0.9508554561566024,
          -0.19526043861741793 3.7883082698259115e-16 0.9807514267697669,
          -0.22515640923058214 0.212552329744018 0.9508554561566026,
          -0.3102929305518689 0.39274549407617537 0.8657189348353158,
          -0.43770873897459817 0.5131467171820048 0.7383031264125858,
          -0.5880059326935911 0.5554260042834483 0.5880059326935936,
          -0.7383031264125857 0.5131467171820037 0.43770873897459966,
          -0.8657189348353163 0.39274549407617443 0.31029293055186913,
          -0.9508554561566026 0.21255232974401747 0.2251564092305822,
          -0.9999999826318814 9.153379208675539e-17 1.863765997793725e-4,
          -0.9619468430855116 -0.27054761222883966 0.038239516146149746,
          -0.8535806699897681 -0.4999068030160499 0.14660568924189415,
          -0.6913992308566718 -0.6531597147105211 0.30878712837499134,
          -0.5000931796158303 -0.7069749807478733 0.5000931796158321,
          -0.3087871283749897 -0.653159714710521 0.6913992308566727,
          -0.14660568924189354 -0.4999068030160519 0.853580669989767,
          -0.03823951614614988 -0.27054761222884094 0.9619468430855113,
          -1.8637659977915067e-4 3.7317622927677195e-16 0.9999999826318814,
          -0.03823951614614953 0.27054761222884083 0.9619468430855113,
          -0.1466056892418929 0.49990680301605245 0.8535806699897668,
          -0.3087871283749885 0.6531597147105221 0.691399230856672,
          -0.5000931796158298 0.7069749807478742 0.5000931796158316,
          -0.6913992308566712 0.6531597147105223 0.3087871283749904,
          -0.8535806699897676 0.49990680301605095 0.14660568924189377,
          -0.9619468430855115 0.2705476122288399 0.0382395161461496,
          -0.9808186157403742 1.5546638709051419e-16 -0.19492265906542616,
          -0.9360696279983776 -0.31815329635290845 -0.15017367132342918,
          -0.8086352925055229 -0.5878706374028998 -0.02273933583057442,
          -0.6179163316454687 -0.7680900029688984 0.16797962502947986,
          -0.3929479783374739 -0.831374628336097 0.392947978337475,
          -0.16797962502948002 -0.7680900029688971 0.6179163316454703,
          0.02273933583057247 -0.5878706374029001 0.8086352925055229,
          0.15017367132342713 -0.3181532963529088 0.9360696279983778,
          0.19492265906542489 3.7453265980896575e-16 0.9808186157403744,
          0.1501736713234274 0.3181532963529088 0.9360696279983778,
          0.022739335830572506 0.5878706374028999 0.8086352925055229,
          -0.16797962502947988 0.7680900029688967 0.6179163316454709,
          -0.3929479783374742 0.8313746283360967 0.39294797833747525,
          -0.6179163316454687 0.7680900029688986 0.16797962502947922,
          -0.8086352925055222 0.5878706374029008 -0.02273933583057466,
          -0.9360696279983773 0.318153296352909 -0.15017367132342954,
          -0.9239292882437536 1.9847202962875363e-16 -0.382563289306999,
          -0.8742038753569048 -0.3535343439202106 -0.3328378764201505,
          -0.7325978800463911 -0.6532462887753769 -0.1912318811096374,
          -0.5206695314366947 -0.8535074078568456 0.02069646750005951,
          -0.27068299946837715 -0.9238297611560284 0.27068299946837837,
          -0.020696467500058987 -0.8535074078568452 0.5206695314366955,
          0.19123188110963799 -0.6532462887753774 0.7325978800463906,
          0.3328378764201523 -0.35353434392021066 0.8742038753569042,
          0.38256328930700145 3.7567919894014104e-16 0.9239292882437529,
          0.33283787642015217 0.35353434392021077 0.8742038753569042,
          0.19123188110963799 0.6532462887753766 0.7325978800463913,
          -0.020696467500058397 0.8535074078568449 0.5206695314366959,
          -0.27068299946837693 0.9238297611560287 0.2706829994683777,
          -0.520669531436695 0.8535074078568454 0.020696467500059233,
          -0.732597880046391 0.653246288775377 -0.19123188110963676,
          -0.8742038753569047 0.35353434392021105 -0.33283787642015034,
          -0.831508550702341 1.562595954154297e-16 -0.5555119531647295,
          -0.7787182261169443 -0.3753250437578365 -0.5027216285793338,
          -0.6283841007333987 -0.6935102519335355 -0.3523875031957888,
          -0.40339318235910787 -0.9061148109384429 -0.12739658482149896,
          -0.1379982987688036 -0.9807716039291879 0.13799829876880426,
          0.12739658482150013 -0.9061148109384426 0.4033931823591083,
          0.35238750319579054 -0.6935102519335354 0.6283841007333977,
          0.5027216285793362 -0.37532504375783654 0.7787182261169427,
          0.5555119531647317 3.267246085958982e-16 0.8315085507023394,
          0.5027216285793358 0.3753250437578362 0.7787182261169433,
          0.3523875031957901 0.6935102519335351 0.6283841007333985,
          0.12739658482149965 0.9061148109384423 0.4033931823591089,
          -0.13799829876880465 0.9807716039291876 0.13799829876880534,
          -0.40339318235910915 0.9061148109384425 -0.12739658482149804,
          -0.6283841007333993 0.6935102519335353 -0.3523875031957878,
          -0.7787182261169446 0.3753250437578369 -0.5027216285793331,
          -0.7071067811865474 1.3925793549357094e-16 0.7071067811865477,
          -0.5190413153972517 2.2728468190137853e-16 -0.8547491520385911,
          -0.5375639092870416 -0.35914522883598377 -0.76291529545316,
          -0.4879652194664442 -0.6932995542856766 -0.5303071493185315,
          -0.2893486232659845 -0.9212749655540377 -0.2598649881332346,
          0.002042126281900945 -0.999991807791792 -0.0034948633095610616,
          0.3122155253509334 -0.9233629766711602 0.22343294081852633,
          0.5810764487386696 -0.706131814888834 0.40463319280931165,
          0.7624036581815458 -0.3819676306660655 0.5223422164776163,
          0.8263120029004007 0.0 0.5632126364551209,
          0.7624036581815455 0.38196763066606604 0.5223422164776161,
          0.5810764487386698 0.7061318148888338 0.4046331928093118,
          0.3122155253509345 0.9233629766711597 0.2234329408185272,
          0.0020421262819007545 0.999991807791792 -0.00349486330956124,
          -0.289348623265985 0.9212749655540373 -0.25986498813323505,
          -0.48796521946644367 0.6932995542856772 -0.530307149318531,
          -0.5375639092870412 0.35914522883598476 -0.7629152954531596,
          -0.7225807707860745 3.267217302332316e-16 -0.6912865033328818,
          -0.7167038715245632 -0.359145228835984 -0.5977878094659101,
          -0.6085917978111143 -0.6932995542856766 -0.38594267924695486,
          -0.3467473160980223 -0.9212749655540375 -0.176121369010762,
          0.001068005331687315 -0.999991807791792 -0.0039043199043153885,
          0.35940573969197503 -0.9233629766711603 0.13501232384282086,
          0.6660035254647075 -0.7061318148888339 0.24045199951421134,
          0.871617497180289 -0.3819676306660655 0.30721925026358804,
          0.9439262609311323 0.0 0.33015634769692376,
          0.8716174971802888 0.381967630666066 0.30721925026358793,
          0.6660035254647079 0.7061318148888336 0.24045199951421145,
          0.3594057396919764 0.9233629766711596 0.13501232384282133,
          0.0010680053316870603 0.999991807791792 -0.0039043199043155667,
          -0.3467473160980229 0.9212749655540372 -0.17612136901076228,
          -0.6085917978111136 0.6932995542856771 -0.38594267924695497,
          -0.716703871524562 0.3591452288359848 -0.597787809465911,
          0.8314292761645117 -2.2856008111427095e-16 0.5556305955727745,
          0.8209323139148054 -0.0746305851808574 0.5661275578224807,
          0.7910394945130019 -0.13789934029586662 0.5960203772242851,
          0.7463017287339512 -0.18017417091146287 0.6407581430033354,
          0.693529935868648 -0.1950191172887163 0.6935299358686392,
          0.6407581430033348 -0.18017417091146357 0.7463017287339516,
          0.5960203772242781 -0.13789934029586715 0.7910394945130071,
          0.5661275578224814 -0.07463058518085725 0.8209323139148049,
          0.5556305955727768 5.059726986499129e-17 0.8314292761645101,
          0.5661275578224825 0.07463058518085709 0.8209323139148041,
          0.5960203772242776 0.13789934029586695 0.7910394945130076,
          0.6407581430033354 0.18017417091146343 0.7463017287339511,
          0.6935299358686474 0.1950191172887162 0.6935299358686398,
          0.7463017287339512 0.18017417091146315 0.6407581430033353,
          0.7910394945130025 0.13789934029586717 0.5960203772242841,
          0.8209323139148027 0.07463058518085765 0.5661275578224845,
          0.9238284034419035 -1.8882596827155735e-16 0.38280684554221805,
          0.9032369964875053 -0.14639937861516594 0.40339825249661615,
          0.8445976306715501 -0.2705107789498434 0.4620376183125709,
          0.7568376178723424 -0.35343936537572535 0.5497976311117782,
          0.6533176244920594 -0.38256001235897985 0.653317624492061,
          0.5497976311117774 -0.3534393653757262 0.7568376178723425,
          0.4620376183125713 -0.2705107789498437 0.8445976306715498,
          0.40339825249661665 -0.14639937861516636 0.9032369964875051,
          0.3828068455422189 0.0 0.9238284034419031,
          0.40339825249661654 0.146399378615166 0.9032369964875052,
          0.4620376183125716 0.2705107789498433 0.8445976306715497,
          0.5497976311117777 0.35343936537572607 0.7568376178723422,
          0.6533176244920594 0.38256001235897974 0.653317624492061,
          0.7568376178723422 0.35343936537572523 0.5497976311117786,
          0.8445976306715497 0.27051077894984343 0.46203761831257145,
          0.9032369964875052 0.14639937861516583 0.40339825249661626,
          0.980751426769767 -1.8941541349129557e-16 0.1952604386174175,
          0.9508554561566026 -0.21255232974401728 0.22515640923058228,
          0.8657189348353164 -0.3927454940761738 0.31029293055186935,
          0.7383031264125862 -0.5131467171820031 0.4377087389745995,
          0.5880059326935912 -0.5554260042834481 0.5880059326935936,
          0.4377087389745978 -0.5131467171820043 0.7383031264125864,
          0.31029293055186896 -0.3927454940761753 0.8657189348353159,
          0.22515640923058214 -0.21255232974401814 0.9508554561566025,
          0.19526043861741765 0.0 0.980751426769767,
          0.2251564092305818 0.2125523297440179 0.9508554561566026,
          0.3102929305518686 0.3927454940761755 0.865718934835316,
          0.4377087389745979 0.513146717182005 0.738303126412586,
          0.588005932693591 0.5554260042834485 0.5880059326935936,
          0.7383031264125857 0.5131467171820037 0.43770873897459966,
          0.8657189348353163 0.39274549407617443 0.31029293055186913,
          0.9508554561566027 0.2125523297440173 0.22515640923058217,
          0.9999999826318814 -1.901086451032612e-16 1.8637659977934786e-4,
          0.9619468430855116 -0.2705476122288395 0.0382395161461496,
          0.853580669989768 -0.49990680301605034 0.1466056892418942,
          0.6913992308566715 -0.6531597147105217 0.3087871283749908,
          0.5000931796158301 -0.7069749807478737 0.500093179615832,
          0.30878712837498884 -0.6531597147105215 0.6913992308566724,
          0.14660568924189343 -0.499906803016052 0.853580669989767,
          0.03823951614614967 -0.2705476122288406 0.9619468430855114,
          1.8637659977911546e-4 0.0 0.9999999826318814,
          0.038239516146149476 0.27054761222884055 0.9619468430855114,
          0.14660568924189282 0.49990680301605245 0.8535806699897669,
          0.30878712837498823 0.6531597147105224 0.6913992308566721,
          0.5000931796158296 0.7069749807478742 0.5000931796158317,
          0.6913992308566712 0.6531597147105223 0.3087871283749904,
          0.8535806699897676 0.49990680301605095 0.14660568924189377,
          0.9619468430855115 0.27054761222883966 0.03823951614614957,
          0.9808186157403741 -1.9786631084247258e-16 -0.19492265906542625,
          0.9360696279983775 -0.3181532963529085 -0.15017367132342974,
          0.8086352925055226 -0.5878706374029004 -0.02273933583057487,
          0.6179163316454687 -0.7680900029688986 0.16797962502947922,
          0.39294797833747386 -0.831374628336097 0.39294797833747513,
          0.16797962502947927 -0.7680900029688973 0.6179163316454704,
          -0.022739335830572815 -0.5878706374029004 0.8086352925055226,
          -0.1501736713234275 -0.31815329635290857 0.9360696279983778,
          -0.1949226590654249 0.0 0.9808186157403743,
          -0.1501736713234275 0.3181532963529086 0.9360696279983778,
          -0.022739335830572537 0.5878706374028998 0.8086352925055229,
          0.16797962502947977 0.7680900029688967 0.617916331645471,
          0.3929479783374741 0.8313746283360968 0.39294797833747536,
          0.6179163316454687 0.7680900029688986 0.16797962502947922,
          0.8086352925055222 0.5878706374029008 -0.02273933583057466,
          0.9360696279983775 0.31815329635290884 -0.1501736713234296,
          0.9239292882437538 -1.9847202962875368e-16 -0.3825632893069991,
          0.8742038753569048 -0.35353434392021055 -0.3328378764201505,
          0.732597880046391 -0.6532462887753769 -0.19123188110963726,
          0.5206695314366943 -0.8535074078568458 0.02069646750005895,
          0.27068299946837643 -0.9238297611560288 0.27068299946837776,
          0.020696467500058352 -0.8535074078568452 0.5206695314366954,
          -0.19123188110963787 -0.6532462887753774 0.7325978800463907,
          -0.33283787642015233 -0.35353434392021066 0.8742038753569042,
          -0.38256328930700145 0.0 0.9239292882437529,
          -0.33283787642015217 0.3535343439202105 0.8742038753569042,
          -0.19123188110963804 0.6532462887753767 0.7325978800463911,
          0.02069646750005833 0.8535074078568449 0.5206695314366959,
          0.27068299946837676 0.9238297611560287 0.27068299946837765,
          0.5206695314366948 0.8535074078568455 0.020696467500059258,
          0.732597880046391 0.653246288775377 -0.19123188110963676,
          0.8742038753569048 0.3535343439202108 -0.33283787642015034,
          0.831508550702341 -1.988758487105469e-16 -0.5555119531647293,
          0.7787182261169445 -0.3753250437578365 -0.5027216285793336,
          0.6283841007333986 -0.6935102519335358 -0.35238750319578854,
          0.40339318235910776 -0.906114810938443 -0.12739658482149904,
          0.13799829876880354 -0.9807716039291879 0.13799829876880434,
          -0.12739658482150018 -0.9061148109384425 0.4033931823591083,
          -0.35238750319579026 -0.6935102519335355 0.6283841007333977,
          -0.502721628579336 -0.37532504375783643 0.7787182261169429,
          -0.5555119531647317 0.0 0.8315085507023395,
          -0.5027216285793358 0.375325043757836 0.7787182261169433,
          -0.3523875031957901 0.6935102519335351 0.6283841007333985,
          -0.12739658482149968 0.9061148109384423 0.4033931823591089,
          0.1379982987688045 0.9807716039291876 0.13799829876880537,
          0.403393182359109 0.9061148109384426 -0.1273965848214981,
          0.6283841007333992 0.6935102519335354 -0.3523875031957878,
          0.7787182261169446 0.37532504375783665 -0.5027216285793332,
          0.7071067811865469 1.7434483316878993e-17 0.707106781186548,
          0.5190413153972517 3.906455470179943e-16 -0.8547491520385911,
          0.5375639092870415 -0.35914522883598404 -0.7629152954531598,
          0.48796521946644394 -0.6932995542856769 -0.5303071493185311,
          0.28934862326598515 -0.9212749655540372 -0.25986498813323516,
          -0.00204212628190096 -0.999991807791792 -0.0034948633095610985,
          -0.31221552535093405 -0.92336297667116 0.22343294081852688,
          -0.5810764487386693 -0.7061318148888346 0.4046331928093114,
          -0.7624036581815455 -0.38196763066606604 0.5223422164776161,
          -0.8263120029004007 -1.7832065611588256e-16 0.5632126364551209,
          -0.7624036581815455 0.3819676306660658 0.5223422164776161,
          -0.5810764487386698 0.7061318148888338 0.4046331928093118,
          -0.3122155253509345 0.9233629766711597 0.2234329408185272,
          -0.0020421262819007545 0.999991807791792 -0.00349486330956124,
          0.289348623265985 0.9212749655540373 -0.25986498813323505,
          0.48796521946644367 0.6932995542856772 -0.530307149318531,
          0.5375639092870412 0.35914522883598476 -0.7629152954531596,
          0.7225807707860745 4.900825953498474e-16 -0.6912865033328818,
          0.716703871524563 -0.3591452288359842 -0.5977878094659099,
          0.6085917978111139 -0.693299554285677 -0.38594267924695475,
          0.346747316098023 -0.9212749655540372 -0.1761213690107624,
          -0.0010680053316873366 -0.999991807791792 -0.0039043199043154327,
          -0.3594057396919758 -0.9233629766711599 0.13501232384282116,
          -0.6660035254647072 -0.7061318148888343 0.24045199951421117,
          -0.8716174971802888 -0.381967630666066 0.307219250263588,
          -0.9439262609311323 -1.925863086051531e-16 0.33015634769692376,
          -0.8716174971802888 0.38196763066606587 0.3072192502635879,
          -0.6660035254647079 0.7061318148888336 0.24045199951421145,
          -0.3594057396919764 0.9233629766711596 0.13501232384282133,
          -0.0010680053316870603 0.999991807791792 -0.0039043199043155667,
          0.3467473160980229 0.9212749655540372 -0.17612136901076228,
          0.6085917978111136 0.6932995542856771 -0.38594267924695497,
          0.716703871524562 0.3591452288359848 -0.597787809465911,
          1.0 0.0 -9.904768821037175e-17,
          1.0 0.0 -9.904768821037175e-17,
          0.7280369986850741 0.685537838886833 -7.011276052293634e-17,
          0.7280369986850741 0.685537838886833 -7.011276052293634e-17,
          0.9238795325112867 0.0 0.3826834323650898,
          0.9238795325112867 0.0 0.3826834323650898,
          0.6726184819960869 0.6855378388868326 0.2786076975455826,
          0.6726184819960869 0.6855378388868326 0.2786076975455826,
          0.7071067811865477 0.0 0.7071067811865472,
          0.7071067811865477 0.0 0.7071067811865472,
          0.5147998987249176 0.6855378388868328 0.5147998987249173,
          0.5147998987249176 0.6855378388868328 0.5147998987249173,
          0.38268343236508995 0.0 0.9238795325112866,
          0.38268343236508995 0.0 0.9238795325112866,
          0.2786076975455824 0.6855378388868338 0.6726184819960858,
          0.2786076975455824 0.6855378388868338 0.6726184819960858,
          0.0 0.0 1.0,
          0.0 0.0 1.0,
          2.8045104209174536e-17 0.6855378388868343 0.7280369986850729,
          2.8045104209174536e-17 0.6855378388868343 0.7280369986850729,
          -0.38268343236509006 0.0 0.9238795325112866,
          -0.38268343236509006 0.0 0.9238795325112866,
          -0.2786076975455824 0.6855378388868337 0.6726184819960859,
          -0.2786076975455824 0.6855378388868337 0.6726184819960859,
          -0.7071067811865475 0.0 0.7071067811865475,
          -0.7071067811865475 0.0 0.7071067811865475,
          -0.5147998987249174 0.6855378388868331 0.5147998987249174,
          -0.5147998987249174 0.6855378388868331 0.5147998987249174,
          -0.9238795325112866 0.0 0.38268343236509006,
          -0.9238795325112866 0.0 0.38268343236509006,
          -0.6726184819960866 0.6855378388868331 0.2786076975455827,
          -0.6726184819960866 0.6855378388868331 0.2786076975455827,
          -1.0 0.0 5.659867897735529e-17,
          -1.0 0.0 5.659867897735529e-17,
          -0.7280369986850741 0.685537838886833 4.206765631376181e-17,
          -0.7280369986850741 0.685537838886833 4.206765631376181e-17,
          -0.9238795325112868 0.0 -0.3826834323650897,
          -0.9238795325112868 0.0 -0.3826834323650897,
          -0.6726184819960869 0.6855378388868328 -0.2786076975455827,
          -0.6726184819960869 0.6855378388868328 -0.2786076975455827,
          -0.7071067811865477 0.0 -0.7071067811865472,
          -0.7071067811865477 0.0 -0.7071067811865472,
          -0.5147998987249177 0.6855378388868327 -0.5147998987249174,
          -0.5147998987249177 0.6855378388868327 -0.5147998987249174,
          -0.38268343236509017 0.0 -0.9238795325112865,
          -0.38268343236509017 0.0 -0.9238795325112865,
          -0.2786076975455828 0.6855378388868331 -0.6726184819960864,
          -0.2786076975455828 0.6855378388868331 -0.6726184819960864,
          -2.829933948867764e-17 0.0 -1.0,
          -2.829933948867764e-17 0.0 -1.0,
          -5.609020841834908e-17 0.6855378388868326 -0.7280369986850745,
          -5.609020841834908e-17 0.6855378388868326 -0.7280369986850745,
          0.3826834323650899 0.0 -0.9238795325112867,
          0.3826834323650899 0.0 -0.9238795325112867,
          0.27860769754558284 0.6855378388868322 -0.6726184819960871,
          0.27860769754558284 0.6855378388868322 -0.6726184819960871,
          0.7071067811865472 0.0 -0.7071067811865477,
          0.7071067811865472 0.0 -0.7071067811865477,
          0.5147998987249176 0.6855378388868324 -0.5147998987249179,
          0.5147998987249176 0.6855378388868324 -0.5147998987249179,
          0.9238795325112865 0.0 -0.3826834323650903,
          0.9238795325112865 0.0 -0.3826834323650903,
          0.6726184819960866 0.6855378388868328 -0.278607697545583,
          0.6726184819960866 0.6855378388868328 -0.278607697545583,
          1.0 0.0 -9.904768821037175e-17,
          1.0 0.0 -9.904768821037175e-17,
          0.7280369986850741 -0.685537838886833 -7.011276052293634e-17,
          0.7280369986850741 -0.685537838886833 -7.011276052293634e-17,
          0.9238795325112867 0.0 0.3826834323650898,
          0.9238795325112867 0.0 0.3826834323650898,
          0.6726184819960869 -0.6855378388868326 0.2786076975455826,
          0.6726184819960869 -0.6855378388868326 0.2786076975455826,
          0.7071067811865477 0.0 0.7071067811865472,
          0.7071067811865477 0.0 0.7071067811865472,
          0.5147998987249176 -0.6855378388868328 0.5147998987249173,
          0.5147998987249176 -0.6855378388868328 0.5147998987249173,
          0.38268343236508995 0.0 0.9238795325112866,
          0.38268343236508995 0.0 0.9238795325112866,
          0.2786076975455824 -0.6855378388868338 0.6726184819960858,
          0.2786076975455824 -0.6855378388868338 0.6726184819960858,
          0.0 0.0 1.0,
          0.0 0.0 1.0,
          2.8045104209174536e-17 -0.6855378388868343 0.7280369986850729,
          2.8045104209174536e-17 -0.6855378388868343 0.7280369986850729,
          -0.38268343236509006 0.0 0.9238795325112866,
          -0.38268343236509006 0.0 0.9238795325112866,
          -0.2786076975455824 -0.6855378388868337 0.6726184819960859,
          -0.2786076975455824 -0.6855378388868337 0.6726184819960859,
          -0.7071067811865475 0.0 0.7071067811865475,
          -0.7071067811865475 0.0 0.7071067811865475,
          -0.5147998987249174 -0.6855378388868331 0.5147998987249174,
          -0.5147998987249174 -0.6855378388868331 0.5147998987249174,
          -0.9238795325112866 0.0 0.38268343236509006,
          -0.9238795325112866 0.0 0.38268343236509006,
          -0.6726184819960866 -0.6855378388868331 0.2786076975455827,
          -0.6726184819960866 -0.6855378388868331 0.2786076975455827,
          -1.0 0.0 5.659867897735529e-17,
          -1.0 0.0 5.659867897735529e-17,
          -0.7280369986850741 -0.685537838886833 4.206765631376181e-17,
          -0.7280369986850741 -0.685537838886833 4.206765631376181e-17,
          -0.9238795325112868 0.0 -0.3826834323650897,
          -0.9238795325112868 0.0 -0.3826834323650897,
          -0.6726184819960869 -0.6855378388868328 -0.2786076975455827,
          -0.6726184819960869 -0.6855378388868328 -0.2786076975455827,
          -0.7071067811865477 0.0 -0.7071067811865472,
          -0.7071067811865477 0.0 -0.7071067811865472,
          -0.5147998987249177 -0.6855378388868327 -0.5147998987249174,
          -0.5147998987249177 -0.6855378388868327 -0.5147998987249174,
          -0.38268343236509017 0.0 -0.9238795325112865,
          -0.38268343236509017 0.0 -0.9238795325112865,
          -0.2786076975455828 -0.6855378388868331 -0.6726184819960864,
          -0.2786076975455828 -0.6855378388868331 -0.6726184819960864,
          -2.829933948867764e-17 0.0 -1.0,
          -2.829933948867764e-17 0.0 -1.0,
          -5.609020841834908e-17 -0.6855378388868326 -0.7280369986850745,
          -5.609020841834908e-17 -0.6855378388868326 -0.7280369986850745,
          0.3826834323650899 0.0 -0.9238795325112867,
          0.3826834323650899 0.0 -0.9238795325112867,
          0.27860769754558284 -0.6855378388868322 -0.6726184819960871,
          0.27860769754558284 -0.6855378388868322 -0.6726184819960871,
          0.7071067811865472 0.0 -0.7071067811865477,
          0.7071067811865472 0.0 -0.7071067811865477,
          0.5147998987249176 -0.6855378388868324 -0.5147998987249179,
          0.5147998987249176 -0.6855378388868324 -0.5147998987249179,
          0.9238795325112865 0.0 -0.3826834323650903,
          0.9238795325112865 0.0 -0.3826834323650903,
          0.6726184819960866 -0.6855378388868328 -0.278607697545583,
          0.6726184819960866 -0.6855378388868328 -0.278607697545583,
          0.7280369986850741 -0.685537838886833 -7.011276052293634e-17,
          0.7280369986850741 -0.685537838886833 -7.011276052293634e-17,
          0.1980673769445176 -0.9801884074963948 -4.513780123810375e-17,
          0.1980673769445176 -0.9801884074963948 -4.513780123810375e-17,
          0.6726184819960869 -0.6855378388868326 0.2786076975455826,
          0.6726184819960869 -0.6855378388868326 0.2786076975455826,
          0.18299039561723776 -0.9801884074963948 0.07579710364867803,
          0.18299039561723776 -0.9801884074963948 0.07579710364867803,
          0.5147998987249176 -0.6855378388868328 0.5147998987249173,
          0.5147998987249176 -0.6855378388868328 0.5147998987249173,
          0.1400547853693005 -0.9801884074963948 0.14005478536930047,
          0.1400547853693005 -0.9801884074963948 0.14005478536930047,
          0.2786076975455824 -0.6855378388868338 0.6726184819960858,
          0.2786076975455824 -0.6855378388868338 0.6726184819960858,
          0.0757971036486781 -0.9801884074963948 0.18299039561723782,
          0.0757971036486781 -0.9801884074963948 0.18299039561723782,
          2.8045104209174536e-17 -0.6855378388868343 0.7280369986850729,
          2.8045104209174536e-17 -0.6855378388868343 0.7280369986850729,
          0.0 -0.9801884074963948 0.19806737694451776,
          0.0 -0.9801884074963948 0.19806737694451776,
          -0.2786076975455824 -0.6855378388868337 0.6726184819960859,
          -0.2786076975455824 -0.6855378388868337 0.6726184819960859,
          -0.07579710364867809 -0.9801884074963948 0.18299039561723787,
          -0.07579710364867809 -0.9801884074963948 0.18299039561723787,
          -0.5147998987249174 -0.6855378388868331 0.5147998987249174,
          -0.5147998987249174 -0.6855378388868331 0.5147998987249174,
          -0.14005478536930052 -0.9801884074963948 0.14005478536930058,
          -0.14005478536930052 -0.9801884074963948 0.14005478536930058,
          -0.6726184819960866 -0.6855378388868331 0.2786076975455827,
          -0.6726184819960866 -0.6855378388868331 0.2786076975455827,
          -0.1829903956172378 -0.9801884074963948 0.0757971036486781,
          -0.1829903956172378 -0.9801884074963948 0.0757971036486781,
          -0.7280369986850741 -0.685537838886833 4.206765631376181e-17,
          -0.7280369986850741 -0.685537838886833 4.206765631376181e-17,
          -0.19806737694451762 -0.9801884074963948 2.083283134066327e-17,
          -0.19806737694451762 -0.9801884074963948 2.083283134066327e-17,
          -0.6726184819960869 -0.6855378388868328 -0.2786076975455827,
          -0.6726184819960869 -0.6855378388868328 -0.2786076975455827,
          -0.1829903956172378 -0.9801884074963948 -0.07579710364867802,
          -0.1829903956172378 -0.9801884074963948 -0.07579710364867802,
          -0.5147998987249177 -0.6855378388868327 -0.5147998987249174,
          -0.5147998987249177 -0.6855378388868327 -0.5147998987249174,
          -0.1400547853693005 -0.9801884074963948 -0.14005478536930047,
          -0.1400547853693005 -0.9801884074963948 -0.14005478536930047,
          -0.2786076975455828 -0.6855378388868331 -0.6726184819960864,
          -0.2786076975455828 -0.6855378388868331 -0.6726184819960864,
          -0.07579710364867813 -0.9801884074963948 -0.18299039561723776,
          -0.07579710364867813 -0.9801884074963948 -0.18299039561723776,
          -5.609020841834908e-17 -0.6855378388868326 -0.7280369986850745,
          -5.609020841834908e-17 -0.6855378388868326 -0.7280369986850745,
          -4.513780123810375e-17 -0.9801884074963948 -0.1980673769445176,
          -4.513780123810375e-17 -0.9801884074963948 -0.1980673769445176,
          0.27860769754558284 -0.6855378388868322 -0.6726184819960871,
          0.27860769754558284 -0.6855378388868322 -0.6726184819960871,
          0.07579710364867807 -0.9801884074963948 -0.18299039561723768,
          0.07579710364867807 -0.9801884074963948 -0.18299039561723768,
          0.5147998987249176 -0.6855378388868324 -0.5147998987249179,
          0.5147998987249176 -0.6855378388868324 -0.5147998987249179,
          0.14005478536930038 -0.9801884074963948 -0.14005478536930044,
          0.14005478536930038 -0.9801884074963948 -0.14005478536930044,
          0.6726184819960866 -0.6855378388868328 -0.278607697545583,
          0.6726184819960866 -0.6855378388868328 -0.278607697545583,
          0.18299039561723765 -0.9801884074963948 -0.0757971036486781,
          0.18299039561723765 -0.9801884074963948 -0.0757971036486781,
          0.6726184819960869 0.6855378388868326 0.2786076975455826,
          0.6726184819960869 0.6855378388868326 0.2786076975455826,
          0.18299039561723776 0.9801884074963948 0.07579710364867803,
          0.18299039561723776 0.9801884074963948 0.07579710364867803,
          0.7280369986850741 0.685537838886833 -7.011276052293634e-17,
          0.7280369986850741 0.685537838886833 -7.011276052293634e-17,
          0.19806737694451765 0.9801884074963948 -5.555421690843538e-17,
          0.19806737694451765 0.9801884074963948 -5.555421690843538e-17,
          0.6726184819960866 0.6855378388868328 -0.278607697545583,
          0.6726184819960866 0.6855378388868328 -0.278607697545583,
          0.1829903956172377 0.9801884074963948 -0.0757971036486781,
          0.1829903956172377 0.9801884074963948 -0.0757971036486781,
          0.5147998987249176 0.6855378388868324 -0.5147998987249179,
          0.5147998987249176 0.6855378388868324 -0.5147998987249179,
          0.14005478536930038 0.9801884074963948 -0.14005478536930044,
          0.14005478536930038 0.9801884074963948 -0.14005478536930044,
          0.27860769754558284 0.6855378388868322 -0.6726184819960871,
          0.27860769754558284 0.6855378388868322 -0.6726184819960871,
          0.07579710364867806 0.9801884074963948 -0.18299039561723768,
          0.07579710364867806 0.9801884074963948 -0.18299039561723768,
          -5.609020841834908e-17 0.6855378388868326 -0.7280369986850745,
          -5.609020841834908e-17 0.6855378388868326 -0.7280369986850745,
          -4.513780123810375e-17 0.9801884074963948 -0.1980673769445176,
          -4.513780123810375e-17 0.9801884074963948 -0.1980673769445176,
          -0.2786076975455828 0.6855378388868331 -0.6726184819960864,
          -0.2786076975455828 0.6855378388868331 -0.6726184819960864,
          -0.07579710364867814 0.9801884074963948 -0.18299039561723776,
          -0.07579710364867814 0.9801884074963948 -0.18299039561723776,
          -0.5147998987249177 0.6855378388868327 -0.5147998987249174,
          -0.5147998987249177 0.6855378388868327 -0.5147998987249174,
          -0.1400547853693005 0.9801884074963948 -0.14005478536930044,
          -0.1400547853693005 0.9801884074963948 -0.14005478536930044,
          -0.6726184819960869 0.6855378388868328 -0.2786076975455827,
          -0.6726184819960869 0.6855378388868328 -0.2786076975455827,
          -0.18299039561723776 0.9801884074963948 -0.07579710364867805,
          -0.18299039561723776 0.9801884074963948 -0.07579710364867805,
          -0.7280369986850741 0.685537838886833 4.206765631376181e-17,
          -0.7280369986850741 0.685537838886833 4.206765631376181e-17,
          -0.19806737694451762 0.9801884074963948 2.083283134066327e-17,
          -0.19806737694451762 0.9801884074963948 2.083283134066327e-17,
          -0.6726184819960866 0.6855378388868331 0.2786076975455827,
          -0.6726184819960866 0.6855378388868331 0.2786076975455827,
          -0.18299039561723776 0.9801884074963948 0.07579710364867812,
          -0.18299039561723776 0.9801884074963948 0.07579710364867812,
          -0.5147998987249174 0.6855378388868331 0.5147998987249174,
          -0.5147998987249174 0.6855378388868331 0.5147998987249174,
          -0.1400547853693005 0.9801884074963948 0.14005478536930052,
          -0.1400547853693005 0.9801884074963948 0.14005478536930052,
          -0.2786076975455824 0.6855378388868337 0.6726184819960859,
          -0.2786076975455824 0.6855378388868337 0.6726184819960859,
          -0.07579710364867809 0.9801884074963948 0.18299039561723787,
          -0.07579710364867809 0.9801884074963948 0.18299039561723787,
          2.8045104209174536e-17 0.6855378388868343 0.7280369986850729,
          2.8045104209174536e-17 0.6855378388868343 0.7280369986850729,
          0.0 0.9801884074963948 0.19806737694451773,
          0.0 0.9801884074963948 0.19806737694451773,
          0.2786076975455824 0.6855378388868338 0.6726184819960858,
          0.2786076975455824 0.6855378388868338 0.6726184819960858,
          0.07579710364867807 0.9801884074963948 0.18299039561723776,
          0.07579710364867807 0.9801884074963948 0.18299039561723776,
          0.5147998987249176 0.6855378388868328 0.5147998987249173,
          0.5147998987249176 0.6855378388868328 0.5147998987249173,
          0.1400547853693005 0.9801884074963948 0.14005478536930044,
          0.1400547853693005 0.9801884074963948 0.14005478536930044,
          0.1980673769445176 -0.9801884074963948 -4.513780123810375e-17,
          0.1980673769445176 -0.9801884074963948 -4.513780123810375e-17,
          0.0 -1.0 -4.759615134938247e-17,
          0.18299039561723776 -0.9801884074963948 0.07579710364867803,
          0.18299039561723776 -0.9801884074963948 0.07579710364867803,
          0.0 -1.0 -4.759615134938247e-17,
          0.1400547853693005 -0.9801884074963948 0.14005478536930047,
          0.1400547853693005 -0.9801884074963948 0.14005478536930047,
          0.0 -1.0 -4.759615134938247e-17,
          0.0757971036486781 -0.9801884074963948 0.18299039561723782,
          0.0757971036486781 -0.9801884074963948 0.18299039561723782,
          0.0 -1.0 -4.759615134938247e-17,
          0.0 -0.9801884074963948 0.19806737694451776,
          0.0 -0.9801884074963948 0.19806737694451776,
          0.0 -1.0 -4.759615134938247e-17,
          -0.07579710364867809 -0.9801884074963948 0.18299039561723787,
          -0.07579710364867809 -0.9801884074963948 0.18299039561723787,
          0.0 -1.0 -4.759615134938247e-17,
          -0.14005478536930052 -0.9801884074963948 0.14005478536930058,
          -0.14005478536930052 -0.9801884074963948 0.14005478536930058,
          0.0 -1.0 -4.759615134938247e-17,
          -0.1829903956172378 -0.9801884074963948 0.0757971036486781,
          -0.1829903956172378 -0.9801884074963948 0.0757971036486781,
          0.0 -1.0 -4.759615134938247e-17,
          -0.19806737694451762 -0.9801884074963948 2.083283134066327e-17,
          -0.19806737694451762 -0.9801884074963948 2.083283134066327e-17,
          0.0 -1.0 -4.759615134938247e-17,
          -0.1829903956172378 -0.9801884074963948 -0.07579710364867802,
          -0.1829903956172378 -0.9801884074963948 -0.07579710364867802,
          0.0 -1.0 -4.759615134938247e-17,
          -0.1400547853693005 -0.9801884074963948 -0.14005478536930047,
          -0.1400547853693005 -0.9801884074963948 -0.14005478536930047,
          0.0 -1.0 -4.759615134938247e-17,
          -0.07579710364867813 -0.9801884074963948 -0.18299039561723776,
          -0.07579710364867813 -0.9801884074963948 -0.18299039561723776,
          0.0 -1.0 -4.759615134938247e-17,
          -4.513780123810375e-17 -0.9801884074963948 -0.1980673769445176,
          -4.513780123810375e-17 -0.9801884074963948 -0.1980673769445176,
          0.0 -1.0 -4.759615134938247e-17,
          0.07579710364867807 -0.9801884074963948 -0.18299039561723768,
          0.07579710364867807 -0.9801884074963948 -0.18299039561723768,
          0.0 -1.0 -4.759615134938247e-17,
          0.14005478536930038 -0.9801884074963948 -0.14005478536930044,
          0.14005478536930038 -0.9801884074963948 -0.14005478536930044,
          0.0 -1.0 -4.759615134938247e-17,
          0.18299039561723765 -0.9801884074963948 -0.0757971036486781,
          0.18299039561723765 -0.9801884074963948 -0.0757971036486781,
          0.0 -1.0 -4.759615134938247e-17,
          0.18299039561723776 0.9801884074963948 0.07579710364867803,
          0.18299039561723776 0.9801884074963948 0.07579710364867803,
          0.0 1.0 -1.3598900385537848e-17,
          0.19806737694451765 0.9801884074963948 -5.555421690843538e-17,
          0.19806737694451765 0.9801884074963948 -5.555421690843538e-17,
          0.0 1.0 -1.3598900385537848e-17,
          0.1829903956172377 0.9801884074963948 -0.0757971036486781,
          0.1829903956172377 0.9801884074963948 -0.0757971036486781,
          0.0 1.0 -1.3598900385537848e-17,
          0.14005478536930038 0.9801884074963948 -0.14005478536930044,
          0.14005478536930038 0.9801884074963948 -0.14005478536930044,
          0.0 1.0 -1.3598900385537848e-17,
          0.07579710364867806 0.9801884074963948 -0.18299039561723768,
          0.07579710364867806 0.9801884074963948 -0.18299039561723768,
          0.0 1.0 -1.3598900385537848e-17,
          -4.513780123810375e-17 0.9801884074963948 -0.1980673769445176,
          -4.513780123810375e-17 0.9801884074963948 -0.1980673769445176,
          0.0 1.0 -1.3598900385537848e-17,
          -0.07579710364867814 0.9801884074963948 -0.18299039561723776,
          -0.07579710364867814 0.9801884074963948 -0.18299039561723776,
          0.0 1.0 -1.3598900385537848e-17,
          -0.1400547853693005 0.9801884074963948 -0.14005478536930044,
          -0.1400547853693005 0.9801884074963948 -0.14005478536930044,
          0.0 1.0 -1.3598900385537848e-17,
          -0.18299039561723776 0.9801884074963948 -0.07579710364867805,
          -0.18299039561723776 0.9801884074963948 -0.07579710364867805,
          0.0 1.0 -1.3598900385537848e-17,
          -0.19806737694451762 0.9801884074963948 2.083283134066327e-17,
          -0.19806737694451762 0.9801884074963948 2.083283134066327e-17,
          0.0 1.0 -1.3598900385537848e-17,
          -0.18299039561723776 0.9801884074963948 0.07579710364867812,
          -0.18299039561723776 0.9801884074963948 0.07579710364867812,
          0.0 1.0 -1.3598900385537848e-17,
          -0.1400547853693005 0.9801884074963948 0.14005478536930052,
          -0.1400547853693005 0.9801884074963948 0.14005478536930052,
          0.0 1.0 -1.3598900385537848e-17,
          -0.07579710364867809 0.9801884074963948 0.18299039561723787,
          -0.07579710364867809 0.9801884074963948 0.18299039561723787,
          0.0 1.0 -1.3598900385537848e-17,
          0.0 0.9801884074963948 0.19806737694451773,
          0.0 0.9801884074963948 0.19806737694451773,
          0.0 1.0 -1.3598900385537848e-17,
          0.07579710364867807 0.9801884074963948 0.18299039561723776,
          0.07579710364867807 0.9801884074963948 0.18299039561723776,
          0.0 1.0 -1.3598900385537848e-17,
          0.1400547853693005 0.9801884074963948 0.14005478536930044,
          0.1400547853693005 0.9801884074963948 0.14005478536930044,
          0.0 1.0 -1.3598900385537848e-17,
          -0.7071067811865477 1.9809537642074352e-16 -0.7071067811865475,
          -0.7071067811865477 1.9809537642074352e-16 -0.7071067811865475,
          -0.4030336928723917 2.5350775868261566e-16 -0.9151851410559738,
          -0.4030336928723917 2.5350775868261566e-16 -0.9151851410559738,
          -0.6532814824381883 -0.3826834323650898 -0.6532814824381881,
          -0.6532814824381883 -0.3826834323650898 -0.6532814824381881,
          -0.43386152186043697 -0.35646457848952784 -0.8274643098836522,
          -0.43386152186043697 -0.35646457848952784 -0.8274643098836522,
          -0.5000000000000002 -0.7071067811865472 -0.5000000000000001,
          -0.5000000000000002 -0.7071067811865472 -0.5000000000000001,
          -0.41627962204471847 -0.6902001556350076 -0.5918910553739749,
          -0.41627962204471847 -0.6902001556350076 -0.5918910553739749,
          -0.27059805007309806 -0.9238795325112871 -0.27059805007309795,
          -0.27059805007309806 -0.9238795325112871 -0.27059805007309795,
          -0.25480297590167333 -0.920069743726356 -0.29756866459855796,
          -0.25480297590167333 -0.920069743726356 -0.29756866459855796,
          1.1319735795471052e-16 -1.0 7.074834872169407e-17,
          1.1319735795471052e-16 -1.0 7.074834872169407e-17,
          0.002502233410039481 -0.9999916658031003 -0.00322601182609904,
          0.002502233410039481 -0.9999916658031003 -0.00322601182609904,
          0.2705980500730985 -0.9238795325112867 0.2705980500730983,
          0.2705980500730985 -0.9238795325112867 0.2705980500730983,
          0.2824394616451769 -0.9221857248655954 0.26419962028681854,
          0.2824394616451769 -0.9221857248655954 0.26419962028681854,
          0.5000000000000007 -0.7071067811865467 0.5000000000000003,
          0.5000000000000007 -0.7071067811865467 0.5000000000000003,
          0.5255269840865524 -0.7030835000848161 0.47905634418654425,
          0.5255269840865524 -0.7030835000848161 0.47905634418654425,
          0.6532814824381885 -0.38268343236508934 0.6532814824381882,
          0.6532814824381885 -0.38268343236508934 0.6532814824381882,
          0.6885581551090055 -0.3791713907357787 0.6181559054804688,
          0.6885581551090055 -0.3791713907357787 0.6181559054804688,
          0.7071067811865477 8.489801846603292e-17 0.7071067811865472,
          0.7071067811865477 8.489801846603292e-17 0.7071067811865472,
          0.7457287883203989 0.0 0.6662496335985407,
          0.7457287883203989 0.0 0.6662496335985407,
          0.6532814824381885 0.38268343236508945 0.6532814824381881,
          0.6532814824381885 0.38268343236508945 0.6532814824381881,
          0.6885581551090054 0.37917139073577916 0.6181559054804686,
          0.6885581551090054 0.37917139073577916 0.6181559054804686,
          0.5000000000000007 0.7071067811865466 0.5000000000000004,
          0.5000000000000007 0.7071067811865466 0.5000000000000004,
          0.5255269840865526 0.7030835000848159 0.4790563441865445,
          0.5255269840865526 0.7030835000848159 0.4790563441865445,
          0.27059805007309917 0.9238795325112864 0.270598050073099,
          0.27059805007309917 0.9238795325112864 0.270598050073099,
          0.2824394616451778 0.9221857248655949 0.26419962028681954,
          0.2824394616451778 0.9221857248655949 0.26419962028681954,
          5.659867897735529e-17 1.0 4.244900923301646e-17,
          5.659867897735529e-17 1.0 4.244900923301646e-17,
          0.002502233410039298 0.9999916658031003 -0.0032260118260991687,
          0.002502233410039298 0.9999916658031003 -0.0032260118260991687,
          -0.2705980500730986 0.9238795325112867 -0.2705980500730984,
          -0.2705980500730986 0.9238795325112867 -0.2705980500730984,
          -0.2548029759016738 0.9200697437263556 -0.2975686645985584,
          -0.2548029759016738 0.9200697437263556 -0.2975686645985584,
          -0.5000000000000001 0.7071067811865476 -0.4999999999999998,
          -0.5000000000000001 0.7071067811865476 -0.4999999999999998,
          -0.41627962204471747 0.690200155635008 -0.5918910553739748,
          -0.41627962204471747 0.690200155635008 -0.5918910553739748,
          -0.6532814824381883 0.3826834323650903 -0.6532814824381878,
          -0.6532814824381883 0.3826834323650903 -0.6532814824381878,
          -0.4338615218604362 0.35646457848952867 -0.8274643098836523,
          -0.4338615218604362 0.35646457848952867 -0.8274643098836523,
          -0.7071067811865477 1.9809537642074352e-16 -0.7071067811865475,
          -0.7071067811865477 1.9809537642074352e-16 -0.7071067811865475,
          -0.7730104533627373 1.1317666028235842e-16 -0.634393284163645,
          -0.7730104533627373 1.1317666028235842e-16 -0.634393284163645,
          -0.6532814824381883 -0.3826834323650898 -0.6532814824381881,
          -0.6532814824381883 -0.3826834323650898 -0.6532814824381881,
          -0.7194443381398014 -0.38084070704023065 -0.5808271689407102,
          -0.7194443381398014 -0.38084070704023065 -0.5808271689407102,
          -0.5000000000000002 -0.7071067811865472 -0.5000000000000001,
          -0.5000000000000002 -0.7071067811865472 -0.5000000000000001,
          -0.5669009479356443 -0.7037018687631913 -0.42828377873655266,
          -0.5669009479356443 -0.7037018687631913 -0.42828377873655266,
          -0.27059805007309806 -0.9238795325112871 -0.27059805007309795,
          -0.27059805007309806 -0.9238795325112871 -0.27059805007309795,
          -0.3386036310995707 -0.9194308000402821 -0.19998646190048106,
          -0.3386036310995707 -0.9194308000402821 -0.19998646190048106,
          1.1319735795471052e-16 -1.0 7.074834872169407e-17,
          1.1319735795471052e-16 -1.0 7.074834872169407e-17,
          -0.06930858459954332 -0.9951847266721973 0.06930858459954349,
          -0.06930858459954332 -0.9951847266721973 0.06930858459954349,
          0.2705980500730985 -0.9238795325112867 0.2705980500730983,
          0.2705980500730985 -0.9238795325112867 0.2705980500730983,
          0.19998646190048072 -0.9194308000402814 0.3386036310995726,
          0.19998646190048072 -0.9194308000402814 0.3386036310995726,
          0.5000000000000007 -0.7071067811865467 0.5000000000000003,
          0.5000000000000007 -0.7071067811865467 0.5000000000000003,
          0.4282837787365512 -0.7037018687631907 0.566900947935646,
          0.4282837787365512 -0.7037018687631907 0.566900947935646,
          0.6532814824381885 -0.38268343236508934 0.6532814824381882,
          0.6532814824381885 -0.38268343236508934 0.6532814824381882,
          0.5808271689407081 -0.3808407070402306 0.7194443381398031,
          0.5808271689407081 -0.3808407070402306 0.7194443381398031,
          0.7071067811865477 8.489801846603292e-17 0.7071067811865472,
          0.7071067811865477 8.489801846603292e-17 0.7071067811865472,
          0.6343932841636428 2.8294165070589593e-16 0.7730104533627391,
          0.6343932841636428 2.8294165070589593e-16 0.7730104533627391,
          0.6532814824381885 0.38268343236508945 0.6532814824381881,
          0.6532814824381885 0.38268343236508945 0.6532814824381881,
          0.5808271689407078 0.38084070704023004 0.7194443381398037,
          0.5808271689407078 0.38084070704023004 0.7194443381398037,
          0.5000000000000007 0.7071067811865466 0.5000000000000004,
          0.5000000000000007 0.7071067811865466 0.5000000000000004,
          0.42828377873655055 0.7037018687631905 0.5669009479356469,
          0.42828377873655055 0.7037018687631905 0.5669009479356469,
          0.27059805007309917 0.9238795325112864 0.270598050073099,
          0.27059805007309917 0.9238795325112864 0.270598050073099,
          0.19998646190047834 0.9194308000402812 0.33860363109957475,
          0.19998646190047834 0.9194308000402812 0.33860363109957475,
          5.659867897735529e-17 1.0 4.244900923301646e-17,
          5.659867897735529e-17 1.0 4.244900923301646e-17,
          -0.0693085845995469 0.9951847266721967 0.0693085845995473,
          -0.0693085845995469 0.9951847266721967 0.0693085845995473,
          -0.2705980500730986 0.9238795325112867 -0.2705980500730984,
          -0.2705980500730986 0.9238795325112867 -0.2705980500730984,
          -0.3386036310995726 0.9194308000402818 -0.19998646190047975,
          -0.3386036310995726 0.9194308000402818 -0.19998646190047975,
          -0.5000000000000001 0.7071067811865476 -0.4999999999999998,
          -0.5000000000000001 0.7071067811865476 -0.4999999999999998,
          -0.5669009479356444 0.7037018687631913 -0.4282837787365523,
          -0.5669009479356444 0.7037018687631913 -0.4282837787365523,
          -0.6532814824381883 0.3826834323650903 -0.6532814824381878,
          -0.6532814824381883 0.3826834323650903 -0.6532814824381878,
          -0.7194443381398017 0.38084070704023104 -0.5808271689407096,
          -0.7194443381398017 0.38084070704023104 -0.5808271689407096,
          -0.8066299871365364 4.506804598802056e-16 -0.5910567348843182,
          -0.8066299871365364 4.506804598802056e-16 -0.5910567348843182,
          -1.0 7.640821661942962e-16 0.0,
          -1.0 7.640821661942962e-16 0.0,
          -0.7894672545975445 -0.3564645784895282 -0.4996743521539792,
          -0.7894672545975445 -0.3564645784895282 -0.4996743521539792,
          -0.9238795325112868 -0.38268343236508945 0.0,
          -0.9238795325112868 -0.38268343236508945 0.0,
          -0.6564542554554985 -0.690200155635008 -0.3044528792042831,
          -0.6564542554554985 -0.690200155635008 -0.3044528792042831,
          -0.7071067811865468 -0.7071067811865482 0.0,
          -0.7071067811865468 -0.7071067811865482 0.0,
          -0.36945018239000216 -0.9200697437263561 -0.1303005349617247,
          -0.36945018239000216 -0.9200697437263561 -0.1303005349617247,
          -0.38268343236508856 -0.9238795325112872 0.0,
          -0.38268343236508856 -0.9238795325112872 0.0,
          5.539917862428052e-4 -0.9999916658031003 -0.004044924899330329,
          5.539917862428052e-4 -0.9999916658031003 -0.004044924899330329,
          0.0 -1.0 0.0,
          0.0 -1.0 0.0,
          0.3766995589593332 -0.9221857248655954 0.08758385201599841,
          0.3766995589593332 -0.9221857248655954 0.08758385201599841,
          0.38268343236508934 -0.923879532511287 0.0,
          0.38268343236508934 -0.923879532511287 0.0,
          0.6946478906864476 -0.7030835000848158 0.15211147186637147,
          0.6946478906864476 -0.7030835000848158 0.15211147186637147,
          0.7071067811865479 -0.707106781186547 0.0,
          0.7071067811865479 -0.707106781186547 0.0,
          0.9053868070475791 -0.3791713907357787 0.19105964009095425,
          0.9053868070475791 -0.3791713907357787 0.19105964009095425,
          0.9238795325112864 -0.38268343236509056 0.0,
          0.9238795325112864 -0.38268343236509056 0.0,
          0.9789448918181242 0.0 0.2041247137982102,
          0.9789448918181242 0.0 0.2041247137982102,
          1.0 0.0 0.0,
          1.0 0.0 0.0,
          0.905386807047579 0.37917139073577927 0.19105964009095422,
          0.905386807047579 0.37917139073577927 0.19105964009095422,
          0.9238795325112863 0.38268343236509095 0.0,
          0.9238795325112863 0.38268343236509095 0.0,
          0.694647890686448 0.7030835000848155 0.15211147186637158,
          0.694647890686448 0.7030835000848155 0.15211147186637158,
          0.7071067811865482 0.7071067811865468 0.0,
          0.7071067811865482 0.7071067811865468 0.0,
          0.37669955895933455 0.9221857248655948 0.08758385201599875,
          0.37669955895933455 0.9221857248655948 0.08758385201599875,
          0.3826834323650909 0.9238795325112862 0.0,
          0.3826834323650909 0.9238795325112862 0.0,
          5.53991786242494e-4 0.9999916658031004 -0.004044924899330458,
          5.53991786242494e-4 0.9999916658031004 -0.004044924899330458,
          -3.5374174360847055e-16 1.0 0.0,
          -3.5374174360847055e-16 1.0 0.0,
          -0.36945018239000277 0.9200697437263557 -0.13030053496172483,
          -0.36945018239000277 0.9200697437263557 -0.13030053496172483,
          -0.38268343236508917 0.923879532511287 0.0,
          -0.38268343236508917 0.923879532511287 0.0,
          -0.6564542554554976 0.6902001556350085 -0.3044528792042842,
          -0.6564542554554976 0.6902001556350085 -0.3044528792042842,
          -0.7071067811865462 0.7071067811865488 0.0,
          -0.7071067811865462 0.7071067811865488 0.0,
          -0.7894672545975423 0.3564645784895289 -0.4996743521539821,
          -0.7894672545975423 0.3564645784895289 -0.4996743521539821,
          -0.9238795325112864 0.3826834323650908 0.0,
          -0.9238795325112864 0.3826834323650908 0.0,
          -1.0 7.640821661942962e-16 0.0,
          -1.0 7.640821661942962e-16 0.0,
          -0.8700221846046782 1.0281370050446613e-15 -0.4930125741760583,
          -0.8700221846046782 1.0281370050446613e-15 -0.4930125741760583,
          -0.9238795325112868 -0.38268343236508945 0.0,
          -0.9238795325112868 -0.38268343236508945 0.0,
          -0.8037956891870187 -0.3329430758382912 -0.4930125741760584,
          -0.8037956891870187 -0.3329430758382912 -0.4930125741760584,
          -0.7071067811865468 -0.7071067811865482 0.0,
          -0.7071067811865468 -0.7071067811865482 0.0,
          -0.6151985865167016 -0.6151985865167031 -0.49301257417605815,
          -0.6151985865167016 -0.6151985865167031 -0.49301257417605815,
          -0.38268343236508856 -0.9238795325112872 0.0,
          -0.38268343236508856 -0.9238795325112872 0.0,
          -0.3329430758382907 -0.8037956891870192 -0.4930125741760582,
          -0.3329430758382907 -0.8037956891870192 -0.4930125741760582,
          0.0 -1.0 0.0,
          0.0 -1.0 0.0,
          -1.1267254849804507e-16 -0.8700221846046783 -0.4930125741760581,
          -1.1267254849804507e-16 -0.8700221846046783 -0.4930125741760581,
          0.38268343236508934 -0.923879532511287 0.0,
          0.38268343236508934 -0.923879532511287 0.0,
          0.3329430758382909 -0.8037956891870189 -0.4930125741760583,
          0.3329430758382909 -0.8037956891870189 -0.4930125741760583,
          0.7071067811865479 -0.707106781186547 0.0,
          0.7071067811865479 -0.707106781186547 0.0,
          0.6151985865167028 -0.6151985865167017 -0.4930125741760583,
          0.6151985865167028 -0.6151985865167017 -0.4930125741760583,
          0.9238795325112864 -0.38268343236509056 0.0,
          0.9238795325112864 -0.38268343236509056 0.0,
          0.8037956891870183 -0.33294307583829297 -0.493012574176058,
          0.8037956891870183 -0.33294307583829297 -0.493012574176058,
          1.0 0.0 0.0,
          1.0 0.0 0.0,
          0.870022184604678 1.1267254849804517e-16 -0.49301257417605865,
          0.870022184604678 1.1267254849804517e-16 -0.49301257417605865,
          0.9238795325112863 0.38268343236509095 0.0,
          0.9238795325112863 0.38268343236509095 0.0,
          0.8037956891870178 0.3329430758382936 -0.4930125741760582,
          0.8037956891870178 0.3329430758382936 -0.4930125741760582,
          0.7071067811865482 0.7071067811865468 0.0,
          0.7071067811865482 0.7071067811865468 0.0,
          0.6151985865167034 0.6151985865167009 -0.49301257417605837,
          0.6151985865167034 0.6151985865167009 -0.49301257417605837,
          0.3826834323650909 0.9238795325112862 0.0,
          0.3826834323650909 0.9238795325112862 0.0,
          0.3329430758382928 0.8037956891870178 -0.49301257417605865,
          0.3329430758382928 0.8037956891870178 -0.49301257417605865,
          -3.5374174360847055e-16 1.0 0.0,
          -3.5374174360847055e-16 1.0 0.0,
          -3.2393357693187965e-16 0.8700221846046781 -0.4930125741760583,
          -3.2393357693187965e-16 0.8700221846046781 -0.4930125741760583,
          -0.38268343236508917 0.923879532511287 0.0,
          -0.38268343236508917 0.923879532511287 0.0,
          -0.3329430758382915 0.8037956891870187 -0.49301257417605815,
          -0.3329430758382915 0.8037956891870187 -0.49301257417605815,
          -0.7071067811865462 0.7071067811865488 0.0,
          -0.7071067811865462 0.7071067811865488 0.0,
          -0.6151985865167017 0.6151985865167029 -0.49301257417605826,
          -0.6151985865167017 0.6151985865167029 -0.49301257417605826,
          -0.9238795325112864 0.3826834323650908 0.0,
          -0.9238795325112864 0.3826834323650908 0.0,
          -0.8037956891870184 0.332943075838292 -0.4930125741760585,
          -0.8037956891870184 0.332943075838292 -0.4930125741760585,
          -0.8700221846046782 1.0281370050446613e-15 -0.4930125741760583,
          -0.8700221846046782 1.0281370050446613e-15 -0.4930125741760583,
          1.5087817563567184e-16 -1.692157834798692e-17 -1.0,
          -0.8037956891870187 -0.3329430758382912 -0.4930125741760584,
          -0.8037956891870187 -0.3329430758382912 -0.4930125741760584,
          1.5087817563567184e-16 -1.692157834798692e-17 -1.0,
          -0.6151985865167016 -0.6151985865167031 -0.49301257417605815,
          -0.6151985865167016 -0.6151985865167031 -0.49301257417605815,
          1.5087817563567184e-16 -1.692157834798692e-17 -1.0,
          -0.3329430758382907 -0.8037956891870192 -0.4930125741760582,
          -0.3329430758382907 -0.8037956891870192 -0.4930125741760582,
          1.5087817563567184e-16 -1.692157834798692e-17 -1.0,
          -1.1267254849804507e-16 -0.8700221846046783 -0.4930125741760581,
          -1.1267254849804507e-16 -0.8700221846046783 -0.4930125741760581,
          1.5087817563567184e-16 -1.692157834798692e-17 -1.0,
          0.3329430758382909 -0.8037956891870189 -0.4930125741760583,
          0.3329430758382909 -0.8037956891870189 -0.4930125741760583,
          1.5087817563567184e-16 -1.692157834798692e-17 -1.0,
          0.6151985865167028 -0.6151985865167017 -0.4930125741760583,
          0.6151985865167028 -0.6151985865167017 -0.4930125741760583,
          1.5087817563567184e-16 -1.692157834798692e-17 -1.0,
          0.8037956891870183 -0.33294307583829297 -0.493012574176058,
          0.8037956891870183 -0.33294307583829297 -0.493012574176058,
          1.5087817563567184e-16 -1.692157834798692e-17 -1.0,
          0.870022184604678 1.1267254849804517e-16 -0.49301257417605865,
          0.870022184604678 1.1267254849804517e-16 -0.49301257417605865,
          1.5087817563567184e-16 -1.692157834798692e-17 -1.0,
          0.8037956891870178 0.3329430758382936 -0.4930125741760582,
          0.8037956891870178 0.3329430758382936 -0.4930125741760582,
          1.5087817563567184e-16 -1.692157834798692e-17 -1.0,
          0.6151985865167034 0.6151985865167009 -0.49301257417605837,
          0.6151985865167034 0.6151985865167009 -0.49301257417605837,
          1.5087817563567184e-16 -1.692157834798692e-17 -1.0,
          0.3329430758382928 0.8037956891870178 -0.49301257417605865,
          0.3329430758382928 0.8037956891870178 -0.49301257417605865,
          1.5087817563567184e-16 -1.692157834798692e-17 -1.0,
          -3.2393357693187965e-16 0.8700221846046781 -0.4930125741760583,
          -3.2393357693187965e-16 0.8700221846046781 -0.4930125741760583,
          1.5087817563567184e-16 -1.692157834798692e-17 -1.0,
          -0.3329430758382915 0.8037956891870187 -0.49301257417605815,
          -0.3329430758382915 0.8037956891870187 -0.49301257417605815,
          1.5087817563567184e-16 -1.692157834798692e-17 -1.0,
          -0.6151985865167017 0.6151985865167029 -0.49301257417605826,
          -0.6151985865167017 0.6151985865167029 -0.49301257417605826,
          1.5087817563567184e-16 -1.692157834798692e-17 -1.0,
          -0.8037956891870184 0.332943075838292 -0.4930125741760585,
          -0.8037956891870184 0.332943075838292 -0.4930125741760585,
          1.5087817563567184e-16 -1.692157834798692e-17 -1.0,
          0.7071067811865477 2.1224504616508236e-16 -0.7071067811865475,
          0.7071067811865477 2.1224504616508236e-16 -0.7071067811865475,
          0.40303369287239166 4.0842916676643634e-16 -0.9151851410559738,
          0.40303369287239166 4.0842916676643634e-16 -0.9151851410559738,
          0.6532814824381883 -0.3826834323650902 -0.653281482438188,
          0.6532814824381883 -0.3826834323650902 -0.653281482438188,
          0.43386152186043686 -0.3564645784895282 -0.8274643098836522,
          0.43386152186043686 -0.3564645784895282 -0.8274643098836522,
          0.4999999999999999 -0.7071067811865479 -0.49999999999999967,
          0.4999999999999999 -0.7071067811865479 -0.49999999999999967,
          0.41627962204471824 -0.690200155635008 -0.5918910553739745,
          0.41627962204471824 -0.690200155635008 -0.5918910553739745,
          0.2705980500730985 -0.9238795325112868 -0.27059805007309834,
          0.2705980500730985 -0.9238795325112868 -0.27059805007309834,
          0.25480297590167394 -0.9200697437263555 -0.2975686645985585,
          0.25480297590167394 -0.9200697437263555 -0.2975686645985585,
          -1.9809537642074347e-16 -1.0 1.6979603693206584e-16,
          -1.9809537642074347e-16 -1.0 1.6979603693206584e-16,
          -0.0025022334100394963 -0.9999916658031003 -0.0032260118260990693,
          -0.0025022334100394963 -0.9999916658031003 -0.0032260118260990693,
          -0.2705980500730991 -0.9238795325112864 0.27059805007309895,
          -0.2705980500730991 -0.9238795325112864 0.27059805007309895,
          -0.2824394616451775 -0.922185724865595 0.26419962028681915,
          -0.2824394616451775 -0.922185724865595 0.26419962028681915,
          -0.5000000000000004 -0.7071067811865471 0.5000000000000002,
          -0.5000000000000004 -0.7071067811865471 0.5000000000000002,
          -0.5255269840865522 -0.7030835000848166 0.479056344186544,
          -0.5255269840865522 -0.7030835000848166 0.479056344186544,
          -0.6532814824381884 -0.3826834323650898 0.6532814824381881,
          -0.6532814824381884 -0.3826834323650898 0.6532814824381881,
          -0.6885581551090054 -0.37917139073577916 0.6181559054804686,
          -0.6885581551090054 -0.37917139073577916 0.6181559054804686,
          -0.7071067811865478 -9.904768821037173e-17 0.7071067811865472,
          -0.7071067811865478 -9.904768821037173e-17 0.7071067811865472,
          -0.7457287883203989 -1.6972329425558214e-16 0.6662496335985407,
          -0.7457287883203989 -1.6972329425558214e-16 0.6662496335985407,
          -0.6532814824381886 0.3826834323650893 0.6532814824381882,
          -0.6532814824381886 0.3826834323650893 0.6532814824381882,
          -0.6885581551090054 0.379171390735779 0.6181559054804687,
          -0.6885581551090054 0.379171390735779 0.6181559054804687,
          -0.5000000000000007 0.7071067811865466 0.5000000000000004,
          -0.5000000000000007 0.7071067811865466 0.5000000000000004,
          -0.5255269840865526 0.7030835000848159 0.4790563441865445,
          -0.5255269840865526 0.7030835000848159 0.4790563441865445,
          -0.27059805007309917 0.9238795325112864 0.270598050073099,
          -0.27059805007309917 0.9238795325112864 0.270598050073099,
          -0.2824394616451778 0.9221857248655949 0.26419962028681954,
          -0.2824394616451778 0.9221857248655949 0.26419962028681954,
          -1.4149669744338822e-16 1.0 1.2734702769904938e-16,
          -1.4149669744338822e-16 1.0 1.2734702769904938e-16,
          -0.002502233410039298 0.9999916658031003 -0.0032260118260991687,
          -0.002502233410039298 0.9999916658031003 -0.0032260118260991687,
          0.27059805007309834 0.9238795325112868 -0.2705980500730982,
          0.27059805007309834 0.9238795325112868 -0.2705980500730982,
          0.2548029759016738 0.9200697437263556 -0.2975686645985584,
          0.2548029759016738 0.9200697437263556 -0.2975686645985584,
          0.5000000000000001 0.7071067811865476 -0.4999999999999997,
          0.5000000000000001 0.7071067811865476 -0.4999999999999997,
          0.41627962204471747 0.690200155635008 -0.5918910553739748,
          0.41627962204471747 0.690200155635008 -0.5918910553739748,
          0.6532814824381883 0.3826834323650901 -0.6532814824381881,
          0.6532814824381883 0.3826834323650901 -0.6532814824381881,
          0.4338615218604362 0.35646457848952867 -0.8274643098836523,
          0.4338615218604362 0.35646457848952867 -0.8274643098836523,
          0.7071067811865477 2.1224504616508236e-16 -0.7071067811865475,
          0.7071067811865477 2.1224504616508236e-16 -0.7071067811865475,
          0.7730104533627374 -1.980591554941272e-16 -0.6343932841636449,
          0.7730104533627374 -1.980591554941272e-16 -0.6343932841636449,
          0.6532814824381883 -0.3826834323650902 -0.653281482438188,
          0.6532814824381883 -0.3826834323650902 -0.653281482438188,
          0.7194443381398015 -0.3808407070402308 -0.5808271689407101,
          0.7194443381398015 -0.3808407070402308 -0.5808271689407101,
          0.4999999999999999 -0.7071067811865479 -0.49999999999999967,
          0.4999999999999999 -0.7071067811865479 -0.49999999999999967,
          0.5669009479356434 -0.7037018687631917 -0.4282837787365531,
          0.5669009479356434 -0.7037018687631917 -0.4282837787365531,
          0.2705980500730985 -0.9238795325112868 -0.27059805007309834,
          0.2705980500730985 -0.9238795325112868 -0.27059805007309834,
          0.33860363109957053 -0.9194308000402822 -0.19998646190048114,
          0.33860363109957053 -0.9194308000402822 -0.19998646190048114,
          -1.9809537642074347e-16 -1.0 1.6979603693206584e-16,
          -1.9809537642074347e-16 -1.0 1.6979603693206584e-16,
          0.06930858459954453 -0.995184726672197 0.06930858459954482,
          0.06930858459954453 -0.995184726672197 0.06930858459954482,
          -0.2705980500730991 -0.9238795325112864 0.27059805007309895,
          -0.2705980500730991 -0.9238795325112864 0.27059805007309895,
          -0.19998646190048075 -0.9194308000402814 0.33860363109957275,
          -0.19998646190048075 -0.9194308000402814 0.33860363109957275,
          -0.5000000000000004 -0.7071067811865471 0.5000000000000002,
          -0.5000000000000004 -0.7071067811865471 0.5000000000000002,
          -0.4282837787365516 -0.703701868763191 0.5669009479356454,
          -0.4282837787365516 -0.703701868763191 0.5669009479356454,
          -0.6532814824381884 -0.3826834323650898 0.6532814824381881,
          -0.6532814824381884 -0.3826834323650898 0.6532814824381881,
          -0.5808271689407081 -0.38084070704023065 0.7194443381398031,
          -0.5808271689407081 -0.38084070704023065 0.7194443381398031,
          -0.7071067811865478 -9.904768821037173e-17 0.7071067811865472,
          -0.7071067811865478 -9.904768821037173e-17 0.7071067811865472,
          -0.6343932841636428 0.0 0.7730104533627393,
          -0.6343932841636428 0.0 0.7730104533627393,
          -0.6532814824381886 0.3826834323650893 0.6532814824381882,
          -0.6532814824381886 0.3826834323650893 0.6532814824381882,
          -0.5808271689407078 0.3808407070402299 0.7194443381398037,
          -0.5808271689407078 0.3808407070402299 0.7194443381398037,
          -0.5000000000000007 0.7071067811865466 0.5000000000000004,
          -0.5000000000000007 0.7071067811865466 0.5000000000000004,
          -0.42828377873655055 0.7037018687631905 0.5669009479356469,
          -0.42828377873655055 0.7037018687631905 0.5669009479356469,
          -0.27059805007309917 0.9238795325112864 0.270598050073099,
          -0.27059805007309917 0.9238795325112864 0.270598050073099,
          -0.19998646190047836 0.9194308000402812 0.33860363109957475,
          -0.19998646190047836 0.9194308000402812 0.33860363109957475,
          -1.4149669744338822e-16 1.0 1.2734702769904938e-16,
          -1.4149669744338822e-16 1.0 1.2734702769904938e-16,
          0.06930858459954682 0.9951847266721967 0.06930858459954725,
          0.06930858459954682 0.9951847266721967 0.06930858459954725,
          0.27059805007309834 0.9238795325112868 -0.2705980500730982,
          0.27059805007309834 0.9238795325112868 -0.2705980500730982,
          0.3386036310995722 0.9194308000402818 -0.1999864619004799,
          0.3386036310995722 0.9194308000402818 -0.1999864619004799,
          0.5000000000000001 0.7071067811865476 -0.4999999999999997,
          0.5000000000000001 0.7071067811865476 -0.4999999999999997,
          0.5669009479356443 0.7037018687631914 -0.4282837787365525,
          0.5669009479356443 0.7037018687631914 -0.4282837787365525,
          0.6532814824381883 0.3826834323650901 -0.6532814824381881,
          0.6532814824381883 0.3826834323650901 -0.6532814824381881,
          0.7194443381398017 0.3808407070402309 -0.5808271689407096,
          0.7194443381398017 0.3808407070402309 -0.5808271689407096,
          0.8066299871365364 6.056018679640263e-16 -0.5910567348843181,
          0.8066299871365364 6.056018679640263e-16 -0.5910567348843181,
          1.0 9.055788636376844e-16 0.0,
          1.0 9.055788636376844e-16 0.0,
          0.7894672545975444 -0.3564645784895285 -0.49967435215397915,
          0.7894672545975444 -0.3564645784895285 -0.49967435215397915,
          0.9238795325112866 -0.3826834323650899 0.0,
          0.9238795325112866 -0.3826834323650899 0.0,
          0.6564542554554982 -0.6902001556350084 -0.30445287920428293,
          0.6564542554554982 -0.6902001556350084 -0.30445287920428293,
          0.7071067811865465 -0.7071067811865486 0.0,
          0.7071067811865465 -0.7071067811865486 0.0,
          0.369450182390003 -0.9200697437263556 -0.13030053496172497,
          0.369450182390003 -0.9200697437263556 -0.13030053496172497,
          0.38268343236508945 -0.9238795325112868 0.0,
          0.38268343236508945 -0.9238795325112868 0.0,
          -5.539917862428338e-4 -0.9999916658031004 -0.004044924899330373,
          -5.539917862428338e-4 -0.9999916658031004 -0.004044924899330373,
          2.829933948867764e-17 -1.0 0.0,
          2.829933948867764e-17 -1.0 0.0,
          -0.37669955895933405 -0.9221857248655949 0.08758385201599862,
          -0.37669955895933405 -0.9221857248655949 0.08758385201599862,
          -0.3826834323650902 -0.9238795325112866 0.0,
          -0.3826834323650902 -0.9238795325112866 0.0,
          -0.6946478906864472 -0.7030835000848162 0.1521114718663714,
          -0.6946478906864472 -0.7030835000848162 0.1521114718663714,
          -0.7071067811865476 -0.7071067811865475 0.0,
          -0.7071067811865476 -0.7071067811865475 0.0,
          -0.905386807047579 -0.37917139073577927 0.19105964009095422,
          -0.905386807047579 -0.37917139073577927 0.19105964009095422,
          -0.9238795325112863 -0.38268343236509095 0.0,
          -0.9238795325112863 -0.38268343236509095 0.0,
          -0.9789448918181242 -1.9801050996484584e-16 0.20412471379821018,
          -0.9789448918181242 -1.9801050996484584e-16 0.20412471379821018,
          -1.0 -1.8394570667640473e-16 0.0,
          -1.0 -1.8394570667640473e-16 0.0,
          -0.9053868070475791 0.3791713907357791 0.19105964009095422,
          -0.9053868070475791 0.3791713907357791 0.19105964009095422,
          -0.9238795325112863 0.3826834323650908 0.0,
          -0.9238795325112863 0.3826834323650908 0.0,
          -0.694647890686448 0.7030835000848155 0.15211147186637158,
          -0.694647890686448 0.7030835000848155 0.15211147186637158,
          -0.7071067811865482 0.7071067811865468 0.0,
          -0.7071067811865482 0.7071067811865468 0.0,
          -0.37669955895933455 0.9221857248655948 0.08758385201599875,
          -0.37669955895933455 0.9221857248655948 0.08758385201599875,
          -0.3826834323650909 0.9238795325112862 0.0,
          -0.3826834323650909 0.9238795325112862 0.0,
          -5.53991786242494e-4 0.9999916658031004 -0.004044924899330458,
          -5.53991786242494e-4 0.9999916658031004 -0.004044924899330458,
          3.8204108309714817e-16 1.0 0.0,
          3.8204108309714817e-16 1.0 0.0,
          0.36945018239000277 0.9200697437263557 -0.13030053496172483,
          0.36945018239000277 0.9200697437263557 -0.13030053496172483,
          0.3826834323650892 0.923879532511287 0.0,
          0.3826834323650892 0.923879532511287 0.0,
          0.6564542554554976 0.6902001556350085 -0.3044528792042842,
          0.6564542554554976 0.6902001556350085 -0.3044528792042842,
          0.7071067811865462 0.7071067811865488 0.0,
          0.7071067811865462 0.7071067811865488 0.0,
          0.7894672545975423 0.3564645784895289 -0.4996743521539821,
          0.7894672545975423 0.3564645784895289 -0.4996743521539821,
          0.9238795325112864 0.3826834323650908 0.0,
          0.9238795325112864 0.3826834323650908 0.0,
          1.0 9.055788636376844e-16 0.0,
          1.0 9.055788636376844e-16 0.0,
          0.8700221846046781 9.29548525108872e-16 -0.4930125741760585,
          0.8700221846046781 9.29548525108872e-16 -0.4930125741760585,
          0.9238795325112866 -0.3826834323650899 0.0,
          0.9238795325112866 -0.3826834323650899 0.0,
          0.8037956891870185 -0.33294307583829136 -0.49301257417605865,
          0.8037956891870185 -0.33294307583829136 -0.49301257417605865,
          0.7071067811865465 -0.7071067811865486 0.0,
          0.7071067811865465 -0.7071067811865486 0.0,
          0.6151985865167017 -0.6151985865167028 -0.49301257417605815,
          0.6151985865167017 -0.6151985865167028 -0.49301257417605815,
          0.38268343236508945 -0.9238795325112868 0.0,
          0.38268343236508945 -0.9238795325112868 0.0,
          0.3329430758382914 -0.8037956891870188 -0.493012574176058,
          0.3329430758382914 -0.8037956891870188 -0.493012574176058,
          2.829933948867764e-17 -1.0 0.0,
          2.829933948867764e-17 -1.0 0.0,
          -5.633627424902255e-17 -0.8700221846046784 -0.493012574176058,
          -5.633627424902255e-17 -0.8700221846046784 -0.493012574176058,
          -0.3826834323650902 -0.9238795325112866 0.0,
          -0.3826834323650902 -0.9238795325112866 0.0,
          -0.33294307583829197 -0.8037956891870186 -0.4930125741760581,
          -0.33294307583829197 -0.8037956891870186 -0.4930125741760581,
          -0.7071067811865476 -0.7071067811865475 0.0,
          -0.7071067811865476 -0.7071067811865475 0.0,
          -0.615198586516703 -0.6151985865167016 -0.4930125741760581,
          -0.615198586516703 -0.6151985865167016 -0.4930125741760581,
          -0.9238795325112863 -0.38268343236509095 0.0,
          -0.9238795325112863 -0.38268343236509095 0.0,
          -0.803795689187018 -0.3329430758382933 -0.4930125741760581,
          -0.803795689187018 -0.3329430758382933 -0.4930125741760581,
          -1.0 -1.8394570667640473e-16 0.0,
          -1.0 -1.8394570667640473e-16 0.0,
          -0.8700221846046778 -2.253450969960904e-16 -0.49301257417605876,
          -0.8700221846046778 -2.253450969960904e-16 -0.49301257417605876,
          -0.9238795325112863 0.3826834323650908 0.0,
          -0.9238795325112863 0.3826834323650908 0.0,
          -0.8037956891870179 0.3329430758382934 -0.49301257417605826,
          -0.8037956891870179 0.3329430758382934 -0.49301257417605826,
          -0.7071067811865482 0.7071067811865468 0.0,
          -0.7071067811865482 0.7071067811865468 0.0,
          -0.6151985865167034 0.6151985865167009 -0.49301257417605837,
          -0.6151985865167034 0.6151985865167009 -0.49301257417605837,
          -0.3826834323650909 0.9238795325112862 0.0,
          -0.3826834323650909 0.9238795325112862 0.0,
          -0.3329430758382928 0.8037956891870178 -0.49301257417605865,
          -0.3329430758382928 0.8037956891870178 -0.49301257417605865,
          3.8204108309714817e-16 1.0 0.0,
          3.8204108309714817e-16 1.0 0.0,
          1.5492475418481201e-16 0.8700221846046781 -0.49301257417605837,
          1.5492475418481201e-16 0.8700221846046781 -0.49301257417605837,
          0.3826834323650892 0.923879532511287 0.0,
          0.3826834323650892 0.923879532511287 0.0,
          0.3329430758382913 0.8037956891870187 -0.49301257417605826,
          0.3329430758382913 0.8037956891870187 -0.49301257417605826,
          0.7071067811865462 0.7071067811865488 0.0,
          0.7071067811865462 0.7071067811865488 0.0,
          0.6151985865167017 0.6151985865167027 -0.49301257417605837,
          0.6151985865167017 0.6151985865167027 -0.49301257417605837,
          0.9238795325112864 0.3826834323650908 0.0,
          0.9238795325112864 0.3826834323650908 0.0,
          0.8037956891870184 0.33294307583829186 -0.4930125741760585,
          0.8037956891870184 0.33294307583829186 -0.4930125741760585,
          0.8700221846046781 9.29548525108872e-16 -0.4930125741760585,
          0.8700221846046781 9.29548525108872e-16 -0.4930125741760585,
          -1.005854504237812e-16 -1.6921578347986913e-17 -1.0,
          0.8037956891870185 -0.33294307583829136 -0.49301257417605865,
          0.8037956891870185 -0.33294307583829136 -0.49301257417605865,
          -1.005854504237812e-16 -1.6921578347986913e-17 -1.0,
          0.6151985865167017 -0.6151985865167028 -0.49301257417605815,
          0.6151985865167017 -0.6151985865167028 -0.49301257417605815,
          -1.005854504237812e-16 -1.6921578347986913e-17 -1.0,
          0.3329430758382914 -0.8037956891870188 -0.493012574176058,
          0.3329430758382914 -0.8037956891870188 -0.493012574176058,
          -1.005854504237812e-16 -1.6921578347986913e-17 -1.0,
          -5.633627424902255e-17 -0.8700221846046784 -0.493012574176058,
          -5.633627424902255e-17 -0.8700221846046784 -0.493012574176058,
          -1.005854504237812e-16 -1.6921578347986913e-17 -1.0,
          -0.33294307583829197 -0.8037956891870186 -0.4930125741760581,
          -0.33294307583829197 -0.8037956891870186 -0.4930125741760581,
          -1.005854504237812e-16 -1.6921578347986913e-17 -1.0,
          -0.615198586516703 -0.6151985865167016 -0.4930125741760581,
          -0.615198586516703 -0.6151985865167016 -0.4930125741760581,
          -1.005854504237812e-16 -1.6921578347986913e-17 -1.0,
          -0.803795689187018 -0.3329430758382933 -0.4930125741760581,
          -0.803795689187018 -0.3329430758382933 -0.4930125741760581,
          -1.005854504237812e-16 -1.6921578347986913e-17 -1.0,
          -0.8700221846046778 -2.253450969960904e-16 -0.49301257417605876,
          -0.8700221846046778 -2.253450969960904e-16 -0.49301257417605876,
          -1.005854504237812e-16 -1.6921578347986913e-17 -1.0,
          -0.8037956891870179 0.3329430758382934 -0.49301257417605826,
          -0.8037956891870179 0.3329430758382934 -0.49301257417605826,
          -1.005854504237812e-16 -1.6921578347986913e-17 -1.0,
          -0.6151985865167034 0.6151985865167009 -0.49301257417605837,
          -0.6151985865167034 0.6151985865167009 -0.49301257417605837,
          -1.005854504237812e-16 -1.6921578347986913e-17 -1.0,
          -0.3329430758382928 0.8037956891870178 -0.49301257417605865,
          -0.3329430758382928 0.8037956891870178 -0.49301257417605865,
          -1.005854504237812e-16 -1.6921578347986913e-17 -1.0,
          1.5492475418481201e-16 0.8700221846046781 -0.49301257417605837,
          1.5492475418481201e-16 0.8700221846046781 -0.49301257417605837,
          -1.005854504237812e-16 -1.6921578347986913e-17 -1.0,
          0.3329430758382913 0.8037956891870187 -0.49301257417605826,
          0.3329430758382913 0.8037956891870187 -0.49301257417605826,
          -1.005854504237812e-16 -1.6921578347986913e-17 -1.0,
          0.6151985865167017 0.6151985865167027 -0.49301257417605837,
          0.6151985865167017 0.6151985865167027 -0.49301257417605837,
          -1.005854504237812e-16 -1.6921578347986913e-17 -1.0,
          0.8037956891870184 0.33294307583829186 -0.4930125741760585,
          0.8037956891870184 0.33294307583829186 -0.4930125741760585,
          -1.005854504237812e-16 -1.6921578347986913e-17 -1.0 ] }
        normalIndex [
          291, 295, 359, 355, -1,
          293, 352, 490, 487, -1,
          290, 354, 414, 350, -1,
          292, 486, 482, 296, -1,
          294, 299, 363, 358, -1,
          297, 483, 543, 301, -1,
          298, 303, 367, 362, -1,
          300, 542, 539, 305, -1,
          302, 307, 371, 366, -1,
          304, 538, 535, 309, -1,
          306, 311, 375, 370, -1,
          308, 534, 531, 313, -1,
          310, 315, 379, 374, -1,
          312, 530, 527, 317, -1,
          314, 319, 383, 378, -1,
          316, 526, 523, 321, -1,
          318, 323, 387, 382, -1,
          320, 522, 519, 325, -1,
          322, 327, 391, 386, -1,
          324, 518, 515, 329, -1,
          326, 331, 395, 390, -1,
          328, 514, 511, 333, -1,
          330, 335, 399, 394, -1,
          332, 510, 507, 337, -1,
          334, 339, 403, 398, -1,
          336, 506, 503, 341, -1,
          338, 343, 407, 402, -1,
          340, 502, 499, 345, -1,
          342, 347, 411, 406, -1,
          344, 498, 495, 349, -1,
          346, 351, 415, 410, -1,
          348, 494, 491, 353, -1,
          356, 360, 422, 418, -1,
          357, 419, 479, 417, -1,
          361, 364, 426, 423, -1,
          365, 368, 430, 427, -1,
          369, 372, 434, 431, -1,
          373, 376, 438, 435, -1,
          377, 380, 442, 439, -1,
          381, 384, 446, 443, -1,
          385, 388, 450, 447, -1,
          389, 392, 454, 451, -1,
          393, 396, 458, 455, -1,
          397, 400, 462, 459, -1,
          401, 404, 466, 463, -1,
          405, 408, 470, 467, -1,
          409, 412, 474, 471, -1,
          413, 416, 478, 475, -1,
          420, 424, 549, 546, -1,
          421, 547, 592, 481, -1,
          425, 428, 552, 550, -1,
          429, 432, 555, 553, -1,
          433, 436, 558, 556, -1,
          437, 440, 561, 559, -1,
          441, 444, 564, 562, -1,
          445, 448, 567, 565, -1,
          449, 452, 570, 568, -1,
          453, 456, 573, 571, -1,
          457, 460, 576, 574, -1,
          461, 464, 579, 577, -1,
          465, 468, 582, 580, -1,
          469, 472, 585, 583, -1,
          473, 476, 588, 586, -1,
          477, 480, 591, 589, -1,
          484, 488, 597, 594, -1,
          485, 595, 640, 545, -1,
          489, 492, 600, 598, -1,
          493, 496, 603, 601, -1,
          497, 500, 606, 604, -1,
          501, 504, 609, 607, -1,
          505, 508, 612, 610, -1,
          509, 512, 615, 613, -1,
          513, 516, 618, 616, -1,
          517, 520, 621, 619, -1,
          521, 524, 624, 622, -1,
          525, 528, 627, 625, -1,
          529, 532, 630, 628, -1,
          533, 536, 633, 631, -1,
          537, 540, 636, 634, -1,
          541, 544, 639, 637, -1,
          548, 551, 554, 557, 560, 563, 566, 569, 572, 575, 578, 581, 584, 587, 590, 593, -1,
          596, 599, 602, 605, 608, 611, 614, 617, 620, 623, 626, 629, 632, 635, 638, 641, -1,
          643, 647, 711, 707, -1,
          645, 705, 128, 113, -1,
          642, 706, 766, 702, -1,
          644, 113, 114, 648, -1,
          646, 651, 715, 710, -1,
          649, 114, 115, 652, -1,
          650, 655, 719, 714, -1,
          653, 115, 116, 656, -1,
          654, 659, 723, 718, -1,
          657, 116, 117, 660, -1,
          658, 663, 727, 722, -1,
          661, 117, 118, 664, -1,
          662, 667, 731, 726, -1,
          665, 118, 119, 668, -1,
          666, 671, 735, 730, -1,
          669, 119, 120, 672, -1,
          670, 675, 739, 734, -1,
          673, 120, 121, 676, -1,
          674, 679, 743, 738, -1,
          677, 121, 122, 680, -1,
          678, 683, 747, 742, -1,
          681, 122, 123, 684, -1,
          682, 687, 751, 746, -1,
          685, 123, 124, 688, -1,
          686, 691, 755, 750, -1,
          689, 124, 125, 692, -1,
          690, 695, 759, 754, -1,
          693, 125, 126, 696, -1,
          694, 699, 763, 758, -1,
          697, 126, 127, 700, -1,
          698, 703, 767, 762, -1,
          701, 127, 128, 704, -1,
          0, 1, 112, -1,
          0, 15, 31, 16, -1,
          0, 16, 17, 1, -1,
          0, 112, 15, -1,
          1, 2, 112, -1,
          1, 17, 18, 2, -1,
          2, 3, 112, -1,
          2, 18, 19, 3, -1,
          3, 4, 112, -1,
          3, 19, 20, 4, -1,
          4, 5, 112, -1,
          4, 20, 21, 5, -1,
          5, 6, 112, -1,
          5, 21, 22, 6, -1,
          6, 7, 112, -1,
          6, 22, 23, 7, -1,
          7, 8, 112, -1,
          7, 23, 24, 8, -1,
          8, 9, 112, -1,
          8, 24, 25, 9, -1,
          9, 10, 112, -1,
          9, 25, 26, 10, -1,
          10, 11, 112, -1,
          10, 26, 27, 11, -1,
          11, 12, 112, -1,
          11, 27, 28, 12, -1,
          12, 13, 112, -1,
          12, 28, 29, 13, -1,
          13, 14, 112, -1,
          13, 29, 30, 14, -1,
          14, 15, 112, -1,
          14, 30, 31, 15, -1,
          16, 31, 47, 32, -1,
          16, 32, 33, 17, -1,
          17, 33, 34, 18, -1,
          18, 34, 35, 19, -1,
          19, 35, 36, 20, -1,
          20, 36, 37, 21, -1,
          21, 37, 38, 22, -1,
          22, 38, 39, 23, -1,
          23, 39, 40, 24, -1,
          24, 40, 41, 25, -1,
          25, 41, 42, 26, -1,
          26, 42, 43, 27, -1,
          27, 43, 44, 28, -1,
          28, 44, 45, 29, -1,
          29, 45, 46, 30, -1,
          30, 46, 47, 31, -1,
          32, 47, 63, 48, -1,
          32, 48, 49, 33, -1,
          33, 49, 50, 34, -1,
          34, 50, 51, 35, -1,
          35, 51, 52, 36, -1,
          36, 52, 53, 37, -1,
          37, 53, 54, 38, -1,
          38, 54, 55, 39, -1,
          39, 55, 56, 40, -1,
          40, 56, 57, 41, -1,
          41, 57, 58, 42, -1,
          42, 58, 59, 43, -1,
          43, 59, 60, 44, -1,
          44, 60, 61, 45, -1,
          45, 61, 62, 46, -1,
          46, 62, 63, 47, -1,
          48, 63, 79, 64, -1,
          48, 64, 65, 49, -1,
          49, 65, 66, 50, -1,
          50, 66, 67, 51, -1,
          51, 67, 68, 52, -1,
          52, 68, 69, 53, -1,
          53, 69, 70, 54, -1,
          54, 70, 71, 55, -1,
          55, 71, 72, 56, -1,
          56, 72, 73, 57, -1,
          57, 73, 74, 58, -1,
          58, 74, 75, 59, -1,
          59, 75, 76, 60, -1,
          60, 76, 77, 61, -1,
          61, 77, 78, 62, -1,
          62, 78, 79, 63, -1,
          64, 79, 95, 80, -1,
          64, 80, 81, 65, -1,
          65, 81, 82, 66, -1,
          66, 82, 83, 67, -1,
          67, 83, 84, 68, -1,
          68, 84, 85, 69, -1,
          69, 85, 86, 70, -1,
          70, 86, 87, 71, -1,
          71, 87, 88, 72, -1,
          72, 88, 89, 73, -1,
          73, 89, 90, 74, -1,
          74, 90, 91, 75, -1,
          75, 91, 92, 76, -1,
          76, 92, 93, 77, -1,
          77, 93, 94, 78, -1,
          78, 94, 95, 79, -1,
          80, 95, 111, 96, -1,
          80, 96, 97, 81, -1,
          81, 97, 98, 82, -1,
          82, 98, 99, 83, -1,
          83, 99, 100, 84, -1,
          84, 100, 101, 85, -1,
          85, 101, 102, 86, -1,
          86, 102, 103, 87, -1,
          87, 103, 104, 88, -1,
          88, 104, 105, 89, -1,
          89, 105, 106, 90, -1,
          90, 106, 107, 91, -1,
          91, 107, 108, 92, -1,
          92, 108, 109, 93, -1,
          93, 109, 110, 94, -1,
          94, 110, 111, 95, -1,
          96, 111, 769, 709, -1,
          96, 708, 712, 97, -1,
          97, 713, 716, 98, -1,
          98, 717, 720, 99, -1,
          99, 721, 724, 100, -1,
          100, 725, 728, 101, -1,
          101, 729, 732, 102, -1,
          102, 733, 736, 103, -1,
          103, 737, 740, 104, -1,
          104, 741, 744, 105, -1,
          105, 745, 748, 106, -1,
          106, 749, 752, 107, -1,
          107, 753, 756, 108, -1,
          108, 757, 760, 109, -1,
          109, 761, 764, 110, -1,
          110, 765, 768, 111, -1,
          113, 128, 144, 129, -1,
          113, 129, 130, 114, -1,
          114, 130, 131, 115, -1,
          115, 131, 132, 116, -1,
          116, 132, 133, 117, -1,
          117, 133, 134, 118, -1,
          118, 134, 135, 119, -1,
          119, 135, 136, 120, -1,
          120, 136, 137, 121, -1,
          121, 137, 138, 122, -1,
          122, 138, 139, 123, -1,
          123, 139, 140, 124, -1,
          124, 140, 141, 125, -1,
          125, 141, 142, 126, -1,
          126, 142, 143, 127, -1,
          127, 143, 144, 128, -1,
          129, 144, 831, 771, -1,
          129, 770, 774, 130, -1,
          130, 775, 778, 131, -1,
          131, 779, 782, 132, -1,
          132, 783, 786, 133, -1,
          133, 787, 790, 134, -1,
          134, 791, 794, 135, -1,
          135, 795, 798, 136, -1,
          136, 799, 802, 137, -1,
          137, 803, 806, 138, -1,
          138, 807, 810, 139, -1,
          139, 811, 814, 140, -1,
          140, 815, 818, 141, -1,
          141, 819, 822, 142, -1,
          142, 823, 826, 143, -1,
          143, 827, 830, 144, -1,
          773, 833, 895, 835, -1,
          772, 834, 838, 776, -1,
          777, 839, 842, 780, -1,
          781, 843, 846, 784, -1,
          785, 847, 850, 788, -1,
          789, 851, 854, 792, -1,
          793, 855, 858, 796, -1,
          797, 859, 862, 800, -1,
          801, 863, 866, 804, -1,
          805, 867, 870, 808, -1,
          809, 871, 874, 812, -1,
          813, 875, 878, 816, -1,
          817, 879, 882, 820, -1,
          821, 883, 886, 824, -1,
          825, 887, 890, 828, -1,
          829, 891, 894, 832, -1,
          837, 897, 944, 899, -1,
          836, 898, 901, 840, -1,
          841, 902, 904, 844, -1,
          845, 905, 907, 848, -1,
          849, 908, 910, 852, -1,
          853, 911, 913, 856, -1,
          857, 914, 916, 860, -1,
          861, 917, 919, 864, -1,
          865, 920, 922, 868, -1,
          869, 923, 925, 872, -1,
          873, 926, 928, 876, -1,
          877, 929, 931, 880, -1,
          881, 932, 934, 884, -1,
          885, 935, 937, 888, -1,
          889, 938, 940, 892, -1,
          893, 941, 943, 896, -1,
          900, 945, 942, 939, 936, 933, 930, 927, 924, 921, 918, 915, 912, 909, 906, 903, -1,
          948, 952, 259, 258, -1,
          946, 1006, 1070, 1010, -1,
          947, 1011, 1015, 951, -1,
          949, 258, 273, 1009, -1,
          953, 956, 260, 259, -1,
          950, 1014, 1019, 955, -1,
          957, 960, 261, 260, -1,
          954, 1018, 1023, 959, -1,
          961, 964, 262, 261, -1,
          958, 1022, 1027, 963, -1,
          965, 968, 263, 262, -1,
          962, 1026, 1031, 967, -1,
          969, 972, 264, 263, -1,
          966, 1030, 1035, 971, -1,
          973, 976, 265, 264, -1,
          970, 1034, 1039, 975, -1,
          977, 980, 266, 265, -1,
          974, 1038, 1043, 979, -1,
          981, 984, 267, 266, -1,
          978, 1042, 1047, 983, -1,
          985, 988, 268, 267, -1,
          982, 1046, 1051, 987, -1,
          989, 992, 269, 268, -1,
          986, 1050, 1055, 991, -1,
          993, 996, 270, 269, -1,
          990, 1054, 1059, 995, -1,
          997, 1000, 271, 270, -1,
          994, 1058, 1063, 999, -1,
          1001, 1004, 272, 271, -1,
          998, 1062, 1067, 1003, -1,
          1005, 1008, 273, 272, -1,
          1002, 1066, 1071, 1007, -1,
          145, 146, 162, 161, -1,
          145, 160, 257, -1,
          145, 161, 176, 160, -1,
          145, 257, 146, -1,
          146, 147, 163, 162, -1,
          146, 257, 147, -1,
          147, 148, 164, 163, -1,
          147, 257, 148, -1,
          148, 149, 165, 164, -1,
          148, 257, 149, -1,
          149, 150, 166, 165, -1,
          149, 257, 150, -1,
          150, 151, 167, 166, -1,
          150, 257, 151, -1,
          151, 152, 168, 167, -1,
          151, 257, 152, -1,
          152, 153, 169, 168, -1,
          152, 257, 153, -1,
          153, 154, 170, 169, -1,
          153, 257, 154, -1,
          154, 155, 171, 170, -1,
          154, 257, 155, -1,
          155, 156, 172, 171, -1,
          155, 257, 156, -1,
          156, 157, 173, 172, -1,
          156, 257, 157, -1,
          157, 158, 174, 173, -1,
          157, 257, 158, -1,
          158, 159, 175, 174, -1,
          158, 257, 159, -1,
          159, 160, 176, 175, -1,
          159, 257, 160, -1,
          161, 162, 178, 177, -1,
          161, 177, 192, 176, -1,
          162, 163, 179, 178, -1,
          163, 164, 180, 179, -1,
          164, 165, 181, 180, -1,
          165, 166, 182, 181, -1,
          166, 167, 183, 182, -1,
          167, 168, 184, 183, -1,
          168, 169, 185, 184, -1,
          169, 170, 186, 185, -1,
          170, 171, 187, 186, -1,
          171, 172, 188, 187, -1,
          172, 173, 189, 188, -1,
          173, 174, 190, 189, -1,
          174, 175, 191, 190, -1,
          175, 176, 192, 191, -1,
          177, 178, 194, 193, -1,
          177, 193, 208, 192, -1,
          178, 179, 195, 194, -1,
          179, 180, 196, 195, -1,
          180, 181, 197, 196, -1,
          181, 182, 198, 197, -1,
          182, 183, 199, 198, -1,
          183, 184, 200, 199, -1,
          184, 185, 201, 200, -1,
          185, 186, 202, 201, -1,
          186, 187, 203, 202, -1,
          187, 188, 204, 203, -1,
          188, 189, 205, 204, -1,
          189, 190, 206, 205, -1,
          190, 191, 207, 206, -1,
          191, 192, 208, 207, -1,
          193, 194, 210, 209, -1,
          193, 209, 224, 208, -1,
          194, 195, 211, 210, -1,
          195, 196, 212, 211, -1,
          196, 197, 213, 212, -1,
          197, 198, 214, 213, -1,
          198, 199, 215, 214, -1,
          199, 200, 216, 215, -1,
          200, 201, 217, 216, -1,
          201, 202, 218, 217, -1,
          202, 203, 219, 218, -1,
          203, 204, 220, 219, -1,
          204, 205, 221, 220, -1,
          205, 206, 222, 221, -1,
          206, 207, 223, 222, -1,
          207, 208, 224, 223, -1,
          209, 210, 226, 225, -1,
          209, 225, 240, 224, -1,
          210, 211, 227, 226, -1,
          211, 212, 228, 227, -1,
          212, 213, 229, 228, -1,
          213, 214, 230, 229, -1,
          214, 215, 231, 230, -1,
          215, 216, 232, 231, -1,
          216, 217, 233, 232, -1,
          217, 218, 234, 233, -1,
          218, 219, 235, 234, -1,
          219, 220, 236, 235, -1,
          220, 221, 237, 236, -1,
          221, 222, 238, 237, -1,
          222, 223, 239, 238, -1,
          223, 224, 240, 239, -1,
          225, 226, 242, 241, -1,
          225, 241, 256, 240, -1,
          226, 227, 243, 242, -1,
          227, 228, 244, 243, -1,
          228, 229, 245, 244, -1,
          229, 230, 246, 245, -1,
          230, 231, 247, 246, -1,
          231, 232, 248, 247, -1,
          232, 233, 249, 248, -1,
          233, 234, 250, 249, -1,
          234, 235, 251, 250, -1,
          235, 236, 252, 251, -1,
          236, 237, 253, 252, -1,
          237, 238, 254, 253, -1,
          238, 239, 255, 254, -1,
          239, 240, 256, 255, -1,
          241, 242, 1016, 1012, -1,
          241, 1013, 1073, 256, -1,
          242, 243, 1020, 1017, -1,
          243, 244, 1024, 1021, -1,
          244, 245, 1028, 1025, -1,
          245, 246, 1032, 1029, -1,
          246, 247, 1036, 1033, -1,
          247, 248, 1040, 1037, -1,
          248, 249, 1044, 1041, -1,
          249, 250, 1048, 1045, -1,
          250, 251, 1052, 1049, -1,
          251, 252, 1056, 1053, -1,
          252, 253, 1060, 1057, -1,
          253, 254, 1064, 1061, -1,
          254, 255, 1068, 1065, -1,
          255, 256, 1072, 1069, -1,
          258, 259, 275, 274, -1,
          258, 274, 289, 273, -1,
          259, 260, 276, 275, -1,
          260, 261, 277, 276, -1,
          261, 262, 278, 277, -1,
          262, 263, 279, 278, -1,
          263, 264, 280, 279, -1,
          264, 265, 281, 280, -1,
          265, 266, 282, 281, -1,
          266, 267, 283, 282, -1,
          267, 268, 284, 283, -1,
          268, 269, 285, 284, -1,
          269, 270, 286, 285, -1,
          270, 271, 287, 286, -1,
          271, 272, 288, 287, -1,
          272, 273, 289, 288, -1,
          274, 275, 1078, 1074, -1,
          274, 1075, 1135, 289, -1,
          275, 276, 1082, 1079, -1,
          276, 277, 1086, 1083, -1,
          277, 278, 1090, 1087, -1,
          278, 279, 1094, 1091, -1,
          279, 280, 1098, 1095, -1,
          280, 281, 1102, 1099, -1,
          281, 282, 1106, 1103, -1,
          282, 283, 1110, 1107, -1,
          283, 284, 1114, 1111, -1,
          284, 285, 1118, 1115, -1,
          285, 286, 1122, 1119, -1,
          286, 287, 1126, 1123, -1,
          287, 288, 1130, 1127, -1,
          288, 289, 1134, 1131, -1,
          1076, 1080, 1142, 1138, -1,
          1077, 1139, 1199, 1137, -1,
          1081, 1084, 1146, 1143, -1,
          1085, 1088, 1150, 1147, -1,
          1089, 1092, 1154, 1151, -1,
          1093, 1096, 1158, 1155, -1,
          1097, 1100, 1162, 1159, -1,
          1101, 1104, 1166, 1163, -1,
          1105, 1108, 1170, 1167, -1,
          1109, 1112, 1174, 1171, -1,
          1113, 1116, 1178, 1175, -1,
          1117, 1120, 1182, 1179, -1,
          1121, 1124, 1186, 1183, -1,
          1125, 1128, 1190, 1187, -1,
          1129, 1132, 1194, 1191, -1,
          1133, 1136, 1198, 1195, -1,
          1140, 1144, 1205, 1202, -1,
          1141, 1203, 1248, 1201, -1,
          1145, 1148, 1208, 1206, -1,
          1149, 1152, 1211, 1209, -1,
          1153, 1156, 1214, 1212, -1,
          1157, 1160, 1217, 1215, -1,
          1161, 1164, 1220, 1218, -1,
          1165, 1168, 1223, 1221, -1,
          1169, 1172, 1226, 1224, -1,
          1173, 1176, 1229, 1227, -1,
          1177, 1180, 1232, 1230, -1,
          1181, 1184, 1235, 1233, -1,
          1185, 1188, 1238, 1236, -1,
          1189, 1192, 1241, 1239, -1,
          1193, 1196, 1244, 1242, -1,
          1197, 1200, 1247, 1245, -1,
          1204, 1207, 1210, 1213, 1216, 1219, 1222, 1225, 1228, 1231, 1234, 1237, 1240, 1243, 1246, 1249, -1 ]
      }
    }
  ]
}

