#VRML V2.0 utf8
#Exported from Wings 3D 2.4.1
DEF Cylinder7_copy8 Transform {
  children [
    Shape {
      appearance Appearance {
        material DEF pins Material {
          diffuseColor 0.6 0.6 0.6
          emissiveColor 0.0 0.0 0.0
          specularColor 0.5999999905136262 0.5999999905136262 0.5999999905136262
          ambientIntensity 1.0
          transparency 0.0
          shininess 0.5
        }
      }
      geometry IndexedFaceSet {
        normalPerVertex TRUE
        coord Coordinate {
          point [
            2.24659933465 -1.29920044094 1.0,
            2.2344200598518054 -1.3604297901184144 1.0,
            2.199736419639848 -1.4123375259298476 1.0,
            2.147828683828414 -1.4470211661418058 1.0,
            2.08659933465 -1.45920044094 1.0,
            2.0253699854715856 -1.4470211661418058 1.0,
            1.9734622496601524 -1.4123375259298476 1.0,
            1.938778609448194 -1.3604297901184144 1.0,
            1.9265993346499999 -1.29920044094 1.0,
            1.938778609448194 -1.2379710917615856 1.0,
            1.9734622496601524 -1.1860633559501523 1.0,
            2.0253699854715856 -1.151379715738194 1.0,
            2.08659933465 -1.1392004409399998 1.0,
            2.147828683828414 -1.151379715738194 1.0,
            2.199736419639848 -1.1860633559501523 1.0,
            2.2344200598518054 -1.2379710917615854 1.0,
            2.24659933465 -1.29920044094 -1.0,
            2.2344200598518054 -1.3604297901184144 -1.0,
            2.199736419639848 -1.4123375259298476 -1.0,
            2.147828683828414 -1.447021166141806 -1.0,
            2.08659933465 -1.4592004409400001 -1.0,
            2.0253699854715856 -1.447021166141806 -1.0,
            1.9734622496601524 -1.4123375259298476 -1.0,
            1.938778609448194 -1.3604297901184144 -1.0,
            1.9265993346499999 -1.29920044094 -1.0,
            1.938778609448194 -1.2379710917615856 -1.0,
            1.9734622496601524 -1.1860633559501523 -1.0,
            2.0253699854715856 -1.1513797157381942 -1.0,
            2.08659933465 -1.13920044094 -1.0,
            2.147828683828414 -1.1513797157381942 -1.0,
            2.199736419639848 -1.1860633559501523 -1.0,
            2.2344200598518054 -1.2379710917615856 -1.0 ]
        }
        coordIndex [
          0, 1, 17, 16, -1,
          0, 15, 14, 13, 12, 11, 10, 9, 8, 7, 6, 5, 4, 3, 2, 1, -1,
          0, 16, 31, 15, -1,
          1, 2, 18, 17, -1,
          2, 3, 19, 18, -1,
          3, 4, 20, 19, -1,
          4, 5, 21, 20, -1,
          5, 6, 22, 21, -1,
          6, 7, 23, 22, -1,
          7, 8, 24, 23, -1,
          8, 9, 25, 24, -1,
          9, 10, 26, 25, -1,
          10, 11, 27, 26, -1,
          11, 12, 28, 27, -1,
          12, 13, 29, 28, -1,
          13, 14, 30, 29, -1,
          14, 15, 31, 30, -1,
          16, 17, 18, 19, 20, 21, 22, 23, 24, 25, 26, 27, 28, 29, 30, 31, -1 ]
        normal Normal {
          vector [
            0.0 0.0 1.0,
            1.0 -1.8394570667640493e-16 -5.533509394562759e-18,
            1.0 -1.8394570667640493e-16 -5.533509394562759e-18,
            0.0 0.0 1.0,
            0.9238795325112875 -0.38268343236508806 0.0,
            0.9238795325112875 -0.38268343236508806 0.0,
            0.0 0.0 1.0,
            0.7071067811865491 -0.707106781186546 2.346207983294598e-17,
            0.7071067811865491 -0.707106781186546 2.346207983294598e-17,
            0.0 0.0 1.0,
            0.3826834323650872 -0.9238795325112878 7.901851415435628e-17,
            0.3826834323650872 -0.9238795325112878 7.901851415435628e-17,
            0.0 0.0 1.0,
            0.0 -1.0 1.111128686428208e-16,
            0.0 -1.0 1.111128686428208e-16,
            0.0 0.0 1.0,
            -0.3826834323650899 -0.9238795325112867 7.901851415435653e-17,
            -0.3826834323650899 -0.9238795325112867 7.901851415435653e-17,
            0.0 0.0 1.0,
            -0.707106781186547 -0.707106781186548 2.3462079832946148e-17,
            -0.707106781186547 -0.707106781186548 2.3462079832946148e-17,
            0.0 0.0 1.0,
            -0.9238795325112865 -0.3826834323650902 0.0,
            -0.9238795325112865 -0.3826834323650902 0.0,
            0.0 0.0 1.0,
            -1.0 0.0 0.0,
            -1.0 0.0 0.0,
            0.0 0.0 1.0,
            -0.9238795325112865 0.3826834323650902 0.0,
            -0.9238795325112865 0.3826834323650902 0.0,
            0.0 0.0 1.0,
            -0.707106781186547 0.707106781186548 -2.3462079832946148e-17,
            -0.707106781186547 0.707106781186548 -2.3462079832946148e-17,
            0.0 0.0 1.0,
            -0.3826834323650899 0.9238795325112867 -7.901851415435653e-17,
            -0.3826834323650899 0.9238795325112867 -7.901851415435653e-17,
            0.0 0.0 1.0,
            0.0 1.0 -1.111128686428208e-16,
            0.0 1.0 -1.111128686428208e-16,
            0.0 0.0 1.0,
            0.3826834323650872 0.9238795325112878 -7.901851415435628e-17,
            0.3826834323650872 0.9238795325112878 -7.901851415435628e-17,
            0.0 0.0 1.0,
            0.7071067811865487 0.7071067811865464 -3.9398586889286917e-17,
            0.7071067811865487 0.7071067811865464 -3.9398586889286917e-17,
            0.0 0.0 1.0,
            0.9238795325112873 0.3826834323650884 -2.147001645090363e-17,
            0.9238795325112873 0.3826834323650884 -2.147001645090363e-17,
            0.0 0.0 -1.0,
            1.0 -1.8394570667640493e-16 -5.533509394562759e-18,
            1.0 -1.8394570667640493e-16 -5.533509394562759e-18,
            0.0 0.0 -1.0,
            0.9238795325112875 -0.38268343236508806 0.0,
            0.9238795325112875 -0.38268343236508806 0.0,
            0.0 0.0 -1.0,
            0.7071067811865491 -0.707106781186546 2.346207983294598e-17,
            0.7071067811865491 -0.707106781186546 2.346207983294598e-17,
            0.0 0.0 -1.0,
            0.3826834323650872 -0.9238795325112878 7.901851415435628e-17,
            0.3826834323650872 -0.9238795325112878 7.901851415435628e-17,
            0.0 0.0 -1.0,
            0.0 -1.0 1.111128686428208e-16,
            0.0 -1.0 1.111128686428208e-16,
            0.0 0.0 -1.0,
            -0.3826834323650899 -0.9238795325112867 7.901851415435653e-17,
            -0.3826834323650899 -0.9238795325112867 7.901851415435653e-17,
            0.0 0.0 -1.0,
            -0.707106781186547 -0.707106781186548 2.3462079832946148e-17,
            -0.707106781186547 -0.707106781186548 2.3462079832946148e-17,
            0.0 0.0 -1.0,
            -0.9238795325112865 -0.3826834323650902 0.0,
            -0.9238795325112865 -0.3826834323650902 0.0,
            0.0 0.0 -1.0,
            -1.0 0.0 0.0,
            -1.0 0.0 0.0,
            0.0 0.0 -1.0,
            -0.9238795325112865 0.3826834323650902 0.0,
            -0.9238795325112865 0.3826834323650902 0.0,
            0.0 0.0 -1.0,
            -0.707106781186547 0.707106781186548 -2.3462079832946148e-17,
            -0.707106781186547 0.707106781186548 -2.3462079832946148e-17,
            0.0 0.0 -1.0,
            -0.3826834323650899 0.9238795325112867 -7.901851415435653e-17,
            -0.3826834323650899 0.9238795325112867 -7.901851415435653e-17,
            0.0 0.0 -1.0,
            0.0 1.0 -1.111128686428208e-16,
            0.0 1.0 -1.111128686428208e-16,
            0.0 0.0 -1.0,
            0.3826834323650872 0.9238795325112878 -7.901851415435628e-17,
            0.3826834323650872 0.9238795325112878 -7.901851415435628e-17,
            0.0 0.0 -1.0,
            0.7071067811865487 0.7071067811865464 -3.9398586889286917e-17,
            0.7071067811865487 0.7071067811865464 -3.9398586889286917e-17,
            0.0 0.0 -1.0,
            0.9238795325112873 0.3826834323650884 -2.147001645090363e-17,
            0.9238795325112873 0.3826834323650884 -2.147001645090363e-17 ]
        }
        normalIndex [
          2, 5, 53, 50, -1,
          0, 45, 42, 39, 36, 33, 30, 27, 24, 21, 18, 15, 12, 9, 6, 3, -1,
          1, 49, 94, 46, -1,
          4, 8, 56, 52, -1,
          7, 11, 59, 55, -1,
          10, 14, 62, 58, -1,
          13, 17, 65, 61, -1,
          16, 20, 68, 64, -1,
          19, 23, 71, 67, -1,
          22, 26, 74, 70, -1,
          25, 29, 77, 73, -1,
          28, 32, 80, 76, -1,
          31, 35, 83, 79, -1,
          34, 38, 86, 82, -1,
          37, 41, 89, 85, -1,
          40, 44, 92, 88, -1,
          43, 47, 95, 91, -1,
          48, 51, 54, 57, 60, 63, 66, 69, 72, 75, 78, 81, 84, 87, 90, 93, -1 ]
      }
    }

  ]
}

DEF Cylinder7 Transform {
  children [
    Shape {
      appearance Appearance {
        material USE pins
      }
      geometry IndexedFaceSet {
        normalPerVertex TRUE
        coord Coordinate {
          point [
            -1.92659983465 1.29920044094 1.0,
            -1.938779109448194 1.2379710917615856 1.0,
            -1.9734627496601524 1.1860633559501523 1.0,
            -2.0253704854715853 1.1513797157381942 1.0,
            -2.0865998346500003 1.13920044094 1.0,
            -2.1478291838284145 1.1513797157381942 1.0,
            -2.1997369196398475 1.1860633559501523 1.0,
            -2.234420559851806 1.2379710917615856 1.0,
            -2.2465998346499996 1.29920044094 1.0,
            -2.234420559851806 1.3604297901184144 1.0,
            -2.1997369196398475 1.4123375259298476 1.0,
            -2.1478291838284145 1.447021166141806 1.0,
            -2.0865998346500003 1.4592004409400001 1.0,
            -2.0253704854715853 1.447021166141806 1.0,
            -1.9734627496601524 1.4123375259298476 1.0,
            -1.938779109448194 1.3604297901184146 1.0,
            -1.92659983465 1.29920044094 -1.0,
            -1.938779109448194 1.2379710917615856 -1.0,
            -1.9734627496601524 1.1860633559501523 -1.0,
            -2.0253704854715853 1.151379715738194 -1.0,
            -2.0865998346500003 1.1392004409399998 -1.0,
            -2.1478291838284145 1.151379715738194 -1.0,
            -2.1997369196398475 1.1860633559501523 -1.0,
            -2.234420559851806 1.2379710917615856 -1.0,
            -2.2465998346499996 1.29920044094 -1.0,
            -2.234420559851806 1.3604297901184144 -1.0,
            -2.1997369196398475 1.4123375259298476 -1.0,
            -2.1478291838284145 1.4470211661418058 -1.0,
            -2.0865998346500003 1.45920044094 -1.0,
            -2.0253704854715853 1.4470211661418058 -1.0,
            -1.9734627496601524 1.4123375259298476 -1.0,
            -1.938779109448194 1.3604297901184144 -1.0 ]
        }
        coordIndex [
          0, 1, 17, 16, -1,
          0, 15, 14, 13, 12, 11, 10, 9, 8, 7, 6, 5, 4, 3, 2, 1, -1,
          0, 16, 31, 15, -1,
          1, 2, 18, 17, -1,
          2, 3, 19, 18, -1,
          3, 4, 20, 19, -1,
          4, 5, 21, 20, -1,
          5, 6, 22, 21, -1,
          6, 7, 23, 22, -1,
          7, 8, 24, 23, -1,
          8, 9, 25, 24, -1,
          9, 10, 26, 25, -1,
          10, 11, 27, 26, -1,
          11, 12, 28, 27, -1,
          12, 13, 29, 28, -1,
          13, 14, 30, 29, -1,
          14, 15, 31, 30, -1,
          16, 17, 18, 19, 20, 21, 22, 23, 24, 25, 26, 27, 28, 29, 30, 31, -1 ]
        normal Normal {
          vector [
            0.0 -0.0 1.0,
            1.0 -1.6979603693206584e-16 -5.5335093945627595e-18,
            1.0 -1.6979603693206584e-16 -5.5335093945627595e-18,
            0.0 -0.0 1.0,
            0.9238795325112865 -0.3826834323650902 0.0,
            0.9238795325112865 -0.3826834323650902 0.0,
            0.0 -0.0 1.0,
            0.7071067811865483 -0.7071067811865466 2.3462079832946277e-17,
            0.7071067811865483 -0.7071067811865466 2.3462079832946277e-17,
            0.0 -0.0 1.0,
            0.38268343236509045 -0.9238795325112864 7.901851415435595e-17,
            0.38268343236509045 -0.9238795325112864 7.901851415435595e-17,
            0.0 -0.0 1.0,
            -1.4008173046895432e-15 -1.0 1.1111286864281998e-16,
            -1.4008173046895432e-15 -1.0 1.1111286864281998e-16,
            0.0 -0.0 1.0,
            -0.3826834323650908 -0.9238795325112864 7.901851415435661e-17,
            -0.3826834323650908 -0.9238795325112864 7.901851415435661e-17,
            0.0 -0.0 1.0,
            -0.7071067811865477 -0.7071067811865474 2.3462079832946212e-17,
            -0.7071067811865477 -0.7071067811865474 2.3462079832946212e-17,
            0.0 -0.0 1.0,
            -0.9238795325112878 -0.382683432365087 0.0,
            -0.9238795325112878 -0.382683432365087 0.0,
            0.0 -0.0 1.0,
            -1.0 0.0 0.0,
            -1.0 0.0 0.0,
            0.0 -0.0 1.0,
            -0.9238795325112878 0.382683432365087 0.0,
            -0.9238795325112878 0.382683432365087 0.0,
            0.0 -0.0 1.0,
            -0.7071067811865477 0.7071067811865474 -2.3462079832946212e-17,
            -0.7071067811865477 0.7071067811865474 -2.3462079832946212e-17,
            0.0 -0.0 1.0,
            -0.3826834323650908 0.9238795325112864 -7.901851415435661e-17,
            -0.3826834323650908 0.9238795325112864 -7.901851415435661e-17,
            0.0 -0.0 1.0,
            -1.4008173046895432e-15 1.0 -1.1111286864281998e-16,
            -1.4008173046895432e-15 1.0 -1.1111286864281998e-16,
            0.0 -0.0 1.0,
            0.38268343236509045 0.9238795325112864 -7.901851415435595e-17,
            0.38268343236509045 0.9238795325112864 -7.901851415435595e-17,
            0.0 -0.0 1.0,
            0.7071067811865481 0.7071067811865469 -3.895590613772203e-17,
            0.7071067811865481 0.7071067811865469 -3.895590613772203e-17,
            0.0 -0.0 1.0,
            0.9238795325112865 0.38268343236509056 -2.1027335699338525e-17,
            0.9238795325112865 0.38268343236509056 -2.1027335699338525e-17,
            0.0 -0.0 -1.0,
            1.0 -1.6979603693206584e-16 -5.5335093945627595e-18,
            1.0 -1.6979603693206584e-16 -5.5335093945627595e-18,
            0.0 -0.0 -1.0,
            0.9238795325112865 -0.3826834323650902 0.0,
            0.9238795325112865 -0.3826834323650902 0.0,
            0.0 -0.0 -1.0,
            0.7071067811865483 -0.7071067811865466 2.3462079832946277e-17,
            0.7071067811865483 -0.7071067811865466 2.3462079832946277e-17,
            0.0 -0.0 -1.0,
            0.38268343236509045 -0.9238795325112864 7.901851415435595e-17,
            0.38268343236509045 -0.9238795325112864 7.901851415435595e-17,
            0.0 -0.0 -1.0,
            -1.4008173046895432e-15 -1.0 1.1111286864281998e-16,
            -1.4008173046895432e-15 -1.0 1.1111286864281998e-16,
            0.0 -0.0 -1.0,
            -0.3826834323650908 -0.9238795325112864 7.901851415435661e-17,
            -0.3826834323650908 -0.9238795325112864 7.901851415435661e-17,
            0.0 -0.0 -1.0,
            -0.7071067811865477 -0.7071067811865474 2.3462079832946212e-17,
            -0.7071067811865477 -0.7071067811865474 2.3462079832946212e-17,
            0.0 -0.0 -1.0,
            -0.9238795325112878 -0.382683432365087 0.0,
            -0.9238795325112878 -0.382683432365087 0.0,
            0.0 -0.0 -1.0,
            -1.0 0.0 0.0,
            -1.0 0.0 0.0,
            0.0 -0.0 -1.0,
            -0.9238795325112878 0.382683432365087 0.0,
            -0.9238795325112878 0.382683432365087 0.0,
            0.0 -0.0 -1.0,
            -0.7071067811865477 0.7071067811865474 -2.3462079832946212e-17,
            -0.7071067811865477 0.7071067811865474 -2.3462079832946212e-17,
            0.0 -0.0 -1.0,
            -0.3826834323650908 0.9238795325112864 -7.901851415435661e-17,
            -0.3826834323650908 0.9238795325112864 -7.901851415435661e-17,
            0.0 -0.0 -1.0,
            -1.4008173046895432e-15 1.0 -1.1111286864281998e-16,
            -1.4008173046895432e-15 1.0 -1.1111286864281998e-16,
            0.0 -0.0 -1.0,
            0.38268343236509045 0.9238795325112864 -7.901851415435595e-17,
            0.38268343236509045 0.9238795325112864 -7.901851415435595e-17,
            0.0 -0.0 -1.0,
            0.7071067811865481 0.7071067811865469 -3.895590613772203e-17,
            0.7071067811865481 0.7071067811865469 -3.895590613772203e-17,
            0.0 -0.0 -1.0,
            0.9238795325112865 0.38268343236509056 -2.1027335699338525e-17,
            0.9238795325112865 0.38268343236509056 -2.1027335699338525e-17 ]
        }
        normalIndex [
          2, 5, 53, 50, -1,
          0, 45, 42, 39, 36, 33, 30, 27, 24, 21, 18, 15, 12, 9, 6, 3, -1,
          1, 49, 94, 46, -1,
          4, 8, 56, 52, -1,
          7, 11, 59, 55, -1,
          10, 14, 62, 58, -1,
          13, 17, 65, 61, -1,
          16, 20, 68, 64, -1,
          19, 23, 71, 67, -1,
          22, 26, 74, 70, -1,
          25, 29, 77, 73, -1,
          28, 32, 80, 76, -1,
          31, 35, 83, 79, -1,
          34, 38, 86, 82, -1,
          37, 41, 89, 85, -1,
          40, 44, 92, 88, -1,
          43, 47, 95, 91, -1,
          48, 51, 54, 57, 60, 63, 66, 69, 72, 75, 78, 81, 84, 87, 90, 93, -1 ]
      }
    }

  ]
}

DEF Cylinder1 Transform {
  children [
    Shape {
      appearance Appearance {
        material DEF body Material {
          diffuseColor 0.1 0.1 1.0
          emissiveColor 0.0 0.0 0.0
          specularColor 0.1 0.1 1.0
          ambientIntensity 1.0
          transparency 0.0
          shininess 0.5
        }
      }
      geometry IndexedFaceSet {
        normalPerVertex TRUE
        coord Coordinate {
          point [
            2.9524999999991555 1.0925 3.25,
            2.727754319738794 1.0925 4.379872834057602,
            2.0877327714526843 1.0925 5.337732771452685,
            1.1298728340576047 1.0925 5.977754319738795,
            2.506480600557167e-16 1.0925 6.202499999999155,
            -1.129872834057604 1.0925 5.977754319738795,
            -2.087732771452684 1.0925 5.337732771452685,
            -2.727754319738794 1.0925 4.379872834057604,
            -2.9524999999991555 1.0925 3.2500000000000004,
            -2.727754319738794 1.0925 2.120127165942396,
            -2.0877327714526848 1.0925 1.1622672285473161,
            -1.1298728340576059 1.0925 0.5222456802612063,
            -4.725058748405884e-16 1.0925 0.29750000000084453,
            1.1298728340576052 1.0925 0.5222456802612063,
            2.087732771452684 1.0925 1.1622672285473157,
            2.7277543197387932 1.0925 2.1201271659423933,
            2.9524999999991555 -1.0925 3.25,
            2.727754319738794 -1.0925 4.379872834057602,
            2.0877327714526843 -1.0925 5.337732771452685,
            1.1298728340576047 -1.0925 5.977754319738795,
            2.506480600557167e-16 -1.0925 6.202499999999155,
            -1.129872834057604 -1.0925 5.977754319738795,
            -2.087732771452684 -1.0925 5.337732771452685,
            -2.727754319738794 -1.0925 4.379872834057604,
            -2.9524999999991555 -1.0925 3.2500000000000004,
            -2.727754319738794 -1.0925 2.120127165942396,
            -2.0877327714526848 -1.0925 1.1622672285473161,
            -1.1298728340576059 -1.0925 0.5222456802612063,
            -4.725058748405884e-16 -1.0925 0.29750000000084453,
            1.1298728340576052 -1.0925 0.5222456802612063,
            2.087732771452684 -1.0925 1.1622672285473157,
            2.7277543197387932 -1.0925 2.1201271659423933,
            2.793064999999201 -1.1925000000000001 3.25,
            2.580455586472899 -1.1925000000000001 4.318859701018493,
            1.9749952017942392 -1.1925000000000001 5.224995201794238,
            1.0688597010184941 -1.1925000000000001 5.8304555864728975,
            2.3089307180947596e-16 -1.1925000000000001 6.0430649999992,
            -1.0688597010184935 -1.1925000000000001 5.8304555864728975,
            -1.974995201794239 -1.1925000000000001 5.224995201794238,
            -2.580455586472899 -1.1925000000000001 4.318859701018493,
            -2.793064999999201 -1.1925000000000001 3.2500000000000004,
            -2.580455586472899 -1.1925000000000001 2.181140298981507,
            -1.9749952017942398 -1.1925000000000001 1.2750047982057613,
            -1.068859701018495 -1.1925000000000001 0.669544413527102,
            -4.532105506024287e-16 -1.1925000000000001 0.456935000000799,
            1.0688597010184944 -1.1925000000000001 0.6695444135271016,
            1.974995201794239 -1.1925000000000001 1.2750047982057606,
            2.580455586472898 -1.1925000000000001 2.1811402989815036,
            2.580455586472899 1.1925000000000001 4.318859701018493,
            2.793064999999201 1.1925000000000001 3.25,
            2.580455586472898 1.1925000000000001 2.1811402989815036,
            1.974995201794239 1.1925000000000001 1.2750047982057606,
            1.0688597010184944 1.1925000000000001 0.6695444135271016,
            -4.560655249238974e-16 1.1925000000000001 0.456935000000799,
            -1.068859701018495 1.1925000000000001 0.669544413527102,
            -1.9749952017942398 1.1925000000000001 1.2750047982057613,
            -2.580455586472899 1.1925000000000001 2.181140298981507,
            -2.793064999999201 1.1925000000000001 3.2500000000000004,
            -2.580455586472899 1.1925000000000001 4.318859701018493,
            -1.974995201794239 1.1925000000000001 5.224995201794238,
            -1.0688597010184935 1.1925000000000001 5.8304555864728975,
            2.280380974880073e-16 1.1925000000000001 6.0430649999992,
            1.0688597010184941 1.1925000000000001 5.8304555864728975,
            1.9749952017942392 1.1925000000000001 5.224995201794238,
            1.9551454999994402 -1.2925 3.25,
            1.8063189105310293 -1.2925 3.9982017907129452,
            1.3824966412559674 -1.2925 4.632496641255967,
            0.7482017907129458 -1.2925 5.056318910531029,
            1.4293060203461518e-16 -1.2925 5.205145499999441,
            -0.7482017907129455 -1.2925 5.056318910531029,
            -1.3824966412559672 -1.2925 4.632496641255967,
            -1.8063189105310293 -1.2925 3.9982017907129457,
            -1.9551454999994402 -1.2925 3.2500000000000004,
            -1.8063189105310293 -1.2925 2.5017982092870543,
            -1.3824966412559676 -1.2925 1.8675033587440328,
            -0.7482017907129465 -1.2925 1.4436810894689713,
            -3.359419336537181e-16 -1.2925 1.2948545000005593,
            0.748201790712946 -1.2925 1.4436810894689713,
            1.3824966412559672 -1.2925 1.8675033587440328,
            1.8063189105310287 -1.2925 2.501798209287054,
            1.8063189105310296 1.2925 3.9982017907129452,
            1.9551454999994402 1.2925 3.25,
            1.8063189105310289 1.2925 2.501798209287054,
            1.3824966412559674 1.2925 1.8675033587440328,
            0.7482017907129458 1.2925 1.4436810894689713,
            -3.855233210365582e-16 1.2925 1.2948545000005593,
            -0.7482017907129467 1.2925 1.4436810894689713,
            -1.3824966412559674 1.2925 1.8675033587440328,
            -1.8063189105310289 1.2925 2.5017982092870543,
            -1.9551454999994407 1.2925 3.2500000000000004,
            -1.8063189105310289 1.2925 3.9982017907129457,
            -1.382496641255967 1.2925 4.632496641255967,
            -0.7482017907129456 1.2925 5.056318910531029,
            9.334921465177488e-17 1.2925 5.205145499999441,
            0.7482017907129456 1.2925 5.056318910531029,
            1.3824966412559676 1.2925 4.632496641255967,
            1.7278744774163524 -1.2925 2.003380780314037,
            1.7440220670408602 -1.4073050297095269 2.0195283699385445,
            1.7900065117723167 -1.5046320343559643 2.0655128146700013,
            1.858827096750387 -1.569663859753386 2.134333399648072,
            1.9400065117723166 -1.5924999999999998 2.215512814670001,
            2.021185926794246 -1.569663859753386 2.2966922296919305,
            2.0900065117723168 -1.5046320343559643 2.365512814670001,
            2.1359909565037727 -1.4073050297095269 2.4114972594014574,
            2.152138546128281 -1.2925 2.427644849025965,
            2.1359909565037727 -1.177694970290473 2.4114972594014574,
            2.0900065117723168 -1.080367965644036 2.365512814670001,
            2.0211859267942467 -1.0153361402466141 2.2966922296919305,
            1.9400065117723166 -0.9925000000000002 2.215512814670001,
            1.858827096750387 -1.0153361402466141 2.1343333996480713,
            1.7900065117723167 -1.0803679656440357 2.0655128146700013,
            1.7440220670408602 -1.1776949702904729 2.019528369938545,
            -0.32206278938854926 -1.2925 3.4501416894731762,
            -0.3197682381341651 -1.314897350215103 3.4539604640470496,
            -0.31323390899933345 -1.3338849068924414 3.464835413957075,
            -0.3034545943609914 -1.3465719866505212 3.4811109266611178,
            -0.29191910622311856 -1.3510270966048386 3.5003092028878777,
            -0.2803836180852457 -1.3465719866505212 3.5195074791146372,
            -0.27060430344690356 -1.3338849068924414 3.53578299181868,
            -0.264069974312072 -1.314897350215103 3.546657941728705,
            -0.26177542305768764 -1.2925 3.5504767163025788,
            -0.264069974312072 -1.2701026497848975 3.546657941728705,
            -0.27060430344690356 -1.2511150931075588 3.53578299181868,
            -0.2803836180852457 -1.2384280133494792 3.5195074791146372,
            -0.29191910622311856 -1.2339729033951616 3.5003092028878777,
            -0.3034545943609914 -1.2384280133494792 3.4811109266611178,
            -0.31323390899933345 -1.2511150931075588 3.464835413957075,
            -0.3197682381341651 -1.2701026497848973 3.4539604640470496,
            -0.33641474382021297 -1.2925 3.393109497411061,
            -0.3319138196293512 -1.336433982822018 3.4006002931935275,
            -0.3190962719638455 -1.3736794150219294 3.4219322747872782,
            -0.2999134562644101 -1.3985660171779823 3.4538578413695595,
            -0.27728578232862666 -1.4073050297095269 3.491516614834202,
            -0.2546581083928431 -1.3985660171779823 3.529175388298844,
            -0.23547529269340772 -1.3736794150219294 3.561100954881126,
            -0.22265774502790203 -1.336433982822018 3.582432936474877,
            -0.21815682083704024 -1.2925 3.5899237322573434,
            -0.22265774502790203 -1.2485660171779824 3.582432936474877,
            -0.23547529269340772 -1.2113205849780706 3.561100954881126,
            -0.2546581083928431 -1.186433982822018 3.529175388298844,
            -0.27728578232862666 -1.1776949702904733 3.491516614834202,
            -0.2999134562644101 -1.186433982822018 3.4538578413695595,
            -0.3190962719638455 -1.2113205849780706 3.4219322747872782,
            -0.3319138196293512 -1.2485660171779822 3.4006002931935275,
            -0.3393645007571231 -1.2925 3.3343732355157747,
            -0.33283017162229145 -1.3562822571075444 3.3452481854258007,
            -0.3142219765947334 -1.4103542437580652 3.3762174226137422,
            -0.28637284468368707 -1.4464839901478008 3.42256616145457,
            -0.2535225537695993 -1.4591710699058806 3.4772382266121316,
            -0.22067226285551134 -1.4464839901478008 3.5319102917696936,
            -0.19282313094446502 -1.4103542437580652 3.5782590306105213,
            -0.17421493591690695 -1.3562822571075444 3.609228267798463,
            -0.16768060678207541 -1.2925 3.6201032177084884,
            -0.17421493591690695 -1.228717742892456 3.609228267798463,
            -0.19282313094446502 -1.1746457562419348 3.5782590306105213,
            -0.22067226285551134 -1.1385160098521991 3.5319102917696936,
            -0.2535225537695993 -1.1258289300941196 3.4772382266121316,
            -0.28637284468368707 -1.1385160098521991 3.42256616145457,
            -0.3142219765947334 -1.1746457562419348 3.3762174226137422,
            -0.33283017162229145 -1.2287177428924558 3.3452481854258007,
            -0.3307987026944368 -1.2925 3.276190105392278,
            -0.3224820792197929 -1.3736794150219294 3.2900312912035625,
            -0.29879833932949573 -1.4425 3.329447653568311,
            -0.26335311772820647 -1.4884844447314567 3.388438408626704,
            -0.22154262809298753 -1.5046320343559643 3.4580227486736272,
            -0.1797321384577686 -1.4884844447314567 3.527607088720551,
            -0.14428691685647932 -1.4425 3.586597843778944,
            -0.12060317696618217 -1.3736794150219298 3.6260142061436924,
            -0.11228655349153827 -1.2925 3.6398553919549768,
            -0.12060317696618217 -1.2113205849780706 3.6260142061436924,
            -0.14428691685647932 -1.1425000000000003 3.586597843778944,
            -0.1797321384577686 -1.0965155552685437 3.527607088720551,
            -0.22154262809298753 -1.080367965644036 3.4580227486736272,
            -0.26335311772820647 -1.0965155552685437 3.388438408626704,
            -0.29879833932949573 -1.1425000000000003 3.329447653568311,
            -0.3224820792197929 -1.2113205849780706 3.2900312912035625,
            -0.3110465284479482 -1.2925 3.220796052101741,
            -0.3012672138096061 -1.3879568935429627 3.2370715648057833,
            -0.27341808189855965 -1.4688813403629037 3.2834203036466114,
            -0.23173891059525598 -1.522953327013425 3.352786093288072,
            -0.18257497590799454 -1.5419408836907635 3.4346086210597018,
            -0.1334110412207331 -1.522953327013425 3.5164311488313316,
            -0.09173186991742943 -1.4688813403629037 3.585796938472792,
            -0.06388273800638311 -1.3879568935429627 3.6321456773136203,
            -0.05410342336804097 -1.2925 3.648421190017663,
            -0.06388273800638311 -1.1970431064570377 3.6321456773136203,
            -0.09173186991742943 -1.1161186596370964 3.585796938472792,
            -0.13341104122073288 -1.0620466729865754 3.5164311488313316,
            -0.18257497590799454 -1.0430591163092366 3.4346086210597018,
            -0.23173891059525598 -1.0620466729865754 3.352786093288072,
            -0.27341808189855965 -1.1161186596370964 3.2834203036466114,
            -0.3012672138096061 -1.1970431064570375 3.2370715648057833,
            -0.280867042996803 -1.2925 3.1703198380467756,
            -0.27000085077201164 -1.3985660171779823 3.188404218817773,
            -0.23905655336158405 -1.4884844447314567 3.2399041780937003,
            -0.19274513953550354 -1.5485660171779823 3.31697931392309,
            -0.1381171022347789 -1.569663859753386 3.407895635563765,
            -0.08348906493405417 -1.5485660171779823 3.498811957204439,
            -0.03717765110797355 -1.4884844447314567 3.5758870930338293,
            -0.0062333536975460735 -1.3985660171779823 3.627387052309756,
            0.0046328385272453865 -1.2925 3.645471433080753,
            -0.0062333536975460735 -1.186433982822018 3.627387052309756,
            -0.03717765110797355 -1.0965155552685437 3.5758870930338293,
            -0.08348906493405406 -1.0364339828220182 3.4988119572044396,
            -0.1381171022347789 -1.0153361402466141 3.407895635563765,
            -0.19274513953550354 -1.0364339828220182 3.31697931392309,
            -0.23905655336158405 -1.0965155552685437 3.2399041780937003,
            -0.27000085077201164 -1.1864339828220178 3.188404218817773,
            -0.24142002704203835 -1.2925 3.1267012358261286,
            -0.2298845389041655 -1.4050990832553598 3.145899512052888,
            -0.19703424799007774 -1.500555976798322 3.2005715772104497,
            -0.14787031330281641 -1.5643382339058665 3.2823941049820804,
            -0.08987749822633917 -1.5867355841209694 3.378910357237609,
            -0.031884683149861814 -1.5643382339058665 3.475426609493138,
            0.01727925153739962 -1.500555976798322 3.5572491372647677,
            0.050129542451487374 -1.4050990832553598 3.6119212024223293,
            0.06166503058936024 -1.2925 3.6311194786490892,
            0.050129542451487374 -1.1799009167446406 3.6119212024223293,
            0.017279251537399842 -1.084444023201678 3.5572491372647677,
            -0.03188468314986159 -1.020661766094134 3.475426609493138,
            -0.08987749822633917 -0.998264415879031 3.378910357237609,
            -0.14787031330281653 -1.020661766094134 3.28239410498208,
            -0.19703424799007774 -1.084444023201678 3.2005715772104497,
            -0.2298845389041655 -1.1799009167446404 3.145899512052888,
            -0.1942214072846542 -1.2925 3.0916164838615443,
            -0.1824599255736622 -1.4073050297095269 3.1111908765551894,
            -0.14896605941308727 -1.5046320343559643 3.1669340307908285,
            -0.09883894630322432 -1.569663859753386 3.2503595566490375,
            -0.03970998481163801 -1.5924999999999998 3.3487666740721784,
            0.019418976679948297 -1.569663859753386 3.4471737914953198,
            0.06954608978981125 -1.5046320343559643 3.5305993173535275,
            0.10303995595038629 -1.4073050297095269 3.586342471589167,
            0.1148014376613784 -1.2925 3.6059168642828117,
            0.10303995595038629 -1.1776949702904733 3.586342471589167,
            0.06954608978981147 -1.080367965644036 3.5305993173535275,
            0.019418976679948297 -1.0153361402466141 3.4471737914953198,
            -0.03970998481163801 -0.9925000000000002 3.3487666740721784,
            -0.09883894630322432 -1.0153361402466141 3.2503595566490375,
            -0.14896605941308727 -1.080367965644036 3.1669340307908285,
            -0.1824599255736622 -1.177694970290473 3.1111908765551894,
            -0.2968601750222718 -1.2925 3.5032780965451944,
            1.75090956875564 -1.2925 1.9948021365513466,
            1.7706862463335917 -1.4073050297095269 2.0062202066746533,
            1.8270054591822331 -1.5046320343559643 2.038736119373364,
            1.9112931176802943 -1.569663859753386 2.087399621696583,
            2.010717189890972 -1.5924999999999998 2.1448021365513465,
            2.1101412621016493 -1.569663859753386 2.20220465140611,
            2.1944289205997096 -1.5046320343559643 2.2508681537293285,
            2.2507481334483517 -1.4073050297095269 2.2833840664280394,
            2.270524811026304 -1.2925 2.294802136551346,
            2.2507481334483517 -1.177694970290473 2.2833840664280394,
            2.1944289205997096 -1.080367965644036 2.2508681537293285,
            2.1101412621016493 -1.0153361402466141 2.20220465140611,
            2.010717189890972 -0.9925000000000002 2.1448021365513465,
            1.9112931176802943 -1.0153361402466141 2.0873996216965827,
            1.8270054591822333 -1.0803679656440357 2.038736119373364,
            1.7706862463335917 -1.1776949702904729 2.0062202066746533,
            1.770939442004251 -1.2925 1.9805538826421465,
            1.7929974596412146 -1.4073050297095269 1.9864643106546023,
            1.8558133793233056 -1.5046320343559643 2.0032957856052365,
            1.9498240467066557 -1.569663859753386 2.0284858680105162,
            2.0607171898909717 -1.5924999999999998 2.0581995961729023,
            2.1716103330752876 -1.569663859753386 2.0879133243352888,
            2.265621000458638 -1.5046320343559643 2.113103406740568,
            2.328436920140728 -1.4073050297095269 2.1299348816912027,
            2.3504949377776923 -1.2925 2.1358453097036585,
            2.328436920140728 -1.177694970290473 2.1299348816912027,
            2.265621000458638 -1.080367965644036 2.113103406740568,
            2.1716103330752876 -1.0153361402466141 2.0879133243352888,
            2.0607171898909717 -0.9925000000000002 2.0581995961729023,
            1.9498240467066557 -1.0153361402466141 2.0284858680105162,
            1.8558133793233058 -1.0803679656440357 2.0032957856052365,
            1.7929974596412146 -1.1776949702904729 1.9864643106546023,
            1.7865990944012236 -1.2925 1.9616070135439956,
            1.8094352346478373 -1.4073050297095269 1.9616070135439956,
            1.8744670600452593 -1.5046320343559643 1.9616070135439956,
            1.9717940646916967 -1.569663859753386 1.9616070135439956,
            2.0865990944012234 -1.5924999999999998 1.9616070135439956,
            2.2014041241107503 -1.569663859753386 1.9616070135439956,
            2.298731128757188 -1.5046320343559643 1.9616070135439956,
            2.36376295415461 -1.4073050297095269 1.9616070135439956,
            2.386599094401224 -1.2925 1.9616070135439956,
            2.36376295415461 -1.177694970290473 1.9616070135439956,
            2.298731128757188 -1.080367965644036 1.9616070135439956,
            2.201404124110751 -1.0153361402466141 1.9616070135439956,
            2.0865990944012234 -0.9925000000000002 1.9616070135439956,
            1.9717940646916967 -1.0153361402466141 1.9616070135439956,
            1.8744670600452595 -1.0803679656440357 1.9616070135439956,
            1.8094352346478375 -1.1776949702904729 1.9616070135439956,
            1.7865990944012236 -1.2925 0.4000000135439956,
            1.8094352346478373 -1.4073050297095269 0.4000000135439955,
            1.8744670600452593 -1.5046320343559643 0.4000000135439955,
            1.9717940646916967 -1.569663859753386 0.4000000135439955,
            2.0865990944012234 -1.5924999999999998 0.4000000135439955,
            2.2014041241107503 -1.569663859753386 0.4000000135439955,
            2.298731128757188 -1.5046320343559643 0.4000000135439955,
            2.36376295415461 -1.4073050297095269 0.4000000135439956,
            2.386599094401224 -1.2925 0.4000000135439954,
            2.36376295415461 -1.177694970290473 0.4000000135439956,
            2.298731128757188 -1.080367965644036 0.4000000135439955,
            2.201404124110751 -1.0153361402466141 0.4000000135439954,
            2.0865990944012234 -0.9925000000000002 0.4000000135439955,
            1.9717940646916967 -1.0153361402466141 0.4000000135439954,
            1.8744670600452595 -1.0803679656440357 0.4000000135439955,
            1.8094352346478375 -1.1776949702904729 0.4000000135439956,
            1.9565990954012238 -1.2925 0.10000001354399557,
            1.9664947560986359 -1.3422488458247783 0.10000001354399546,
            1.994675213554079 -1.3844238808471445 0.10000001354399546,
            2.036850248576445 -1.4126043383025877 0.10000001354399546,
            2.0865990944012234 -1.4224999989999998 0.10000001354399546,
            2.1363479402260017 -1.4126043383025877 0.10000001354399546,
            2.1785229752483684 -1.3844238808471445 0.10000001354399546,
            2.2067034327038115 -1.3422488458247783 0.10000001354399568,
            2.216599093401224 -1.2925 0.10000001354399546,
            2.2067034327038115 -1.2427511541752219 0.10000001354399568,
            2.1785229752483684 -1.200576119152856 0.10000001354399546,
            2.1363479402260017 -1.1723956616974125 0.10000001354399546,
            2.0865990944012234 -1.1625000010000002 0.10000001354399546,
            2.036850248576445 -1.1723956616974125 0.10000001354399535,
            1.994675213554079 -1.2005761191528557 0.10000001354399546,
            1.9664947560986359 -1.2427511541752219 0.10000001354399568,
            -1.7278753830550182 1.2925000000000002 2.003380780314037,
            -1.744022972679526 1.177694970290473 2.0195283699385445,
            -1.7900074174109826 1.080367965644036 2.0655128146700013,
            -1.8588280023890529 1.0153361402466141 2.134333399648072,
            -1.9400074174109825 0.9925000000000002 2.215512814670001,
            -2.021186832432912 1.0153361402466141 2.2966922296919305,
            -2.090007417410982 1.080367965644036 2.365512814670001,
            -2.135991862142439 1.177694970290473 2.4114972594014574,
            -2.1521394517669465 1.2925 2.427644849025965,
            -2.135991862142439 1.407305029709527 2.4114972594014574,
            -2.090007417410982 1.5046320343559643 2.365512814670001,
            -2.021186832432912 1.569663859753386 2.2966922296919305,
            -1.9400074174109825 1.5925 2.215512814670001,
            -1.8588280023890529 1.569663859753386 2.1343333996480713,
            -1.7900074174109826 1.5046320343559645 2.0655128146700013,
            -1.744022972679526 1.4073050297095273 2.019528369938545,
            0.3220618837498834 1.2925 3.4501416894731762,
            0.31976733249549927 1.2701026497848973 3.4539604640470496,
            0.3132330033606675 1.2511150931075585 3.464835413957075,
            0.3034536887223255 1.238428013349479 3.481110926661118,
            0.2919182005844527 1.2339729033951616 3.5003092028878777,
            0.28038271244657986 1.238428013349479 3.5195074791146372,
            0.2706033978082377 1.2511150931075585 3.53578299181868,
            0.2640690686734062 1.2701026497848973 3.5466579417287054,
            0.2617745174190218 1.2925 3.5504767163025788,
            0.2640690686734062 1.3148973502151027 3.5466579417287054,
            0.2706033978082377 1.3338849068924414 3.53578299181868,
            0.28038271244657986 1.346571986650521 3.5195074791146372,
            0.2919182005844527 1.3510270966048386 3.5003092028878777,
            0.3034536887223255 1.346571986650521 3.481110926661118,
            0.3132330033606675 1.3338849068924414 3.464835413957075,
            0.31976733249549927 1.314897350215103 3.4539604640470496,
            0.33641383818154713 1.2925 3.393109497411061,
            0.33191291399068534 1.2485660171779822 3.4006002931935275,
            0.31909536632517965 1.2113205849780706 3.4219322747872782,
            0.2999125506257442 1.1864339828220178 3.45385784136956,
            0.2772848766899607 1.177694970290473 3.4915166148342025,
            0.25465720275417714 1.1864339828220178 3.529175388298844,
            0.23547438705474177 1.2113205849780706 3.561100954881126,
            0.22265683938923608 1.2485660171779822 3.582432936474877,
            0.2181559151983744 1.2925 3.5899237322573434,
            0.22265683938923608 1.3364339828220178 3.582432936474877,
            0.23547438705474177 1.3736794150219296 3.561100954881126,
            0.25465720275417714 1.3985660171779821 3.529175388298844,
            0.2772848766899607 1.4073050297095269 3.4915166148342025,
            0.2999125506257442 1.3985660171779821 3.45385784136956,
            0.31909536632517965 1.3736794150219296 3.4219322747872782,
            0.33191291399068534 1.336433982822018 3.4006002931935275,
            0.33936359511845726 1.2925 3.334373235515775,
            0.3328292659836256 1.2287177428924558 3.345248185425801,
            0.31422107095606755 1.1746457562419348 3.3762174226137422,
            0.2863719390450211 1.1385160098521991 3.42256616145457,
            0.25352164813093336 1.1258289300941193 3.477238226612132,
            0.2206713572168455 1.1385160098521991 3.5319102917696936,
            0.19282222530579907 1.1746457562419348 3.5782590306105218,
            0.174214030278241 1.2287177428924558 3.6092282677984633,
            0.16767970114340935 1.2925 3.620103217708489,
            0.174214030278241 1.3562822571075441 3.6092282677984633,
            0.19282222530579907 1.4103542437580654 3.5782590306105218,
            0.2206713572168455 1.446483990147801 3.5319102917696936,
            0.25352164813093336 1.4591710699058806 3.477238226612132,
            0.2863719390450211 1.446483990147801 3.42256616145457,
            0.31422107095606755 1.4103542437580654 3.3762174226137422,
            0.3328292659836256 1.3562822571075444 3.345248185425801,
            0.33079779705577095 1.2925 3.276190105392278,
            0.3224811735811268 1.2113205849780706 3.2900312912035625,
            0.2987974336908299 1.1425 3.3294476535683115,
            0.2633522120895406 1.0965155552685435 3.3884384086267043,
            0.22154172245432158 1.0803679656440357 3.4580227486736272,
            0.17973123281910253 1.0965155552685435 3.527607088720551,
            0.14428601121781326 1.1425 3.586597843778944,
            0.12060227132751611 1.2113205849780704 3.6260142061436924,
            0.1122856478528722 1.2925 3.6398553919549768,
            0.12060227132751611 1.3736794150219296 3.6260142061436924,
            0.14428601121781326 1.4425 3.586597843778944,
            0.17973123281910253 1.4884844447314565 3.527607088720551,
            0.22154172245432158 1.5046320343559643 3.4580227486736272,
            0.2633522120895406 1.4884844447314565 3.3884384086267043,
            0.2987974336908299 1.4425 3.3294476535683115,
            0.3224811735811268 1.3736794150219296 3.2900312912035625,
            0.3110456228092824 1.2925 3.220796052101741,
            0.30126630817094013 1.1970431064570375 3.2370715648057833,
            0.2734171762598938 1.1161186596370962 3.2834203036466114,
            0.23173800495659014 1.0620466729865752 3.3527860932880724,
            0.1825740702693287 1.0430591163092364 3.434608621059702,
            0.13341013558206716 1.0620466729865752 3.5164311488313316,
            0.09173096427876348 1.1161186596370962 3.5857969384727926,
            0.06388183236771716 1.1970431064570375 3.6321456773136207,
            0.05410251772937502 1.2925 3.648421190017663,
            0.06388183236771716 1.3879568935429625 3.6321456773136207,
            0.09173096427876348 1.4688813403629037 3.5857969384727926,
            0.13341013558206694 1.5229533270134248 3.516431148831332,
            0.1825740702693287 1.5419408836907635 3.434608621059702,
            0.23173800495659014 1.5229533270134248 3.3527860932880724,
            0.2734171762598938 1.4688813403629037 3.2834203036466114,
            0.30126630817094013 1.3879568935429627 3.2370715648057833,
            0.28086613735813704 1.2925 3.1703198380467756,
            0.2699999451333457 1.1864339828220178 3.188404218817773,
            0.2390556477229182 1.0965155552685435 3.2399041780937003,
            0.1927442338968377 1.036433982822018 3.31697931392309,
            0.13811619659611296 1.015336140246614 3.407895635563765,
            0.08348815929538822 1.036433982822018 3.4988119572044396,
            0.037176745469307604 1.0965155552685435 3.5758870930338293,
            0.0062324480588801245 1.1864339828220178 3.627387052309756,
            -0.004633744165911335 1.2925 3.6454714330807536,
            0.0062324480588801245 1.3985660171779821 3.627387052309756,
            0.037176745469307604 1.4884844447314565 3.5758870930338293,
            0.08348815929538811 1.548566017177982 3.49881195720444,
            0.13811619659611296 1.569663859753386 3.407895635563765,
            0.1927442338968377 1.548566017177982 3.31697931392309,
            0.2390556477229182 1.4884844447314565 3.2399041780937003,
            0.2699999451333457 1.3985660171779823 3.188404218817773,
            0.2414191214033724 1.2925 3.1267012358261286,
            0.22988363326549965 1.1799009167446404 3.145899512052888,
            0.1970333423514119 1.0844440232016779 3.20057157721045,
            0.14786940766415058 1.0206617660941337 3.2823941049820804,
            0.08987659258767322 0.9982644158790308 3.378910357237609,
            0.031883777511195865 1.0206617660941337 3.475426609493138,
            -0.017280157176065458 1.0844440232016779 3.5572491372647677,
            -0.05013044809015332 1.1799009167446404 3.6119212024223293,
            -0.061665936228026186 1.2925 3.6311194786490897,
            -0.05013044809015332 1.4050990832553596 3.6119212024223293,
            -0.01728015717606568 1.500555976798322 3.5572491372647677,
            0.03188377751119564 1.5643382339058662 3.475426609493138,
            0.08987659258767322 1.5867355841209692 3.378910357237609,
            0.1478694076641507 1.5643382339058662 3.28239410498208,
            0.1970333423514119 1.500555976798322 3.20057157721045,
            0.22988363326549965 1.4050990832553598 3.145899512052888,
            0.19422050164598836 1.2925 3.0916164838615443,
            0.18245901993499625 1.177694970290473 3.11119087655519,
            0.14896515377442132 1.080367965644036 3.1669340307908285,
            0.09883804066455837 1.0153361402466141 3.2503595566490375,
            0.03970907917297206 0.9925000000000002 3.3487666740721784,
            -0.019419882318614246 1.0153361402466141 3.4471737914953198,
            -0.06954699542847731 1.080367965644036 3.5305993173535275,
            -0.10304086158905224 1.177694970290473 3.586342471589167,
            -0.11480234330004435 1.2925 3.605916864282812,
            -0.10304086158905224 1.4073050297095269 3.586342471589167,
            -0.06954699542847742 1.5046320343559643 3.5305993173535275,
            -0.019419882318614246 1.569663859753386 3.4471737914953198,
            0.03970907917297206 1.5925 3.3487666740721784,
            0.09883804066455837 1.569663859753386 3.2503595566490375,
            0.14896515377442132 1.5046320343559643 3.1669340307908285,
            0.18245901993499625 1.407305029709527 3.11119087655519,
            0.29685926938360585 1.2925 3.5032780965451944,
            -1.7509104743943058 1.2925000000000002 1.9948021365513466,
            -1.7706871519722576 1.177694970290473 2.0062202066746533,
            -1.827006364820899 1.080367965644036 2.038736119373364,
            -1.9112940233189601 1.0153361402466141 2.087399621696583,
            -2.0107180955296373 0.9925000000000002 2.1448021365513465,
            -2.1101421677403147 1.0153361402466141 2.20220465140611,
            -2.194429826238376 1.080367965644036 2.2508681537293285,
            -2.250749039087017 1.177694970290473 2.2833840664280394,
            -2.2705257166649693 1.2925 2.294802136551346,
            -2.250749039087017 1.407305029709527 2.2833840664280394,
            -2.194429826238376 1.5046320343559643 2.2508681537293285,
            -2.1101421677403156 1.569663859753386 2.20220465140611,
            -2.0107180955296373 1.5925 2.1448021365513465,
            -1.9112940233189601 1.569663859753386 2.0873996216965827,
            -1.8270063648208992 1.5046320343559645 2.038736119373364,
            -1.7706871519722576 1.4073050297095273 2.0062202066746533,
            -1.7709403476429169 1.2925000000000002 1.9805538826421465,
            -1.7929983652798804 1.177694970290473 1.9864643106546023,
            -1.8558142849619714 1.080367965644036 2.0032957856052365,
            -1.9498249523453215 1.0153361402466141 2.0284858680105162,
            -2.060718095529637 0.9925000000000002 2.0581995961729023,
            -2.171611238713953 1.0153361402466141 2.0879133243352888,
            -2.2656219060973033 1.080367965644036 2.113103406740568,
            -2.3284378257793943 1.177694970290473 2.1299348816912027,
            -2.3504958434163576 1.2925 2.1358453097036585,
            -2.3284378257793943 1.407305029709527 2.1299348816912027,
            -2.2656219060973033 1.5046320343559643 2.113103406740568,
            -2.171611238713954 1.569663859753386 2.0879133243352888,
            -2.060718095529637 1.5925 2.0581995961729023,
            -1.9498249523453215 1.569663859753386 2.0284858680105162,
            -1.8558142849619716 1.5046320343559645 2.0032957856052365,
            -1.7929983652798804 1.4073050297095273 1.9864643106546023,
            -1.7866000000398894 1.2925000000000002 1.9616070135439956,
            -1.8094361402865031 1.177694970290473 1.9616070135439956,
            -1.8744679656839252 1.080367965644036 1.9616070135439956,
            -1.9717949703303626 1.0153361402466141 1.9616070135439956,
            -2.0866000000398897 0.9925000000000002 1.9616070135439956,
            -2.2014050297494165 1.0153361402466141 1.9616070135439956,
            -2.2987320343958535 1.080367965644036 1.9616070135439956,
            -2.3637638597932753 1.177694970290473 1.9616070135439956,
            -2.3866000000398895 1.2925 1.9616070135439956,
            -2.3637638597932753 1.407305029709527 1.9616070135439956,
            -2.2987320343958535 1.5046320343559643 1.9616070135439956,
            -2.2014050297494165 1.569663859753386 1.9616070135439956,
            -2.0866000000398897 1.5925 1.9616070135439956,
            -1.9717949703303626 1.569663859753386 1.9616070135439956,
            -1.8744679656839254 1.5046320343559645 1.9616070135439956,
            -1.8094361402865033 1.4073050297095273 1.9616070135439956,
            -1.7866000000398894 1.2925000000000002 0.4000000135439955,
            -1.8094361402865031 1.177694970290473 0.4000000135439955,
            -1.8744679656839252 1.080367965644036 0.4000000135439954,
            -1.9717949703303626 1.0153361402466141 0.4000000135439954,
            -2.0866000000398897 0.9925000000000002 0.4000000135439955,
            -2.2014050297494165 1.0153361402466141 0.4000000135439955,
            -2.2987320343958535 1.080367965644036 0.4000000135439955,
            -2.3637638597932753 1.177694970290473 0.4000000135439956,
            -2.3866000000398895 1.2925 0.4000000135439954,
            -2.3637638597932753 1.407305029709527 0.4000000135439956,
            -2.2987320343958535 1.5046320343559643 0.4000000135439955,
            -2.2014050297494165 1.569663859753386 0.4000000135439954,
            -2.0866000000398897 1.5925 0.4000000135439955,
            -1.9717949703303626 1.569663859753386 0.4000000135439953,
            -1.8744679656839254 1.5046320343559645 0.4000000135439954,
            -1.8094361402865033 1.4073050297095273 0.4000000135439956,
            -1.9566000010398896 1.2925 0.10000001354399557,
            -1.9664956617373017 1.2427511541752219 0.10000001354399546,
            -1.994676119192745 1.2005761191528557 0.10000001354399546,
            -2.0368511542151113 1.1723956616974123 0.10000001354399546,
            -2.0866000000398897 1.1625000010000002 0.10000001354399546,
            -2.136348845864668 1.1723956616974123 0.10000001354399546,
            -2.1785238808870337 1.2005761191528557 0.10000001354399546,
            -2.206704338342477 1.2427511541752219 0.10000001354399568,
            -2.2165999990398895 1.2925 0.10000001354399546,
            -2.206704338342477 1.3422488458247783 0.10000001354399568,
            -2.1785238808870337 1.3844238808471443 0.10000001354399546,
            -2.136348845864668 1.4126043383025877 0.10000001354399546,
            -2.0866000000398897 1.422499999 0.10000001354399546,
            -2.0368511542151113 1.4126043383025877 0.10000001354399535,
            -1.994676119192745 1.3844238808471445 0.10000001354399546,
            -1.9664956617373017 1.3422488458247783 0.10000001354399568 ]
        }
        coordIndex [
          0, 1, 17, 16, -1,
          0, 15, 50, 49, -1,
          0, 16, 31, 15, -1,
          0, 49, 48, 1, -1,
          1, 2, 18, 17, -1,
          1, 48, 63, 2, -1,
          2, 3, 19, 18, -1,
          2, 63, 62, 3, -1,
          3, 4, 20, 19, -1,
          3, 62, 61, 4, -1,
          4, 5, 21, 20, -1,
          4, 61, 60, 5, -1,
          5, 6, 22, 21, -1,
          5, 60, 59, 6, -1,
          6, 7, 23, 22, -1,
          6, 59, 58, 7, -1,
          7, 8, 24, 23, -1,
          7, 58, 57, 8, -1,
          8, 9, 25, 24, -1,
          8, 57, 56, 9, -1,
          9, 10, 26, 25, -1,
          9, 56, 55, 10, -1,
          10, 11, 27, 26, -1,
          10, 55, 54, 11, -1,
          11, 12, 28, 27, -1,
          11, 54, 53, 12, -1,
          12, 13, 29, 28, -1,
          12, 53, 52, 13, -1,
          13, 14, 30, 29, -1,
          13, 52, 51, 14, -1,
          14, 15, 31, 30, -1,
          14, 51, 50, 15, -1,
          16, 17, 33, 32, -1,
          16, 32, 47, 31, -1,
          17, 18, 34, 33, -1,
          18, 19, 35, 34, -1,
          19, 20, 36, 35, -1,
          20, 21, 37, 36, -1,
          21, 22, 38, 37, -1,
          22, 23, 39, 38, -1,
          23, 24, 40, 39, -1,
          24, 25, 41, 40, -1,
          25, 26, 42, 41, -1,
          26, 27, 43, 42, -1,
          27, 28, 44, 43, -1,
          28, 29, 45, 44, -1,
          29, 30, 46, 45, -1,
          30, 31, 47, 46, -1,
          32, 33, 65, 64, -1,
          32, 64, 79, 47, -1,
          33, 34, 66, 65, -1,
          34, 35, 67, 66, -1,
          35, 36, 68, 67, -1,
          36, 37, 69, 68, -1,
          37, 38, 70, 69, -1,
          38, 39, 71, 70, -1,
          39, 40, 72, 71, -1,
          40, 41, 73, 72, -1,
          41, 42, 74, 73, -1,
          42, 43, 75, 74, -1,
          43, 44, 76, 75, -1,
          44, 45, 77, 76, -1,
          45, 46, 78, 77, -1,
          46, 47, 79, 78, -1,
          48, 49, 81, 80, -1,
          48, 80, 95, 63, -1,
          49, 50, 82, 81, -1,
          50, 51, 83, 82, -1,
          51, 52, 84, 83, -1,
          52, 53, 85, 84, -1,
          53, 54, 86, 85, -1,
          54, 55, 87, 86, -1,
          55, 56, 88, 87, -1,
          56, 57, 89, 88, -1,
          57, 58, 90, 89, -1,
          58, 59, 91, 90, -1,
          59, 60, 92, 91, -1,
          60, 61, 93, 92, -1,
          61, 62, 94, 93, -1,
          62, 63, 95, 94, -1,
          64, 65, 66, 67, 68, 69, 70, 71, 72, 73, 74, 75, 76, 77, 78, 79, -1,
          80, 81, 82, 83, 84, 85, 86, 87, 88, 89, 90, 91, 92, 93, 94, 95, -1,
          96, 97, 225, 224, -1,
          96, 111, 256, 241, -1,
          96, 224, 239, 111, -1,
          96, 241, 242, 97, -1,
          97, 98, 226, 225, -1,
          97, 242, 243, 98, -1,
          98, 99, 227, 226, -1,
          98, 243, 244, 99, -1,
          99, 100, 228, 227, -1,
          99, 244, 245, 100, -1,
          100, 101, 229, 228, -1,
          100, 245, 246, 101, -1,
          101, 102, 230, 229, -1,
          101, 246, 247, 102, -1,
          102, 103, 231, 230, -1,
          102, 247, 248, 103, -1,
          103, 104, 232, 231, -1,
          103, 248, 249, 104, -1,
          104, 105, 233, 232, -1,
          104, 249, 250, 105, -1,
          105, 106, 234, 233, -1,
          105, 250, 251, 106, -1,
          106, 107, 235, 234, -1,
          106, 251, 252, 107, -1,
          107, 108, 236, 235, -1,
          107, 252, 253, 108, -1,
          108, 109, 237, 236, -1,
          108, 253, 254, 109, -1,
          109, 110, 238, 237, -1,
          109, 254, 255, 110, -1,
          110, 111, 239, 238, -1,
          110, 255, 256, 111, -1,
          112, 113, 240, -1,
          112, 127, 143, 128, -1,
          112, 128, 129, 113, -1,
          112, 240, 127, -1,
          113, 114, 240, -1,
          113, 129, 130, 114, -1,
          114, 115, 240, -1,
          114, 130, 131, 115, -1,
          115, 116, 240, -1,
          115, 131, 132, 116, -1,
          116, 117, 240, -1,
          116, 132, 133, 117, -1,
          117, 118, 240, -1,
          117, 133, 134, 118, -1,
          118, 119, 240, -1,
          118, 134, 135, 119, -1,
          119, 120, 240, -1,
          119, 135, 136, 120, -1,
          120, 121, 240, -1,
          120, 136, 137, 121, -1,
          121, 122, 240, -1,
          121, 137, 138, 122, -1,
          122, 123, 240, -1,
          122, 138, 139, 123, -1,
          123, 124, 240, -1,
          123, 139, 140, 124, -1,
          124, 125, 240, -1,
          124, 140, 141, 125, -1,
          125, 126, 240, -1,
          125, 141, 142, 126, -1,
          126, 127, 240, -1,
          126, 142, 143, 127, -1,
          128, 143, 159, 144, -1,
          128, 144, 145, 129, -1,
          129, 145, 146, 130, -1,
          130, 146, 147, 131, -1,
          131, 147, 148, 132, -1,
          132, 148, 149, 133, -1,
          133, 149, 150, 134, -1,
          134, 150, 151, 135, -1,
          135, 151, 152, 136, -1,
          136, 152, 153, 137, -1,
          137, 153, 154, 138, -1,
          138, 154, 155, 139, -1,
          139, 155, 156, 140, -1,
          140, 156, 157, 141, -1,
          141, 157, 158, 142, -1,
          142, 158, 159, 143, -1,
          144, 159, 175, 160, -1,
          144, 160, 161, 145, -1,
          145, 161, 162, 146, -1,
          146, 162, 163, 147, -1,
          147, 163, 164, 148, -1,
          148, 164, 165, 149, -1,
          149, 165, 166, 150, -1,
          150, 166, 167, 151, -1,
          151, 167, 168, 152, -1,
          152, 168, 169, 153, -1,
          153, 169, 170, 154, -1,
          154, 170, 171, 155, -1,
          155, 171, 172, 156, -1,
          156, 172, 173, 157, -1,
          157, 173, 174, 158, -1,
          158, 174, 175, 159, -1,
          160, 175, 191, 176, -1,
          160, 176, 177, 161, -1,
          161, 177, 178, 162, -1,
          162, 178, 179, 163, -1,
          163, 179, 180, 164, -1,
          164, 180, 181, 165, -1,
          165, 181, 182, 166, -1,
          166, 182, 183, 167, -1,
          167, 183, 184, 168, -1,
          168, 184, 185, 169, -1,
          169, 185, 186, 170, -1,
          170, 186, 187, 171, -1,
          171, 187, 188, 172, -1,
          172, 188, 189, 173, -1,
          173, 189, 190, 174, -1,
          174, 190, 191, 175, -1,
          176, 191, 207, 192, -1,
          176, 192, 193, 177, -1,
          177, 193, 194, 178, -1,
          178, 194, 195, 179, -1,
          179, 195, 196, 180, -1,
          180, 196, 197, 181, -1,
          181, 197, 198, 182, -1,
          182, 198, 199, 183, -1,
          183, 199, 200, 184, -1,
          184, 200, 201, 185, -1,
          185, 201, 202, 186, -1,
          186, 202, 203, 187, -1,
          187, 203, 204, 188, -1,
          188, 204, 205, 189, -1,
          189, 205, 206, 190, -1,
          190, 206, 207, 191, -1,
          192, 207, 223, 208, -1,
          192, 208, 209, 193, -1,
          193, 209, 210, 194, -1,
          194, 210, 211, 195, -1,
          195, 211, 212, 196, -1,
          196, 212, 213, 197, -1,
          197, 213, 214, 198, -1,
          198, 214, 215, 199, -1,
          199, 215, 216, 200, -1,
          200, 216, 217, 201, -1,
          201, 217, 218, 202, -1,
          202, 218, 219, 203, -1,
          203, 219, 220, 204, -1,
          204, 220, 221, 205, -1,
          205, 221, 222, 206, -1,
          206, 222, 223, 207, -1,
          208, 223, 239, 224, -1,
          208, 224, 225, 209, -1,
          209, 225, 226, 210, -1,
          210, 226, 227, 211, -1,
          211, 227, 228, 212, -1,
          212, 228, 229, 213, -1,
          213, 229, 230, 214, -1,
          214, 230, 231, 215, -1,
          215, 231, 232, 216, -1,
          216, 232, 233, 217, -1,
          217, 233, 234, 218, -1,
          218, 234, 235, 219, -1,
          219, 235, 236, 220, -1,
          220, 236, 237, 221, -1,
          221, 237, 238, 222, -1,
          222, 238, 239, 223, -1,
          241, 256, 272, 257, -1,
          241, 257, 258, 242, -1,
          242, 258, 259, 243, -1,
          243, 259, 260, 244, -1,
          244, 260, 261, 245, -1,
          245, 261, 262, 246, -1,
          246, 262, 263, 247, -1,
          247, 263, 264, 248, -1,
          248, 264, 265, 249, -1,
          249, 265, 266, 250, -1,
          250, 266, 267, 251, -1,
          251, 267, 268, 252, -1,
          252, 268, 269, 253, -1,
          253, 269, 270, 254, -1,
          254, 270, 271, 255, -1,
          255, 271, 272, 256, -1,
          257, 272, 288, 273, -1,
          257, 273, 274, 258, -1,
          258, 274, 275, 259, -1,
          259, 275, 276, 260, -1,
          260, 276, 277, 261, -1,
          261, 277, 278, 262, -1,
          262, 278, 279, 263, -1,
          263, 279, 280, 264, -1,
          264, 280, 281, 265, -1,
          265, 281, 282, 266, -1,
          266, 282, 283, 267, -1,
          267, 283, 284, 268, -1,
          268, 284, 285, 269, -1,
          269, 285, 286, 270, -1,
          270, 286, 287, 271, -1,
          271, 287, 288, 272, -1,
          273, 288, 304, 289, -1,
          273, 289, 290, 274, -1,
          274, 290, 291, 275, -1,
          275, 291, 292, 276, -1,
          276, 292, 293, 277, -1,
          277, 293, 294, 278, -1,
          278, 294, 295, 279, -1,
          279, 295, 296, 280, -1,
          280, 296, 297, 281, -1,
          281, 297, 298, 282, -1,
          282, 298, 299, 283, -1,
          283, 299, 300, 284, -1,
          284, 300, 301, 285, -1,
          285, 301, 302, 286, -1,
          286, 302, 303, 287, -1,
          287, 303, 304, 288, -1,
          289, 304, 320, 305, -1,
          289, 305, 306, 290, -1,
          290, 306, 307, 291, -1,
          291, 307, 308, 292, -1,
          292, 308, 309, 293, -1,
          293, 309, 310, 294, -1,
          294, 310, 311, 295, -1,
          295, 311, 312, 296, -1,
          296, 312, 313, 297, -1,
          297, 313, 314, 298, -1,
          298, 314, 315, 299, -1,
          299, 315, 316, 300, -1,
          300, 316, 317, 301, -1,
          301, 317, 318, 302, -1,
          302, 318, 319, 303, -1,
          303, 319, 320, 304, -1,
          305, 320, 319, 318, 317, 316, 315, 314, 313, 312, 311, 310, 309, 308, 307, 306, -1,
          321, 322, 467, 466, -1,
          321, 336, 464, 449, -1,
          321, 449, 450, 322, -1,
          321, 466, 481, 336, -1,
          322, 323, 468, 467, -1,
          322, 450, 451, 323, -1,
          323, 324, 469, 468, -1,
          323, 451, 452, 324, -1,
          324, 325, 470, 469, -1,
          324, 452, 453, 325, -1,
          325, 326, 471, 470, -1,
          325, 453, 454, 326, -1,
          326, 327, 472, 471, -1,
          326, 454, 455, 327, -1,
          327, 328, 473, 472, -1,
          327, 455, 456, 328, -1,
          328, 329, 474, 473, -1,
          328, 456, 457, 329, -1,
          329, 330, 475, 474, -1,
          329, 457, 458, 330, -1,
          330, 331, 476, 475, -1,
          330, 458, 459, 331, -1,
          331, 332, 477, 476, -1,
          331, 459, 460, 332, -1,
          332, 333, 478, 477, -1,
          332, 460, 461, 333, -1,
          333, 334, 479, 478, -1,
          333, 461, 462, 334, -1,
          334, 335, 480, 479, -1,
          334, 462, 463, 335, -1,
          335, 336, 481, 480, -1,
          335, 463, 464, 336, -1,
          337, 338, 354, 353, -1,
          337, 352, 465, -1,
          337, 353, 368, 352, -1,
          337, 465, 338, -1,
          338, 339, 355, 354, -1,
          338, 465, 339, -1,
          339, 340, 356, 355, -1,
          339, 465, 340, -1,
          340, 341, 357, 356, -1,
          340, 465, 341, -1,
          341, 342, 358, 357, -1,
          341, 465, 342, -1,
          342, 343, 359, 358, -1,
          342, 465, 343, -1,
          343, 344, 360, 359, -1,
          343, 465, 344, -1,
          344, 345, 361, 360, -1,
          344, 465, 345, -1,
          345, 346, 362, 361, -1,
          345, 465, 346, -1,
          346, 347, 363, 362, -1,
          346, 465, 347, -1,
          347, 348, 364, 363, -1,
          347, 465, 348, -1,
          348, 349, 365, 364, -1,
          348, 465, 349, -1,
          349, 350, 366, 365, -1,
          349, 465, 350, -1,
          350, 351, 367, 366, -1,
          350, 465, 351, -1,
          351, 352, 368, 367, -1,
          351, 465, 352, -1,
          353, 354, 370, 369, -1,
          353, 369, 384, 368, -1,
          354, 355, 371, 370, -1,
          355, 356, 372, 371, -1,
          356, 357, 373, 372, -1,
          357, 358, 374, 373, -1,
          358, 359, 375, 374, -1,
          359, 360, 376, 375, -1,
          360, 361, 377, 376, -1,
          361, 362, 378, 377, -1,
          362, 363, 379, 378, -1,
          363, 364, 380, 379, -1,
          364, 365, 381, 380, -1,
          365, 366, 382, 381, -1,
          366, 367, 383, 382, -1,
          367, 368, 384, 383, -1,
          369, 370, 386, 385, -1,
          369, 385, 400, 384, -1,
          370, 371, 387, 386, -1,
          371, 372, 388, 387, -1,
          372, 373, 389, 388, -1,
          373, 374, 390, 389, -1,
          374, 375, 391, 390, -1,
          375, 376, 392, 391, -1,
          376, 377, 393, 392, -1,
          377, 378, 394, 393, -1,
          378, 379, 395, 394, -1,
          379, 380, 396, 395, -1,
          380, 381, 397, 396, -1,
          381, 382, 398, 397, -1,
          382, 383, 399, 398, -1,
          383, 384, 400, 399, -1,
          385, 386, 402, 401, -1,
          385, 401, 416, 400, -1,
          386, 387, 403, 402, -1,
          387, 388, 404, 403, -1,
          388, 389, 405, 404, -1,
          389, 390, 406, 405, -1,
          390, 391, 407, 406, -1,
          391, 392, 408, 407, -1,
          392, 393, 409, 408, -1,
          393, 394, 410, 409, -1,
          394, 395, 411, 410, -1,
          395, 396, 412, 411, -1,
          396, 397, 413, 412, -1,
          397, 398, 414, 413, -1,
          398, 399, 415, 414, -1,
          399, 400, 416, 415, -1,
          401, 402, 418, 417, -1,
          401, 417, 432, 416, -1,
          402, 403, 419, 418, -1,
          403, 404, 420, 419, -1,
          404, 405, 421, 420, -1,
          405, 406, 422, 421, -1,
          406, 407, 423, 422, -1,
          407, 408, 424, 423, -1,
          408, 409, 425, 424, -1,
          409, 410, 426, 425, -1,
          410, 411, 427, 426, -1,
          411, 412, 428, 427, -1,
          412, 413, 429, 428, -1,
          413, 414, 430, 429, -1,
          414, 415, 431, 430, -1,
          415, 416, 432, 431, -1,
          417, 418, 434, 433, -1,
          417, 433, 448, 432, -1,
          418, 419, 435, 434, -1,
          419, 420, 436, 435, -1,
          420, 421, 437, 436, -1,
          421, 422, 438, 437, -1,
          422, 423, 439, 438, -1,
          423, 424, 440, 439, -1,
          424, 425, 441, 440, -1,
          425, 426, 442, 441, -1,
          426, 427, 443, 442, -1,
          427, 428, 444, 443, -1,
          428, 429, 445, 444, -1,
          429, 430, 446, 445, -1,
          430, 431, 447, 446, -1,
          431, 432, 448, 447, -1,
          433, 434, 450, 449, -1,
          433, 449, 464, 448, -1,
          434, 435, 451, 450, -1,
          435, 436, 452, 451, -1,
          436, 437, 453, 452, -1,
          437, 438, 454, 453, -1,
          438, 439, 455, 454, -1,
          439, 440, 456, 455, -1,
          440, 441, 457, 456, -1,
          441, 442, 458, 457, -1,
          442, 443, 459, 458, -1,
          443, 444, 460, 459, -1,
          444, 445, 461, 460, -1,
          445, 446, 462, 461, -1,
          446, 447, 463, 462, -1,
          447, 448, 464, 463, -1,
          466, 467, 483, 482, -1,
          466, 482, 497, 481, -1,
          467, 468, 484, 483, -1,
          468, 469, 485, 484, -1,
          469, 470, 486, 485, -1,
          470, 471, 487, 486, -1,
          471, 472, 488, 487, -1,
          472, 473, 489, 488, -1,
          473, 474, 490, 489, -1,
          474, 475, 491, 490, -1,
          475, 476, 492, 491, -1,
          476, 477, 493, 492, -1,
          477, 478, 494, 493, -1,
          478, 479, 495, 494, -1,
          479, 480, 496, 495, -1,
          480, 481, 497, 496, -1,
          482, 483, 499, 498, -1,
          482, 498, 513, 497, -1,
          483, 484, 500, 499, -1,
          484, 485, 501, 500, -1,
          485, 486, 502, 501, -1,
          486, 487, 503, 502, -1,
          487, 488, 504, 503, -1,
          488, 489, 505, 504, -1,
          489, 490, 506, 505, -1,
          490, 491, 507, 506, -1,
          491, 492, 508, 507, -1,
          492, 493, 509, 508, -1,
          493, 494, 510, 509, -1,
          494, 495, 511, 510, -1,
          495, 496, 512, 511, -1,
          496, 497, 513, 512, -1,
          498, 499, 515, 514, -1,
          498, 514, 529, 513, -1,
          499, 500, 516, 515, -1,
          500, 501, 517, 516, -1,
          501, 502, 518, 517, -1,
          502, 503, 519, 518, -1,
          503, 504, 520, 519, -1,
          504, 505, 521, 520, -1,
          505, 506, 522, 521, -1,
          506, 507, 523, 522, -1,
          507, 508, 524, 523, -1,
          508, 509, 525, 524, -1,
          509, 510, 526, 525, -1,
          510, 511, 527, 526, -1,
          511, 512, 528, 527, -1,
          512, 513, 529, 528, -1,
          514, 515, 531, 530, -1,
          514, 530, 545, 529, -1,
          515, 516, 532, 531, -1,
          516, 517, 533, 532, -1,
          517, 518, 534, 533, -1,
          518, 519, 535, 534, -1,
          519, 520, 536, 535, -1,
          520, 521, 537, 536, -1,
          521, 522, 538, 537, -1,
          522, 523, 539, 538, -1,
          523, 524, 540, 539, -1,
          524, 525, 541, 540, -1,
          525, 526, 542, 541, -1,
          526, 527, 543, 542, -1,
          527, 528, 544, 543, -1,
          528, 529, 545, 544, -1,
          530, 531, 532, 533, 534, 535, 536, 537, 538, 539, 540, 541, 542, 543, 544, 545, -1 ]
        normal Normal {
          vector [
            -0.9411514802973087 1.97154879129104e-16 0.337985045725672,
            -0.9335057676930254 -0.07463058518085627 0.3507096483409292,
            -0.9117326203156185 -0.13789934029586945 0.38694625078734135,
            -0.8791468024792289 -0.1801741709114662 0.4411781588280559,
            -0.8407092095582729 -0.1950191172887183 0.5051490560773454,
            -0.8022716166373095 -0.18017417091146407 0.5691199533266467,
            -0.7696857988009145 -0.1378993402958652 0.6233518613673688,
            -0.7479126514235127 -0.07463058518085824 0.6595884638137737,
            -0.7402669388192278 3.5418088905493897e-16 0.6723130664290332,
            -0.7479126514235128 0.07463058518085815 0.6595884638137736,
            -0.7696857988009209 0.13789934029586445 0.6233518613673609,
            -0.8022716166373076 0.18017417091146432 0.5691199533266493,
            -0.8407092095582696 0.19501911728871885 0.5051490560773508,
            -0.8791468024792287 0.18017417091146645 0.44117815882805617,
            -0.9117326203156183 0.13789934029586975 0.38694625078734196,
            -0.9335057676930252 0.07463058518085633 0.3507096483409297,
            -0.9889961093941587 1.888259682715573e-16 0.14794152764932864,
            -0.9739978674317685 -0.1463993786151662 0.17290279401866318,
            -0.9312864879239703 -0.27051077894984465 0.24398646659637752,
            -0.8673643912212072 -0.35343936537572623 0.35037070060761155,
            -0.7919631370912236 -0.38256001235898074 0.4758594607996402,
            -0.7165618829612392 -0.35343936537572684 0.6013482209916704,
            -0.6526397862584763 -0.2705107789498437 0.707732455002905,
            -0.609928406750679 -0.14639937861516708 0.7788161275806192,
            -0.594930164788289 3.7065838216268676e-16 0.8037773939499538,
            -0.6099284067506788 0.14639937861516664 0.7788161275806194,
            -0.652639786258477 0.27051077894984316 0.7077324550029049,
            -0.7165618829612399 0.3534393653757264 0.6013482209916698,
            -0.791963137091224 0.38256001235897974 0.4758594607996404,
            -0.867364391221207 0.3534393653757258 0.3503707006076124,
            -0.9312864879239701 0.27051077894984443 0.24398646659637843,
            -0.9739978674317686 0.14639937861516603 0.17290279401866307,
            -0.998856693379739 1.2627694232753034e-16 -0.04780487517496336,
            -0.9770812507424418 -0.21255232974401736 -0.011564452774608035,
            -0.9150700365771998 -0.39274549407617365 0.09163953863624849,
            -0.8222636961076151 -0.513146717182002 0.2460952269118159,
            -0.7127911533786088 -0.5554260042834471 0.4282881336564403,
            -0.6033186106496026 -0.5131467171820034 0.6104810404010645,
            -0.5105122701800172 -0.3927454940761753 0.7649367286766311,
            -0.4485010560147753 -0.21255232974401803 0.8681407200874878,
            -0.4267256133774772 3.7883082698259095e-16 0.9043811424878427,
            -0.4485010560147748 0.2125523297440177 0.868140720087488,
            -0.510512270180017 0.39274549407617526 0.7649367286766314,
            -0.6033186106496025 0.5131467171820041 0.6104810404010641,
            -0.7127911533786085 0.5554260042834473 0.42828813365644025,
            -0.8222636961076145 0.5131467171820028 0.24609522691181598,
            -0.9150700365771997 0.3927454940761741 0.09163953863624853,
            -0.9770812507424418 0.21255232974401725 -0.011564452774608085,
            -0.9703407980040992 8.449273115700498e-17 -0.24174105097969573,
            -0.9426238869834492 -0.2705476122288394 -0.19561236465389148,
            -0.8636928023699686 -0.49990680301605006 -0.06424898001200204,
            -0.7455640862839955 -0.6531597147105213 0.13235021844629258,
            -0.6062217649101413 -0.706974980747874 0.36425478493188884,
            -0.466879443536287 -0.6531597147105219 0.5961593514174852,
            -0.34875072745031355 -0.49990680301605267 0.7927585498757782,
            -0.2698196428368334 -0.270547612228841 0.9241219345176677,
            -0.24210273181618222 3.73176229276772e-16 0.9702506208434714,
            -0.26981964283683296 0.27054761222884083 0.9241219345176678,
            -0.3487507274503128 0.4999068030160532 0.7927585498757781,
            -0.4668794435362857 0.6531597147105231 0.596159351417485,
            -0.6062217649101403 0.7069749807478749 0.3642547849318885,
            -0.7455640862839947 0.6531597147105223 0.13235021844629177,
            -0.8636928023699678 0.49990680301605106 -0.06424898001200226,
            -0.9426238869834492 0.27054761222883966 -0.19561236465389162,
            -0.904528051928388 1.4133307917319462e-16 -0.42641412180488963,
            -0.8719340603078618 -0.3181532963529087 -0.3721686103029434,
            -0.7791142252052385 -0.5878706374029006 -0.21769046318648963,
            -0.6401995251009927 -0.7680900029688985 0.013502421993883344,
            -0.4763384638211026 -0.8313746283360971 0.286213024238186,
            -0.31247740254121364 -0.7680900029688972 0.558923626482488,
            -0.17356270243696864 -0.5878706374029002 0.7901165116628586,
            -0.08074286733434564 -0.31815329635290873 0.9445946587793128,
            -0.04814887571381833 3.7453265980896565e-16 0.9988401702812594,
            -0.08074286733434535 0.3181532963529088 0.9445946587793128,
            -0.17356270243696864 0.5878706374029001 0.7901165116628586,
            -0.31247740254121353 0.7680900029688967 0.5589236264824886,
            -0.47633846382110295 0.831374628336097 0.28621302423818623,
            -0.6401995251009924 0.7680900029688987 0.01350242199388273,
            -0.7791142252052378 0.5878706374029015 -0.2176904631864897,
            -0.8719340603078615 0.31815329635290907 -0.3721686103029436,
            -0.8039342036281439 1.7720716931138716e-16 -0.5947182494566496,
            -0.767715514161788 -0.353534343920211 -0.5344402277001683,
            -0.6645734129107346 -0.653246288775377 -0.36278294482152135,
            -0.510210349804982 -0.8535074078568453 -0.10587966606183831,
            -0.3281267018977284 -0.9238297611560283 0.19715841322174182,
            -0.14604305399047438 -0.8535074078568448 0.5001964925053205,
            0.00832000911527932 -0.6532462887753767 0.7570997712650023,
            0.11146211036633294 -0.35353434392021066 0.9287570541436494,
            0.14768079983268903 3.756791989401411e-16 0.9890350759001307,
            0.11146211036633288 0.35353434392021077 0.9287570541436493,
            0.008320009115279303 0.6532462887753763 0.7570997712650027,
            -0.14604305399047385 0.8535074078568445 0.5001964925053209,
            -0.32812670189772797 0.9238297611560286 0.19715841322174138,
            -0.5102103498049823 0.8535074078568452 -0.10587966606183866,
            -0.6645734129107347 0.6532462887753773 -0.36278294482152074,
            -0.767715514161788 0.3535343439202113 -0.5344402277001681,
            -0.6724186883705439 1.2074605100283202e-16 -0.7401709988442112,
            -0.6339675974296323 -0.3753250437578364 -0.6761776371172579,
            -0.5244681546426431 -0.6935102519335358 -0.49393996115805844,
            -0.36059065755897507 -0.906114810938443 -0.2212020051427557,
            -0.1672839695564067 -0.9807716039291879 0.10051434950105036,
            0.02602271844616111 -0.9061148109384425 0.4222307041448579,
            0.18990021552982866 -0.6935102519335352 0.6949686601601609,
            0.2993996583168172 -0.37532504375783693 0.8772063361193597,
            0.3378507492577282 3.196218997133788e-16 0.9411996978463134,
            0.2993996583168166 0.37532504375783665 0.8772063361193599,
            0.18990021552982808 0.6935102519335349 0.6949686601601613,
            0.02602271844616057 0.9061148109384423 0.4222307041448584,
            -0.16728396955640798 0.9807716039291876 0.10051434950105119,
            -0.3605906575589765 0.9061148109384426 -0.22120200514275512,
            -0.5244681546426441 0.6935102519335357 -0.4939399611580576,
            -0.6339675974296325 0.37532504375783665 -0.6761776371172573,
            -0.8571673007021126 1.3359172841558525e-16 0.5150380749100538,
            -0.5190413153972495 4.403640711839208e-16 -0.8547491520385926,
            -0.5375639092870399 -0.3591452288359832 -0.7629152954531613,
            -0.4879652194664445 -0.6932995542856769 -0.5303071493185308,
            -0.2893486232659846 -0.9212749655540378 -0.2598649881332339,
            0.0020421262819008885 -0.999991807791792 -0.0034948633095608595,
            0.31221552535093355 -0.92336297667116 0.22343294081852713,
            0.5810764487386695 -0.7061318148888339 0.4046331928093122,
            0.7624036581815452 -0.3819676306660666 0.5223422164776163,
            0.8263120029004005 0.0 0.5632126364551211,
            0.762403658181545 0.38196763066606704 0.5223422164776161,
            0.5810764487386696 0.706131814888834 0.404633192809312,
            0.3122155253509347 0.9233629766711596 0.22343294081852744,
            0.002042126281901066 0.999991807791792 -0.0034948633095610374,
            -0.2893486232659848 0.9212749655540374 -0.25986498813323483,
            -0.48796521946644444 0.6932995542856771 -0.5303071493185304,
            -0.5375639092870419 0.3591452288359842 -0.7629152954531595,
            -0.722580770786075 -3.551323154709041e-17 -0.6912865033328814,
            -0.7167038715245632 -0.35914522883598343 -0.5977878094659104,
            -0.6085917978111143 -0.6932995542856765 -0.38594267924695513,
            -0.3467473160980224 -0.9212749655540377 -0.17612136901076153,
            0.0010680053316872297 -0.999991807791792 -0.003904319904315466,
            0.359405739691975 -0.9233629766711603 0.13501232384282055,
            0.6660035254647075 -0.7061318148888336 0.2404519995142117,
            0.8716174971802887 -0.3819676306660661 0.3072192502635882,
            0.9439262609311323 0.0 0.33015634769692376,
            0.8716174971802885 0.38196763066606654 0.3072192502635881,
            0.6660035254647075 0.7061318148888337 0.24045199951421214,
            0.359405739691976 0.9233629766711597 0.13501232384282155,
            0.00106800533168711 0.999991807791792 -0.0039043199043153967,
            -0.3467473160980228 0.9212749655540374 -0.1761213690107621,
            -0.6085917978111134 0.6932995542856771 -0.38594267924695547,
            -0.716703871524562 0.3591452288359842 -0.5977878094659113,
            0.9411514802973087 -1.7447334436203893e-16 0.33798504572567195,
            0.933505767693024 -0.07463058518085683 0.35070964834093277,
            0.9117326203156192 -0.13789934029586778 0.38694625078734035,
            0.8791468024792289 -0.18017417091146315 0.441178158828057,
            0.8407092095582696 -0.19501911728871665 0.5051490560773515,
            0.8022716166373081 -0.1801741709114636 0.5691199533266487,
            0.7696857988009189 -0.13789934029586892 0.6233518613673624,
            0.7479126514235146 -0.074630585180858 0.6595884638137715,
            0.7402669388192262 -3.489466887240778e-18 0.6723130664290349,
            0.7479126514235142 0.07463058518085781 0.659588463813772,
            0.7696857988009188 0.13789934029586873 0.6233518613673626,
            0.8022716166373085 0.1801741709114637 0.5691199533266482,
            0.8407092095582697 0.19501911728871682 0.5051490560773513,
            0.879146802479229 0.1801741709114632 0.4411781588280567,
            0.9117326203156191 0.13789934029586784 0.38694625078734063,
            0.9335057676930251 0.07463058518085672 0.3507096483409301,
            0.9889961093941587 -1.888259682715573e-16 0.14794152764932883,
            0.9739978674317685 -0.1463993786151662 0.17290279401866357,
            0.9312864879239703 -0.2705107789498443 0.24398646659637796,
            0.8673643912212075 -0.35343936537572573 0.35037070060761144,
            0.7919631370912231 -0.38256001235897946 0.4758594607996419,
            0.7165618829612391 -0.35343936537572573 0.6013482209916711,
            0.6526397862584776 -0.2705107789498441 0.7077324550029037,
            0.6099284067506799 -0.1463993786151665 0.7788161275806185,
            0.5949301647882895 0.0 0.8037773939499535,
            0.6099284067506799 0.1463993786151661 0.7788161275806186,
            0.652639786258478 0.27051077894984377 0.7077324550029035,
            0.7165618829612393 0.3534393653757257 0.6013482209916707,
            0.7919631370912232 0.38256001235897935 0.47585946079964203,
            0.8673643912212072 0.3534393653757257 0.35037070060761194,
            0.93128648792397 0.2705107789498443 0.24398646659637852,
            0.9739978674317685 0.14639937861516608 0.17290279401866368,
            0.998856693379739 -1.9643079917615834e-16 -0.04780487517496339,
            0.9770812507424418 -0.2125523297440174 -0.011564452774608443,
            0.9150700365771999 -0.39274549407617365 0.09163953863624866,
            0.8222636961076148 -0.5131467171820024 0.24609522691181576,
            0.7127911533786079 -0.5554260042834475 0.4282881336564411,
            0.6033186106496016 -0.5131467171820044 0.6104810404010648,
            0.5105122701800174 -0.392745494076176 0.7649367286766308,
            0.44850105601477447 -0.21255232974401791 0.8681407200874882,
            0.42672561337747644 0.0 0.9043811424878432,
            0.44850105601477414 0.21255232974401767 0.8681407200874883,
            0.5105122701800171 0.39274549407617615 0.7649367286766309,
            0.6033186106496017 0.513146717182005 0.6104810404010641,
            0.7127911533786078 0.5554260042834477 0.42828813365644103,
            0.8222636961076144 0.5131467171820029 0.24609522691181607,
            0.9150700365771995 0.39274549407617415 0.09163953863624849,
            0.9770812507424418 0.2125523297440174 -0.011564452774608571,
            0.9703407980040993 -1.9714970603301164e-16 -0.24174105097969548,
            0.9426238869834491 -0.2705476122288394 -0.1956123646538917,
            0.8636928023699688 -0.49990680301604984 -0.06424898001200184,
            0.7455640862839955 -0.6531597147105213 0.13235021844629308,
            0.6062217649101406 -0.706974980747874 0.3642547849318899,
            0.466879443536286 -0.6531597147105227 0.5961593514174851,
            0.3487507274503137 -0.4999068030160535 0.7927585498757777,
            0.26981964283683235 -0.27054761222884016 0.9241219345176682,
            0.24210273181618042 0.0 0.9702506208434718,
            0.2698196428368321 0.27054761222884016 0.9241219345176682,
            0.3487507274503134 0.4999068030160532 0.7927585498757779,
            0.4668794435362861 0.6531597147105227 0.5961593514174851,
            0.6062217649101405 0.7069749807478741 0.3642547849318896,
            0.745564086283995 0.6531597147105218 0.13235021844629274,
            0.8636928023699683 0.49990680301605045 -0.06424898001200216,
            0.9426238869834491 0.27054761222883966 -0.1956123646538917,
            0.904528051928388 -1.9079965688381284e-16 -0.42641412180488963,
            0.8719340603078618 -0.3181532963529087 -0.3721686103029436,
            0.7791142252052384 -0.5878706374029006 -0.21769046318648963,
            0.6401995251009923 -0.7680900029688986 0.013502421993883216,
            0.47633846382110284 -0.8313746283360965 0.28621302423818695,
            0.3124774025412141 -0.7680900029688966 0.5589236264824885,
            0.17356270243696933 -0.5878706374029005 0.7901165116628582,
            0.08074286733434638 -0.3181532963529079 0.9445946587793131,
            0.04814887571382021 0.0 0.9988401702812593,
            0.08074286733434638 0.3181532963529079 0.9445946587793131,
            0.17356270243696933 0.5878706374028995 0.790116511662859,
            0.3124774025412147 0.768090002968896 0.5589236264824892,
            0.47633846382110323 0.8313746283360965 0.2862130242381866,
            0.6401995251009923 0.7680900029688987 0.01350242199388322,
            0.7791142252052382 0.587870637402901 -0.21769046318648935,
            0.8719340603078617 0.31815329635290895 -0.37216861030294346,
            0.8039342036281439 -1.7720716931138716e-16 -0.5947182494566496,
            0.7677155141617876 -0.3535343439202109 -0.5344402277001684,
            0.6645734129107344 -0.6532462887753772 -0.3627829448215216,
            0.5102103498049815 -0.8535074078568456 -0.105879666061839,
            0.32812670189772714 -0.9238297611560288 0.19715841322174113,
            0.1460430539904729 -0.8535074078568451 0.5001964925053203,
            -0.008320009115281517 -0.6532462887753773 0.7570997712650019,
            -0.11146211036633447 -0.3535343439202119 0.9287570541436486,
            -0.14768079983268886 0.0 0.9890350759001307,
            -0.11146211036633441 0.35353434392021194 0.9287570541436487,
            -0.008320009115282318 0.6532462887753766 0.7570997712650024,
            0.14604305399047207 0.8535074078568451 0.5001964925053206,
            0.3281267018977272 0.923829761156029 0.1971584132217408,
            0.5102103498049818 0.8535074078568454 -0.1058796660618388,
            0.6645734129107345 0.6532462887753773 -0.3627829448215211,
            0.7677155141617877 0.35353434392021127 -0.5344402277001684,
            0.6724186883705432 -1.7046501318046878e-16 -0.740170998844212,
            0.6339675974296315 -0.3753250437578369 -0.6761776371172582,
            0.5244681546426428 -0.6935102519335358 -0.49393996115805866,
            0.3605906575589751 -0.9061148109384428 -0.22120200514275604,
            0.1672839695564065 -0.980771603929188 0.10051434950105022,
            -0.0260227184461619 -0.9061148109384426 0.42223070414485775,
            -0.18990021552982872 -0.6935102519335352 0.6949686601601608,
            -0.2993996583168165 -0.3753250437578385 0.8772063361193592,
            -0.33785074925772796 0.0 0.9411996978463135,
            -0.2993996583168163 0.3753250437578382 0.8772063361193594,
            -0.18990021552982864 0.6935102519335348 0.6949686601601613,
            -0.026022718446161358 0.9061148109384424 0.4222307041448582,
            0.16728396955640767 0.9807716039291877 0.10051434950105098,
            0.36059065755897657 0.9061148109384425 -0.22120200514275537,
            0.5244681546426435 0.6935102519335357 -0.4939399611580582,
            0.6339675974296315 0.3753250437578371 -0.6761776371172581,
            0.857167300702113 -3.225379413622612e-17 0.515038074910053,
            0.5190413153972495 6.037249363005366e-16 -0.8547491520385926,
            0.5375639092870399 -0.3591452288359835 -0.7629152954531612,
            0.4879652194664442 -0.6932995542856771 -0.5303071493185305,
            0.2893486232659854 -0.9212749655540374 -0.2598649881332345,
            -0.0020421262819007406 -0.999991807791792 -0.0034948633095611766,
            -0.3122155253509341 -0.9233629766711599 0.22343294081852685,
            -0.581076448738669 -0.7061318148888346 0.40463319280931154,
            -0.7624036581815455 -0.38196763066606554 0.5223422164776166,
            -0.8263120029004005 -1.854534823605178e-16 0.5632126364551213,
            -0.7624036581815455 0.3819676306660653 0.5223422164776166,
            -0.5810764487386697 0.7061318148888337 0.40463319280931237,
            -0.31221552535093444 0.9233629766711595 0.22343294081852763,
            -0.0020421262819004357 0.999991807791792 -0.003494863309561264,
            0.2893486232659851 0.9212749655540373 -0.25986498813323494,
            0.48796521946644444 0.6932995542856771 -0.5303071493185304,
            0.5375639092870419 0.3591452288359842 -0.7629152954531595,
            0.722580770786075 1.207449872601074e-16 -0.6912865033328814,
            0.7167038715245632 -0.3591452288359838 -0.5977878094659103,
            0.6085917978111139 -0.6932995542856768 -0.3859426792469549,
            0.34674731609802323 -0.9212749655540372 -0.17612136901076217,
            -0.0010680053316870959 -0.999991807791792 -0.0039043199043154488,
            -0.35940573969197587 -0.9233629766711599 0.13501232384282122,
            -0.666003525464707 -0.7061318148888346 0.24045199951421092,
            -0.8716174971802889 -0.3819676306660658 0.3072192502635877,
            -0.9439262609311323 -1.8545348236051776e-16 0.33015634769692365,
            -0.871617497180289 0.3819676306660657 0.3072192502635877,
            -0.6660035254647081 0.7061318148888336 0.24045199951421092,
            -0.3594057396919768 0.9233629766711595 0.1350123238428209,
            -0.0010680053316867134 0.999991807791792 -0.003904319904315887,
            0.3467473160980229 0.9212749655540372 -0.17612136901076245,
            0.6085917978111134 0.6932995542856771 -0.38594267924695547,
            0.716703871524562 0.3591452288359842 -0.5977878094659113,
            1.0 0.0 -1.414966974433882e-17,
            1.0 0.0 -1.414966974433882e-17,
            0.5313475336396977 0.8471539402582097 -6.977542468296862e-18,
            0.5313475336396977 0.8471539402582097 -6.977542468296862e-18,
            0.923879532511287 0.0 0.3826834323650894,
            0.923879532511287 0.0 0.3826834323650894,
            0.49090111098006883 0.8471539402582099 0.2033378979519643,
            0.49090111098006883 0.8471539402582099 0.2033378979519643,
            0.707106781186548 0.0 0.707106781186547,
            0.707106781186548 0.0 0.707106781186547,
            0.37571944420337616 0.847153940258211 0.3757194442033755,
            0.37571944420337616 0.847153940258211 0.3757194442033755,
            0.3826834323650895 0.0 0.9238795325112868,
            0.3826834323650895 0.0 0.9238795325112868,
            0.20333789795196316 0.8471539402582118 0.490901110980066,
            0.20333789795196316 0.8471539402582118 0.490901110980066,
            -2.8299339488677637e-17 0.0 1.0,
            -2.8299339488677637e-17 0.0 1.0,
            -1.3955084936593724e-17 0.8471539402582114 0.5313475336396949,
            -1.3955084936593724e-17 0.8471539402582114 0.5313475336396949,
            -0.3826834323650894 0.0 0.923879532511287,
            -0.3826834323650894 0.0 0.923879532511287,
            -0.20333789795196316 0.8471539402582118 0.4909011109800661,
            -0.20333789795196316 0.8471539402582118 0.4909011109800661,
            -0.7071067811865475 0.0 0.7071067811865475,
            -0.7071067811865475 0.0 0.7071067811865475,
            -0.37571944420337566 0.8471539402582113 0.37571944420337544,
            -0.37571944420337566 0.8471539402582113 0.37571944420337544,
            -0.9238795325112867 0.0 0.38268343236508984,
            -0.9238795325112867 0.0 0.38268343236508984,
            -0.49090111098006817 0.8471539402582103 0.20333789795196414,
            -0.49090111098006817 0.8471539402582103 0.20333789795196414,
            -1.0 0.0 7.07483487216941e-17,
            -1.0 0.0 7.07483487216941e-17,
            -0.5313475336396974 0.8471539402582099 4.1865254809781175e-17,
            -0.5313475336396974 0.8471539402582099 4.1865254809781175e-17,
            -0.9238795325112868 0.0 -0.3826834323650897,
            -0.9238795325112868 0.0 -0.3826834323650897,
            -0.4909011109800687 0.8471539402582099 -0.20333789795196427,
            -0.4909011109800687 0.8471539402582099 -0.20333789795196427,
            -0.7071067811865478 0.0 -0.7071067811865472,
            -0.7071067811865478 0.0 -0.7071067811865472,
            -0.37571944420337705 0.8471539402582101 -0.3757194442033768,
            -0.37571944420337705 0.8471539402582101 -0.3757194442033768,
            -0.3826834323650901 0.0 -0.9238795325112866,
            -0.3826834323650901 0.0 -0.9238795325112866,
            -0.2033378979519644 0.8471539402582102 -0.4909011109800683,
            -0.2033378979519644 0.8471539402582102 -0.4909011109800683,
            -2.8299339488677637e-17 0.0 -1.0,
            -2.8299339488677637e-17 0.0 -1.0,
            -1.3955084936593724e-17 0.84715394025821 -0.5313475336396972,
            -1.3955084936593724e-17 0.84715394025821 -0.5313475336396972,
            0.38268343236508995 0.0 -0.9238795325112866,
            0.38268343236508995 0.0 -0.9238795325112866,
            0.20333789795196458 0.8471539402582098 -0.4909011109800689,
            0.20333789795196458 0.8471539402582098 -0.4909011109800689,
            0.7071067811865472 0.0 -0.7071067811865477,
            0.7071067811865472 0.0 -0.7071067811865477,
            0.3757194442033774 0.8471539402582097 -0.3757194442033776,
            0.3757194442033774 0.8471539402582097 -0.3757194442033776,
            0.9238795325112865 0.0 -0.38268343236509034,
            0.9238795325112865 0.0 -0.38268343236509034,
            0.49090111098006894 0.8471539402582097 -0.20333789795196486,
            0.49090111098006894 0.8471539402582097 -0.20333789795196486,
            1.0 0.0 -1.414966974433882e-17,
            1.0 0.0 -1.414966974433882e-17,
            0.5313475336396977 -0.8471539402582097 -6.977542468296862e-18,
            0.5313475336396977 -0.8471539402582097 -6.977542468296862e-18,
            0.923879532511287 0.0 0.3826834323650894,
            0.923879532511287 0.0 0.3826834323650894,
            0.49090111098006883 -0.8471539402582099 0.2033378979519643,
            0.49090111098006883 -0.8471539402582099 0.2033378979519643,
            0.707106781186548 0.0 0.707106781186547,
            0.707106781186548 0.0 0.707106781186547,
            0.37571944420337616 -0.847153940258211 0.3757194442033755,
            0.37571944420337616 -0.847153940258211 0.3757194442033755,
            0.3826834323650895 0.0 0.9238795325112868,
            0.3826834323650895 0.0 0.9238795325112868,
            0.20333789795196316 -0.8471539402582118 0.490901110980066,
            0.20333789795196316 -0.8471539402582118 0.490901110980066,
            -2.8299339488677637e-17 0.0 1.0,
            -2.8299339488677637e-17 0.0 1.0,
            -1.3955084936593724e-17 -0.8471539402582114 0.5313475336396949,
            -1.3955084936593724e-17 -0.8471539402582114 0.5313475336396949,
            -0.3826834323650894 0.0 0.923879532511287,
            -0.3826834323650894 0.0 0.923879532511287,
            -0.20333789795196316 -0.8471539402582118 0.4909011109800661,
            -0.20333789795196316 -0.8471539402582118 0.4909011109800661,
            -0.7071067811865475 0.0 0.7071067811865475,
            -0.7071067811865475 0.0 0.7071067811865475,
            -0.37571944420337566 -0.8471539402582113 0.37571944420337544,
            -0.37571944420337566 -0.8471539402582113 0.37571944420337544,
            -0.9238795325112867 0.0 0.38268343236508984,
            -0.9238795325112867 0.0 0.38268343236508984,
            -0.49090111098006817 -0.8471539402582103 0.20333789795196414,
            -0.49090111098006817 -0.8471539402582103 0.20333789795196414,
            -1.0 0.0 7.07483487216941e-17,
            -1.0 0.0 7.07483487216941e-17,
            -0.5313475336396974 -0.8471539402582099 4.1865254809781175e-17,
            -0.5313475336396974 -0.8471539402582099 4.1865254809781175e-17,
            -0.9238795325112868 0.0 -0.3826834323650897,
            -0.9238795325112868 0.0 -0.3826834323650897,
            -0.4909011109800687 -0.8471539402582099 -0.20333789795196427,
            -0.4909011109800687 -0.8471539402582099 -0.20333789795196427,
            -0.7071067811865478 0.0 -0.7071067811865472,
            -0.7071067811865478 0.0 -0.7071067811865472,
            -0.37571944420337705 -0.8471539402582101 -0.3757194442033768,
            -0.37571944420337705 -0.8471539402582101 -0.3757194442033768,
            -0.3826834323650901 0.0 -0.9238795325112866,
            -0.3826834323650901 0.0 -0.9238795325112866,
            -0.2033378979519644 -0.8471539402582102 -0.4909011109800683,
            -0.2033378979519644 -0.8471539402582102 -0.4909011109800683,
            -2.8299339488677637e-17 0.0 -1.0,
            -2.8299339488677637e-17 0.0 -1.0,
            -1.3955084936593724e-17 -0.84715394025821 -0.5313475336396972,
            -1.3955084936593724e-17 -0.84715394025821 -0.5313475336396972,
            0.38268343236508995 0.0 -0.9238795325112866,
            0.38268343236508995 0.0 -0.9238795325112866,
            0.20333789795196458 -0.8471539402582098 -0.4909011109800689,
            0.20333789795196458 -0.8471539402582098 -0.4909011109800689,
            0.7071067811865472 0.0 -0.7071067811865477,
            0.7071067811865472 0.0 -0.7071067811865477,
            0.3757194442033774 -0.8471539402582097 -0.3757194442033776,
            0.3757194442033774 -0.8471539402582097 -0.3757194442033776,
            0.9238795325112865 0.0 -0.38268343236509034,
            0.9238795325112865 0.0 -0.38268343236509034,
            0.49090111098006894 -0.8471539402582097 -0.20333789795196486,
            0.49090111098006894 -0.8471539402582097 -0.20333789795196486,
            0.5313475336396977 -0.8471539402582097 -6.977542468296862e-18,
            0.5313475336396977 -0.8471539402582097 -6.977542468296862e-18,
            0.11850228801860536 -0.9929537792537755 -2.082246397999238e-17,
            0.11850228801860536 -0.9929537792537755 -2.082246397999238e-17,
            0.49090111098006883 -0.8471539402582099 0.2033378979519643,
            0.49090111098006883 -0.8471539402582099 0.2033378979519643,
            0.10948183845614703 -0.9929537792537755 0.04534886232207639,
            0.10948183845614703 -0.9929537792537755 0.04534886232207639,
            0.37571944420337616 -0.847153940258211 0.3757194442033755,
            0.37571944420337616 -0.847153940258211 0.3757194442033755,
            0.08379377144407732 -0.9929537792537755 0.08379377144407732,
            0.08379377144407732 -0.9929537792537755 0.08379377144407732,
            0.20333789795196316 -0.8471539402582118 0.490901110980066,
            0.20333789795196316 -0.8471539402582118 0.490901110980066,
            0.04534886232207646 -0.9929537792537755 0.10948183845614715,
            0.04534886232207646 -0.9929537792537755 0.10948183845614715,
            -1.3955084936593724e-17 -0.8471539402582114 0.5313475336396949,
            -1.3955084936593724e-17 -0.8471539402582114 0.5313475336396949,
            0.0 -0.9929537792537755 0.11850228801860557,
            0.0 -0.9929537792537755 0.11850228801860557,
            -0.20333789795196316 -0.8471539402582118 0.4909011109800661,
            -0.20333789795196316 -0.8471539402582118 0.4909011109800661,
            -0.04534886232207646 -0.9929537792537755 0.10948183845614716,
            -0.04534886232207646 -0.9929537792537755 0.10948183845614716,
            -0.37571944420337566 -0.8471539402582113 0.37571944420337544,
            -0.37571944420337566 -0.8471539402582113 0.37571944420337544,
            -0.08379377144407729 -0.9929537792537755 0.08379377144407733,
            -0.08379377144407729 -0.9929537792537755 0.08379377144407733,
            -0.49090111098006817 -0.8471539402582103 0.20333789795196414,
            -0.49090111098006817 -0.8471539402582103 0.20333789795196414,
            -0.10948183845614703 -0.9929537792537755 0.04534886232207642,
            -0.10948183845614703 -0.9929537792537755 0.04534886232207642,
            -0.5313475336396974 -0.8471539402582099 4.1865254809781175e-17,
            -0.5313475336396974 -0.8471539402582099 4.1865254809781175e-17,
            -0.11850228801860539 -0.9929537792537755 1.2146437321662221e-17,
            -0.11850228801860539 -0.9929537792537755 1.2146437321662221e-17,
            -0.4909011109800687 -0.8471539402582099 -0.20333789795196427,
            -0.4909011109800687 -0.8471539402582099 -0.20333789795196427,
            -0.10948183845614703 -0.9929537792537755 -0.04534886232207636,
            -0.10948183845614703 -0.9929537792537755 -0.04534886232207636,
            -0.37571944420337705 -0.8471539402582101 -0.3757194442033768,
            -0.37571944420337705 -0.8471539402582101 -0.3757194442033768,
            -0.08379377144407729 -0.9929537792537755 -0.08379377144407724,
            -0.08379377144407729 -0.9929537792537755 -0.08379377144407724,
            -0.2033378979519644 -0.8471539402582102 -0.4909011109800683,
            -0.2033378979519644 -0.8471539402582102 -0.4909011109800683,
            -0.04534886232207643 -0.9929537792537755 -0.109481838456147,
            -0.04534886232207643 -0.9929537792537755 -0.109481838456147,
            -1.3955084936593724e-17 -0.84715394025821 -0.5313475336396972,
            -1.3955084936593724e-17 -0.84715394025821 -0.5313475336396972,
            -1.9087258648326346e-17 -0.9929537792537755 -0.11850228801860536,
            -1.9087258648326346e-17 -0.9929537792537755 -0.11850228801860536,
            0.20333789795196458 -0.8471539402582098 -0.4909011109800689,
            0.20333789795196458 -0.8471539402582098 -0.4909011109800689,
            0.04534886232207639 -0.9929537792537755 -0.10948183845614697,
            0.04534886232207639 -0.9929537792537755 -0.10948183845614697,
            0.3757194442033774 -0.8471539402582097 -0.3757194442033776,
            0.3757194442033774 -0.8471539402582097 -0.3757194442033776,
            0.08379377144407718 -0.9929537792537755 -0.08379377144407722,
            0.08379377144407718 -0.9929537792537755 -0.08379377144407722,
            0.49090111098006894 -0.8471539402582097 -0.20333789795196486,
            0.49090111098006894 -0.8471539402582097 -0.20333789795196486,
            0.10948183845614692 -0.9929537792537755 -0.04534886232207639,
            0.10948183845614692 -0.9929537792537755 -0.04534886232207639,
            0.49090111098006883 0.8471539402582099 0.2033378979519643,
            0.49090111098006883 0.8471539402582099 0.2033378979519643,
            0.10948183845614705 0.9929537792537755 0.04534886232207639,
            0.10948183845614705 0.9929537792537755 0.04534886232207639,
            0.5313475336396977 0.8471539402582097 -6.977542468296862e-18,
            0.5313475336396977 0.8471539402582097 -6.977542468296862e-18,
            0.11850228801860538 0.9929537792537755 -2.082246397999238e-17,
            0.11850228801860538 0.9929537792537755 -2.082246397999238e-17,
            0.49090111098006894 0.8471539402582097 -0.20333789795196486,
            0.49090111098006894 0.8471539402582097 -0.20333789795196486,
            0.10948183845614695 0.9929537792537755 -0.04534886232207639,
            0.10948183845614695 0.9929537792537755 -0.04534886232207639,
            0.3757194442033774 0.8471539402582097 -0.3757194442033776,
            0.3757194442033774 0.8471539402582097 -0.3757194442033776,
            0.08379377144407718 0.9929537792537755 -0.08379377144407724,
            0.08379377144407718 0.9929537792537755 -0.08379377144407724,
            0.20333789795196458 0.8471539402582098 -0.4909011109800689,
            0.20333789795196458 0.8471539402582098 -0.4909011109800689,
            0.04534886232207638 0.9929537792537755 -0.10948183845614698,
            0.04534886232207638 0.9929537792537755 -0.10948183845614698,
            -1.3955084936593724e-17 0.84715394025821 -0.5313475336396972,
            -1.3955084936593724e-17 0.84715394025821 -0.5313475336396972,
            -1.7352053316660315e-17 0.9929537792537755 -0.11850228801860538,
            -1.7352053316660315e-17 0.9929537792537755 -0.11850228801860538,
            -0.2033378979519644 0.8471539402582102 -0.4909011109800683,
            -0.2033378979519644 0.8471539402582102 -0.4909011109800683,
            -0.04534886232207643 0.9929537792537755 -0.10948183845614701,
            -0.04534886232207643 0.9929537792537755 -0.10948183845614701,
            -0.37571944420337705 0.8471539402582101 -0.3757194442033768,
            -0.37571944420337705 0.8471539402582101 -0.3757194442033768,
            -0.08379377144407726 0.9929537792537755 -0.08379377144407721,
            -0.08379377144407726 0.9929537792537755 -0.08379377144407721,
            -0.4909011109800687 0.8471539402582099 -0.20333789795196427,
            -0.4909011109800687 0.8471539402582099 -0.20333789795196427,
            -0.10948183845614701 0.9929537792537755 -0.04534886232207636,
            -0.10948183845614701 0.9929537792537755 -0.04534886232207636,
            -0.5313475336396974 0.8471539402582099 4.1865254809781175e-17,
            -0.5313475336396974 0.8471539402582099 4.1865254809781175e-17,
            -0.11850228801860539 0.9929537792537755 1.2146437321662221e-17,
            -0.11850228801860539 0.9929537792537755 1.2146437321662221e-17,
            -0.49090111098006817 0.8471539402582103 0.20333789795196414,
            -0.49090111098006817 0.8471539402582103 0.20333789795196414,
            -0.10948183845614701 0.9929537792537755 0.04534886232207643,
            -0.10948183845614701 0.9929537792537755 0.04534886232207643,
            -0.37571944420337566 0.8471539402582113 0.37571944420337544,
            -0.37571944420337566 0.8471539402582113 0.37571944420337544,
            -0.08379377144407729 0.9929537792537755 0.08379377144407732,
            -0.08379377144407729 0.9929537792537755 0.08379377144407732,
            -0.20333789795196316 0.8471539402582118 0.4909011109800661,
            -0.20333789795196316 0.8471539402582118 0.4909011109800661,
            -0.04534886232207646 0.9929537792537755 0.10948183845614715,
            -0.04534886232207646 0.9929537792537755 0.10948183845614715,
            -1.3955084936593724e-17 0.8471539402582114 0.5313475336396949,
            -1.3955084936593724e-17 0.8471539402582114 0.5313475336396949,
            -3.470410663332063e-18 0.9929537792537755 0.11850228801860557,
            -3.470410663332063e-18 0.9929537792537755 0.11850228801860557,
            0.20333789795196316 0.8471539402582118 0.490901110980066,
            0.20333789795196316 0.8471539402582118 0.490901110980066,
            0.04534886232207645 0.9929537792537755 0.10948183845614715,
            0.04534886232207645 0.9929537792537755 0.10948183845614715,
            0.37571944420337616 0.847153940258211 0.3757194442033755,
            0.37571944420337616 0.847153940258211 0.3757194442033755,
            0.08379377144407732 0.9929537792537755 0.08379377144407732,
            0.08379377144407732 0.9929537792537755 0.08379377144407732,
            0.11850228801860536 -0.9929537792537755 -2.082246397999238e-17,
            0.11850228801860536 -0.9929537792537755 -2.082246397999238e-17,
            0.0 -1.0 7.115143774483971e-18,
            0.10948183845614703 -0.9929537792537755 0.04534886232207639,
            0.10948183845614703 -0.9929537792537755 0.04534886232207639,
            0.0 -1.0 7.115143774483971e-18,
            0.08379377144407732 -0.9929537792537755 0.08379377144407732,
            0.08379377144407732 -0.9929537792537755 0.08379377144407732,
            0.0 -1.0 7.115143774483971e-18,
            0.04534886232207646 -0.9929537792537755 0.10948183845614715,
            0.04534886232207646 -0.9929537792537755 0.10948183845614715,
            0.0 -1.0 7.115143774483971e-18,
            0.0 -0.9929537792537755 0.11850228801860557,
            0.0 -0.9929537792537755 0.11850228801860557,
            0.0 -1.0 7.115143774483971e-18,
            -0.04534886232207646 -0.9929537792537755 0.10948183845614716,
            -0.04534886232207646 -0.9929537792537755 0.10948183845614716,
            0.0 -1.0 7.115143774483971e-18,
            -0.08379377144407729 -0.9929537792537755 0.08379377144407733,
            -0.08379377144407729 -0.9929537792537755 0.08379377144407733,
            0.0 -1.0 7.115143774483971e-18,
            -0.10948183845614703 -0.9929537792537755 0.04534886232207642,
            -0.10948183845614703 -0.9929537792537755 0.04534886232207642,
            0.0 -1.0 7.115143774483971e-18,
            -0.11850228801860539 -0.9929537792537755 1.2146437321662221e-17,
            -0.11850228801860539 -0.9929537792537755 1.2146437321662221e-17,
            0.0 -1.0 7.115143774483971e-18,
            -0.10948183845614703 -0.9929537792537755 -0.04534886232207636,
            -0.10948183845614703 -0.9929537792537755 -0.04534886232207636,
            0.0 -1.0 7.115143774483971e-18,
            -0.08379377144407729 -0.9929537792537755 -0.08379377144407724,
            -0.08379377144407729 -0.9929537792537755 -0.08379377144407724,
            0.0 -1.0 7.115143774483971e-18,
            -0.04534886232207643 -0.9929537792537755 -0.109481838456147,
            -0.04534886232207643 -0.9929537792537755 -0.109481838456147,
            0.0 -1.0 7.115143774483971e-18,
            -1.9087258648326346e-17 -0.9929537792537755 -0.11850228801860536,
            -1.9087258648326346e-17 -0.9929537792537755 -0.11850228801860536,
            0.0 -1.0 7.115143774483971e-18,
            0.04534886232207639 -0.9929537792537755 -0.10948183845614697,
            0.04534886232207639 -0.9929537792537755 -0.10948183845614697,
            0.0 -1.0 7.115143774483971e-18,
            0.08379377144407718 -0.9929537792537755 -0.08379377144407722,
            0.08379377144407718 -0.9929537792537755 -0.08379377144407722,
            0.0 -1.0 7.115143774483971e-18,
            0.10948183845614692 -0.9929537792537755 -0.04534886232207639,
            0.10948183845614692 -0.9929537792537755 -0.04534886232207639,
            0.0 -1.0 7.115143774483971e-18,
            0.10948183845614705 0.9929537792537755 0.04534886232207639,
            0.10948183845614705 0.9929537792537755 0.04534886232207639,
            0.0 1.0 -4.0319148055409175e-17,
            0.11850228801860538 0.9929537792537755 -2.082246397999238e-17,
            0.11850228801860538 0.9929537792537755 -2.082246397999238e-17,
            0.0 1.0 -4.0319148055409175e-17,
            0.10948183845614695 0.9929537792537755 -0.04534886232207639,
            0.10948183845614695 0.9929537792537755 -0.04534886232207639,
            0.0 1.0 -4.0319148055409175e-17,
            0.08379377144407718 0.9929537792537755 -0.08379377144407724,
            0.08379377144407718 0.9929537792537755 -0.08379377144407724,
            0.0 1.0 -4.0319148055409175e-17,
            0.04534886232207638 0.9929537792537755 -0.10948183845614698,
            0.04534886232207638 0.9929537792537755 -0.10948183845614698,
            0.0 1.0 -4.0319148055409175e-17,
            -1.7352053316660315e-17 0.9929537792537755 -0.11850228801860538,
            -1.7352053316660315e-17 0.9929537792537755 -0.11850228801860538,
            0.0 1.0 -4.0319148055409175e-17,
            -0.04534886232207643 0.9929537792537755 -0.10948183845614701,
            -0.04534886232207643 0.9929537792537755 -0.10948183845614701,
            0.0 1.0 -4.0319148055409175e-17,
            -0.08379377144407726 0.9929537792537755 -0.08379377144407721,
            -0.08379377144407726 0.9929537792537755 -0.08379377144407721,
            0.0 1.0 -4.0319148055409175e-17,
            -0.10948183845614701 0.9929537792537755 -0.04534886232207636,
            -0.10948183845614701 0.9929537792537755 -0.04534886232207636,
            0.0 1.0 -4.0319148055409175e-17,
            -0.11850228801860539 0.9929537792537755 1.2146437321662221e-17,
            -0.11850228801860539 0.9929537792537755 1.2146437321662221e-17,
            0.0 1.0 -4.0319148055409175e-17,
            -0.10948183845614701 0.9929537792537755 0.04534886232207643,
            -0.10948183845614701 0.9929537792537755 0.04534886232207643,
            0.0 1.0 -4.0319148055409175e-17,
            -0.08379377144407729 0.9929537792537755 0.08379377144407732,
            -0.08379377144407729 0.9929537792537755 0.08379377144407732,
            0.0 1.0 -4.0319148055409175e-17,
            -0.04534886232207646 0.9929537792537755 0.10948183845614715,
            -0.04534886232207646 0.9929537792537755 0.10948183845614715,
            0.0 1.0 -4.0319148055409175e-17,
            -3.470410663332063e-18 0.9929537792537755 0.11850228801860557,
            -3.470410663332063e-18 0.9929537792537755 0.11850228801860557,
            0.0 1.0 -4.0319148055409175e-17,
            0.04534886232207645 0.9929537792537755 0.10948183845614715,
            0.04534886232207645 0.9929537792537755 0.10948183845614715,
            0.0 1.0 -4.0319148055409175e-17,
            0.08379377144407732 0.9929537792537755 0.08379377144407732,
            0.08379377144407732 0.9929537792537755 0.08379377144407732,
            0.0 1.0 -4.0319148055409175e-17,
            -0.4928478314081205 7.494151963086005e-16 -0.8701155182366953,
            -0.4928478314081205 7.494151963086005e-16 -0.8701155182366953,
            -0.40303369287239005 1.028114799101719e-15 -0.9151851410559746,
            -0.40303369287239005 1.028114799101719e-15 -0.9151851410559746,
            -0.45671367339866126 -0.3771579412193566 -0.805707458018031,
            -0.45671367339866126 -0.3771579412193566 -0.805707458018031,
            -0.433861521860435 -0.3564645784895276 -0.8274643098836534,
            -0.433861521860435 -0.3564645784895276 -0.8274643098836534,
            -0.3521849712865803 -0.7011200867401435 -0.6199970725490276,
            -0.3521849712865803 -0.7011200867401435 -0.6199970725490276,
            -0.4162796220447189 -0.6902001556350083 -0.5918910553739737,
            -0.4162796220447189 -0.6902001556350083 -0.5918910553739737,
            -0.19212669036642652 -0.9215915168803613 -0.33727794304252684,
            -0.19212669036642652 -0.9215915168803613 -0.33727794304252684,
            -0.2548029759016734 -0.920069743726356 -0.2975686645985575,
            -0.2548029759016734 -0.920069743726356 -0.2975686645985575,
            1.4173653893006133e-4 -0.9999999839635011 -1.0947031993431903e-4,
            1.4173653893006133e-4 -0.9999999839635011 -1.0947031993431903e-4,
            0.0025022334100394386 -0.9999916658031003 -0.003226011826098771,
            0.0025022334100394386 -0.9999916658031003 -0.003226011826098771,
            0.19343521275587167 -0.9216660700111493 0.33632495277081925,
            0.19343521275587167 -0.9216660700111493 0.33632495277081925,
            0.2824394616451767 -0.9221857248655951 0.2641996202868194,
            0.2824394616451767 -0.9221857248655951 0.2641996202868194,
            0.356046335660572 -0.701415957638605 0.6174517481006901,
            0.356046335660572 -0.701415957638605 0.6174517481006901,
            0.5255269840865522 -0.703083500084816 0.4790563441865447,
            0.5255269840865522 -0.703083500084816 0.4790563441865447,
            0.46323435404358276 -0.37749814707332413 0.8018161149478299,
            0.46323435404358276 -0.37749814707332413 0.8018161149478299,
            0.6885581551090044 -0.37917139073577955 0.6181559054804694,
            0.6885581551090044 -0.37917139073577955 0.6181559054804694,
            0.5005000661141045 9.8984001631765e-17 0.8657364979136417,
            0.5005000661141045 9.8984001631765e-17 0.8657364979136417,
            0.7457287883203977 0.0 0.6662496335985421,
            0.7457287883203977 0.0 0.6662496335985421,
            0.4632343540435827 0.37749814707332424 0.8018161149478299,
            0.4632343540435827 0.37749814707332424 0.8018161149478299,
            0.6885581551090043 0.37917139073578005 0.6181559054804693,
            0.6885581551090043 0.37917139073578005 0.6181559054804693,
            0.35604633566057203 0.7014159576386046 0.6174517481006905,
            0.35604633566057203 0.7014159576386046 0.6174517481006905,
            0.5255269840865527 0.703083500084816 0.4790563441865443,
            0.5255269840865527 0.703083500084816 0.4790563441865443,
            0.19343521275587222 0.9216660700111489 0.33632495277082036,
            0.19343521275587222 0.9216660700111489 0.33632495277082036,
            0.28243946164517825 0.9221857248655946 0.26419962028681954,
            0.28243946164517825 0.9221857248655946 0.26419962028681954,
            1.4173653893006138e-4 0.9999999839635012 -1.094703199342766e-4,
            1.4173653893006138e-4 0.9999999839635012 -1.094703199342766e-4,
            0.0025022334100396233 0.9999916658031003 -0.0032260118260990125,
            0.0025022334100396233 0.9999916658031003 -0.0032260118260990125,
            -0.192126690366427 0.921591516880361 -0.33727794304252745,
            -0.192126690366427 0.921591516880361 -0.33727794304252745,
            -0.25480297590167367 0.9200697437263556 -0.29756866459855835,
            -0.25480297590167367 0.9200697437263556 -0.29756866459855835,
            -0.35218497128658033 0.7011200867401434 -0.6199970725490276,
            -0.35218497128658033 0.7011200867401434 -0.6199970725490276,
            -0.4162796220447199 0.6902001556350083 -0.591891055373973,
            -0.4162796220447199 0.6902001556350083 -0.591891055373973,
            -0.4567136733986611 0.37715794121935703 -0.8057074580180309,
            -0.4567136733986611 0.37715794121935703 -0.8057074580180309,
            -0.43386152186043936 0.3564645784895289 -0.8274643098836505,
            -0.43386152186043936 0.3564645784895289 -0.8274643098836505,
            -0.4928478314081205 7.494151963086005e-16 -0.8701155182366953,
            -0.4928478314081205 7.494151963086005e-16 -0.8701155182366953,
            -0.596575113403968 7.0735412676474e-17 -0.8025572465980498,
            -0.596575113403968 7.0735412676474e-17 -0.8025572465980498,
            -0.45671367339866126 -0.3771579412193566 -0.805707458018031,
            -0.45671367339866126 -0.3771579412193566 -0.805707458018031,
            -0.5575589568645878 -0.3808407070402301 -0.7376234577893861,
            -0.5575589568645878 -0.3808407070402301 -0.7376234577893861,
            -0.3521849712865803 -0.7011200867401435 -0.6199970725490276,
            -0.3521849712865803 -0.7011200867401435 -0.6199970725490276,
            -0.4464503433972309 -0.7037018687631916 -0.552707672083251,
            -0.4464503433972309 -0.7037018687631916 -0.552707672083251,
            -0.19212669036642652 -0.9215915168803613 -0.33727794304252684,
            -0.19212669036642652 -0.9215915168803613 -0.33727794304252684,
            -0.2801645522002116 -0.9194308000402824 -0.2759616415876329,
            -0.2801645522002116 -0.9194308000402824 -0.2759616415876329,
            1.4173653893006133e-4 -0.9999999839635011 -1.0947031993431903e-4,
            1.4173653893006133e-4 -0.9999999839635011 -1.0947031993431903e-4,
            -0.08401708759882667 -0.9951847266721973 0.050482559263523546,
            -0.08401708759882667 -0.9951847266721973 0.050482559263523546,
            0.19343521275587167 -0.9216660700111493 0.33632495277081925,
            0.19343521275587167 -0.9216660700111493 0.33632495277081925,
            0.11213037700255502 -0.9194308000402814 0.3769267601146845,
            0.11213037700255502 -0.9194308000402814 0.3769267601146845,
            0.356046335660572 -0.701415957638605 0.6174517481006901,
            0.356046335660572 -0.701415957638605 0.6174517481006901,
            0.2784161681995699 -0.7037018687631904 0.653672790610304,
            0.2784161681995699 -0.7037018687631904 0.653672790610304,
            0.46323435404358276 -0.37749814707332413 0.8018161149478299,
            0.46323435404358276 -0.37749814707332413 0.8018161149478299,
            0.389524781666925 -0.3808407070402309 0.8385885763164387,
            0.389524781666925 -0.3808407070402309 0.8385885763164387,
            0.5005000661141045 9.8984001631765e-17 0.8657364979136417,
            0.5005000661141045 9.8984001631765e-17 0.8657364979136417,
            0.4285409382063036 2.687945681706012e-16 0.9035223651251036,
            0.4285409382063036 2.687945681706012e-16 0.9035223651251036,
            0.4632343540435827 0.37749814707332424 0.8018161149478299,
            0.4632343540435827 0.37749814707332424 0.8018161149478299,
            0.38952478166692445 0.3808407070402305 0.8385885763164391,
            0.38952478166692445 0.3808407070402305 0.8385885763164391,
            0.35604633566057203 0.7014159576386046 0.6174517481006905,
            0.35604633566057203 0.7014159576386046 0.6174517481006905,
            0.2784161681995688 0.7037018687631902 0.6536727906103047,
            0.2784161681995688 0.7037018687631902 0.6536727906103047,
            0.19343521275587222 0.9216660700111489 0.33632495277082036,
            0.19343521275587222 0.9216660700111489 0.33632495277082036,
            0.11213037700255206 0.9194308000402811 0.37692676011468607,
            0.11213037700255206 0.9194308000402811 0.37692676011468607,
            1.4173653893006138e-4 0.9999999839635012 -1.094703199342766e-4,
            1.4173653893006138e-4 0.9999999839635012 -1.094703199342766e-4,
            -0.08401708759883117 0.9951847266721967 0.0504825592635264,
            -0.08401708759883117 0.9951847266721967 0.0504825592635264,
            -0.192126690366427 0.921591516880361 -0.33727794304252745,
            -0.192126690366427 0.921591516880361 -0.33727794304252745,
            -0.28016455220021375 0.919430800040282 -0.2759616415876321,
            -0.28016455220021375 0.919430800040282 -0.2759616415876321,
            -0.35218497128658033 0.7011200867401434 -0.6199970725490276,
            -0.35218497128658033 0.7011200867401434 -0.6199970725490276,
            -0.446450343397231 0.7037018687631917 -0.5527076720832507,
            -0.446450343397231 0.7037018687631917 -0.5527076720832507,
            -0.4567136733986611 0.37715794121935703 -0.8057074580180309,
            -0.4567136733986611 0.37715794121935703 -0.8057074580180309,
            -0.5575589568645883 0.38084070704023043 -0.7376234577893857,
            -0.5575589568645883 0.38084070704023043 -0.7376234577893857,
            -0.8066299871365389 8.450258622753856e-17 -0.5910567348843146,
            -0.8066299871365389 8.450258622753856e-17 -0.5910567348843146,
            -1.0 7.357828267056185e-16 0.0,
            -1.0 7.357828267056185e-16 0.0,
            -0.7894672545975454 -0.3564645784895281 -0.49967435215397793,
            -0.7894672545975454 -0.3564645784895281 -0.49967435215397793,
            -0.9238795325112868 -0.38268343236508956 0.0,
            -0.9238795325112868 -0.38268343236508956 0.0,
            -0.6564542554554986 -0.6902001556350077 -0.30445287920428366,
            -0.6564542554554986 -0.6902001556350077 -0.30445287920428366,
            -0.7071067811865469 -0.7071067811865481 0.0,
            -0.7071067811865469 -0.7071067811865481 0.0,
            -0.3694501823900023 -0.920069743726356 -0.13030053496172472,
            -0.3694501823900023 -0.920069743726356 -0.13030053496172472,
            -0.382683432365089 -0.9238795325112871 0.0,
            -0.382683432365089 -0.9238795325112871 0.0,
            5.539917862427061e-4 -0.9999916658031003 -0.004044924899330619,
            5.539917862427061e-4 -0.9999916658031003 -0.004044924899330619,
            -1.697960369320658e-16 -1.0 0.0,
            -1.697960369320658e-16 -1.0 0.0,
            0.37669955895933255 -0.9221857248655957 0.0875838520159972,
            0.37669955895933255 -0.9221857248655957 0.0875838520159972,
            0.3826834323650879 -0.9238795325112875 0.0,
            0.3826834323650879 -0.9238795325112875 0.0,
            0.6946478906864477 -0.7030835000848158 0.15211147186637147,
            0.6946478906864477 -0.7030835000848158 0.15211147186637147,
            0.7071067811865468 -0.7071067811865482 0.0,
            0.7071067811865468 -0.7071067811865482 0.0,
            0.9053868070475789 -0.3791713907357788 0.19105964009095544,
            0.9053868070475789 -0.3791713907357788 0.19105964009095544,
            0.9238795325112864 -0.3826834323650906 0.0,
            0.9238795325112864 -0.3826834323650906 0.0,
            0.9789448918181239 0.0 0.2041247137982115,
            0.9789448918181239 0.0 0.2041247137982115,
            1.0 0.0 0.0,
            1.0 0.0 0.0,
            0.9053868070475786 0.3791713907357794 0.19105964009095544,
            0.9053868070475786 0.3791713907357794 0.19105964009095544,
            0.9238795325112862 0.38268343236509106 0.0,
            0.9238795325112862 0.38268343236509106 0.0,
            0.6946478906864478 0.7030835000848152 0.15211147186637244,
            0.6946478906864478 0.7030835000848152 0.15211147186637244,
            0.7071067811865479 0.7071067811865471 0.0,
            0.7071067811865479 0.7071067811865471 0.0,
            0.37669955895933377 0.922185724865595 0.08758385201599876,
            0.37669955895933377 0.922185724865595 0.08758385201599876,
            0.38268343236508995 0.9238795325112866 0.0,
            0.38268343236508995 0.9238795325112866 0.0,
            5.539917862422957e-4 0.9999916658031004 -0.0040449248993303655,
            5.539917862422957e-4 0.9999916658031004 -0.0040449248993303655,
            -9.055788636376844e-16 1.0 0.0,
            -9.055788636376844e-16 1.0 0.0,
            -0.3694501823900028 0.9200697437263557 -0.13030053496172486,
            -0.3694501823900028 0.9200697437263557 -0.13030053496172486,
            -0.3826834323650896 0.9238795325112868 0.0,
            -0.3826834323650896 0.9238795325112868 0.0,
            -0.6564542554554975 0.6902001556350084 -0.3044528792042844,
            -0.6564542554554975 0.6902001556350084 -0.3044528792042844,
            -0.7071067811865464 0.7071067811865487 0.0,
            -0.7071067811865464 0.7071067811865487 0.0,
            -0.7894672545975436 0.35646457848952884 -0.49967435215398015,
            -0.7894672545975436 0.35646457848952884 -0.49967435215398015,
            -0.9238795325112864 0.3826834323650908 0.0,
            -0.9238795325112864 0.3826834323650908 0.0,
            -1.0 7.357828267056185e-16 0.0,
            -1.0 7.357828267056185e-16 0.0,
            -0.8700221846046781 1.042221073606917e-15 -0.4930125741760586,
            -0.8700221846046781 1.042221073606917e-15 -0.4930125741760586,
            -0.9238795325112868 -0.38268343236508956 0.0,
            -0.9238795325112868 -0.38268343236508956 0.0,
            -0.8037956891870188 -0.33294307583829075 -0.49301257417605865,
            -0.8037956891870188 -0.33294307583829075 -0.49301257417605865,
            -0.7071067811865469 -0.7071067811865481 0.0,
            -0.7071067811865469 -0.7071067811865481 0.0,
            -0.6151985865167022 -0.6151985865167025 -0.4930125741760581,
            -0.6151985865167022 -0.6151985865167025 -0.4930125741760581,
            -0.382683432365089 -0.9238795325112871 0.0,
            -0.382683432365089 -0.9238795325112871 0.0,
            -0.33294307583829114 -0.8037956891870189 -0.49301257417605815,
            -0.33294307583829114 -0.8037956891870189 -0.49301257417605815,
            -1.697960369320658e-16 -1.0 0.0,
            -1.697960369320658e-16 -1.0 0.0,
            -1.1267254849804507e-16 -0.8700221846046783 -0.4930125741760581,
            -1.1267254849804507e-16 -0.8700221846046783 -0.4930125741760581,
            0.3826834323650879 -0.9238795325112875 0.0,
            0.3826834323650879 -0.9238795325112875 0.0,
            0.3329430758382896 -0.8037956891870196 -0.4930125741760581,
            0.3329430758382896 -0.8037956891870196 -0.4930125741760581,
            0.7071067811865468 -0.7071067811865482 0.0,
            0.7071067811865468 -0.7071067811865482 0.0,
            0.6151985865167016 -0.6151985865167028 -0.49301257417605826,
            0.6151985865167016 -0.6151985865167028 -0.49301257417605826,
            0.9238795325112864 -0.3826834323650906 0.0,
            0.9238795325112864 -0.3826834323650906 0.0,
            0.8037956891870183 -0.33294307583829297 -0.493012574176058,
            0.8037956891870183 -0.33294307583829297 -0.493012574176058,
            1.0 0.0 0.0,
            1.0 0.0 0.0,
            0.870022184604678 1.1267254849804517e-16 -0.49301257417605865,
            0.870022184604678 1.1267254849804517e-16 -0.49301257417605865,
            0.9238795325112862 0.38268343236509106 0.0,
            0.9238795325112862 0.38268343236509106 0.0,
            0.8037956891870178 0.3329430758382936 -0.4930125741760582,
            0.8037956891870178 0.3329430758382936 -0.4930125741760582,
            0.7071067811865479 0.7071067811865471 0.0,
            0.7071067811865479 0.7071067811865471 0.0,
            0.6151985865167025 0.6151985865167018 -0.49301257417605865,
            0.6151985865167025 0.6151985865167018 -0.49301257417605865,
            0.38268343236508995 0.9238795325112866 0.0,
            0.38268343236508995 0.9238795325112866 0.0,
            0.3329430758382916 0.8037956891870184 -0.49301257417605876,
            0.3329430758382916 0.8037956891870184 -0.49301257417605876,
            -9.055788636376844e-16 1.0 0.0,
            -9.055788636376844e-16 1.0 0.0,
            -4.506901939921804e-16 0.8700221846046781 -0.49301257417605837,
            -4.506901939921804e-16 0.8700221846046781 -0.49301257417605837,
            -0.3826834323650896 0.9238795325112868 0.0,
            -0.3826834323650896 0.9238795325112868 0.0,
            -0.332943075838292 0.8037956891870186 -0.4930125741760581,
            -0.332943075838292 0.8037956891870186 -0.4930125741760581,
            -0.7071067811865464 0.7071067811865487 0.0,
            -0.7071067811865464 0.7071067811865487 0.0,
            -0.6151985865167025 0.6151985865167022 -0.4930125741760581,
            -0.6151985865167025 0.6151985865167022 -0.4930125741760581,
            -0.9238795325112864 0.3826834323650908 0.0,
            -0.9238795325112864 0.3826834323650908 0.0,
            -0.8037956891870185 0.3329430758382915 -0.4930125741760585,
            -0.8037956891870185 0.3329430758382915 -0.4930125741760585,
            -0.8700221846046781 1.042221073606917e-15 -0.4930125741760586,
            -0.8700221846046781 1.042221073606917e-15 -0.4930125741760586,
            1.508781756356717e-16 -1.6921578347987853e-17 -1.0,
            -0.8037956891870188 -0.33294307583829075 -0.49301257417605865,
            -0.8037956891870188 -0.33294307583829075 -0.49301257417605865,
            1.508781756356717e-16 -1.6921578347987853e-17 -1.0,
            -0.6151985865167022 -0.6151985865167025 -0.4930125741760581,
            -0.6151985865167022 -0.6151985865167025 -0.4930125741760581,
            1.508781756356717e-16 -1.6921578347987853e-17 -1.0,
            -0.33294307583829114 -0.8037956891870189 -0.49301257417605815,
            -0.33294307583829114 -0.8037956891870189 -0.49301257417605815,
            1.508781756356717e-16 -1.6921578347987853e-17 -1.0,
            -1.1267254849804507e-16 -0.8700221846046783 -0.4930125741760581,
            -1.1267254849804507e-16 -0.8700221846046783 -0.4930125741760581,
            1.508781756356717e-16 -1.6921578347987853e-17 -1.0,
            0.3329430758382896 -0.8037956891870196 -0.4930125741760581,
            0.3329430758382896 -0.8037956891870196 -0.4930125741760581,
            1.508781756356717e-16 -1.6921578347987853e-17 -1.0,
            0.6151985865167016 -0.6151985865167028 -0.49301257417605826,
            0.6151985865167016 -0.6151985865167028 -0.49301257417605826,
            1.508781756356717e-16 -1.6921578347987853e-17 -1.0,
            0.8037956891870183 -0.33294307583829297 -0.493012574176058,
            0.8037956891870183 -0.33294307583829297 -0.493012574176058,
            1.508781756356717e-16 -1.6921578347987853e-17 -1.0,
            0.870022184604678 1.1267254849804517e-16 -0.49301257417605865,
            0.870022184604678 1.1267254849804517e-16 -0.49301257417605865,
            1.508781756356717e-16 -1.6921578347987853e-17 -1.0,
            0.8037956891870178 0.3329430758382936 -0.4930125741760582,
            0.8037956891870178 0.3329430758382936 -0.4930125741760582,
            1.508781756356717e-16 -1.6921578347987853e-17 -1.0,
            0.6151985865167025 0.6151985865167018 -0.49301257417605865,
            0.6151985865167025 0.6151985865167018 -0.49301257417605865,
            1.508781756356717e-16 -1.6921578347987853e-17 -1.0,
            0.3329430758382916 0.8037956891870184 -0.49301257417605876,
            0.3329430758382916 0.8037956891870184 -0.49301257417605876,
            1.508781756356717e-16 -1.6921578347987853e-17 -1.0,
            -4.506901939921804e-16 0.8700221846046781 -0.49301257417605837,
            -4.506901939921804e-16 0.8700221846046781 -0.49301257417605837,
            1.508781756356717e-16 -1.6921578347987853e-17 -1.0,
            -0.332943075838292 0.8037956891870186 -0.4930125741760581,
            -0.332943075838292 0.8037956891870186 -0.4930125741760581,
            1.508781756356717e-16 -1.6921578347987853e-17 -1.0,
            -0.6151985865167025 0.6151985865167022 -0.4930125741760581,
            -0.6151985865167025 0.6151985865167022 -0.4930125741760581,
            1.508781756356717e-16 -1.6921578347987853e-17 -1.0,
            -0.8037956891870185 0.3329430758382915 -0.4930125741760585,
            -0.8037956891870185 0.3329430758382915 -0.4930125741760585,
            1.508781756356717e-16 -1.6921578347987853e-17 -1.0,
            0.4928478314081206 7.494151963086008e-16 -0.8701155182366953,
            0.4928478314081206 7.494151963086008e-16 -0.8701155182366953,
            0.40303369287239005 1.197119971556796e-15 -0.9151851410559746,
            0.40303369287239005 1.197119971556796e-15 -0.9151851410559746,
            0.45671367339866126 -0.37715794121935725 -0.8057074580180308,
            0.45671367339866126 -0.37715794121935725 -0.8057074580180308,
            0.4338615218604348 -0.356464578489528 -0.8274643098836532,
            0.4338615218604348 -0.356464578489528 -0.8274643098836532,
            0.3521849712865804 -0.7011200867401434 -0.6199970725490276,
            0.3521849712865804 -0.7011200867401434 -0.6199970725490276,
            0.41627962204471874 -0.6902001556350087 -0.5918910553739734,
            0.41627962204471874 -0.6902001556350087 -0.5918910553739734,
            0.19212669036642704 -0.9215915168803609 -0.3372779430425276,
            0.19212669036642704 -0.9215915168803609 -0.3372779430425276,
            0.2548029759016742 -0.9200697437263556 -0.2975686645985581,
            0.2548029759016742 -0.9200697437263556 -0.2975686645985581,
            -1.4173653893000474e-4 -0.9999999839635012 -1.0947031993440404e-4,
            -1.4173653893000474e-4 -0.9999999839635012 -1.0947031993440404e-4,
            -0.002502233410039397 -0.9999916658031003 -0.003226011826099211,
            -0.002502233410039397 -0.9999916658031003 -0.003226011826099211,
            -0.19343521275587242 -0.9216660700111488 0.3363249527708205,
            -0.19343521275587242 -0.9216660700111488 0.3363249527708205,
            -0.28243946164517747 -0.9221857248655948 0.2641996202868196,
            -0.28243946164517747 -0.9221857248655948 0.2641996202868196,
            -0.3560463356605718 -0.7014159576386053 0.6174517481006899,
            -0.3560463356605718 -0.7014159576386053 0.6174517481006899,
            -0.525526984086552 -0.7030835000848165 0.47905634418654447,
            -0.525526984086552 -0.7030835000848165 0.47905634418654447,
            -0.4632343540435825 -0.3774981470733257 0.8018161149478293,
            -0.4632343540435825 -0.3774981470733257 0.8018161149478293,
            -0.6885581551090053 -0.3791713907357787 0.618155905480469,
            -0.6885581551090053 -0.3791713907357787 0.618155905480469,
            -0.5005000661141047 -9.898400163176502e-17 0.8657364979136417,
            -0.5005000661141047 -9.898400163176502e-17 0.8657364979136417,
            -0.7457287883203989 -1.838669021102139e-16 0.6662496335985407,
            -0.7457287883203989 -1.838669021102139e-16 0.6662496335985407,
            -0.46323435404358254 0.37749814707332535 0.8018161149478295,
            -0.46323435404358254 0.37749814707332535 0.8018161149478295,
            -0.6885581551090053 0.37917139073577855 0.618155905480469,
            -0.6885581551090053 0.37917139073577855 0.618155905480469,
            -0.35604633566057187 0.7014159576386051 0.61745174810069,
            -0.35604633566057187 0.7014159576386051 0.61745174810069,
            -0.5255269840865519 0.7030835000848159 0.4790563441865453,
            -0.5255269840865519 0.7030835000848159 0.4790563441865453,
            -0.19343521275587242 0.9216660700111488 0.3363249527708205,
            -0.19343521275587242 0.9216660700111488 0.3363249527708205,
            -0.28243946164517725 0.9221857248655947 0.26419962028682065,
            -0.28243946164517725 0.9221857248655947 0.26419962028682065,
            -1.4173653893008264e-4 0.9999999839635012 -1.0947031993424829e-4,
            -1.4173653893008264e-4 0.9999999839635012 -1.0947031993424829e-4,
            -0.0025022334100392265 0.9999916658031003 -0.003226011826098984,
            -0.0025022334100392265 0.9999916658031003 -0.003226011826098984,
            0.19212669036642704 0.9215915168803609 -0.3372779430425275,
            0.19212669036642704 0.9215915168803609 -0.3372779430425275,
            0.2548029759016739 0.9200697437263556 -0.29756866459855835,
            0.2548029759016739 0.9200697437263556 -0.29756866459855835,
            0.35218497128658066 0.7011200867401428 -0.6199970725490281,
            0.35218497128658066 0.7011200867401428 -0.6199970725490281,
            0.4162796220447199 0.6902001556350083 -0.591891055373973,
            0.4162796220447199 0.6902001556350083 -0.591891055373973,
            0.45671367339866115 0.3771579412193573 -0.8057074580180309,
            0.45671367339866115 0.3771579412193573 -0.8057074580180309,
            0.43386152186043936 0.3564645784895289 -0.8274643098836505,
            0.43386152186043936 0.3564645784895289 -0.8274643098836505,
            0.4928478314081206 7.494151963086008e-16 -0.8701155182366953,
            0.4928478314081206 7.494151963086008e-16 -0.8701155182366953,
            0.5965751134039656 -1.697649904235376e-16 -0.8025572465980515,
            0.5965751134039656 -1.697649904235376e-16 -0.8025572465980515,
            0.45671367339866126 -0.37715794121935725 -0.8057074580180308,
            0.45671367339866126 -0.37715794121935725 -0.8057074580180308,
            0.5575589568645862 -0.38084070704023104 -0.7376234577893871,
            0.5575589568645862 -0.38084070704023104 -0.7376234577893871,
            0.3521849712865804 -0.7011200867401434 -0.6199970725490276,
            0.3521849712865804 -0.7011200867401434 -0.6199970725490276,
            0.4464503433972302 -0.7037018687631917 -0.5527076720832514,
            0.4464503433972302 -0.7037018687631917 -0.5527076720832514,
            0.19212669036642704 -0.9215915168803609 -0.3372779430425276,
            0.19212669036642704 -0.9215915168803609 -0.3372779430425276,
            0.28016455220021225 -0.9194308000402822 -0.27596164158763303,
            0.28016455220021225 -0.9194308000402822 -0.27596164158763303,
            -1.4173653893000474e-4 -0.9999999839635012 -1.0947031993440404e-4,
            -1.4173653893000474e-4 -0.9999999839635012 -1.0947031993440404e-4,
            0.08401708759882823 -0.9951847266721972 0.05048255926352452,
            0.08401708759882823 -0.9951847266721972 0.05048255926352452,
            -0.19343521275587242 -0.9216660700111488 0.3363249527708205,
            -0.19343521275587242 -0.9216660700111488 0.3363249527708205,
            -0.11213037700255478 -0.9194308000402813 0.3769267601146847,
            -0.11213037700255478 -0.9194308000402813 0.3769267601146847,
            -0.3560463356605718 -0.7014159576386053 0.6174517481006899,
            -0.3560463356605718 -0.7014159576386053 0.6174517481006899,
            -0.27841616819956994 -0.7037018687631907 0.6536727906103037,
            -0.27841616819956994 -0.7037018687631907 0.6536727906103037,
            -0.4632343540435825 -0.3774981470733257 0.8018161149478293,
            -0.4632343540435825 -0.3774981470733257 0.8018161149478293,
            -0.3895247816669242 -0.3808407070402324 0.8385885763164385,
            -0.3895247816669242 -0.3808407070402324 0.8385885763164385,
            -0.5005000661141047 -9.898400163176502e-17 0.8657364979136417,
            -0.5005000661141047 -9.898400163176502e-17 0.8657364979136417,
            -0.4285409382063034 0.0 0.9035223651251038,
            -0.4285409382063034 0.0 0.9035223651251038,
            -0.46323435404358254 0.37749814707332535 0.8018161149478295,
            -0.46323435404358254 0.37749814707332535 0.8018161149478295,
            -0.389524781666924 0.380840707040232 0.8385885763164387,
            -0.389524781666924 0.380840707040232 0.8385885763164387,
            -0.35604633566057187 0.7014159576386051 0.61745174810069,
            -0.35604633566057187 0.7014159576386051 0.61745174810069,
            -0.2784161681995686 0.7037018687631903 0.6536727906103047,
            -0.2784161681995686 0.7037018687631903 0.6536727906103047,
            -0.19343521275587242 0.9216660700111488 0.3363249527708205,
            -0.19343521275587242 0.9216660700111488 0.3363249527708205,
            -0.11213037700255199 0.9194308000402811 0.3769267601146862,
            -0.11213037700255199 0.9194308000402811 0.3769267601146862,
            -1.4173653893008264e-4 0.9999999839635012 -1.0947031993424829e-4,
            -1.4173653893008264e-4 0.9999999839635012 -1.0947031993424829e-4,
            0.08401708759883107 0.9951847266721967 0.05048255926352639,
            0.08401708759883107 0.9951847266721967 0.05048255926352639,
            0.19212669036642704 0.9215915168803609 -0.3372779430425275,
            0.19212669036642704 0.9215915168803609 -0.3372779430425275,
            0.2801645522002142 0.9194308000402818 -0.2759616415876321,
            0.2801645522002142 0.9194308000402818 -0.2759616415876321,
            0.35218497128658066 0.7011200867401428 -0.6199970725490281,
            0.35218497128658066 0.7011200867401428 -0.6199970725490281,
            0.44645034339723116 0.7037018687631914 -0.552707672083251,
            0.44645034339723116 0.7037018687631914 -0.552707672083251,
            0.45671367339866115 0.3771579412193573 -0.8057074580180309,
            0.45671367339866115 0.3771579412193573 -0.8057074580180309,
            0.5575589568645866 0.38084070704023104 -0.7376234577893866,
            0.5575589568645866 0.38084070704023104 -0.7376234577893866,
            0.8066299871365389 2.3942399431135926e-16 -0.5910567348843146,
            0.8066299871365389 2.3942399431135926e-16 -0.5910567348843146,
            1.0 9.33878203126362e-16 0.0,
            1.0 9.33878203126362e-16 0.0,
            0.7894672545975453 -0.3564645784895284 -0.4996743521539778,
            0.7894672545975453 -0.3564645784895284 -0.4996743521539778,
            0.9238795325112866 -0.38268343236508984 0.0,
            0.9238795325112866 -0.38268343236508984 0.0,
            0.6564542554554983 -0.690200155635008 -0.30445287920428354,
            0.6564542554554983 -0.690200155635008 -0.30445287920428354,
            0.7071067811865465 -0.7071067811865485 0.0,
            0.7071067811865465 -0.7071067811865485 0.0,
            0.3694501823900031 -0.9200697437263555 -0.13030053496172547,
            0.3694501823900031 -0.9200697437263555 -0.13030053496172547,
            0.3826834323650895 -0.9238795325112868 0.0,
            0.3826834323650895 -0.9238795325112868 0.0,
            -5.539917862426921e-4 -0.9999916658031004 -0.004044924899330394,
            -5.539917862426921e-4 -0.9999916658031004 -0.004044924899330394,
            -1.9809537642074347e-16 -1.0 0.0,
            -1.9809537642074347e-16 -1.0 0.0,
            -0.3766995589593341 -0.9221857248655949 0.08758385201599923,
            -0.3766995589593341 -0.9221857248655949 0.08758385201599923,
            -0.38268343236509067 -0.9238795325112864 0.0,
            -0.38268343236509067 -0.9238795325112864 0.0,
            -0.6946478906864471 -0.7030835000848165 0.15211147186637114,
            -0.6946478906864471 -0.7030835000848165 0.15211147186637114,
            -0.7071067811865479 -0.7071067811865471 0.0,
            -0.7071067811865479 -0.7071067811865471 0.0,
            -0.9053868070475792 -0.3791713907357792 0.19105964009095316,
            -0.9053868070475792 -0.3791713907357792 0.19105964009095316,
            -0.9238795325112862 -0.38268343236509106 0.0,
            -0.9238795325112862 -0.38268343236509106 0.0,
            -0.9789448918181244 -1.8386690211021395e-16 0.20412471379820912,
            -0.9789448918181244 -1.8386690211021395e-16 0.20412471379820912,
            -1.0 -1.8394570667640473e-16 0.0,
            -1.0 -1.8394570667640473e-16 0.0,
            -0.9053868070475793 0.37917139073577905 0.19105964009095316,
            -0.9053868070475793 0.37917139073577905 0.19105964009095316,
            -0.9238795325112863 0.3826834323650909 0.0,
            -0.9238795325112863 0.3826834323650909 0.0,
            -0.694647890686448 0.7030835000848157 0.15211147186637042,
            -0.694647890686448 0.7030835000848157 0.15211147186637042,
            -0.7071067811865479 0.7071067811865471 0.0,
            -0.7071067811865479 0.7071067811865471 0.0,
            -0.3766995589593349 0.9221857248655947 0.08758385201599812,
            -0.3766995589593349 0.9221857248655947 0.08758385201599812,
            -0.38268343236509067 0.9238795325112864 0.0,
            -0.38268343236509067 0.9238795325112864 0.0,
            -5.539917862423664e-4 0.9999916658031004 -0.004044924899330864,
            -5.539917862423664e-4 0.9999916658031004 -0.004044924899330864,
            -2.122450461650823e-16 1.0 0.0,
            -2.122450461650823e-16 1.0 0.0,
            0.36945018239000277 0.9200697437263556 -0.13030053496172533,
            0.36945018239000277 0.9200697437263556 -0.13030053496172533,
            0.3826834323650893 0.923879532511287 0.0,
            0.3826834323650893 0.923879532511287 0.0,
            0.6564542554554975 0.6902001556350084 -0.3044528792042844,
            0.6564542554554975 0.6902001556350084 -0.3044528792042844,
            0.7071067811865464 0.7071067811865486 0.0,
            0.7071067811865464 0.7071067811865486 0.0,
            0.7894672545975436 0.35646457848952884 -0.49967435215398015,
            0.7894672545975436 0.35646457848952884 -0.49967435215398015,
            0.9238795325112864 0.3826834323650907 0.0,
            0.9238795325112864 0.3826834323650907 0.0,
            1.0 9.33878203126362e-16 0.0,
            1.0 9.33878203126362e-16 0.0,
            0.870022184604678 9.295485251088718e-16 -0.49301257417605865,
            0.870022184604678 9.295485251088718e-16 -0.49301257417605865,
            0.9238795325112866 -0.38268343236508984 0.0,
            0.9238795325112866 -0.38268343236508984 0.0,
            0.8037956891870186 -0.33294307583829097 -0.49301257417605876,
            0.8037956891870186 -0.33294307583829097 -0.49301257417605876,
            0.7071067811865465 -0.7071067811865485 0.0,
            0.7071067811865465 -0.7071067811865485 0.0,
            0.6151985865167019 -0.6151985865167026 -0.49301257417605826,
            0.6151985865167019 -0.6151985865167026 -0.49301257417605826,
            0.3826834323650895 -0.9238795325112868 0.0,
            0.3826834323650895 -0.9238795325112868 0.0,
            0.33294307583829114 -0.8037956891870189 -0.49301257417605815,
            0.33294307583829114 -0.8037956891870189 -0.49301257417605815,
            -1.9809537642074347e-16 -1.0 0.0,
            -1.9809537642074347e-16 -1.0 0.0,
            -2.9576543980736836e-16 -0.8700221846046784 -0.493012574176058,
            -2.9576543980736836e-16 -0.8700221846046784 -0.493012574176058,
            -0.38268343236509067 -0.9238795325112864 0.0,
            -0.38268343236509067 -0.9238795325112864 0.0,
            -0.33294307583829286 -0.8037956891870183 -0.4930125741760581,
            -0.33294307583829286 -0.8037956891870183 -0.4930125741760581,
            -0.7071067811865479 -0.7071067811865471 0.0,
            -0.7071067811865479 -0.7071067811865471 0.0,
            -0.6151985865167037 -0.6151985865167009 -0.493012574176058,
            -0.6151985865167037 -0.6151985865167009 -0.493012574176058,
            -0.9238795325112862 -0.38268343236509106 0.0,
            -0.9238795325112862 -0.38268343236509106 0.0,
            -0.803795689187018 -0.3329430758382933 -0.4930125741760581,
            -0.803795689187018 -0.3329430758382933 -0.4930125741760581,
            -1.0 -1.8394570667640473e-16 0.0,
            -1.0 -1.8394570667640473e-16 0.0,
            -0.8700221846046778 -2.253450969960904e-16 -0.49301257417605876,
            -0.8700221846046778 -2.253450969960904e-16 -0.49301257417605876,
            -0.9238795325112863 0.3826834323650909 0.0,
            -0.9238795325112863 0.3826834323650909 0.0,
            -0.8037956891870179 0.3329430758382934 -0.49301257417605826,
            -0.8037956891870179 0.3329430758382934 -0.49301257417605826,
            -0.7071067811865479 0.7071067811865471 0.0,
            -0.7071067811865479 0.7071067811865471 0.0,
            -0.6151985865167036 0.6151985865167009 -0.49301257417605826,
            -0.6151985865167036 0.6151985865167009 -0.49301257417605826,
            -0.38268343236509067 0.9238795325112864 0.0,
            -0.38268343236509067 0.9238795325112864 0.0,
            -0.33294307583829325 0.8037956891870179 -0.4930125741760584,
            -0.33294307583829325 0.8037956891870179 -0.4930125741760584,
            -2.122450461650823e-16 1.0 0.0,
            -2.122450461650823e-16 1.0 0.0,
            -4.225220568676691e-16 0.8700221846046781 -0.49301257417605837,
            -4.225220568676691e-16 0.8700221846046781 -0.49301257417605837,
            0.3826834323650893 0.923879532511287 0.0,
            0.3826834323650893 0.923879532511287 0.0,
            0.33294307583829097 0.8037956891870188 -0.4930125741760584,
            0.33294307583829097 0.8037956891870188 -0.4930125741760584,
            0.7071067811865464 0.7071067811865486 0.0,
            0.7071067811865464 0.7071067811865486 0.0,
            0.6151985865167019 0.6151985865167023 -0.4930125741760585,
            0.6151985865167019 0.6151985865167023 -0.4930125741760585,
            0.9238795325112864 0.3826834323650907 0.0,
            0.9238795325112864 0.3826834323650907 0.0,
            0.8037956891870185 0.3329430758382914 -0.49301257417605854,
            0.8037956891870185 0.3329430758382914 -0.49301257417605854,
            0.870022184604678 9.295485251088718e-16 -0.49301257417605865,
            0.870022184604678 9.295485251088718e-16 -0.49301257417605865,
            -1.0058545042378114e-16 -1.6921578347988808e-17 -1.0,
            0.8037956891870186 -0.33294307583829097 -0.49301257417605876,
            0.8037956891870186 -0.33294307583829097 -0.49301257417605876,
            -1.0058545042378114e-16 -1.6921578347988808e-17 -1.0,
            0.6151985865167019 -0.6151985865167026 -0.49301257417605826,
            0.6151985865167019 -0.6151985865167026 -0.49301257417605826,
            -1.0058545042378114e-16 -1.6921578347988808e-17 -1.0,
            0.33294307583829114 -0.8037956891870189 -0.49301257417605815,
            0.33294307583829114 -0.8037956891870189 -0.49301257417605815,
            -1.0058545042378114e-16 -1.6921578347988808e-17 -1.0,
            -2.9576543980736836e-16 -0.8700221846046784 -0.493012574176058,
            -2.9576543980736836e-16 -0.8700221846046784 -0.493012574176058,
            -1.0058545042378114e-16 -1.6921578347988808e-17 -1.0,
            -0.33294307583829286 -0.8037956891870183 -0.4930125741760581,
            -0.33294307583829286 -0.8037956891870183 -0.4930125741760581,
            -1.0058545042378114e-16 -1.6921578347988808e-17 -1.0,
            -0.6151985865167037 -0.6151985865167009 -0.493012574176058,
            -0.6151985865167037 -0.6151985865167009 -0.493012574176058,
            -1.0058545042378114e-16 -1.6921578347988808e-17 -1.0,
            -0.803795689187018 -0.3329430758382933 -0.4930125741760581,
            -0.803795689187018 -0.3329430758382933 -0.4930125741760581,
            -1.0058545042378114e-16 -1.6921578347988808e-17 -1.0,
            -0.8700221846046778 -2.253450969960904e-16 -0.49301257417605876,
            -0.8700221846046778 -2.253450969960904e-16 -0.49301257417605876,
            -1.0058545042378114e-16 -1.6921578347988808e-17 -1.0,
            -0.8037956891870179 0.3329430758382934 -0.49301257417605826,
            -0.8037956891870179 0.3329430758382934 -0.49301257417605826,
            -1.0058545042378114e-16 -1.6921578347988808e-17 -1.0,
            -0.6151985865167036 0.6151985865167009 -0.49301257417605826,
            -0.6151985865167036 0.6151985865167009 -0.49301257417605826,
            -1.0058545042378114e-16 -1.6921578347988808e-17 -1.0,
            -0.33294307583829325 0.8037956891870179 -0.4930125741760584,
            -0.33294307583829325 0.8037956891870179 -0.4930125741760584,
            -1.0058545042378114e-16 -1.6921578347988808e-17 -1.0,
            -4.225220568676691e-16 0.8700221846046781 -0.49301257417605837,
            -4.225220568676691e-16 0.8700221846046781 -0.49301257417605837,
            -1.0058545042378114e-16 -1.6921578347988808e-17 -1.0,
            0.33294307583829097 0.8037956891870188 -0.4930125741760584,
            0.33294307583829097 0.8037956891870188 -0.4930125741760584,
            -1.0058545042378114e-16 -1.6921578347988808e-17 -1.0,
            0.6151985865167019 0.6151985865167023 -0.4930125741760585,
            0.6151985865167019 0.6151985865167023 -0.4930125741760585,
            -1.0058545042378114e-16 -1.6921578347988808e-17 -1.0,
            0.8037956891870185 0.3329430758382914 -0.49301257417605854,
            0.8037956891870185 0.3329430758382914 -0.49301257417605854,
            -1.0058545042378114e-16 -1.6921578347988808e-17 -1.0 ]
        }
        normalIndex [
          291, 295, 359, 355, -1,
          293, 352, 490, 487, -1,
          290, 354, 414, 350, -1,
          292, 486, 482, 296, -1,
          294, 299, 363, 358, -1,
          297, 483, 543, 301, -1,
          298, 303, 367, 362, -1,
          300, 542, 539, 305, -1,
          302, 307, 371, 366, -1,
          304, 538, 535, 309, -1,
          306, 311, 375, 370, -1,
          308, 534, 531, 313, -1,
          310, 315, 379, 374, -1,
          312, 530, 527, 317, -1,
          314, 319, 383, 378, -1,
          316, 526, 523, 321, -1,
          318, 323, 387, 382, -1,
          320, 522, 519, 325, -1,
          322, 327, 391, 386, -1,
          324, 518, 515, 329, -1,
          326, 331, 395, 390, -1,
          328, 514, 511, 333, -1,
          330, 335, 399, 394, -1,
          332, 510, 507, 337, -1,
          334, 339, 403, 398, -1,
          336, 506, 503, 341, -1,
          338, 343, 407, 402, -1,
          340, 502, 499, 345, -1,
          342, 347, 411, 406, -1,
          344, 498, 495, 349, -1,
          346, 351, 415, 410, -1,
          348, 494, 491, 353, -1,
          356, 360, 422, 418, -1,
          357, 419, 479, 417, -1,
          361, 364, 426, 423, -1,
          365, 368, 430, 427, -1,
          369, 372, 434, 431, -1,
          373, 376, 438, 435, -1,
          377, 380, 442, 439, -1,
          381, 384, 446, 443, -1,
          385, 388, 450, 447, -1,
          389, 392, 454, 451, -1,
          393, 396, 458, 455, -1,
          397, 400, 462, 459, -1,
          401, 404, 466, 463, -1,
          405, 408, 470, 467, -1,
          409, 412, 474, 471, -1,
          413, 416, 478, 475, -1,
          420, 424, 549, 546, -1,
          421, 547, 592, 481, -1,
          425, 428, 552, 550, -1,
          429, 432, 555, 553, -1,
          433, 436, 558, 556, -1,
          437, 440, 561, 559, -1,
          441, 444, 564, 562, -1,
          445, 448, 567, 565, -1,
          449, 452, 570, 568, -1,
          453, 456, 573, 571, -1,
          457, 460, 576, 574, -1,
          461, 464, 579, 577, -1,
          465, 468, 582, 580, -1,
          469, 472, 585, 583, -1,
          473, 476, 588, 586, -1,
          477, 480, 591, 589, -1,
          484, 488, 597, 594, -1,
          485, 595, 640, 545, -1,
          489, 492, 600, 598, -1,
          493, 496, 603, 601, -1,
          497, 500, 606, 604, -1,
          501, 504, 609, 607, -1,
          505, 508, 612, 610, -1,
          509, 512, 615, 613, -1,
          513, 516, 618, 616, -1,
          517, 520, 621, 619, -1,
          521, 524, 624, 622, -1,
          525, 528, 627, 625, -1,
          529, 532, 630, 628, -1,
          533, 536, 633, 631, -1,
          537, 540, 636, 634, -1,
          541, 544, 639, 637, -1,
          548, 551, 554, 557, 560, 563, 566, 569, 572, 575, 578, 581, 584, 587, 590, 593, -1,
          596, 599, 602, 605, 608, 611, 614, 617, 620, 623, 626, 629, 632, 635, 638, 641, -1,
          643, 647, 711, 707, -1,
          645, 705, 128, 113, -1,
          642, 706, 766, 702, -1,
          644, 113, 114, 648, -1,
          646, 651, 715, 710, -1,
          649, 114, 115, 652, -1,
          650, 655, 719, 714, -1,
          653, 115, 116, 656, -1,
          654, 659, 723, 718, -1,
          657, 116, 117, 660, -1,
          658, 663, 727, 722, -1,
          661, 117, 118, 664, -1,
          662, 667, 731, 726, -1,
          665, 118, 119, 668, -1,
          666, 671, 735, 730, -1,
          669, 119, 120, 672, -1,
          670, 675, 739, 734, -1,
          673, 120, 121, 676, -1,
          674, 679, 743, 738, -1,
          677, 121, 122, 680, -1,
          678, 683, 747, 742, -1,
          681, 122, 123, 684, -1,
          682, 687, 751, 746, -1,
          685, 123, 124, 688, -1,
          686, 691, 755, 750, -1,
          689, 124, 125, 692, -1,
          690, 695, 759, 754, -1,
          693, 125, 126, 696, -1,
          694, 699, 763, 758, -1,
          697, 126, 127, 700, -1,
          698, 703, 767, 762, -1,
          701, 127, 128, 704, -1,
          0, 1, 112, -1,
          0, 15, 31, 16, -1,
          0, 16, 17, 1, -1,
          0, 112, 15, -1,
          1, 2, 112, -1,
          1, 17, 18, 2, -1,
          2, 3, 112, -1,
          2, 18, 19, 3, -1,
          3, 4, 112, -1,
          3, 19, 20, 4, -1,
          4, 5, 112, -1,
          4, 20, 21, 5, -1,
          5, 6, 112, -1,
          5, 21, 22, 6, -1,
          6, 7, 112, -1,
          6, 22, 23, 7, -1,
          7, 8, 112, -1,
          7, 23, 24, 8, -1,
          8, 9, 112, -1,
          8, 24, 25, 9, -1,
          9, 10, 112, -1,
          9, 25, 26, 10, -1,
          10, 11, 112, -1,
          10, 26, 27, 11, -1,
          11, 12, 112, -1,
          11, 27, 28, 12, -1,
          12, 13, 112, -1,
          12, 28, 29, 13, -1,
          13, 14, 112, -1,
          13, 29, 30, 14, -1,
          14, 15, 112, -1,
          14, 30, 31, 15, -1,
          16, 31, 47, 32, -1,
          16, 32, 33, 17, -1,
          17, 33, 34, 18, -1,
          18, 34, 35, 19, -1,
          19, 35, 36, 20, -1,
          20, 36, 37, 21, -1,
          21, 37, 38, 22, -1,
          22, 38, 39, 23, -1,
          23, 39, 40, 24, -1,
          24, 40, 41, 25, -1,
          25, 41, 42, 26, -1,
          26, 42, 43, 27, -1,
          27, 43, 44, 28, -1,
          28, 44, 45, 29, -1,
          29, 45, 46, 30, -1,
          30, 46, 47, 31, -1,
          32, 47, 63, 48, -1,
          32, 48, 49, 33, -1,
          33, 49, 50, 34, -1,
          34, 50, 51, 35, -1,
          35, 51, 52, 36, -1,
          36, 52, 53, 37, -1,
          37, 53, 54, 38, -1,
          38, 54, 55, 39, -1,
          39, 55, 56, 40, -1,
          40, 56, 57, 41, -1,
          41, 57, 58, 42, -1,
          42, 58, 59, 43, -1,
          43, 59, 60, 44, -1,
          44, 60, 61, 45, -1,
          45, 61, 62, 46, -1,
          46, 62, 63, 47, -1,
          48, 63, 79, 64, -1,
          48, 64, 65, 49, -1,
          49, 65, 66, 50, -1,
          50, 66, 67, 51, -1,
          51, 67, 68, 52, -1,
          52, 68, 69, 53, -1,
          53, 69, 70, 54, -1,
          54, 70, 71, 55, -1,
          55, 71, 72, 56, -1,
          56, 72, 73, 57, -1,
          57, 73, 74, 58, -1,
          58, 74, 75, 59, -1,
          59, 75, 76, 60, -1,
          60, 76, 77, 61, -1,
          61, 77, 78, 62, -1,
          62, 78, 79, 63, -1,
          64, 79, 95, 80, -1,
          64, 80, 81, 65, -1,
          65, 81, 82, 66, -1,
          66, 82, 83, 67, -1,
          67, 83, 84, 68, -1,
          68, 84, 85, 69, -1,
          69, 85, 86, 70, -1,
          70, 86, 87, 71, -1,
          71, 87, 88, 72, -1,
          72, 88, 89, 73, -1,
          73, 89, 90, 74, -1,
          74, 90, 91, 75, -1,
          75, 91, 92, 76, -1,
          76, 92, 93, 77, -1,
          77, 93, 94, 78, -1,
          78, 94, 95, 79, -1,
          80, 95, 111, 96, -1,
          80, 96, 97, 81, -1,
          81, 97, 98, 82, -1,
          82, 98, 99, 83, -1,
          83, 99, 100, 84, -1,
          84, 100, 101, 85, -1,
          85, 101, 102, 86, -1,
          86, 102, 103, 87, -1,
          87, 103, 104, 88, -1,
          88, 104, 105, 89, -1,
          89, 105, 106, 90, -1,
          90, 106, 107, 91, -1,
          91, 107, 108, 92, -1,
          92, 108, 109, 93, -1,
          93, 109, 110, 94, -1,
          94, 110, 111, 95, -1,
          96, 111, 769, 709, -1,
          96, 708, 712, 97, -1,
          97, 713, 716, 98, -1,
          98, 717, 720, 99, -1,
          99, 721, 724, 100, -1,
          100, 725, 728, 101, -1,
          101, 729, 732, 102, -1,
          102, 733, 736, 103, -1,
          103, 737, 740, 104, -1,
          104, 741, 744, 105, -1,
          105, 745, 748, 106, -1,
          106, 749, 752, 107, -1,
          107, 753, 756, 108, -1,
          108, 757, 760, 109, -1,
          109, 761, 764, 110, -1,
          110, 765, 768, 111, -1,
          113, 128, 144, 129, -1,
          113, 129, 130, 114, -1,
          114, 130, 131, 115, -1,
          115, 131, 132, 116, -1,
          116, 132, 133, 117, -1,
          117, 133, 134, 118, -1,
          118, 134, 135, 119, -1,
          119, 135, 136, 120, -1,
          120, 136, 137, 121, -1,
          121, 137, 138, 122, -1,
          122, 138, 139, 123, -1,
          123, 139, 140, 124, -1,
          124, 140, 141, 125, -1,
          125, 141, 142, 126, -1,
          126, 142, 143, 127, -1,
          127, 143, 144, 128, -1,
          129, 144, 831, 771, -1,
          129, 770, 774, 130, -1,
          130, 775, 778, 131, -1,
          131, 779, 782, 132, -1,
          132, 783, 786, 133, -1,
          133, 787, 790, 134, -1,
          134, 791, 794, 135, -1,
          135, 795, 798, 136, -1,
          136, 799, 802, 137, -1,
          137, 803, 806, 138, -1,
          138, 807, 810, 139, -1,
          139, 811, 814, 140, -1,
          140, 815, 818, 141, -1,
          141, 819, 822, 142, -1,
          142, 823, 826, 143, -1,
          143, 827, 830, 144, -1,
          773, 833, 895, 835, -1,
          772, 834, 838, 776, -1,
          777, 839, 842, 780, -1,
          781, 843, 846, 784, -1,
          785, 847, 850, 788, -1,
          789, 851, 854, 792, -1,
          793, 855, 858, 796, -1,
          797, 859, 862, 800, -1,
          801, 863, 866, 804, -1,
          805, 867, 870, 808, -1,
          809, 871, 874, 812, -1,
          813, 875, 878, 816, -1,
          817, 879, 882, 820, -1,
          821, 883, 886, 824, -1,
          825, 887, 890, 828, -1,
          829, 891, 894, 832, -1,
          837, 897, 944, 899, -1,
          836, 898, 901, 840, -1,
          841, 902, 904, 844, -1,
          845, 905, 907, 848, -1,
          849, 908, 910, 852, -1,
          853, 911, 913, 856, -1,
          857, 914, 916, 860, -1,
          861, 917, 919, 864, -1,
          865, 920, 922, 868, -1,
          869, 923, 925, 872, -1,
          873, 926, 928, 876, -1,
          877, 929, 931, 880, -1,
          881, 932, 934, 884, -1,
          885, 935, 937, 888, -1,
          889, 938, 940, 892, -1,
          893, 941, 943, 896, -1,
          900, 945, 942, 939, 936, 933, 930, 927, 924, 921, 918, 915, 912, 909, 906, 903, -1,
          948, 952, 259, 258, -1,
          946, 1006, 1070, 1010, -1,
          947, 1011, 1015, 951, -1,
          949, 258, 273, 1009, -1,
          953, 956, 260, 259, -1,
          950, 1014, 1019, 955, -1,
          957, 960, 261, 260, -1,
          954, 1018, 1023, 959, -1,
          961, 964, 262, 261, -1,
          958, 1022, 1027, 963, -1,
          965, 968, 263, 262, -1,
          962, 1026, 1031, 967, -1,
          969, 972, 264, 263, -1,
          966, 1030, 1035, 971, -1,
          973, 976, 265, 264, -1,
          970, 1034, 1039, 975, -1,
          977, 980, 266, 265, -1,
          974, 1038, 1043, 979, -1,
          981, 984, 267, 266, -1,
          978, 1042, 1047, 983, -1,
          985, 988, 268, 267, -1,
          982, 1046, 1051, 987, -1,
          989, 992, 269, 268, -1,
          986, 1050, 1055, 991, -1,
          993, 996, 270, 269, -1,
          990, 1054, 1059, 995, -1,
          997, 1000, 271, 270, -1,
          994, 1058, 1063, 999, -1,
          1001, 1004, 272, 271, -1,
          998, 1062, 1067, 1003, -1,
          1005, 1008, 273, 272, -1,
          1002, 1066, 1071, 1007, -1,
          145, 146, 162, 161, -1,
          145, 160, 257, -1,
          145, 161, 176, 160, -1,
          145, 257, 146, -1,
          146, 147, 163, 162, -1,
          146, 257, 147, -1,
          147, 148, 164, 163, -1,
          147, 257, 148, -1,
          148, 149, 165, 164, -1,
          148, 257, 149, -1,
          149, 150, 166, 165, -1,
          149, 257, 150, -1,
          150, 151, 167, 166, -1,
          150, 257, 151, -1,
          151, 152, 168, 167, -1,
          151, 257, 152, -1,
          152, 153, 169, 168, -1,
          152, 257, 153, -1,
          153, 154, 170, 169, -1,
          153, 257, 154, -1,
          154, 155, 171, 170, -1,
          154, 257, 155, -1,
          155, 156, 172, 171, -1,
          155, 257, 156, -1,
          156, 157, 173, 172, -1,
          156, 257, 157, -1,
          157, 158, 174, 173, -1,
          157, 257, 158, -1,
          158, 159, 175, 174, -1,
          158, 257, 159, -1,
          159, 160, 176, 175, -1,
          159, 257, 160, -1,
          161, 162, 178, 177, -1,
          161, 177, 192, 176, -1,
          162, 163, 179, 178, -1,
          163, 164, 180, 179, -1,
          164, 165, 181, 180, -1,
          165, 166, 182, 181, -1,
          166, 167, 183, 182, -1,
          167, 168, 184, 183, -1,
          168, 169, 185, 184, -1,
          169, 170, 186, 185, -1,
          170, 171, 187, 186, -1,
          171, 172, 188, 187, -1,
          172, 173, 189, 188, -1,
          173, 174, 190, 189, -1,
          174, 175, 191, 190, -1,
          175, 176, 192, 191, -1,
          177, 178, 194, 193, -1,
          177, 193, 208, 192, -1,
          178, 179, 195, 194, -1,
          179, 180, 196, 195, -1,
          180, 181, 197, 196, -1,
          181, 182, 198, 197, -1,
          182, 183, 199, 198, -1,
          183, 184, 200, 199, -1,
          184, 185, 201, 200, -1,
          185, 186, 202, 201, -1,
          186, 187, 203, 202, -1,
          187, 188, 204, 203, -1,
          188, 189, 205, 204, -1,
          189, 190, 206, 205, -1,
          190, 191, 207, 206, -1,
          191, 192, 208, 207, -1,
          193, 194, 210, 209, -1,
          193, 209, 224, 208, -1,
          194, 195, 211, 210, -1,
          195, 196, 212, 211, -1,
          196, 197, 213, 212, -1,
          197, 198, 214, 213, -1,
          198, 199, 215, 214, -1,
          199, 200, 216, 215, -1,
          200, 201, 217, 216, -1,
          201, 202, 218, 217, -1,
          202, 203, 219, 218, -1,
          203, 204, 220, 219, -1,
          204, 205, 221, 220, -1,
          205, 206, 222, 221, -1,
          206, 207, 223, 222, -1,
          207, 208, 224, 223, -1,
          209, 210, 226, 225, -1,
          209, 225, 240, 224, -1,
          210, 211, 227, 226, -1,
          211, 212, 228, 227, -1,
          212, 213, 229, 228, -1,
          213, 214, 230, 229, -1,
          214, 215, 231, 230, -1,
          215, 216, 232, 231, -1,
          216, 217, 233, 232, -1,
          217, 218, 234, 233, -1,
          218, 219, 235, 234, -1,
          219, 220, 236, 235, -1,
          220, 221, 237, 236, -1,
          221, 222, 238, 237, -1,
          222, 223, 239, 238, -1,
          223, 224, 240, 239, -1,
          225, 226, 242, 241, -1,
          225, 241, 256, 240, -1,
          226, 227, 243, 242, -1,
          227, 228, 244, 243, -1,
          228, 229, 245, 244, -1,
          229, 230, 246, 245, -1,
          230, 231, 247, 246, -1,
          231, 232, 248, 247, -1,
          232, 233, 249, 248, -1,
          233, 234, 250, 249, -1,
          234, 235, 251, 250, -1,
          235, 236, 252, 251, -1,
          236, 237, 253, 252, -1,
          237, 238, 254, 253, -1,
          238, 239, 255, 254, -1,
          239, 240, 256, 255, -1,
          241, 242, 1016, 1012, -1,
          241, 1013, 1073, 256, -1,
          242, 243, 1020, 1017, -1,
          243, 244, 1024, 1021, -1,
          244, 245, 1028, 1025, -1,
          245, 246, 1032, 1029, -1,
          246, 247, 1036, 1033, -1,
          247, 248, 1040, 1037, -1,
          248, 249, 1044, 1041, -1,
          249, 250, 1048, 1045, -1,
          250, 251, 1052, 1049, -1,
          251, 252, 1056, 1053, -1,
          252, 253, 1060, 1057, -1,
          253, 254, 1064, 1061, -1,
          254, 255, 1068, 1065, -1,
          255, 256, 1072, 1069, -1,
          258, 259, 275, 274, -1,
          258, 274, 289, 273, -1,
          259, 260, 276, 275, -1,
          260, 261, 277, 276, -1,
          261, 262, 278, 277, -1,
          262, 263, 279, 278, -1,
          263, 264, 280, 279, -1,
          264, 265, 281, 280, -1,
          265, 266, 282, 281, -1,
          266, 267, 283, 282, -1,
          267, 268, 284, 283, -1,
          268, 269, 285, 284, -1,
          269, 270, 286, 285, -1,
          270, 271, 287, 286, -1,
          271, 272, 288, 287, -1,
          272, 273, 289, 288, -1,
          274, 275, 1078, 1074, -1,
          274, 1075, 1135, 289, -1,
          275, 276, 1082, 1079, -1,
          276, 277, 1086, 1083, -1,
          277, 278, 1090, 1087, -1,
          278, 279, 1094, 1091, -1,
          279, 280, 1098, 1095, -1,
          280, 281, 1102, 1099, -1,
          281, 282, 1106, 1103, -1,
          282, 283, 1110, 1107, -1,
          283, 284, 1114, 1111, -1,
          284, 285, 1118, 1115, -1,
          285, 286, 1122, 1119, -1,
          286, 287, 1126, 1123, -1,
          287, 288, 1130, 1127, -1,
          288, 289, 1134, 1131, -1,
          1076, 1080, 1142, 1138, -1,
          1077, 1139, 1199, 1137, -1,
          1081, 1084, 1146, 1143, -1,
          1085, 1088, 1150, 1147, -1,
          1089, 1092, 1154, 1151, -1,
          1093, 1096, 1158, 1155, -1,
          1097, 1100, 1162, 1159, -1,
          1101, 1104, 1166, 1163, -1,
          1105, 1108, 1170, 1167, -1,
          1109, 1112, 1174, 1171, -1,
          1113, 1116, 1178, 1175, -1,
          1117, 1120, 1182, 1179, -1,
          1121, 1124, 1186, 1183, -1,
          1125, 1128, 1190, 1187, -1,
          1129, 1132, 1194, 1191, -1,
          1133, 1136, 1198, 1195, -1,
          1140, 1144, 1205, 1202, -1,
          1141, 1203, 1248, 1201, -1,
          1145, 1148, 1208, 1206, -1,
          1149, 1152, 1211, 1209, -1,
          1153, 1156, 1214, 1212, -1,
          1157, 1160, 1217, 1215, -1,
          1161, 1164, 1220, 1218, -1,
          1165, 1168, 1223, 1221, -1,
          1169, 1172, 1226, 1224, -1,
          1173, 1176, 1229, 1227, -1,
          1177, 1180, 1232, 1230, -1,
          1181, 1184, 1235, 1233, -1,
          1185, 1188, 1238, 1236, -1,
          1189, 1192, 1241, 1239, -1,
          1193, 1196, 1244, 1242, -1,
          1197, 1200, 1247, 1245, -1,
          1204, 1207, 1210, 1213, 1216, 1219, 1222, 1225, 1228, 1231, 1234, 1237, 1240, 1243, 1246, 1249, -1 ]
      }
    }

  ]
}

