#VRML V2.0 utf8
#Exported from Wings 3D 2.4.1
DEF Cylinder7_copy8 Transform {
  children [
    Shape {
      appearance Appearance {
        material DEF pins Material {
          diffuseColor 0.6 0.6 0.6
          emissiveColor 0.0 0.0 0.0
          specularColor 0.5999999905136262 0.5999999905136262 0.5999999905136262
          ambientIntensity 1.0
          transparency 0.0
          shininess 0.5
        }
      }
      geometry IndexedFaceSet {
        normalPerVertex TRUE
        coord Coordinate {
          point [
            1.4985993346499997 -1.29920044094 1.0,
            1.4864200598518056 -1.3604297901184144 1.0,
            1.4517364196398477 -1.4123375259298476 1.0,
            1.3998286838284142 -1.4470211661418058 1.0,
            1.33859933465 -1.45920044094 1.0,
            1.2773699854715854 -1.4470211661418058 1.0,
            1.2254622496601524 -1.4123375259298476 1.0,
            1.190778609448194 -1.3604297901184144 1.0,
            1.1785993346499999 -1.29920044094 1.0,
            1.190778609448194 -1.2379710917615856 1.0,
            1.2254622496601524 -1.1860633559501523 1.0,
            1.2773699854715854 -1.151379715738194 1.0,
            1.33859933465 -1.1392004409399998 1.0,
            1.3998286838284142 -1.151379715738194 1.0,
            1.4517364196398477 -1.1860633559501523 1.0,
            1.4864200598518056 -1.2379710917615854 1.0,
            1.4985993346499997 -1.29920044094 -1.0,
            1.4864200598518056 -1.3604297901184144 -1.0,
            1.4517364196398477 -1.4123375259298476 -1.0,
            1.3998286838284142 -1.447021166141806 -1.0,
            1.33859933465 -1.4592004409400001 -1.0,
            1.2773699854715854 -1.447021166141806 -1.0,
            1.2254622496601524 -1.4123375259298476 -1.0,
            1.190778609448194 -1.3604297901184144 -1.0,
            1.1785993346499999 -1.29920044094 -1.0,
            1.190778609448194 -1.2379710917615856 -1.0,
            1.2254622496601524 -1.1860633559501523 -1.0,
            1.2773699854715854 -1.1513797157381942 -1.0,
            1.33859933465 -1.13920044094 -1.0,
            1.3998286838284142 -1.1513797157381942 -1.0,
            1.4517364196398477 -1.1860633559501523 -1.0,
            1.4864200598518056 -1.2379710917615856 -1.0 ]
        }
        coordIndex [
          0, 1, 17, 16, -1,
          0, 15, 14, 13, 12, 11, 10, 9, 8, 7, 6, 5, 4, 3, 2, 1, -1,
          0, 16, 31, 15, -1,
          1, 2, 18, 17, -1,
          2, 3, 19, 18, -1,
          3, 4, 20, 19, -1,
          4, 5, 21, 20, -1,
          5, 6, 22, 21, -1,
          6, 7, 23, 22, -1,
          7, 8, 24, 23, -1,
          8, 9, 25, 24, -1,
          9, 10, 26, 25, -1,
          10, 11, 27, 26, -1,
          11, 12, 28, 27, -1,
          12, 13, 29, 28, -1,
          13, 14, 30, 29, -1,
          14, 15, 31, 30, -1,
          16, 17, 18, 19, 20, 21, 22, 23, 24, 25, 26, 27, 28, 29, 30, 31, -1 ]
        normal Normal {
          vector [
            0.0 0.0 1.0,
            1.0 -1.6979603693206584e-16 -5.5335093945627595e-18,
            1.0 -1.6979603693206584e-16 -5.5335093945627595e-18,
            0.0 0.0 1.0,
            0.9238795325112876 -0.3826834323650875 0.0,
            0.9238795325112876 -0.3826834323650875 0.0,
            0.0 0.0 1.0,
            0.7071067811865485 -0.7071067811865467 2.3462079832946098e-17,
            0.7071067811865485 -0.7071067811865467 2.3462079832946098e-17,
            0.0 0.0 1.0,
            0.382683432365089 -0.9238795325112871 7.901851415435643e-17,
            0.382683432365089 -0.9238795325112871 7.901851415435643e-17,
            0.0 0.0 1.0,
            6.933338174726022e-16 -1.0 1.111128686428204e-16,
            6.933338174726022e-16 -1.0 1.111128686428204e-16,
            0.0 0.0 1.0,
            -0.3826834323650902 -0.9238795325112866 7.901851415435623e-17,
            -0.3826834323650902 -0.9238795325112866 7.901851415435623e-17,
            0.0 0.0 1.0,
            -0.7071067811865477 -0.7071067811865474 2.3462079832946212e-17,
            -0.7071067811865477 -0.7071067811865474 2.3462079832946212e-17,
            0.0 0.0 1.0,
            -0.9238795325112865 -0.3826834323650902 0.0,
            -0.9238795325112865 -0.3826834323650902 0.0,
            0.0 0.0 1.0,
            -1.0 0.0 0.0,
            -1.0 0.0 0.0,
            0.0 0.0 1.0,
            -0.9238795325112865 0.3826834323650902 0.0,
            -0.9238795325112865 0.3826834323650902 0.0,
            0.0 0.0 1.0,
            -0.7071067811865477 0.7071067811865474 -2.3462079832946212e-17,
            -0.7071067811865477 0.7071067811865474 -2.3462079832946212e-17,
            0.0 0.0 1.0,
            -0.3826834323650902 0.9238795325112866 -7.901851415435623e-17,
            -0.3826834323650902 0.9238795325112866 -7.901851415435623e-17,
            0.0 0.0 1.0,
            6.933338174726022e-16 1.0 -1.111128686428204e-16,
            6.933338174726022e-16 1.0 -1.111128686428204e-16,
            0.0 0.0 1.0,
            0.382683432365089 0.9238795325112871 -7.901851415435643e-17,
            0.382683432365089 0.9238795325112871 -7.901851415435643e-17,
            0.0 0.0 1.0,
            0.707106781186548 0.7071067811865469 -3.9398586889286954e-17,
            0.707106781186548 0.7071067811865469 -3.9398586889286954e-17,
            0.0 0.0 1.0,
            0.9238795325112875 0.38268343236508784 -2.14700164509036e-17,
            0.9238795325112875 0.38268343236508784 -2.14700164509036e-17,
            0.0 0.0 -1.0,
            1.0 -1.6979603693206584e-16 -5.5335093945627595e-18,
            1.0 -1.6979603693206584e-16 -5.5335093945627595e-18,
            0.0 0.0 -1.0,
            0.9238795325112876 -0.3826834323650875 0.0,
            0.9238795325112876 -0.3826834323650875 0.0,
            0.0 0.0 -1.0,
            0.7071067811865485 -0.7071067811865467 2.3462079832946098e-17,
            0.7071067811865485 -0.7071067811865467 2.3462079832946098e-17,
            0.0 0.0 -1.0,
            0.382683432365089 -0.9238795325112871 7.901851415435643e-17,
            0.382683432365089 -0.9238795325112871 7.901851415435643e-17,
            0.0 0.0 -1.0,
            6.933338174726022e-16 -1.0 1.111128686428204e-16,
            6.933338174726022e-16 -1.0 1.111128686428204e-16,
            0.0 0.0 -1.0,
            -0.3826834323650902 -0.9238795325112866 7.901851415435623e-17,
            -0.3826834323650902 -0.9238795325112866 7.901851415435623e-17,
            0.0 0.0 -1.0,
            -0.7071067811865477 -0.7071067811865474 2.3462079832946212e-17,
            -0.7071067811865477 -0.7071067811865474 2.3462079832946212e-17,
            0.0 0.0 -1.0,
            -0.9238795325112865 -0.3826834323650902 0.0,
            -0.9238795325112865 -0.3826834323650902 0.0,
            0.0 0.0 -1.0,
            -1.0 0.0 0.0,
            -1.0 0.0 0.0,
            0.0 0.0 -1.0,
            -0.9238795325112865 0.3826834323650902 0.0,
            -0.9238795325112865 0.3826834323650902 0.0,
            0.0 0.0 -1.0,
            -0.7071067811865477 0.7071067811865474 -2.3462079832946212e-17,
            -0.7071067811865477 0.7071067811865474 -2.3462079832946212e-17,
            0.0 0.0 -1.0,
            -0.3826834323650902 0.9238795325112866 -7.901851415435623e-17,
            -0.3826834323650902 0.9238795325112866 -7.901851415435623e-17,
            0.0 0.0 -1.0,
            6.933338174726022e-16 1.0 -1.111128686428204e-16,
            6.933338174726022e-16 1.0 -1.111128686428204e-16,
            0.0 0.0 -1.0,
            0.382683432365089 0.9238795325112871 -7.901851415435643e-17,
            0.382683432365089 0.9238795325112871 -7.901851415435643e-17,
            0.0 0.0 -1.0,
            0.707106781186548 0.7071067811865469 -3.9398586889286954e-17,
            0.707106781186548 0.7071067811865469 -3.9398586889286954e-17,
            0.0 0.0 -1.0,
            0.9238795325112875 0.38268343236508784 -2.14700164509036e-17,
            0.9238795325112875 0.38268343236508784 -2.14700164509036e-17 ]
        }
        normalIndex [
          2, 5, 53, 50, -1,
          0, 45, 42, 39, 36, 33, 30, 27, 24, 21, 18, 15, 12, 9, 6, 3, -1,
          1, 49, 94, 46, -1,
          4, 8, 56, 52, -1,
          7, 11, 59, 55, -1,
          10, 14, 62, 58, -1,
          13, 17, 65, 61, -1,
          16, 20, 68, 64, -1,
          19, 23, 71, 67, -1,
          22, 26, 74, 70, -1,
          25, 29, 77, 73, -1,
          28, 32, 80, 76, -1,
          31, 35, 83, 79, -1,
          34, 38, 86, 82, -1,
          37, 41, 89, 85, -1,
          40, 44, 92, 88, -1,
          43, 47, 95, 91, -1,
          48, 51, 54, 57, 60, 63, 66, 69, 72, 75, 78, 81, 84, 87, 90, 93, -1 ]
      }
    }

  ]
}

DEF Cylinder7 Transform {
  children [
    Shape {
      appearance Appearance {
        material USE pins
      }
      geometry IndexedFaceSet {
        normalPerVertex TRUE
        coord Coordinate {
          point [
            -1.17859983465 1.29920044094 1.0,
            -1.190779109448194 1.2379710917615856 1.0,
            -1.2254627496601525 1.1860633559501523 1.0,
            -1.2773704854715855 1.1513797157381942 1.0,
            -1.33859983465 1.13920044094 1.0,
            -1.3998291838284143 1.1513797157381942 1.0,
            -1.4517369196398477 1.1860633559501523 1.0,
            -1.4864205598518057 1.2379710917615856 1.0,
            -1.4985998346499998 1.29920044094 1.0,
            -1.4864205598518057 1.3604297901184144 1.0,
            -1.4517369196398477 1.4123375259298476 1.0,
            -1.3998291838284143 1.447021166141806 1.0,
            -1.33859983465 1.4592004409400001 1.0,
            -1.2773704854715855 1.447021166141806 1.0,
            -1.2254627496601525 1.4123375259298476 1.0,
            -1.190779109448194 1.3604297901184146 1.0,
            -1.17859983465 1.29920044094 -1.0,
            -1.190779109448194 1.2379710917615856 -1.0,
            -1.2254627496601525 1.1860633559501523 -1.0,
            -1.2773704854715855 1.151379715738194 -1.0,
            -1.33859983465 1.1392004409399998 -1.0,
            -1.3998291838284143 1.151379715738194 -1.0,
            -1.4517369196398477 1.1860633559501523 -1.0,
            -1.4864205598518057 1.2379710917615856 -1.0,
            -1.4985998346499998 1.29920044094 -1.0,
            -1.4864205598518057 1.3604297901184144 -1.0,
            -1.4517369196398477 1.4123375259298476 -1.0,
            -1.3998291838284143 1.4470211661418058 -1.0,
            -1.33859983465 1.45920044094 -1.0,
            -1.2773704854715855 1.4470211661418058 -1.0,
            -1.2254627496601525 1.4123375259298476 -1.0,
            -1.190779109448194 1.3604297901184144 -1.0 ]
        }
        coordIndex [
          0, 1, 17, 16, -1,
          0, 15, 14, 13, 12, 11, 10, 9, 8, 7, 6, 5, 4, 3, 2, 1, -1,
          0, 16, 31, 15, -1,
          1, 2, 18, 17, -1,
          2, 3, 19, 18, -1,
          3, 4, 20, 19, -1,
          4, 5, 21, 20, -1,
          5, 6, 22, 21, -1,
          6, 7, 23, 22, -1,
          7, 8, 24, 23, -1,
          8, 9, 25, 24, -1,
          9, 10, 26, 25, -1,
          10, 11, 27, 26, -1,
          11, 12, 28, 27, -1,
          12, 13, 29, 28, -1,
          13, 14, 30, 29, -1,
          14, 15, 31, 30, -1,
          16, 17, 18, 19, 20, 21, 22, 23, 24, 25, 26, 27, 28, 29, 30, 31, -1 ]
        normal Normal {
          vector [
            0.0 -0.0 1.0,
            1.0 -1.6979603693206584e-16 -5.5335093945627595e-18,
            1.0 -1.6979603693206584e-16 -5.5335093945627595e-18,
            0.0 -0.0 1.0,
            0.9238795325112865 -0.3826834323650902 0.0,
            0.9238795325112865 -0.3826834323650902 0.0,
            0.0 -0.0 1.0,
            0.7071067811865477 -0.7071067811865474 2.3462079832946212e-17,
            0.7071067811865477 -0.7071067811865474 2.3462079832946212e-17,
            0.0 -0.0 1.0,
            0.3826834323650902 -0.9238795325112866 7.901851415435623e-17,
            0.3826834323650902 -0.9238795325112866 7.901851415435623e-17,
            0.0 -0.0 1.0,
            -6.933338174726022e-16 -1.0 1.111128686428204e-16,
            -6.933338174726022e-16 -1.0 1.111128686428204e-16,
            0.0 -0.0 1.0,
            -0.382683432365089 -0.9238795325112871 7.901851415435643e-17,
            -0.382683432365089 -0.9238795325112871 7.901851415435643e-17,
            0.0 -0.0 1.0,
            -0.7071067811865485 -0.7071067811865467 2.3462079832946098e-17,
            -0.7071067811865485 -0.7071067811865467 2.3462079832946098e-17,
            0.0 -0.0 1.0,
            -0.9238795325112876 -0.3826834323650875 0.0,
            -0.9238795325112876 -0.3826834323650875 0.0,
            0.0 -0.0 1.0,
            -1.0 0.0 0.0,
            -1.0 0.0 0.0,
            0.0 -0.0 1.0,
            -0.9238795325112876 0.3826834323650875 0.0,
            -0.9238795325112876 0.3826834323650875 0.0,
            0.0 -0.0 1.0,
            -0.7071067811865485 0.7071067811865467 -2.3462079832946098e-17,
            -0.7071067811865485 0.7071067811865467 -2.3462079832946098e-17,
            0.0 -0.0 1.0,
            -0.382683432365089 0.9238795325112871 -7.901851415435643e-17,
            -0.382683432365089 0.9238795325112871 -7.901851415435643e-17,
            0.0 -0.0 1.0,
            -6.933338174726022e-16 1.0 -1.111128686428204e-16,
            -6.933338174726022e-16 1.0 -1.111128686428204e-16,
            0.0 -0.0 1.0,
            0.3826834323650902 0.9238795325112866 -7.901851415435623e-17,
            0.3826834323650902 0.9238795325112866 -7.901851415435623e-17,
            0.0 -0.0 1.0,
            0.7071067811865474 0.7071067811865477 -3.8955906137721963e-17,
            0.7071067811865474 0.7071067811865477 -3.8955906137721963e-17,
            0.0 -0.0 1.0,
            0.9238795325112865 0.38268343236509056 -2.1027335699338525e-17,
            0.9238795325112865 0.38268343236509056 -2.1027335699338525e-17,
            0.0 -0.0 -1.0,
            1.0 -1.6979603693206584e-16 -5.5335093945627595e-18,
            1.0 -1.6979603693206584e-16 -5.5335093945627595e-18,
            0.0 -0.0 -1.0,
            0.9238795325112865 -0.3826834323650902 0.0,
            0.9238795325112865 -0.3826834323650902 0.0,
            0.0 -0.0 -1.0,
            0.7071067811865477 -0.7071067811865474 2.3462079832946212e-17,
            0.7071067811865477 -0.7071067811865474 2.3462079832946212e-17,
            0.0 -0.0 -1.0,
            0.3826834323650902 -0.9238795325112866 7.901851415435623e-17,
            0.3826834323650902 -0.9238795325112866 7.901851415435623e-17,
            0.0 -0.0 -1.0,
            -6.933338174726022e-16 -1.0 1.111128686428204e-16,
            -6.933338174726022e-16 -1.0 1.111128686428204e-16,
            0.0 -0.0 -1.0,
            -0.382683432365089 -0.9238795325112871 7.901851415435643e-17,
            -0.382683432365089 -0.9238795325112871 7.901851415435643e-17,
            0.0 -0.0 -1.0,
            -0.7071067811865485 -0.7071067811865467 2.3462079832946098e-17,
            -0.7071067811865485 -0.7071067811865467 2.3462079832946098e-17,
            0.0 -0.0 -1.0,
            -0.9238795325112876 -0.3826834323650875 0.0,
            -0.9238795325112876 -0.3826834323650875 0.0,
            0.0 -0.0 -1.0,
            -1.0 0.0 0.0,
            -1.0 0.0 0.0,
            0.0 -0.0 -1.0,
            -0.9238795325112876 0.3826834323650875 0.0,
            -0.9238795325112876 0.3826834323650875 0.0,
            0.0 -0.0 -1.0,
            -0.7071067811865485 0.7071067811865467 -2.3462079832946098e-17,
            -0.7071067811865485 0.7071067811865467 -2.3462079832946098e-17,
            0.0 -0.0 -1.0,
            -0.382683432365089 0.9238795325112871 -7.901851415435643e-17,
            -0.382683432365089 0.9238795325112871 -7.901851415435643e-17,
            0.0 -0.0 -1.0,
            -6.933338174726022e-16 1.0 -1.111128686428204e-16,
            -6.933338174726022e-16 1.0 -1.111128686428204e-16,
            0.0 -0.0 -1.0,
            0.3826834323650902 0.9238795325112866 -7.901851415435623e-17,
            0.3826834323650902 0.9238795325112866 -7.901851415435623e-17,
            0.0 -0.0 -1.0,
            0.7071067811865474 0.7071067811865477 -3.8955906137721963e-17,
            0.7071067811865474 0.7071067811865477 -3.8955906137721963e-17,
            0.0 -0.0 -1.0,
            0.9238795325112865 0.38268343236509056 -2.1027335699338525e-17,
            0.9238795325112865 0.38268343236509056 -2.1027335699338525e-17 ]
        }
        normalIndex [
          2, 5, 53, 50, -1,
          0, 45, 42, 39, 36, 33, 30, 27, 24, 21, 18, 15, 12, 9, 6, 3, -1,
          1, 49, 94, 46, -1,
          4, 8, 56, 52, -1,
          7, 11, 59, 55, -1,
          10, 14, 62, 58, -1,
          13, 17, 65, 61, -1,
          16, 20, 68, 64, -1,
          19, 23, 71, 67, -1,
          22, 26, 74, 70, -1,
          25, 29, 77, 73, -1,
          28, 32, 80, 76, -1,
          31, 35, 83, 79, -1,
          34, 38, 86, 82, -1,
          37, 41, 89, 85, -1,
          40, 44, 92, 88, -1,
          43, 47, 95, 91, -1,
          48, 51, 54, 57, 60, 63, 66, 69, 72, 75, 78, 81, 84, 87, 90, 93, -1 ]
      }
    }

  ]
}

DEF Cylinder1 Transform {
  children [
    Shape {
      appearance Appearance {
        material DEF body Material {
          diffuseColor 0.1 0.1 1.0
          emissiveColor 0.0 0.0 0.0
          specularColor 0.1 0.1 1.0
          ambientIntensity 1.0
          transparency 0.0
          shininess 0.5
        }
      }
      geometry IndexedFaceSet {
        normalPerVertex TRUE
        coord Coordinate {
          point [
            2.9524999999991555 1.0925 3.25,
            2.727754319738794 1.0925 4.379872834057602,
            2.0877327714526843 1.0925 5.337732771452685,
            1.1298728340576047 1.0925 5.977754319738795,
            2.506480600557167e-16 1.0925 6.202499999999155,
            -1.129872834057604 1.0925 5.977754319738795,
            -2.087732771452684 1.0925 5.337732771452685,
            -2.727754319738794 1.0925 4.379872834057604,
            -2.9524999999991555 1.0925 3.2500000000000004,
            -2.727754319738794 1.0925 2.120127165942396,
            -2.0877327714526848 1.0925 1.1622672285473161,
            -1.1298728340576059 1.0925 0.5222456802612063,
            -4.725058748405884e-16 1.0925 0.29750000000084453,
            1.1298728340576052 1.0925 0.5222456802612063,
            2.087732771452684 1.0925 1.1622672285473157,
            2.7277543197387932 1.0925 2.1201271659423933,
            2.9524999999991555 -1.0925 3.25,
            2.727754319738794 -1.0925 4.379872834057602,
            2.0877327714526843 -1.0925 5.337732771452685,
            1.1298728340576047 -1.0925 5.977754319738795,
            2.506480600557167e-16 -1.0925 6.202499999999155,
            -1.129872834057604 -1.0925 5.977754319738795,
            -2.087732771452684 -1.0925 5.337732771452685,
            -2.727754319738794 -1.0925 4.379872834057604,
            -2.9524999999991555 -1.0925 3.2500000000000004,
            -2.727754319738794 -1.0925 2.120127165942396,
            -2.0877327714526848 -1.0925 1.1622672285473161,
            -1.1298728340576059 -1.0925 0.5222456802612063,
            -4.725058748405884e-16 -1.0925 0.29750000000084453,
            1.1298728340576052 -1.0925 0.5222456802612063,
            2.087732771452684 -1.0925 1.1622672285473157,
            2.7277543197387932 -1.0925 2.1201271659423933,
            2.793064999999201 -1.1925000000000001 3.25,
            2.580455586472899 -1.1925000000000001 4.318859701018493,
            1.9749952017942392 -1.1925000000000001 5.224995201794238,
            1.0688597010184941 -1.1925000000000001 5.8304555864728975,
            2.3089307180947596e-16 -1.1925000000000001 6.0430649999992,
            -1.0688597010184935 -1.1925000000000001 5.8304555864728975,
            -1.974995201794239 -1.1925000000000001 5.224995201794238,
            -2.580455586472899 -1.1925000000000001 4.318859701018493,
            -2.793064999999201 -1.1925000000000001 3.2500000000000004,
            -2.580455586472899 -1.1925000000000001 2.181140298981507,
            -1.9749952017942398 -1.1925000000000001 1.2750047982057613,
            -1.068859701018495 -1.1925000000000001 0.669544413527102,
            -4.532105506024287e-16 -1.1925000000000001 0.456935000000799,
            1.0688597010184944 -1.1925000000000001 0.6695444135271016,
            1.974995201794239 -1.1925000000000001 1.2750047982057606,
            2.580455586472898 -1.1925000000000001 2.1811402989815036,
            2.580455586472899 1.1925000000000001 4.318859701018493,
            2.793064999999201 1.1925000000000001 3.25,
            2.580455586472898 1.1925000000000001 2.1811402989815036,
            1.974995201794239 1.1925000000000001 1.2750047982057606,
            1.0688597010184944 1.1925000000000001 0.6695444135271016,
            -4.560655249238974e-16 1.1925000000000001 0.456935000000799,
            -1.068859701018495 1.1925000000000001 0.669544413527102,
            -1.9749952017942398 1.1925000000000001 1.2750047982057613,
            -2.580455586472899 1.1925000000000001 2.181140298981507,
            -2.793064999999201 1.1925000000000001 3.2500000000000004,
            -2.580455586472899 1.1925000000000001 4.318859701018493,
            -1.974995201794239 1.1925000000000001 5.224995201794238,
            -1.0688597010184935 1.1925000000000001 5.8304555864728975,
            2.280380974880073e-16 1.1925000000000001 6.0430649999992,
            1.0688597010184941 1.1925000000000001 5.8304555864728975,
            1.9749952017942392 1.1925000000000001 5.224995201794238,
            1.9551454999994402 -1.2925 3.25,
            1.8063189105310293 -1.2925 3.9982017907129452,
            1.3824966412559674 -1.2925 4.632496641255967,
            0.7482017907129458 -1.2925 5.056318910531029,
            1.4293060203461518e-16 -1.2925 5.205145499999441,
            -0.7482017907129455 -1.2925 5.056318910531029,
            -1.3824966412559672 -1.2925 4.632496641255967,
            -1.8063189105310293 -1.2925 3.9982017907129457,
            -1.9551454999994402 -1.2925 3.2500000000000004,
            -1.8063189105310293 -1.2925 2.5017982092870543,
            -1.3824966412559676 -1.2925 1.8675033587440328,
            -0.7482017907129465 -1.2925 1.4436810894689713,
            -3.359419336537181e-16 -1.2925 1.2948545000005593,
            0.748201790712946 -1.2925 1.4436810894689713,
            1.3824966412559672 -1.2925 1.8675033587440328,
            1.8063189105310287 -1.2925 2.501798209287054,
            1.8063189105310296 1.2925 3.9982017907129452,
            1.9551454999994402 1.2925 3.25,
            1.8063189105310289 1.2925 2.501798209287054,
            1.3824966412559674 1.2925 1.8675033587440328,
            0.7482017907129458 1.2925 1.4436810894689713,
            -3.855233210365582e-16 1.2925 1.2948545000005593,
            -0.7482017907129467 1.2925 1.4436810894689713,
            -1.3824966412559674 1.2925 1.8675033587440328,
            -1.8063189105310289 1.2925 2.5017982092870543,
            -1.9551454999994407 1.2925 3.2500000000000004,
            -1.8063189105310289 1.2925 3.9982017907129457,
            -1.382496641255967 1.2925 4.632496641255967,
            -0.7482017907129456 1.2925 5.056318910531029,
            9.334921465177488e-17 1.2925 5.205145499999441,
            0.7482017907129456 1.2925 5.056318910531029,
            1.3824966412559676 1.2925 4.632496641255967,
            0.9798744774163524 -1.2925 2.003380780314037,
            0.9960220670408602 -1.4073050297095269 2.0195283699385445,
            1.0420065117723167 -1.5046320343559643 2.0655128146700013,
            1.110827096750387 -1.569663859753386 2.134333399648072,
            1.1920065117723166 -1.5924999999999998 2.215512814670001,
            1.273185926794246 -1.569663859753386 2.2966922296919305,
            1.3420065117723166 -1.5046320343559643 2.365512814670001,
            1.387990956503773 -1.4073050297095269 2.4114972594014574,
            1.404138546128281 -1.2925 2.427644849025965,
            1.387990956503773 -1.177694970290473 2.4114972594014574,
            1.3420065117723166 -1.080367965644036 2.365512814670001,
            1.2731859267942465 -1.0153361402466141 2.2966922296919305,
            1.1920065117723166 -0.9925000000000002 2.215512814670001,
            1.110827096750387 -1.0153361402466141 2.1343333996480713,
            1.0420065117723167 -1.0803679656440357 2.0655128146700013,
            0.9960220670408602 -1.1776949702904729 2.019528369938545,
            -0.31505388373065335 -1.2925 3.4822833963880884,
            -0.31190364527102377 -1.314897350215103 3.485433634847718,
            -0.3029325251406312 -1.3338849068924414 3.4944047549781105,
            -0.28950629505592107 -1.3465719866505212 3.507830985062821,
            -0.2736689768382119 -1.3510270966048386 3.5236683032805303,
            -0.2578316586205027 -1.3465719866505212 3.539505621498239,
            -0.2444054285357926 -1.3338849068924414 3.552931851582949,
            -0.23543430840540003 -1.314897350215103 3.5619029717133417,
            -0.23228406994577044 -1.2925 3.5650532101729713,
            -0.23543430840540003 -1.2701026497848975 3.5619029717133417,
            -0.2444054285357926 -1.2511150931075588 3.552931851582949,
            -0.2578316586205027 -1.2384280133494792 3.539505621498239,
            -0.2736689768382119 -1.2339729033951616 3.5236683032805303,
            -0.28950629505592107 -1.2384280133494792 3.507830985062821,
            -0.3029325251406312 -1.2511150931075588 3.4944047549781105,
            -0.31190364527102377 -1.2701026497848973 3.485433634847718,
            -0.34277685979327566 -1.2925 3.4304173561917346,
            -0.336597444771346 -1.336433982822018 3.4365967712136642,
            -0.3189999596261095 -1.3736794150219294 3.4541942563589005,
            -0.29266346194932824 -1.3985660171779823 3.480530754035682,
            -0.26159744477134605 -1.4073050297095269 3.5115967712136644,
            -0.23053142759336387 -1.3985660171779823 3.542662788391646,
            -0.2041949299165826 -1.3736794150219294 3.5689992860684274,
            -0.1865974447713461 -1.336433982822018 3.586596771213664,
            -0.18041802974941645 -1.2925 3.592776186235594,
            -0.1865974447713461 -1.2485660171779824 3.586596771213664,
            -0.2041949299165826 -1.2113205849780706 3.5689992860684274,
            -0.23053142759336387 -1.186433982822018 3.542662788391646,
            -0.26159744477134605 -1.1776949702904733 3.5115967712136644,
            -0.29266346194932824 -1.186433982822018 3.480530754035682,
            -0.3189999596261095 -1.2113205849780706 3.4541942563589005,
            -0.336597444771346 -1.2485660171779822 3.4365967712136642,
            -0.35984858416085874 -1.2925 3.3741394230870463,
            -0.35087746403046594 -1.3562822571075444 3.3831105432174393,
            -0.32532987535573366 -1.4103542437580652 3.4086581318921714,
            -0.2870952069229218 -1.4464839901478008 3.4468928003249832,
            -0.24199434040279333 -1.4591710699058806 3.4919936668451115,
            -0.19689347388266487 -1.4464839901478008 3.5370945333652397,
            -0.158658805449853 -1.4103542437580652 3.575329201798052,
            -0.13311121677512072 -1.3562822571075444 3.600876790472784,
            -0.12414009664472792 -1.2925 3.609847910603177,
            -0.13311121677512072 -1.228717742892456 3.600876790472784,
            -0.158658805449853 -1.1746457562419348 3.575329201798052,
            -0.19689347388266487 -1.1385160098521991 3.5370945333652397,
            -0.24199434040279333 -1.1258289300941196 3.4919936668451115,
            -0.2870952069229218 -1.1385160098521991 3.4468928003249832,
            -0.32532987535573366 -1.1746457562419348 3.4086581318921714,
            -0.35087746403046594 -1.2287177428924558 3.3831105432174393,
            -0.3656130000398894 -1.2925 3.315612326482208,
            -0.3541949299165825 -1.3736794150219294 3.327030396605515,
            -0.3216790172178716 -1.4425 3.359546309304226,
            -0.2730155148946529 -1.4884844447314567 3.4082098116274446,
            -0.21561300003988948 -1.5046320343559643 3.4656123264822076,
            -0.15821048518512604 -1.4884844447314567 3.523014841336971,
            -0.10954698286190734 -1.4425 3.5716783436601895,
            -0.07703107016319644 -1.3736794150219298 3.604194256358901,
            -0.06561300003988957 -1.2925 3.6156123264822075,
            -0.07703107016319644 -1.2113205849780706 3.604194256358901,
            -0.10954698286190734 -1.1425000000000003 3.5716783436601895,
            -0.15821048518512604 -1.0965155552685437 3.523014841336971,
            -0.21561300003988948 -1.080367965644036 3.4656123264822076,
            -0.2730155148946529 -1.0965155552685437 3.4082098116274446,
            -0.3216790172178716 -1.1425000000000003 3.359546309304226,
            -0.3541949299165825 -1.2113205849780706 3.327030396605515,
            -0.3598485841608585 -1.2925 3.2570852298773696,
            -0.3464223540761484 -1.3879568935429627 3.2705114599620795,
            -0.30818768564333654 -1.4688813403629037 3.308746128394892,
            -0.2509654605331859 -1.522953327013425 3.365968353505042,
            -0.18346724379795476 -1.5419408836907635 3.433466570240273,
            -0.1159690270627236 -1.522953327013425 3.500964786975504,
            -0.05874680195257298 -1.4688813403629037 3.5581870120856545,
            -0.02051213351976111 -1.3879568935429627 3.596421680518467,
            -0.007085903435051 -1.2925 3.6098479106031767,
            -0.02051213351976111 -1.1970431064570377 3.596421680518467,
            -0.05874680195257298 -1.1161186596370964 3.5581870120856545,
            -0.11596902706272338 -1.0620466729865754 3.500964786975504,
            -0.18346724379795476 -1.0430591163092366 3.433466570240273,
            -0.2509654605331859 -1.0620466729865754 3.365968353505042,
            -0.30818768564333654 -1.1161186596370964 3.308746128394892,
            -0.3464223540761484 -1.1970431064570375 3.2705114599620795,
            -0.34277685979327543 -1.2925 3.200807296772681,
            -0.32785843223980105 -1.3985660171779823 3.2157257243261554,
            -0.285374344938512 -1.4884844447314567 3.2582098116274447,
            -0.2217924150618189 -1.5485660171779823 3.321791741504138,
            -0.14679241506181895 -1.569663859753386 3.396791741504138,
            -0.07179241506181899 -1.5485660171779823 3.4717917415041373,
            -0.008210485185125904 -1.4884844447314567 3.5353736713808304,
            0.03427360211616315 -1.3985660171779823 3.5778577586821196,
            0.04919202966963754 -1.2925 3.592776186235594,
            0.03427360211616315 -1.186433982822018 3.5778577586821196,
            -0.008210485185125904 -1.0965155552685437 3.5353736713808304,
            -0.07179241506181877 -1.0364339828220182 3.4717917415041377,
            -0.14679241506181895 -1.0153361402466141 3.396791741504138,
            -0.2217924150618189 -1.0364339828220182 3.321791741504138,
            -0.285374344938512 -1.0965155552685437 3.2582098116274447,
            -0.32785843223980105 -1.1864339828220178 3.2157257243261554,
            -0.31505388373065313 -1.2925 3.148941256576327,
            -0.29921656551294395 -1.4050990832553598 3.1647785747940365,
            -0.2541156989928155 -1.500555976798322 3.2098794413141647,
            -0.18661748225758434 -1.5643382339058665 3.2773776580493963,
            -0.10699790693233102 -1.5867355841209694 3.3569972333746496,
            -0.0273783316070777 -1.5643382339058665 3.4366168086999025,
            0.040119885128153454 -1.500555976798322 3.5041150254351336,
            0.08522075164828191 -1.4050990832553598 3.549215891955262,
            0.10105806986599108 -1.2925 3.5650532101729713,
            0.08522075164828191 -1.1799009167446406 3.549215891955262,
            0.040119885128153676 -1.084444023201678 3.5041150254351336,
            -0.027378331607077477 -1.020661766094134 3.4366168086999025,
            -0.10699790693233102 -0.998264415879031 3.3569972333746496,
            -0.18661748225758457 -1.020661766094134 3.277377658049396,
            -0.2541156989928155 -1.084444023201678 3.2098794413141647,
            -0.29921656551294395 -1.1799009167446404 3.1647785747940365,
            -0.27774503439585385 -1.2925 3.1034802921262434,
            -0.26159744477134605 -1.4073050297095269 3.1196278817507515,
            -0.21561300003988948 -1.5046320343559643 3.165612326482208,
            -0.14679241506181917 -1.569663859753386 3.2344329114602783,
            -0.06561300003988957 -1.5924999999999998 3.315612326482208,
            0.015566414982040033 -1.569663859753386 3.396791741504138,
            0.08438699996011034 -1.5046320343559643 3.4656123264822076,
            0.13037144469156692 -1.4073050297095269 3.5115967712136644,
            0.14651903431607471 -1.2925 3.527744360838172,
            0.13037144469156692 -1.1776949702904733 3.5115967712136644,
            0.08438699996011056 -1.080367965644036 3.4656123264822076,
            0.015566414982040033 -1.0153361402466141 3.396791741504138,
            -0.06561300003988957 -0.9925000000000002 3.315612326482208,
            -0.14679241506181917 -1.0153361402466141 3.2344329114602783,
            -0.21561300003988948 -1.080367965644036 3.165612326482208,
            -0.26159744477134605 -1.177694970290473 3.1196278817507515,
            -0.2777450343958541 -1.2925 3.527744360838172,
            1.00290956875564 -1.2925 1.9948021365513466,
            1.0226862463335917 -1.4073050297095269 2.0062202066746533,
            1.0790054591822331 -1.5046320343559643 2.038736119373364,
            1.1632931176802943 -1.569663859753386 2.087399621696583,
            1.2627171898909717 -1.5924999999999998 2.1448021365513465,
            1.362141262101649 -1.569663859753386 2.20220465140611,
            1.4464289205997098 -1.5046320343559643 2.2508681537293285,
            1.5027481334483515 -1.4073050297095269 2.2833840664280394,
            1.5225248110263037 -1.2925 2.294802136551346,
            1.5027481334483515 -1.177694970290473 2.2833840664280394,
            1.4464289205997098 -1.080367965644036 2.2508681537293285,
            1.3621412621016495 -1.0153361402466141 2.20220465140611,
            1.2627171898909717 -0.9925000000000002 2.1448021365513465,
            1.1632931176802943 -1.0153361402466141 2.0873996216965827,
            1.0790054591822333 -1.0803679656440357 2.038736119373364,
            1.0226862463335917 -1.1776949702904729 2.0062202066746533,
            1.022939442004251 -1.2925 1.9805538826421465,
            1.0449974596412146 -1.4073050297095269 1.9864643106546023,
            1.1078133793233056 -1.5046320343559643 2.0032957856052365,
            1.2018240467066557 -1.569663859753386 2.0284858680105162,
            1.3127171898909715 -1.5924999999999998 2.0581995961729023,
            1.4236103330752874 -1.569663859753386 2.0879133243352888,
            1.5176210004586377 -1.5046320343559643 2.113103406740568,
            1.5804369201407282 -1.4073050297095269 2.1299348816912027,
            1.602494937777692 -1.2925 2.1358453097036585,
            1.5804369201407282 -1.177694970290473 2.1299348816912027,
            1.5176210004586377 -1.080367965644036 2.113103406740568,
            1.4236103330752878 -1.0153361402466141 2.0879133243352888,
            1.3127171898909715 -0.9925000000000002 2.0581995961729023,
            1.2018240467066557 -1.0153361402466141 2.0284858680105162,
            1.1078133793233058 -1.0803679656440357 2.0032957856052365,
            1.0449974596412146 -1.1776949702904729 1.9864643106546023,
            1.0385990944012236 -1.2925 1.9616070135439956,
            1.0614352346478373 -1.4073050297095269 1.9616070135439956,
            1.1264670600452593 -1.5046320343559643 1.9616070135439956,
            1.2237940646916967 -1.569663859753386 1.9616070135439956,
            1.3385990944012236 -1.5924999999999998 1.9616070135439956,
            1.4534041241107505 -1.569663859753386 1.9616070135439956,
            1.5507311287571879 -1.5046320343559643 1.9616070135439956,
            1.6157629541546097 -1.4073050297095269 1.9616070135439956,
            1.6385990944012239 -1.2925 1.9616070135439956,
            1.6157629541546097 -1.177694970290473 1.9616070135439956,
            1.5507311287571879 -1.080367965644036 1.9616070135439956,
            1.453404124110751 -1.0153361402466141 1.9616070135439956,
            1.3385990944012236 -0.9925000000000002 1.9616070135439956,
            1.2237940646916967 -1.0153361402466141 1.9616070135439956,
            1.1264670600452595 -1.0803679656440357 1.9616070135439956,
            1.0614352346478375 -1.1776949702904729 1.9616070135439956,
            1.0385990944012236 -1.2925 0.4000000135439956,
            1.0614352346478373 -1.4073050297095269 0.4000000135439955,
            1.1264670600452593 -1.5046320343559643 0.4000000135439955,
            1.2237940646916967 -1.569663859753386 0.4000000135439955,
            1.3385990944012236 -1.5924999999999998 0.4000000135439955,
            1.4534041241107505 -1.569663859753386 0.4000000135439955,
            1.5507311287571879 -1.5046320343559643 0.4000000135439955,
            1.6157629541546097 -1.4073050297095269 0.4000000135439956,
            1.6385990944012239 -1.2925 0.4000000135439954,
            1.6157629541546097 -1.177694970290473 0.4000000135439956,
            1.5507311287571879 -1.080367965644036 0.4000000135439955,
            1.453404124110751 -1.0153361402466141 0.4000000135439954,
            1.3385990944012236 -0.9925000000000002 0.4000000135439955,
            1.2237940646916967 -1.0153361402466141 0.4000000135439954,
            1.1264670600452595 -1.0803679656440357 0.4000000135439955,
            1.0614352346478375 -1.1776949702904729 0.4000000135439956,
            1.2085990954012238 -1.2925 0.10000001354399557,
            1.218494756098636 -1.3422488458247783 0.10000001354399546,
            1.246675213554079 -1.3844238808471445 0.10000001354399546,
            1.2888502485764453 -1.4126043383025877 0.10000001354399546,
            1.3385990944012236 -1.4224999989999998 0.10000001354399546,
            1.388347940226002 -1.4126043383025877 0.10000001354399546,
            1.4305229752483681 -1.3844238808471445 0.10000001354399546,
            1.4587034327038113 -1.3422488458247783 0.10000001354399568,
            1.4685990934012239 -1.2925 0.10000001354399546,
            1.4587034327038113 -1.2427511541752219 0.10000001354399568,
            1.4305229752483681 -1.200576119152856 0.10000001354399546,
            1.388347940226002 -1.1723956616974125 0.10000001354399546,
            1.3385990944012236 -1.1625000010000002 0.10000001354399546,
            1.2888502485764453 -1.1723956616974125 0.10000001354399535,
            1.246675213554079 -1.2005761191528557 0.10000001354399546,
            1.218494756098636 -1.2427511541752219 0.10000001354399568,
            -0.9798753830550182 1.2925000000000002 2.003380780314037,
            -0.996022972679526 1.177694970290473 2.0195283699385445,
            -1.0420074174109826 1.080367965644036 2.0655128146700013,
            -1.1108280023890529 1.0153361402466141 2.134333399648072,
            -1.1920074174109825 0.9925000000000002 2.215512814670001,
            -1.2731868324329119 1.0153361402466141 2.2966922296919305,
            -1.3420074174109824 1.080367965644036 2.365512814670001,
            -1.3879918621424387 1.177694970290473 2.4114972594014574,
            -1.4041394517669468 1.2925 2.427644849025965,
            -1.3879918621424387 1.407305029709527 2.4114972594014574,
            -1.3420074174109824 1.5046320343559643 2.365512814670001,
            -1.2731868324329123 1.569663859753386 2.2966922296919305,
            -1.1920074174109825 1.5925 2.215512814670001,
            -1.1108280023890529 1.569663859753386 2.1343333996480713,
            -1.0420074174109826 1.5046320343559645 2.0655128146700013,
            -0.996022972679526 1.4073050297095273 2.019528369938545,
            0.31505297809198757 1.2925 3.4822833963880884,
            0.311902739632358 1.2701026497848973 3.485433634847718,
            0.3029316195019654 1.2511150931075585 3.4944047549781105,
            0.2895053894172553 1.238428013349479 3.507830985062821,
            0.2736680711995461 1.2339729033951616 3.5236683032805303,
            0.25783075298183694 1.238428013349479 3.539505621498239,
            0.24440452289712683 1.2511150931075585 3.552931851582949,
            0.23543340276673425 1.2701026497848973 3.5619029717133417,
            0.23228316430710466 1.2925 3.5650532101729713,
            0.23543340276673425 1.3148973502151027 3.5619029717133417,
            0.24440452289712683 1.3338849068924414 3.552931851582949,
            0.25783075298183694 1.346571986650521 3.539505621498239,
            0.2736680711995461 1.3510270966048386 3.5236683032805303,
            0.2895053894172553 1.346571986650521 3.507830985062821,
            0.3029316195019654 1.3338849068924414 3.4944047549781105,
            0.311902739632358 1.314897350215103 3.485433634847718,
            0.3427759541546099 1.2925 3.4304173561917346,
            0.33659653913268023 1.2485660171779822 3.4365967712136642,
            0.3189990539874437 1.2113205849780706 3.4541942563589005,
            0.29266255631066246 1.1864339828220178 3.480530754035682,
            0.2615965391326803 1.177694970290473 3.5115967712136644,
            0.2305305219546981 1.1864339828220178 3.542662788391646,
            0.20419402427791683 1.2113205849780706 3.5689992860684274,
            0.18659653913268032 1.2485660171779822 3.586596771213664,
            0.18041712411075067 1.2925 3.592776186235594,
            0.18659653913268032 1.3364339828220178 3.586596771213664,
            0.20419402427791683 1.3736794150219296 3.5689992860684274,
            0.2305305219546981 1.3985660171779821 3.542662788391646,
            0.2615965391326803 1.4073050297095269 3.5115967712136644,
            0.29266255631066246 1.3985660171779821 3.480530754035682,
            0.3189990539874437 1.3736794150219296 3.4541942563589005,
            0.33659653913268023 1.336433982822018 3.4365967712136642,
            0.35984767852219296 1.2925 3.3741394230870463,
            0.35087655839180015 1.2287177428924558 3.3831105432174393,
            0.3253289697170679 1.1746457562419348 3.4086581318921714,
            0.287094301284256 1.1385160098521991 3.4468928003249832,
            0.24199343476412755 1.1258289300941193 3.4919936668451115,
            0.1968925682439991 1.1385160098521991 3.5370945333652397,
            0.1586578998111871 1.1746457562419348 3.575329201798052,
            0.13311031113645483 1.2287177428924558 3.600876790472784,
            0.12413919100606202 1.2925 3.609847910603177,
            0.13311031113645483 1.3562822571075441 3.600876790472784,
            0.1586578998111871 1.4103542437580654 3.575329201798052,
            0.1968925682439991 1.446483990147801 3.5370945333652397,
            0.24199343476412755 1.4591710699058806 3.4919936668451115,
            0.287094301284256 1.446483990147801 3.4468928003249832,
            0.3253289697170679 1.4103542437580654 3.4086581318921714,
            0.35087655839180015 1.3562822571075444 3.3831105432174393,
            0.3656120944012236 1.2925 3.315612326482208,
            0.35419402427791674 1.2113205849780706 3.327030396605515,
            0.32167811157920584 1.1425 3.359546309304226,
            0.27301460925598714 1.0965155552685435 3.4082098116274446,
            0.2156120944012237 1.0803679656440357 3.4656123264822076,
            0.15820957954646014 1.0965155552685435 3.523014841336971,
            0.10954607722324144 1.1425 3.5716783436601895,
            0.07703016452453054 1.2113205849780704 3.604194256358901,
            0.06561209440122368 1.2925 3.6156123264822075,
            0.07703016452453054 1.3736794150219296 3.604194256358901,
            0.10954607722324144 1.4425 3.5716783436601895,
            0.15820957954646014 1.4884844447314565 3.523014841336971,
            0.2156120944012237 1.5046320343559643 3.4656123264822076,
            0.27301460925598714 1.4884844447314565 3.4082098116274446,
            0.32167811157920584 1.4425 3.359546309304226,
            0.35419402427791674 1.3736794150219296 3.327030396605515,
            0.35984767852219274 1.2925 3.2570852298773696,
            0.3464214484374826 1.1970431064570375 3.2705114599620795,
            0.30818678000467076 1.1161186596370962 3.308746128394892,
            0.25096455489452013 1.0620466729865752 3.365968353505042,
            0.18346633815928898 1.0430591163092364 3.433466570240273,
            0.11596812142405771 1.0620466729865752 3.500964786975504,
            0.05874589631390709 1.1161186596370962 3.5581870120856545,
            0.020511227881095273 1.1970431064570375 3.596421680518467,
            0.007084997796385162 1.2925 3.6098479106031767,
            0.020511227881095273 1.3879568935429625 3.596421680518467,
            0.05874589631390709 1.4688813403629037 3.5581870120856545,
            0.11596812142405749 1.5229533270134248 3.500964786975504,
            0.18346633815928898 1.5419408836907635 3.433466570240273,
            0.25096455489452013 1.5229533270134248 3.365968353505042,
            0.30818678000467076 1.4688813403629037 3.308746128394892,
            0.3464214484374826 1.3879568935429627 3.2705114599620795,
            0.34277595415460965 1.2925 3.200807296772681,
            0.32785752660113526 1.1864339828220178 3.2157257243261554,
            0.2853734392998462 1.0965155552685435 3.2582098116274447,
            0.22179150942315312 1.036433982822018 3.321791741504138,
            0.14679150942315305 1.015336140246614 3.396791741504138,
            0.0717915094231531 1.036433982822018 3.4717917415041373,
            0.008209579546460066 1.0965155552685435 3.5353736713808304,
            -0.03427450775482899 1.1864339828220178 3.5778577586821196,
            -0.049192935308303376 1.2925 3.592776186235594,
            -0.03427450775482899 1.3985660171779821 3.5778577586821196,
            0.008209579546460066 1.4884844447314565 3.5353736713808304,
            0.07179150942315288 1.548566017177982 3.4717917415041377,
            0.14679150942315305 1.569663859753386 3.396791741504138,
            0.22179150942315312 1.548566017177982 3.321791741504138,
            0.2853734392998462 1.4884844447314565 3.2582098116274447,
            0.32785752660113526 1.3985660171779823 3.2157257243261554,
            0.31505297809198735 1.2925 3.148941256576327,
            0.2992156598742782 1.1799009167446404 3.1647785747940365,
            0.2541147933541497 1.0844440232016779 3.2098794413141647,
            0.18661657661891856 1.0206617660941337 3.2773776580493963,
            0.10699700129366513 0.9982644158790308 3.3569972333746496,
            0.02737742596841186 1.0206617660941337 3.4366168086999025,
            -0.04012079076681929 1.0844440232016779 3.5041150254351336,
            -0.08522165728694775 1.1799009167446404 3.549215891955262,
            -0.10105897550465692 1.2925 3.5650532101729713,
            -0.08522165728694775 1.4050990832553596 3.549215891955262,
            -0.040120790766819514 1.500555976798322 3.5041150254351336,
            0.02737742596841164 1.5643382339058662 3.4366168086999025,
            0.10699700129366513 1.5867355841209692 3.3569972333746496,
            0.18661657661891878 1.5643382339058662 3.277377658049396,
            0.2541147933541497 1.500555976798322 3.2098794413141647,
            0.2992156598742782 1.4050990832553598 3.1647785747940365,
            0.27774412875718807 1.2925 3.1034802921262434,
            0.2615965391326803 1.177694970290473 3.1196278817507515,
            0.2156120944012237 1.080367965644036 3.165612326482208,
            0.14679150942315328 1.0153361402466141 3.2344329114602783,
            0.06561209440122368 0.9925000000000002 3.315612326482208,
            -0.015567320620705871 1.0153361402466141 3.396791741504138,
            -0.08438790559877618 1.080367965644036 3.4656123264822076,
            -0.13037235033023276 1.177694970290473 3.5115967712136644,
            -0.14651993995474055 1.2925 3.527744360838172,
            -0.13037235033023276 1.4073050297095269 3.5115967712136644,
            -0.0843879055987764 1.5046320343559643 3.4656123264822076,
            -0.015567320620705871 1.569663859753386 3.396791741504138,
            0.06561209440122368 1.5925 3.315612326482208,
            0.14679150942315328 1.569663859753386 3.2344329114602783,
            0.2156120944012237 1.5046320343559643 3.165612326482208,
            0.2615965391326803 1.407305029709527 3.1196278817507515,
            0.2777441287571883 1.2925 3.527744360838172,
            -1.0029104743943058 1.2925000000000002 1.9948021365513466,
            -1.0226871519722576 1.177694970290473 2.0062202066746533,
            -1.079006364820899 1.080367965644036 2.038736119373364,
            -1.1632940233189601 1.0153361402466141 2.087399621696583,
            -1.2627180955296375 0.9925000000000002 2.1448021365513465,
            -1.362142167740315 1.0153361402466141 2.20220465140611,
            -1.4464298262383757 1.080367965644036 2.2508681537293285,
            -1.5027490390870173 1.177694970290473 2.2833840664280394,
            -1.5225257166649695 1.2925 2.294802136551346,
            -1.5027490390870173 1.407305029709527 2.2833840664280394,
            -1.4464298262383757 1.5046320343559643 2.2508681537293285,
            -1.3621421677403154 1.569663859753386 2.20220465140611,
            -1.2627180955296375 1.5925 2.1448021365513465,
            -1.1632940233189601 1.569663859753386 2.0873996216965827,
            -1.0790063648208992 1.5046320343559645 2.038736119373364,
            -1.0226871519722576 1.4073050297095273 2.0062202066746533,
            -1.0229403476429169 1.2925000000000002 1.9805538826421465,
            -1.0449983652798804 1.177694970290473 1.9864643106546023,
            -1.1078142849619714 1.080367965644036 2.0032957856052365,
            -1.2018249523453215 1.0153361402466141 2.0284858680105162,
            -1.3127180955296374 0.9925000000000002 2.0581995961729023,
            -1.4236112387139532 1.0153361402466141 2.0879133243352888,
            -1.5176219060973035 1.080367965644036 2.113103406740568,
            -1.580437825779394 1.177694970290473 2.1299348816912027,
            -1.6024958434163579 1.2925 2.1358453097036585,
            -1.580437825779394 1.407305029709527 2.1299348816912027,
            -1.5176219060973035 1.5046320343559643 2.113103406740568,
            -1.4236112387139537 1.569663859753386 2.0879133243352888,
            -1.3127180955296374 1.5925 2.0581995961729023,
            -1.2018249523453215 1.569663859753386 2.0284858680105162,
            -1.1078142849619717 1.5046320343559645 2.0032957856052365,
            -1.0449983652798804 1.4073050297095273 1.9864643106546023,
            -1.0386000000398894 1.2925000000000002 1.9616070135439956,
            -1.0614361402865031 1.177694970290473 1.9616070135439956,
            -1.1264679656839252 1.080367965644036 1.9616070135439956,
            -1.2237949703303626 1.0153361402466141 1.9616070135439956,
            -1.3386000000398894 0.9925000000000002 1.9616070135439956,
            -1.4534050297494163 1.0153361402466141 1.9616070135439956,
            -1.5507320343958537 1.080367965644036 1.9616070135439956,
            -1.6157638597932755 1.177694970290473 1.9616070135439956,
            -1.6386000000398897 1.2925 1.9616070135439956,
            -1.6157638597932755 1.407305029709527 1.9616070135439956,
            -1.5507320343958537 1.5046320343559643 1.9616070135439956,
            -1.4534050297494168 1.569663859753386 1.9616070135439956,
            -1.3386000000398894 1.5925 1.9616070135439956,
            -1.2237949703303626 1.569663859753386 1.9616070135439956,
            -1.1264679656839254 1.5046320343559645 1.9616070135439956,
            -1.0614361402865033 1.4073050297095273 1.9616070135439956,
            -1.0386000000398894 1.2925000000000002 0.4000000135439955,
            -1.0614361402865031 1.177694970290473 0.4000000135439955,
            -1.1264679656839252 1.080367965644036 0.4000000135439954,
            -1.2237949703303626 1.0153361402466141 0.4000000135439954,
            -1.3386000000398894 0.9925000000000002 0.4000000135439955,
            -1.4534050297494163 1.0153361402466141 0.4000000135439955,
            -1.5507320343958537 1.080367965644036 0.4000000135439955,
            -1.6157638597932755 1.177694970290473 0.4000000135439956,
            -1.6386000000398897 1.2925 0.4000000135439954,
            -1.6157638597932755 1.407305029709527 0.4000000135439956,
            -1.5507320343958537 1.5046320343559643 0.4000000135439955,
            -1.4534050297494168 1.569663859753386 0.4000000135439954,
            -1.3386000000398894 1.5925 0.4000000135439955,
            -1.2237949703303626 1.569663859753386 0.4000000135439953,
            -1.1264679656839254 1.5046320343559645 0.4000000135439954,
            -1.0614361402865033 1.4073050297095273 0.4000000135439956,
            -1.2086000010398896 1.2925 0.10000001354399557,
            -1.2184956617373017 1.2427511541752219 0.10000001354399546,
            -1.246676119192745 1.2005761191528557 0.10000001354399546,
            -1.288851154215111 1.1723956616974123 0.10000001354399546,
            -1.3386000000398894 1.1625000010000002 0.10000001354399546,
            -1.3883488458646678 1.1723956616974123 0.10000001354399546,
            -1.430523880887034 1.2005761191528557 0.10000001354399546,
            -1.4587043383424771 1.2427511541752219 0.10000001354399568,
            -1.4685999990398897 1.2925 0.10000001354399546,
            -1.4587043383424771 1.3422488458247783 0.10000001354399568,
            -1.430523880887034 1.3844238808471443 0.10000001354399546,
            -1.3883488458646678 1.4126043383025877 0.10000001354399546,
            -1.3386000000398894 1.422499999 0.10000001354399546,
            -1.288851154215111 1.4126043383025877 0.10000001354399535,
            -1.246676119192745 1.3844238808471445 0.10000001354399546,
            -1.2184956617373017 1.3422488458247783 0.10000001354399568 ]
        }
        coordIndex [
          0, 1, 17, 16, -1,
          0, 15, 50, 49, -1,
          0, 16, 31, 15, -1,
          0, 49, 48, 1, -1,
          1, 2, 18, 17, -1,
          1, 48, 63, 2, -1,
          2, 3, 19, 18, -1,
          2, 63, 62, 3, -1,
          3, 4, 20, 19, -1,
          3, 62, 61, 4, -1,
          4, 5, 21, 20, -1,
          4, 61, 60, 5, -1,
          5, 6, 22, 21, -1,
          5, 60, 59, 6, -1,
          6, 7, 23, 22, -1,
          6, 59, 58, 7, -1,
          7, 8, 24, 23, -1,
          7, 58, 57, 8, -1,
          8, 9, 25, 24, -1,
          8, 57, 56, 9, -1,
          9, 10, 26, 25, -1,
          9, 56, 55, 10, -1,
          10, 11, 27, 26, -1,
          10, 55, 54, 11, -1,
          11, 12, 28, 27, -1,
          11, 54, 53, 12, -1,
          12, 13, 29, 28, -1,
          12, 53, 52, 13, -1,
          13, 14, 30, 29, -1,
          13, 52, 51, 14, -1,
          14, 15, 31, 30, -1,
          14, 51, 50, 15, -1,
          16, 17, 33, 32, -1,
          16, 32, 47, 31, -1,
          17, 18, 34, 33, -1,
          18, 19, 35, 34, -1,
          19, 20, 36, 35, -1,
          20, 21, 37, 36, -1,
          21, 22, 38, 37, -1,
          22, 23, 39, 38, -1,
          23, 24, 40, 39, -1,
          24, 25, 41, 40, -1,
          25, 26, 42, 41, -1,
          26, 27, 43, 42, -1,
          27, 28, 44, 43, -1,
          28, 29, 45, 44, -1,
          29, 30, 46, 45, -1,
          30, 31, 47, 46, -1,
          32, 33, 65, 64, -1,
          32, 64, 79, 47, -1,
          33, 34, 66, 65, -1,
          34, 35, 67, 66, -1,
          35, 36, 68, 67, -1,
          36, 37, 69, 68, -1,
          37, 38, 70, 69, -1,
          38, 39, 71, 70, -1,
          39, 40, 72, 71, -1,
          40, 41, 73, 72, -1,
          41, 42, 74, 73, -1,
          42, 43, 75, 74, -1,
          43, 44, 76, 75, -1,
          44, 45, 77, 76, -1,
          45, 46, 78, 77, -1,
          46, 47, 79, 78, -1,
          48, 49, 81, 80, -1,
          48, 80, 95, 63, -1,
          49, 50, 82, 81, -1,
          50, 51, 83, 82, -1,
          51, 52, 84, 83, -1,
          52, 53, 85, 84, -1,
          53, 54, 86, 85, -1,
          54, 55, 87, 86, -1,
          55, 56, 88, 87, -1,
          56, 57, 89, 88, -1,
          57, 58, 90, 89, -1,
          58, 59, 91, 90, -1,
          59, 60, 92, 91, -1,
          60, 61, 93, 92, -1,
          61, 62, 94, 93, -1,
          62, 63, 95, 94, -1,
          64, 65, 66, 67, 68, 69, 70, 71, 72, 73, 74, 75, 76, 77, 78, 79, -1,
          80, 81, 82, 83, 84, 85, 86, 87, 88, 89, 90, 91, 92, 93, 94, 95, -1,
          96, 97, 225, 224, -1,
          96, 111, 256, 241, -1,
          96, 224, 239, 111, -1,
          96, 241, 242, 97, -1,
          97, 98, 226, 225, -1,
          97, 242, 243, 98, -1,
          98, 99, 227, 226, -1,
          98, 243, 244, 99, -1,
          99, 100, 228, 227, -1,
          99, 244, 245, 100, -1,
          100, 101, 229, 228, -1,
          100, 245, 246, 101, -1,
          101, 102, 230, 229, -1,
          101, 246, 247, 102, -1,
          102, 103, 231, 230, -1,
          102, 247, 248, 103, -1,
          103, 104, 232, 231, -1,
          103, 248, 249, 104, -1,
          104, 105, 233, 232, -1,
          104, 249, 250, 105, -1,
          105, 106, 234, 233, -1,
          105, 250, 251, 106, -1,
          106, 107, 235, 234, -1,
          106, 251, 252, 107, -1,
          107, 108, 236, 235, -1,
          107, 252, 253, 108, -1,
          108, 109, 237, 236, -1,
          108, 253, 254, 109, -1,
          109, 110, 238, 237, -1,
          109, 254, 255, 110, -1,
          110, 111, 239, 238, -1,
          110, 255, 256, 111, -1,
          112, 113, 240, -1,
          112, 127, 143, 128, -1,
          112, 128, 129, 113, -1,
          112, 240, 127, -1,
          113, 114, 240, -1,
          113, 129, 130, 114, -1,
          114, 115, 240, -1,
          114, 130, 131, 115, -1,
          115, 116, 240, -1,
          115, 131, 132, 116, -1,
          116, 117, 240, -1,
          116, 132, 133, 117, -1,
          117, 118, 240, -1,
          117, 133, 134, 118, -1,
          118, 119, 240, -1,
          118, 134, 135, 119, -1,
          119, 120, 240, -1,
          119, 135, 136, 120, -1,
          120, 121, 240, -1,
          120, 136, 137, 121, -1,
          121, 122, 240, -1,
          121, 137, 138, 122, -1,
          122, 123, 240, -1,
          122, 138, 139, 123, -1,
          123, 124, 240, -1,
          123, 139, 140, 124, -1,
          124, 125, 240, -1,
          124, 140, 141, 125, -1,
          125, 126, 240, -1,
          125, 141, 142, 126, -1,
          126, 127, 240, -1,
          126, 142, 143, 127, -1,
          128, 143, 159, 144, -1,
          128, 144, 145, 129, -1,
          129, 145, 146, 130, -1,
          130, 146, 147, 131, -1,
          131, 147, 148, 132, -1,
          132, 148, 149, 133, -1,
          133, 149, 150, 134, -1,
          134, 150, 151, 135, -1,
          135, 151, 152, 136, -1,
          136, 152, 153, 137, -1,
          137, 153, 154, 138, -1,
          138, 154, 155, 139, -1,
          139, 155, 156, 140, -1,
          140, 156, 157, 141, -1,
          141, 157, 158, 142, -1,
          142, 158, 159, 143, -1,
          144, 159, 175, 160, -1,
          144, 160, 161, 145, -1,
          145, 161, 162, 146, -1,
          146, 162, 163, 147, -1,
          147, 163, 164, 148, -1,
          148, 164, 165, 149, -1,
          149, 165, 166, 150, -1,
          150, 166, 167, 151, -1,
          151, 167, 168, 152, -1,
          152, 168, 169, 153, -1,
          153, 169, 170, 154, -1,
          154, 170, 171, 155, -1,
          155, 171, 172, 156, -1,
          156, 172, 173, 157, -1,
          157, 173, 174, 158, -1,
          158, 174, 175, 159, -1,
          160, 175, 191, 176, -1,
          160, 176, 177, 161, -1,
          161, 177, 178, 162, -1,
          162, 178, 179, 163, -1,
          163, 179, 180, 164, -1,
          164, 180, 181, 165, -1,
          165, 181, 182, 166, -1,
          166, 182, 183, 167, -1,
          167, 183, 184, 168, -1,
          168, 184, 185, 169, -1,
          169, 185, 186, 170, -1,
          170, 186, 187, 171, -1,
          171, 187, 188, 172, -1,
          172, 188, 189, 173, -1,
          173, 189, 190, 174, -1,
          174, 190, 191, 175, -1,
          176, 191, 207, 192, -1,
          176, 192, 193, 177, -1,
          177, 193, 194, 178, -1,
          178, 194, 195, 179, -1,
          179, 195, 196, 180, -1,
          180, 196, 197, 181, -1,
          181, 197, 198, 182, -1,
          182, 198, 199, 183, -1,
          183, 199, 200, 184, -1,
          184, 200, 201, 185, -1,
          185, 201, 202, 186, -1,
          186, 202, 203, 187, -1,
          187, 203, 204, 188, -1,
          188, 204, 205, 189, -1,
          189, 205, 206, 190, -1,
          190, 206, 207, 191, -1,
          192, 207, 223, 208, -1,
          192, 208, 209, 193, -1,
          193, 209, 210, 194, -1,
          194, 210, 211, 195, -1,
          195, 211, 212, 196, -1,
          196, 212, 213, 197, -1,
          197, 213, 214, 198, -1,
          198, 214, 215, 199, -1,
          199, 215, 216, 200, -1,
          200, 216, 217, 201, -1,
          201, 217, 218, 202, -1,
          202, 218, 219, 203, -1,
          203, 219, 220, 204, -1,
          204, 220, 221, 205, -1,
          205, 221, 222, 206, -1,
          206, 222, 223, 207, -1,
          208, 223, 239, 224, -1,
          208, 224, 225, 209, -1,
          209, 225, 226, 210, -1,
          210, 226, 227, 211, -1,
          211, 227, 228, 212, -1,
          212, 228, 229, 213, -1,
          213, 229, 230, 214, -1,
          214, 230, 231, 215, -1,
          215, 231, 232, 216, -1,
          216, 232, 233, 217, -1,
          217, 233, 234, 218, -1,
          218, 234, 235, 219, -1,
          219, 235, 236, 220, -1,
          220, 236, 237, 221, -1,
          221, 237, 238, 222, -1,
          222, 238, 239, 223, -1,
          241, 256, 272, 257, -1,
          241, 257, 258, 242, -1,
          242, 258, 259, 243, -1,
          243, 259, 260, 244, -1,
          244, 260, 261, 245, -1,
          245, 261, 262, 246, -1,
          246, 262, 263, 247, -1,
          247, 263, 264, 248, -1,
          248, 264, 265, 249, -1,
          249, 265, 266, 250, -1,
          250, 266, 267, 251, -1,
          251, 267, 268, 252, -1,
          252, 268, 269, 253, -1,
          253, 269, 270, 254, -1,
          254, 270, 271, 255, -1,
          255, 271, 272, 256, -1,
          257, 272, 288, 273, -1,
          257, 273, 274, 258, -1,
          258, 274, 275, 259, -1,
          259, 275, 276, 260, -1,
          260, 276, 277, 261, -1,
          261, 277, 278, 262, -1,
          262, 278, 279, 263, -1,
          263, 279, 280, 264, -1,
          264, 280, 281, 265, -1,
          265, 281, 282, 266, -1,
          266, 282, 283, 267, -1,
          267, 283, 284, 268, -1,
          268, 284, 285, 269, -1,
          269, 285, 286, 270, -1,
          270, 286, 287, 271, -1,
          271, 287, 288, 272, -1,
          273, 288, 304, 289, -1,
          273, 289, 290, 274, -1,
          274, 290, 291, 275, -1,
          275, 291, 292, 276, -1,
          276, 292, 293, 277, -1,
          277, 293, 294, 278, -1,
          278, 294, 295, 279, -1,
          279, 295, 296, 280, -1,
          280, 296, 297, 281, -1,
          281, 297, 298, 282, -1,
          282, 298, 299, 283, -1,
          283, 299, 300, 284, -1,
          284, 300, 301, 285, -1,
          285, 301, 302, 286, -1,
          286, 302, 303, 287, -1,
          287, 303, 304, 288, -1,
          289, 304, 320, 305, -1,
          289, 305, 306, 290, -1,
          290, 306, 307, 291, -1,
          291, 307, 308, 292, -1,
          292, 308, 309, 293, -1,
          293, 309, 310, 294, -1,
          294, 310, 311, 295, -1,
          295, 311, 312, 296, -1,
          296, 312, 313, 297, -1,
          297, 313, 314, 298, -1,
          298, 314, 315, 299, -1,
          299, 315, 316, 300, -1,
          300, 316, 317, 301, -1,
          301, 317, 318, 302, -1,
          302, 318, 319, 303, -1,
          303, 319, 320, 304, -1,
          305, 320, 319, 318, 317, 316, 315, 314, 313, 312, 311, 310, 309, 308, 307, 306, -1,
          321, 322, 467, 466, -1,
          321, 336, 464, 449, -1,
          321, 449, 450, 322, -1,
          321, 466, 481, 336, -1,
          322, 323, 468, 467, -1,
          322, 450, 451, 323, -1,
          323, 324, 469, 468, -1,
          323, 451, 452, 324, -1,
          324, 325, 470, 469, -1,
          324, 452, 453, 325, -1,
          325, 326, 471, 470, -1,
          325, 453, 454, 326, -1,
          326, 327, 472, 471, -1,
          326, 454, 455, 327, -1,
          327, 328, 473, 472, -1,
          327, 455, 456, 328, -1,
          328, 329, 474, 473, -1,
          328, 456, 457, 329, -1,
          329, 330, 475, 474, -1,
          329, 457, 458, 330, -1,
          330, 331, 476, 475, -1,
          330, 458, 459, 331, -1,
          331, 332, 477, 476, -1,
          331, 459, 460, 332, -1,
          332, 333, 478, 477, -1,
          332, 460, 461, 333, -1,
          333, 334, 479, 478, -1,
          333, 461, 462, 334, -1,
          334, 335, 480, 479, -1,
          334, 462, 463, 335, -1,
          335, 336, 481, 480, -1,
          335, 463, 464, 336, -1,
          337, 338, 354, 353, -1,
          337, 352, 465, -1,
          337, 353, 368, 352, -1,
          337, 465, 338, -1,
          338, 339, 355, 354, -1,
          338, 465, 339, -1,
          339, 340, 356, 355, -1,
          339, 465, 340, -1,
          340, 341, 357, 356, -1,
          340, 465, 341, -1,
          341, 342, 358, 357, -1,
          341, 465, 342, -1,
          342, 343, 359, 358, -1,
          342, 465, 343, -1,
          343, 344, 360, 359, -1,
          343, 465, 344, -1,
          344, 345, 361, 360, -1,
          344, 465, 345, -1,
          345, 346, 362, 361, -1,
          345, 465, 346, -1,
          346, 347, 363, 362, -1,
          346, 465, 347, -1,
          347, 348, 364, 363, -1,
          347, 465, 348, -1,
          348, 349, 365, 364, -1,
          348, 465, 349, -1,
          349, 350, 366, 365, -1,
          349, 465, 350, -1,
          350, 351, 367, 366, -1,
          350, 465, 351, -1,
          351, 352, 368, 367, -1,
          351, 465, 352, -1,
          353, 354, 370, 369, -1,
          353, 369, 384, 368, -1,
          354, 355, 371, 370, -1,
          355, 356, 372, 371, -1,
          356, 357, 373, 372, -1,
          357, 358, 374, 373, -1,
          358, 359, 375, 374, -1,
          359, 360, 376, 375, -1,
          360, 361, 377, 376, -1,
          361, 362, 378, 377, -1,
          362, 363, 379, 378, -1,
          363, 364, 380, 379, -1,
          364, 365, 381, 380, -1,
          365, 366, 382, 381, -1,
          366, 367, 383, 382, -1,
          367, 368, 384, 383, -1,
          369, 370, 386, 385, -1,
          369, 385, 400, 384, -1,
          370, 371, 387, 386, -1,
          371, 372, 388, 387, -1,
          372, 373, 389, 388, -1,
          373, 374, 390, 389, -1,
          374, 375, 391, 390, -1,
          375, 376, 392, 391, -1,
          376, 377, 393, 392, -1,
          377, 378, 394, 393, -1,
          378, 379, 395, 394, -1,
          379, 380, 396, 395, -1,
          380, 381, 397, 396, -1,
          381, 382, 398, 397, -1,
          382, 383, 399, 398, -1,
          383, 384, 400, 399, -1,
          385, 386, 402, 401, -1,
          385, 401, 416, 400, -1,
          386, 387, 403, 402, -1,
          387, 388, 404, 403, -1,
          388, 389, 405, 404, -1,
          389, 390, 406, 405, -1,
          390, 391, 407, 406, -1,
          391, 392, 408, 407, -1,
          392, 393, 409, 408, -1,
          393, 394, 410, 409, -1,
          394, 395, 411, 410, -1,
          395, 396, 412, 411, -1,
          396, 397, 413, 412, -1,
          397, 398, 414, 413, -1,
          398, 399, 415, 414, -1,
          399, 400, 416, 415, -1,
          401, 402, 418, 417, -1,
          401, 417, 432, 416, -1,
          402, 403, 419, 418, -1,
          403, 404, 420, 419, -1,
          404, 405, 421, 420, -1,
          405, 406, 422, 421, -1,
          406, 407, 423, 422, -1,
          407, 408, 424, 423, -1,
          408, 409, 425, 424, -1,
          409, 410, 426, 425, -1,
          410, 411, 427, 426, -1,
          411, 412, 428, 427, -1,
          412, 413, 429, 428, -1,
          413, 414, 430, 429, -1,
          414, 415, 431, 430, -1,
          415, 416, 432, 431, -1,
          417, 418, 434, 433, -1,
          417, 433, 448, 432, -1,
          418, 419, 435, 434, -1,
          419, 420, 436, 435, -1,
          420, 421, 437, 436, -1,
          421, 422, 438, 437, -1,
          422, 423, 439, 438, -1,
          423, 424, 440, 439, -1,
          424, 425, 441, 440, -1,
          425, 426, 442, 441, -1,
          426, 427, 443, 442, -1,
          427, 428, 444, 443, -1,
          428, 429, 445, 444, -1,
          429, 430, 446, 445, -1,
          430, 431, 447, 446, -1,
          431, 432, 448, 447, -1,
          433, 434, 450, 449, -1,
          433, 449, 464, 448, -1,
          434, 435, 451, 450, -1,
          435, 436, 452, 451, -1,
          436, 437, 453, 452, -1,
          437, 438, 454, 453, -1,
          438, 439, 455, 454, -1,
          439, 440, 456, 455, -1,
          440, 441, 457, 456, -1,
          441, 442, 458, 457, -1,
          442, 443, 459, 458, -1,
          443, 444, 460, 459, -1,
          444, 445, 461, 460, -1,
          445, 446, 462, 461, -1,
          446, 447, 463, 462, -1,
          447, 448, 464, 463, -1,
          466, 467, 483, 482, -1,
          466, 482, 497, 481, -1,
          467, 468, 484, 483, -1,
          468, 469, 485, 484, -1,
          469, 470, 486, 485, -1,
          470, 471, 487, 486, -1,
          471, 472, 488, 487, -1,
          472, 473, 489, 488, -1,
          473, 474, 490, 489, -1,
          474, 475, 491, 490, -1,
          475, 476, 492, 491, -1,
          476, 477, 493, 492, -1,
          477, 478, 494, 493, -1,
          478, 479, 495, 494, -1,
          479, 480, 496, 495, -1,
          480, 481, 497, 496, -1,
          482, 483, 499, 498, -1,
          482, 498, 513, 497, -1,
          483, 484, 500, 499, -1,
          484, 485, 501, 500, -1,
          485, 486, 502, 501, -1,
          486, 487, 503, 502, -1,
          487, 488, 504, 503, -1,
          488, 489, 505, 504, -1,
          489, 490, 506, 505, -1,
          490, 491, 507, 506, -1,
          491, 492, 508, 507, -1,
          492, 493, 509, 508, -1,
          493, 494, 510, 509, -1,
          494, 495, 511, 510, -1,
          495, 496, 512, 511, -1,
          496, 497, 513, 512, -1,
          498, 499, 515, 514, -1,
          498, 514, 529, 513, -1,
          499, 500, 516, 515, -1,
          500, 501, 517, 516, -1,
          501, 502, 518, 517, -1,
          502, 503, 519, 518, -1,
          503, 504, 520, 519, -1,
          504, 505, 521, 520, -1,
          505, 506, 522, 521, -1,
          506, 507, 523, 522, -1,
          507, 508, 524, 523, -1,
          508, 509, 525, 524, -1,
          509, 510, 526, 525, -1,
          510, 511, 527, 526, -1,
          511, 512, 528, 527, -1,
          512, 513, 529, 528, -1,
          514, 515, 531, 530, -1,
          514, 530, 545, 529, -1,
          515, 516, 532, 531, -1,
          516, 517, 533, 532, -1,
          517, 518, 534, 533, -1,
          518, 519, 535, 534, -1,
          519, 520, 536, 535, -1,
          520, 521, 537, 536, -1,
          521, 522, 538, 537, -1,
          522, 523, 539, 538, -1,
          523, 524, 540, 539, -1,
          524, 525, 541, 540, -1,
          525, 526, 542, 541, -1,
          526, 527, 543, 542, -1,
          527, 528, 544, 543, -1,
          528, 529, 545, 544, -1,
          530, 531, 532, 533, 534, 535, 536, 537, 538, 539, 540, 541, 542, 543, 544, 545, -1 ]
        normal Normal {
          vector [
            -0.8314292761645098 1.2387607449704767e-16 0.5556305955727774,
            -0.8209323139148058 -0.07463058518085737 0.5661275578224801,
            -0.7910394945130057 -0.1378993402958667 0.5960203772242803,
            -0.7463017287339511 -0.18017417091146357 0.6407581430033353,
            -0.6935299358686461 -0.19501911728871704 0.6935299358686409,
            -0.6407581430033349 -0.18017417091146282 0.7463017287339516,
            -0.5960203772242776 -0.1378993402958672 0.7910394945130075,
            -0.5661275578224858 -0.07463058518085774 0.8209323139148018,
            -0.5556305955727788 2.721784172047808e-16 0.8314292761645088,
            -0.5661275578224833 0.07463058518085766 0.8209323139148035,
            -0.5960203772242827 0.13789934029586703 0.7910394945130036,
            -0.6407581430033341 0.1801741709114632 0.7463017287339521,
            -0.6935299358686406 0.19501911728871738 0.6935299358686462,
            -0.7463017287339511 0.18017417091146387 0.6407581430033352,
            -0.7910394945130075 0.13789934029586695 0.5960203772242777,
            -0.8209323139148036 0.07463058518085748 0.5661275578224833,
            -0.9238284034419034 1.8882596827155733e-16 0.3828068455422181,
            -0.9032369964875051 -0.14639937861516622 0.4033982524966164,
            -0.84459763067155 -0.2705107789498436 0.4620376183125706,
            -0.7568376178723424 -0.3534393653757256 0.549797631111778,
            -0.6533176244920592 -0.3825600123589807 0.6533176244920608,
            -0.5497976311117773 -0.35343936537572646 0.7568376178723425,
            -0.46203761831257123 -0.2705107789498438 0.8445976306715497,
            -0.40339825249661715 -0.14639937861516653 0.9032369964875049,
            -0.3828068455422191 3.706583821626866e-16 0.923828403441903,
            -0.40339825249661687 0.14639937861516605 0.903236996487505,
            -0.4620376183125718 0.27051077894984316 0.8445976306715495,
            -0.5497976311117779 0.3534393653757261 0.7568376178723422,
            -0.6533176244920594 0.38256001235897974 0.653317624492061,
            -0.7568376178723422 0.35343936537572523 0.5497976311117786,
            -0.8445976306715497 0.27051077894984343 0.46203761831257145,
            -0.9032369964875052 0.14639937861516603 0.4033982524966163,
            -0.980751426769767 1.262769423275304e-16 0.19526043861741743,
            -0.9508554561566026 -0.21255232974401758 0.2251564092305822,
            -0.8657189348353164 -0.3927454940761739 0.3102929305518692,
            -0.7383031264125862 -0.5131467171820029 0.43770873897459966,
            -0.5880059326935912 -0.5554260042834481 0.5880059326935936,
            -0.4377087389745982 -0.5131467171820041 0.7383031264125862,
            -0.31029293055186935 -0.39274549407617537 0.8657189348353157,
            -0.22515640923058258 -0.21255232974401833 0.9508554561566024,
            -0.19526043861741793 3.7883082698259115e-16 0.9807514267697669,
            -0.22515640923058214 0.212552329744018 0.9508554561566026,
            -0.3102929305518689 0.39274549407617537 0.8657189348353158,
            -0.43770873897459817 0.5131467171820048 0.7383031264125858,
            -0.5880059326935911 0.5554260042834483 0.5880059326935936,
            -0.7383031264125857 0.5131467171820037 0.43770873897459966,
            -0.8657189348353163 0.39274549407617443 0.31029293055186913,
            -0.9508554561566026 0.21255232974401747 0.2251564092305822,
            -0.9999999826318814 9.153379208675539e-17 1.863765997793725e-4,
            -0.9619468430855116 -0.27054761222883966 0.038239516146149746,
            -0.8535806699897681 -0.4999068030160499 0.14660568924189415,
            -0.6913992308566718 -0.6531597147105211 0.30878712837499134,
            -0.5000931796158303 -0.7069749807478733 0.5000931796158321,
            -0.3087871283749897 -0.653159714710521 0.6913992308566727,
            -0.14660568924189354 -0.4999068030160519 0.853580669989767,
            -0.03823951614614988 -0.27054761222884094 0.9619468430855113,
            -1.8637659977915067e-4 3.7317622927677195e-16 0.9999999826318814,
            -0.03823951614614953 0.27054761222884083 0.9619468430855113,
            -0.1466056892418929 0.49990680301605245 0.8535806699897668,
            -0.3087871283749885 0.6531597147105221 0.691399230856672,
            -0.5000931796158298 0.7069749807478742 0.5000931796158316,
            -0.6913992308566712 0.6531597147105223 0.3087871283749904,
            -0.8535806699897676 0.49990680301605095 0.14660568924189377,
            -0.9619468430855115 0.2705476122288399 0.0382395161461496,
            -0.9808186157403742 1.5546638709051419e-16 -0.19492265906542616,
            -0.9360696279983776 -0.31815329635290845 -0.15017367132342918,
            -0.8086352925055229 -0.5878706374028998 -0.02273933583057442,
            -0.6179163316454687 -0.7680900029688984 0.16797962502947986,
            -0.3929479783374739 -0.831374628336097 0.392947978337475,
            -0.16797962502948002 -0.7680900029688971 0.6179163316454703,
            0.02273933583057247 -0.5878706374029001 0.8086352925055229,
            0.15017367132342713 -0.3181532963529088 0.9360696279983778,
            0.19492265906542489 3.7453265980896575e-16 0.9808186157403744,
            0.1501736713234274 0.3181532963529088 0.9360696279983778,
            0.022739335830572506 0.5878706374028999 0.8086352925055229,
            -0.16797962502947988 0.7680900029688967 0.6179163316454709,
            -0.3929479783374742 0.8313746283360967 0.39294797833747525,
            -0.6179163316454687 0.7680900029688986 0.16797962502947922,
            -0.8086352925055222 0.5878706374029008 -0.02273933583057466,
            -0.9360696279983773 0.318153296352909 -0.15017367132342954,
            -0.9239292882437536 1.9847202962875363e-16 -0.382563289306999,
            -0.8742038753569048 -0.3535343439202106 -0.3328378764201505,
            -0.7325978800463911 -0.6532462887753769 -0.1912318811096374,
            -0.5206695314366947 -0.8535074078568456 0.02069646750005951,
            -0.27068299946837715 -0.9238297611560284 0.27068299946837837,
            -0.020696467500058987 -0.8535074078568452 0.5206695314366955,
            0.19123188110963799 -0.6532462887753774 0.7325978800463906,
            0.3328378764201523 -0.35353434392021066 0.8742038753569042,
            0.38256328930700145 3.7567919894014104e-16 0.9239292882437529,
            0.33283787642015217 0.35353434392021077 0.8742038753569042,
            0.19123188110963799 0.6532462887753766 0.7325978800463913,
            -0.020696467500058397 0.8535074078568449 0.5206695314366959,
            -0.27068299946837693 0.9238297611560287 0.2706829994683777,
            -0.520669531436695 0.8535074078568454 0.020696467500059233,
            -0.732597880046391 0.653246288775377 -0.19123188110963676,
            -0.8742038753569047 0.35353434392021105 -0.33283787642015034,
            -0.831508550702341 1.562595954154297e-16 -0.5555119531647295,
            -0.7787182261169443 -0.3753250437578365 -0.5027216285793338,
            -0.6283841007333987 -0.6935102519335355 -0.3523875031957888,
            -0.40339318235910787 -0.9061148109384429 -0.12739658482149896,
            -0.1379982987688036 -0.9807716039291879 0.13799829876880426,
            0.12739658482150013 -0.9061148109384426 0.4033931823591083,
            0.35238750319579054 -0.6935102519335354 0.6283841007333977,
            0.5027216285793362 -0.37532504375783654 0.7787182261169427,
            0.5555119531647317 3.267246085958982e-16 0.8315085507023394,
            0.5027216285793358 0.3753250437578362 0.7787182261169433,
            0.3523875031957901 0.6935102519335351 0.6283841007333985,
            0.12739658482149965 0.9061148109384423 0.4033931823591089,
            -0.13799829876880465 0.9807716039291876 0.13799829876880534,
            -0.40339318235910915 0.9061148109384425 -0.12739658482149804,
            -0.6283841007333993 0.6935102519335353 -0.3523875031957878,
            -0.7787182261169446 0.3753250437578369 -0.5027216285793331,
            -0.7071067811865482 1.852413852418393e-16 0.7071067811865468,
            -0.5190413153972495 4.403640711839208e-16 -0.8547491520385926,
            -0.5375639092870399 -0.3591452288359832 -0.7629152954531613,
            -0.4879652194664445 -0.6932995542856769 -0.5303071493185308,
            -0.28934862326598465 -0.9212749655540377 -0.25986498813323394,
            0.002042126281900811 -0.999991807791792 -0.003494863309560995,
            0.31221552535093344 -0.9233629766711601 0.22343294081852677,
            0.5810764487386695 -0.7061318148888339 0.404633192809312,
            0.7624036581815454 -0.38196763066606576 0.5223422164776164,
            0.8263120029004005 0.0 0.5632126364551211,
            0.7624036581815453 0.3819676306660663 0.5223422164776164,
            0.5810764487386696 0.7061318148888338 0.4046331928093121,
            0.31221552535093455 0.9233629766711595 0.22343294081852752,
            0.0020421262819007475 0.999991807791792 -0.003494863309561155,
            -0.289348623265985 0.9212749655540373 -0.2598649881332349,
            -0.48796521946644444 0.6932995542856771 -0.5303071493185304,
            -0.5375639092870419 0.3591452288359842 -0.7629152954531595,
            -0.722580770786075 -3.551323154709041e-17 -0.6912865033328814,
            -0.7167038715245632 -0.35914522883598343 -0.5977878094659104,
            -0.6085917978111143 -0.6932995542856765 -0.38594267924695513,
            -0.3467473160980224 -0.9212749655540375 -0.17612136901076164,
            0.001068005331687152 -0.999991807791792 -0.003904319904315431,
            0.35940573969197503 -0.9233629766711603 0.13501232384282075,
            0.6660035254647074 -0.7061318148888339 0.2404519995142114,
            0.8716174971802889 -0.38196763066606565 0.307219250263588,
            0.9439262609311323 0.0 0.3301563476969237,
            0.8716174971802887 0.38196763066606615 0.307219250263588,
            0.6660035254647079 0.7061318148888337 0.24045199951421156,
            0.3594057396919764 0.9233629766711597 0.13501232384282127,
            0.0010680053316868975 0.999991807791792 -0.0039043199043156465,
            -0.3467473160980229 0.9212749655540372 -0.17612136901076228,
            -0.6085917978111134 0.6932995542856771 -0.38594267924695547,
            -0.716703871524562 0.3591452288359842 -0.5977878094659113,
            0.8314292761645098 -1.2387607449704767e-16 0.5556305955727774,
            0.8209323139148036 -0.07463058518085755 0.5661275578224831,
            0.7910394945130065 -0.1378993402958664 0.5960203772242791,
            0.7463017287339505 -0.18017417091146284 0.6407581430033362,
            0.6935299358686401 -0.19501911728871665 0.693529935868647,
            0.6407581430033328 -0.18017417091146345 0.7463017287339534,
            0.5960203772242858 -0.13789934029586703 0.7910394945130013,
            0.5661275578224853 -0.07463058518085718 0.8209323139148023,
            0.555630595572774 2.0936801323444664e-17 0.831429276164512,
            0.5661275578224859 0.07463058518085705 0.8209323139148018,
            0.5960203772242854 0.13789934029586678 0.7910394945130017,
            0.6407581430033341 0.18017417091146348 0.7463017287339523,
            0.6935299358686421 0.19501911728871696 0.693529935868645,
            0.7463017287339512 0.18017417091146326 0.6407581430033354,
            0.7910394945130053 0.13789934029586642 0.5960203772242806,
            0.8209323139148058 0.07463058518085737 0.56612755782248,
            0.9238284034419035 -1.8882596827155735e-16 0.38280684554221805,
            0.9032369964875053 -0.14639937861516594 0.40339825249661615,
            0.8445976306715501 -0.2705107789498434 0.4620376183125709,
            0.7568376178723424 -0.35343936537572535 0.5497976311117782,
            0.6533176244920594 -0.38256001235897985 0.653317624492061,
            0.5497976311117774 -0.3534393653757262 0.7568376178723425,
            0.4620376183125713 -0.2705107789498437 0.8445976306715498,
            0.40339825249661665 -0.14639937861516636 0.9032369964875051,
            0.3828068455422189 0.0 0.9238284034419031,
            0.40339825249661654 0.146399378615166 0.9032369964875052,
            0.4620376183125716 0.2705107789498433 0.8445976306715497,
            0.5497976311117777 0.35343936537572607 0.7568376178723422,
            0.6533176244920594 0.38256001235897974 0.653317624492061,
            0.7568376178723422 0.35343936537572523 0.5497976311117786,
            0.8445976306715497 0.27051077894984343 0.46203761831257145,
            0.9032369964875052 0.14639937861516583 0.40339825249661626,
            0.980751426769767 -1.8941541349129557e-16 0.1952604386174175,
            0.9508554561566026 -0.21255232974401728 0.22515640923058228,
            0.8657189348353164 -0.3927454940761738 0.31029293055186935,
            0.7383031264125862 -0.5131467171820031 0.4377087389745995,
            0.5880059326935912 -0.5554260042834481 0.5880059326935936,
            0.4377087389745978 -0.5131467171820043 0.7383031264125864,
            0.31029293055186896 -0.3927454940761753 0.8657189348353159,
            0.22515640923058214 -0.21255232974401814 0.9508554561566025,
            0.19526043861741765 0.0 0.980751426769767,
            0.2251564092305818 0.2125523297440179 0.9508554561566026,
            0.3102929305518686 0.3927454940761755 0.865718934835316,
            0.4377087389745979 0.513146717182005 0.738303126412586,
            0.588005932693591 0.5554260042834485 0.5880059326935936,
            0.7383031264125857 0.5131467171820037 0.43770873897459966,
            0.8657189348353163 0.39274549407617443 0.31029293055186913,
            0.9508554561566027 0.2125523297440173 0.22515640923058217,
            0.9999999826318814 -1.901086451032612e-16 1.8637659977934786e-4,
            0.9619468430855116 -0.2705476122288395 0.0382395161461496,
            0.853580669989768 -0.49990680301605034 0.1466056892418942,
            0.6913992308566715 -0.6531597147105217 0.3087871283749908,
            0.5000931796158301 -0.7069749807478737 0.500093179615832,
            0.30878712837498884 -0.6531597147105215 0.6913992308566724,
            0.14660568924189343 -0.499906803016052 0.853580669989767,
            0.03823951614614967 -0.2705476122288406 0.9619468430855114,
            1.8637659977911546e-4 0.0 0.9999999826318814,
            0.038239516146149476 0.27054761222884055 0.9619468430855114,
            0.14660568924189282 0.49990680301605245 0.8535806699897669,
            0.30878712837498823 0.6531597147105224 0.6913992308566721,
            0.5000931796158296 0.7069749807478742 0.5000931796158317,
            0.6913992308566712 0.6531597147105223 0.3087871283749904,
            0.8535806699897676 0.49990680301605095 0.14660568924189377,
            0.9619468430855115 0.27054761222883966 0.03823951614614957,
            0.9808186157403741 -1.9786631084247258e-16 -0.19492265906542625,
            0.9360696279983775 -0.3181532963529085 -0.15017367132342974,
            0.8086352925055226 -0.5878706374029004 -0.02273933583057487,
            0.6179163316454687 -0.7680900029688986 0.16797962502947922,
            0.39294797833747386 -0.831374628336097 0.39294797833747513,
            0.16797962502947927 -0.7680900029688973 0.6179163316454704,
            -0.022739335830572815 -0.5878706374029004 0.8086352925055226,
            -0.1501736713234275 -0.31815329635290857 0.9360696279983778,
            -0.1949226590654249 0.0 0.9808186157403743,
            -0.1501736713234275 0.3181532963529086 0.9360696279983778,
            -0.022739335830572537 0.5878706374028998 0.8086352925055229,
            0.16797962502947977 0.7680900029688967 0.617916331645471,
            0.3929479783374741 0.8313746283360968 0.39294797833747536,
            0.6179163316454687 0.7680900029688986 0.16797962502947922,
            0.8086352925055222 0.5878706374029008 -0.02273933583057466,
            0.9360696279983775 0.31815329635290884 -0.1501736713234296,
            0.9239292882437538 -1.9847202962875368e-16 -0.3825632893069991,
            0.8742038753569048 -0.35353434392021055 -0.3328378764201505,
            0.732597880046391 -0.6532462887753769 -0.19123188110963726,
            0.5206695314366943 -0.8535074078568458 0.02069646750005895,
            0.27068299946837643 -0.9238297611560288 0.27068299946837776,
            0.020696467500058352 -0.8535074078568452 0.5206695314366954,
            -0.19123188110963787 -0.6532462887753774 0.7325978800463907,
            -0.33283787642015233 -0.35353434392021066 0.8742038753569042,
            -0.38256328930700145 0.0 0.9239292882437529,
            -0.33283787642015217 0.3535343439202105 0.8742038753569042,
            -0.19123188110963804 0.6532462887753767 0.7325978800463911,
            0.02069646750005833 0.8535074078568449 0.5206695314366959,
            0.27068299946837676 0.9238297611560287 0.27068299946837765,
            0.5206695314366948 0.8535074078568455 0.020696467500059258,
            0.732597880046391 0.653246288775377 -0.19123188110963676,
            0.8742038753569048 0.3535343439202108 -0.33283787642015034,
            0.831508550702341 -1.988758487105469e-16 -0.5555119531647293,
            0.7787182261169445 -0.3753250437578365 -0.5027216285793336,
            0.6283841007333986 -0.6935102519335358 -0.35238750319578854,
            0.40339318235910776 -0.906114810938443 -0.12739658482149904,
            0.13799829876880354 -0.9807716039291879 0.13799829876880434,
            -0.12739658482150018 -0.9061148109384425 0.4033931823591083,
            -0.35238750319579026 -0.6935102519335355 0.6283841007333977,
            -0.502721628579336 -0.37532504375783643 0.7787182261169429,
            -0.5555119531647317 0.0 0.8315085507023395,
            -0.5027216285793358 0.375325043757836 0.7787182261169433,
            -0.3523875031957901 0.6935102519335351 0.6283841007333985,
            -0.12739658482149968 0.9061148109384423 0.4033931823591089,
            0.1379982987688045 0.9807716039291876 0.13799829876880537,
            0.403393182359109 0.9061148109384426 -0.1273965848214981,
            0.6283841007333992 0.6935102519335354 -0.3523875031957878,
            0.7787182261169446 0.37532504375783665 -0.5027216285793332,
            0.7071067811865481 -1.2640000404737268e-17 0.707106781186547,
            0.5190413153972495 6.037249363005366e-16 -0.8547491520385926,
            0.5375639092870399 -0.3591452288359835 -0.7629152954531612,
            0.4879652194664442 -0.6932995542856771 -0.5303071493185305,
            0.2893486232659853 -0.9212749655540374 -0.2598649881332345,
            -0.0020421262819008256 -0.999991807791792 -0.0034948633095610348,
            -0.3122155253509342 -0.9233629766711597 0.22343294081852727,
            -0.5810764487386691 -0.7061318148888344 0.40463319280931176,
            -0.7624036581815453 -0.3819676306660663 0.5223422164776164,
            -0.8263120029004005 -1.9258630860515317e-16 0.5632126364551211,
            -0.7624036581815453 0.38196763066606615 0.5223422164776164,
            -0.5810764487386696 0.7061318148888338 0.4046331928093121,
            -0.31221552535093455 0.9233629766711595 0.22343294081852752,
            -0.0020421262819007475 0.999991807791792 -0.003494863309561155,
            0.289348623265985 0.9212749655540373 -0.2598649881332349,
            0.48796521946644444 0.6932995542856771 -0.5303071493185304,
            0.5375639092870419 0.3591452288359842 -0.7629152954531595,
            0.722580770786075 1.207449872601074e-16 -0.6912865033328814,
            0.7167038715245632 -0.3591452288359838 -0.5977878094659103,
            0.6085917978111139 -0.6932995542856768 -0.3859426792469549,
            0.3467473160980233 -0.9212749655540372 -0.176121369010762,
            -0.0010680053316871596 -0.999991807791792 -0.003904319904315475,
            -0.3594057396919758 -0.9233629766711599 0.13501232384282105,
            -0.6660035254647072 -0.7061318148888343 0.24045199951421134,
            -0.8716174971802887 -0.38196763066606615 0.307219250263588,
            -0.9439262609311323 -1.925863086051531e-16 0.3301563476969237,
            -0.8716174971802888 0.381967630666066 0.307219250263588,
            -0.6660035254647079 0.7061318148888337 0.24045199951421156,
            -0.3594057396919764 0.9233629766711597 0.13501232384282127,
            -0.0010680053316868975 0.999991807791792 -0.0039043199043156465,
            0.3467473160980229 0.9212749655540372 -0.17612136901076228,
            0.6085917978111134 0.6932995542856771 -0.38594267924695547,
            0.716703871524562 0.3591452288359842 -0.5977878094659113,
            1.0 0.0 -1.414966974433882e-17,
            1.0 0.0 -1.414966974433882e-17,
            0.5313475336396977 0.8471539402582097 -6.977542468296862e-18,
            0.5313475336396977 0.8471539402582097 -6.977542468296862e-18,
            0.923879532511287 0.0 0.3826834323650894,
            0.923879532511287 0.0 0.3826834323650894,
            0.49090111098006883 0.8471539402582099 0.2033378979519643,
            0.49090111098006883 0.8471539402582099 0.2033378979519643,
            0.707106781186548 0.0 0.707106781186547,
            0.707106781186548 0.0 0.707106781186547,
            0.37571944420337616 0.847153940258211 0.3757194442033755,
            0.37571944420337616 0.847153940258211 0.3757194442033755,
            0.3826834323650895 0.0 0.9238795325112868,
            0.3826834323650895 0.0 0.9238795325112868,
            0.20333789795196316 0.8471539402582118 0.490901110980066,
            0.20333789795196316 0.8471539402582118 0.490901110980066,
            -2.8299339488677637e-17 0.0 1.0,
            -2.8299339488677637e-17 0.0 1.0,
            -1.3955084936593724e-17 0.8471539402582114 0.5313475336396949,
            -1.3955084936593724e-17 0.8471539402582114 0.5313475336396949,
            -0.3826834323650894 0.0 0.923879532511287,
            -0.3826834323650894 0.0 0.923879532511287,
            -0.20333789795196316 0.8471539402582118 0.4909011109800661,
            -0.20333789795196316 0.8471539402582118 0.4909011109800661,
            -0.7071067811865475 0.0 0.7071067811865475,
            -0.7071067811865475 0.0 0.7071067811865475,
            -0.37571944420337566 0.8471539402582113 0.37571944420337544,
            -0.37571944420337566 0.8471539402582113 0.37571944420337544,
            -0.9238795325112867 0.0 0.38268343236508984,
            -0.9238795325112867 0.0 0.38268343236508984,
            -0.49090111098006817 0.8471539402582103 0.20333789795196414,
            -0.49090111098006817 0.8471539402582103 0.20333789795196414,
            -1.0 0.0 7.07483487216941e-17,
            -1.0 0.0 7.07483487216941e-17,
            -0.5313475336396974 0.8471539402582099 4.1865254809781175e-17,
            -0.5313475336396974 0.8471539402582099 4.1865254809781175e-17,
            -0.9238795325112868 0.0 -0.3826834323650897,
            -0.9238795325112868 0.0 -0.3826834323650897,
            -0.4909011109800687 0.8471539402582099 -0.20333789795196427,
            -0.4909011109800687 0.8471539402582099 -0.20333789795196427,
            -0.7071067811865478 0.0 -0.7071067811865472,
            -0.7071067811865478 0.0 -0.7071067811865472,
            -0.37571944420337705 0.8471539402582101 -0.3757194442033768,
            -0.37571944420337705 0.8471539402582101 -0.3757194442033768,
            -0.3826834323650901 0.0 -0.9238795325112866,
            -0.3826834323650901 0.0 -0.9238795325112866,
            -0.2033378979519644 0.8471539402582102 -0.4909011109800683,
            -0.2033378979519644 0.8471539402582102 -0.4909011109800683,
            -2.8299339488677637e-17 0.0 -1.0,
            -2.8299339488677637e-17 0.0 -1.0,
            -1.3955084936593724e-17 0.84715394025821 -0.5313475336396972,
            -1.3955084936593724e-17 0.84715394025821 -0.5313475336396972,
            0.38268343236508995 0.0 -0.9238795325112866,
            0.38268343236508995 0.0 -0.9238795325112866,
            0.20333789795196458 0.8471539402582098 -0.4909011109800689,
            0.20333789795196458 0.8471539402582098 -0.4909011109800689,
            0.7071067811865472 0.0 -0.7071067811865477,
            0.7071067811865472 0.0 -0.7071067811865477,
            0.3757194442033774 0.8471539402582097 -0.3757194442033776,
            0.3757194442033774 0.8471539402582097 -0.3757194442033776,
            0.9238795325112865 0.0 -0.38268343236509034,
            0.9238795325112865 0.0 -0.38268343236509034,
            0.49090111098006894 0.8471539402582097 -0.20333789795196486,
            0.49090111098006894 0.8471539402582097 -0.20333789795196486,
            1.0 0.0 -1.414966974433882e-17,
            1.0 0.0 -1.414966974433882e-17,
            0.5313475336396977 -0.8471539402582097 -6.977542468296862e-18,
            0.5313475336396977 -0.8471539402582097 -6.977542468296862e-18,
            0.923879532511287 0.0 0.3826834323650894,
            0.923879532511287 0.0 0.3826834323650894,
            0.49090111098006883 -0.8471539402582099 0.2033378979519643,
            0.49090111098006883 -0.8471539402582099 0.2033378979519643,
            0.707106781186548 0.0 0.707106781186547,
            0.707106781186548 0.0 0.707106781186547,
            0.37571944420337616 -0.847153940258211 0.3757194442033755,
            0.37571944420337616 -0.847153940258211 0.3757194442033755,
            0.3826834323650895 0.0 0.9238795325112868,
            0.3826834323650895 0.0 0.9238795325112868,
            0.20333789795196316 -0.8471539402582118 0.490901110980066,
            0.20333789795196316 -0.8471539402582118 0.490901110980066,
            -2.8299339488677637e-17 0.0 1.0,
            -2.8299339488677637e-17 0.0 1.0,
            -1.3955084936593724e-17 -0.8471539402582114 0.5313475336396949,
            -1.3955084936593724e-17 -0.8471539402582114 0.5313475336396949,
            -0.3826834323650894 0.0 0.923879532511287,
            -0.3826834323650894 0.0 0.923879532511287,
            -0.20333789795196316 -0.8471539402582118 0.4909011109800661,
            -0.20333789795196316 -0.8471539402582118 0.4909011109800661,
            -0.7071067811865475 0.0 0.7071067811865475,
            -0.7071067811865475 0.0 0.7071067811865475,
            -0.37571944420337566 -0.8471539402582113 0.37571944420337544,
            -0.37571944420337566 -0.8471539402582113 0.37571944420337544,
            -0.9238795325112867 0.0 0.38268343236508984,
            -0.9238795325112867 0.0 0.38268343236508984,
            -0.49090111098006817 -0.8471539402582103 0.20333789795196414,
            -0.49090111098006817 -0.8471539402582103 0.20333789795196414,
            -1.0 0.0 7.07483487216941e-17,
            -1.0 0.0 7.07483487216941e-17,
            -0.5313475336396974 -0.8471539402582099 4.1865254809781175e-17,
            -0.5313475336396974 -0.8471539402582099 4.1865254809781175e-17,
            -0.9238795325112868 0.0 -0.3826834323650897,
            -0.9238795325112868 0.0 -0.3826834323650897,
            -0.4909011109800687 -0.8471539402582099 -0.20333789795196427,
            -0.4909011109800687 -0.8471539402582099 -0.20333789795196427,
            -0.7071067811865478 0.0 -0.7071067811865472,
            -0.7071067811865478 0.0 -0.7071067811865472,
            -0.37571944420337705 -0.8471539402582101 -0.3757194442033768,
            -0.37571944420337705 -0.8471539402582101 -0.3757194442033768,
            -0.3826834323650901 0.0 -0.9238795325112866,
            -0.3826834323650901 0.0 -0.9238795325112866,
            -0.2033378979519644 -0.8471539402582102 -0.4909011109800683,
            -0.2033378979519644 -0.8471539402582102 -0.4909011109800683,
            -2.8299339488677637e-17 0.0 -1.0,
            -2.8299339488677637e-17 0.0 -1.0,
            -1.3955084936593724e-17 -0.84715394025821 -0.5313475336396972,
            -1.3955084936593724e-17 -0.84715394025821 -0.5313475336396972,
            0.38268343236508995 0.0 -0.9238795325112866,
            0.38268343236508995 0.0 -0.9238795325112866,
            0.20333789795196458 -0.8471539402582098 -0.4909011109800689,
            0.20333789795196458 -0.8471539402582098 -0.4909011109800689,
            0.7071067811865472 0.0 -0.7071067811865477,
            0.7071067811865472 0.0 -0.7071067811865477,
            0.3757194442033774 -0.8471539402582097 -0.3757194442033776,
            0.3757194442033774 -0.8471539402582097 -0.3757194442033776,
            0.9238795325112865 0.0 -0.38268343236509034,
            0.9238795325112865 0.0 -0.38268343236509034,
            0.49090111098006894 -0.8471539402582097 -0.20333789795196486,
            0.49090111098006894 -0.8471539402582097 -0.20333789795196486,
            0.5313475336396977 -0.8471539402582097 -6.977542468296862e-18,
            0.5313475336396977 -0.8471539402582097 -6.977542468296862e-18,
            0.11850228801860536 -0.9929537792537755 -2.082246397999238e-17,
            0.11850228801860536 -0.9929537792537755 -2.082246397999238e-17,
            0.49090111098006883 -0.8471539402582099 0.2033378979519643,
            0.49090111098006883 -0.8471539402582099 0.2033378979519643,
            0.10948183845614703 -0.9929537792537755 0.04534886232207639,
            0.10948183845614703 -0.9929537792537755 0.04534886232207639,
            0.37571944420337616 -0.847153940258211 0.3757194442033755,
            0.37571944420337616 -0.847153940258211 0.3757194442033755,
            0.08379377144407732 -0.9929537792537755 0.08379377144407732,
            0.08379377144407732 -0.9929537792537755 0.08379377144407732,
            0.20333789795196316 -0.8471539402582118 0.490901110980066,
            0.20333789795196316 -0.8471539402582118 0.490901110980066,
            0.04534886232207646 -0.9929537792537755 0.10948183845614715,
            0.04534886232207646 -0.9929537792537755 0.10948183845614715,
            -1.3955084936593724e-17 -0.8471539402582114 0.5313475336396949,
            -1.3955084936593724e-17 -0.8471539402582114 0.5313475336396949,
            0.0 -0.9929537792537755 0.11850228801860557,
            0.0 -0.9929537792537755 0.11850228801860557,
            -0.20333789795196316 -0.8471539402582118 0.4909011109800661,
            -0.20333789795196316 -0.8471539402582118 0.4909011109800661,
            -0.04534886232207646 -0.9929537792537755 0.10948183845614716,
            -0.04534886232207646 -0.9929537792537755 0.10948183845614716,
            -0.37571944420337566 -0.8471539402582113 0.37571944420337544,
            -0.37571944420337566 -0.8471539402582113 0.37571944420337544,
            -0.08379377144407729 -0.9929537792537755 0.08379377144407733,
            -0.08379377144407729 -0.9929537792537755 0.08379377144407733,
            -0.49090111098006817 -0.8471539402582103 0.20333789795196414,
            -0.49090111098006817 -0.8471539402582103 0.20333789795196414,
            -0.10948183845614703 -0.9929537792537755 0.04534886232207642,
            -0.10948183845614703 -0.9929537792537755 0.04534886232207642,
            -0.5313475336396974 -0.8471539402582099 4.1865254809781175e-17,
            -0.5313475336396974 -0.8471539402582099 4.1865254809781175e-17,
            -0.11850228801860539 -0.9929537792537755 1.2146437321662221e-17,
            -0.11850228801860539 -0.9929537792537755 1.2146437321662221e-17,
            -0.4909011109800687 -0.8471539402582099 -0.20333789795196427,
            -0.4909011109800687 -0.8471539402582099 -0.20333789795196427,
            -0.10948183845614703 -0.9929537792537755 -0.04534886232207636,
            -0.10948183845614703 -0.9929537792537755 -0.04534886232207636,
            -0.37571944420337705 -0.8471539402582101 -0.3757194442033768,
            -0.37571944420337705 -0.8471539402582101 -0.3757194442033768,
            -0.08379377144407729 -0.9929537792537755 -0.08379377144407724,
            -0.08379377144407729 -0.9929537792537755 -0.08379377144407724,
            -0.2033378979519644 -0.8471539402582102 -0.4909011109800683,
            -0.2033378979519644 -0.8471539402582102 -0.4909011109800683,
            -0.04534886232207643 -0.9929537792537755 -0.109481838456147,
            -0.04534886232207643 -0.9929537792537755 -0.109481838456147,
            -1.3955084936593724e-17 -0.84715394025821 -0.5313475336396972,
            -1.3955084936593724e-17 -0.84715394025821 -0.5313475336396972,
            -1.9087258648326346e-17 -0.9929537792537755 -0.11850228801860536,
            -1.9087258648326346e-17 -0.9929537792537755 -0.11850228801860536,
            0.20333789795196458 -0.8471539402582098 -0.4909011109800689,
            0.20333789795196458 -0.8471539402582098 -0.4909011109800689,
            0.04534886232207639 -0.9929537792537755 -0.10948183845614697,
            0.04534886232207639 -0.9929537792537755 -0.10948183845614697,
            0.3757194442033774 -0.8471539402582097 -0.3757194442033776,
            0.3757194442033774 -0.8471539402582097 -0.3757194442033776,
            0.08379377144407718 -0.9929537792537755 -0.08379377144407722,
            0.08379377144407718 -0.9929537792537755 -0.08379377144407722,
            0.49090111098006894 -0.8471539402582097 -0.20333789795196486,
            0.49090111098006894 -0.8471539402582097 -0.20333789795196486,
            0.10948183845614692 -0.9929537792537755 -0.04534886232207639,
            0.10948183845614692 -0.9929537792537755 -0.04534886232207639,
            0.49090111098006883 0.8471539402582099 0.2033378979519643,
            0.49090111098006883 0.8471539402582099 0.2033378979519643,
            0.10948183845614705 0.9929537792537755 0.04534886232207639,
            0.10948183845614705 0.9929537792537755 0.04534886232207639,
            0.5313475336396977 0.8471539402582097 -6.977542468296862e-18,
            0.5313475336396977 0.8471539402582097 -6.977542468296862e-18,
            0.11850228801860538 0.9929537792537755 -2.082246397999238e-17,
            0.11850228801860538 0.9929537792537755 -2.082246397999238e-17,
            0.49090111098006894 0.8471539402582097 -0.20333789795196486,
            0.49090111098006894 0.8471539402582097 -0.20333789795196486,
            0.10948183845614695 0.9929537792537755 -0.04534886232207639,
            0.10948183845614695 0.9929537792537755 -0.04534886232207639,
            0.3757194442033774 0.8471539402582097 -0.3757194442033776,
            0.3757194442033774 0.8471539402582097 -0.3757194442033776,
            0.08379377144407718 0.9929537792537755 -0.08379377144407724,
            0.08379377144407718 0.9929537792537755 -0.08379377144407724,
            0.20333789795196458 0.8471539402582098 -0.4909011109800689,
            0.20333789795196458 0.8471539402582098 -0.4909011109800689,
            0.04534886232207638 0.9929537792537755 -0.10948183845614698,
            0.04534886232207638 0.9929537792537755 -0.10948183845614698,
            -1.3955084936593724e-17 0.84715394025821 -0.5313475336396972,
            -1.3955084936593724e-17 0.84715394025821 -0.5313475336396972,
            -1.7352053316660315e-17 0.9929537792537755 -0.11850228801860538,
            -1.7352053316660315e-17 0.9929537792537755 -0.11850228801860538,
            -0.2033378979519644 0.8471539402582102 -0.4909011109800683,
            -0.2033378979519644 0.8471539402582102 -0.4909011109800683,
            -0.04534886232207643 0.9929537792537755 -0.10948183845614701,
            -0.04534886232207643 0.9929537792537755 -0.10948183845614701,
            -0.37571944420337705 0.8471539402582101 -0.3757194442033768,
            -0.37571944420337705 0.8471539402582101 -0.3757194442033768,
            -0.08379377144407726 0.9929537792537755 -0.08379377144407721,
            -0.08379377144407726 0.9929537792537755 -0.08379377144407721,
            -0.4909011109800687 0.8471539402582099 -0.20333789795196427,
            -0.4909011109800687 0.8471539402582099 -0.20333789795196427,
            -0.10948183845614701 0.9929537792537755 -0.04534886232207636,
            -0.10948183845614701 0.9929537792537755 -0.04534886232207636,
            -0.5313475336396974 0.8471539402582099 4.1865254809781175e-17,
            -0.5313475336396974 0.8471539402582099 4.1865254809781175e-17,
            -0.11850228801860539 0.9929537792537755 1.2146437321662221e-17,
            -0.11850228801860539 0.9929537792537755 1.2146437321662221e-17,
            -0.49090111098006817 0.8471539402582103 0.20333789795196414,
            -0.49090111098006817 0.8471539402582103 0.20333789795196414,
            -0.10948183845614701 0.9929537792537755 0.04534886232207643,
            -0.10948183845614701 0.9929537792537755 0.04534886232207643,
            -0.37571944420337566 0.8471539402582113 0.37571944420337544,
            -0.37571944420337566 0.8471539402582113 0.37571944420337544,
            -0.08379377144407729 0.9929537792537755 0.08379377144407732,
            -0.08379377144407729 0.9929537792537755 0.08379377144407732,
            -0.20333789795196316 0.8471539402582118 0.4909011109800661,
            -0.20333789795196316 0.8471539402582118 0.4909011109800661,
            -0.04534886232207646 0.9929537792537755 0.10948183845614715,
            -0.04534886232207646 0.9929537792537755 0.10948183845614715,
            -1.3955084936593724e-17 0.8471539402582114 0.5313475336396949,
            -1.3955084936593724e-17 0.8471539402582114 0.5313475336396949,
            -3.470410663332063e-18 0.9929537792537755 0.11850228801860557,
            -3.470410663332063e-18 0.9929537792537755 0.11850228801860557,
            0.20333789795196316 0.8471539402582118 0.490901110980066,
            0.20333789795196316 0.8471539402582118 0.490901110980066,
            0.04534886232207645 0.9929537792537755 0.10948183845614715,
            0.04534886232207645 0.9929537792537755 0.10948183845614715,
            0.37571944420337616 0.847153940258211 0.3757194442033755,
            0.37571944420337616 0.847153940258211 0.3757194442033755,
            0.08379377144407732 0.9929537792537755 0.08379377144407732,
            0.08379377144407732 0.9929537792537755 0.08379377144407732,
            0.11850228801860536 -0.9929537792537755 -2.082246397999238e-17,
            0.11850228801860536 -0.9929537792537755 -2.082246397999238e-17,
            0.0 -1.0 7.115143774483971e-18,
            0.10948183845614703 -0.9929537792537755 0.04534886232207639,
            0.10948183845614703 -0.9929537792537755 0.04534886232207639,
            0.0 -1.0 7.115143774483971e-18,
            0.08379377144407732 -0.9929537792537755 0.08379377144407732,
            0.08379377144407732 -0.9929537792537755 0.08379377144407732,
            0.0 -1.0 7.115143774483971e-18,
            0.04534886232207646 -0.9929537792537755 0.10948183845614715,
            0.04534886232207646 -0.9929537792537755 0.10948183845614715,
            0.0 -1.0 7.115143774483971e-18,
            0.0 -0.9929537792537755 0.11850228801860557,
            0.0 -0.9929537792537755 0.11850228801860557,
            0.0 -1.0 7.115143774483971e-18,
            -0.04534886232207646 -0.9929537792537755 0.10948183845614716,
            -0.04534886232207646 -0.9929537792537755 0.10948183845614716,
            0.0 -1.0 7.115143774483971e-18,
            -0.08379377144407729 -0.9929537792537755 0.08379377144407733,
            -0.08379377144407729 -0.9929537792537755 0.08379377144407733,
            0.0 -1.0 7.115143774483971e-18,
            -0.10948183845614703 -0.9929537792537755 0.04534886232207642,
            -0.10948183845614703 -0.9929537792537755 0.04534886232207642,
            0.0 -1.0 7.115143774483971e-18,
            -0.11850228801860539 -0.9929537792537755 1.2146437321662221e-17,
            -0.11850228801860539 -0.9929537792537755 1.2146437321662221e-17,
            0.0 -1.0 7.115143774483971e-18,
            -0.10948183845614703 -0.9929537792537755 -0.04534886232207636,
            -0.10948183845614703 -0.9929537792537755 -0.04534886232207636,
            0.0 -1.0 7.115143774483971e-18,
            -0.08379377144407729 -0.9929537792537755 -0.08379377144407724,
            -0.08379377144407729 -0.9929537792537755 -0.08379377144407724,
            0.0 -1.0 7.115143774483971e-18,
            -0.04534886232207643 -0.9929537792537755 -0.109481838456147,
            -0.04534886232207643 -0.9929537792537755 -0.109481838456147,
            0.0 -1.0 7.115143774483971e-18,
            -1.9087258648326346e-17 -0.9929537792537755 -0.11850228801860536,
            -1.9087258648326346e-17 -0.9929537792537755 -0.11850228801860536,
            0.0 -1.0 7.115143774483971e-18,
            0.04534886232207639 -0.9929537792537755 -0.10948183845614697,
            0.04534886232207639 -0.9929537792537755 -0.10948183845614697,
            0.0 -1.0 7.115143774483971e-18,
            0.08379377144407718 -0.9929537792537755 -0.08379377144407722,
            0.08379377144407718 -0.9929537792537755 -0.08379377144407722,
            0.0 -1.0 7.115143774483971e-18,
            0.10948183845614692 -0.9929537792537755 -0.04534886232207639,
            0.10948183845614692 -0.9929537792537755 -0.04534886232207639,
            0.0 -1.0 7.115143774483971e-18,
            0.10948183845614705 0.9929537792537755 0.04534886232207639,
            0.10948183845614705 0.9929537792537755 0.04534886232207639,
            0.0 1.0 -4.0319148055409175e-17,
            0.11850228801860538 0.9929537792537755 -2.082246397999238e-17,
            0.11850228801860538 0.9929537792537755 -2.082246397999238e-17,
            0.0 1.0 -4.0319148055409175e-17,
            0.10948183845614695 0.9929537792537755 -0.04534886232207639,
            0.10948183845614695 0.9929537792537755 -0.04534886232207639,
            0.0 1.0 -4.0319148055409175e-17,
            0.08379377144407718 0.9929537792537755 -0.08379377144407724,
            0.08379377144407718 0.9929537792537755 -0.08379377144407724,
            0.0 1.0 -4.0319148055409175e-17,
            0.04534886232207638 0.9929537792537755 -0.10948183845614698,
            0.04534886232207638 0.9929537792537755 -0.10948183845614698,
            0.0 1.0 -4.0319148055409175e-17,
            -1.7352053316660315e-17 0.9929537792537755 -0.11850228801860538,
            -1.7352053316660315e-17 0.9929537792537755 -0.11850228801860538,
            0.0 1.0 -4.0319148055409175e-17,
            -0.04534886232207643 0.9929537792537755 -0.10948183845614701,
            -0.04534886232207643 0.9929537792537755 -0.10948183845614701,
            0.0 1.0 -4.0319148055409175e-17,
            -0.08379377144407726 0.9929537792537755 -0.08379377144407721,
            -0.08379377144407726 0.9929537792537755 -0.08379377144407721,
            0.0 1.0 -4.0319148055409175e-17,
            -0.10948183845614701 0.9929537792537755 -0.04534886232207636,
            -0.10948183845614701 0.9929537792537755 -0.04534886232207636,
            0.0 1.0 -4.0319148055409175e-17,
            -0.11850228801860539 0.9929537792537755 1.2146437321662221e-17,
            -0.11850228801860539 0.9929537792537755 1.2146437321662221e-17,
            0.0 1.0 -4.0319148055409175e-17,
            -0.10948183845614701 0.9929537792537755 0.04534886232207643,
            -0.10948183845614701 0.9929537792537755 0.04534886232207643,
            0.0 1.0 -4.0319148055409175e-17,
            -0.08379377144407729 0.9929537792537755 0.08379377144407732,
            -0.08379377144407729 0.9929537792537755 0.08379377144407732,
            0.0 1.0 -4.0319148055409175e-17,
            -0.04534886232207646 0.9929537792537755 0.10948183845614715,
            -0.04534886232207646 0.9929537792537755 0.10948183845614715,
            0.0 1.0 -4.0319148055409175e-17,
            -3.470410663332063e-18 0.9929537792537755 0.11850228801860557,
            -3.470410663332063e-18 0.9929537792537755 0.11850228801860557,
            0.0 1.0 -4.0319148055409175e-17,
            0.04534886232207645 0.9929537792537755 0.10948183845614715,
            0.04534886232207645 0.9929537792537755 0.10948183845614715,
            0.0 1.0 -4.0319148055409175e-17,
            0.08379377144407732 0.9929537792537755 0.08379377144407732,
            0.08379377144407732 0.9929537792537755 0.08379377144407732,
            0.0 1.0 -4.0319148055409175e-17,
            -0.6583969584363712 7.498690751570273e-16 -0.7526708743678974,
            -0.6583969584363712 7.498690751570273e-16 -0.7526708743678974,
            -0.40303369287239005 1.028114799101719e-15 -0.9151851410559746,
            -0.40303369287239005 1.028114799101719e-15 -0.9151851410559746,
            -0.6084624713911347 -0.38201172670292305 -0.6955864156020041,
            -0.6084624713911347 -0.38201172670292305 -0.6955864156020041,
            -0.433861521860435 -0.3564645784895276 -0.8274643098836534,
            -0.433861521860435 -0.3564645784895276 -0.8274643098836534,
            -0.4660356108507826 -0.7063790295562451 -0.5327658735524596,
            -0.4660356108507826 -0.7063790295562451 -0.5327658735524596,
            -0.4162796220447189 -0.6902001556350083 -0.5918910553739737,
            -0.4162796220447189 -0.6902001556350083 -0.5918910553739737,
            -0.25240025679386907 -0.9236007646388993 -0.288540704110927,
            -0.25240025679386907 -0.9236007646388993 -0.288540704110927,
            -0.2548029759016735 -0.920069743726356 -0.2975686645985575,
            -0.2548029759016735 -0.920069743726356 -0.2975686645985575,
            8.49052296716037e-17 -1.0 4.245261483580185e-17,
            8.49052296716037e-17 -1.0 4.245261483580185e-17,
            0.0025022334100394104 -0.9999916658031003 -0.003226011826098969,
            0.0025022334100394104 -0.9999916658031003 -0.003226011826098969,
            0.25240025679386957 -0.923600764638899 0.28854070411092747,
            0.25240025679386957 -0.923600764638899 0.28854070411092747,
            0.28243946164517675 -0.9221857248655951 0.2641996202868192,
            0.28243946164517675 -0.9221857248655951 0.2641996202868192,
            0.46603561085078316 -0.7063790295562444 0.53276587355246,
            0.46603561085078316 -0.7063790295562444 0.53276587355246,
            0.5255269840865522 -0.703083500084816 0.4790563441865447,
            0.5255269840865522 -0.703083500084816 0.4790563441865447,
            0.608462471391135 -0.38201172670292244 0.6955864156020042,
            0.608462471391135 -0.38201172670292244 0.6955864156020042,
            0.688558155109005 -0.3791713907357789 0.6181559054804693,
            0.688558155109005 -0.3791713907357789 0.6181559054804693,
            0.6583969584363715 9.903931181319227e-17 0.7526708743678975,
            0.6583969584363715 9.903931181319227e-17 0.7526708743678975,
            0.7457287883203984 0.0 0.6662496335985414,
            0.7457287883203984 0.0 0.6662496335985414,
            0.6084624713911349 0.38201172670292244 0.6955864156020041,
            0.6084624713911349 0.38201172670292244 0.6955864156020041,
            0.6885581551090048 0.3791713907357793 0.6181559054804691,
            0.6885581551090048 0.3791713907357793 0.6181559054804691,
            0.46603561085078316 0.7063790295562444 0.5327658735524601,
            0.46603561085078316 0.7063790295562444 0.5327658735524601,
            0.5255269840865523 0.703083500084816 0.4790563441865448,
            0.5255269840865523 0.703083500084816 0.4790563441865448,
            0.2524002567938701 0.9236007646388986 0.28854070411092814,
            0.2524002567938701 0.9236007646388986 0.28854070411092814,
            0.28243946164517775 0.9221857248655946 0.2641996202868201,
            0.28243946164517775 0.9221857248655946 0.2641996202868201,
            9.905610128353768e-17 1.0 9.905610128353768e-17,
            9.905610128353768e-17 1.0 9.905610128353768e-17,
            0.0025022334100394394 0.9999916658031003 -0.0032260118260989982,
            0.0025022334100394394 0.9999916658031003 -0.0032260118260989982,
            -0.2524002567938697 0.9236007646388991 -0.2885407041109275,
            -0.2524002567938697 0.9236007646388991 -0.2885407041109275,
            -0.2548029759016738 0.9200697437263556 -0.29756866459855835,
            -0.2548029759016738 0.9200697437263556 -0.29756866459855835,
            -0.4660356108507827 0.706379029556245 -0.5327658735524594,
            -0.4660356108507827 0.706379029556245 -0.5327658735524594,
            -0.4162796220447199 0.6902001556350083 -0.591891055373973,
            -0.4162796220447199 0.6902001556350083 -0.591891055373973,
            -0.6084624713911345 0.38201172670292355 -0.6955864156020038,
            -0.6084624713911345 0.38201172670292355 -0.6955864156020038,
            -0.43386152186043936 0.3564645784895289 -0.8274643098836505,
            -0.43386152186043936 0.3564645784895289 -0.8274643098836505,
            -0.6583969584363712 7.498690751570273e-16 -0.7526708743678974,
            -0.6583969584363712 7.498690751570273e-16 -0.7526708743678974,
            -0.7730104533627373 1.1317666028235842e-16 -0.634393284163645,
            -0.7730104533627373 1.1317666028235842e-16 -0.634393284163645,
            -0.6084624713911347 -0.38201172670292305 -0.6955864156020041,
            -0.6084624713911347 -0.38201172670292305 -0.6955864156020041,
            -0.7194443381398014 -0.38084070704023065 -0.5808271689407102,
            -0.7194443381398014 -0.38084070704023065 -0.5808271689407102,
            -0.4660356108507826 -0.7063790295562451 -0.5327658735524596,
            -0.4660356108507826 -0.7063790295562451 -0.5327658735524596,
            -0.5669009479356443 -0.7037018687631913 -0.42828377873655266,
            -0.5669009479356443 -0.7037018687631913 -0.42828377873655266,
            -0.25240025679386907 -0.9236007646388993 -0.288540704110927,
            -0.25240025679386907 -0.9236007646388993 -0.288540704110927,
            -0.3386036310995707 -0.9194308000402821 -0.19998646190048106,
            -0.3386036310995707 -0.9194308000402821 -0.19998646190048106,
            8.49052296716037e-17 -1.0 4.245261483580185e-17,
            8.49052296716037e-17 -1.0 4.245261483580185e-17,
            -0.06930858459954332 -0.9951847266721973 0.06930858459954349,
            -0.06930858459954332 -0.9951847266721973 0.06930858459954349,
            0.25240025679386957 -0.923600764638899 0.28854070411092747,
            0.25240025679386957 -0.923600764638899 0.28854070411092747,
            0.19998646190048072 -0.9194308000402814 0.3386036310995726,
            0.19998646190048072 -0.9194308000402814 0.3386036310995726,
            0.46603561085078316 -0.7063790295562444 0.53276587355246,
            0.46603561085078316 -0.7063790295562444 0.53276587355246,
            0.4282837787365512 -0.7037018687631907 0.566900947935646,
            0.4282837787365512 -0.7037018687631907 0.566900947935646,
            0.608462471391135 -0.38201172670292244 0.6955864156020042,
            0.608462471391135 -0.38201172670292244 0.6955864156020042,
            0.5808271689407081 -0.3808407070402306 0.7194443381398031,
            0.5808271689407081 -0.3808407070402306 0.7194443381398031,
            0.6583969584363715 9.903931181319227e-17 0.7526708743678975,
            0.6583969584363715 9.903931181319227e-17 0.7526708743678975,
            0.6343932841636428 2.8294165070589593e-16 0.7730104533627391,
            0.6343932841636428 2.8294165070589593e-16 0.7730104533627391,
            0.6084624713911349 0.38201172670292244 0.6955864156020041,
            0.6084624713911349 0.38201172670292244 0.6955864156020041,
            0.5808271689407078 0.38084070704023004 0.7194443381398037,
            0.5808271689407078 0.38084070704023004 0.7194443381398037,
            0.46603561085078316 0.7063790295562444 0.5327658735524601,
            0.46603561085078316 0.7063790295562444 0.5327658735524601,
            0.42828377873655055 0.7037018687631905 0.5669009479356469,
            0.42828377873655055 0.7037018687631905 0.5669009479356469,
            0.2524002567938701 0.9236007646388986 0.28854070411092814,
            0.2524002567938701 0.9236007646388986 0.28854070411092814,
            0.19998646190047834 0.9194308000402812 0.33860363109957475,
            0.19998646190047834 0.9194308000402812 0.33860363109957475,
            9.905610128353768e-17 1.0 9.905610128353768e-17,
            9.905610128353768e-17 1.0 9.905610128353768e-17,
            -0.0693085845995469 0.9951847266721967 0.0693085845995473,
            -0.0693085845995469 0.9951847266721967 0.0693085845995473,
            -0.2524002567938697 0.9236007646388991 -0.2885407041109275,
            -0.2524002567938697 0.9236007646388991 -0.2885407041109275,
            -0.3386036310995726 0.9194308000402818 -0.19998646190047975,
            -0.3386036310995726 0.9194308000402818 -0.19998646190047975,
            -0.4660356108507827 0.706379029556245 -0.5327658735524594,
            -0.4660356108507827 0.706379029556245 -0.5327658735524594,
            -0.5669009479356444 0.7037018687631913 -0.4282837787365523,
            -0.5669009479356444 0.7037018687631913 -0.4282837787365523,
            -0.6084624713911345 0.38201172670292355 -0.6955864156020038,
            -0.6084624713911345 0.38201172670292355 -0.6955864156020038,
            -0.7194443381398017 0.38084070704023104 -0.5808271689407096,
            -0.7194443381398017 0.38084070704023104 -0.5808271689407096,
            -0.8066299871365389 8.450258622753856e-17 -0.5910567348843146,
            -0.8066299871365389 8.450258622753856e-17 -0.5910567348843146,
            -1.0 7.357828267056185e-16 0.0,
            -1.0 7.357828267056185e-16 0.0,
            -0.7894672545975454 -0.3564645784895281 -0.49967435215397793,
            -0.7894672545975454 -0.3564645784895281 -0.49967435215397793,
            -0.9238795325112868 -0.38268343236508956 0.0,
            -0.9238795325112868 -0.38268343236508956 0.0,
            -0.6564542554554986 -0.6902001556350077 -0.30445287920428366,
            -0.6564542554554986 -0.6902001556350077 -0.30445287920428366,
            -0.7071067811865469 -0.7071067811865481 0.0,
            -0.7071067811865469 -0.7071067811865481 0.0,
            -0.3694501823900023 -0.920069743726356 -0.130300534961725,
            -0.3694501823900023 -0.920069743726356 -0.130300534961725,
            -0.38268343236508884 -0.9238795325112872 0.0,
            -0.38268343236508884 -0.9238795325112872 0.0,
            5.539917862426777e-4 -0.9999916658031003 -0.004044924899330477,
            5.539917862426777e-4 -0.9999916658031003 -0.004044924899330477,
            0.0 -1.0 0.0,
            0.0 -1.0 0.0,
            0.37669955895933294 -0.9221857248655955 0.08758385201599811,
            0.37669955895933294 -0.9221857248655955 0.08758385201599811,
            0.38268343236508884 -0.9238795325112872 0.0,
            0.38268343236508884 -0.9238795325112872 0.0,
            0.6946478906864476 -0.7030835000848159 0.15211147186637136,
            0.6946478906864476 -0.7030835000848159 0.15211147186637136,
            0.7071067811865475 -0.7071067811865475 0.0,
            0.7071067811865475 -0.7071067811865475 0.0,
            0.9053868070475791 -0.3791713907357787 0.19105964009095433,
            0.9053868070475791 -0.3791713907357787 0.19105964009095433,
            0.9238795325112864 -0.3826834323650906 0.0,
            0.9238795325112864 -0.3826834323650906 0.0,
            0.9789448918181242 0.0 0.20412471379821032,
            0.9789448918181242 0.0 0.20412471379821032,
            1.0 0.0 0.0,
            1.0 0.0 0.0,
            0.905386807047579 0.37917139073577927 0.1910596400909543,
            0.905386807047579 0.37917139073577927 0.1910596400909543,
            0.9238795325112862 0.38268343236509106 0.0,
            0.9238795325112862 0.38268343236509106 0.0,
            0.6946478906864479 0.7030835000848156 0.15211147186637147,
            0.6946478906864479 0.7030835000848156 0.15211147186637147,
            0.7071067811865479 0.7071067811865471 0.0,
            0.7071067811865479 0.7071067811865471 0.0,
            0.3766995589593343 0.9221857248655949 0.08758385201599847,
            0.3766995589593343 0.9221857248655949 0.08758385201599847,
            0.38268343236509034 0.9238795325112865 0.0,
            0.38268343236509034 0.9238795325112865 0.0,
            5.53991786242324e-4 0.9999916658031004 -0.004044924899330617,
            5.53991786242324e-4 0.9999916658031004 -0.004044924899330617,
            -3.8204108309714813e-16 1.0 0.0,
            -3.8204108309714813e-16 1.0 0.0,
            -0.36945018239000277 0.9200697437263557 -0.1303005349617251,
            -0.36945018239000277 0.9200697437263557 -0.1303005349617251,
            -0.3826834323650894 0.9238795325112868 0.0,
            -0.3826834323650894 0.9238795325112868 0.0,
            -0.6564542554554975 0.6902001556350084 -0.3044528792042844,
            -0.6564542554554975 0.6902001556350084 -0.3044528792042844,
            -0.7071067811865464 0.7071067811865487 0.0,
            -0.7071067811865464 0.7071067811865487 0.0,
            -0.7894672545975436 0.35646457848952884 -0.49967435215398015,
            -0.7894672545975436 0.35646457848952884 -0.49967435215398015,
            -0.9238795325112864 0.3826834323650908 0.0,
            -0.9238795325112864 0.3826834323650908 0.0,
            -1.0 7.357828267056185e-16 0.0,
            -1.0 7.357828267056185e-16 0.0,
            -0.8700221846046781 1.042221073606917e-15 -0.4930125741760586,
            -0.8700221846046781 1.042221073606917e-15 -0.4930125741760586,
            -0.9238795325112868 -0.38268343236508956 0.0,
            -0.9238795325112868 -0.38268343236508956 0.0,
            -0.8037956891870188 -0.33294307583829075 -0.49301257417605865,
            -0.8037956891870188 -0.33294307583829075 -0.49301257417605865,
            -0.7071067811865469 -0.7071067811865481 0.0,
            -0.7071067811865469 -0.7071067811865481 0.0,
            -0.6151985865167019 -0.6151985865167026 -0.49301257417605815,
            -0.6151985865167019 -0.6151985865167026 -0.49301257417605815,
            -0.38268343236508884 -0.9238795325112872 0.0,
            -0.38268343236508884 -0.9238795325112872 0.0,
            -0.33294307583829064 -0.803795689187019 -0.4930125741760582,
            -0.33294307583829064 -0.803795689187019 -0.4930125741760582,
            0.0 -1.0 0.0,
            0.0 -1.0 0.0,
            0.0 -0.8700221846046783 -0.4930125741760581,
            0.0 -0.8700221846046783 -0.4930125741760581,
            0.38268343236508884 -0.9238795325112872 0.0,
            0.38268343236508884 -0.9238795325112872 0.0,
            0.33294307583829064 -0.803795689187019 -0.4930125741760582,
            0.33294307583829064 -0.803795689187019 -0.4930125741760582,
            0.7071067811865475 -0.7071067811865475 0.0,
            0.7071067811865475 -0.7071067811865475 0.0,
            0.6151985865167026 -0.6151985865167019 -0.4930125741760582,
            0.6151985865167026 -0.6151985865167019 -0.4930125741760582,
            0.9238795325112864 -0.3826834323650906 0.0,
            0.9238795325112864 -0.3826834323650906 0.0,
            0.8037956891870183 -0.33294307583829297 -0.493012574176058,
            0.8037956891870183 -0.33294307583829297 -0.493012574176058,
            1.0 0.0 0.0,
            1.0 0.0 0.0,
            0.870022184604678 1.1267254849804517e-16 -0.49301257417605865,
            0.870022184604678 1.1267254849804517e-16 -0.49301257417605865,
            0.9238795325112862 0.38268343236509106 0.0,
            0.9238795325112862 0.38268343236509106 0.0,
            0.8037956891870178 0.3329430758382936 -0.4930125741760582,
            0.8037956891870178 0.3329430758382936 -0.4930125741760582,
            0.7071067811865479 0.7071067811865471 0.0,
            0.7071067811865479 0.7071067811865471 0.0,
            0.615198586516703 0.6151985865167013 -0.4930125741760584,
            0.615198586516703 0.6151985865167013 -0.4930125741760584,
            0.38268343236509034 0.9238795325112865 0.0,
            0.38268343236509034 0.9238795325112865 0.0,
            0.3329430758382924 0.8037956891870182 -0.49301257417605865,
            0.3329430758382924 0.8037956891870182 -0.49301257417605865,
            -3.8204108309714813e-16 1.0 0.0,
            -3.8204108309714813e-16 1.0 0.0,
            -8.450441137353382e-17 0.8700221846046781 -0.4930125741760583,
            -8.450441137353382e-17 0.8700221846046781 -0.4930125741760583,
            -0.3826834323650894 0.9238795325112868 0.0,
            -0.3826834323650894 0.9238795325112868 0.0,
            -0.3329430758382915 0.8037956891870187 -0.49301257417605815,
            -0.3329430758382915 0.8037956891870187 -0.49301257417605815,
            -0.7071067811865464 0.7071067811865487 0.0,
            -0.7071067811865464 0.7071067811865487 0.0,
            -0.6151985865167021 0.6151985865167025 -0.4930125741760582,
            -0.6151985865167021 0.6151985865167025 -0.4930125741760582,
            -0.9238795325112864 0.3826834323650908 0.0,
            -0.9238795325112864 0.3826834323650908 0.0,
            -0.8037956891870185 0.3329430758382915 -0.4930125741760585,
            -0.8037956891870185 0.3329430758382915 -0.4930125741760585,
            -0.8700221846046781 1.042221073606917e-15 -0.4930125741760586,
            -0.8700221846046781 1.042221073606917e-15 -0.4930125741760586,
            1.5087817563567184e-16 -1.692157834798835e-17 -1.0,
            -0.8037956891870188 -0.33294307583829075 -0.49301257417605865,
            -0.8037956891870188 -0.33294307583829075 -0.49301257417605865,
            1.5087817563567184e-16 -1.692157834798835e-17 -1.0,
            -0.6151985865167019 -0.6151985865167026 -0.49301257417605815,
            -0.6151985865167019 -0.6151985865167026 -0.49301257417605815,
            1.5087817563567184e-16 -1.692157834798835e-17 -1.0,
            -0.33294307583829064 -0.803795689187019 -0.4930125741760582,
            -0.33294307583829064 -0.803795689187019 -0.4930125741760582,
            1.5087817563567184e-16 -1.692157834798835e-17 -1.0,
            0.0 -0.8700221846046783 -0.4930125741760581,
            0.0 -0.8700221846046783 -0.4930125741760581,
            1.5087817563567184e-16 -1.692157834798835e-17 -1.0,
            0.33294307583829064 -0.803795689187019 -0.4930125741760582,
            0.33294307583829064 -0.803795689187019 -0.4930125741760582,
            1.5087817563567184e-16 -1.692157834798835e-17 -1.0,
            0.6151985865167026 -0.6151985865167019 -0.4930125741760582,
            0.6151985865167026 -0.6151985865167019 -0.4930125741760582,
            1.5087817563567184e-16 -1.692157834798835e-17 -1.0,
            0.8037956891870183 -0.33294307583829297 -0.493012574176058,
            0.8037956891870183 -0.33294307583829297 -0.493012574176058,
            1.5087817563567184e-16 -1.692157834798835e-17 -1.0,
            0.870022184604678 1.1267254849804517e-16 -0.49301257417605865,
            0.870022184604678 1.1267254849804517e-16 -0.49301257417605865,
            1.5087817563567184e-16 -1.692157834798835e-17 -1.0,
            0.8037956891870178 0.3329430758382936 -0.4930125741760582,
            0.8037956891870178 0.3329430758382936 -0.4930125741760582,
            1.5087817563567184e-16 -1.692157834798835e-17 -1.0,
            0.615198586516703 0.6151985865167013 -0.4930125741760584,
            0.615198586516703 0.6151985865167013 -0.4930125741760584,
            1.5087817563567184e-16 -1.692157834798835e-17 -1.0,
            0.3329430758382924 0.8037956891870182 -0.49301257417605865,
            0.3329430758382924 0.8037956891870182 -0.49301257417605865,
            1.5087817563567184e-16 -1.692157834798835e-17 -1.0,
            -8.450441137353382e-17 0.8700221846046781 -0.4930125741760583,
            -8.450441137353382e-17 0.8700221846046781 -0.4930125741760583,
            1.5087817563567184e-16 -1.692157834798835e-17 -1.0,
            -0.3329430758382915 0.8037956891870187 -0.49301257417605815,
            -0.3329430758382915 0.8037956891870187 -0.49301257417605815,
            1.5087817563567184e-16 -1.692157834798835e-17 -1.0,
            -0.6151985865167021 0.6151985865167025 -0.4930125741760582,
            -0.6151985865167021 0.6151985865167025 -0.4930125741760582,
            1.5087817563567184e-16 -1.692157834798835e-17 -1.0,
            -0.8037956891870185 0.3329430758382915 -0.4930125741760585,
            -0.8037956891870185 0.3329430758382915 -0.4930125741760585,
            1.5087817563567184e-16 -1.692157834798835e-17 -1.0,
            0.6583969584363712 7.640175482731976e-16 -0.7526708743678975,
            0.6583969584363712 7.640175482731976e-16 -0.7526708743678975,
            0.40303369287239005 1.197119971556796e-15 -0.9151851410559746,
            0.40303369287239005 1.197119971556796e-15 -0.9151851410559746,
            0.6084624713911345 -0.3820117267029234 -0.695586415602004,
            0.6084624713911345 -0.3820117267029234 -0.695586415602004,
            0.4338615218604348 -0.356464578489528 -0.8274643098836532,
            0.4338615218604348 -0.356464578489528 -0.8274643098836532,
            0.46603561085078227 -0.7063790295562455 -0.5327658735524593,
            0.46603561085078227 -0.7063790295562455 -0.5327658735524593,
            0.41627962204471874 -0.6902001556350087 -0.5918910553739734,
            0.41627962204471874 -0.6902001556350087 -0.5918910553739734,
            0.2524002567938697 -0.923600764638899 -0.28854070411092775,
            0.2524002567938697 -0.923600764638899 -0.28854070411092775,
            0.25480297590167406 -0.9200697437263555 -0.29756866459855813,
            0.25480297590167406 -0.9200697437263555 -0.29756866459855813,
            -7.075435805966979e-17 -1.0 2.830174322386791e-17,
            -7.075435805966979e-17 -1.0 2.830174322386791e-17,
            -0.0025022334100394394 -0.9999916658031003 -0.003226011826099013,
            -0.0025022334100394394 -0.9999916658031003 -0.003226011826099013,
            -0.2524002567938701 -0.9236007646388986 0.2885407041109281,
            -0.2524002567938701 -0.9236007646388986 0.2885407041109281,
            -0.2824394616451774 -0.9221857248655948 0.2641996202868198,
            -0.2824394616451774 -0.9221857248655948 0.2641996202868198,
            -0.46603561085078293 -0.7063790295562449 0.5327658735524596,
            -0.46603561085078293 -0.7063790295562449 0.5327658735524596,
            -0.525526984086552 -0.7030835000848165 0.47905634418654447,
            -0.525526984086552 -0.7030835000848165 0.47905634418654447,
            -0.6084624713911349 -0.3820117267029229 0.695586415602004,
            -0.6084624713911349 -0.3820117267029229 0.695586415602004,
            -0.6885581551090048 -0.3791713907357793 0.6181559054804691,
            -0.6885581551090048 -0.3791713907357793 0.6181559054804691,
            -0.6583969584363715 -8.489083869702194e-17 0.7526708743678975,
            -0.6583969584363715 -8.489083869702194e-17 0.7526708743678975,
            -0.7457287883203984 -1.9801050996484581e-16 0.6662496335985414,
            -0.7457287883203984 -1.9801050996484581e-16 0.6662496335985414,
            -0.6084624713911349 0.3820117267029222 0.6955864156020042,
            -0.6084624713911349 0.3820117267029222 0.6955864156020042,
            -0.6885581551090049 0.3791713907357792 0.6181559054804692,
            -0.6885581551090049 0.3791713907357792 0.6181559054804692,
            -0.46603561085078316 0.7063790295562444 0.5327658735524601,
            -0.46603561085078316 0.7063790295562444 0.5327658735524601,
            -0.5255269840865523 0.703083500084816 0.4790563441865448,
            -0.5255269840865523 0.703083500084816 0.4790563441865448,
            -0.2524002567938701 0.9236007646388986 0.28854070411092814,
            -0.2524002567938701 0.9236007646388986 0.28854070411092814,
            -0.28243946164517775 0.9221857248655946 0.2641996202868201,
            -0.28243946164517775 0.9221857248655946 0.2641996202868201,
            -9.905610128353768e-17 1.0 9.905610128353768e-17,
            -9.905610128353768e-17 1.0 9.905610128353768e-17,
            -0.0025022334100394394 0.9999916658031003 -0.0032260118260989982,
            -0.0025022334100394394 0.9999916658031003 -0.0032260118260989982,
            0.2524002567938697 0.9236007646388991 -0.2885407041109275,
            0.2524002567938697 0.9236007646388991 -0.2885407041109275,
            0.2548029759016738 0.9200697437263556 -0.29756866459855835,
            0.2548029759016738 0.9200697437263556 -0.29756866459855835,
            0.4660356108507827 0.706379029556245 -0.5327658735524594,
            0.4660356108507827 0.706379029556245 -0.5327658735524594,
            0.4162796220447199 0.6902001556350083 -0.591891055373973,
            0.4162796220447199 0.6902001556350083 -0.591891055373973,
            0.6084624713911345 0.3820117267029235 -0.6955864156020038,
            0.6084624713911345 0.3820117267029235 -0.6955864156020038,
            0.43386152186043936 0.3564645784895289 -0.8274643098836505,
            0.43386152186043936 0.3564645784895289 -0.8274643098836505,
            0.6583969584363712 7.640175482731976e-16 -0.7526708743678975,
            0.6583969584363712 7.640175482731976e-16 -0.7526708743678975,
            0.7730104533627374 -1.980591554941272e-16 -0.6343932841636449,
            0.7730104533627374 -1.980591554941272e-16 -0.6343932841636449,
            0.6084624713911345 -0.3820117267029234 -0.695586415602004,
            0.6084624713911345 -0.3820117267029234 -0.695586415602004,
            0.7194443381398015 -0.3808407070402308 -0.5808271689407101,
            0.7194443381398015 -0.3808407070402308 -0.5808271689407101,
            0.46603561085078227 -0.7063790295562455 -0.5327658735524593,
            0.46603561085078227 -0.7063790295562455 -0.5327658735524593,
            0.5669009479356434 -0.7037018687631917 -0.4282837787365531,
            0.5669009479356434 -0.7037018687631917 -0.4282837787365531,
            0.2524002567938697 -0.923600764638899 -0.28854070411092775,
            0.2524002567938697 -0.923600764638899 -0.28854070411092775,
            0.33860363109957053 -0.9194308000402822 -0.19998646190048114,
            0.33860363109957053 -0.9194308000402822 -0.19998646190048114,
            -7.075435805966979e-17 -1.0 2.830174322386791e-17,
            -7.075435805966979e-17 -1.0 2.830174322386791e-17,
            0.06930858459954453 -0.995184726672197 0.06930858459954482,
            0.06930858459954453 -0.995184726672197 0.06930858459954482,
            -0.2524002567938701 -0.9236007646388986 0.2885407041109281,
            -0.2524002567938701 -0.9236007646388986 0.2885407041109281,
            -0.19998646190048075 -0.9194308000402814 0.33860363109957275,
            -0.19998646190048075 -0.9194308000402814 0.33860363109957275,
            -0.46603561085078293 -0.7063790295562449 0.5327658735524596,
            -0.46603561085078293 -0.7063790295562449 0.5327658735524596,
            -0.4282837787365516 -0.703701868763191 0.5669009479356454,
            -0.4282837787365516 -0.703701868763191 0.5669009479356454,
            -0.6084624713911349 -0.3820117267029229 0.695586415602004,
            -0.6084624713911349 -0.3820117267029229 0.695586415602004,
            -0.5808271689407081 -0.38084070704023065 0.7194443381398031,
            -0.5808271689407081 -0.38084070704023065 0.7194443381398031,
            -0.6583969584363715 -8.489083869702194e-17 0.7526708743678975,
            -0.6583969584363715 -8.489083869702194e-17 0.7526708743678975,
            -0.6343932841636428 0.0 0.7730104533627393,
            -0.6343932841636428 0.0 0.7730104533627393,
            -0.6084624713911349 0.3820117267029222 0.6955864156020042,
            -0.6084624713911349 0.3820117267029222 0.6955864156020042,
            -0.5808271689407078 0.3808407070402299 0.7194443381398037,
            -0.5808271689407078 0.3808407070402299 0.7194443381398037,
            -0.46603561085078316 0.7063790295562444 0.5327658735524601,
            -0.46603561085078316 0.7063790295562444 0.5327658735524601,
            -0.42828377873655055 0.7037018687631905 0.5669009479356469,
            -0.42828377873655055 0.7037018687631905 0.5669009479356469,
            -0.2524002567938701 0.9236007646388986 0.28854070411092814,
            -0.2524002567938701 0.9236007646388986 0.28854070411092814,
            -0.19998646190047836 0.9194308000402812 0.33860363109957475,
            -0.19998646190047836 0.9194308000402812 0.33860363109957475,
            -9.905610128353768e-17 1.0 9.905610128353768e-17,
            -9.905610128353768e-17 1.0 9.905610128353768e-17,
            0.06930858459954682 0.9951847266721967 0.06930858459954725,
            0.06930858459954682 0.9951847266721967 0.06930858459954725,
            0.2524002567938697 0.9236007646388991 -0.2885407041109275,
            0.2524002567938697 0.9236007646388991 -0.2885407041109275,
            0.3386036310995722 0.9194308000402818 -0.1999864619004799,
            0.3386036310995722 0.9194308000402818 -0.1999864619004799,
            0.4660356108507827 0.706379029556245 -0.5327658735524594,
            0.4660356108507827 0.706379029556245 -0.5327658735524594,
            0.5669009479356443 0.7037018687631914 -0.4282837787365525,
            0.5669009479356443 0.7037018687631914 -0.4282837787365525,
            0.6084624713911345 0.3820117267029235 -0.6955864156020038,
            0.6084624713911345 0.3820117267029235 -0.6955864156020038,
            0.7194443381398017 0.3808407070402309 -0.5808271689407096,
            0.7194443381398017 0.3808407070402309 -0.5808271689407096,
            0.8066299871365389 2.3942399431135926e-16 -0.5910567348843146,
            0.8066299871365389 2.3942399431135926e-16 -0.5910567348843146,
            1.0 9.33878203126362e-16 0.0,
            1.0 9.33878203126362e-16 0.0,
            0.7894672545975453 -0.3564645784895284 -0.4996743521539778,
            0.7894672545975453 -0.3564645784895284 -0.4996743521539778,
            0.9238795325112866 -0.38268343236508984 0.0,
            0.9238795325112866 -0.38268343236508984 0.0,
            0.6564542554554983 -0.690200155635008 -0.30445287920428354,
            0.6564542554554983 -0.690200155635008 -0.30445287920428354,
            0.7071067811865465 -0.7071067811865485 0.0,
            0.7071067811865465 -0.7071067811865485 0.0,
            0.36945018239000316 -0.9200697437263556 -0.13030053496172522,
            0.36945018239000316 -0.9200697437263556 -0.13030053496172522,
            0.3826834323650897 -0.9238795325112868 0.0,
            0.3826834323650897 -0.9238795325112868 0.0,
            -5.539917862426921e-4 -0.9999916658031004 -0.004044924899330525,
            -5.539917862426921e-4 -0.9999916658031004 -0.004044924899330525,
            1.4149669744338818e-17 -1.0 0.0,
            1.4149669744338818e-17 -1.0 0.0,
            -0.37669955895933377 -0.9221857248655951 0.08758385201599832,
            -0.37669955895933377 -0.9221857248655951 0.08758385201599832,
            -0.3826834323650897 -0.9238795325112868 0.0,
            -0.3826834323650897 -0.9238795325112868 0.0,
            -0.6946478906864472 -0.7030835000848162 0.15211147186637125,
            -0.6946478906864472 -0.7030835000848162 0.15211147186637125,
            -0.7071067811865471 -0.7071067811865479 0.0,
            -0.7071067811865471 -0.7071067811865479 0.0,
            -0.905386807047579 -0.37917139073577927 0.1910596400909543,
            -0.905386807047579 -0.37917139073577927 0.1910596400909543,
            -0.9238795325112862 -0.38268343236509106 0.0,
            -0.9238795325112862 -0.38268343236509106 0.0,
            -0.9789448918181242 -1.9801050996484589e-16 0.20412471379821034,
            -0.9789448918181242 -1.9801050996484589e-16 0.20412471379821034,
            -1.0 -1.8394570667640473e-16 0.0,
            -1.0 -1.8394570667640473e-16 0.0,
            -0.905386807047579 0.3791713907357791 0.19105964009095433,
            -0.905386807047579 0.3791713907357791 0.19105964009095433,
            -0.9238795325112863 0.3826834323650909 0.0,
            -0.9238795325112863 0.3826834323650909 0.0,
            -0.6946478906864479 0.7030835000848156 0.15211147186637147,
            -0.6946478906864479 0.7030835000848156 0.15211147186637147,
            -0.7071067811865479 0.7071067811865471 0.0,
            -0.7071067811865479 0.7071067811865471 0.0,
            -0.3766995589593343 0.9221857248655949 0.08758385201599847,
            -0.3766995589593343 0.9221857248655949 0.08758385201599847,
            -0.38268343236509034 0.9238795325112865 0.0,
            -0.38268343236509034 0.9238795325112865 0.0,
            -5.53991786242324e-4 0.9999916658031004 -0.004044924899330617,
            -5.53991786242324e-4 0.9999916658031004 -0.004044924899330617,
            3.678914133528093e-16 1.0 0.0,
            3.678914133528093e-16 1.0 0.0,
            0.36945018239000277 0.9200697437263557 -0.1303005349617251,
            0.36945018239000277 0.9200697437263557 -0.1303005349617251,
            0.3826834323650894 0.9238795325112868 0.0,
            0.3826834323650894 0.9238795325112868 0.0,
            0.6564542554554975 0.6902001556350084 -0.3044528792042844,
            0.6564542554554975 0.6902001556350084 -0.3044528792042844,
            0.7071067811865464 0.7071067811865486 0.0,
            0.7071067811865464 0.7071067811865486 0.0,
            0.7894672545975436 0.35646457848952884 -0.49967435215398015,
            0.7894672545975436 0.35646457848952884 -0.49967435215398015,
            0.9238795325112864 0.3826834323650907 0.0,
            0.9238795325112864 0.3826834323650907 0.0,
            1.0 9.33878203126362e-16 0.0,
            1.0 9.33878203126362e-16 0.0,
            0.870022184604678 9.295485251088718e-16 -0.49301257417605865,
            0.870022184604678 9.295485251088718e-16 -0.49301257417605865,
            0.9238795325112866 -0.38268343236508984 0.0,
            0.9238795325112866 -0.38268343236508984 0.0,
            0.8037956891870186 -0.33294307583829097 -0.49301257417605876,
            0.8037956891870186 -0.33294307583829097 -0.49301257417605876,
            0.7071067811865465 -0.7071067811865485 0.0,
            0.7071067811865465 -0.7071067811865485 0.0,
            0.6151985865167021 -0.6151985865167025 -0.4930125741760582,
            0.6151985865167021 -0.6151985865167025 -0.4930125741760582,
            0.3826834323650897 -0.9238795325112868 0.0,
            0.3826834323650897 -0.9238795325112868 0.0,
            0.3329430758382915 -0.8037956891870188 -0.4930125741760581,
            0.3329430758382915 -0.8037956891870188 -0.4930125741760581,
            1.4149669744338818e-17 -1.0 0.0,
            1.4149669744338818e-17 -1.0 0.0,
            -1.8309289130932326e-16 -0.8700221846046784 -0.493012574176058,
            -1.8309289130932326e-16 -0.8700221846046784 -0.493012574176058,
            -0.3826834323650897 -0.9238795325112868 0.0,
            -0.3826834323650897 -0.9238795325112868 0.0,
            -0.3329430758382917 -0.8037956891870188 -0.493012574176058,
            -0.3329430758382917 -0.8037956891870188 -0.493012574176058,
            -0.7071067811865471 -0.7071067811865479 0.0,
            -0.7071067811865471 -0.7071067811865479 0.0,
            -0.6151985865167028 -0.6151985865167018 -0.4930125741760581,
            -0.6151985865167028 -0.6151985865167018 -0.4930125741760581,
            -0.9238795325112862 -0.38268343236509106 0.0,
            -0.9238795325112862 -0.38268343236509106 0.0,
            -0.803795689187018 -0.3329430758382933 -0.4930125741760581,
            -0.803795689187018 -0.3329430758382933 -0.4930125741760581,
            -1.0 -1.8394570667640473e-16 0.0,
            -1.0 -1.8394570667640473e-16 0.0,
            -0.8700221846046778 -2.253450969960904e-16 -0.49301257417605876,
            -0.8700221846046778 -2.253450969960904e-16 -0.49301257417605876,
            -0.9238795325112863 0.3826834323650909 0.0,
            -0.9238795325112863 0.3826834323650909 0.0,
            -0.8037956891870179 0.3329430758382934 -0.49301257417605826,
            -0.8037956891870179 0.3329430758382934 -0.49301257417605826,
            -0.7071067811865479 0.7071067811865471 0.0,
            -0.7071067811865479 0.7071067811865471 0.0,
            -0.615198586516703 0.6151985865167013 -0.4930125741760584,
            -0.615198586516703 0.6151985865167013 -0.4930125741760584,
            -0.38268343236509034 0.9238795325112865 0.0,
            -0.38268343236509034 0.9238795325112865 0.0,
            -0.3329430758382924 0.8037956891870182 -0.49301257417605865,
            -0.3329430758382924 0.8037956891870182 -0.49301257417605865,
            3.678914133528093e-16 1.0 0.0,
            3.678914133528093e-16 1.0 0.0,
            -8.450441137353382e-17 0.8700221846046781 -0.4930125741760583,
            -8.450441137353382e-17 0.8700221846046781 -0.4930125741760583,
            0.3826834323650894 0.9238795325112868 0.0,
            0.3826834323650894 0.9238795325112868 0.0,
            0.33294307583829136 0.8037956891870186 -0.4930125741760583,
            0.33294307583829136 0.8037956891870186 -0.4930125741760583,
            0.7071067811865464 0.7071067811865486 0.0,
            0.7071067811865464 0.7071067811865486 0.0,
            0.6151985865167021 0.6151985865167021 -0.49301257417605837,
            0.6151985865167021 0.6151985865167021 -0.49301257417605837,
            0.9238795325112864 0.3826834323650907 0.0,
            0.9238795325112864 0.3826834323650907 0.0,
            0.8037956891870185 0.3329430758382914 -0.49301257417605854,
            0.8037956891870185 0.3329430758382914 -0.49301257417605854,
            0.870022184604678 9.295485251088718e-16 -0.49301257417605865,
            0.870022184604678 9.295485251088718e-16 -0.49301257417605865,
            -1.0058545042378107e-16 -1.6921578347987847e-17 -1.0,
            0.8037956891870186 -0.33294307583829097 -0.49301257417605876,
            0.8037956891870186 -0.33294307583829097 -0.49301257417605876,
            -1.0058545042378107e-16 -1.6921578347987847e-17 -1.0,
            0.6151985865167021 -0.6151985865167025 -0.4930125741760582,
            0.6151985865167021 -0.6151985865167025 -0.4930125741760582,
            -1.0058545042378107e-16 -1.6921578347987847e-17 -1.0,
            0.3329430758382915 -0.8037956891870188 -0.4930125741760581,
            0.3329430758382915 -0.8037956891870188 -0.4930125741760581,
            -1.0058545042378107e-16 -1.6921578347987847e-17 -1.0,
            -1.8309289130932326e-16 -0.8700221846046784 -0.493012574176058,
            -1.8309289130932326e-16 -0.8700221846046784 -0.493012574176058,
            -1.0058545042378107e-16 -1.6921578347987847e-17 -1.0,
            -0.3329430758382917 -0.8037956891870188 -0.493012574176058,
            -0.3329430758382917 -0.8037956891870188 -0.493012574176058,
            -1.0058545042378107e-16 -1.6921578347987847e-17 -1.0,
            -0.6151985865167028 -0.6151985865167018 -0.4930125741760581,
            -0.6151985865167028 -0.6151985865167018 -0.4930125741760581,
            -1.0058545042378107e-16 -1.6921578347987847e-17 -1.0,
            -0.803795689187018 -0.3329430758382933 -0.4930125741760581,
            -0.803795689187018 -0.3329430758382933 -0.4930125741760581,
            -1.0058545042378107e-16 -1.6921578347987847e-17 -1.0,
            -0.8700221846046778 -2.253450969960904e-16 -0.49301257417605876,
            -0.8700221846046778 -2.253450969960904e-16 -0.49301257417605876,
            -1.0058545042378107e-16 -1.6921578347987847e-17 -1.0,
            -0.8037956891870179 0.3329430758382934 -0.49301257417605826,
            -0.8037956891870179 0.3329430758382934 -0.49301257417605826,
            -1.0058545042378107e-16 -1.6921578347987847e-17 -1.0,
            -0.615198586516703 0.6151985865167013 -0.4930125741760584,
            -0.615198586516703 0.6151985865167013 -0.4930125741760584,
            -1.0058545042378107e-16 -1.6921578347987847e-17 -1.0,
            -0.3329430758382924 0.8037956891870182 -0.49301257417605865,
            -0.3329430758382924 0.8037956891870182 -0.49301257417605865,
            -1.0058545042378107e-16 -1.6921578347987847e-17 -1.0,
            -8.450441137353382e-17 0.8700221846046781 -0.4930125741760583,
            -8.450441137353382e-17 0.8700221846046781 -0.4930125741760583,
            -1.0058545042378107e-16 -1.6921578347987847e-17 -1.0,
            0.33294307583829136 0.8037956891870186 -0.4930125741760583,
            0.33294307583829136 0.8037956891870186 -0.4930125741760583,
            -1.0058545042378107e-16 -1.6921578347987847e-17 -1.0,
            0.6151985865167021 0.6151985865167021 -0.49301257417605837,
            0.6151985865167021 0.6151985865167021 -0.49301257417605837,
            -1.0058545042378107e-16 -1.6921578347987847e-17 -1.0,
            0.8037956891870185 0.3329430758382914 -0.49301257417605854,
            0.8037956891870185 0.3329430758382914 -0.49301257417605854,
            -1.0058545042378107e-16 -1.6921578347987847e-17 -1.0 ]
        }
        normalIndex [
          291, 295, 359, 355, -1,
          293, 352, 490, 487, -1,
          290, 354, 414, 350, -1,
          292, 486, 482, 296, -1,
          294, 299, 363, 358, -1,
          297, 483, 543, 301, -1,
          298, 303, 367, 362, -1,
          300, 542, 539, 305, -1,
          302, 307, 371, 366, -1,
          304, 538, 535, 309, -1,
          306, 311, 375, 370, -1,
          308, 534, 531, 313, -1,
          310, 315, 379, 374, -1,
          312, 530, 527, 317, -1,
          314, 319, 383, 378, -1,
          316, 526, 523, 321, -1,
          318, 323, 387, 382, -1,
          320, 522, 519, 325, -1,
          322, 327, 391, 386, -1,
          324, 518, 515, 329, -1,
          326, 331, 395, 390, -1,
          328, 514, 511, 333, -1,
          330, 335, 399, 394, -1,
          332, 510, 507, 337, -1,
          334, 339, 403, 398, -1,
          336, 506, 503, 341, -1,
          338, 343, 407, 402, -1,
          340, 502, 499, 345, -1,
          342, 347, 411, 406, -1,
          344, 498, 495, 349, -1,
          346, 351, 415, 410, -1,
          348, 494, 491, 353, -1,
          356, 360, 422, 418, -1,
          357, 419, 479, 417, -1,
          361, 364, 426, 423, -1,
          365, 368, 430, 427, -1,
          369, 372, 434, 431, -1,
          373, 376, 438, 435, -1,
          377, 380, 442, 439, -1,
          381, 384, 446, 443, -1,
          385, 388, 450, 447, -1,
          389, 392, 454, 451, -1,
          393, 396, 458, 455, -1,
          397, 400, 462, 459, -1,
          401, 404, 466, 463, -1,
          405, 408, 470, 467, -1,
          409, 412, 474, 471, -1,
          413, 416, 478, 475, -1,
          420, 424, 549, 546, -1,
          421, 547, 592, 481, -1,
          425, 428, 552, 550, -1,
          429, 432, 555, 553, -1,
          433, 436, 558, 556, -1,
          437, 440, 561, 559, -1,
          441, 444, 564, 562, -1,
          445, 448, 567, 565, -1,
          449, 452, 570, 568, -1,
          453, 456, 573, 571, -1,
          457, 460, 576, 574, -1,
          461, 464, 579, 577, -1,
          465, 468, 582, 580, -1,
          469, 472, 585, 583, -1,
          473, 476, 588, 586, -1,
          477, 480, 591, 589, -1,
          484, 488, 597, 594, -1,
          485, 595, 640, 545, -1,
          489, 492, 600, 598, -1,
          493, 496, 603, 601, -1,
          497, 500, 606, 604, -1,
          501, 504, 609, 607, -1,
          505, 508, 612, 610, -1,
          509, 512, 615, 613, -1,
          513, 516, 618, 616, -1,
          517, 520, 621, 619, -1,
          521, 524, 624, 622, -1,
          525, 528, 627, 625, -1,
          529, 532, 630, 628, -1,
          533, 536, 633, 631, -1,
          537, 540, 636, 634, -1,
          541, 544, 639, 637, -1,
          548, 551, 554, 557, 560, 563, 566, 569, 572, 575, 578, 581, 584, 587, 590, 593, -1,
          596, 599, 602, 605, 608, 611, 614, 617, 620, 623, 626, 629, 632, 635, 638, 641, -1,
          643, 647, 711, 707, -1,
          645, 705, 128, 113, -1,
          642, 706, 766, 702, -1,
          644, 113, 114, 648, -1,
          646, 651, 715, 710, -1,
          649, 114, 115, 652, -1,
          650, 655, 719, 714, -1,
          653, 115, 116, 656, -1,
          654, 659, 723, 718, -1,
          657, 116, 117, 660, -1,
          658, 663, 727, 722, -1,
          661, 117, 118, 664, -1,
          662, 667, 731, 726, -1,
          665, 118, 119, 668, -1,
          666, 671, 735, 730, -1,
          669, 119, 120, 672, -1,
          670, 675, 739, 734, -1,
          673, 120, 121, 676, -1,
          674, 679, 743, 738, -1,
          677, 121, 122, 680, -1,
          678, 683, 747, 742, -1,
          681, 122, 123, 684, -1,
          682, 687, 751, 746, -1,
          685, 123, 124, 688, -1,
          686, 691, 755, 750, -1,
          689, 124, 125, 692, -1,
          690, 695, 759, 754, -1,
          693, 125, 126, 696, -1,
          694, 699, 763, 758, -1,
          697, 126, 127, 700, -1,
          698, 703, 767, 762, -1,
          701, 127, 128, 704, -1,
          0, 1, 112, -1,
          0, 15, 31, 16, -1,
          0, 16, 17, 1, -1,
          0, 112, 15, -1,
          1, 2, 112, -1,
          1, 17, 18, 2, -1,
          2, 3, 112, -1,
          2, 18, 19, 3, -1,
          3, 4, 112, -1,
          3, 19, 20, 4, -1,
          4, 5, 112, -1,
          4, 20, 21, 5, -1,
          5, 6, 112, -1,
          5, 21, 22, 6, -1,
          6, 7, 112, -1,
          6, 22, 23, 7, -1,
          7, 8, 112, -1,
          7, 23, 24, 8, -1,
          8, 9, 112, -1,
          8, 24, 25, 9, -1,
          9, 10, 112, -1,
          9, 25, 26, 10, -1,
          10, 11, 112, -1,
          10, 26, 27, 11, -1,
          11, 12, 112, -1,
          11, 27, 28, 12, -1,
          12, 13, 112, -1,
          12, 28, 29, 13, -1,
          13, 14, 112, -1,
          13, 29, 30, 14, -1,
          14, 15, 112, -1,
          14, 30, 31, 15, -1,
          16, 31, 47, 32, -1,
          16, 32, 33, 17, -1,
          17, 33, 34, 18, -1,
          18, 34, 35, 19, -1,
          19, 35, 36, 20, -1,
          20, 36, 37, 21, -1,
          21, 37, 38, 22, -1,
          22, 38, 39, 23, -1,
          23, 39, 40, 24, -1,
          24, 40, 41, 25, -1,
          25, 41, 42, 26, -1,
          26, 42, 43, 27, -1,
          27, 43, 44, 28, -1,
          28, 44, 45, 29, -1,
          29, 45, 46, 30, -1,
          30, 46, 47, 31, -1,
          32, 47, 63, 48, -1,
          32, 48, 49, 33, -1,
          33, 49, 50, 34, -1,
          34, 50, 51, 35, -1,
          35, 51, 52, 36, -1,
          36, 52, 53, 37, -1,
          37, 53, 54, 38, -1,
          38, 54, 55, 39, -1,
          39, 55, 56, 40, -1,
          40, 56, 57, 41, -1,
          41, 57, 58, 42, -1,
          42, 58, 59, 43, -1,
          43, 59, 60, 44, -1,
          44, 60, 61, 45, -1,
          45, 61, 62, 46, -1,
          46, 62, 63, 47, -1,
          48, 63, 79, 64, -1,
          48, 64, 65, 49, -1,
          49, 65, 66, 50, -1,
          50, 66, 67, 51, -1,
          51, 67, 68, 52, -1,
          52, 68, 69, 53, -1,
          53, 69, 70, 54, -1,
          54, 70, 71, 55, -1,
          55, 71, 72, 56, -1,
          56, 72, 73, 57, -1,
          57, 73, 74, 58, -1,
          58, 74, 75, 59, -1,
          59, 75, 76, 60, -1,
          60, 76, 77, 61, -1,
          61, 77, 78, 62, -1,
          62, 78, 79, 63, -1,
          64, 79, 95, 80, -1,
          64, 80, 81, 65, -1,
          65, 81, 82, 66, -1,
          66, 82, 83, 67, -1,
          67, 83, 84, 68, -1,
          68, 84, 85, 69, -1,
          69, 85, 86, 70, -1,
          70, 86, 87, 71, -1,
          71, 87, 88, 72, -1,
          72, 88, 89, 73, -1,
          73, 89, 90, 74, -1,
          74, 90, 91, 75, -1,
          75, 91, 92, 76, -1,
          76, 92, 93, 77, -1,
          77, 93, 94, 78, -1,
          78, 94, 95, 79, -1,
          80, 95, 111, 96, -1,
          80, 96, 97, 81, -1,
          81, 97, 98, 82, -1,
          82, 98, 99, 83, -1,
          83, 99, 100, 84, -1,
          84, 100, 101, 85, -1,
          85, 101, 102, 86, -1,
          86, 102, 103, 87, -1,
          87, 103, 104, 88, -1,
          88, 104, 105, 89, -1,
          89, 105, 106, 90, -1,
          90, 106, 107, 91, -1,
          91, 107, 108, 92, -1,
          92, 108, 109, 93, -1,
          93, 109, 110, 94, -1,
          94, 110, 111, 95, -1,
          96, 111, 769, 709, -1,
          96, 708, 712, 97, -1,
          97, 713, 716, 98, -1,
          98, 717, 720, 99, -1,
          99, 721, 724, 100, -1,
          100, 725, 728, 101, -1,
          101, 729, 732, 102, -1,
          102, 733, 736, 103, -1,
          103, 737, 740, 104, -1,
          104, 741, 744, 105, -1,
          105, 745, 748, 106, -1,
          106, 749, 752, 107, -1,
          107, 753, 756, 108, -1,
          108, 757, 760, 109, -1,
          109, 761, 764, 110, -1,
          110, 765, 768, 111, -1,
          113, 128, 144, 129, -1,
          113, 129, 130, 114, -1,
          114, 130, 131, 115, -1,
          115, 131, 132, 116, -1,
          116, 132, 133, 117, -1,
          117, 133, 134, 118, -1,
          118, 134, 135, 119, -1,
          119, 135, 136, 120, -1,
          120, 136, 137, 121, -1,
          121, 137, 138, 122, -1,
          122, 138, 139, 123, -1,
          123, 139, 140, 124, -1,
          124, 140, 141, 125, -1,
          125, 141, 142, 126, -1,
          126, 142, 143, 127, -1,
          127, 143, 144, 128, -1,
          129, 144, 831, 771, -1,
          129, 770, 774, 130, -1,
          130, 775, 778, 131, -1,
          131, 779, 782, 132, -1,
          132, 783, 786, 133, -1,
          133, 787, 790, 134, -1,
          134, 791, 794, 135, -1,
          135, 795, 798, 136, -1,
          136, 799, 802, 137, -1,
          137, 803, 806, 138, -1,
          138, 807, 810, 139, -1,
          139, 811, 814, 140, -1,
          140, 815, 818, 141, -1,
          141, 819, 822, 142, -1,
          142, 823, 826, 143, -1,
          143, 827, 830, 144, -1,
          773, 833, 895, 835, -1,
          772, 834, 838, 776, -1,
          777, 839, 842, 780, -1,
          781, 843, 846, 784, -1,
          785, 847, 850, 788, -1,
          789, 851, 854, 792, -1,
          793, 855, 858, 796, -1,
          797, 859, 862, 800, -1,
          801, 863, 866, 804, -1,
          805, 867, 870, 808, -1,
          809, 871, 874, 812, -1,
          813, 875, 878, 816, -1,
          817, 879, 882, 820, -1,
          821, 883, 886, 824, -1,
          825, 887, 890, 828, -1,
          829, 891, 894, 832, -1,
          837, 897, 944, 899, -1,
          836, 898, 901, 840, -1,
          841, 902, 904, 844, -1,
          845, 905, 907, 848, -1,
          849, 908, 910, 852, -1,
          853, 911, 913, 856, -1,
          857, 914, 916, 860, -1,
          861, 917, 919, 864, -1,
          865, 920, 922, 868, -1,
          869, 923, 925, 872, -1,
          873, 926, 928, 876, -1,
          877, 929, 931, 880, -1,
          881, 932, 934, 884, -1,
          885, 935, 937, 888, -1,
          889, 938, 940, 892, -1,
          893, 941, 943, 896, -1,
          900, 945, 942, 939, 936, 933, 930, 927, 924, 921, 918, 915, 912, 909, 906, 903, -1,
          948, 952, 259, 258, -1,
          946, 1006, 1070, 1010, -1,
          947, 1011, 1015, 951, -1,
          949, 258, 273, 1009, -1,
          953, 956, 260, 259, -1,
          950, 1014, 1019, 955, -1,
          957, 960, 261, 260, -1,
          954, 1018, 1023, 959, -1,
          961, 964, 262, 261, -1,
          958, 1022, 1027, 963, -1,
          965, 968, 263, 262, -1,
          962, 1026, 1031, 967, -1,
          969, 972, 264, 263, -1,
          966, 1030, 1035, 971, -1,
          973, 976, 265, 264, -1,
          970, 1034, 1039, 975, -1,
          977, 980, 266, 265, -1,
          974, 1038, 1043, 979, -1,
          981, 984, 267, 266, -1,
          978, 1042, 1047, 983, -1,
          985, 988, 268, 267, -1,
          982, 1046, 1051, 987, -1,
          989, 992, 269, 268, -1,
          986, 1050, 1055, 991, -1,
          993, 996, 270, 269, -1,
          990, 1054, 1059, 995, -1,
          997, 1000, 271, 270, -1,
          994, 1058, 1063, 999, -1,
          1001, 1004, 272, 271, -1,
          998, 1062, 1067, 1003, -1,
          1005, 1008, 273, 272, -1,
          1002, 1066, 1071, 1007, -1,
          145, 146, 162, 161, -1,
          145, 160, 257, -1,
          145, 161, 176, 160, -1,
          145, 257, 146, -1,
          146, 147, 163, 162, -1,
          146, 257, 147, -1,
          147, 148, 164, 163, -1,
          147, 257, 148, -1,
          148, 149, 165, 164, -1,
          148, 257, 149, -1,
          149, 150, 166, 165, -1,
          149, 257, 150, -1,
          150, 151, 167, 166, -1,
          150, 257, 151, -1,
          151, 152, 168, 167, -1,
          151, 257, 152, -1,
          152, 153, 169, 168, -1,
          152, 257, 153, -1,
          153, 154, 170, 169, -1,
          153, 257, 154, -1,
          154, 155, 171, 170, -1,
          154, 257, 155, -1,
          155, 156, 172, 171, -1,
          155, 257, 156, -1,
          156, 157, 173, 172, -1,
          156, 257, 157, -1,
          157, 158, 174, 173, -1,
          157, 257, 158, -1,
          158, 159, 175, 174, -1,
          158, 257, 159, -1,
          159, 160, 176, 175, -1,
          159, 257, 160, -1,
          161, 162, 178, 177, -1,
          161, 177, 192, 176, -1,
          162, 163, 179, 178, -1,
          163, 164, 180, 179, -1,
          164, 165, 181, 180, -1,
          165, 166, 182, 181, -1,
          166, 167, 183, 182, -1,
          167, 168, 184, 183, -1,
          168, 169, 185, 184, -1,
          169, 170, 186, 185, -1,
          170, 171, 187, 186, -1,
          171, 172, 188, 187, -1,
          172, 173, 189, 188, -1,
          173, 174, 190, 189, -1,
          174, 175, 191, 190, -1,
          175, 176, 192, 191, -1,
          177, 178, 194, 193, -1,
          177, 193, 208, 192, -1,
          178, 179, 195, 194, -1,
          179, 180, 196, 195, -1,
          180, 181, 197, 196, -1,
          181, 182, 198, 197, -1,
          182, 183, 199, 198, -1,
          183, 184, 200, 199, -1,
          184, 185, 201, 200, -1,
          185, 186, 202, 201, -1,
          186, 187, 203, 202, -1,
          187, 188, 204, 203, -1,
          188, 189, 205, 204, -1,
          189, 190, 206, 205, -1,
          190, 191, 207, 206, -1,
          191, 192, 208, 207, -1,
          193, 194, 210, 209, -1,
          193, 209, 224, 208, -1,
          194, 195, 211, 210, -1,
          195, 196, 212, 211, -1,
          196, 197, 213, 212, -1,
          197, 198, 214, 213, -1,
          198, 199, 215, 214, -1,
          199, 200, 216, 215, -1,
          200, 201, 217, 216, -1,
          201, 202, 218, 217, -1,
          202, 203, 219, 218, -1,
          203, 204, 220, 219, -1,
          204, 205, 221, 220, -1,
          205, 206, 222, 221, -1,
          206, 207, 223, 222, -1,
          207, 208, 224, 223, -1,
          209, 210, 226, 225, -1,
          209, 225, 240, 224, -1,
          210, 211, 227, 226, -1,
          211, 212, 228, 227, -1,
          212, 213, 229, 228, -1,
          213, 214, 230, 229, -1,
          214, 215, 231, 230, -1,
          215, 216, 232, 231, -1,
          216, 217, 233, 232, -1,
          217, 218, 234, 233, -1,
          218, 219, 235, 234, -1,
          219, 220, 236, 235, -1,
          220, 221, 237, 236, -1,
          221, 222, 238, 237, -1,
          222, 223, 239, 238, -1,
          223, 224, 240, 239, -1,
          225, 226, 242, 241, -1,
          225, 241, 256, 240, -1,
          226, 227, 243, 242, -1,
          227, 228, 244, 243, -1,
          228, 229, 245, 244, -1,
          229, 230, 246, 245, -1,
          230, 231, 247, 246, -1,
          231, 232, 248, 247, -1,
          232, 233, 249, 248, -1,
          233, 234, 250, 249, -1,
          234, 235, 251, 250, -1,
          235, 236, 252, 251, -1,
          236, 237, 253, 252, -1,
          237, 238, 254, 253, -1,
          238, 239, 255, 254, -1,
          239, 240, 256, 255, -1,
          241, 242, 1016, 1012, -1,
          241, 1013, 1073, 256, -1,
          242, 243, 1020, 1017, -1,
          243, 244, 1024, 1021, -1,
          244, 245, 1028, 1025, -1,
          245, 246, 1032, 1029, -1,
          246, 247, 1036, 1033, -1,
          247, 248, 1040, 1037, -1,
          248, 249, 1044, 1041, -1,
          249, 250, 1048, 1045, -1,
          250, 251, 1052, 1049, -1,
          251, 252, 1056, 1053, -1,
          252, 253, 1060, 1057, -1,
          253, 254, 1064, 1061, -1,
          254, 255, 1068, 1065, -1,
          255, 256, 1072, 1069, -1,
          258, 259, 275, 274, -1,
          258, 274, 289, 273, -1,
          259, 260, 276, 275, -1,
          260, 261, 277, 276, -1,
          261, 262, 278, 277, -1,
          262, 263, 279, 278, -1,
          263, 264, 280, 279, -1,
          264, 265, 281, 280, -1,
          265, 266, 282, 281, -1,
          266, 267, 283, 282, -1,
          267, 268, 284, 283, -1,
          268, 269, 285, 284, -1,
          269, 270, 286, 285, -1,
          270, 271, 287, 286, -1,
          271, 272, 288, 287, -1,
          272, 273, 289, 288, -1,
          274, 275, 1078, 1074, -1,
          274, 1075, 1135, 289, -1,
          275, 276, 1082, 1079, -1,
          276, 277, 1086, 1083, -1,
          277, 278, 1090, 1087, -1,
          278, 279, 1094, 1091, -1,
          279, 280, 1098, 1095, -1,
          280, 281, 1102, 1099, -1,
          281, 282, 1106, 1103, -1,
          282, 283, 1110, 1107, -1,
          283, 284, 1114, 1111, -1,
          284, 285, 1118, 1115, -1,
          285, 286, 1122, 1119, -1,
          286, 287, 1126, 1123, -1,
          287, 288, 1130, 1127, -1,
          288, 289, 1134, 1131, -1,
          1076, 1080, 1142, 1138, -1,
          1077, 1139, 1199, 1137, -1,
          1081, 1084, 1146, 1143, -1,
          1085, 1088, 1150, 1147, -1,
          1089, 1092, 1154, 1151, -1,
          1093, 1096, 1158, 1155, -1,
          1097, 1100, 1162, 1159, -1,
          1101, 1104, 1166, 1163, -1,
          1105, 1108, 1170, 1167, -1,
          1109, 1112, 1174, 1171, -1,
          1113, 1116, 1178, 1175, -1,
          1117, 1120, 1182, 1179, -1,
          1121, 1124, 1186, 1183, -1,
          1125, 1128, 1190, 1187, -1,
          1129, 1132, 1194, 1191, -1,
          1133, 1136, 1198, 1195, -1,
          1140, 1144, 1205, 1202, -1,
          1141, 1203, 1248, 1201, -1,
          1145, 1148, 1208, 1206, -1,
          1149, 1152, 1211, 1209, -1,
          1153, 1156, 1214, 1212, -1,
          1157, 1160, 1217, 1215, -1,
          1161, 1164, 1220, 1218, -1,
          1165, 1168, 1223, 1221, -1,
          1169, 1172, 1226, 1224, -1,
          1173, 1176, 1229, 1227, -1,
          1177, 1180, 1232, 1230, -1,
          1181, 1184, 1235, 1233, -1,
          1185, 1188, 1238, 1236, -1,
          1189, 1192, 1241, 1239, -1,
          1193, 1196, 1244, 1242, -1,
          1197, 1200, 1247, 1245, -1,
          1204, 1207, 1210, 1213, 1216, 1219, 1222, 1225, 1228, 1231, 1234, 1237, 1240, 1243, 1246, 1249, -1 ]
      }
    }

  ]
}

