#VRML V2.0 utf8
#Exported from Wings 3D 2.4.1
DEF Cylinder7_copy8 Transform {
  children [
    Shape {
      appearance Appearance {
        material DEF pins Material {
          diffuseColor 0.6 0.6 0.6
          emissiveColor 0.0 0.0 0.0
          specularColor 0.5999999905136262 0.5999999905136262 0.5999999905136262
          ambientIntensity 1.0
          transparency 0.0
          shininess 0.5
        }
      }
      geometry IndexedFaceSet {
        normalPerVertex TRUE
        coord Coordinate {
          point [
            1.57730033465 -1.22000044094 1.0,
            1.5651210598518055 -1.2812297901184144 1.0,
            1.530437419639848 -1.3331375259298477 1.0,
            1.478529683828414 -1.3678211661418058 1.0,
            1.41730033465 -1.38000044094 1.0,
            1.3560709854715858 -1.3678211661418058 1.0,
            1.3041632496601523 -1.3331375259298477 1.0,
            1.2694796094481942 -1.2812297901184144 1.0,
            1.25730033465 -1.22000044094 1.0,
            1.2694796094481942 -1.1587710917615857 1.0,
            1.3041632496601523 -1.1068633559501524 1.0,
            1.3560709854715858 -1.072179715738194 1.0,
            1.41730033465 -1.06000044094 1.0,
            1.478529683828414 -1.072179715738194 1.0,
            1.530437419639848 -1.1068633559501524 1.0,
            1.5651210598518055 -1.1587710917615854 1.0,
            1.57730033465 -1.22000044094 -1.0,
            1.5651210598518055 -1.2812297901184144 -1.0,
            1.530437419639848 -1.3331375259298477 -1.0,
            1.478529683828414 -1.367821166141806 -1.0,
            1.41730033465 -1.3800004409400002 -1.0,
            1.3560709854715858 -1.367821166141806 -1.0,
            1.3041632496601523 -1.3331375259298477 -1.0,
            1.2694796094481942 -1.2812297901184144 -1.0,
            1.25730033465 -1.22000044094 -1.0,
            1.2694796094481942 -1.1587710917615857 -1.0,
            1.3041632496601523 -1.1068633559501524 -1.0,
            1.3560709854715858 -1.0721797157381943 -1.0,
            1.41730033465 -1.0600004409400001 -1.0,
            1.478529683828414 -1.0721797157381943 -1.0,
            1.530437419639848 -1.1068633559501524 -1.0,
            1.5651210598518055 -1.1587710917615857 -1.0 ]
        }
        coordIndex [
          0, 1, 17, 16, -1,
          0, 15, 14, 13, 12, 11, 10, 9, 8, 7, 6, 5, 4, 3, 2, 1, -1,
          0, 16, 31, 15, -1,
          1, 2, 18, 17, -1,
          2, 3, 19, 18, -1,
          3, 4, 20, 19, -1,
          4, 5, 21, 20, -1,
          5, 6, 22, 21, -1,
          6, 7, 23, 22, -1,
          7, 8, 24, 23, -1,
          8, 9, 25, 24, -1,
          9, 10, 26, 25, -1,
          10, 11, 27, 26, -1,
          11, 12, 28, 27, -1,
          12, 13, 29, 28, -1,
          13, 14, 30, 29, -1,
          14, 15, 31, 30, -1,
          16, 17, 18, 19, 20, 21, 22, 23, 24, 25, 26, 27, 28, 29, 30, 31, -1 ]
        normal Normal {
          vector [
            0.0 0.0 1.0,
            1.0 -1.8394570667640493e-16 -5.533509394562759e-18,
            1.0 -1.8394570667640493e-16 -5.533509394562759e-18,
            0.0 0.0 1.0,
            0.9238795325112875 -0.38268343236508806 0.0,
            0.9238795325112875 -0.38268343236508806 0.0,
            0.0 0.0 1.0,
            0.7071067811865491 -0.707106781186546 2.346207983294598e-17,
            0.7071067811865491 -0.707106781186546 2.346207983294598e-17,
            0.0 0.0 1.0,
            0.3826834323650872 -0.9238795325112878 7.901851415435628e-17,
            0.3826834323650872 -0.9238795325112878 7.901851415435628e-17,
            0.0 0.0 1.0,
            0.0 -1.0 1.111128686428208e-16,
            0.0 -1.0 1.111128686428208e-16,
            0.0 0.0 1.0,
            -0.382683432365089 -0.9238795325112871 7.901851415435643e-17,
            -0.382683432365089 -0.9238795325112871 7.901851415435643e-17,
            0.0 0.0 1.0,
            -0.7071067811865474 -0.7071067811865476 2.3462079832946086e-17,
            -0.7071067811865474 -0.7071067811865476 2.3462079832946086e-17,
            0.0 0.0 1.0,
            -0.9238795325112871 -0.3826834323650889 0.0,
            -0.9238795325112871 -0.3826834323650889 0.0,
            0.0 0.0 1.0,
            -1.0 0.0 0.0,
            -1.0 0.0 0.0,
            0.0 0.0 1.0,
            -0.9238795325112871 0.3826834323650889 0.0,
            -0.9238795325112871 0.3826834323650889 0.0,
            0.0 0.0 1.0,
            -0.7071067811865474 0.7071067811865476 -2.3462079832946086e-17,
            -0.7071067811865474 0.7071067811865476 -2.3462079832946086e-17,
            0.0 0.0 1.0,
            -0.382683432365089 0.9238795325112871 -7.901851415435643e-17,
            -0.382683432365089 0.9238795325112871 -7.901851415435643e-17,
            0.0 0.0 1.0,
            0.0 1.0 -1.111128686428208e-16,
            0.0 1.0 -1.111128686428208e-16,
            0.0 0.0 1.0,
            0.3826834323650872 0.9238795325112878 -7.901851415435628e-17,
            0.3826834323650872 0.9238795325112878 -7.901851415435628e-17,
            0.0 0.0 1.0,
            0.7071067811865487 0.7071067811865464 -3.9398586889286917e-17,
            0.7071067811865487 0.7071067811865464 -3.9398586889286917e-17,
            0.0 0.0 1.0,
            0.9238795325112873 0.3826834323650884 -2.147001645090363e-17,
            0.9238795325112873 0.3826834323650884 -2.147001645090363e-17,
            0.0 0.0 -1.0,
            1.0 -1.8394570667640493e-16 -5.533509394562759e-18,
            1.0 -1.8394570667640493e-16 -5.533509394562759e-18,
            0.0 0.0 -1.0,
            0.9238795325112875 -0.38268343236508806 0.0,
            0.9238795325112875 -0.38268343236508806 0.0,
            0.0 0.0 -1.0,
            0.7071067811865491 -0.707106781186546 2.346207983294598e-17,
            0.7071067811865491 -0.707106781186546 2.346207983294598e-17,
            0.0 0.0 -1.0,
            0.3826834323650872 -0.9238795325112878 7.901851415435628e-17,
            0.3826834323650872 -0.9238795325112878 7.901851415435628e-17,
            0.0 0.0 -1.0,
            0.0 -1.0 1.111128686428208e-16,
            0.0 -1.0 1.111128686428208e-16,
            0.0 0.0 -1.0,
            -0.382683432365089 -0.9238795325112871 7.901851415435643e-17,
            -0.382683432365089 -0.9238795325112871 7.901851415435643e-17,
            0.0 0.0 -1.0,
            -0.7071067811865474 -0.7071067811865476 2.3462079832946086e-17,
            -0.7071067811865474 -0.7071067811865476 2.3462079832946086e-17,
            0.0 0.0 -1.0,
            -0.9238795325112871 -0.3826834323650889 0.0,
            -0.9238795325112871 -0.3826834323650889 0.0,
            0.0 0.0 -1.0,
            -1.0 0.0 0.0,
            -1.0 0.0 0.0,
            0.0 0.0 -1.0,
            -0.9238795325112871 0.3826834323650889 0.0,
            -0.9238795325112871 0.3826834323650889 0.0,
            0.0 0.0 -1.0,
            -0.7071067811865474 0.7071067811865476 -2.3462079832946086e-17,
            -0.7071067811865474 0.7071067811865476 -2.3462079832946086e-17,
            0.0 0.0 -1.0,
            -0.382683432365089 0.9238795325112871 -7.901851415435643e-17,
            -0.382683432365089 0.9238795325112871 -7.901851415435643e-17,
            0.0 0.0 -1.0,
            0.0 1.0 -1.111128686428208e-16,
            0.0 1.0 -1.111128686428208e-16,
            0.0 0.0 -1.0,
            0.3826834323650872 0.9238795325112878 -7.901851415435628e-17,
            0.3826834323650872 0.9238795325112878 -7.901851415435628e-17,
            0.0 0.0 -1.0,
            0.7071067811865487 0.7071067811865464 -3.9398586889286917e-17,
            0.7071067811865487 0.7071067811865464 -3.9398586889286917e-17,
            0.0 0.0 -1.0,
            0.9238795325112873 0.3826834323650884 -2.147001645090363e-17,
            0.9238795325112873 0.3826834323650884 -2.147001645090363e-17 ]
        }
        normalIndex [
          2, 5, 53, 50, -1,
          0, 45, 42, 39, 36, 33, 30, 27, 24, 21, 18, 15, 12, 9, 6, 3, -1,
          1, 49, 94, 46, -1,
          4, 8, 56, 52, -1,
          7, 11, 59, 55, -1,
          10, 14, 62, 58, -1,
          13, 17, 65, 61, -1,
          16, 20, 68, 64, -1,
          19, 23, 71, 67, -1,
          22, 26, 74, 70, -1,
          25, 29, 77, 73, -1,
          28, 32, 80, 76, -1,
          31, 35, 83, 79, -1,
          34, 38, 86, 82, -1,
          37, 41, 89, 85, -1,
          40, 44, 92, 88, -1,
          43, 47, 95, 91, -1,
          48, 51, 54, 57, 60, 63, 66, 69, 72, 75, 78, 81, 84, 87, 90, 93, -1 ]
      }
    }

  ]
}

DEF Cylinder7 Transform {
  children [
    Shape {
      appearance Appearance {
        material USE pins
      }
      geometry IndexedFaceSet {
        normalPerVertex TRUE
        coord Coordinate {
          point [
            -1.25729983465 1.22000044094 1.0,
            -1.269479109448194 1.1587710917615857 1.0,
            -1.3041627496601524 1.1068633559501524 1.0,
            -1.3560704854715855 1.0721797157381943 1.0,
            -1.4172998346500005 1.0600004409400001 1.0,
            -1.4785291838284147 1.0721797157381943 1.0,
            -1.5304369196398477 1.1068633559501524 1.0,
            -1.565120559851806 1.1587710917615857 1.0,
            -1.5772998346499998 1.22000044094 1.0,
            -1.565120559851806 1.2812297901184144 1.0,
            -1.5304369196398477 1.3331375259298477 1.0,
            -1.4785291838284147 1.367821166141806 1.0,
            -1.4172998346500005 1.3800004409400002 1.0,
            -1.3560704854715855 1.367821166141806 1.0,
            -1.3041627496601524 1.3331375259298477 1.0,
            -1.269479109448194 1.2812297901184146 1.0,
            -1.25729983465 1.22000044094 -1.0,
            -1.269479109448194 1.1587710917615857 -1.0,
            -1.3041627496601524 1.1068633559501524 -1.0,
            -1.3560704854715855 1.072179715738194 -1.0,
            -1.4172998346500005 1.06000044094 -1.0,
            -1.4785291838284147 1.072179715738194 -1.0,
            -1.5304369196398477 1.1068633559501524 -1.0,
            -1.565120559851806 1.1587710917615857 -1.0,
            -1.5772998346499998 1.22000044094 -1.0,
            -1.565120559851806 1.2812297901184144 -1.0,
            -1.5304369196398477 1.3331375259298477 -1.0,
            -1.4785291838284147 1.3678211661418058 -1.0,
            -1.4172998346500005 1.38000044094 -1.0,
            -1.3560704854715855 1.3678211661418058 -1.0,
            -1.3041627496601524 1.3331375259298477 -1.0,
            -1.269479109448194 1.2812297901184144 -1.0 ]
        }
        coordIndex [
          0, 1, 17, 16, -1,
          0, 15, 14, 13, 12, 11, 10, 9, 8, 7, 6, 5, 4, 3, 2, 1, -1,
          0, 16, 31, 15, -1,
          1, 2, 18, 17, -1,
          2, 3, 19, 18, -1,
          3, 4, 20, 19, -1,
          4, 5, 21, 20, -1,
          5, 6, 22, 21, -1,
          6, 7, 23, 22, -1,
          7, 8, 24, 23, -1,
          8, 9, 25, 24, -1,
          9, 10, 26, 25, -1,
          10, 11, 27, 26, -1,
          11, 12, 28, 27, -1,
          12, 13, 29, 28, -1,
          13, 14, 30, 29, -1,
          14, 15, 31, 30, -1,
          16, 17, 18, 19, 20, 21, 22, 23, 24, 25, 26, 27, 28, 29, 30, 31, -1 ]
        normal Normal {
          vector [
            0.0 -0.0 1.0,
            1.0 -1.6979603693206584e-16 -5.5335093945627595e-18,
            1.0 -1.6979603693206584e-16 -5.5335093945627595e-18,
            0.0 -0.0 1.0,
            0.9238795325112865 -0.3826834323650902 0.0,
            0.9238795325112865 -0.3826834323650902 0.0,
            0.0 -0.0 1.0,
            0.7071067811865477 -0.7071067811865474 2.3462079832946212e-17,
            0.7071067811865477 -0.7071067811865474 2.3462079832946212e-17,
            0.0 -0.0 1.0,
            0.38268343236508945 -0.9238795325112868 7.901851415435585e-17,
            0.38268343236508945 -0.9238795325112868 7.901851415435585e-17,
            0.0 -0.0 1.0,
            -1.4008173046895432e-15 -1.0 1.1111286864281998e-16,
            -1.4008173046895432e-15 -1.0 1.1111286864281998e-16,
            0.0 -0.0 1.0,
            -0.3826834323650908 -0.9238795325112864 7.901851415435661e-17,
            -0.3826834323650908 -0.9238795325112864 7.901851415435661e-17,
            0.0 -0.0 1.0,
            -0.7071067811865477 -0.7071067811865474 2.3462079832946212e-17,
            -0.7071067811865477 -0.7071067811865474 2.3462079832946212e-17,
            0.0 -0.0 1.0,
            -0.9238795325112878 -0.382683432365087 0.0,
            -0.9238795325112878 -0.382683432365087 0.0,
            0.0 -0.0 1.0,
            -1.0 0.0 0.0,
            -1.0 0.0 0.0,
            0.0 -0.0 1.0,
            -0.9238795325112878 0.382683432365087 0.0,
            -0.9238795325112878 0.382683432365087 0.0,
            0.0 -0.0 1.0,
            -0.7071067811865477 0.7071067811865474 -2.3462079832946212e-17,
            -0.7071067811865477 0.7071067811865474 -2.3462079832946212e-17,
            0.0 -0.0 1.0,
            -0.3826834323650908 0.9238795325112864 -7.901851415435661e-17,
            -0.3826834323650908 0.9238795325112864 -7.901851415435661e-17,
            0.0 -0.0 1.0,
            -1.4008173046895432e-15 1.0 -1.1111286864281998e-16,
            -1.4008173046895432e-15 1.0 -1.1111286864281998e-16,
            0.0 -0.0 1.0,
            0.38268343236508945 0.9238795325112868 -7.901851415435585e-17,
            0.38268343236508945 0.9238795325112868 -7.901851415435585e-17,
            0.0 -0.0 1.0,
            0.7071067811865474 0.7071067811865477 -3.8955906137721963e-17,
            0.7071067811865474 0.7071067811865477 -3.8955906137721963e-17,
            0.0 -0.0 1.0,
            0.9238795325112865 0.38268343236509056 -2.1027335699338525e-17,
            0.9238795325112865 0.38268343236509056 -2.1027335699338525e-17,
            0.0 -0.0 -1.0,
            1.0 -1.6979603693206584e-16 -5.5335093945627595e-18,
            1.0 -1.6979603693206584e-16 -5.5335093945627595e-18,
            0.0 -0.0 -1.0,
            0.9238795325112865 -0.3826834323650902 0.0,
            0.9238795325112865 -0.3826834323650902 0.0,
            0.0 -0.0 -1.0,
            0.7071067811865477 -0.7071067811865474 2.3462079832946212e-17,
            0.7071067811865477 -0.7071067811865474 2.3462079832946212e-17,
            0.0 -0.0 -1.0,
            0.38268343236508945 -0.9238795325112868 7.901851415435585e-17,
            0.38268343236508945 -0.9238795325112868 7.901851415435585e-17,
            0.0 -0.0 -1.0,
            -1.4008173046895432e-15 -1.0 1.1111286864281998e-16,
            -1.4008173046895432e-15 -1.0 1.1111286864281998e-16,
            0.0 -0.0 -1.0,
            -0.3826834323650908 -0.9238795325112864 7.901851415435661e-17,
            -0.3826834323650908 -0.9238795325112864 7.901851415435661e-17,
            0.0 -0.0 -1.0,
            -0.7071067811865477 -0.7071067811865474 2.3462079832946212e-17,
            -0.7071067811865477 -0.7071067811865474 2.3462079832946212e-17,
            0.0 -0.0 -1.0,
            -0.9238795325112878 -0.382683432365087 0.0,
            -0.9238795325112878 -0.382683432365087 0.0,
            0.0 -0.0 -1.0,
            -1.0 0.0 0.0,
            -1.0 0.0 0.0,
            0.0 -0.0 -1.0,
            -0.9238795325112878 0.382683432365087 0.0,
            -0.9238795325112878 0.382683432365087 0.0,
            0.0 -0.0 -1.0,
            -0.7071067811865477 0.7071067811865474 -2.3462079832946212e-17,
            -0.7071067811865477 0.7071067811865474 -2.3462079832946212e-17,
            0.0 -0.0 -1.0,
            -0.3826834323650908 0.9238795325112864 -7.901851415435661e-17,
            -0.3826834323650908 0.9238795325112864 -7.901851415435661e-17,
            0.0 -0.0 -1.0,
            -1.4008173046895432e-15 1.0 -1.1111286864281998e-16,
            -1.4008173046895432e-15 1.0 -1.1111286864281998e-16,
            0.0 -0.0 -1.0,
            0.38268343236508945 0.9238795325112868 -7.901851415435585e-17,
            0.38268343236508945 0.9238795325112868 -7.901851415435585e-17,
            0.0 -0.0 -1.0,
            0.7071067811865474 0.7071067811865477 -3.8955906137721963e-17,
            0.7071067811865474 0.7071067811865477 -3.8955906137721963e-17,
            0.0 -0.0 -1.0,
            0.9238795325112865 0.38268343236509056 -2.1027335699338525e-17,
            0.9238795325112865 0.38268343236509056 -2.1027335699338525e-17 ]
        }
        normalIndex [
          2, 5, 53, 50, -1,
          0, 45, 42, 39, 36, 33, 30, 27, 24, 21, 18, 15, 12, 9, 6, 3, -1,
          1, 49, 94, 46, -1,
          4, 8, 56, 52, -1,
          7, 11, 59, 55, -1,
          10, 14, 62, 58, -1,
          13, 17, 65, 61, -1,
          16, 20, 68, 64, -1,
          19, 23, 71, 67, -1,
          22, 26, 74, 70, -1,
          25, 29, 77, 73, -1,
          28, 32, 80, 76, -1,
          31, 35, 83, 79, -1,
          34, 38, 86, 82, -1,
          37, 41, 89, 85, -1,
          40, 44, 92, 88, -1,
          43, 47, 95, 91, -1,
          48, 51, 54, 57, 60, 63, 66, 69, 72, 75, 78, 81, 84, 87, 90, 93, -1 ]
      }
    }

  ]
}

DEF Cylinder1 Transform {
  children [
    Shape {
      appearance Appearance {
        material DEF body Material {
          diffuseColor 0.1 0.1 1.0
          emissiveColor 0.0 0.0 0.0
          specularColor 0.1 0.1 1.0
          ambientIntensity 1.0
          transparency 0.0
          shininess 0.5
        }
      }
      geometry IndexedFaceSet {
        normalPerVertex TRUE
        coord Coordinate {
          point [
            2.558999999996061 1.0133 2.65,
            2.364207723692744 1.0133 3.6292869034207564,
            1.8094862530535898 1.0133 4.459486253053591,
            0.9792869034207575 1.0133 5.014207723692745,
            2.0799452605238874e-16 1.0133 5.2089999999960614,
            -0.9792869034207573 1.0133 5.014207723692745,
            -1.8094862530535896 1.0133 4.459486253053591,
            -2.364207723692744 1.0133 3.6292869034207573,
            -2.558999999996061 1.0133 2.6500000000000004,
            -2.364207723692744 1.0133 1.670713096579243,
            -1.8094862530535902 1.0133 0.8405137469464108,
            -0.9792869034207587 1.0133 0.28579227630725645,
            -4.187797057502618e-16 1.0133 0.09100000000393882,
            0.979286903420758 1.0133 0.28579227630725645,
            1.8094862530535896 1.0133 0.8405137469464103,
            2.364207723692743 1.0133 1.670713096579241,
            2.558999999996061 -1.0133 2.65,
            2.364207723692744 -1.0133 3.6292869034207564,
            1.8094862530535898 -1.0133 4.459486253053591,
            0.9792869034207575 -1.0133 5.014207723692745,
            2.0799452605238874e-16 -1.0133 5.2089999999960614,
            -0.9792869034207573 -1.0133 5.014207723692745,
            -1.8094862530535896 -1.0133 4.459486253053591,
            -2.364207723692744 -1.0133 3.6292869034207573,
            -2.558999999996061 -1.0133 2.6500000000000004,
            -2.364207723692744 -1.0133 1.670713096579243,
            -1.8094862530535902 -1.0133 0.8405137469464108,
            -0.9792869034207587 -1.0133 0.28579227630725645,
            -4.187797057502618e-16 -1.0133 0.09100000000393882,
            0.979286903420758 -1.0133 0.28579227630725645,
            1.8094862530535896 -1.0133 0.8405137469464103,
            2.364207723692743 -1.0133 1.670713096579241,
            2.4208139999962737 -1.1133000000000002 2.65,
            2.2365405066133355 -1.1133000000000002 3.576405410636036,
            1.711773995388696 -1.1133000000000002 4.361773995388695,
            0.9264054106360367 -1.1133000000000002 4.8865405066133345,
            1.9087242108301816e-16 -1.1133000000000002 5.070813999996274,
            -0.9264054106360364 -1.1133000000000002 4.8865405066133345,
            -1.7117739953886957 -1.1133000000000002 4.361773995388695,
            -2.2365405066133355 -1.1133000000000002 3.576405410636036,
            -2.4208139999962737 -1.1133000000000002 2.6500000000000004,
            -2.2365405066133355 -1.1133000000000002 1.7235945893639641,
            -1.7117739953886963 -1.1133000000000002 0.9382260046113047,
            -0.9264054106360377 -1.1133000000000002 0.4134594933866653,
            -4.020560022022893e-16 -1.1133000000000002 0.22918600000372624,
            0.9264054106360369 -1.1133000000000002 0.4134594933866649,
            1.7117739953886957 -1.1133000000000002 0.9382260046113042,
            2.2365405066133346 -1.1133000000000002 1.7235945893639617,
            2.2365405066133355 1.1133000000000002 3.576405410636036,
            2.4208139999962737 1.1133000000000002 2.65,
            2.2365405066133346 1.1133000000000002 1.7235945893639617,
            1.7117739953886957 1.1133000000000002 0.9382260046113042,
            0.9264054106360369 1.1133000000000002 0.4134594933866649,
            -4.045304744422991e-16 1.1133000000000002 0.22918600000372624,
            -0.9264054106360377 1.1133000000000002 0.4134594933866653,
            -1.7117739953886963 1.1133000000000002 0.9382260046113047,
            -2.2365405066133355 1.1133000000000002 1.7235945893639641,
            -2.4208139999962737 1.1133000000000002 2.6500000000000004,
            -2.2365405066133355 1.1133000000000002 3.576405410636036,
            -1.7117739953886957 1.1133000000000002 4.361773995388695,
            -0.9264054106360364 1.1133000000000002 4.8865405066133345,
            1.8839794884300827e-16 1.1133000000000002 5.070813999996274,
            0.9264054106360367 1.1133000000000002 4.8865405066133345,
            1.711773995388696 1.1133000000000002 4.361773995388695,
            1.6945697999973912 -1.2133 2.65,
            1.565578354629335 -1.2133 3.298483787445225,
            1.198241796772087 -1.2133 3.8482417967720868,
            0.6484837874452257 -1.2133 4.2155783546293355,
            1.1463331518849261e-16 -1.2133 4.344569799997392,
            -0.6484837874452254 -1.2133 4.2155783546293355,
            -1.1982417967720869 -1.2133 3.848241796772087,
            -1.565578354629335 -1.2133 3.2984837874452255,
            -1.6945697999973912 -1.2133 2.6500000000000004,
            -1.565578354629335 -1.2133 2.0015162125547743,
            -1.1982417967720873 -1.2133 1.4517582032279133,
            -0.6484837874452263 -1.2133 1.0844216453706659,
            -3.004165811112226e-16 -1.2133 0.9554302000026087,
            0.6484837874452258 -1.2133 1.0844216453706659,
            1.1982417967720869 -1.2133 1.4517582032279133,
            1.5655783546293343 -1.2133 2.001516212554774,
            1.5655783546293351 1.2133 3.298483787445225,
            1.6945697999973912 1.2133 2.65,
            1.5655783546293345 1.2133 2.001516212554774,
            1.198241796772087 1.2133 1.4517582032279133,
            0.6484837874452257 1.2133 1.0844216453706659,
            -3.4338991567939493e-16 1.2133 0.9554302000026087,
            -0.6484837874452265 1.2133 1.0844216453706659,
            -1.198241796772087 1.2133 1.4517582032279133,
            -1.5655783546293345 1.2133 2.0015162125547743,
            -1.6945697999973917 1.2133 2.6500000000000004,
            -1.5655783546293345 1.2133 3.2984837874452255,
            -1.1982417967720866 1.2133 3.848241796772087,
            -0.6484837874452255 1.2133 4.2155783546293355,
            7.16599806203201e-17 1.2133 4.344569799997392,
            0.6484837874452255 1.2133 4.2155783546293355,
            1.1982417967720873 1.2133 3.8482417967720868,
            1.0585754774163525 -1.2133 1.4033807803140368,
            1.0747230670408603 -1.328105029709527 1.4195283699385446,
            1.1207075117723169 -1.4254320343559643 1.4655128146700012,
            1.1895280967503872 -1.4904638597533861 1.5343333996480717,
            1.2707075117723168 -1.5132999999999999 1.615512814670001,
            1.351886926794246 -1.4904638597533861 1.6966922296919305,
            1.420707511772317 -1.4254320343559643 1.765512814670001,
            1.4666919565037728 -1.328105029709527 1.8114972594014573,
            1.4828395461282813 -1.2133 1.827644849025965,
            1.4666919565037728 -1.0984949702904732 1.8114972594014573,
            1.420707511772317 -1.001167965644036 1.765512814670001,
            1.3518869267942468 -0.9361361402466141 1.6966922296919305,
            1.2707075117723168 -0.9133000000000001 1.615512814670001,
            1.1895280967503872 -0.9361361402466141 1.5343333996480715,
            1.1207075117723169 -1.0011679656440358 1.4655128146700012,
            1.0747230670408603 -1.098494970290473 1.4195283699385448,
            -0.3197871895561002 -1.2133 2.8652750253494945,
            -0.31707509045391913 -1.235697350215103 2.868809501713117,
            -0.3093516856504429 -1.2546849068924415 2.8788748388177305,
            -0.29779279351416216 -1.2673719866505213 2.893938680331666,
            -0.28415815059120736 -1.2718270966048386 2.911707692938491,
            -0.27052350766825256 -1.2673719866505213 2.9294767055453153,
            -0.25896461553197175 -1.2546849068924415 2.944540547059251,
            -0.25124121072849576 -1.235697350215103 2.9546058841638647,
            -0.2485291116263143 -1.2133 2.9581403605274876,
            -0.25124121072849576 -1.1909026497848976 2.9546058841638647,
            -0.25896461553197175 -1.1719150931075588 2.944540547059251,
            -0.27052350766825256 -1.1592280133494792 2.9294767055453153,
            -0.28415815059120736 -1.1547729033951617 2.911707692938491,
            -0.29779279351416216 -1.1592280133494792 2.893938680331666,
            -0.3093516856504429 -1.1719150931075588 2.8788748388177305,
            -0.31707509045391913 -1.1909026497848973 2.868809501713117,
            -0.3405031149830141 -1.2133 2.81023413181455,
            -0.3351831412261856 -1.257233982822018 2.8171672565972985,
            -0.32003313773449565 -1.2944794150219294 2.836911125546301,
            -0.2973595552044301 -1.3193660171779824 2.8664599135926916,
            -0.2706142410396539 -1.328105029709527 2.901315085616838,
            -0.2438689268748776 -1.3193660171779824 2.936170257640983,
            -0.22119534434481206 -1.2944794150219294 2.965719045687374,
            -0.20604534085312198 -1.257233982822018 2.9854629146363774,
            -0.20072536709629354 -1.2133 2.9923960394191256,
            -0.20604534085312198 -1.1693660171779825 2.9854629146363774,
            -0.22119534434481206 -1.1321205849780707 2.965719045687374,
            -0.2438689268748776 -1.1072339828220181 2.936170257640983,
            -0.2706142410396539 -1.0984949702904734 2.901315085616838,
            -0.2973595552044301 -1.1072339828220181 2.8664599135926916,
            -0.32003313773449565 -1.1321205849780707 2.836911125546301,
            -0.3351831412261856 -1.1693660171779823 2.8171672565972985,
            -0.35008304406787466 -1.2133 2.7522093570528368,
            -0.34235963926439844 -1.2770822571075444 2.7622746941574507,
            -0.3203652432224602 -1.3311542437580652 2.790938349139623,
            -0.2874483033597487 -1.3672839901478009 2.833836540364997,
            -0.24862012537755845 -1.3799710699058807 2.8844384070925813,
            -0.20979194739536788 -1.3672839901478009 2.9350402738201655,
            -0.1768750075326564 -1.3311542437580652 2.97793846504554,
            -0.1548806114907181 -1.2770822571075444 3.0066021200277118,
            -0.14715720668724208 -1.2133 3.0166674571323253,
            -0.1548806114907181 -1.1495177428924561 3.0066021200277118,
            -0.1768750075326564 -1.0954457562419349 2.97793846504554,
            -0.20979194739536788 -1.0593160098521992 2.9350402738201655,
            -0.24862012537755845 -1.0466289300941196 2.8844384070925813,
            -0.2874483033597487 -1.0593160098521992 2.833836540364997,
            -0.3203652432224602 -1.0954457562419349 2.790938349139623,
            -0.34235963926439844 -1.149517742892456 2.7622746941574507,
            -0.3481588255084366 -1.2133 2.6934305606177786,
            -0.33832879577357505 -1.2944794150219294 2.7062413047840335,
            -0.31033523948668096 -1.3633 2.742723217613173,
            -0.26843992183021465 -1.4092844447314568 2.797322258586322,
            -0.2190210251353729 -1.4254320343559643 2.8617262186568575,
            -0.16960212844053105 -1.4092844447314568 2.926130178727394,
            -0.12770681078406473 -1.3633 2.9807292197005424,
            -0.09971325449717067 -1.2944794150219299 3.017211132529682,
            -0.08988322476230914 -1.2133 3.030021876695937,
            -0.09971325449717067 -1.1321205849780707 3.017211132529682,
            -0.12770681078406473 -1.0633000000000004 2.9807292197005424,
            -0.16960212844053105 -1.0173155552685438 2.926130178727394,
            -0.2190210251353729 -1.001167965644036 2.8617262186568575,
            -0.26843992183021465 -1.0173155552685438 2.797322258586322,
            -0.31033523948668096 -1.0633000000000004 2.742723217613173,
            -0.33832879577357505 -1.1321205849780707 2.7062413047840335,
            -0.33480440594482513 -1.2133 2.6361565786928463,
            -0.3232455138085443 -1.3087568935429628 2.6512204202067813,
            -0.2903285739458327 -1.3896813403629038 2.6941186114321556,
            -0.24106489205798504 -1.443753327013425 2.7583202916279763,
            -0.18295441713603786 -1.4627408836907636 2.83405133697411,
            -0.12484394221409065 -1.443753327013425 2.9097823823202438,
            -0.07558026032624293 -1.3896813403629038 2.9739840625160645,
            -0.04266332046353144 -1.3087568935429628 3.016882253741439,
            -0.031104428327250577 -1.2133 3.0319460952553743,
            -0.04266332046353144 -1.1178431064570378 3.016882253741439,
            -0.07558026032624293 -1.0369186596370965 2.9739840625160645,
            -0.12484394221409043 -0.9828466729865754 2.9097823823202438,
            -0.18295441713603786 -0.9638591163092366 2.83405133697411,
            -0.24106489205798504 -0.9828466729865754 2.7583202916279763,
            -0.2903285739458327 -1.0369186596370965 2.6941186114321556,
            -0.3232455138085443 -1.1178431064570375 2.6512204202067813,
            -0.31053298823162506 -1.2133 2.5825884182837937,
            -0.2976894354364212 -1.3193660171779824 2.5993264621639294,
            -0.2611140915367831 -1.4092844447314568 2.646992378354331,
            -0.2063752210851131 -1.4693660171779823 2.718329463207615,
            -0.1418063208985812 -1.4904638597533861 2.802477292227155,
            -0.07723742071204925 -1.4693660171779823 2.8866251212466936,
            -0.022498550260379113 -1.4092844447314568 2.957962206099978,
            0.014076793639258789 -1.3193660171779824 3.0056281222903793,
            0.026920346434462727 -1.2133 3.0223661661705146,
            0.014076793639258789 -1.1072339828220181 3.0056281222903793,
            -0.022498550260379113 -1.0173155552685438 2.957962206099978,
            -0.07723742071204909 -0.9572339828220181 2.886625121246694,
            -0.1418063208985812 -0.9361361402466141 2.802477292227155,
            -0.2063752210851131 -0.9572339828220181 2.718329463207615,
            -0.2611140915367831 -1.0173155552685438 2.646992378354331,
            -0.2976894354364212 -1.107233982822018 2.5993264621639294,
            -0.27627730933998684 -1.2133 2.5347846737537734,
            -0.26264266641703204 -1.3258990832553599 2.5525536863605978,
            -0.22381448843484175 -1.4213559767983222 2.6031555530881825,
            -0.16570401351289457 -1.4851382339058665 2.678886598434317,
            -0.0971580346852901 -1.5075355841209694 2.7682174572486873,
            -0.028612055857685448 -1.4851382339058665 2.8575483160630575,
            0.029498419064261705 -1.4213559767983222 2.9332793614091908,
            0.068326597046452 -1.3258990832553599 2.9838812281367755,
            0.08196123996940685 -1.2133 3.0016502407436003,
            0.068326597046452 -1.1007009167446407 2.9838812281367755,
            0.029498419064261927 -1.0052440232016782 2.9332793614091908,
            -0.028612055857685226 -0.9414617660941339 2.857548316063057,
            -0.0971580346852901 -0.919064415879031 2.7682174572486873,
            -0.16570401351289474 -0.9414617660941339 2.6788865984343166,
            -0.22381448843484175 -1.0052440232016782 2.6031555530881825,
            -0.26264266641703204 -1.1007009167446404 2.5525536863605978,
            -0.2333537957989098 -1.2133 2.4945824161964234,
            -0.2194520344293376 -1.328105029709527 2.5126995443404336,
            -0.17986316746935743 -1.4254320343559643 2.5642927602447148,
            -0.12061424103965385 -1.4904638597533861 2.641507464481507,
            -0.05072536709629366 -1.5132999999999999 2.7325884182837945,
            0.01916350684706658 -1.4904638597533861 2.823669372086082,
            0.07841243327677005 -1.4254320343559643 2.900884076322873,
            0.11800130023675032 -1.328105029709527 2.952477292227154,
            0.13190306160632265 -1.2133 2.9705944203711643,
            0.11800130023675032 -1.0984949702904734 2.952477292227154,
            0.07841243327677028 -1.001167965644036 2.900884076322873,
            0.01916350684706658 -0.9361361402466141 2.823669372086082,
            -0.05072536709629366 -0.9133000000000001 2.7325884182837945,
            -0.12061424103965385 -0.9361361402466141 2.641507464481507,
            -0.17986316746935743 -1.001167965644036 2.5642927602447148,
            -0.2194520344293376 -1.0984949702904732 2.5126995443404336,
            -0.2887313691836644 -1.2133 2.9152168469864104,
            1.08161056875564 -1.2133 1.3948021365513465,
            1.1013872463335919 -1.328105029709527 1.4062202066746532,
            1.1577064591822332 -1.4254320343559643 1.438736119373364,
            1.2419941176802944 -1.4904638597533861 1.487399621696583,
            1.341418189890972 -1.5132999999999999 1.5448021365513465,
            1.4408422621016495 -1.4904638597533861 1.60220465140611,
            1.5251299205997098 -1.4254320343559643 1.6508681537293284,
            1.5814491334483518 -1.328105029709527 1.6833840664280393,
            1.601225811026304 -1.2133 1.694802136551346,
            1.5814491334483518 -1.0984949702904732 1.6833840664280393,
            1.5251299205997098 -1.001167965644036 1.6508681537293284,
            1.4408422621016495 -0.9361361402466141 1.60220465140611,
            1.341418189890972 -0.9133000000000001 1.5448021365513465,
            1.2419941176802944 -0.9361361402466141 1.4873996216965828,
            1.1577064591822335 -1.0011679656440358 1.4387361193733643,
            1.1013872463335919 -1.098494970290473 1.4062202066746534,
            1.1016404420042512 -1.2133 1.3805538826421464,
            1.1236984596412147 -1.328105029709527 1.3864643106546022,
            1.1865143793233057 -1.4254320343559643 1.4032957856052366,
            1.2805250467066558 -1.4904638597533861 1.4284858680105161,
            1.3914181898909719 -1.5132999999999999 1.4581995961729024,
            1.5023113330752877 -1.4904638597533861 1.4879133243352887,
            1.596322000458638 -1.4254320343559643 1.5131034067405682,
            1.6591379201407281 -1.328105029709527 1.5299348816912028,
            1.6811959377776924 -1.2133 1.5358453097036586,
            1.6591379201407281 -1.0984949702904732 1.5299348816912028,
            1.596322000458638 -1.001167965644036 1.5131034067405682,
            1.5023113330752877 -0.9361361402466141 1.4879133243352887,
            1.3914181898909719 -0.9133000000000001 1.4581995961729024,
            1.2805250467066558 -0.9361361402466141 1.4284858680105161,
            1.186514379323306 -1.0011679656440358 1.4032957856052366,
            1.1236984596412147 -1.098494970290473 1.3864643106546022,
            1.1173000944012237 -1.2133 1.3616070135439955,
            1.1401362346478374 -1.328105029709527 1.3616070135439955,
            1.2051680600452594 -1.4254320343559643 1.3616070135439955,
            1.3024950646916966 -1.4904638597533861 1.3616070135439955,
            1.4173000944012235 -1.5132999999999999 1.3616070135439955,
            1.5321051241107504 -1.4904638597533861 1.3616070135439955,
            1.6294321287571882 -1.4254320343559643 1.3616070135439955,
            1.69446395415461 -1.328105029709527 1.3616070135439957,
            1.7173000944012242 -1.2133 1.3616070135439955,
            1.69446395415461 -1.0984949702904732 1.3616070135439957,
            1.6294321287571882 -1.001167965644036 1.3616070135439955,
            1.5321051241107513 -0.9361361402466141 1.3616070135439955,
            1.4173000944012235 -0.9133000000000001 1.3616070135439955,
            1.3024950646916966 -0.9361361402466141 1.3616070135439955,
            1.2051680600452597 -1.0011679656440358 1.3616070135439955,
            1.1401362346478376 -1.098494970290473 1.3616070135439957,
            1.1173000944012237 -1.2133 0.4000000135439956,
            1.1401362346478374 -1.328105029709527 0.4000000135439955,
            1.2051680600452594 -1.4254320343559643 0.4000000135439955,
            1.3024950646916966 -1.4904638597533861 0.4000000135439955,
            1.4173000944012235 -1.5132999999999999 0.4000000135439955,
            1.5321051241107504 -1.4904638597533861 0.4000000135439955,
            1.6294321287571882 -1.4254320343559643 0.4000000135439955,
            1.69446395415461 -1.328105029709527 0.4000000135439956,
            1.7173000944012242 -1.2133 0.4000000135439954,
            1.69446395415461 -1.0984949702904732 0.4000000135439956,
            1.6294321287571882 -1.001167965644036 0.4000000135439955,
            1.5321051241107513 -0.9361361402466141 0.4000000135439954,
            1.4173000944012235 -0.9133000000000001 0.4000000135439955,
            1.3024950646916966 -0.9361361402466141 0.4000000135439954,
            1.2051680600452597 -1.0011679656440358 0.4000000135439955,
            1.1401362346478376 -1.098494970290473 0.4000000135439956,
            1.287300095401224 -1.2133 0.10000001354399557,
            1.2971957560986358 -1.2630488458247784 0.10000001354399546,
            1.325376213554079 -1.3052238808471446 0.10000001354399546,
            1.3675512485764452 -1.3334043383025878 0.10000001354399546,
            1.4173000944012235 -1.3432999989999999 0.10000001354399546,
            1.4670489402260019 -1.3334043383025878 0.10000001354399546,
            1.5092239752483685 -1.3052238808471446 0.10000001354399546,
            1.5374044327038117 -1.2630488458247784 0.10000001354399568,
            1.5473000934012242 -1.2133 0.10000001354399546,
            1.5374044327038117 -1.163551154175222 0.10000001354399568,
            1.5092239752483685 -1.121376119152856 0.10000001354399546,
            1.4670489402260019 -1.0931956616974126 0.10000001354399546,
            1.4173000944012235 -1.0833000010000002 0.10000001354399546,
            1.3675512485764452 -1.0931956616974126 0.10000001354399535,
            1.325376213554079 -1.1213761191528557 0.10000001354399546,
            1.2971957560986358 -1.163551154175222 0.10000001354399568,
            -1.0585753830550182 1.2133000000000003 1.4033807803140368,
            -1.0747229726795262 1.0984949702904732 1.4195283699385446,
            -1.1207074174109826 1.001167965644036 1.4655128146700012,
            -1.189528002389053 0.9361361402466141 1.5343333996480717,
            -1.2707074174109825 0.9133000000000001 1.615512814670001,
            -1.3518868324329123 0.9361361402466141 1.6966922296919305,
            -1.4207074174109824 1.001167965644036 1.765512814670001,
            -1.4666918621424392 1.0984949702904732 1.8114972594014573,
            -1.4828394517669468 1.2133 1.827644849025965,
            -1.4666918621424392 1.3281050297095272 1.8114972594014573,
            -1.4207074174109824 1.4254320343559643 1.765512814670001,
            -1.3518868324329123 1.4904638597533861 1.6966922296919305,
            -1.2707074174109825 1.5133 1.615512814670001,
            -1.189528002389053 1.4904638597533861 1.5343333996480715,
            -1.1207074174109826 1.4254320343559646 1.4655128146700012,
            -1.0747229726795262 1.3281050297095274 1.4195283699385448,
            0.3197862839174344 1.2133 2.8652750253494945,
            0.31707418481525335 1.1909026497848973 2.868809501713117,
            0.309350780011777 1.1719150931075586 2.8788748388177305,
            0.29779188787549626 1.159228013349479 2.893938680331667,
            0.2841572449525416 1.1547729033951617 2.911707692938491,
            0.2705226020295868 1.159228013349479 2.9294767055453153,
            0.25896370989330597 1.1719150931075586 2.944540547059251,
            0.2512403050898299 1.1909026497848973 2.954605884163865,
            0.24852820598764852 1.2133 2.9581403605274876,
            0.2512403050898299 1.2356973502151027 2.954605884163865,
            0.25896370989330597 1.2546849068924415 2.944540547059251,
            0.2705226020295868 1.267371986650521 2.9294767055453153,
            0.2841572449525416 1.2718270966048386 2.911707692938491,
            0.29779188787549626 1.267371986650521 2.893938680331667,
            0.309350780011777 1.2546849068924415 2.8788748388177305,
            0.31707418481525335 1.235697350215103 2.868809501713117,
            0.34050220934434833 1.2133 2.81023413181455,
            0.3351822355875198 1.1693660171779823 2.8171672565972985,
            0.32003223209582987 1.1321205849780707 2.8369111255463015,
            0.2973586495657642 1.107233982822018 2.866459913592692,
            0.270613335400988 1.0984949702904732 2.9013150856168384,
            0.2438680212362117 1.107233982822018 2.9361702576409834,
            0.22119443870614616 1.1321205849780707 2.965719045687374,
            0.2060444352144561 1.1693660171779823 2.9854629146363774,
            0.20072446145762776 1.2133 2.9923960394191256,
            0.2060444352144561 1.2572339828220178 2.9854629146363774,
            0.22119443870614616 1.2944794150219296 2.965719045687374,
            0.2438680212362117 1.3193660171779822 2.9361702576409834,
            0.270613335400988 1.328105029709527 2.9013150856168384,
            0.2973586495657642 1.3193660171779822 2.866459913592692,
            0.32003223209582987 1.2944794150219296 2.8369111255463015,
            0.3351822355875198 1.257233982822018 2.8171672565972985,
            0.3500821384292088 1.2133 2.752209357052837,
            0.3423587336257326 1.149517742892456 2.7622746941574516,
            0.3203643375837944 1.0954457562419349 2.790938349139623,
            0.2874473977210828 1.0593160098521992 2.833836540364997,
            0.2486192197388925 1.0466289300941194 2.8844384070925817,
            0.2097910417567021 1.0593160098521992 2.935040273820166,
            0.17687410189399044 1.0954457562419349 2.9779384650455403,
            0.15487970585205216 1.149517742892456 3.006602120027712,
            0.14715630104857602 1.2133 3.0166674571323258,
            0.15487970585205216 1.2770822571075442 3.006602120027712,
            0.17687410189399044 1.3311542437580655 2.9779384650455403,
            0.2097910417567021 1.367283990147801 2.935040273820166,
            0.2486192197388925 1.3799710699058807 2.8844384070925817,
            0.2874473977210828 1.367283990147801 2.833836540364997,
            0.3203643375837944 1.3311542437580655 2.790938349139623,
            0.3423587336257326 1.2770822571075444 2.7622746941574516,
            0.3481579198697708 1.2133 2.693430560617779,
            0.338327890134909 1.1321205849780707 2.7062413047840335,
            0.3103343338480151 1.0633000000000001 2.7427232176131735,
            0.2684390161915488 1.0173155552685436 2.7973222585863224,
            0.219020119496707 1.0011679656440358 2.8617262186568575,
            0.16960122280186501 1.0173155552685436 2.926130178727394,
            0.12770590514539873 1.0633000000000001 2.9807292197005424,
            0.09971234885850466 1.1321205849780704 3.017211132529682,
            0.08988231912364314 1.2133 3.030021876695937,
            0.09971234885850466 1.2944794150219296 3.017211132529682,
            0.12770590514539873 1.3633 2.9807292197005424,
            0.16960122280186501 1.4092844447314565 2.926130178727394,
            0.219020119496707 1.4254320343559643 2.8617262186568575,
            0.2684390161915488 1.4092844447314565 2.7973222585863224,
            0.3103343338480151 1.3633 2.7427232176131735,
            0.338327890134909 1.2944794150219296 2.7062413047840335,
            0.33480350030615935 1.2133 2.6361565786928463,
            0.32324460816987843 1.1178431064570375 2.6512204202067813,
            0.29032766830716694 1.0369186596370963 2.6941186114321556,
            0.2410639864193192 0.9828466729865751 2.7583202916279768,
            0.18295351149737202 0.9638591163092364 2.834051336974111,
            0.12484303657542473 0.9828466729865751 2.9097823823202438,
            0.07557935468757698 1.0369186596370963 2.973984062516065,
            0.04266241482486549 1.1178431064570375 3.0168822537414393,
            0.031103522688584684 1.2133 3.0319460952553743,
            0.04266241482486549 1.3087568935429625 3.0168822537414393,
            0.07557935468757698 1.3896813403629038 2.973984062516065,
            0.12484303657542448 1.4437533270134248 2.909782382320244,
            0.18295351149737202 1.4627408836907636 2.834051336974111,
            0.2410639864193192 1.4437533270134248 2.7583202916279768,
            0.29032766830716694 1.3896813403629038 2.6941186114321556,
            0.32324460816987843 1.3087568935429628 2.6512204202067813,
            0.31053208259295917 1.2133 2.5825884182837937,
            0.2976885297977553 1.107233982822018 2.5993264621639294,
            0.26111318589811733 1.0173155552685436 2.646992378354331,
            0.2063743154464473 0.9572339828220179 2.718329463207615,
            0.14180541525991527 0.9361361402466138 2.802477292227155,
            0.0772365150733833 0.9572339828220179 2.886625121246694,
            0.02249764462171322 1.0173155552685436 2.957962206099978,
            -0.014077699277924682 1.107233982822018 3.0056281222903793,
            -0.026921252073128732 1.2133 3.022366166170515,
            -0.014077699277924682 1.3193660171779822 3.0056281222903793,
            0.02249764462171322 1.4092844447314565 2.957962206099978,
            0.07723651507338314 1.469366017177982 2.8866251212466945,
            0.14180541525991527 1.4904638597533861 2.802477292227155,
            0.2063743154464473 1.469366017177982 2.718329463207615,
            0.26111318589811733 1.4092844447314565 2.646992378354331,
            0.2976885297977553 1.3193660171779824 2.5993264621639294,
            0.2762764037013209 1.2133 2.5347846737537734,
            0.2626417607783662 1.1007009167446404 2.5525536863605978,
            0.22381358279617591 1.005244023201678 2.603155553088183,
            0.1657031078742288 0.9414617660941337 2.678886598434317,
            0.09715712904662421 0.9190644158790308 2.7682174572486873,
            0.028611150219019554 0.9414617660941337 2.8575483160630575,
            -0.029499324702927487 1.005244023201678 2.9332793614091908,
            -0.06832750268511789 1.1007009167446404 2.9838812281367755,
            -0.0819621456080728 1.2133 3.0016502407436008,
            -0.06832750268511789 1.3258990832553597 2.9838812281367755,
            -0.02949932470292771 1.4213559767983222 2.9332793614091908,
            0.028611150219019332 1.4851382339058663 2.8575483160630575,
            0.09715712904662421 1.5075355841209692 2.7682174572486873,
            0.16570310787422896 1.4851382339058663 2.6788865984343166,
            0.22381358279617591 1.4213559767983222 2.603155553088183,
            0.2626417607783662 1.3258990832553599 2.5525536863605978,
            0.23335289016024402 1.2133 2.4945824161964234,
            0.21945112879067166 1.0984949702904732 2.5126995443404345,
            0.17986226183069154 1.001167965644036 2.5642927602447148,
            0.12061333540098795 0.9361361402466141 2.641507464481507,
            0.05072446145762777 0.9133000000000001 2.7325884182837945,
            -0.019164412485732474 0.9361361402466141 2.823669372086082,
            -0.07841333891543606 1.001167965644036 2.900884076322873,
            -0.11800220587541621 1.0984949702904732 2.952477292227154,
            -0.1319039672449886 1.2133 2.9705944203711647,
            -0.11800220587541621 1.328105029709527 2.952477292227154,
            -0.07841333891543617 1.4254320343559643 2.900884076322873,
            -0.019164412485732474 1.4904638597533861 2.823669372086082,
            0.05072446145762777 1.5133 2.7325884182837945,
            0.12061333540098795 1.4904638597533861 2.641507464481507,
            0.17986226183069154 1.4254320343559643 2.5642927602447148,
            0.21945112879067166 1.3281050297095272 2.5126995443404345,
            0.28873046354499843 1.2133 2.9152168469864104,
            -1.081610474394306 1.2133000000000003 1.3948021365513465,
            -1.1013871519722578 1.0984949702904732 1.4062202066746532,
            -1.157706364820899 1.001167965644036 1.438736119373364,
            -1.2419940233189601 0.9361361402466141 1.487399621696583,
            -1.3414180955296375 0.9133000000000001 1.5448021365513465,
            -1.440842167740315 0.9361361402466141 1.60220465140611,
            -1.5251298262383761 1.001167965644036 1.6508681537293284,
            -1.5814490390870173 1.0984949702904732 1.6833840664280393,
            -1.6012257166649695 1.2133 1.694802136551346,
            -1.5814490390870173 1.3281050297095272 1.6833840664280393,
            -1.5251298262383761 1.4254320343559643 1.6508681537293284,
            -1.4408421677403158 1.4904638597533861 1.60220465140611,
            -1.3414180955296375 1.5133 1.5448021365513465,
            -1.2419940233189601 1.4904638597533861 1.4873996216965828,
            -1.1577063648208994 1.4254320343559646 1.4387361193733643,
            -1.1013871519722578 1.3281050297095274 1.4062202066746534,
            -1.1016403476429169 1.2133000000000003 1.3805538826421464,
            -1.1236983652798807 1.0984949702904732 1.3864643106546022,
            -1.1865142849619716 1.001167965644036 1.4032957856052366,
            -1.2805249523453215 0.9361361402466141 1.4284858680105161,
            -1.3914180955296374 0.9133000000000001 1.4581995961729024,
            -1.5023112387139532 0.9361361402466141 1.4879133243352887,
            -1.5963219060973035 1.001167965644036 1.5131034067405682,
            -1.6591378257793945 1.0984949702904732 1.5299348816912028,
            -1.6811958434163579 1.2133 1.5358453097036586,
            -1.6591378257793945 1.3281050297095272 1.5299348816912028,
            -1.5963219060973035 1.4254320343559643 1.5131034067405682,
            -1.5023112387139541 1.4904638597533861 1.4879133243352887,
            -1.3914180955296374 1.5133 1.4581995961729024,
            -1.2805249523453215 1.4904638597533861 1.4284858680105161,
            -1.1865142849619716 1.4254320343559646 1.4032957856052366,
            -1.1236983652798807 1.3281050297095274 1.3864643106546022,
            -1.1173000000398896 1.2133000000000003 1.3616070135439955,
            -1.1401361402865033 1.0984949702904732 1.3616070135439955,
            -1.2051679656839251 1.001167965644036 1.3616070135439955,
            -1.3024949703303625 0.9361361402466141 1.3616070135439955,
            -1.4173000000398899 0.9133000000000001 1.3616070135439955,
            -1.5321050297494168 0.9361361402466141 1.3616070135439955,
            -1.6294320343958537 1.001167965644036 1.3616070135439955,
            -1.6944638597932755 1.0984949702904732 1.3616070135439957,
            -1.7173000000398897 1.2133 1.3616070135439955,
            -1.6944638597932755 1.3281050297095272 1.3616070135439957,
            -1.6294320343958537 1.4254320343559643 1.3616070135439955,
            -1.5321050297494168 1.4904638597533861 1.3616070135439955,
            -1.4173000000398899 1.5133 1.3616070135439955,
            -1.3024949703303625 1.4904638597533861 1.3616070135439955,
            -1.2051679656839256 1.4254320343559646 1.3616070135439955,
            -1.1401361402865033 1.3281050297095274 1.3616070135439957,
            -1.1173000000398896 1.2133000000000003 0.4000000135439955,
            -1.1401361402865033 1.0984949702904732 0.4000000135439955,
            -1.2051679656839251 1.001167965644036 0.4000000135439954,
            -1.3024949703303625 0.9361361402466141 0.4000000135439954,
            -1.4173000000398899 0.9133000000000001 0.4000000135439955,
            -1.5321050297494168 0.9361361402466141 0.4000000135439955,
            -1.6294320343958537 1.001167965644036 0.4000000135439955,
            -1.6944638597932755 1.0984949702904732 0.4000000135439956,
            -1.7173000000398897 1.2133 0.4000000135439954,
            -1.6944638597932755 1.3281050297095272 0.4000000135439956,
            -1.6294320343958537 1.4254320343559643 0.4000000135439955,
            -1.5321050297494168 1.4904638597533861 0.4000000135439954,
            -1.4173000000398899 1.5133 0.4000000135439955,
            -1.3024949703303625 1.4904638597533861 0.4000000135439953,
            -1.2051679656839256 1.4254320343559646 0.4000000135439954,
            -1.1401361402865033 1.3281050297095274 0.4000000135439956,
            -1.2873000010398896 1.2133 0.10000001354399557,
            -1.2971956617373017 1.163551154175222 0.10000001354399546,
            -1.325376119192745 1.1213761191528557 0.10000001354399546,
            -1.3675511542151115 1.0931956616974123 0.10000001354399546,
            -1.4173000000398899 1.0833000010000002 0.10000001354399546,
            -1.4670488458646682 1.0931956616974123 0.10000001354399546,
            -1.509223880887034 1.1213761191528557 0.10000001354399546,
            -1.5374043383424771 1.163551154175222 0.10000001354399568,
            -1.5472999990398897 1.2133 0.10000001354399546,
            -1.5374043383424771 1.2630488458247784 0.10000001354399568,
            -1.509223880887034 1.3052238808471444 0.10000001354399546,
            -1.4670488458646682 1.3334043383025878 0.10000001354399546,
            -1.4173000000398899 1.343299999 0.10000001354399546,
            -1.3675511542151115 1.3334043383025878 0.10000001354399535,
            -1.325376119192745 1.3052238808471446 0.10000001354399546,
            -1.2971956617373017 1.2630488458247784 0.10000001354399568 ]
        }
        coordIndex [
          0, 1, 17, 16, -1,
          0, 15, 50, 49, -1,
          0, 16, 31, 15, -1,
          0, 49, 48, 1, -1,
          1, 2, 18, 17, -1,
          1, 48, 63, 2, -1,
          2, 3, 19, 18, -1,
          2, 63, 62, 3, -1,
          3, 4, 20, 19, -1,
          3, 62, 61, 4, -1,
          4, 5, 21, 20, -1,
          4, 61, 60, 5, -1,
          5, 6, 22, 21, -1,
          5, 60, 59, 6, -1,
          6, 7, 23, 22, -1,
          6, 59, 58, 7, -1,
          7, 8, 24, 23, -1,
          7, 58, 57, 8, -1,
          8, 9, 25, 24, -1,
          8, 57, 56, 9, -1,
          9, 10, 26, 25, -1,
          9, 56, 55, 10, -1,
          10, 11, 27, 26, -1,
          10, 55, 54, 11, -1,
          11, 12, 28, 27, -1,
          11, 54, 53, 12, -1,
          12, 13, 29, 28, -1,
          12, 53, 52, 13, -1,
          13, 14, 30, 29, -1,
          13, 52, 51, 14, -1,
          14, 15, 31, 30, -1,
          14, 51, 50, 15, -1,
          16, 17, 33, 32, -1,
          16, 32, 47, 31, -1,
          17, 18, 34, 33, -1,
          18, 19, 35, 34, -1,
          19, 20, 36, 35, -1,
          20, 21, 37, 36, -1,
          21, 22, 38, 37, -1,
          22, 23, 39, 38, -1,
          23, 24, 40, 39, -1,
          24, 25, 41, 40, -1,
          25, 26, 42, 41, -1,
          26, 27, 43, 42, -1,
          27, 28, 44, 43, -1,
          28, 29, 45, 44, -1,
          29, 30, 46, 45, -1,
          30, 31, 47, 46, -1,
          32, 33, 65, 64, -1,
          32, 64, 79, 47, -1,
          33, 34, 66, 65, -1,
          34, 35, 67, 66, -1,
          35, 36, 68, 67, -1,
          36, 37, 69, 68, -1,
          37, 38, 70, 69, -1,
          38, 39, 71, 70, -1,
          39, 40, 72, 71, -1,
          40, 41, 73, 72, -1,
          41, 42, 74, 73, -1,
          42, 43, 75, 74, -1,
          43, 44, 76, 75, -1,
          44, 45, 77, 76, -1,
          45, 46, 78, 77, -1,
          46, 47, 79, 78, -1,
          48, 49, 81, 80, -1,
          48, 80, 95, 63, -1,
          49, 50, 82, 81, -1,
          50, 51, 83, 82, -1,
          51, 52, 84, 83, -1,
          52, 53, 85, 84, -1,
          53, 54, 86, 85, -1,
          54, 55, 87, 86, -1,
          55, 56, 88, 87, -1,
          56, 57, 89, 88, -1,
          57, 58, 90, 89, -1,
          58, 59, 91, 90, -1,
          59, 60, 92, 91, -1,
          60, 61, 93, 92, -1,
          61, 62, 94, 93, -1,
          62, 63, 95, 94, -1,
          64, 65, 66, 67, 68, 69, 70, 71, 72, 73, 74, 75, 76, 77, 78, 79, -1,
          80, 81, 82, 83, 84, 85, 86, 87, 88, 89, 90, 91, 92, 93, 94, 95, -1,
          96, 97, 225, 224, -1,
          96, 111, 256, 241, -1,
          96, 224, 239, 111, -1,
          96, 241, 242, 97, -1,
          97, 98, 226, 225, -1,
          97, 242, 243, 98, -1,
          98, 99, 227, 226, -1,
          98, 243, 244, 99, -1,
          99, 100, 228, 227, -1,
          99, 244, 245, 100, -1,
          100, 101, 229, 228, -1,
          100, 245, 246, 101, -1,
          101, 102, 230, 229, -1,
          101, 246, 247, 102, -1,
          102, 103, 231, 230, -1,
          102, 247, 248, 103, -1,
          103, 104, 232, 231, -1,
          103, 248, 249, 104, -1,
          104, 105, 233, 232, -1,
          104, 249, 250, 105, -1,
          105, 106, 234, 233, -1,
          105, 250, 251, 106, -1,
          106, 107, 235, 234, -1,
          106, 251, 252, 107, -1,
          107, 108, 236, 235, -1,
          107, 252, 253, 108, -1,
          108, 109, 237, 236, -1,
          108, 253, 254, 109, -1,
          109, 110, 238, 237, -1,
          109, 254, 255, 110, -1,
          110, 111, 239, 238, -1,
          110, 255, 256, 111, -1,
          112, 113, 240, -1,
          112, 127, 143, 128, -1,
          112, 128, 129, 113, -1,
          112, 240, 127, -1,
          113, 114, 240, -1,
          113, 129, 130, 114, -1,
          114, 115, 240, -1,
          114, 130, 131, 115, -1,
          115, 116, 240, -1,
          115, 131, 132, 116, -1,
          116, 117, 240, -1,
          116, 132, 133, 117, -1,
          117, 118, 240, -1,
          117, 133, 134, 118, -1,
          118, 119, 240, -1,
          118, 134, 135, 119, -1,
          119, 120, 240, -1,
          119, 135, 136, 120, -1,
          120, 121, 240, -1,
          120, 136, 137, 121, -1,
          121, 122, 240, -1,
          121, 137, 138, 122, -1,
          122, 123, 240, -1,
          122, 138, 139, 123, -1,
          123, 124, 240, -1,
          123, 139, 140, 124, -1,
          124, 125, 240, -1,
          124, 140, 141, 125, -1,
          125, 126, 240, -1,
          125, 141, 142, 126, -1,
          126, 127, 240, -1,
          126, 142, 143, 127, -1,
          128, 143, 159, 144, -1,
          128, 144, 145, 129, -1,
          129, 145, 146, 130, -1,
          130, 146, 147, 131, -1,
          131, 147, 148, 132, -1,
          132, 148, 149, 133, -1,
          133, 149, 150, 134, -1,
          134, 150, 151, 135, -1,
          135, 151, 152, 136, -1,
          136, 152, 153, 137, -1,
          137, 153, 154, 138, -1,
          138, 154, 155, 139, -1,
          139, 155, 156, 140, -1,
          140, 156, 157, 141, -1,
          141, 157, 158, 142, -1,
          142, 158, 159, 143, -1,
          144, 159, 175, 160, -1,
          144, 160, 161, 145, -1,
          145, 161, 162, 146, -1,
          146, 162, 163, 147, -1,
          147, 163, 164, 148, -1,
          148, 164, 165, 149, -1,
          149, 165, 166, 150, -1,
          150, 166, 167, 151, -1,
          151, 167, 168, 152, -1,
          152, 168, 169, 153, -1,
          153, 169, 170, 154, -1,
          154, 170, 171, 155, -1,
          155, 171, 172, 156, -1,
          156, 172, 173, 157, -1,
          157, 173, 174, 158, -1,
          158, 174, 175, 159, -1,
          160, 175, 191, 176, -1,
          160, 176, 177, 161, -1,
          161, 177, 178, 162, -1,
          162, 178, 179, 163, -1,
          163, 179, 180, 164, -1,
          164, 180, 181, 165, -1,
          165, 181, 182, 166, -1,
          166, 182, 183, 167, -1,
          167, 183, 184, 168, -1,
          168, 184, 185, 169, -1,
          169, 185, 186, 170, -1,
          170, 186, 187, 171, -1,
          171, 187, 188, 172, -1,
          172, 188, 189, 173, -1,
          173, 189, 190, 174, -1,
          174, 190, 191, 175, -1,
          176, 191, 207, 192, -1,
          176, 192, 193, 177, -1,
          177, 193, 194, 178, -1,
          178, 194, 195, 179, -1,
          179, 195, 196, 180, -1,
          180, 196, 197, 181, -1,
          181, 197, 198, 182, -1,
          182, 198, 199, 183, -1,
          183, 199, 200, 184, -1,
          184, 200, 201, 185, -1,
          185, 201, 202, 186, -1,
          186, 202, 203, 187, -1,
          187, 203, 204, 188, -1,
          188, 204, 205, 189, -1,
          189, 205, 206, 190, -1,
          190, 206, 207, 191, -1,
          192, 207, 223, 208, -1,
          192, 208, 209, 193, -1,
          193, 209, 210, 194, -1,
          194, 210, 211, 195, -1,
          195, 211, 212, 196, -1,
          196, 212, 213, 197, -1,
          197, 213, 214, 198, -1,
          198, 214, 215, 199, -1,
          199, 215, 216, 200, -1,
          200, 216, 217, 201, -1,
          201, 217, 218, 202, -1,
          202, 218, 219, 203, -1,
          203, 219, 220, 204, -1,
          204, 220, 221, 205, -1,
          205, 221, 222, 206, -1,
          206, 222, 223, 207, -1,
          208, 223, 239, 224, -1,
          208, 224, 225, 209, -1,
          209, 225, 226, 210, -1,
          210, 226, 227, 211, -1,
          211, 227, 228, 212, -1,
          212, 228, 229, 213, -1,
          213, 229, 230, 214, -1,
          214, 230, 231, 215, -1,
          215, 231, 232, 216, -1,
          216, 232, 233, 217, -1,
          217, 233, 234, 218, -1,
          218, 234, 235, 219, -1,
          219, 235, 236, 220, -1,
          220, 236, 237, 221, -1,
          221, 237, 238, 222, -1,
          222, 238, 239, 223, -1,
          241, 256, 272, 257, -1,
          241, 257, 258, 242, -1,
          242, 258, 259, 243, -1,
          243, 259, 260, 244, -1,
          244, 260, 261, 245, -1,
          245, 261, 262, 246, -1,
          246, 262, 263, 247, -1,
          247, 263, 264, 248, -1,
          248, 264, 265, 249, -1,
          249, 265, 266, 250, -1,
          250, 266, 267, 251, -1,
          251, 267, 268, 252, -1,
          252, 268, 269, 253, -1,
          253, 269, 270, 254, -1,
          254, 270, 271, 255, -1,
          255, 271, 272, 256, -1,
          257, 272, 288, 273, -1,
          257, 273, 274, 258, -1,
          258, 274, 275, 259, -1,
          259, 275, 276, 260, -1,
          260, 276, 277, 261, -1,
          261, 277, 278, 262, -1,
          262, 278, 279, 263, -1,
          263, 279, 280, 264, -1,
          264, 280, 281, 265, -1,
          265, 281, 282, 266, -1,
          266, 282, 283, 267, -1,
          267, 283, 284, 268, -1,
          268, 284, 285, 269, -1,
          269, 285, 286, 270, -1,
          270, 286, 287, 271, -1,
          271, 287, 288, 272, -1,
          273, 288, 304, 289, -1,
          273, 289, 290, 274, -1,
          274, 290, 291, 275, -1,
          275, 291, 292, 276, -1,
          276, 292, 293, 277, -1,
          277, 293, 294, 278, -1,
          278, 294, 295, 279, -1,
          279, 295, 296, 280, -1,
          280, 296, 297, 281, -1,
          281, 297, 298, 282, -1,
          282, 298, 299, 283, -1,
          283, 299, 300, 284, -1,
          284, 300, 301, 285, -1,
          285, 301, 302, 286, -1,
          286, 302, 303, 287, -1,
          287, 303, 304, 288, -1,
          289, 304, 320, 305, -1,
          289, 305, 306, 290, -1,
          290, 306, 307, 291, -1,
          291, 307, 308, 292, -1,
          292, 308, 309, 293, -1,
          293, 309, 310, 294, -1,
          294, 310, 311, 295, -1,
          295, 311, 312, 296, -1,
          296, 312, 313, 297, -1,
          297, 313, 314, 298, -1,
          298, 314, 315, 299, -1,
          299, 315, 316, 300, -1,
          300, 316, 317, 301, -1,
          301, 317, 318, 302, -1,
          302, 318, 319, 303, -1,
          303, 319, 320, 304, -1,
          305, 320, 319, 318, 317, 316, 315, 314, 313, 312, 311, 310, 309, 308, 307, 306, -1,
          321, 322, 467, 466, -1,
          321, 336, 464, 449, -1,
          321, 449, 450, 322, -1,
          321, 466, 481, 336, -1,
          322, 323, 468, 467, -1,
          322, 450, 451, 323, -1,
          323, 324, 469, 468, -1,
          323, 451, 452, 324, -1,
          324, 325, 470, 469, -1,
          324, 452, 453, 325, -1,
          325, 326, 471, 470, -1,
          325, 453, 454, 326, -1,
          326, 327, 472, 471, -1,
          326, 454, 455, 327, -1,
          327, 328, 473, 472, -1,
          327, 455, 456, 328, -1,
          328, 329, 474, 473, -1,
          328, 456, 457, 329, -1,
          329, 330, 475, 474, -1,
          329, 457, 458, 330, -1,
          330, 331, 476, 475, -1,
          330, 458, 459, 331, -1,
          331, 332, 477, 476, -1,
          331, 459, 460, 332, -1,
          332, 333, 478, 477, -1,
          332, 460, 461, 333, -1,
          333, 334, 479, 478, -1,
          333, 461, 462, 334, -1,
          334, 335, 480, 479, -1,
          334, 462, 463, 335, -1,
          335, 336, 481, 480, -1,
          335, 463, 464, 336, -1,
          337, 338, 354, 353, -1,
          337, 352, 465, -1,
          337, 353, 368, 352, -1,
          337, 465, 338, -1,
          338, 339, 355, 354, -1,
          338, 465, 339, -1,
          339, 340, 356, 355, -1,
          339, 465, 340, -1,
          340, 341, 357, 356, -1,
          340, 465, 341, -1,
          341, 342, 358, 357, -1,
          341, 465, 342, -1,
          342, 343, 359, 358, -1,
          342, 465, 343, -1,
          343, 344, 360, 359, -1,
          343, 465, 344, -1,
          344, 345, 361, 360, -1,
          344, 465, 345, -1,
          345, 346, 362, 361, -1,
          345, 465, 346, -1,
          346, 347, 363, 362, -1,
          346, 465, 347, -1,
          347, 348, 364, 363, -1,
          347, 465, 348, -1,
          348, 349, 365, 364, -1,
          348, 465, 349, -1,
          349, 350, 366, 365, -1,
          349, 465, 350, -1,
          350, 351, 367, 366, -1,
          350, 465, 351, -1,
          351, 352, 368, 367, -1,
          351, 465, 352, -1,
          353, 354, 370, 369, -1,
          353, 369, 384, 368, -1,
          354, 355, 371, 370, -1,
          355, 356, 372, 371, -1,
          356, 357, 373, 372, -1,
          357, 358, 374, 373, -1,
          358, 359, 375, 374, -1,
          359, 360, 376, 375, -1,
          360, 361, 377, 376, -1,
          361, 362, 378, 377, -1,
          362, 363, 379, 378, -1,
          363, 364, 380, 379, -1,
          364, 365, 381, 380, -1,
          365, 366, 382, 381, -1,
          366, 367, 383, 382, -1,
          367, 368, 384, 383, -1,
          369, 370, 386, 385, -1,
          369, 385, 400, 384, -1,
          370, 371, 387, 386, -1,
          371, 372, 388, 387, -1,
          372, 373, 389, 388, -1,
          373, 374, 390, 389, -1,
          374, 375, 391, 390, -1,
          375, 376, 392, 391, -1,
          376, 377, 393, 392, -1,
          377, 378, 394, 393, -1,
          378, 379, 395, 394, -1,
          379, 380, 396, 395, -1,
          380, 381, 397, 396, -1,
          381, 382, 398, 397, -1,
          382, 383, 399, 398, -1,
          383, 384, 400, 399, -1,
          385, 386, 402, 401, -1,
          385, 401, 416, 400, -1,
          386, 387, 403, 402, -1,
          387, 388, 404, 403, -1,
          388, 389, 405, 404, -1,
          389, 390, 406, 405, -1,
          390, 391, 407, 406, -1,
          391, 392, 408, 407, -1,
          392, 393, 409, 408, -1,
          393, 394, 410, 409, -1,
          394, 395, 411, 410, -1,
          395, 396, 412, 411, -1,
          396, 397, 413, 412, -1,
          397, 398, 414, 413, -1,
          398, 399, 415, 414, -1,
          399, 400, 416, 415, -1,
          401, 402, 418, 417, -1,
          401, 417, 432, 416, -1,
          402, 403, 419, 418, -1,
          403, 404, 420, 419, -1,
          404, 405, 421, 420, -1,
          405, 406, 422, 421, -1,
          406, 407, 423, 422, -1,
          407, 408, 424, 423, -1,
          408, 409, 425, 424, -1,
          409, 410, 426, 425, -1,
          410, 411, 427, 426, -1,
          411, 412, 428, 427, -1,
          412, 413, 429, 428, -1,
          413, 414, 430, 429, -1,
          414, 415, 431, 430, -1,
          415, 416, 432, 431, -1,
          417, 418, 434, 433, -1,
          417, 433, 448, 432, -1,
          418, 419, 435, 434, -1,
          419, 420, 436, 435, -1,
          420, 421, 437, 436, -1,
          421, 422, 438, 437, -1,
          422, 423, 439, 438, -1,
          423, 424, 440, 439, -1,
          424, 425, 441, 440, -1,
          425, 426, 442, 441, -1,
          426, 427, 443, 442, -1,
          427, 428, 444, 443, -1,
          428, 429, 445, 444, -1,
          429, 430, 446, 445, -1,
          430, 431, 447, 446, -1,
          431, 432, 448, 447, -1,
          433, 434, 450, 449, -1,
          433, 449, 464, 448, -1,
          434, 435, 451, 450, -1,
          435, 436, 452, 451, -1,
          436, 437, 453, 452, -1,
          437, 438, 454, 453, -1,
          438, 439, 455, 454, -1,
          439, 440, 456, 455, -1,
          440, 441, 457, 456, -1,
          441, 442, 458, 457, -1,
          442, 443, 459, 458, -1,
          443, 444, 460, 459, -1,
          444, 445, 461, 460, -1,
          445, 446, 462, 461, -1,
          446, 447, 463, 462, -1,
          447, 448, 464, 463, -1,
          466, 467, 483, 482, -1,
          466, 482, 497, 481, -1,
          467, 468, 484, 483, -1,
          468, 469, 485, 484, -1,
          469, 470, 486, 485, -1,
          470, 471, 487, 486, -1,
          471, 472, 488, 487, -1,
          472, 473, 489, 488, -1,
          473, 474, 490, 489, -1,
          474, 475, 491, 490, -1,
          475, 476, 492, 491, -1,
          476, 477, 493, 492, -1,
          477, 478, 494, 493, -1,
          478, 479, 495, 494, -1,
          479, 480, 496, 495, -1,
          480, 481, 497, 496, -1,
          482, 483, 499, 498, -1,
          482, 498, 513, 497, -1,
          483, 484, 500, 499, -1,
          484, 485, 501, 500, -1,
          485, 486, 502, 501, -1,
          486, 487, 503, 502, -1,
          487, 488, 504, 503, -1,
          488, 489, 505, 504, -1,
          489, 490, 506, 505, -1,
          490, 491, 507, 506, -1,
          491, 492, 508, 507, -1,
          492, 493, 509, 508, -1,
          493, 494, 510, 509, -1,
          494, 495, 511, 510, -1,
          495, 496, 512, 511, -1,
          496, 497, 513, 512, -1,
          498, 499, 515, 514, -1,
          498, 514, 529, 513, -1,
          499, 500, 516, 515, -1,
          500, 501, 517, 516, -1,
          501, 502, 518, 517, -1,
          502, 503, 519, 518, -1,
          503, 504, 520, 519, -1,
          504, 505, 521, 520, -1,
          505, 506, 522, 521, -1,
          506, 507, 523, 522, -1,
          507, 508, 524, 523, -1,
          508, 509, 525, 524, -1,
          509, 510, 526, 525, -1,
          510, 511, 527, 526, -1,
          511, 512, 528, 527, -1,
          512, 513, 529, 528, -1,
          514, 515, 531, 530, -1,
          514, 530, 545, 529, -1,
          515, 516, 532, 531, -1,
          516, 517, 533, 532, -1,
          517, 518, 534, 533, -1,
          518, 519, 535, 534, -1,
          519, 520, 536, 535, -1,
          520, 521, 537, 536, -1,
          521, 522, 538, 537, -1,
          522, 523, 539, 538, -1,
          523, 524, 540, 539, -1,
          524, 525, 541, 540, -1,
          525, 526, 542, 541, -1,
          526, 527, 543, 542, -1,
          527, 528, 544, 543, -1,
          528, 529, 545, 544, -1,
          530, 531, 532, 533, 534, 535, 536, 537, 538, 539, 540, 541, 542, 543, 544, 545, -1 ]
        normal Normal {
          vector [
            -0.8968406293701251 1.0119453972998258e-16 0.44235380128467056,
            -0.8878035985999494 -0.07463058518085822 0.4541310890795109,
            -0.8620683123032962 -0.13789934029587314 0.48766996715864075,
            -0.8235527345278834 -0.1801741709114669 0.5378644453651972,
            -0.778120512845429 -0.1950191172887192 0.597072869406319,
            -0.7326882911629716 -0.180174170911468 0.6562812934474437,
            -0.6941727133875506 -0.13789934029587075 0.7064757716540102,
            -0.6684374270908948 -0.07463058518086063 0.7400146497331435,
            -0.6594003963207224 3.367335546187351e-16 0.7517919375279799,
            -0.6684374270908957 0.07463058518086046 0.7400146497331427,
            -0.6941727133875514 0.13789934029587045 0.7064757716540094,
            -0.7326882911629695 0.18017417091146865 0.6562812934474458,
            -0.7781205128454307 0.1950191172887191 0.5970728694063168,
            -0.8235527345278839 0.18017417091146726 0.5378644453651961,
            -0.8620683123032927 0.13789934029587403 0.4876699671586463,
            -0.8878035985999488 0.0746305851808581 0.45413108907951183,
            -0.9658912432880421 1.8882596827155726e-16 0.25894807614554716,
            -0.9481637166168579 -0.1463993786151663 0.282051038701154,
            -0.8976799918385646 -0.27051077894984454 0.3478427097477577,
            -0.8221257584145546 -0.353439365375724 0.44630690377149546,
            -0.7330034634827955 -0.3825600123589782 0.5624533398124012,
            -0.643881168551037 -0.3534393653757273 0.6785997758533037,
            -0.5683269351270278 -0.2705107789498458 0.777063969877041,
            -0.5178432103487335 -0.14639937861516703 0.8428556409236462,
            -0.5001156836775489 3.741551593529007e-16 0.8659586034792529,
            -0.5178432103487332 0.14639937861516655 0.8428556409236465,
            -0.5683269351270285 0.27051077894984515 0.7770639698770407,
            -0.6438811685510376 0.3534393653757269 0.6785997758533033,
            -0.7330034634827959 0.3825600123589773 0.5624533398124014,
            -0.8221257584145543 0.3534393653757236 0.4463069037714962,
            -0.8976799918385644 0.2705107789498444 0.3478427097477587,
            -0.948163716616858 0.1463993786151661 0.2820510387011539,
            -0.997847563899867 1.2627694232753034e-16 0.06557620924619509,
            -0.9721095646665218 -0.2125523297440171 0.09911862289325864,
            -0.8988139440342198 -0.3927454940761732 0.19463933541941883,
            -0.7891192958177728 -0.5131467171820019 0.33759618423998317,
            -0.6597256358236705 -0.555426004283447 0.5062252850290848,
            -0.5303319758295698 -0.5131467171820036 0.6748543858181834,
            -0.4206373276131242 -0.3927454940761764 0.8178112346387455,
            -0.34734170698082145 -0.21255232974401725 0.9133319471649065,
            -0.32160370774747576 3.6480005561286527e-16 0.9468743608119697,
            -0.34734170698082106 0.2125523297440169 0.9133319471649068,
            -0.42063732761312383 0.3927454940761764 0.8178112346387457,
            -0.5303319758295697 0.5131467171820042 0.6748543858181829,
            -0.6597256358236703 0.5554260042834473 0.5062252850290847,
            -0.7891192958177724 0.5131467171820027 0.33759618423998317,
            -0.8988139440342197 0.3927454940761737 0.1946393354194189,
            -0.9721095646665218 0.21255232974401705 0.09911862289325862,
            -0.9914691711821665 9.15337920867554e-17 -0.13034140783092668,
            -0.9587085129267837 -0.27054761222883944 -0.08764688676153054,
            -0.8654140514039101 -0.4999068030160503 0.03393682264063669,
            -0.7257890226640038 -0.6531597147105216 0.21589970277816586,
            -0.5610900716286771 -0.706974980747874 0.4305395546477339,
            -0.39639112059335097 -0.6531597147105215 0.6451794065173017,
            -0.25676609185344423 -0.49990680301605345 0.8271422866548278,
            -0.163471630330571 -0.2705476122288412 0.9487259960569951,
            -0.13071097207518667 3.7317622927677205e-16 0.9914205171263906,
            -0.16347163033057063 0.2705476122288411 0.9487259960569953,
            -0.25676609185344357 0.49990680301605384 0.8271422866548277,
            -0.39639112059334997 0.6531597147105224 0.6451794065173014,
            -0.5610900716286766 0.7069749807478745 0.4305395546477338,
            -0.7257890226640032 0.6531597147105223 0.2158997027781652,
            -0.8654140514039097 0.4999068030160511 0.03393682264063647,
            -0.9587085129267836 0.2705476122288398 -0.08764688676153068,
            -0.9469850640503504 1.554663870905141e-16 -0.3212775878668689,
            -0.9084598250775329 -0.3181532963529087 -0.2710705189427222,
            -0.7987492265605302 -0.5878706374029006 -0.12809288328577054,
            -0.6345557125945053 -0.7680900029688985 0.08588827017071136,
            -0.4408762572628734 -0.831374628336097 0.33829625055695967,
            -0.24719680193124274 -0.7680900029688971 0.590704230943207,
            -0.0830032879652195 -0.5878706374029005 0.8046853843996861,
            0.026707310551782475 -0.3181532963529087 0.9476630200566386,
            0.06523254952460168 3.8866596772628485e-16 0.9978700889807853,
            0.02670731055178278 0.31815329635290873 0.9476630200566385,
            -0.08300328796521944 0.5878706374029 0.8046853843996863,
            -0.24719680193124285 0.7680900029688962 0.5907042309432081,
            -0.4408762572628742 0.8313746283360964 0.3382962505569603,
            -0.6345557125945056 0.7680900029688982 0.08588827017071084,
            -0.7987492265605297 0.5878706374029012 -0.12809288328577076,
            -0.9084598250775325 0.3181532963529091 -0.27107051894272255,
            -0.8660904156656114 1.913837428562982e-16 -0.4998873792087259,
            -0.8232808793799441 -0.3535343439202112 -0.44409690532167845,
            -0.7013696343530227 -0.6532462887753773 -0.2852190775679348,
            -0.5189165625120097 -0.8535074078568453 -0.04744160499190636,
            -0.30369849010348243 -0.9238297611560281 0.23303604766486472,
            -0.08848041769495477 -0.8535074078568444 0.5135137003216338,
            0.09397265414605974 -0.653246288775377 0.75129117289766,
            0.2158838991729806 -0.3535343439202111 0.9101690006514045,
            0.25869343545864687 3.7567919894014123e-16 0.9659594745384523,
            0.2158838991729805 0.35353434392021116 0.9101690006514045,
            0.09397265414606028 0.6532462887753767 0.7512911728976603,
            -0.08848041769495332 0.8535074078568445 0.513513700321634,
            -0.3036984901034817 0.9238297611560284 0.23303604766486427,
            -0.5189165625120101 0.8535074078568451 -0.04744160499190692,
            -0.7013696343530229 0.6532462887753773 -0.28521907756793446,
            -0.823280879379944 0.3535343439202116 -0.4440969053216783,
            -0.7518860198029041 1.3495146876787106e-16 -0.6592931163184906,
            -0.7064378438166502 -0.3753250437578369 -0.6000639002238513,
            -0.5770123886630535 -0.6935102519335361 -0.4313933631761628,
            -0.3833135066445768 -0.9061148109384429 -0.17896006543871124,
            -0.15483009666379527 -0.9807716039291879 0.1188053117215218,
            0.0736533133169862 -0.906114810938442 0.41657068888175636,
            0.26735219533546317 -0.6935102519335352 0.6690039866192077,
            0.39677765048906 -0.37532504375783765 0.8376745236668944,
            0.442225826475314 3.196218997133788e-16 0.896903739761534,
            0.3967776504890595 0.3753250437578374 0.8376745236668949,
            0.2673521953354626 0.6935102519335349 0.6690039866192081,
            0.07365331331698594 0.9061148109384419 0.4165706888817569,
            -0.15483009666379619 0.9807716039291876 0.11880531172152294,
            -0.3833135066445783 0.9061148109384424 -0.17896006543871076,
            -0.5770123886630543 0.6935102519335358 -0.43139336317616206,
            -0.7064378438166504 0.3753250437578371 -0.6000639002238507,
            -0.7933533402912346 1.961379373148887e-16 0.6087614290087213,
            -0.5190413153972502 5.113905342781016e-16 -0.8547491520385921,
            -0.5375639092870408 -0.3591452288359833 -0.7629152954531607,
            -0.48796521946644456 -0.6932995542856767 -0.5303071493185308,
            -0.28934862326598454 -0.9212749655540378 -0.25986498813323405,
            0.002042126281900938 -0.999991807791792 -0.003494863309560842,
            0.3122155253509335 -0.92336297667116 0.2234329408185272,
            0.5810764487386695 -0.7061318148888339 0.40463319280931237,
            0.7624036581815451 -0.3819676306660666 0.5223422164776165,
            0.8263120029004004 0.0 0.5632126364551213,
            0.7624036581815449 0.38196763066606704 0.5223422164776164,
            0.5810764487386697 0.7061318148888337 0.4046331928093123,
            0.3122155253509349 0.9233629766711594 0.22343294081852766,
            0.0020421262819010234 0.999991807791792 -0.0034948633095610625,
            -0.28934862326598504 0.9212749655540372 -0.2598649881332351,
            -0.4879652194664441 0.693299554285677 -0.530307149318531,
            -0.537563909287041 0.3591452288359846 -0.7629152954531598,
            -0.722580770786075 2.9120849868614134e-16 -0.6912865033328813,
            -0.7167038715245629 -0.3591452288359837 -0.5977878094659105,
            -0.6085917978111144 -0.6932995542856765 -0.38594267924695497,
            -0.34674731609802256 -0.9212749655540377 -0.17612136901076134,
            0.001068005331687336 -0.999991807791792 -0.0039043199043153564,
            0.35940573969197487 -0.9233629766711603 0.13501232384282055,
            0.6660035254647074 -0.7061318148888338 0.24045199951421184,
            0.8716174971802886 -0.3819676306660661 0.3072192502635884,
            0.9439262609311322 0.0 0.33015634769692404,
            0.8716174971802884 0.38196763066606654 0.30721925026358826,
            0.6660035254647076 0.7061318148888335 0.2404519995142123,
            0.35940573969197614 0.9233629766711596 0.1350123238428217,
            0.0010680053316871735 0.999991807791792 -0.0039043199043152744,
            -0.3467473160980235 0.9212749655540372 -0.17612136901076178,
            -0.6085917978111142 0.6932995542856768 -0.38594267924695475,
            -0.7167038715245624 0.3591452288359847 -0.5977878094659106,
            0.8968406293701251 -1.0119453972998258e-16 0.44235380128467056,
            0.8878035985999481 -0.07463058518085754 0.45413108907951355,
            0.8620683123032987 -0.1378993402958672 0.48766996715863775,
            0.8235527345278846 -0.1801741709114625 0.5378644453651967,
            0.778120512845422 -0.19501911728871824 0.5970728694063285,
            0.7326882911629704 -0.1801741709114652 0.6562812934474458,
            0.694172713387553 -0.13789934029587114 0.7064757716540077,
            0.6684374270908966 -0.07463058518085944 0.7400146497331419,
            0.6594003963207253 1.3957867548963122e-17 0.7517919375279773,
            0.6684374270908967 0.07463058518085927 0.7400146497331418,
            0.6941727133875528 0.137899340295871 0.7064757716540079,
            0.7326882911629713 0.18017417091146495 0.6562812934474448,
            0.7781205128454219 0.19501911728871824 0.5970728694063286,
            0.8235527345278838 0.18017417091146282 0.537864445365198,
            0.8620683123032991 0.13789934029586734 0.4876699671586371,
            0.8878035985999483 0.07463058518085752 0.45413108907951316,
            0.965891243288042 -1.9232274546177128e-16 0.2589480761455476,
            0.9481637166168579 -0.14639937861516536 0.2820510387011545,
            0.8976799918385648 -0.2705107789498437 0.34784270974775783,
            0.8221257584145542 -0.3534393653757246 0.44630690377149573,
            0.7330034634827955 -0.3825600123589775 0.5624533398124018,
            0.6438811685510377 -0.3534393653757243 0.6785997758533048,
            0.5683269351270284 -0.2705107789498441 0.7770639698770411,
            0.5178432103487345 -0.1463993786151664 0.8428556409236456,
            0.5001156836775495 0.0 0.8659586034792525,
            0.5178432103487344 0.146399378615166 0.8428556409236457,
            0.5683269351270287 0.27051077894984366 0.777063969877041,
            0.6438811685510382 0.3534393653757241 0.6785997758533043,
            0.7330034634827957 0.38256001235897735 0.5624533398124019,
            0.8221257584145539 0.35343936537572457 0.44630690377149634,
            0.8976799918385646 0.2705107789498438 0.34784270974775844,
            0.9481637166168579 0.14639937861516525 0.28205103870115455,
            0.997847563899867 -1.9643079917615834e-16 0.06557620924619513,
            0.9721095646665219 -0.21255232974401714 0.09911862289325811,
            0.8988139440342197 -0.39274549407617376 0.19463933541941875,
            0.7891192958177724 -0.5131467171820028 0.33759618423998294,
            0.65972563582367 -0.5554260042834482 0.5062252850290839,
            0.530331975829568 -0.5131467171820049 0.6748543858181837,
            0.4206373276131228 -0.39274549407617637 0.8178112346387463,
            0.3473417069808208 -0.21255232974401714 0.913331947164907,
            0.321603707747475 0.0 0.9468743608119699,
            0.34734170698082045 0.21255232974401686 0.9133319471649072,
            0.4206373276131225 0.3927454940761766 0.8178112346387464,
            0.5303319758295681 0.5131467171820054 0.6748543858181831,
            0.6597256358236699 0.5554260042834485 0.5062252850290838,
            0.7891192958177721 0.5131467171820032 0.3375961842399832,
            0.8988139440342194 0.39274549407617415 0.19463933541941855,
            0.9721095646665219 0.21255232974401717 0.09911862289325798,
            0.9914691711821666 -1.9714970603301167e-16 -0.13034140783092596,
            0.9587085129267836 -0.2705476122288394 -0.08764688676153064,
            0.8654140514039105 -0.4999068030160498 0.033936822640636875,
            0.725789022664004 -0.6531597147105209 0.2158997027781665,
            0.5610900716286769 -0.7069749807478736 0.43053955464773513,
            0.3963911205933495 -0.6531597147105221 0.6451794065173019,
            0.25676609185344373 -0.4999068030160542 0.8271422866548275,
            0.16347163033056986 -0.2705476122288405 0.9487259960569956,
            0.13071097207518476 0.0 0.9914205171263908,
            0.16347163033056963 0.27054761222884044 0.9487259960569956,
            0.2567660918534433 0.4999068030160541 0.8271422866548277,
            0.3963911205933492 0.6531597147105226 0.6451794065173018,
            0.5610900716286764 0.7069749807478743 0.4305395546477345,
            0.7257890226640034 0.653159714710522 0.21589970277816592,
            0.86541405140391 0.4999068030160506 0.033936822640636466,
            0.9587085129267835 0.2705476122288397 -0.08764688676153065,
            0.9469850640503507 -1.9786631084247253e-16 -0.32127758786686816,
            0.908459825077533 -0.3181532963529084 -0.271070518942722,
            0.7987492265605306 -0.5878706374029002 -0.12809288328577054,
            0.6345557125945057 -0.7680900029688981 0.08588827017071118,
            0.440876257262874 -0.831374628336096 0.3382962505569613,
            0.24719680193124308 -0.7680900029688958 0.5907042309432083,
            0.08300328796522013 -0.5878706374029004 0.8046853843996861,
            -0.026707310551781854 -0.3181532963529078 0.9476630200566389,
            -0.06523254952459988 0.0 0.9978700889807854,
            -0.026707310551781854 0.3181532963529078 0.9476630200566389,
            0.08300328796522007 0.5878706374028996 0.8046853843996865,
            0.24719680193124333 0.7680900029688955 0.5907042309432088,
            0.44087625726287405 0.8313746283360963 0.3382962505569607,
            0.6345557125945052 0.7680900029688985 0.08588827017071106,
            0.7987492265605302 0.5878706374029009 -0.1280928832857702,
            0.9084598250775329 0.31815329635290873 -0.2710705189427219,
            0.8660904156656112 -1.984720296287537e-16 -0.4998873792087263,
            0.8232808793799439 -0.3535343439202111 -0.4440969053216789,
            0.7013696343530226 -0.653246288775377 -0.28521907756793535,
            0.5189165625120092 -0.8535074078568455 -0.04744160499190749,
            0.3036984901034808 -0.9238297611560289 0.2330360476648638,
            0.08848041769495266 -0.8535074078568446 0.5135137003216337,
            -0.0939726541460621 -0.6532462887753773 0.7512911728976596,
            -0.2158838991729821 -0.35353434392021243 0.9101690006514036,
            -0.2586934354586467 0.0 0.9659594745384524,
            -0.215883899172982 0.3535343439202123 0.9101690006514036,
            -0.09397265414606275 0.6532462887753769 0.7512911728976599,
            0.08848041769495199 0.8535074078568449 0.5135137003216336,
            0.3036984901034809 0.923829761156029 0.2330360476648634,
            0.5189165625120095 0.8535074078568455 -0.047441604991906965,
            0.7013696343530225 0.6532462887753775 -0.2852190775679347,
            0.8232808793799438 0.3535343439202115 -0.4440969053216789,
            0.7518860198029026 -1.9177313982802737e-16 -0.6592931163184924,
            0.7064378438166485 -0.3753250437578373 -0.6000639002238527,
            0.577012388663053 -0.6935102519335358 -0.43139336317616384,
            0.38331350664457714 -0.9061148109384427 -0.17896006543871182,
            0.15483009666379507 -0.9807716039291879 0.11880531172152164,
            -0.07365331331698717 -0.9061148109384422 0.4165706888817564,
            -0.26735219533546334 -0.693510251933535 0.6690039866192077,
            -0.3967776504890593 -0.3753250437578394 0.8376745236668941,
            -0.44222582647531383 0.0 0.896903739761534,
            -0.3967776504890591 0.3753250437578391 0.8376745236668943,
            -0.2673521953354631 0.6935102519335347 0.6690039866192081,
            -0.07365331331698648 0.906114810938442 0.4165706888817567,
            0.15483009666379619 0.9807716039291877 0.11880531172152253,
            0.38331350664457814 0.9061148109384425 -0.1789600654387107,
            0.5770123886630535 0.6935102519335359 -0.43139336317616306,
            0.7064378438166488 0.3753250437578375 -0.6000639002238524,
            0.7933533402912352 -4.336827725073649e-17 0.6087614290087207,
            0.5190413153972506 6.818540457041358e-16 -0.8547491520385918,
            0.5375639092870406 -0.35914522883598343 -0.7629152954531607,
            0.48796521946644444 -0.6932995542856762 -0.5303071493185315,
            0.28934862326598565 -0.9212749655540371 -0.25986498813323494,
            -0.0020421262819008113 -0.999991807791792 -0.0034948633095611124,
            -0.3122155253509343 -0.9233629766711597 0.22343294081852713,
            -0.5810764487386691 -0.7061318148888344 0.4046331928093118,
            -0.7624036581815453 -0.38196763066606554 0.5223422164776167,
            -0.8263120029004003 -1.997191348497884e-16 0.5632126364551215,
            -0.7624036581815453 0.38196763066606537 0.5223422164776168,
            -0.5810764487386695 0.7061318148888337 0.4046331928093124,
            -0.31221552535093433 0.9233629766711596 0.22343294081852771,
            -0.002042126281900429 0.999991807791792 -0.0034948633095612256,
            0.2893486232659852 0.9212749655540373 -0.2598649881332348,
            0.4879652194664443 0.693299554285677 -0.5303071493185306,
            0.5375639092870413 0.3591452288359847 -0.7629152954531596,
            0.7225807707860754 3.338243765426497e-16 -0.691286503332881,
            0.7167038715245628 -0.35914522883598404 -0.5977878094659105,
            0.6085917978111145 -0.6932995542856762 -0.38594267924695524,
            0.3467473160980236 -0.921274965554037 -0.17612136901076245,
            -0.0010680053316873151 -0.999991807791792 -0.0039043199043153633,
            -0.3594057396919761 -0.9233629766711596 0.13501232384282136,
            -0.6660035254647071 -0.7061318148888345 0.2404519995142111,
            -0.8716174971802889 -0.38196763066606576 0.3072192502635879,
            -0.9439262609311322 -2.1398478733905892e-16 0.3301563476969238,
            -0.871617497180289 0.38196763066606554 0.3072192502635879,
            -0.6660035254647079 0.7061318148888337 0.24045199951421098,
            -0.3594057396919767 0.9233629766711596 0.13501232384282094,
            -0.0010680053316868975 0.999991807791792 -0.0039043199043157805,
            0.3467473160980232 0.9212749655540371 -0.1761213690107623,
            0.6085917978111143 0.6932995542856768 -0.3859426792469547,
            0.716703871524563 0.35914522883598476 -0.5977878094659098,
            1.0 0.0 -1.8394570667640468e-16,
            1.0 0.0 -1.8394570667640468e-16,
            0.5862570162718878 0.8101251205042241 -1.1876055166322948e-16,
            0.5862570162718878 0.8101251205042241 -1.1876055166322948e-16,
            0.9238795325112868 0.0 0.3826834323650894,
            0.9238795325112868 0.0 0.3826834323650894,
            0.5416308581247333 0.8101251205042241 0.22435084723504212,
            0.5416308581247333 0.8101251205042241 0.22435084723504212,
            0.7071067811865479 0.0 0.7071067811865471,
            0.7071067811865479 0.0 0.7071067811865471,
            0.4145463117240428 0.8101251205042255 0.41454631172404227,
            0.4145463117240428 0.8101251205042255 0.41454631172404227,
            0.38268343236508967 0.0 0.9238795325112868,
            0.38268343236508967 0.0 0.9238795325112868,
            0.22435084723504106 0.8101251205042265 0.5416308581247303,
            0.22435084723504106 0.8101251205042265 0.5416308581247303,
            2.8299339488677637e-17 0.0 1.0,
            2.8299339488677637e-17 0.0 1.0,
            1.397182960743876e-17 0.8101251205042264 0.5862570162718845,
            1.397182960743876e-17 0.8101251205042264 0.5862570162718845,
            -0.3826834323650896 0.0 0.9238795325112868,
            -0.3826834323650896 0.0 0.9238795325112868,
            -0.22435084723504103 0.8101251205042266 0.5416308581247303,
            -0.22435084723504103 0.8101251205042266 0.5416308581247303,
            -0.7071067811865477 0.0 0.7071067811865474,
            -0.7071067811865477 0.0 0.7071067811865474,
            -0.4145463117240424 0.8101251205042258 0.41454631172404205,
            -0.4145463117240424 0.8101251205042258 0.41454631172404205,
            -0.9238795325112867 0.0 0.3826834323650897,
            -0.9238795325112867 0.0 0.3826834323650897,
            -0.5416308581247329 0.8101251205042246 0.22435084723504198,
            -0.5416308581247329 0.8101251205042246 0.22435084723504198,
            -1.0 0.0 4.244900923301646e-17,
            -1.0 0.0 4.244900923301646e-17,
            -0.5862570162718875 0.8101251205042241 2.7943659214877523e-17,
            -0.5862570162718875 0.8101251205042241 2.7943659214877523e-17,
            -0.9238795325112868 0.0 -0.3826834323650897,
            -0.9238795325112868 0.0 -0.3826834323650897,
            -0.5416308581247333 0.8101251205042241 -0.22435084723504214,
            -0.5416308581247333 0.8101251205042241 -0.22435084723504214,
            -0.7071067811865479 0.0 -0.7071067811865471,
            -0.7071067811865479 0.0 -0.7071067811865471,
            -0.4145463117240439 0.8101251205042244 -0.41454631172404355,
            -0.4145463117240439 0.8101251205042244 -0.41454631172404355,
            -0.3826834323650902 0.0 -0.9238795325112865,
            -0.3826834323650902 0.0 -0.9238795325112865,
            -0.22435084723504228 0.8101251205042245 -0.5416308581247328,
            -0.22435084723504228 0.8101251205042245 -0.5416308581247328,
            -2.829933948867764e-17 0.0 -1.0,
            -2.829933948867764e-17 0.0 -1.0,
            0.0 0.8101251205042245 -0.5862570162718873,
            0.0 0.8101251205042245 -0.5862570162718873,
            0.38268343236509 0.0 -0.9238795325112866,
            0.38268343236509 0.0 -0.9238795325112866,
            0.2243508472350424 0.8101251205042241 -0.5416308581247332,
            0.2243508472350424 0.8101251205042241 -0.5416308581247332,
            0.7071067811865475 0.0 -0.7071067811865476,
            0.7071067811865475 0.0 -0.7071067811865476,
            0.41454631172404405 0.810125120504224 -0.41454631172404405,
            0.41454631172404405 0.810125120504224 -0.41454631172404405,
            0.9238795325112865 0.0 -0.3826834323650903,
            0.9238795325112865 0.0 -0.3826834323650903,
            0.5416308581247334 0.810125120504224 -0.22435084723504267,
            0.5416308581247334 0.810125120504224 -0.22435084723504267,
            1.0 0.0 -1.8394570667640468e-16,
            1.0 0.0 -1.8394570667640468e-16,
            0.5862570162718878 -0.8101251205042241 -1.1876055166322948e-16,
            0.5862570162718878 -0.8101251205042241 -1.1876055166322948e-16,
            0.9238795325112868 0.0 0.3826834323650894,
            0.9238795325112868 0.0 0.3826834323650894,
            0.5416308581247333 -0.8101251205042241 0.22435084723504212,
            0.5416308581247333 -0.8101251205042241 0.22435084723504212,
            0.7071067811865479 0.0 0.7071067811865471,
            0.7071067811865479 0.0 0.7071067811865471,
            0.4145463117240428 -0.8101251205042255 0.41454631172404227,
            0.4145463117240428 -0.8101251205042255 0.41454631172404227,
            0.38268343236508967 0.0 0.9238795325112868,
            0.38268343236508967 0.0 0.9238795325112868,
            0.22435084723504106 -0.8101251205042265 0.5416308581247303,
            0.22435084723504106 -0.8101251205042265 0.5416308581247303,
            2.8299339488677637e-17 0.0 1.0,
            2.8299339488677637e-17 0.0 1.0,
            1.397182960743876e-17 -0.8101251205042264 0.5862570162718845,
            1.397182960743876e-17 -0.8101251205042264 0.5862570162718845,
            -0.3826834323650896 0.0 0.9238795325112868,
            -0.3826834323650896 0.0 0.9238795325112868,
            -0.22435084723504103 -0.8101251205042266 0.5416308581247303,
            -0.22435084723504103 -0.8101251205042266 0.5416308581247303,
            -0.7071067811865477 0.0 0.7071067811865474,
            -0.7071067811865477 0.0 0.7071067811865474,
            -0.4145463117240424 -0.8101251205042258 0.41454631172404205,
            -0.4145463117240424 -0.8101251205042258 0.41454631172404205,
            -0.9238795325112867 0.0 0.3826834323650897,
            -0.9238795325112867 0.0 0.3826834323650897,
            -0.5416308581247329 -0.8101251205042246 0.22435084723504198,
            -0.5416308581247329 -0.8101251205042246 0.22435084723504198,
            -1.0 0.0 4.244900923301646e-17,
            -1.0 0.0 4.244900923301646e-17,
            -0.5862570162718875 -0.8101251205042241 2.7943659214877523e-17,
            -0.5862570162718875 -0.8101251205042241 2.7943659214877523e-17,
            -0.9238795325112868 0.0 -0.3826834323650897,
            -0.9238795325112868 0.0 -0.3826834323650897,
            -0.5416308581247333 -0.8101251205042241 -0.22435084723504214,
            -0.5416308581247333 -0.8101251205042241 -0.22435084723504214,
            -0.7071067811865479 0.0 -0.7071067811865471,
            -0.7071067811865479 0.0 -0.7071067811865471,
            -0.4145463117240439 -0.8101251205042244 -0.41454631172404355,
            -0.4145463117240439 -0.8101251205042244 -0.41454631172404355,
            -0.3826834323650902 0.0 -0.9238795325112865,
            -0.3826834323650902 0.0 -0.9238795325112865,
            -0.22435084723504228 -0.8101251205042245 -0.5416308581247328,
            -0.22435084723504228 -0.8101251205042245 -0.5416308581247328,
            -2.829933948867764e-17 0.0 -1.0,
            -2.829933948867764e-17 0.0 -1.0,
            0.0 -0.8101251205042245 -0.5862570162718873,
            0.0 -0.8101251205042245 -0.5862570162718873,
            0.38268343236509 0.0 -0.9238795325112866,
            0.38268343236509 0.0 -0.9238795325112866,
            0.2243508472350424 -0.8101251205042241 -0.5416308581247332,
            0.2243508472350424 -0.8101251205042241 -0.5416308581247332,
            0.7071067811865475 0.0 -0.7071067811865476,
            0.7071067811865475 0.0 -0.7071067811865476,
            0.41454631172404405 -0.810125120504224 -0.41454631172404405,
            0.41454631172404405 -0.810125120504224 -0.41454631172404405,
            0.9238795325112865 0.0 -0.3826834323650903,
            0.9238795325112865 0.0 -0.3826834323650903,
            0.5416308581247334 -0.810125120504224 -0.22435084723504267,
            0.5416308581247334 -0.810125120504224 -0.22435084723504267,
            0.5862570162718878 -0.8101251205042241 -1.1876055166322948e-16,
            0.5862570162718878 -0.8101251205042241 -1.1876055166322948e-16,
            0.13640766957750927 -0.990652788660302 -4.164868603324899e-17,
            0.13640766957750927 -0.990652788660302 -4.164868603324899e-17,
            0.5416308581247333 -0.8101251205042241 0.22435084723504212,
            0.5416308581247333 -0.8101251205042241 0.22435084723504212,
            0.12602425400022335 -0.990652788660302 0.05220095519484428,
            0.12602425400022335 -0.990652788660302 0.05220095519484428,
            0.4145463117240428 -0.8101251205042255 0.41454631172404227,
            0.4145463117240428 -0.8101251205042255 0.41454631172404227,
            0.0964547881641108 -0.990652788660302 0.09645478816411078,
            0.0964547881641108 -0.990652788660302 0.09645478816411078,
            0.22435084723504106 -0.8101251205042265 0.5416308581247303,
            0.22435084723504106 -0.8101251205042265 0.5416308581247303,
            0.05220095519484439 -0.990652788660302 0.1260242540002235,
            0.05220095519484439 -0.990652788660302 0.1260242540002235,
            1.397182960743876e-17 -0.8101251205042264 0.5862570162718845,
            1.397182960743876e-17 -0.8101251205042264 0.5862570162718845,
            0.0 -0.990652788660302 0.1364076695775095,
            0.0 -0.990652788660302 0.1364076695775095,
            -0.22435084723504103 -0.8101251205042266 0.5416308581247303,
            -0.22435084723504103 -0.8101251205042266 0.5416308581247303,
            -0.052200955194844384 -0.990652788660302 0.1260242540002235,
            -0.052200955194844384 -0.990652788660302 0.1260242540002235,
            -0.4145463117240424 -0.8101251205042258 0.41454631172404205,
            -0.4145463117240424 -0.8101251205042258 0.41454631172404205,
            -0.0964547881641108 -0.990652788660302 0.09645478816411084,
            -0.0964547881641108 -0.990652788660302 0.09645478816411084,
            -0.5416308581247329 -0.8101251205042246 0.22435084723504198,
            -0.5416308581247329 -0.8101251205042246 0.22435084723504198,
            -0.12602425400022335 -0.990652788660302 0.05220095519484431,
            -0.12602425400022335 -0.990652788660302 0.05220095519484431,
            -0.5862570162718875 -0.8101251205042241 2.7943659214877523e-17,
            -0.5862570162718875 -0.8101251205042241 2.7943659214877523e-17,
            -0.13640766957750927 -0.990652788660302 5.206085754156124e-18,
            -0.13640766957750927 -0.990652788660302 5.206085754156124e-18,
            -0.5416308581247333 -0.8101251205042241 -0.22435084723504214,
            -0.5416308581247333 -0.8101251205042241 -0.22435084723504214,
            -0.12602425400022335 -0.990652788660302 -0.05220095519484426,
            -0.12602425400022335 -0.990652788660302 -0.05220095519484426,
            -0.4145463117240439 -0.8101251205042244 -0.41454631172404355,
            -0.4145463117240439 -0.8101251205042244 -0.41454631172404355,
            -0.09645478816411074 -0.990652788660302 -0.09645478816411071,
            -0.09645478816411074 -0.990652788660302 -0.09645478816411071,
            -0.22435084723504228 -0.8101251205042245 -0.5416308581247328,
            -0.22435084723504228 -0.8101251205042245 -0.5416308581247328,
            -0.052200955194844335 -0.990652788660302 -0.12602425400022332,
            -0.052200955194844335 -0.990652788660302 -0.12602425400022332,
            0.0 -0.8101251205042245 -0.5862570162718873,
            0.0 -0.8101251205042245 -0.5862570162718873,
            -2.255970493467653e-17 -0.990652788660302 -0.13640766957750924,
            -2.255970493467653e-17 -0.990652788660302 -0.13640766957750924,
            0.2243508472350424 -0.8101251205042241 -0.5416308581247332,
            0.2243508472350424 -0.8101251205042241 -0.5416308581247332,
            0.0522009551948443 -0.990652788660302 -0.1260242540002233,
            0.0522009551948443 -0.990652788660302 -0.1260242540002233,
            0.41454631172404405 -0.810125120504224 -0.41454631172404405,
            0.41454631172404405 -0.810125120504224 -0.41454631172404405,
            0.09645478816411067 -0.990652788660302 -0.09645478816411072,
            0.09645478816411067 -0.990652788660302 -0.09645478816411072,
            0.5416308581247334 -0.810125120504224 -0.22435084723504267,
            0.5416308581247334 -0.810125120504224 -0.22435084723504267,
            0.1260242540002233 -0.990652788660302 -0.05220095519484433,
            0.1260242540002233 -0.990652788660302 -0.05220095519484433,
            0.5416308581247333 0.8101251205042241 0.22435084723504212,
            0.5416308581247333 0.8101251205042241 0.22435084723504212,
            0.12602425400022335 0.990652788660302 0.05220095519484429,
            0.12602425400022335 0.990652788660302 0.05220095519484429,
            0.5862570162718878 0.8101251205042241 -1.1876055166322948e-16,
            0.5862570162718878 0.8101251205042241 -1.1876055166322948e-16,
            0.13640766957750927 0.990652788660302 -3.991332411519695e-17,
            0.13640766957750927 0.990652788660302 -3.991332411519695e-17,
            0.5416308581247334 0.810125120504224 -0.22435084723504267,
            0.5416308581247334 0.810125120504224 -0.22435084723504267,
            0.1260242540002233 0.990652788660302 -0.05220095519484432,
            0.1260242540002233 0.990652788660302 -0.05220095519484432,
            0.41454631172404405 0.810125120504224 -0.41454631172404405,
            0.41454631172404405 0.810125120504224 -0.41454631172404405,
            0.09645478816411068 0.990652788660302 -0.09645478816411072,
            0.09645478816411068 0.990652788660302 -0.09645478816411072,
            0.2243508472350424 0.8101251205042241 -0.5416308581247332,
            0.2243508472350424 0.8101251205042241 -0.5416308581247332,
            0.0522009551948443 0.990652788660302 -0.1260242540002233,
            0.0522009551948443 0.990652788660302 -0.1260242540002233,
            0.0 0.8101251205042245 -0.5862570162718873,
            0.0 0.8101251205042245 -0.5862570162718873,
            -2.0824343016624492e-17 0.990652788660302 -0.13640766957750924,
            -2.0824343016624492e-17 0.990652788660302 -0.13640766957750924,
            -0.22435084723504228 0.8101251205042245 -0.5416308581247328,
            -0.22435084723504228 0.8101251205042245 -0.5416308581247328,
            -0.05220095519484434 0.990652788660302 -0.1260242540002233,
            -0.05220095519484434 0.990652788660302 -0.1260242540002233,
            -0.4145463117240439 0.8101251205042244 -0.41454631172404355,
            -0.4145463117240439 0.8101251205042244 -0.41454631172404355,
            -0.09645478816411074 0.990652788660302 -0.0964547881641107,
            -0.09645478816411074 0.990652788660302 -0.0964547881641107,
            -0.5416308581247333 0.8101251205042241 -0.22435084723504214,
            -0.5416308581247333 0.8101251205042241 -0.22435084723504214,
            -0.12602425400022335 0.990652788660302 -0.052200955194844294,
            -0.12602425400022335 0.990652788660302 -0.052200955194844294,
            -0.5862570162718875 0.8101251205042241 2.7943659214877523e-17,
            -0.5862570162718875 0.8101251205042241 2.7943659214877523e-17,
            -0.13640766957750927 0.990652788660302 1.0412171508312247e-17,
            -0.13640766957750927 0.990652788660302 1.0412171508312247e-17,
            -0.5416308581247329 0.8101251205042246 0.22435084723504198,
            -0.5416308581247329 0.8101251205042246 0.22435084723504198,
            -0.12602425400022335 0.990652788660302 0.052200955194844335,
            -0.12602425400022335 0.990652788660302 0.052200955194844335,
            -0.4145463117240424 0.8101251205042258 0.41454631172404205,
            -0.4145463117240424 0.8101251205042258 0.41454631172404205,
            -0.09645478816411078 0.990652788660302 0.0964547881641108,
            -0.09645478816411078 0.990652788660302 0.0964547881641108,
            -0.22435084723504103 0.8101251205042266 0.5416308581247303,
            -0.22435084723504103 0.8101251205042266 0.5416308581247303,
            -0.052200955194844384 0.990652788660302 0.1260242540002235,
            -0.052200955194844384 0.990652788660302 0.1260242540002235,
            1.397182960743876e-17 0.8101251205042264 0.5862570162718845,
            1.397182960743876e-17 0.8101251205042264 0.5862570162718845,
            1.735361918052041e-18 0.990652788660302 0.13640766957750947,
            1.735361918052041e-18 0.990652788660302 0.13640766957750947,
            0.22435084723504106 0.8101251205042265 0.5416308581247303,
            0.22435084723504106 0.8101251205042265 0.5416308581247303,
            0.052200955194844384 0.990652788660302 0.1260242540002235,
            0.052200955194844384 0.990652788660302 0.1260242540002235,
            0.4145463117240428 0.8101251205042255 0.41454631172404227,
            0.4145463117240428 0.8101251205042255 0.41454631172404227,
            0.0964547881641108 0.990652788660302 0.0964547881641108,
            0.0964547881641108 0.990652788660302 0.0964547881641108,
            0.13640766957750927 -0.990652788660302 -4.164868603324899e-17,
            0.13640766957750927 -0.990652788660302 -4.164868603324899e-17,
            0.0 -1.0 3.472916578756555e-17,
            0.12602425400022335 -0.990652788660302 0.05220095519484428,
            0.12602425400022335 -0.990652788660302 0.05220095519484428,
            0.0 -1.0 3.472916578756555e-17,
            0.0964547881641108 -0.990652788660302 0.09645478816411078,
            0.0964547881641108 -0.990652788660302 0.09645478816411078,
            0.0 -1.0 3.472916578756555e-17,
            0.05220095519484439 -0.990652788660302 0.1260242540002235,
            0.05220095519484439 -0.990652788660302 0.1260242540002235,
            0.0 -1.0 3.472916578756555e-17,
            0.0 -0.990652788660302 0.1364076695775095,
            0.0 -0.990652788660302 0.1364076695775095,
            0.0 -1.0 3.472916578756555e-17,
            -0.052200955194844384 -0.990652788660302 0.1260242540002235,
            -0.052200955194844384 -0.990652788660302 0.1260242540002235,
            0.0 -1.0 3.472916578756555e-17,
            -0.0964547881641108 -0.990652788660302 0.09645478816411084,
            -0.0964547881641108 -0.990652788660302 0.09645478816411084,
            0.0 -1.0 3.472916578756555e-17,
            -0.12602425400022335 -0.990652788660302 0.05220095519484431,
            -0.12602425400022335 -0.990652788660302 0.05220095519484431,
            0.0 -1.0 3.472916578756555e-17,
            -0.13640766957750927 -0.990652788660302 5.206085754156124e-18,
            -0.13640766957750927 -0.990652788660302 5.206085754156124e-18,
            0.0 -1.0 3.472916578756555e-17,
            -0.12602425400022335 -0.990652788660302 -0.05220095519484426,
            -0.12602425400022335 -0.990652788660302 -0.05220095519484426,
            0.0 -1.0 3.472916578756555e-17,
            -0.09645478816411074 -0.990652788660302 -0.09645478816411071,
            -0.09645478816411074 -0.990652788660302 -0.09645478816411071,
            0.0 -1.0 3.472916578756555e-17,
            -0.052200955194844335 -0.990652788660302 -0.12602425400022332,
            -0.052200955194844335 -0.990652788660302 -0.12602425400022332,
            0.0 -1.0 3.472916578756555e-17,
            -2.255970493467653e-17 -0.990652788660302 -0.13640766957750924,
            -2.255970493467653e-17 -0.990652788660302 -0.13640766957750924,
            0.0 -1.0 3.472916578756555e-17,
            0.0522009551948443 -0.990652788660302 -0.1260242540002233,
            0.0522009551948443 -0.990652788660302 -0.1260242540002233,
            0.0 -1.0 3.472916578756555e-17,
            0.09645478816411067 -0.990652788660302 -0.09645478816411072,
            0.09645478816411067 -0.990652788660302 -0.09645478816411072,
            0.0 -1.0 3.472916578756555e-17,
            0.1260242540002233 -0.990652788660302 -0.05220095519484433,
            0.1260242540002233 -0.990652788660302 -0.05220095519484433,
            0.0 -1.0 3.472916578756555e-17,
            0.12602425400022335 0.990652788660302 0.05220095519484429,
            0.12602425400022335 0.990652788660302 0.05220095519484429,
            0.0 1.0 -6.630113468535238e-17,
            0.13640766957750927 0.990652788660302 -3.991332411519695e-17,
            0.13640766957750927 0.990652788660302 -3.991332411519695e-17,
            0.0 1.0 -6.630113468535238e-17,
            0.1260242540002233 0.990652788660302 -0.05220095519484432,
            0.1260242540002233 0.990652788660302 -0.05220095519484432,
            0.0 1.0 -6.630113468535238e-17,
            0.09645478816411068 0.990652788660302 -0.09645478816411072,
            0.09645478816411068 0.990652788660302 -0.09645478816411072,
            0.0 1.0 -6.630113468535238e-17,
            0.0522009551948443 0.990652788660302 -0.1260242540002233,
            0.0522009551948443 0.990652788660302 -0.1260242540002233,
            0.0 1.0 -6.630113468535238e-17,
            -2.0824343016624492e-17 0.990652788660302 -0.13640766957750924,
            -2.0824343016624492e-17 0.990652788660302 -0.13640766957750924,
            0.0 1.0 -6.630113468535238e-17,
            -0.05220095519484434 0.990652788660302 -0.1260242540002233,
            -0.05220095519484434 0.990652788660302 -0.1260242540002233,
            0.0 1.0 -6.630113468535238e-17,
            -0.09645478816411074 0.990652788660302 -0.0964547881641107,
            -0.09645478816411074 0.990652788660302 -0.0964547881641107,
            0.0 1.0 -6.630113468535238e-17,
            -0.12602425400022335 0.990652788660302 -0.052200955194844294,
            -0.12602425400022335 0.990652788660302 -0.052200955194844294,
            0.0 1.0 -6.630113468535238e-17,
            -0.13640766957750927 0.990652788660302 1.0412171508312247e-17,
            -0.13640766957750927 0.990652788660302 1.0412171508312247e-17,
            0.0 1.0 -6.630113468535238e-17,
            -0.12602425400022335 0.990652788660302 0.052200955194844335,
            -0.12602425400022335 0.990652788660302 0.052200955194844335,
            0.0 1.0 -6.630113468535238e-17,
            -0.09645478816411078 0.990652788660302 0.0964547881641108,
            -0.09645478816411078 0.990652788660302 0.0964547881641108,
            0.0 1.0 -6.630113468535238e-17,
            -0.052200955194844384 0.990652788660302 0.1260242540002235,
            -0.052200955194844384 0.990652788660302 0.1260242540002235,
            0.0 1.0 -6.630113468535238e-17,
            1.735361918052041e-18 0.990652788660302 0.13640766957750947,
            1.735361918052041e-18 0.990652788660302 0.13640766957750947,
            0.0 1.0 -6.630113468535238e-17,
            0.052200955194844384 0.990652788660302 0.1260242540002235,
            0.052200955194844384 0.990652788660302 0.1260242540002235,
            0.0 1.0 -6.630113468535238e-17,
            0.0964547881641108 0.990652788660302 0.0964547881641108,
            0.0964547881641108 0.990652788660302 0.0964547881641108,
            0.0 1.0 -6.630113468535238e-17,
            -0.6452758859160517 1.9807795673033665e-16 -0.7639496259932684,
            -0.6452758859160517 1.9807795673033665e-16 -0.7639496259932684,
            -0.40303369287238994 6.760206898203083e-16 -0.9151851410559746,
            -0.40303369287238994 6.760206898203083e-16 -0.9151851410559746,
            -0.5963639660330678 -0.38198518765465633 -0.7060009464793563,
            -0.5963639660330678 -0.38198518765465633 -0.7060009464793563,
            -0.4338615218604375 -0.3564645784895281 -0.8274643098836519,
            -0.4338615218604375 -0.3564645784895281 -0.8274643098836519,
            -0.4568251877316642 -0.7063507060263354 -0.54072121093039,
            -0.4568251877316642 -0.7063507060263354 -0.54072121093039,
            -0.41627962204471985 -0.6902001556350081 -0.5918910553739731,
            -0.41627962204471985 -0.6902001556350081 -0.5918910553739731,
            -0.24745007397204838 -0.9235901368650289 -0.29283053115559016,
            -0.24745007397204838 -0.9235901368650289 -0.29283053115559016,
            -0.2548029759016734 -0.920069743726356 -0.2975686645985575,
            -0.2548029759016734 -0.920069743726356 -0.2975686645985575,
            1.1820246714598534e-5 -0.9999999998765634 -1.0351573028539398e-5,
            1.1820246714598534e-5 -0.9999999998765634 -1.0351573028539398e-5,
            0.0025022334100394386 -0.9999916658031003 -0.003226011826098771,
            0.0025022334100394386 -0.9999916658031003 -0.003226011826098771,
            0.24755802921210318 -0.9235909646037836 0.29273666028509643,
            0.24755802921210318 -0.9235909646037836 0.29273666028509643,
            0.2824394616451767 -0.9221857248655951 0.2641996202868194,
            0.2824394616451767 -0.9221857248655951 0.2641996202868194,
            0.4571379325803342 -0.7063540339213967 0.5404524857553605,
            0.4571379325803342 -0.7063540339213967 0.5404524857553605,
            0.5255269840865522 -0.703083500084816 0.4790563441865447,
            0.5255269840865522 -0.703083500084816 0.4790563441865447,
            0.5968832411097387 -0.3819890614117964 0.7055598865043763,
            0.5968832411097387 -0.3819890614117964 0.7055598865043763,
            0.6885581551090044 -0.37917139073577955 0.6181559054804694,
            0.6885581551090044 -0.37917139073577955 0.6181559054804694,
            0.6458812163657136 1.1318746561343896e-16 0.7634379178073004,
            0.6458812163657136 1.1318746561343896e-16 0.7634379178073004,
            0.7457287883203977 0.0 0.6662496335985421,
            0.7457287883203977 0.0 0.6662496335985421,
            0.5968832411097387 0.38198906141179634 0.7055598865043764,
            0.5968832411097387 0.38198906141179634 0.7055598865043764,
            0.6885581551090043 0.37917139073578005 0.6181559054804693,
            0.6885581551090043 0.37917139073578005 0.6181559054804693,
            0.45713793258033464 0.7063540339213961 0.5404524857553611,
            0.45713793258033464 0.7063540339213961 0.5404524857553611,
            0.525526984086553 0.7030835000848157 0.47905634418654447,
            0.525526984086553 0.7030835000848157 0.47905634418654447,
            0.24755802921210407 0.923590964603783 0.2927366602850975,
            0.24755802921210407 0.923590964603783 0.2927366602850975,
            0.2824394616451785 0.9221857248655945 0.26419962028681976,
            0.2824394616451785 0.9221857248655945 0.26419962028681976,
            1.1820246714485328e-5 0.9999999998765634 -1.0351573028638457e-5,
            1.1820246714485328e-5 0.9999999998765634 -1.0351573028638457e-5,
            0.0025022334100395244 0.9999916658031003 -0.0032260118260991257,
            0.0025022334100395244 0.9999916658031003 -0.0032260118260991257,
            -0.247450073972049 0.9235901368650284 -0.2928305311555909,
            -0.247450073972049 0.9235901368650284 -0.2928305311555909,
            -0.2548029759016736 0.9200697437263555 -0.297568664598559,
            -0.2548029759016736 0.9200697437263555 -0.297568664598559,
            -0.45682518773166403 0.7063507060263355 -0.5407212109303899,
            -0.45682518773166403 0.7063507060263355 -0.5407212109303899,
            -0.416279622044718 0.6902001556350077 -0.5918910553739748,
            -0.416279622044718 0.6902001556350077 -0.5918910553739748,
            -0.5963639660330676 0.3819851876546567 -0.7060009464793562,
            -0.5963639660330676 0.3819851876546567 -0.7060009464793562,
            -0.43386152186043575 0.35646457848952867 -0.8274643098836524,
            -0.43386152186043575 0.35646457848952867 -0.8274643098836524,
            -0.6452758859160517 1.9807795673033665e-16 -0.7639496259932684,
            -0.6452758859160517 1.9807795673033665e-16 -0.7639496259932684,
            -0.6835923020228725 8.488249521176878e-17 -0.7298640726978346,
            -0.6835923020228725 8.488249521176878e-17 -0.7298640726978346,
            -0.5963639660330678 -0.38198518765465633 -0.7060009464793563,
            -0.5963639660330678 -0.38198518765465633 -0.7060009464793563,
            -0.6374762333934056 -0.3808407070402305 -0.6697644419642278,
            -0.6374762333934056 -0.3808407070402305 -0.6697644419642278,
            -0.4568251877316642 -0.7063507060263354 -0.54072121093039,
            -0.4568251877316642 -0.7063507060263354 -0.54072121093039,
            -0.5061487809106392 -0.7037018687631921 -0.49861517373808933,
            -0.5061487809106392 -0.7037018687631921 -0.49861517373808933,
            -0.24745007397204838 -0.9235901368650289 -0.29283053115559016,
            -0.24745007397204838 -0.9235901368650289 -0.29283053115559016,
            -0.30960335872875194 -0.9194308000402822 -0.24247219263487133,
            -0.30960335872875194 -0.9194308000402822 -0.24247219263487133,
            1.1820246714598534e-5 -0.9999999998765634 -1.0351573028539398e-5,
            1.1820246714598534e-5 -0.9999999998765634 -1.0351573028539398e-5,
            -0.07776222568624863 -0.9951847266721973 0.05966905441436923,
            -0.07776222568624863 -0.9951847266721973 0.05966905441436923,
            0.24755802921210318 -0.9235909646037836 0.29273666028509643,
            0.24755802921210318 -0.9235909646037836 0.29273666028509643,
            0.15407890735625188 -0.9194308000402812 0.36181030146361504,
            0.15407890735625188 -0.9194308000402812 0.36181030146361504,
            0.4571379325803342 -0.7063540339213967 0.5404524857553605,
            0.4571379325803342 -0.7063540339213967 0.5404524857553605,
            0.3506243295381341 -0.7037018687631901 0.617953282566836,
            0.3506243295381341 -0.7037018687631901 0.617953282566836,
            0.5968832411097387 -0.3819890614117964 0.7055598865043763,
            0.5968832411097387 -0.3819890614117964 0.7055598865043763,
            0.4819517820208991 -0.3808407070402313 0.789102550792973,
            0.4819517820208991 -0.3808407070402313 0.789102550792973,
            0.6458812163657136 1.1318746561343896e-16 0.7634379178073004,
            0.6458812163657136 1.1318746561343896e-16 0.7634379178073004,
            0.5280678506503662 2.6879456817060123e-16 0.84920218152658,
            0.5280678506503662 2.6879456817060123e-16 0.84920218152658,
            0.5968832411097387 0.38198906141179634 0.7055598865043764,
            0.5968832411097387 0.38198906141179634 0.7055598865043764,
            0.48195178202089856 0.380840707040231 0.7891025507929735,
            0.48195178202089856 0.380840707040231 0.7891025507929735,
            0.45713793258033464 0.7063540339213961 0.5404524857553611,
            0.45713793258033464 0.7063540339213961 0.5404524857553611,
            0.35062432953813244 0.7037018687631899 0.6179532825668373,
            0.35062432953813244 0.7037018687631899 0.6179532825668373,
            0.24755802921210407 0.923590964603783 0.2927366602850975,
            0.24755802921210407 0.923590964603783 0.2927366602850975,
            0.1540789073562481 0.9194308000402808 0.3618103014636178,
            0.1540789073562481 0.9194308000402808 0.3618103014636178,
            1.1820246714485328e-5 0.9999999998765634 -1.0351573028638457e-5,
            1.1820246714485328e-5 0.9999999998765634 -1.0351573028638457e-5,
            -0.07776222568625289 0.9951847266721967 0.05966905441437296,
            -0.07776222568625289 0.9951847266721967 0.05966905441437296,
            -0.247450073972049 0.9235901368650284 -0.2928305311555909,
            -0.247450073972049 0.9235901368650284 -0.2928305311555909,
            -0.309603358728754 0.9194308000402818 -0.2424721926348705,
            -0.309603358728754 0.9194308000402818 -0.2424721926348705,
            -0.45682518773166403 0.7063507060263355 -0.5407212109303899,
            -0.45682518773166403 0.7063507060263355 -0.5407212109303899,
            -0.5061487809106394 0.703701868763192 -0.49861517373808933,
            -0.5061487809106394 0.703701868763192 -0.49861517373808933,
            -0.5963639660330676 0.3819851876546567 -0.7060009464793562,
            -0.5963639660330676 0.3819851876546567 -0.7060009464793562,
            -0.6374762333934061 0.38084070704023076 -0.6697644419642272,
            -0.6374762333934061 0.38084070704023076 -0.6697644419642272,
            -0.8066299871365382 2.3942399431135926e-16 -0.5910567348843156,
            -0.8066299871365382 2.3942399431135926e-16 -0.5910567348843156,
            -1.0 7.357828267056185e-16 0.0,
            -1.0 7.357828267056185e-16 0.0,
            -0.7894672545975456 -0.3564645784895285 -0.49967435215397743,
            -0.7894672545975456 -0.3564645784895285 -0.49967435215397743,
            -0.9238795325112868 -0.38268343236508956 0.0,
            -0.9238795325112868 -0.38268343236508956 0.0,
            -0.6564542554554991 -0.6902001556350077 -0.30445287920428243,
            -0.6564542554554991 -0.6902001556350077 -0.30445287920428243,
            -0.7071067811865472 -0.7071067811865477 0.0,
            -0.7071067811865472 -0.7071067811865477 0.0,
            -0.3694501823900027 -0.920069743726356 -0.13030053496172397,
            -0.3694501823900027 -0.920069743726356 -0.13030053496172397,
            -0.3826834323650893 -0.923879532511287 0.0,
            -0.3826834323650893 -0.923879532511287 0.0,
            5.539917862428193e-4 -0.9999916658031003 -0.004044924899330438,
            5.539917862428193e-4 -0.9999916658031003 -0.004044924899330438,
            0.0 -1.0 0.0,
            0.0 -1.0 0.0,
            0.37669955895933255 -0.9221857248655957 0.08758385201599711,
            0.37669955895933255 -0.9221857248655957 0.08758385201599711,
            0.38268343236508784 -0.9238795325112875 0.0,
            0.38268343236508784 -0.9238795325112875 0.0,
            0.6946478906864476 -0.7030835000848158 0.15211147186637142,
            0.6946478906864476 -0.7030835000848158 0.15211147186637142,
            0.7071067811865468 -0.7071067811865482 0.0,
            0.7071067811865468 -0.7071067811865482 0.0,
            0.9053868070475789 -0.3791713907357789 0.19105964009095538,
            0.9053868070475789 -0.3791713907357789 0.19105964009095538,
            0.9238795325112864 -0.38268343236509056 0.0,
            0.9238795325112864 -0.38268343236509056 0.0,
            0.9789448918181239 0.0 0.20412471379821143,
            0.9789448918181239 0.0 0.20412471379821143,
            1.0 0.0 0.0,
            1.0 0.0 0.0,
            0.9053868070475786 0.3791713907357793 0.19105964009095536,
            0.9053868070475786 0.3791713907357793 0.19105964009095536,
            0.9238795325112863 0.38268343236509106 0.0,
            0.9238795325112863 0.38268343236509106 0.0,
            0.694647890686448 0.7030835000848151 0.1521114718663724,
            0.694647890686448 0.7030835000848151 0.1521114718663724,
            0.7071067811865481 0.7071067811865468 0.0,
            0.7071067811865481 0.7071067811865468 0.0,
            0.37669955895933416 0.9221857248655949 0.08758385201599879,
            0.37669955895933416 0.9221857248655949 0.08758385201599879,
            0.38268343236509034 0.9238795325112864 0.0,
            0.38268343236509034 0.9238795325112864 0.0,
            5.53991786242409e-4 0.9999916658031004 -0.004044924899330185,
            5.53991786242409e-4 0.9999916658031004 -0.004044924899330185,
            -7.357828267056185e-16 1.0 0.0,
            -7.357828267056185e-16 1.0 0.0,
            -0.3694501823900036 0.9200697437263555 -0.1303005349617242,
            -0.3694501823900036 0.9200697437263555 -0.1303005349617242,
            -0.38268343236509034 0.9238795325112865 0.0,
            -0.38268343236509034 0.9238795325112865 0.0,
            -0.6564542554554983 0.6902001556350078 -0.3044528792042839,
            -0.6564542554554983 0.6902001556350078 -0.3044528792042839,
            -0.707106781186547 0.7071067811865479 0.0,
            -0.707106781186547 0.7071067811865479 0.0,
            -0.789467254597543 0.35646457848952895 -0.4996743521539811,
            -0.789467254597543 0.35646457848952895 -0.4996743521539811,
            -0.9238795325112864 0.3826834323650907 0.0,
            -0.9238795325112864 0.3826834323650907 0.0,
            -1.0 7.357828267056185e-16 0.0,
            -1.0 7.357828267056185e-16 0.0,
            -0.8700221846046782 1.0422210736069166e-15 -0.49301257417605826,
            -0.8700221846046782 1.0422210736069166e-15 -0.49301257417605826,
            -0.9238795325112868 -0.38268343236508956 0.0,
            -0.9238795325112868 -0.38268343236508956 0.0,
            -0.8037956891870192 -0.33294307583829025 -0.4930125741760583,
            -0.8037956891870192 -0.33294307583829025 -0.4930125741760583,
            -0.7071067811865472 -0.7071067811865477 0.0,
            -0.7071067811865472 -0.7071067811865477 0.0,
            -0.6151985865167022 -0.6151985865167025 -0.4930125741760578,
            -0.6151985865167022 -0.6151985865167025 -0.4930125741760578,
            -0.3826834323650893 -0.923879532511287 0.0,
            -0.3826834323650893 -0.923879532511287 0.0,
            -0.332943075838291 -0.8037956891870189 -0.49301257417605815,
            -0.332943075838291 -0.8037956891870189 -0.49301257417605815,
            0.0 -1.0 0.0,
            0.0 -1.0 0.0,
            0.0 -0.8700221846046783 -0.4930125741760581,
            0.0 -0.8700221846046783 -0.4930125741760581,
            0.38268343236508784 -0.9238795325112875 0.0,
            0.38268343236508784 -0.9238795325112875 0.0,
            0.3329430758382896 -0.8037956891870196 -0.4930125741760581,
            0.3329430758382896 -0.8037956891870196 -0.4930125741760581,
            0.7071067811865468 -0.7071067811865482 0.0,
            0.7071067811865468 -0.7071067811865482 0.0,
            0.6151985865167016 -0.6151985865167028 -0.49301257417605826,
            0.6151985865167016 -0.6151985865167028 -0.49301257417605826,
            0.9238795325112864 -0.38268343236509056 0.0,
            0.9238795325112864 -0.38268343236509056 0.0,
            0.8037956891870183 -0.33294307583829297 -0.493012574176058,
            0.8037956891870183 -0.33294307583829297 -0.493012574176058,
            1.0 0.0 0.0,
            1.0 0.0 0.0,
            0.870022184604678 1.1267254849804517e-16 -0.49301257417605865,
            0.870022184604678 1.1267254849804517e-16 -0.49301257417605865,
            0.9238795325112863 0.38268343236509106 0.0,
            0.9238795325112863 0.38268343236509106 0.0,
            0.8037956891870178 0.3329430758382936 -0.4930125741760582,
            0.8037956891870178 0.3329430758382936 -0.4930125741760582,
            0.7071067811865481 0.7071067811865468 0.0,
            0.7071067811865481 0.7071067811865468 0.0,
            0.6151985865167026 0.6151985865167015 -0.4930125741760587,
            0.6151985865167026 0.6151985865167015 -0.4930125741760587,
            0.38268343236509034 0.9238795325112864 0.0,
            0.38268343236509034 0.9238795325112864 0.0,
            0.3329430758382917 0.8037956891870182 -0.4930125741760589,
            0.3329430758382917 0.8037956891870182 -0.4930125741760589,
            -7.357828267056185e-16 1.0 0.0,
            -7.357828267056185e-16 1.0 0.0,
            -3.2393357693187965e-16 0.870022184604678 -0.4930125741760586,
            -3.2393357693187965e-16 0.870022184604678 -0.4930125741760586,
            -0.38268343236509034 0.9238795325112865 0.0,
            -0.38268343236509034 0.9238795325112865 0.0,
            -0.332943075838292 0.8037956891870184 -0.4930125741760583,
            -0.332943075838292 0.8037956891870184 -0.4930125741760583,
            -0.707106781186547 0.7071067811865479 0.0,
            -0.707106781186547 0.7071067811865479 0.0,
            -0.6151985865167027 0.6151985865167021 -0.493012574176058,
            -0.6151985865167027 0.6151985865167021 -0.493012574176058,
            -0.9238795325112864 0.3826834323650907 0.0,
            -0.9238795325112864 0.3826834323650907 0.0,
            -0.8037956891870188 0.3329430758382911 -0.4930125741760582,
            -0.8037956891870188 0.3329430758382911 -0.4930125741760582,
            -0.8700221846046782 1.0422210736069166e-15 -0.49301257417605826,
            -0.8700221846046782 1.0422210736069166e-15 -0.49301257417605826,
            1.5087817563567157e-16 -1.6921578347988318e-17 -1.0,
            -0.8037956891870192 -0.33294307583829025 -0.4930125741760583,
            -0.8037956891870192 -0.33294307583829025 -0.4930125741760583,
            1.5087817563567157e-16 -1.6921578347988318e-17 -1.0,
            -0.6151985865167022 -0.6151985865167025 -0.4930125741760578,
            -0.6151985865167022 -0.6151985865167025 -0.4930125741760578,
            1.5087817563567157e-16 -1.6921578347988318e-17 -1.0,
            -0.332943075838291 -0.8037956891870189 -0.49301257417605815,
            -0.332943075838291 -0.8037956891870189 -0.49301257417605815,
            1.5087817563567157e-16 -1.6921578347988318e-17 -1.0,
            0.0 -0.8700221846046783 -0.4930125741760581,
            0.0 -0.8700221846046783 -0.4930125741760581,
            1.5087817563567157e-16 -1.6921578347988318e-17 -1.0,
            0.3329430758382896 -0.8037956891870196 -0.4930125741760581,
            0.3329430758382896 -0.8037956891870196 -0.4930125741760581,
            1.5087817563567157e-16 -1.6921578347988318e-17 -1.0,
            0.6151985865167016 -0.6151985865167028 -0.49301257417605826,
            0.6151985865167016 -0.6151985865167028 -0.49301257417605826,
            1.5087817563567157e-16 -1.6921578347988318e-17 -1.0,
            0.8037956891870183 -0.33294307583829297 -0.493012574176058,
            0.8037956891870183 -0.33294307583829297 -0.493012574176058,
            1.5087817563567157e-16 -1.6921578347988318e-17 -1.0,
            0.870022184604678 1.1267254849804517e-16 -0.49301257417605865,
            0.870022184604678 1.1267254849804517e-16 -0.49301257417605865,
            1.5087817563567157e-16 -1.6921578347988318e-17 -1.0,
            0.8037956891870178 0.3329430758382936 -0.4930125741760582,
            0.8037956891870178 0.3329430758382936 -0.4930125741760582,
            1.5087817563567157e-16 -1.6921578347988318e-17 -1.0,
            0.6151985865167026 0.6151985865167015 -0.4930125741760587,
            0.6151985865167026 0.6151985865167015 -0.4930125741760587,
            1.5087817563567157e-16 -1.6921578347988318e-17 -1.0,
            0.3329430758382917 0.8037956891870182 -0.4930125741760589,
            0.3329430758382917 0.8037956891870182 -0.4930125741760589,
            1.5087817563567157e-16 -1.6921578347988318e-17 -1.0,
            -3.2393357693187965e-16 0.870022184604678 -0.4930125741760586,
            -3.2393357693187965e-16 0.870022184604678 -0.4930125741760586,
            1.5087817563567157e-16 -1.6921578347988318e-17 -1.0,
            -0.332943075838292 0.8037956891870184 -0.4930125741760583,
            -0.332943075838292 0.8037956891870184 -0.4930125741760583,
            1.5087817563567157e-16 -1.6921578347988318e-17 -1.0,
            -0.6151985865167027 0.6151985865167021 -0.493012574176058,
            -0.6151985865167027 0.6151985865167021 -0.493012574176058,
            1.5087817563567157e-16 -1.6921578347988318e-17 -1.0,
            -0.8037956891870188 0.3329430758382911 -0.4930125741760582,
            -0.8037956891870188 0.3329430758382911 -0.4930125741760582,
            1.5087817563567157e-16 -1.6921578347988318e-17 -1.0,
            0.6452761771613708 1.8392953129892695e-16 -0.7639493799905904,
            0.6452761771613708 1.8392953129892695e-16 -0.7639493799905904,
            0.40303369287238844 8.450258622753854e-16 -0.9151851410559753,
            0.40303369287238844 8.450258622753854e-16 -0.9151851410559753,
            0.596364234210971 -0.381985189778527 -0.7060007187983769,
            0.596364234210971 -0.381985189778527 -0.7060007187983769,
            0.4338615218604367 -0.35646457848952806 -0.8274643098836523,
            0.4338615218604367 -0.35646457848952806 -0.8274643098836523,
            0.45682539122022253 -0.7063507083111739 -0.5407210360294794,
            0.45682539122022253 -0.7063507083111739 -0.5407210360294794,
            0.4162796220447202 -0.6902001556350081 -0.591891055373973,
            0.4162796220447202 -0.6902001556350081 -0.591891055373973,
            0.24745018298988672 -0.9235901377317043 -0.29283043629889866,
            0.24745018298988672 -0.9235901377317043 -0.29283043629889866,
            0.25480297590167456 -0.9200697437263555 -0.297568664598558,
            0.25480297590167456 -0.9200697437263555 -0.297568664598558,
            -1.1820008794300219e-5 -0.9999999998765684 -1.0351364968327139e-5,
            -1.1820008794300219e-5 -0.9999999998765684 -1.0351364968327139e-5,
            -0.002502233410039326 -0.9999916658031003 -0.0032260118260991825,
            -0.002502233410039326 -0.9999916658031003 -0.0032260118260991825,
            -0.2475581360506458 -0.9235909654368019 0.2927365673069326,
            -0.2475581360506458 -0.9235909654368019 0.2927365673069326,
            -0.2824394616451777 -0.9221857248655947 0.26419962028681987,
            -0.2824394616451777 -0.9221857248655947 0.26419962028681987,
            -0.4571381297248222 -0.7063540360709398 0.5404523161926361,
            -0.4571381297248222 -0.7063540360709398 0.5404523161926361,
            -0.5255269840865522 -0.7030835000848161 0.47905634418654464,
            -0.5255269840865522 -0.7030835000848161 0.47905634418654464,
            -0.5968834987051999 -0.3819890633782012 0.7055596675213827,
            -0.5968834987051999 -0.3819890633782012 0.7055596675213827,
            -0.6885581551090053 -0.3791713907357787 0.618155905480469,
            -0.6885581551090053 -0.3791713907357787 0.618155905480469,
            -0.6458814952515365 -9.903903243612419e-17 0.7634376818651535,
            -0.6458814952515365 -9.903903243612419e-17 0.7634376818651535,
            -0.7457287883203989 -1.838669021102139e-16 0.6662496335985407,
            -0.7457287883203989 -1.838669021102139e-16 0.6662496335985407,
            -0.5968834987052001 0.3819890633782007 0.7055596675213828,
            -0.5968834987052001 0.3819890633782007 0.7055596675213828,
            -0.6885581551090053 0.37917139073577855 0.618155905480469,
            -0.6885581551090053 0.37917139073577855 0.618155905480469,
            -0.4571381297248222 0.7063540360709398 0.5404523161926361,
            -0.4571381297248222 0.7063540360709398 0.5404523161926361,
            -0.5255269840865519 0.7030835000848159 0.4790563441865453,
            -0.5255269840865519 0.7030835000848159 0.4790563441865453,
            -0.24755813605064542 0.9235909654368021 0.29273656730693215,
            -0.24755813605064542 0.9235909654368021 0.29273656730693215,
            -0.2824394616451772 0.9221857248655947 0.26419962028682065,
            -0.2824394616451772 0.9221857248655947 0.26419962028682065,
            -1.1820008794370973e-5 0.9999999998765684 -1.0351364968242234e-5,
            -1.1820008794370973e-5 0.9999999998765684 -1.0351364968242234e-5,
            -0.002502233410039057 0.9999916658031003 -0.003226011826099055,
            -0.002502233410039057 0.9999916658031003 -0.003226011826099055,
            0.24745018298988639 0.9235901377317044 -0.29283043629889816,
            0.24745018298988639 0.9235901377317044 -0.29283043629889816,
            0.2548029759016736 0.9200697437263556 -0.29756866459855863,
            0.2548029759016736 0.9200697437263556 -0.29756866459855863,
            0.4568253912202225 0.7063507083111741 -0.5407210360294792,
            0.4568253912202225 0.7063507083111741 -0.5407210360294792,
            0.4162796220447174 0.6902001556350078 -0.5918910553739752,
            0.4162796220447174 0.6902001556350078 -0.5918910553739752,
            0.596364234210971 0.38198518977852697 -0.7060007187983769,
            0.596364234210971 0.38198518977852697 -0.7060007187983769,
            0.4338615218604345 0.35646457848952845 -0.8274643098836532,
            0.4338615218604345 0.35646457848952845 -0.8274643098836532,
            0.6452761771613708 1.8392953129892695e-16 -0.7639493799905904,
            0.6452761771613708 1.8392953129892695e-16 -0.7639493799905904,
            0.6835923020228689 -1.8391207295883245e-16 -0.7298640726978379,
            0.6835923020228689 -1.8391207295883245e-16 -0.7298640726978379,
            0.596364234210971 -0.381985189778527 -0.7060007187983769,
            0.596364234210971 -0.381985189778527 -0.7060007187983769,
            0.6374762333934026 -0.38084070704023143 -0.6697644419642302,
            0.6374762333934026 -0.38084070704023143 -0.6697644419642302,
            0.45682539122022253 -0.7063507083111739 -0.5407210360294794,
            0.45682539122022253 -0.7063507083111739 -0.5407210360294794,
            0.5061487809106382 -0.7037018687631915 -0.49861517373809133,
            0.5061487809106382 -0.7037018687631915 -0.49861517373809133,
            0.24745018298988672 -0.9235901377317043 -0.29283043629889866,
            0.24745018298988672 -0.9235901377317043 -0.29283043629889866,
            0.30960335872875266 -0.919430800040282 -0.24247219263487166,
            0.30960335872875266 -0.919430800040282 -0.24247219263487166,
            -1.1820008794300219e-5 -0.9999999998765684 -1.0351364968327139e-5,
            -1.1820008794300219e-5 -0.9999999998765684 -1.0351364968327139e-5,
            0.07776222568625 -0.9951847266721972 0.059669054414370384,
            0.07776222568625 -0.9951847266721972 0.059669054414370384,
            -0.2475581360506458 -0.9235909654368019 0.2927365673069326,
            -0.2475581360506458 -0.9235909654368019 0.2927365673069326,
            -0.15407890735625182 -0.919430800040281 0.36181030146361565,
            -0.15407890735625182 -0.919430800040281 0.36181030146361565,
            -0.4571381297248222 -0.7063540360709398 0.5404523161926361,
            -0.4571381297248222 -0.7063540360709398 0.5404523161926361,
            -0.3506243295381342 -0.7037018687631901 0.6179532825668359,
            -0.3506243295381342 -0.7037018687631901 0.6179532825668359,
            -0.5968834987051999 -0.3819890633782012 0.7055596675213827,
            -0.5968834987051999 -0.3819890633782012 0.7055596675213827,
            -0.4819517820208982 -0.38084070704023304 0.7891025507929728,
            -0.4819517820208982 -0.38084070704023304 0.7891025507929728,
            -0.6458814952515365 -9.903903243612419e-17 0.7634376818651535,
            -0.6458814952515365 -9.903903243612419e-17 0.7634376818651535,
            -0.528067850650366 0.0 0.8492021815265801,
            -0.528067850650366 0.0 0.8492021815265801,
            -0.5968834987052001 0.3819890633782007 0.7055596675213828,
            -0.5968834987052001 0.3819890633782007 0.7055596675213828,
            -0.4819517820208981 0.3808407070402325 0.7891025507929731,
            -0.4819517820208981 0.3808407070402325 0.7891025507929731,
            -0.4571381297248222 0.7063540360709398 0.5404523161926361,
            -0.4571381297248222 0.7063540360709398 0.5404523161926361,
            -0.35062432953813294 0.7037018687631899 0.6179532825668369,
            -0.35062432953813294 0.7037018687631899 0.6179532825668369,
            -0.24755813605064542 0.9235909654368021 0.29273656730693215,
            -0.24755813605064542 0.9235909654368021 0.29273656730693215,
            -0.1540789073562491 0.9194308000402809 0.36181030146361703,
            -0.1540789073562491 0.9194308000402809 0.36181030146361703,
            -1.1820008794370973e-5 0.9999999998765684 -1.0351364968242234e-5,
            -1.1820008794370973e-5 0.9999999998765684 -1.0351364968242234e-5,
            0.07776222568625257 0.9951847266721967 0.05966905441437252,
            0.07776222568625257 0.9951847266721967 0.05966905441437252,
            0.24745018298988639 0.9235901377317044 -0.29283043629889816,
            0.24745018298988639 0.9235901377317044 -0.29283043629889816,
            0.3096033587287543 0.9194308000402818 -0.24247219263487027,
            0.3096033587287543 0.9194308000402818 -0.24247219263487027,
            0.4568253912202225 0.7063507083111741 -0.5407210360294792,
            0.4568253912202225 0.7063507083111741 -0.5407210360294792,
            0.506148780910639 0.7037018687631915 -0.4986151737380905,
            0.506148780910639 0.7037018687631915 -0.4986151737380905,
            0.596364234210971 0.38198518977852697 -0.7060007187983769,
            0.596364234210971 0.38198518977852697 -0.7060007187983769,
            0.637476233393403 0.38084070704023154 -0.66976444196423,
            0.637476233393403 0.38084070704023154 -0.66976444196423,
            0.8066299871365372 1.549214080838207e-16 -0.591056734884317,
            0.8066299871365372 1.549214080838207e-16 -0.591056734884317,
            1.0 0.0 0.0,
            1.0 0.0 0.0,
            0.7894672545975451 -0.35646457848952895 -0.49967435215397776,
            0.7894672545975451 -0.35646457848952895 -0.49967435215397776,
            0.923879532511287 -0.3826834323650891 0.0,
            0.923879532511287 -0.3826834323650891 0.0,
            0.6564542554554996 -0.6902001556350077 -0.3044528792042814,
            0.6564542554554996 -0.6902001556350077 -0.3044528792042814,
            0.7071067811865475 -0.7071067811865477 0.0,
            0.7071067811865475 -0.7071067811865477 0.0,
            0.3694501823900036 -0.9200697437263554 -0.1303005349617249,
            0.3694501823900036 -0.9200697437263554 -0.1303005349617249,
            0.3826834323650898 -0.9238795325112867 0.0,
            0.3826834323650898 -0.9238795325112867 0.0,
            -5.539917862429186e-4 -0.9999916658031004 -0.004044924899330323,
            -5.539917862429186e-4 -0.9999916658031004 -0.004044924899330323,
            -3.678914133528093e-16 -1.0 0.0,
            -3.678914133528093e-16 -1.0 0.0,
            -0.37669955895933444 -0.9221857248655947 0.08758385201599925,
            -0.37669955895933444 -0.9221857248655947 0.08758385201599925,
            -0.38268343236509106 -0.9238795325112862 0.0,
            -0.38268343236509106 -0.9238795325112862 0.0,
            -0.6946478906864472 -0.7030835000848163 0.15211147186637106,
            -0.6946478906864472 -0.7030835000848163 0.15211147186637106,
            -0.7071067811865481 -0.7071067811865468 0.0,
            -0.7071067811865481 -0.7071067811865468 0.0,
            -0.9053868070475793 -0.3791713907357791 0.19105964009095308,
            -0.9053868070475793 -0.3791713907357791 0.19105964009095308,
            -0.9238795325112863 -0.38268343236509106 0.0,
            -0.9238795325112863 -0.38268343236509106 0.0,
            -0.9789448918181244 -2.1215411781947763e-16 0.204124713798209,
            -0.9789448918181244 -2.1215411781947763e-16 0.204124713798209,
            -1.0 -1.8394570667640473e-16 0.0,
            -1.0 -1.8394570667640473e-16 0.0,
            -0.9053868070475793 0.379171390735779 0.19105964009095308,
            -0.9053868070475793 0.379171390735779 0.19105964009095308,
            -0.9238795325112863 0.38268343236509084 0.0,
            -0.9238795325112863 0.38268343236509084 0.0,
            -0.6946478906864479 0.7030835000848159 0.15211147186637033,
            -0.6946478906864479 0.7030835000848159 0.15211147186637033,
            -0.7071067811865479 0.7071067811865471 0.0,
            -0.7071067811865479 0.7071067811865471 0.0,
            -0.3766995589593349 0.9221857248655947 0.08758385201599805,
            -0.3766995589593349 0.9221857248655947 0.08758385201599805,
            -0.3826834323650907 0.9238795325112864 0.0,
            -0.3826834323650907 0.9238795325112864 0.0,
            -5.539917862425788e-4 0.9999916658031004 -0.004044924899330801,
            -5.539917862425788e-4 0.9999916658031004 -0.004044924899330801,
            -3.537417436084705e-16 1.0 0.0,
            -3.537417436084705e-16 1.0 0.0,
            0.3694501823900028 0.9200697437263556 -0.13030053496172575,
            0.3694501823900028 0.9200697437263556 -0.13030053496172575,
            0.38268343236508967 0.9238795325112868 0.0,
            0.38268343236508967 0.9238795325112868 0.0,
            0.6564542554554977 0.690200155635008 -0.3044528792042848,
            0.6564542554554977 0.690200155635008 -0.3044528792042848,
            0.7071067811865462 0.7071067811865488 0.0,
            0.7071067811865462 0.7071067811865488 0.0,
            0.789467254597543 0.35646457848952895 -0.4996743521539811,
            0.789467254597543 0.35646457848952895 -0.4996743521539811,
            0.9238795325112863 0.38268343236509056 0.0,
            0.9238795325112863 0.38268343236509056 0.0,
            1.0 0.0 0.0,
            1.0 0.0 0.0,
            0.8700221846046782 3.2393357693187955e-16 -0.49301257417605826,
            0.8700221846046782 3.2393357693187955e-16 -0.49301257417605826,
            0.923879532511287 -0.3826834323650891 0.0,
            0.923879532511287 -0.3826834323650891 0.0,
            0.8037956891870189 -0.33294307583829064 -0.49301257417605837,
            0.8037956891870189 -0.33294307583829064 -0.49301257417605837,
            0.7071067811865475 -0.7071067811865477 0.0,
            0.7071067811865475 -0.7071067811865477 0.0,
            0.6151985865167021 -0.6151985865167023 -0.49301257417605837,
            0.6151985865167021 -0.6151985865167023 -0.49301257417605837,
            0.3826834323650898 -0.9238795325112867 0.0,
            0.3826834323650898 -0.9238795325112867 0.0,
            0.3329430758382908 -0.8037956891870189 -0.4930125741760584,
            0.3329430758382908 -0.8037956891870189 -0.4930125741760584,
            -3.678914133528093e-16 -1.0 0.0,
            -3.678914133528093e-16 -1.0 0.0,
            -3.9435391974315776e-16 -0.8700221846046783 -0.4930125741760582,
            -3.9435391974315776e-16 -0.8700221846046783 -0.4930125741760582,
            -0.38268343236509106 -0.9238795325112862 0.0,
            -0.38268343236509106 -0.9238795325112862 0.0,
            -0.332943075838293 -0.803795689187018 -0.49301257417605826,
            -0.332943075838293 -0.803795689187018 -0.49301257417605826,
            -0.7071067811865481 -0.7071067811865468 0.0,
            -0.7071067811865481 -0.7071067811865468 0.0,
            -0.6151985865167039 -0.6151985865167008 -0.49301257417605804,
            -0.6151985865167039 -0.6151985865167008 -0.49301257417605804,
            -0.9238795325112863 -0.38268343236509106 0.0,
            -0.9238795325112863 -0.38268343236509106 0.0,
            -0.803795689187018 -0.3329430758382933 -0.4930125741760581,
            -0.803795689187018 -0.3329430758382933 -0.4930125741760581,
            -1.0 -1.8394570667640473e-16 0.0,
            -1.0 -1.8394570667640473e-16 0.0,
            -0.8700221846046778 -2.253450969960904e-16 -0.49301257417605876,
            -0.8700221846046778 -2.253450969960904e-16 -0.49301257417605876,
            -0.9238795325112863 0.38268343236509084 0.0,
            -0.9238795325112863 0.38268343236509084 0.0,
            -0.8037956891870179 0.3329430758382934 -0.49301257417605826,
            -0.8037956891870179 0.3329430758382934 -0.49301257417605826,
            -0.7071067811865479 0.7071067811865471 0.0,
            -0.7071067811865479 0.7071067811865471 0.0,
            -0.6151985865167036 0.6151985865167009 -0.49301257417605826,
            -0.6151985865167036 0.6151985865167009 -0.49301257417605826,
            -0.3826834323650907 0.9238795325112864 0.0,
            -0.3826834323650907 0.9238795325112864 0.0,
            -0.33294307583829325 0.8037956891870179 -0.4930125741760584,
            -0.33294307583829325 0.8037956891870179 -0.4930125741760584,
            -3.537417436084705e-16 1.0 0.0,
            -3.537417436084705e-16 1.0 0.0,
            -5.351946053657141e-16 0.8700221846046781 -0.4930125741760583,
            -5.351946053657141e-16 0.8700221846046781 -0.4930125741760583,
            0.38268343236508967 0.9238795325112868 0.0,
            0.38268343236508967 0.9238795325112868 0.0,
            0.33294307583829086 0.8037956891870188 -0.4930125741760584,
            0.33294307583829086 0.8037956891870188 -0.4930125741760584,
            0.7071067811865462 0.7071067811865488 0.0,
            0.7071067811865462 0.7071067811865488 0.0,
            0.6151985865167017 0.6151985865167028 -0.4930125741760583,
            0.6151985865167017 0.6151985865167028 -0.4930125741760583,
            0.9238795325112863 0.38268343236509056 0.0,
            0.9238795325112863 0.38268343236509056 0.0,
            0.8037956891870186 0.33294307583829136 -0.4930125741760584,
            0.8037956891870186 0.33294307583829136 -0.4930125741760584,
            0.8700221846046782 3.2393357693187955e-16 -0.49301257417605826,
            0.8700221846046782 3.2393357693187955e-16 -0.49301257417605826,
            -1.0058545042378115e-16 -1.692157834798881e-17 -1.0,
            0.8037956891870189 -0.33294307583829064 -0.49301257417605837,
            0.8037956891870189 -0.33294307583829064 -0.49301257417605837,
            -1.0058545042378115e-16 -1.692157834798881e-17 -1.0,
            0.6151985865167021 -0.6151985865167023 -0.49301257417605837,
            0.6151985865167021 -0.6151985865167023 -0.49301257417605837,
            -1.0058545042378115e-16 -1.692157834798881e-17 -1.0,
            0.3329430758382908 -0.8037956891870189 -0.4930125741760584,
            0.3329430758382908 -0.8037956891870189 -0.4930125741760584,
            -1.0058545042378115e-16 -1.692157834798881e-17 -1.0,
            -3.9435391974315776e-16 -0.8700221846046783 -0.4930125741760582,
            -3.9435391974315776e-16 -0.8700221846046783 -0.4930125741760582,
            -1.0058545042378115e-16 -1.692157834798881e-17 -1.0,
            -0.332943075838293 -0.803795689187018 -0.49301257417605826,
            -0.332943075838293 -0.803795689187018 -0.49301257417605826,
            -1.0058545042378115e-16 -1.692157834798881e-17 -1.0,
            -0.6151985865167039 -0.6151985865167008 -0.49301257417605804,
            -0.6151985865167039 -0.6151985865167008 -0.49301257417605804,
            -1.0058545042378115e-16 -1.692157834798881e-17 -1.0,
            -0.803795689187018 -0.3329430758382933 -0.4930125741760581,
            -0.803795689187018 -0.3329430758382933 -0.4930125741760581,
            -1.0058545042378115e-16 -1.692157834798881e-17 -1.0,
            -0.8700221846046778 -2.253450969960904e-16 -0.49301257417605876,
            -0.8700221846046778 -2.253450969960904e-16 -0.49301257417605876,
            -1.0058545042378115e-16 -1.692157834798881e-17 -1.0,
            -0.8037956891870179 0.3329430758382934 -0.49301257417605826,
            -0.8037956891870179 0.3329430758382934 -0.49301257417605826,
            -1.0058545042378115e-16 -1.692157834798881e-17 -1.0,
            -0.6151985865167036 0.6151985865167009 -0.49301257417605826,
            -0.6151985865167036 0.6151985865167009 -0.49301257417605826,
            -1.0058545042378115e-16 -1.692157834798881e-17 -1.0,
            -0.33294307583829325 0.8037956891870179 -0.4930125741760584,
            -0.33294307583829325 0.8037956891870179 -0.4930125741760584,
            -1.0058545042378115e-16 -1.692157834798881e-17 -1.0,
            -5.351946053657141e-16 0.8700221846046781 -0.4930125741760583,
            -5.351946053657141e-16 0.8700221846046781 -0.4930125741760583,
            -1.0058545042378115e-16 -1.692157834798881e-17 -1.0,
            0.33294307583829086 0.8037956891870188 -0.4930125741760584,
            0.33294307583829086 0.8037956891870188 -0.4930125741760584,
            -1.0058545042378115e-16 -1.692157834798881e-17 -1.0,
            0.6151985865167017 0.6151985865167028 -0.4930125741760583,
            0.6151985865167017 0.6151985865167028 -0.4930125741760583,
            -1.0058545042378115e-16 -1.692157834798881e-17 -1.0,
            0.8037956891870186 0.33294307583829136 -0.4930125741760584,
            0.8037956891870186 0.33294307583829136 -0.4930125741760584,
            -1.0058545042378115e-16 -1.692157834798881e-17 -1.0 ]
        }
        normalIndex [
          291, 295, 359, 355, -1,
          293, 352, 490, 487, -1,
          290, 354, 414, 350, -1,
          292, 486, 482, 296, -1,
          294, 299, 363, 358, -1,
          297, 483, 543, 301, -1,
          298, 303, 367, 362, -1,
          300, 542, 539, 305, -1,
          302, 307, 371, 366, -1,
          304, 538, 535, 309, -1,
          306, 311, 375, 370, -1,
          308, 534, 531, 313, -1,
          310, 315, 379, 374, -1,
          312, 530, 527, 317, -1,
          314, 319, 383, 378, -1,
          316, 526, 523, 321, -1,
          318, 323, 387, 382, -1,
          320, 522, 519, 325, -1,
          322, 327, 391, 386, -1,
          324, 518, 515, 329, -1,
          326, 331, 395, 390, -1,
          328, 514, 511, 333, -1,
          330, 335, 399, 394, -1,
          332, 510, 507, 337, -1,
          334, 339, 403, 398, -1,
          336, 506, 503, 341, -1,
          338, 343, 407, 402, -1,
          340, 502, 499, 345, -1,
          342, 347, 411, 406, -1,
          344, 498, 495, 349, -1,
          346, 351, 415, 410, -1,
          348, 494, 491, 353, -1,
          356, 360, 422, 418, -1,
          357, 419, 479, 417, -1,
          361, 364, 426, 423, -1,
          365, 368, 430, 427, -1,
          369, 372, 434, 431, -1,
          373, 376, 438, 435, -1,
          377, 380, 442, 439, -1,
          381, 384, 446, 443, -1,
          385, 388, 450, 447, -1,
          389, 392, 454, 451, -1,
          393, 396, 458, 455, -1,
          397, 400, 462, 459, -1,
          401, 404, 466, 463, -1,
          405, 408, 470, 467, -1,
          409, 412, 474, 471, -1,
          413, 416, 478, 475, -1,
          420, 424, 549, 546, -1,
          421, 547, 592, 481, -1,
          425, 428, 552, 550, -1,
          429, 432, 555, 553, -1,
          433, 436, 558, 556, -1,
          437, 440, 561, 559, -1,
          441, 444, 564, 562, -1,
          445, 448, 567, 565, -1,
          449, 452, 570, 568, -1,
          453, 456, 573, 571, -1,
          457, 460, 576, 574, -1,
          461, 464, 579, 577, -1,
          465, 468, 582, 580, -1,
          469, 472, 585, 583, -1,
          473, 476, 588, 586, -1,
          477, 480, 591, 589, -1,
          484, 488, 597, 594, -1,
          485, 595, 640, 545, -1,
          489, 492, 600, 598, -1,
          493, 496, 603, 601, -1,
          497, 500, 606, 604, -1,
          501, 504, 609, 607, -1,
          505, 508, 612, 610, -1,
          509, 512, 615, 613, -1,
          513, 516, 618, 616, -1,
          517, 520, 621, 619, -1,
          521, 524, 624, 622, -1,
          525, 528, 627, 625, -1,
          529, 532, 630, 628, -1,
          533, 536, 633, 631, -1,
          537, 540, 636, 634, -1,
          541, 544, 639, 637, -1,
          548, 551, 554, 557, 560, 563, 566, 569, 572, 575, 578, 581, 584, 587, 590, 593, -1,
          596, 599, 602, 605, 608, 611, 614, 617, 620, 623, 626, 629, 632, 635, 638, 641, -1,
          643, 647, 711, 707, -1,
          645, 705, 128, 113, -1,
          642, 706, 766, 702, -1,
          644, 113, 114, 648, -1,
          646, 651, 715, 710, -1,
          649, 114, 115, 652, -1,
          650, 655, 719, 714, -1,
          653, 115, 116, 656, -1,
          654, 659, 723, 718, -1,
          657, 116, 117, 660, -1,
          658, 663, 727, 722, -1,
          661, 117, 118, 664, -1,
          662, 667, 731, 726, -1,
          665, 118, 119, 668, -1,
          666, 671, 735, 730, -1,
          669, 119, 120, 672, -1,
          670, 675, 739, 734, -1,
          673, 120, 121, 676, -1,
          674, 679, 743, 738, -1,
          677, 121, 122, 680, -1,
          678, 683, 747, 742, -1,
          681, 122, 123, 684, -1,
          682, 687, 751, 746, -1,
          685, 123, 124, 688, -1,
          686, 691, 755, 750, -1,
          689, 124, 125, 692, -1,
          690, 695, 759, 754, -1,
          693, 125, 126, 696, -1,
          694, 699, 763, 758, -1,
          697, 126, 127, 700, -1,
          698, 703, 767, 762, -1,
          701, 127, 128, 704, -1,
          0, 1, 112, -1,
          0, 15, 31, 16, -1,
          0, 16, 17, 1, -1,
          0, 112, 15, -1,
          1, 2, 112, -1,
          1, 17, 18, 2, -1,
          2, 3, 112, -1,
          2, 18, 19, 3, -1,
          3, 4, 112, -1,
          3, 19, 20, 4, -1,
          4, 5, 112, -1,
          4, 20, 21, 5, -1,
          5, 6, 112, -1,
          5, 21, 22, 6, -1,
          6, 7, 112, -1,
          6, 22, 23, 7, -1,
          7, 8, 112, -1,
          7, 23, 24, 8, -1,
          8, 9, 112, -1,
          8, 24, 25, 9, -1,
          9, 10, 112, -1,
          9, 25, 26, 10, -1,
          10, 11, 112, -1,
          10, 26, 27, 11, -1,
          11, 12, 112, -1,
          11, 27, 28, 12, -1,
          12, 13, 112, -1,
          12, 28, 29, 13, -1,
          13, 14, 112, -1,
          13, 29, 30, 14, -1,
          14, 15, 112, -1,
          14, 30, 31, 15, -1,
          16, 31, 47, 32, -1,
          16, 32, 33, 17, -1,
          17, 33, 34, 18, -1,
          18, 34, 35, 19, -1,
          19, 35, 36, 20, -1,
          20, 36, 37, 21, -1,
          21, 37, 38, 22, -1,
          22, 38, 39, 23, -1,
          23, 39, 40, 24, -1,
          24, 40, 41, 25, -1,
          25, 41, 42, 26, -1,
          26, 42, 43, 27, -1,
          27, 43, 44, 28, -1,
          28, 44, 45, 29, -1,
          29, 45, 46, 30, -1,
          30, 46, 47, 31, -1,
          32, 47, 63, 48, -1,
          32, 48, 49, 33, -1,
          33, 49, 50, 34, -1,
          34, 50, 51, 35, -1,
          35, 51, 52, 36, -1,
          36, 52, 53, 37, -1,
          37, 53, 54, 38, -1,
          38, 54, 55, 39, -1,
          39, 55, 56, 40, -1,
          40, 56, 57, 41, -1,
          41, 57, 58, 42, -1,
          42, 58, 59, 43, -1,
          43, 59, 60, 44, -1,
          44, 60, 61, 45, -1,
          45, 61, 62, 46, -1,
          46, 62, 63, 47, -1,
          48, 63, 79, 64, -1,
          48, 64, 65, 49, -1,
          49, 65, 66, 50, -1,
          50, 66, 67, 51, -1,
          51, 67, 68, 52, -1,
          52, 68, 69, 53, -1,
          53, 69, 70, 54, -1,
          54, 70, 71, 55, -1,
          55, 71, 72, 56, -1,
          56, 72, 73, 57, -1,
          57, 73, 74, 58, -1,
          58, 74, 75, 59, -1,
          59, 75, 76, 60, -1,
          60, 76, 77, 61, -1,
          61, 77, 78, 62, -1,
          62, 78, 79, 63, -1,
          64, 79, 95, 80, -1,
          64, 80, 81, 65, -1,
          65, 81, 82, 66, -1,
          66, 82, 83, 67, -1,
          67, 83, 84, 68, -1,
          68, 84, 85, 69, -1,
          69, 85, 86, 70, -1,
          70, 86, 87, 71, -1,
          71, 87, 88, 72, -1,
          72, 88, 89, 73, -1,
          73, 89, 90, 74, -1,
          74, 90, 91, 75, -1,
          75, 91, 92, 76, -1,
          76, 92, 93, 77, -1,
          77, 93, 94, 78, -1,
          78, 94, 95, 79, -1,
          80, 95, 111, 96, -1,
          80, 96, 97, 81, -1,
          81, 97, 98, 82, -1,
          82, 98, 99, 83, -1,
          83, 99, 100, 84, -1,
          84, 100, 101, 85, -1,
          85, 101, 102, 86, -1,
          86, 102, 103, 87, -1,
          87, 103, 104, 88, -1,
          88, 104, 105, 89, -1,
          89, 105, 106, 90, -1,
          90, 106, 107, 91, -1,
          91, 107, 108, 92, -1,
          92, 108, 109, 93, -1,
          93, 109, 110, 94, -1,
          94, 110, 111, 95, -1,
          96, 111, 769, 709, -1,
          96, 708, 712, 97, -1,
          97, 713, 716, 98, -1,
          98, 717, 720, 99, -1,
          99, 721, 724, 100, -1,
          100, 725, 728, 101, -1,
          101, 729, 732, 102, -1,
          102, 733, 736, 103, -1,
          103, 737, 740, 104, -1,
          104, 741, 744, 105, -1,
          105, 745, 748, 106, -1,
          106, 749, 752, 107, -1,
          107, 753, 756, 108, -1,
          108, 757, 760, 109, -1,
          109, 761, 764, 110, -1,
          110, 765, 768, 111, -1,
          113, 128, 144, 129, -1,
          113, 129, 130, 114, -1,
          114, 130, 131, 115, -1,
          115, 131, 132, 116, -1,
          116, 132, 133, 117, -1,
          117, 133, 134, 118, -1,
          118, 134, 135, 119, -1,
          119, 135, 136, 120, -1,
          120, 136, 137, 121, -1,
          121, 137, 138, 122, -1,
          122, 138, 139, 123, -1,
          123, 139, 140, 124, -1,
          124, 140, 141, 125, -1,
          125, 141, 142, 126, -1,
          126, 142, 143, 127, -1,
          127, 143, 144, 128, -1,
          129, 144, 831, 771, -1,
          129, 770, 774, 130, -1,
          130, 775, 778, 131, -1,
          131, 779, 782, 132, -1,
          132, 783, 786, 133, -1,
          133, 787, 790, 134, -1,
          134, 791, 794, 135, -1,
          135, 795, 798, 136, -1,
          136, 799, 802, 137, -1,
          137, 803, 806, 138, -1,
          138, 807, 810, 139, -1,
          139, 811, 814, 140, -1,
          140, 815, 818, 141, -1,
          141, 819, 822, 142, -1,
          142, 823, 826, 143, -1,
          143, 827, 830, 144, -1,
          773, 833, 895, 835, -1,
          772, 834, 838, 776, -1,
          777, 839, 842, 780, -1,
          781, 843, 846, 784, -1,
          785, 847, 850, 788, -1,
          789, 851, 854, 792, -1,
          793, 855, 858, 796, -1,
          797, 859, 862, 800, -1,
          801, 863, 866, 804, -1,
          805, 867, 870, 808, -1,
          809, 871, 874, 812, -1,
          813, 875, 878, 816, -1,
          817, 879, 882, 820, -1,
          821, 883, 886, 824, -1,
          825, 887, 890, 828, -1,
          829, 891, 894, 832, -1,
          837, 897, 944, 899, -1,
          836, 898, 901, 840, -1,
          841, 902, 904, 844, -1,
          845, 905, 907, 848, -1,
          849, 908, 910, 852, -1,
          853, 911, 913, 856, -1,
          857, 914, 916, 860, -1,
          861, 917, 919, 864, -1,
          865, 920, 922, 868, -1,
          869, 923, 925, 872, -1,
          873, 926, 928, 876, -1,
          877, 929, 931, 880, -1,
          881, 932, 934, 884, -1,
          885, 935, 937, 888, -1,
          889, 938, 940, 892, -1,
          893, 941, 943, 896, -1,
          900, 945, 942, 939, 936, 933, 930, 927, 924, 921, 918, 915, 912, 909, 906, 903, -1,
          948, 952, 259, 258, -1,
          946, 1006, 1070, 1010, -1,
          947, 1011, 1015, 951, -1,
          949, 258, 273, 1009, -1,
          953, 956, 260, 259, -1,
          950, 1014, 1019, 955, -1,
          957, 960, 261, 260, -1,
          954, 1018, 1023, 959, -1,
          961, 964, 262, 261, -1,
          958, 1022, 1027, 963, -1,
          965, 968, 263, 262, -1,
          962, 1026, 1031, 967, -1,
          969, 972, 264, 263, -1,
          966, 1030, 1035, 971, -1,
          973, 976, 265, 264, -1,
          970, 1034, 1039, 975, -1,
          977, 980, 266, 265, -1,
          974, 1038, 1043, 979, -1,
          981, 984, 267, 266, -1,
          978, 1042, 1047, 983, -1,
          985, 988, 268, 267, -1,
          982, 1046, 1051, 987, -1,
          989, 992, 269, 268, -1,
          986, 1050, 1055, 991, -1,
          993, 996, 270, 269, -1,
          990, 1054, 1059, 995, -1,
          997, 1000, 271, 270, -1,
          994, 1058, 1063, 999, -1,
          1001, 1004, 272, 271, -1,
          998, 1062, 1067, 1003, -1,
          1005, 1008, 273, 272, -1,
          1002, 1066, 1071, 1007, -1,
          145, 146, 162, 161, -1,
          145, 160, 257, -1,
          145, 161, 176, 160, -1,
          145, 257, 146, -1,
          146, 147, 163, 162, -1,
          146, 257, 147, -1,
          147, 148, 164, 163, -1,
          147, 257, 148, -1,
          148, 149, 165, 164, -1,
          148, 257, 149, -1,
          149, 150, 166, 165, -1,
          149, 257, 150, -1,
          150, 151, 167, 166, -1,
          150, 257, 151, -1,
          151, 152, 168, 167, -1,
          151, 257, 152, -1,
          152, 153, 169, 168, -1,
          152, 257, 153, -1,
          153, 154, 170, 169, -1,
          153, 257, 154, -1,
          154, 155, 171, 170, -1,
          154, 257, 155, -1,
          155, 156, 172, 171, -1,
          155, 257, 156, -1,
          156, 157, 173, 172, -1,
          156, 257, 157, -1,
          157, 158, 174, 173, -1,
          157, 257, 158, -1,
          158, 159, 175, 174, -1,
          158, 257, 159, -1,
          159, 160, 176, 175, -1,
          159, 257, 160, -1,
          161, 162, 178, 177, -1,
          161, 177, 192, 176, -1,
          162, 163, 179, 178, -1,
          163, 164, 180, 179, -1,
          164, 165, 181, 180, -1,
          165, 166, 182, 181, -1,
          166, 167, 183, 182, -1,
          167, 168, 184, 183, -1,
          168, 169, 185, 184, -1,
          169, 170, 186, 185, -1,
          170, 171, 187, 186, -1,
          171, 172, 188, 187, -1,
          172, 173, 189, 188, -1,
          173, 174, 190, 189, -1,
          174, 175, 191, 190, -1,
          175, 176, 192, 191, -1,
          177, 178, 194, 193, -1,
          177, 193, 208, 192, -1,
          178, 179, 195, 194, -1,
          179, 180, 196, 195, -1,
          180, 181, 197, 196, -1,
          181, 182, 198, 197, -1,
          182, 183, 199, 198, -1,
          183, 184, 200, 199, -1,
          184, 185, 201, 200, -1,
          185, 186, 202, 201, -1,
          186, 187, 203, 202, -1,
          187, 188, 204, 203, -1,
          188, 189, 205, 204, -1,
          189, 190, 206, 205, -1,
          190, 191, 207, 206, -1,
          191, 192, 208, 207, -1,
          193, 194, 210, 209, -1,
          193, 209, 224, 208, -1,
          194, 195, 211, 210, -1,
          195, 196, 212, 211, -1,
          196, 197, 213, 212, -1,
          197, 198, 214, 213, -1,
          198, 199, 215, 214, -1,
          199, 200, 216, 215, -1,
          200, 201, 217, 216, -1,
          201, 202, 218, 217, -1,
          202, 203, 219, 218, -1,
          203, 204, 220, 219, -1,
          204, 205, 221, 220, -1,
          205, 206, 222, 221, -1,
          206, 207, 223, 222, -1,
          207, 208, 224, 223, -1,
          209, 210, 226, 225, -1,
          209, 225, 240, 224, -1,
          210, 211, 227, 226, -1,
          211, 212, 228, 227, -1,
          212, 213, 229, 228, -1,
          213, 214, 230, 229, -1,
          214, 215, 231, 230, -1,
          215, 216, 232, 231, -1,
          216, 217, 233, 232, -1,
          217, 218, 234, 233, -1,
          218, 219, 235, 234, -1,
          219, 220, 236, 235, -1,
          220, 221, 237, 236, -1,
          221, 222, 238, 237, -1,
          222, 223, 239, 238, -1,
          223, 224, 240, 239, -1,
          225, 226, 242, 241, -1,
          225, 241, 256, 240, -1,
          226, 227, 243, 242, -1,
          227, 228, 244, 243, -1,
          228, 229, 245, 244, -1,
          229, 230, 246, 245, -1,
          230, 231, 247, 246, -1,
          231, 232, 248, 247, -1,
          232, 233, 249, 248, -1,
          233, 234, 250, 249, -1,
          234, 235, 251, 250, -1,
          235, 236, 252, 251, -1,
          236, 237, 253, 252, -1,
          237, 238, 254, 253, -1,
          238, 239, 255, 254, -1,
          239, 240, 256, 255, -1,
          241, 242, 1016, 1012, -1,
          241, 1013, 1073, 256, -1,
          242, 243, 1020, 1017, -1,
          243, 244, 1024, 1021, -1,
          244, 245, 1028, 1025, -1,
          245, 246, 1032, 1029, -1,
          246, 247, 1036, 1033, -1,
          247, 248, 1040, 1037, -1,
          248, 249, 1044, 1041, -1,
          249, 250, 1048, 1045, -1,
          250, 251, 1052, 1049, -1,
          251, 252, 1056, 1053, -1,
          252, 253, 1060, 1057, -1,
          253, 254, 1064, 1061, -1,
          254, 255, 1068, 1065, -1,
          255, 256, 1072, 1069, -1,
          258, 259, 275, 274, -1,
          258, 274, 289, 273, -1,
          259, 260, 276, 275, -1,
          260, 261, 277, 276, -1,
          261, 262, 278, 277, -1,
          262, 263, 279, 278, -1,
          263, 264, 280, 279, -1,
          264, 265, 281, 280, -1,
          265, 266, 282, 281, -1,
          266, 267, 283, 282, -1,
          267, 268, 284, 283, -1,
          268, 269, 285, 284, -1,
          269, 270, 286, 285, -1,
          270, 271, 287, 286, -1,
          271, 272, 288, 287, -1,
          272, 273, 289, 288, -1,
          274, 275, 1078, 1074, -1,
          274, 1075, 1135, 289, -1,
          275, 276, 1082, 1079, -1,
          276, 277, 1086, 1083, -1,
          277, 278, 1090, 1087, -1,
          278, 279, 1094, 1091, -1,
          279, 280, 1098, 1095, -1,
          280, 281, 1102, 1099, -1,
          281, 282, 1106, 1103, -1,
          282, 283, 1110, 1107, -1,
          283, 284, 1114, 1111, -1,
          284, 285, 1118, 1115, -1,
          285, 286, 1122, 1119, -1,
          286, 287, 1126, 1123, -1,
          287, 288, 1130, 1127, -1,
          288, 289, 1134, 1131, -1,
          1076, 1080, 1142, 1138, -1,
          1077, 1139, 1199, 1137, -1,
          1081, 1084, 1146, 1143, -1,
          1085, 1088, 1150, 1147, -1,
          1089, 1092, 1154, 1151, -1,
          1093, 1096, 1158, 1155, -1,
          1097, 1100, 1162, 1159, -1,
          1101, 1104, 1166, 1163, -1,
          1105, 1108, 1170, 1167, -1,
          1109, 1112, 1174, 1171, -1,
          1113, 1116, 1178, 1175, -1,
          1117, 1120, 1182, 1179, -1,
          1121, 1124, 1186, 1183, -1,
          1125, 1128, 1190, 1187, -1,
          1129, 1132, 1194, 1191, -1,
          1133, 1136, 1198, 1195, -1,
          1140, 1144, 1205, 1202, -1,
          1141, 1203, 1248, 1201, -1,
          1145, 1148, 1208, 1206, -1,
          1149, 1152, 1211, 1209, -1,
          1153, 1156, 1214, 1212, -1,
          1157, 1160, 1217, 1215, -1,
          1161, 1164, 1220, 1218, -1,
          1165, 1168, 1223, 1221, -1,
          1169, 1172, 1226, 1224, -1,
          1173, 1176, 1229, 1227, -1,
          1177, 1180, 1232, 1230, -1,
          1181, 1184, 1235, 1233, -1,
          1185, 1188, 1238, 1236, -1,
          1189, 1192, 1241, 1239, -1,
          1193, 1196, 1244, 1242, -1,
          1197, 1200, 1247, 1245, -1,
          1204, 1207, 1210, 1213, 1216, 1219, 1222, 1225, 1228, 1231, 1234, 1237, 1240, 1243, 1246, 1249, -1 ]
      }
    }

  ]
}

