#VRML V2.0 utf8
#Exported from Wings 3D 2.4.1
DEF Cylinder7_copy16 Transform {
  children [
    Shape {
      appearance Appearance {
        material DEF pins Material {
          diffuseColor 0.6 0.6 0.6
          emissiveColor 0.0 0.0 0.0
          specularColor 0.5999999905136262 0.5999999905136262 0.5999999905136262
          ambientIntensity 1.0
          transparency 0.0
          shininess 0.5
        }
      }
      geometry IndexedFaceSet {
        normalPerVertex TRUE
        coord Coordinate {
          point [
            2.3600000725897696 -1.5354001795180756 0.6,
            2.3721793473879638 -1.4741708303396612 0.6,
            2.4068629875999217 -1.422263094528228 0.6,
            2.458770723411355 -1.3875794543162698 0.6,
            2.5200000725897693 -1.3754001795180757 0.6,
            2.581229421768184 -1.3875794543162698 0.6,
            2.633137157579617 -1.422263094528228 0.6,
            2.6678207977915753 -1.4741708303396612 0.6,
            2.6800000725897695 -1.5354001795180756 0.6,
            2.6678207977915753 -1.59662952869649 0.6,
            2.633137157579617 -1.6485372645079235 0.6,
            2.581229421768184 -1.6832209047198818 0.6,
            2.5200000725897693 -1.695400179518076 0.6,
            2.458770723411355 -1.6832209047198818 0.6,
            2.4068629875999217 -1.6485372645079235 0.6,
            2.3721793473879638 -1.5966295286964904 0.6,
            2.3600000725897696 -1.5354001795180756 -1.0,
            2.3721793473879638 -1.4741708303396612 -1.0,
            2.4068629875999217 -1.422263094528228 -1.0,
            2.458770723411355 -1.3875794543162696 -1.0,
            2.5200000725897693 -1.3754001795180755 -1.0,
            2.581229421768184 -1.3875794543162696 -1.0,
            2.633137157579617 -1.422263094528228 -1.0,
            2.6678207977915753 -1.4741708303396612 -1.0,
            2.6800000725897695 -1.5354001795180756 -1.0,
            2.6678207977915753 -1.59662952869649 -1.0,
            2.633137157579617 -1.6485372645079235 -1.0,
            2.581229421768184 -1.6832209047198814 -1.0,
            2.5200000725897693 -1.6954001795180755 -1.0,
            2.458770723411355 -1.6832209047198814 -1.0,
            2.4068629875999217 -1.6485372645079235 -1.0,
            2.3721793473879638 -1.59662952869649 -1.0 ]
        }
        coordIndex [
          0, 1, 17, 16, -1,
          0, 15, 14, 13, 12, 11, 10, 9, 8, 7, 6, 5, 4, 3, 2, 1, -1,
          0, 16, 31, 15, -1,
          1, 2, 18, 17, -1,
          2, 3, 19, 18, -1,
          3, 4, 20, 19, -1,
          4, 5, 21, 20, -1,
          5, 6, 22, 21, -1,
          6, 7, 23, 22, -1,
          7, 8, 24, 23, -1,
          8, 9, 25, 24, -1,
          9, 10, 26, 25, -1,
          10, 11, 27, 26, -1,
          11, 12, 28, 27, -1,
          12, 13, 29, 28, -1,
          13, 14, 30, 29, -1,
          14, 15, 31, 30, -1,
          16, 17, 18, 19, 20, 21, 22, 23, 24, 25, 26, 27, 28, 29, 30, 31, -1 ]
        normal Normal {
          vector [
            -1.7707230062600885e-16 0.0 1.0,
            -1.0 3.5374174360847055e-16 -1.3833773486406872e-17,
            -1.0 3.5374174360847055e-16 -1.3833773486406872e-17,
            -1.7707230062600885e-16 0.0 1.0,
            -0.9238795325112876 0.3826834323650875 0.0,
            -0.9238795325112876 0.3826834323650875 0.0,
            -1.7707230062600885e-16 0.0 1.0,
            -0.7071067811865485 0.7071067811865467 2.932759979118262e-17,
            -0.7071067811865485 0.7071067811865467 2.932759979118262e-17,
            -1.7707230062600885e-16 0.0 1.0,
            -0.382683432365089 0.9238795325112871 9.877314269294554e-17,
            -0.382683432365089 0.9238795325112871 9.877314269294554e-17,
            -1.7707230062600885e-16 0.0 1.0,
            -6.933338174726022e-16 1.0 1.3889108580352546e-16,
            -6.933338174726022e-16 1.0 1.3889108580352546e-16,
            -1.7707230062600885e-16 0.0 1.0,
            0.3826834323650902 0.9238795325112866 9.877314269294528e-17,
            0.3826834323650902 0.9238795325112866 9.877314269294528e-17,
            -1.7707230062600885e-16 0.0 1.0,
            0.7071067811865477 0.7071067811865474 2.9327599791182763e-17,
            0.7071067811865477 0.7071067811865474 2.9327599791182763e-17,
            -1.7707230062600885e-16 0.0 1.0,
            0.9238795325112865 0.3826834323650902 0.0,
            0.9238795325112865 0.3826834323650902 0.0,
            -1.7707230062600885e-16 0.0 1.0,
            1.0 0.0 0.0,
            1.0 0.0 0.0,
            -1.7707230062600885e-16 0.0 1.0,
            0.923879532511287 -0.3826834323650894 0.0,
            0.923879532511287 -0.3826834323650894 0.0,
            -1.7707230062600885e-16 0.0 1.0,
            0.7071067811865479 -0.7071067811865472 -5.920855052182188e-17,
            0.7071067811865479 -0.7071067811865472 -5.920855052182188e-17,
            -1.7707230062600885e-16 0.0 1.0,
            0.38268343236508956 -0.9238795325112868 -1.9782296085561874e-16,
            0.38268343236508956 -0.9238795325112868 -1.9782296085561874e-16,
            -1.7707230062600885e-16 0.0 1.0,
            -6.933338174726022e-16 -1.0 -2.7750549613732283e-16,
            -6.933338174726022e-16 -1.0 -2.7750549613732283e-16,
            -1.7707230062600885e-16 0.0 1.0,
            -0.38268343236508834 -0.9238795325112874 -1.9809963632534738e-16,
            -0.38268343236508834 -0.9238795325112874 -1.9809963632534738e-16,
            -1.7707230062600885e-16 0.0 1.0,
            -0.707106781186548 -0.7071067811865472 -9.84964672232174e-17,
            -0.707106781186548 -0.7071067811865472 -9.84964672232174e-17,
            -1.7707230062600885e-16 0.0 1.0,
            -0.9238795325112877 -0.38268343236508723 -5.312169018780262e-17,
            -0.9238795325112877 -0.38268343236508723 -5.312169018780262e-17,
            0.0 0.0 -1.0,
            -1.0 3.5374174360847055e-16 -1.3833773486406872e-17,
            -1.0 3.5374174360847055e-16 -1.3833773486406872e-17,
            0.0 0.0 -1.0,
            -0.9238795325112876 0.3826834323650875 0.0,
            -0.9238795325112876 0.3826834323650875 0.0,
            0.0 0.0 -1.0,
            -0.7071067811865485 0.7071067811865467 2.932759979118262e-17,
            -0.7071067811865485 0.7071067811865467 2.932759979118262e-17,
            0.0 0.0 -1.0,
            -0.382683432365089 0.9238795325112871 9.877314269294554e-17,
            -0.382683432365089 0.9238795325112871 9.877314269294554e-17,
            0.0 0.0 -1.0,
            -6.933338174726022e-16 1.0 1.3889108580352546e-16,
            -6.933338174726022e-16 1.0 1.3889108580352546e-16,
            0.0 0.0 -1.0,
            0.3826834323650902 0.9238795325112866 9.877314269294528e-17,
            0.3826834323650902 0.9238795325112866 9.877314269294528e-17,
            0.0 0.0 -1.0,
            0.7071067811865477 0.7071067811865474 2.9327599791182763e-17,
            0.7071067811865477 0.7071067811865474 2.9327599791182763e-17,
            0.0 0.0 -1.0,
            0.9238795325112865 0.3826834323650902 0.0,
            0.9238795325112865 0.3826834323650902 0.0,
            0.0 0.0 -1.0,
            1.0 0.0 0.0,
            1.0 0.0 0.0,
            0.0 0.0 -1.0,
            0.923879532511287 -0.3826834323650894 0.0,
            0.923879532511287 -0.3826834323650894 0.0,
            0.0 0.0 -1.0,
            0.7071067811865479 -0.7071067811865472 -5.920855052182188e-17,
            0.7071067811865479 -0.7071067811865472 -5.920855052182188e-17,
            0.0 0.0 -1.0,
            0.38268343236508956 -0.9238795325112868 -1.9782296085561874e-16,
            0.38268343236508956 -0.9238795325112868 -1.9782296085561874e-16,
            0.0 0.0 -1.0,
            -6.933338174726022e-16 -1.0 -2.7750549613732283e-16,
            -6.933338174726022e-16 -1.0 -2.7750549613732283e-16,
            0.0 0.0 -1.0,
            -0.38268343236508834 -0.9238795325112874 -1.9809963632534738e-16,
            -0.38268343236508834 -0.9238795325112874 -1.9809963632534738e-16,
            0.0 0.0 -1.0,
            -0.707106781186548 -0.7071067811865472 -9.84964672232174e-17,
            -0.707106781186548 -0.7071067811865472 -9.84964672232174e-17,
            0.0 0.0 -1.0,
            -0.9238795325112877 -0.38268343236508723 -5.312169018780262e-17,
            -0.9238795325112877 -0.38268343236508723 -5.312169018780262e-17 ]
        }
        normalIndex [
          2, 5, 53, 50, -1,
          0, 45, 42, 39, 36, 33, 30, 27, 24, 21, 18, 15, 12, 9, 6, 3, -1,
          1, 49, 94, 46, -1,
          4, 8, 56, 52, -1,
          7, 11, 59, 55, -1,
          10, 14, 62, 58, -1,
          13, 17, 65, 61, -1,
          16, 20, 68, 64, -1,
          19, 23, 71, 67, -1,
          22, 26, 74, 70, -1,
          25, 29, 77, 73, -1,
          28, 32, 80, 76, -1,
          31, 35, 83, 79, -1,
          34, 38, 86, 82, -1,
          37, 41, 89, 85, -1,
          40, 44, 92, 88, -1,
          43, 47, 95, 91, -1,
          48, 51, 54, 57, 60, 63, 66, 69, 72, 75, 78, 81, 84, 87, 90, 93, -1 ]
      }
    }
    ,
    Shape {
      appearance Appearance {
        material DEF body Material {
          diffuseColor 0.1 0.1 1.0
          emissiveColor 0.0 0.0 0.0
          specularColor 0.1 0.1 1.0
          ambientIntensity 1.0
          transparency 0.0
          shininess 0.5
        }
      }
      geometry IndexedFaceSet {
        normalPerVertex TRUE
        coord Coordinate {
          point [
            2.2199997379597143 -1.5353997385780755 0.9753870067719979,
            2.242835878206328 -1.4205947088685487 0.9753870067719976,
            2.3078677036037503 -1.3232677042221115 0.9753870067719976,
            2.4051947082501877 -1.25823587882469 0.9753870067719976,
            2.5199997379597145 -1.2353997385780757 0.9753870067719976,
            2.6348047676692414 -1.25823587882469 0.9753870067719976,
            2.7321317723156784 -1.3232677042221115 0.9753870067719976,
            2.7971635977131 -1.4205947088685487 0.9753870067719979,
            2.8199997379597144 -1.5353997385780755 0.9753870067719976,
            2.7971635977131 -1.6502047682876027 0.9753870067719979,
            2.7321317723156784 -1.74753177293404 0.9753870067719976,
            2.6348047676692414 -1.8125635983314619 0.9753870067719976,
            2.5199997379597145 -1.8353997385780756 0.9753870067719976,
            2.405194708250187 -1.8125635983314619 0.9753870067719976,
            2.3078677036037503 -1.74753177293404 0.9753870067719976,
            2.2428358782063285 -1.650204768287603 0.9753870067719979,
            2.220000237979659 -1.5353997385780758 0.4000000135439956,
            2.2428363782262726 -1.4205947088685487 0.4000000135439956,
            2.307868203623695 -1.3232677042221117 0.4000000135439954,
            2.4051952082701322 -1.25823587882469 0.4000000135439954,
            2.520000237979659 -1.235399738578076 0.4000000135439956,
            2.634805267689186 -1.25823587882469 0.4000000135439956,
            2.732132272335623 -1.3232677042221117 0.4000000135439956,
            2.7971640977330448 -1.4205947088685487 0.4000000135439956,
            2.820000237979659 -1.5353997385780755 0.4000000135439954,
            2.7971640977330448 -1.6502047682876027 0.4000000135439956,
            2.732132272335623 -1.74753177293404 0.4000000135439956,
            2.6348052676891864 -1.8125635983314619 0.4000000135439954,
            2.520000237979659 -1.8353997385780756 0.4000000135439956,
            2.4051952082701322 -1.8125635983314619 0.4000000135439954,
            2.307868203623695 -1.74753177293404 0.4000000135439954,
            2.242836378226273 -1.650204768287603 0.4000000135439956,
            2.390000238979659 -1.5353997385780755 0.10000001354399557,
            2.399895899677071 -1.4856508927532974 0.10000001354399546,
            2.4280763571325146 -1.4434758577309312 0.10000001354399546,
            2.4702513921548808 -1.4152954002754878 0.10000001354399546,
            2.5200002379796587 -1.4053997395780757 0.10000001354399546,
            2.569749083804437 -1.4152954002754878 0.10000001354399546,
            2.611924118826803 -1.4434758577309312 0.10000001354399546,
            2.6401045762822464 -1.4856508927532974 0.10000001354399568,
            2.650000236979659 -1.5353997385780755 0.10000001354399546,
            2.6401045762822464 -1.585148584402854 0.10000001354399568,
            2.611924118826803 -1.6273236194252199 0.10000001354399546,
            2.5697490838044375 -1.6555040768806635 0.10000001354399546,
            2.5200002379796587 -1.6653997375780756 0.10000001354399546,
            2.4702513921548808 -1.6555040768806635 0.10000001354399535,
            2.4280763571325146 -1.6273236194252203 0.10000001354399546,
            2.399895899677071 -1.585148584402854 0.10000001354399568,
            2.2470466200197916 -1.430696368232631 0.9880535110571662,
            2.224557412056052 -1.5444458454601893 1.0040839852731476,
            2.2470466200197916 -1.6568181349181097 1.027924879449281,
            2.311090465863709 -1.750705574193762 1.0559466335654935,
            2.4069388546169757 -1.8118146517491873 1.083883189575426,
            2.5199997379597145 -1.830842064481738 1.1074814600720768,
            2.633060621302454 -1.8048910612868097 1.1231488222911858,
            2.72890901005572 -1.7379124471544005 1.1285000623598858,
            2.7929528558996375 -1.6401031089235205 1.1227205024868294,
            2.8154420638633773 -1.5263536316959618 1.106690028270848,
            2.7929528558996375 -1.4139813422380423 1.082849134094715,
            2.72890901005572 -1.3200939029623893 1.0548273799785022,
            2.633060621302454 -1.2589848254069644 1.0268908239685697,
            2.5199997379597145 -1.2399574126744135 1.0032925534719186,
            2.4069388546169757 -1.2659084158693417 0.9876251912528096,
            2.311090465863709 -1.3328870300017512 0.9822739511841097,
            2.248993875817093 -1.438351491485485 1.0028122875029726,
            2.224062666820556 -1.5483096186122527 1.0342658921408034,
            2.2420702853547154 -1.6542195548761314 1.0807470197441436,
            2.300275234737213 -1.7399574725569058 1.135179339987854,
            2.389816339053743 -1.7924705509038399 1.1892760255450434,
            2.4970617768642467 -1.8037641497708525 1.2348013464273042,
            2.605684402444389 -1.7721189211071697 1.2648244852183748,
            2.699147405716146 -1.7023525641121255 1.2747746911977438,
            2.763221891675627 -1.6050863742046133 1.263137135703896,
            2.788153100672164 -1.4951282470778453 1.2316835310660652,
            2.770145482138004 -1.3892183108139675 1.1852024034627258,
            2.7119405327555075 -1.3034803931331922 1.1307700832190142,
            2.6223994284389773 -1.2509673147862583 1.0766733976618252,
            2.515153990628474 -1.2396737159192457 1.0311480767795642,
            2.4065313650483318 -1.2713189445829283 1.001124937988494,
            2.313068361776575 -1.341085301577973 0.9911747320091244,
            1.512609230776476 -0.4692273174621754 2.6642621272025924,
            1.408167818662521 -0.6277712070114201 2.683231342657565,
            1.3675299479981655 -0.8070029542280517 2.7345007182172294,
            1.3968823662088452 -0.9796361503381739 2.8102649562106734,
            1.4917564337023161 -1.119388956157836 2.8989896382079223,
            1.6377084337382604 -1.2049852738633386 2.9871672356661403,
            1.8125184973693813 -1.2233938400165694 3.0613735087042255,
            1.9895733770650132 -1.1718121172947662 3.1103112249336706,
            2.141918072397977 -1.0580929553928444 3.126530060680042,
            2.246359484511931 -0.8995490658435994 3.1075608452250703,
            2.286997355176286 -0.7203173186269676 3.056291469665406,
            2.2576449369656055 -0.5476841225168468 2.980527231671963,
            2.162770869472136 -0.40793131669718286 2.891802549674713,
            2.016818869436192 -0.3223349989916806 2.803624952216495,
            1.8420088058050719 -0.30392643283844994 2.72941867917841,
            1.66495392610944 -0.3555081555602526 2.6804809629489648 ]
        }
        coordIndex [
          0, 1, 17, 16, -1,
          0, 15, 50, 49, -1,
          0, 16, 31, 15, -1,
          0, 49, 48, 1, -1,
          1, 2, 18, 17, -1,
          1, 48, 63, 2, -1,
          2, 3, 19, 18, -1,
          2, 63, 62, 3, -1,
          3, 4, 20, 19, -1,
          3, 62, 61, 4, -1,
          4, 5, 21, 20, -1,
          4, 61, 60, 5, -1,
          5, 6, 22, 21, -1,
          5, 60, 59, 6, -1,
          6, 7, 23, 22, -1,
          6, 59, 58, 7, -1,
          7, 8, 24, 23, -1,
          7, 58, 57, 8, -1,
          8, 9, 25, 24, -1,
          8, 57, 56, 9, -1,
          9, 10, 26, 25, -1,
          9, 56, 55, 10, -1,
          10, 11, 27, 26, -1,
          10, 55, 54, 11, -1,
          11, 12, 28, 27, -1,
          11, 54, 53, 12, -1,
          12, 13, 29, 28, -1,
          12, 53, 52, 13, -1,
          13, 14, 30, 29, -1,
          13, 52, 51, 14, -1,
          14, 15, 31, 30, -1,
          14, 51, 50, 15, -1,
          16, 17, 33, 32, -1,
          16, 32, 47, 31, -1,
          17, 18, 34, 33, -1,
          18, 19, 35, 34, -1,
          19, 20, 36, 35, -1,
          20, 21, 37, 36, -1,
          21, 22, 38, 37, -1,
          22, 23, 39, 38, -1,
          23, 24, 40, 39, -1,
          24, 25, 41, 40, -1,
          25, 26, 42, 41, -1,
          26, 27, 43, 42, -1,
          27, 28, 44, 43, -1,
          28, 29, 45, 44, -1,
          29, 30, 46, 45, -1,
          30, 31, 47, 46, -1,
          32, 33, 34, 35, 36, 37, 38, 39, 40, 41, 42, 43, 44, 45, 46, 47, -1,
          48, 49, 65, 64, -1,
          48, 64, 79, 63, -1,
          49, 50, 66, 65, -1,
          50, 51, 67, 66, -1,
          51, 52, 68, 67, -1,
          52, 53, 69, 68, -1,
          53, 54, 70, 69, -1,
          54, 55, 71, 70, -1,
          55, 56, 72, 71, -1,
          56, 57, 73, 72, -1,
          57, 58, 74, 73, -1,
          58, 59, 75, 74, -1,
          59, 60, 76, 75, -1,
          60, 61, 77, 76, -1,
          61, 62, 78, 77, -1,
          62, 63, 79, 78, -1,
          64, 65, 82, 81, -1,
          64, 81, 80, 79, -1,
          65, 66, 83, 82, -1,
          66, 67, 84, 83, -1,
          67, 68, 85, 84, -1,
          68, 69, 86, 85, -1,
          69, 70, 87, 86, -1,
          70, 71, 88, 87, -1,
          71, 72, 89, 88, -1,
          72, 73, 90, 89, -1,
          73, 74, 91, 90, -1,
          74, 75, 92, 91, -1,
          75, 76, 93, 92, -1,
          76, 77, 94, 93, -1,
          77, 78, 95, 94, -1,
          78, 79, 80, 95, -1,
          80, 81, 82, 83, 84, 85, 86, 87, 88, 89, 90, 91, 92, 93, 94, 95, -1 ]
        normal Normal {
          vector [
            -0.8462027899674398 0.35821733975608067 0.39448849888101634,
            -0.9950371624535266 0.010091397732452347 0.09899095427482053,
            -0.9209127116271947 -0.3896804248446395 -0.008303255767990722,
            -0.6971279876159381 -0.7169195124991495 0.006243515078397111,
            -0.3710702562416744 -0.926519487733838 0.06219729722556013,
            0.008861548884058233 -0.9925027529780092 0.12190060821197035,
            0.3867600219217112 -0.9073213360270518 0.16487776876584434,
            0.7062103318474275 -0.6847585121224734 0.17992428204042607,
            0.9189976849844977 -0.35878516307439534 0.1634517107613543,
            0.9926319900771969 0.021390668208187597 0.11926513148859073,
            0.9150687813942121 0.39899532035458435 0.05875252890603374,
            0.6955929422641628 0.7184317221791199 0.0025138096644527256,
            0.3617266886320279 0.9322102643923893 -0.011739918772272451,
            -0.03981680527844055 0.9945436041330672 0.09642427855798315,
            -0.38255688493894274 0.8360577799324561 0.39326532824573457,
            -0.5875501588236255 0.5715669309766764 0.572796695416651,
            -0.9298473431650115 0.34247839395691315 -0.13450824540400017,
            -0.97762347567766 -0.05480436770653869 -0.2030980578051355,
            -0.8895449174226994 -0.43278798879072083 -0.14630241503791389,
            -0.6791923654159361 -0.7337516404158476 -0.017500312790300405,
            -0.3698927607729268 -0.9202557387668692 0.12770560204793643,
            -0.0042624026807138735 -0.9673020019304144 0.25359153965540754,
            0.363629774940281 -0.8690702957931312 0.3353955988782798,
            0.6783356383521828 -0.6414335340408339 0.3583626419553562,
            0.8924090471432686 -0.3195864154550813 0.3185445269242832,
            0.9736774929106284 0.047742325343033055 0.22287397822561814,
            0.909618038114733 0.40597163386528407 0.08821596926325684,
            0.7084571782974571 0.7032178239656924 -0.05977556838509643,
            0.39635808788387733 0.899162064594036 -0.18549352485741127,
            0.01110272664736113 0.9721610956370352 -0.23405028004852516,
            -0.38860574280915994 0.9087269833089053 -0.1523182407397013,
            -0.724511994349522 0.6866132874747678 -0.06037022036376954,
            -0.7229836137357196 0.6804682823442504 -0.11940523854967747,
            -0.9218417835730707 0.38109780527122766 -0.0705137495547739,
            -0.9981021385396144 0.046454862363999504 0.040423592188103534,
            -0.9422634548346297 -0.2719121795244601 0.19545676838975265,
            -0.7650029705225049 -0.5266984147679272 0.37062006822714794,
            -0.49420944349012125 -0.6814159808237935 0.539841909305986,
            -0.17012588767210096 -0.7145554267886549 0.6785777217022844,
            0.16020273729493004 -0.6215764390312591 0.7667971135863978,
            0.44866930630168267 -0.4152781070319443 0.7913532380692783,
            0.6520835341572266 -0.12470925456131773 0.7478199424378716,
            0.738346932186589 0.20779286290412854 0.6416119807615491,
            0.6920921734603601 0.53193692658367 0.4879052465096419,
            0.518378433424166 0.7970270603848494 0.3098897622945829,
            0.24302329119282787 0.9605365437357682 0.13531159627301356,
            -0.09105418295091024 0.9958126029978969 -0.008148342021249986,
            -0.430961175717441 0.8970663007586522 -0.09769604427728036,
            -0.9999999999996224 -1.4715656534112162e-15 -8.690150289196961e-7,
            -0.9999999999996224 -1.4715656534112162e-15 -8.690150289196961e-7,
            -0.9824700453407972 0.009011965647863827 0.1862025630414722,
            -0.9824700453407972 0.009011965647863827 0.1862025630414722,
            -0.9238795325109846 0.3826834323649771 -8.028651987379123e-7,
            -0.9238795325109846 0.3826834323649771 -8.028651987379123e-7,
            -0.8036301333600221 0.3280107342363858 0.4965758421243025,
            -0.8036301333600221 0.3280107342363858 0.4965758421243025,
            -0.7071067811864019 0.7071067811864261 -6.144864200413178e-7,
            -0.7071067811864019 0.7071067811864261 -6.144864200413178e-7,
            -0.5290215224117866 0.5219643854866619 0.6690959640504843,
            -0.5290215224117866 0.5219643854866619 0.6690959640504843,
            -0.38268343236505925 0.9238795325112396 -3.325576542224598e-7,
            -0.38268343236505925 0.9238795325112396 -3.325576542224598e-7,
            -0.3393799862643268 0.7989971589892421 0.4964118903192642,
            -0.3393799862643268 0.7989971589892421 0.4964118903192642,
            0.0 1.0 -1.9203267226602048e-16,
            0.0 1.0 -1.9203267226602048e-16,
            -0.023667744413940896 0.9822403038805083 0.18612851288043705,
            -0.023667744413940896 0.9822403038805083 0.18612851288043705,
            0.38268343236506014 0.9238795325112392 3.325576538662976e-7,
            0.38268343236506014 0.9238795325112392 3.325576538662976e-7,
            0.3673702709661309 0.9292931417991163 0.0381227047230263,
            0.3673702709661309 0.9292931417991163 0.0381227047230263,
            0.7071067811864038 0.7071067811864241 6.144864197655803e-7,
            0.7071067811864038 0.7071067811864241 6.144864197655803e-7,
            0.701288293646719 0.7128635023117867 0.0045117918664837105,
            0.701288293646719 0.7128635023117867 0.0045117918664837105,
            0.9238795325109844 0.3826834323649773 8.028651986082493e-7,
            0.9238795325109844 0.3826834323649773 8.028651986082493e-7,
            0.9222245821275792 0.38641586790622284 0.01358665337353793,
            0.9222245821275792 0.38641586790622284 0.01358665337353793,
            0.9999999999996224 1.5564636718772484e-16 8.690150289196976e-7,
            0.9999999999996224 1.5564636718772484e-16 8.690150289196976e-7,
            0.9994107094436802 0.0033456658845723067 0.0341619725582244,
            0.9994107094436802 0.0033456658845723067 0.0341619725582244,
            0.9238795325109849 -0.3826834323649764 8.02865198664052e-7,
            0.9238795325109849 -0.3826834323649764 8.02865198664052e-7,
            0.9245221355047366 -0.3776566131753438 0.05132546625886828,
            0.9245221355047366 -0.3776566131753438 0.05132546625886828,
            0.7071067811864049 -0.707106781186423 6.144864200117753e-7,
            0.7071067811864049 -0.707106781186423 6.144864200117753e-7,
            0.7112662100032342 -0.7005433107470574 0.057787959603940973,
            0.7112662100032342 -0.7005433107470574 0.057787959603940973,
            0.3826834323650596 -0.9238795325112394 3.325576541912762e-7,
            0.3826834323650596 -0.9238795325112394 3.325576541912762e-7,
            0.39166813681440277 -0.9186740388160227 0.051323298898172165,
            0.39166813681440277 -0.9186740388160227 0.051323298898172165,
            0.0 -1.0 0.0,
            0.0 -1.0 0.0,
            0.011883336226380279 -0.9993457391795604 0.03415962388242646,
            0.011883336226380279 -0.9993457391795604 0.03415962388242646,
            -0.3826834323650586 -0.9238795325112399 -3.3255765419127536e-7,
            -0.3826834323650586 -0.9238795325112399 -3.3255765419127536e-7,
            -0.3722794461235426 -0.9280212513857379 0.013585689912452683,
            -0.3722794461235426 -0.9280212513857379 0.013585689912452683,
            -0.7071067811864035 -0.7071067811864246 -6.144864200117755e-7,
            -0.7071067811864035 -0.7071067811864246 -6.144864200117755e-7,
            -0.7020515675900244 -0.7121118167091356 0.0045118674186701985,
            -0.7020515675900244 -0.7121118167091356 0.0045118674186701985,
            -0.9238795325109845 -0.3826834323649772 -8.028651986459977e-7,
            -0.9238795325109845 -0.3826834323649772 -8.028651986459977e-7,
            -0.9235906531918404 -0.38147914000926814 0.038130972639818704,
            -0.9235906531918404 -0.38147914000926814 0.038130972639818704,
            -0.9999999999996224 -1.4715656534112162e-15 -8.690150289196961e-7,
            -0.9999999999996224 -1.4715656534112162e-15 -8.690150289196961e-7,
            -0.8700221846046784 -1.1126414164181952e-15 -0.493012574176058,
            -0.8700221846046784 -1.1126414164181952e-15 -0.493012574176058,
            -0.9238795325109846 0.3826834323649771 -8.028651987379123e-7,
            -0.9238795325109846 0.3826834323649771 -8.028651987379123e-7,
            -0.8037956891870182 0.3329430758382925 -0.49301257417605837,
            -0.8037956891870182 0.3329430758382925 -0.49301257417605837,
            -0.7071067811864019 0.7071067811864261 -6.144864200413178e-7,
            -0.7071067811864019 0.7071067811864261 -6.144864200413178e-7,
            -0.6151985865167012 0.6151985865167038 -0.4930125741760576,
            -0.6151985865167012 0.6151985865167038 -0.4930125741760576,
            -0.38268343236505925 0.9238795325112396 -3.325576542224598e-7,
            -0.38268343236505925 0.9238795325112396 -3.325576542224598e-7,
            -0.3329430758382917 0.803795689187019 -0.4930125741760575,
            -0.3329430758382917 0.803795689187019 -0.4930125741760575,
            0.0 1.0 -1.9203267226602048e-16,
            0.0 1.0 -1.9203267226602048e-16,
            9.858847993578946e-17 0.8700221846046786 -0.4930125741760575,
            9.858847993578946e-17 0.8700221846046786 -0.4930125741760575,
            0.38268343236506014 0.9238795325112392 3.325576538662976e-7,
            0.38268343236506014 0.9238795325112392 3.325576538662976e-7,
            0.3329430758382923 0.8037956891870187 -0.49301257417605765,
            0.3329430758382923 0.8037956891870187 -0.49301257417605765,
            0.7071067811864038 0.7071067811864241 6.144864197655803e-7,
            0.7071067811864038 0.7071067811864241 6.144864197655803e-7,
            0.6151985865167029 0.6151985865167019 -0.4930125741760577,
            0.6151985865167029 0.6151985865167019 -0.4930125741760577,
            0.9238795325109844 0.3826834323649773 8.028651986082493e-7,
            0.9238795325109844 0.3826834323649773 8.028651986082493e-7,
            0.8037956891870179 0.3329430758382938 -0.49301257417605804,
            0.8037956891870179 0.3329430758382938 -0.49301257417605804,
            0.9999999999996224 1.5564636718772484e-16 8.690150289196976e-7,
            0.9999999999996224 1.5564636718772484e-16 8.690150289196976e-7,
            0.870022184604678 3.239335769318799e-16 -0.4930125741760587,
            0.870022184604678 3.239335769318799e-16 -0.4930125741760587,
            0.9238795325109849 -0.3826834323649764 8.02865198664052e-7,
            0.9238795325109849 -0.3826834323649764 8.02865198664052e-7,
            0.8037956891870179 -0.3329430758382934 -0.49301257417605826,
            0.8037956891870179 -0.3329430758382934 -0.49301257417605826,
            0.7071067811864049 -0.707106781186423 6.144864200117753e-7,
            0.7071067811864049 -0.707106781186423 6.144864200117753e-7,
            0.6151985865167042 -0.6151985865167001 -0.4930125741760583,
            0.6151985865167042 -0.6151985865167001 -0.4930125741760583,
            0.3826834323650596 -0.9238795325112394 3.325576541912762e-7,
            0.3826834323650596 -0.9238795325112394 3.325576541912762e-7,
            0.3329430758382927 -0.8037956891870177 -0.493012574176059,
            0.3329430758382927 -0.8037956891870177 -0.493012574176059,
            0.0 -1.0 0.0,
            0.0 -1.0 0.0,
            -5.492786739279696e-16 -0.8700221846046783 -0.49301257417605804,
            -5.492786739279696e-16 -0.8700221846046783 -0.49301257417605804,
            -0.3826834323650586 -0.9238795325112399 -3.3255765419127536e-7,
            -0.3826834323650586 -0.9238795325112399 -3.3255765419127536e-7,
            -0.3329430758382905 -0.8037956891870192 -0.49301257417605815,
            -0.3329430758382905 -0.8037956891870192 -0.49301257417605815,
            -0.7071067811864035 -0.7071067811864246 -6.144864200117755e-7,
            -0.7071067811864035 -0.7071067811864246 -6.144864200117755e-7,
            -0.6151985865167018 -0.6151985865167029 -0.4930125741760581,
            -0.6151985865167018 -0.6151985865167029 -0.4930125741760581,
            -0.9238795325109845 -0.3826834323649772 -8.028651986459977e-7,
            -0.9238795325109845 -0.3826834323649772 -8.028651986459977e-7,
            -0.8037956891870185 -0.33294307583829247 -0.4930125741760581,
            -0.8037956891870185 -0.33294307583829247 -0.4930125741760581,
            -0.8700221846046784 -1.1126414164181952e-15 -0.493012574176058,
            -0.8700221846046784 -1.1126414164181952e-15 -0.493012574176058,
            1.5087817563567152e-16 1.6921578347984978e-17 -1.0,
            -0.8037956891870182 0.3329430758382925 -0.49301257417605837,
            -0.8037956891870182 0.3329430758382925 -0.49301257417605837,
            1.5087817563567152e-16 1.6921578347984978e-17 -1.0,
            -0.6151985865167012 0.6151985865167038 -0.4930125741760576,
            -0.6151985865167012 0.6151985865167038 -0.4930125741760576,
            1.5087817563567152e-16 1.6921578347984978e-17 -1.0,
            -0.3329430758382917 0.803795689187019 -0.4930125741760575,
            -0.3329430758382917 0.803795689187019 -0.4930125741760575,
            1.5087817563567152e-16 1.6921578347984978e-17 -1.0,
            9.858847993578946e-17 0.8700221846046786 -0.4930125741760575,
            9.858847993578946e-17 0.8700221846046786 -0.4930125741760575,
            1.5087817563567152e-16 1.6921578347984978e-17 -1.0,
            0.3329430758382923 0.8037956891870187 -0.49301257417605765,
            0.3329430758382923 0.8037956891870187 -0.49301257417605765,
            1.5087817563567152e-16 1.6921578347984978e-17 -1.0,
            0.6151985865167029 0.6151985865167019 -0.4930125741760577,
            0.6151985865167029 0.6151985865167019 -0.4930125741760577,
            1.5087817563567152e-16 1.6921578347984978e-17 -1.0,
            0.8037956891870179 0.3329430758382938 -0.49301257417605804,
            0.8037956891870179 0.3329430758382938 -0.49301257417605804,
            1.5087817563567152e-16 1.6921578347984978e-17 -1.0,
            0.870022184604678 3.239335769318799e-16 -0.4930125741760587,
            0.870022184604678 3.239335769318799e-16 -0.4930125741760587,
            1.5087817563567152e-16 1.6921578347984978e-17 -1.0,
            0.8037956891870179 -0.3329430758382934 -0.49301257417605826,
            0.8037956891870179 -0.3329430758382934 -0.49301257417605826,
            1.5087817563567152e-16 1.6921578347984978e-17 -1.0,
            0.6151985865167042 -0.6151985865167001 -0.4930125741760583,
            0.6151985865167042 -0.6151985865167001 -0.4930125741760583,
            1.5087817563567152e-16 1.6921578347984978e-17 -1.0,
            0.3329430758382927 -0.8037956891870177 -0.493012574176059,
            0.3329430758382927 -0.8037956891870177 -0.493012574176059,
            1.5087817563567152e-16 1.6921578347984978e-17 -1.0,
            -5.492786739279696e-16 -0.8700221846046783 -0.49301257417605804,
            -5.492786739279696e-16 -0.8700221846046783 -0.49301257417605804,
            1.5087817563567152e-16 1.6921578347984978e-17 -1.0,
            -0.3329430758382905 -0.8037956891870192 -0.49301257417605815,
            -0.3329430758382905 -0.8037956891870192 -0.49301257417605815,
            1.5087817563567152e-16 1.6921578347984978e-17 -1.0,
            -0.6151985865167018 -0.6151985865167029 -0.4930125741760581,
            -0.6151985865167018 -0.6151985865167029 -0.4930125741760581,
            1.5087817563567152e-16 1.6921578347984978e-17 -1.0,
            -0.8037956891870185 -0.33294307583829247 -0.4930125741760581,
            -0.8037956891870185 -0.33294307583829247 -0.4930125741760581,
            1.5087817563567152e-16 1.6921578347984978e-17 -1.0 ]
        }
        normalIndex [
          48, 52, 116, 112, -1,
          51, 110, 2, 1, -1,
          49, 113, 173, 109, -1,
          50, 1, 0, 54, -1,
          53, 56, 120, 117, -1,
          55, 0, 15, 59, -1,
          57, 60, 124, 121, -1,
          58, 15, 14, 63, -1,
          61, 64, 128, 125, -1,
          62, 14, 13, 67, -1,
          65, 68, 132, 129, -1,
          66, 13, 12, 71, -1,
          69, 72, 136, 133, -1,
          70, 12, 11, 75, -1,
          73, 76, 140, 137, -1,
          74, 11, 10, 79, -1,
          77, 80, 144, 141, -1,
          78, 10, 9, 83, -1,
          81, 84, 148, 145, -1,
          82, 9, 8, 87, -1,
          85, 88, 152, 149, -1,
          86, 8, 7, 91, -1,
          89, 92, 156, 153, -1,
          90, 7, 6, 95, -1,
          93, 96, 160, 157, -1,
          94, 6, 5, 99, -1,
          97, 100, 164, 161, -1,
          98, 5, 4, 103, -1,
          101, 104, 168, 165, -1,
          102, 4, 3, 107, -1,
          105, 108, 172, 169, -1,
          106, 3, 2, 111, -1,
          114, 118, 179, 176, -1,
          115, 177, 222, 175, -1,
          119, 122, 182, 180, -1,
          123, 126, 185, 183, -1,
          127, 130, 188, 186, -1,
          131, 134, 191, 189, -1,
          135, 138, 194, 192, -1,
          139, 142, 197, 195, -1,
          143, 146, 200, 198, -1,
          147, 150, 203, 201, -1,
          151, 154, 206, 204, -1,
          155, 158, 209, 207, -1,
          159, 162, 212, 210, -1,
          163, 166, 215, 213, -1,
          167, 170, 218, 216, -1,
          171, 174, 221, 219, -1,
          178, 181, 184, 187, 190, 193, 196, 199, 202, 205, 208, 211, 214, 217, 220, 223, -1,
          0, 1, 17, 16, -1,
          0, 16, 31, 15, -1,
          1, 2, 18, 17, -1,
          2, 3, 19, 18, -1,
          3, 4, 20, 19, -1,
          4, 5, 21, 20, -1,
          5, 6, 22, 21, -1,
          6, 7, 23, 22, -1,
          7, 8, 24, 23, -1,
          8, 9, 25, 24, -1,
          9, 10, 26, 25, -1,
          10, 11, 27, 26, -1,
          11, 12, 28, 27, -1,
          12, 13, 29, 28, -1,
          13, 14, 30, 29, -1,
          14, 15, 31, 30, -1,
          16, 17, 34, 33, -1,
          16, 33, 32, 31, -1,
          17, 18, 35, 34, -1,
          18, 19, 36, 35, -1,
          19, 20, 37, 36, -1,
          20, 21, 38, 37, -1,
          21, 22, 39, 38, -1,
          22, 23, 40, 39, -1,
          23, 24, 41, 40, -1,
          24, 25, 42, 41, -1,
          25, 26, 43, 42, -1,
          26, 27, 44, 43, -1,
          27, 28, 45, 44, -1,
          28, 29, 46, 45, -1,
          29, 30, 47, 46, -1,
          30, 31, 32, 47, -1,
          32, 33, 34, 35, 36, 37, 38, 39, 40, 41, 42, 43, 44, 45, 46, 47, -1 ]
      }
    }

  ]
}

DEF Cylinder7 Transform {
  children [
    Shape {
      appearance Appearance {
        material USE pins
      }
      geometry IndexedFaceSet {
        normalPerVertex TRUE
        coord Coordinate {
          point [
            -2.35999983465 1.53540044094 0.6,
            -2.372179109448194 1.4741710917615856 0.6,
            -2.4068627496601525 1.4222633559501523 0.6,
            -2.4587704854715855 1.3875797157381942 0.6,
            -2.51999983465 1.37540044094 0.6,
            -2.5812291838284143 1.3875797157381942 0.6,
            -2.6331369196398478 1.4222633559501523 0.6,
            -2.6678205598518057 1.4741710917615856 0.6,
            -2.67999983465 1.53540044094 0.6,
            -2.6678205598518057 1.5966297901184145 0.6,
            -2.6331369196398478 1.6485375259298476 0.6,
            -2.5812291838284143 1.683221166141806 0.6,
            -2.51999983465 1.69540044094 0.6,
            -2.4587704854715855 1.683221166141806 0.6,
            -2.4068627496601525 1.6485375259298476 0.6,
            -2.372179109448194 1.5966297901184145 0.6,
            -2.35999983465 1.53540044094 -1.0,
            -2.372179109448194 1.4741710917615856 -1.0,
            -2.4068627496601525 1.4222633559501523 -1.0,
            -2.4587704854715855 1.387579715738194 -1.0,
            -2.51999983465 1.3754004409399998 -1.0,
            -2.5812291838284143 1.387579715738194 -1.0,
            -2.6331369196398478 1.4222633559501523 -1.0,
            -2.6678205598518057 1.4741710917615856 -1.0,
            -2.67999983465 1.53540044094 -1.0,
            -2.6678205598518057 1.5966297901184145 -1.0,
            -2.6331369196398478 1.6485375259298476 -1.0,
            -2.5812291838284143 1.683221166141806 -1.0,
            -2.51999983465 1.69540044094 -1.0,
            -2.4587704854715855 1.683221166141806 -1.0,
            -2.4068627496601525 1.6485375259298476 -1.0,
            -2.372179109448194 1.5966297901184145 -1.0 ]
        }
        coordIndex [
          0, 1, 17, 16, -1,
          0, 15, 14, 13, 12, 11, 10, 9, 8, 7, 6, 5, 4, 3, 2, 1, -1,
          0, 16, 31, 15, -1,
          1, 2, 18, 17, -1,
          2, 3, 19, 18, -1,
          3, 4, 20, 19, -1,
          4, 5, 21, 20, -1,
          5, 6, 22, 21, -1,
          6, 7, 23, 22, -1,
          7, 8, 24, 23, -1,
          8, 9, 25, 24, -1,
          9, 10, 26, 25, -1,
          10, 11, 27, 26, -1,
          11, 12, 28, 27, -1,
          12, 13, 29, 28, -1,
          13, 14, 30, 29, -1,
          14, 15, 31, 30, -1,
          16, 17, 18, 19, 20, 21, 22, 23, 24, 25, 26, 27, 28, 29, 30, 31, -1 ]
        normal Normal {
          vector [
            0.0 -0.0 1.0,
            1.0 -3.5374174360847055e-16 0.0,
            1.0 -3.5374174360847055e-16 0.0,
            0.0 -0.0 1.0,
            0.9238795325112865 -0.3826834323650902 0.0,
            0.9238795325112865 -0.3826834323650902 0.0,
            0.0 -0.0 1.0,
            0.7071067811865477 -0.7071067811865474 2.9327599791182763e-17,
            0.7071067811865477 -0.7071067811865474 2.9327599791182763e-17,
            0.0 -0.0 1.0,
            0.3826834323650902 -0.9238795325112866 9.877314269294528e-17,
            0.3826834323650902 -0.9238795325112866 9.877314269294528e-17,
            0.0 -0.0 1.0,
            -6.933338174726022e-16 -1.0 1.3889108580352546e-16,
            -6.933338174726022e-16 -1.0 1.3889108580352546e-16,
            0.0 -0.0 1.0,
            -0.382683432365089 -0.9238795325112871 9.877314269294554e-17,
            -0.382683432365089 -0.9238795325112871 9.877314269294554e-17,
            0.0 -0.0 1.0,
            -0.7071067811865485 -0.7071067811865467 2.932759979118262e-17,
            -0.7071067811865485 -0.7071067811865467 2.932759979118262e-17,
            0.0 -0.0 1.0,
            -0.9238795325112876 -0.3826834323650875 0.0,
            -0.9238795325112876 -0.3826834323650875 0.0,
            0.0 -0.0 1.0,
            -1.0 -3.5374174360847055e-16 0.0,
            -1.0 -3.5374174360847055e-16 0.0,
            0.0 -0.0 1.0,
            -0.9238795325112874 0.38268343236508817 0.0,
            -0.9238795325112874 0.38268343236508817 0.0,
            0.0 -0.0 1.0,
            -0.7071067811865481 0.7071067811865468 0.0,
            -0.7071067811865481 0.7071067811865468 0.0,
            0.0 -0.0 1.0,
            -0.38268343236508967 0.9238795325112867 0.0,
            -0.38268343236508967 0.9238795325112867 0.0,
            0.0 -0.0 1.0,
            -6.933338174726022e-16 1.0 0.0,
            -6.933338174726022e-16 1.0 0.0,
            0.0 -0.0 1.0,
            0.3826834323650909 0.9238795325112862 0.0,
            0.3826834323650909 0.9238795325112862 0.0,
            0.0 -0.0 1.0,
            0.7071067811865475 0.7071067811865475 0.0,
            0.7071067811865475 0.7071067811865475 0.0,
            0.0 -0.0 1.0,
            0.9238795325112862 0.3826834323650909 0.0,
            0.9238795325112862 0.3826834323650909 0.0,
            0.0 -0.0 -1.0,
            1.0 -3.5374174360847055e-16 0.0,
            1.0 -3.5374174360847055e-16 0.0,
            0.0 -0.0 -1.0,
            0.9238795325112865 -0.3826834323650902 0.0,
            0.9238795325112865 -0.3826834323650902 0.0,
            0.0 -0.0 -1.0,
            0.7071067811865477 -0.7071067811865474 2.9327599791182763e-17,
            0.7071067811865477 -0.7071067811865474 2.9327599791182763e-17,
            0.0 -0.0 -1.0,
            0.3826834323650902 -0.9238795325112866 9.877314269294528e-17,
            0.3826834323650902 -0.9238795325112866 9.877314269294528e-17,
            0.0 -0.0 -1.0,
            -6.933338174726022e-16 -1.0 1.3889108580352546e-16,
            -6.933338174726022e-16 -1.0 1.3889108580352546e-16,
            0.0 -0.0 -1.0,
            -0.382683432365089 -0.9238795325112871 9.877314269294554e-17,
            -0.382683432365089 -0.9238795325112871 9.877314269294554e-17,
            0.0 -0.0 -1.0,
            -0.7071067811865485 -0.7071067811865467 2.932759979118262e-17,
            -0.7071067811865485 -0.7071067811865467 2.932759979118262e-17,
            0.0 -0.0 -1.0,
            -0.9238795325112876 -0.3826834323650875 0.0,
            -0.9238795325112876 -0.3826834323650875 0.0,
            0.0 -0.0 -1.0,
            -1.0 -3.5374174360847055e-16 0.0,
            -1.0 -3.5374174360847055e-16 0.0,
            0.0 -0.0 -1.0,
            -0.9238795325112874 0.38268343236508817 0.0,
            -0.9238795325112874 0.38268343236508817 0.0,
            0.0 -0.0 -1.0,
            -0.7071067811865481 0.7071067811865468 0.0,
            -0.7071067811865481 0.7071067811865468 0.0,
            0.0 -0.0 -1.0,
            -0.38268343236508967 0.9238795325112867 0.0,
            -0.38268343236508967 0.9238795325112867 0.0,
            0.0 -0.0 -1.0,
            -6.933338174726022e-16 1.0 0.0,
            -6.933338174726022e-16 1.0 0.0,
            0.0 -0.0 -1.0,
            0.3826834323650909 0.9238795325112862 0.0,
            0.3826834323650909 0.9238795325112862 0.0,
            0.0 -0.0 -1.0,
            0.7071067811865475 0.7071067811865475 0.0,
            0.7071067811865475 0.7071067811865475 0.0,
            0.0 -0.0 -1.0,
            0.9238795325112862 0.3826834323650909 0.0,
            0.9238795325112862 0.3826834323650909 0.0 ]
        }
        normalIndex [
          2, 5, 53, 50, -1,
          0, 45, 42, 39, 36, 33, 30, 27, 24, 21, 18, 15, 12, 9, 6, 3, -1,
          1, 49, 94, 46, -1,
          4, 8, 56, 52, -1,
          7, 11, 59, 55, -1,
          10, 14, 62, 58, -1,
          13, 17, 65, 61, -1,
          16, 20, 68, 64, -1,
          19, 23, 71, 67, -1,
          22, 26, 74, 70, -1,
          25, 29, 77, 73, -1,
          28, 32, 80, 76, -1,
          31, 35, 83, 79, -1,
          34, 38, 86, 82, -1,
          37, 41, 89, 85, -1,
          40, 44, 92, 88, -1,
          43, 47, 95, 91, -1,
          48, 51, 54, 57, 60, 63, 66, 69, 72, 75, 78, 81, 84, 87, 90, 93, -1 ]
      }
    }
    ,
    Shape {
      appearance Appearance {
        material USE body
      }
      geometry IndexedFaceSet {
        normalPerVertex TRUE
        coord Coordinate {
          point [
            -2.2199995000199446 1.5353999999999999 0.9753870067719979,
            -2.242835640266559 1.420594970290473 0.9753870067719976,
            -2.3078674656639806 1.3232679656440358 0.9753870067719976,
            -2.405194470310418 1.258236140246614 0.9753870067719976,
            -2.519999500019945 1.2354 0.9753870067719976,
            -2.6348045297294718 1.258236140246614 0.9753870067719976,
            -2.732131534375909 1.3232679656440358 0.9753870067719976,
            -2.7971633597733305 1.420594970290473 0.9753870067719979,
            -2.8199995000199447 1.5353999999999999 0.9753870067719976,
            -2.7971633597733305 1.6502050297095268 0.9753870067719979,
            -2.732131534375909 1.7475320343559642 0.9753870067719976,
            -2.634804529729472 1.812563859753386 0.9753870067719976,
            -2.519999500019945 1.8354000000000001 0.9753870067719976,
            -2.405194470310418 1.812563859753386 0.9753870067719976,
            -2.3078674656639806 1.7475320343559642 0.9753870067719976,
            -2.242835640266559 1.6502050297095272 0.9753870067719979,
            -2.2200000000398896 1.5354 0.4000000135439956,
            -2.2428361402865034 1.420594970290473 0.4000000135439956,
            -2.307867965683925 1.323267965644036 0.4000000135439954,
            -2.4051949703303626 1.2582361402466142 0.4000000135439954,
            -2.5200000000398894 1.2354000000000003 0.4000000135439956,
            -2.6348050297494163 1.2582361402466142 0.4000000135439956,
            -2.7321320343958537 1.323267965644036 0.4000000135439956,
            -2.797163859793275 1.420594970290473 0.4000000135439956,
            -2.8200000000398893 1.5353999999999999 0.4000000135439954,
            -2.797163859793275 1.6502050297095272 0.4000000135439956,
            -2.7321320343958537 1.7475320343559642 0.4000000135439956,
            -2.6348050297494168 1.812563859753386 0.4000000135439954,
            -2.5200000000398894 1.8354000000000001 0.4000000135439956,
            -2.4051949703303626 1.812563859753386 0.4000000135439954,
            -2.3078679656839256 1.7475320343559646 0.4000000135439954,
            -2.2428361402865034 1.6502050297095272 0.4000000135439956,
            -2.3900000010398896 1.5353999999999999 0.10000001354399557,
            -2.3998956617373017 1.4856511541752218 0.10000001354399546,
            -2.428076119192745 1.4434761191528556 0.10000001354399546,
            -2.470251154215111 1.4152956616974122 0.10000001354399546,
            -2.5200000000398894 1.405400001 0.10000001354399546,
            -2.569748845864668 1.4152956616974122 0.10000001354399546,
            -2.611923880887034 1.4434761191528556 0.10000001354399546,
            -2.640104338342477 1.4856511541752218 0.10000001354399568,
            -2.6499999990398897 1.5353999999999999 0.10000001354399546,
            -2.640104338342477 1.5851488458247782 0.10000001354399568,
            -2.611923880887034 1.6273238808471444 0.10000001354399546,
            -2.569748845864668 1.6555043383025876 0.10000001354399546,
            -2.5200000000398894 1.6653999990000001 0.10000001354399546,
            -2.470251154215111 1.6555043383025876 0.10000001354399535,
            -2.428076119192745 1.6273238808471444 0.10000001354399546,
            -2.3998956617373017 1.5851488458247782 0.10000001354399568,
            -2.247046382080022 1.4306966296545554 0.9880535110571662,
            -2.224557174116282 1.5444461068821136 1.0040839852731476,
            -2.247046382080022 1.6568183963400342 1.027924879449281,
            -2.3110902279239394 1.7507058356156866 1.0559466335654935,
            -2.406938616677206 1.8118149131711119 1.083883189575426,
            -2.5199995000199453 1.8308423259036626 1.1074814600720768,
            -2.6330603833626847 1.8048913227087342 1.1231488222911858,
            -2.728908772115951 1.737912708576325 1.1285000623598858,
            -2.792952617959868 1.640103370345445 1.1227205024868294,
            -2.8154418259236076 1.5263538931178862 1.106690028270848,
            -2.792952617959868 1.4139816036599666 1.082849134094715,
            -2.728908772115951 1.3200941643843136 1.0548273799785022,
            -2.633060383362684 1.2589850868288885 1.0268908239685697,
            -2.5199995000199453 1.2399576740963378 1.0032925534719186,
            -2.4069386166772064 1.265908677291266 0.9876251912528096,
            -2.3110902279239394 1.3328872914236753 0.9822739511841097,
            -2.2489936378773234 1.4383517529074092 1.0028122875029726,
            -2.224062428880787 1.548309880034177 1.0342658921408034,
            -2.2420700474149458 1.654219816298056 1.0807470197441436,
            -2.3002749967974436 1.7399577339788304 1.135179339987854,
            -2.3898161011139734 1.7924708123257644 1.1892760255450434,
            -2.497061538924477 1.803764411192777 1.2348013464273042,
            -2.60568416450462 1.7721191825290943 1.2648244852183748,
            -2.6991471677763763 1.70235282553405 1.2747746911977438,
            -2.7632216537358576 1.6050866356265379 1.263137135703896,
            -2.7881528627323946 1.4951285084997696 1.2316835310660652,
            -2.770145244198235 1.3892185722358918 1.1852024034627258,
            -2.7119402948157383 1.3034806545551165 1.1307700832190142,
            -2.622399190499208 1.2509675762081827 1.0766733976618252,
            -2.5151537526887044 1.23967397734117 1.0311480767795642,
            -2.4065311271085625 1.2713192060048526 1.001124937988494,
            -2.313068123836805 1.3410855629998972 0.9911747320091244,
            -1.5126089928367064 0.46922757888409916 2.6642621272025924,
            -1.4081675807227512 0.6277714684333437 2.6832313426575647,
            -1.3675297100583965 0.8070032156499753 2.7345007182172294,
            -1.3968821282690755 0.9796364117600975 2.810264956210674,
            -1.4917561957625471 1.1193892175797597 2.8989896382079214,
            -1.6377081957984905 1.2049855352852623 2.9871672356661403,
            -1.8125182594296114 1.223394101438493 3.0613735087042255,
            -1.9895731391252442 1.1718123787166899 3.1103112249336706,
            -2.1419178344582073 1.0580932168147679 3.126530060680042,
            -2.246359246572162 0.8995493272655231 3.1075608452250703,
            -2.286997117236517 0.7203175800488912 3.056291469665406,
            -2.2576446990258368 0.5476843839387704 2.9805272316719624,
            -2.1627706315323674 0.40793157811910663 2.891802549674712,
            -2.016818631496423 0.32233526041360444 2.8036249522164947,
            -1.8420085678653022 0.30392669426037383 2.729418679178409,
            -1.664953688169671 0.35550841698217645 2.6804809629489648 ]
        }
        coordIndex [
          0, 1, 17, 16, -1,
          0, 15, 50, 49, -1,
          0, 16, 31, 15, -1,
          0, 49, 48, 1, -1,
          1, 2, 18, 17, -1,
          1, 48, 63, 2, -1,
          2, 3, 19, 18, -1,
          2, 63, 62, 3, -1,
          3, 4, 20, 19, -1,
          3, 62, 61, 4, -1,
          4, 5, 21, 20, -1,
          4, 61, 60, 5, -1,
          5, 6, 22, 21, -1,
          5, 60, 59, 6, -1,
          6, 7, 23, 22, -1,
          6, 59, 58, 7, -1,
          7, 8, 24, 23, -1,
          7, 58, 57, 8, -1,
          8, 9, 25, 24, -1,
          8, 57, 56, 9, -1,
          9, 10, 26, 25, -1,
          9, 56, 55, 10, -1,
          10, 11, 27, 26, -1,
          10, 55, 54, 11, -1,
          11, 12, 28, 27, -1,
          11, 54, 53, 12, -1,
          12, 13, 29, 28, -1,
          12, 53, 52, 13, -1,
          13, 14, 30, 29, -1,
          13, 52, 51, 14, -1,
          14, 15, 31, 30, -1,
          14, 51, 50, 15, -1,
          16, 17, 33, 32, -1,
          16, 32, 47, 31, -1,
          17, 18, 34, 33, -1,
          18, 19, 35, 34, -1,
          19, 20, 36, 35, -1,
          20, 21, 37, 36, -1,
          21, 22, 38, 37, -1,
          22, 23, 39, 38, -1,
          23, 24, 40, 39, -1,
          24, 25, 41, 40, -1,
          25, 26, 42, 41, -1,
          26, 27, 43, 42, -1,
          27, 28, 44, 43, -1,
          28, 29, 45, 44, -1,
          29, 30, 46, 45, -1,
          30, 31, 47, 46, -1,
          32, 33, 34, 35, 36, 37, 38, 39, 40, 41, 42, 43, 44, 45, 46, 47, -1,
          48, 49, 65, 64, -1,
          48, 64, 79, 63, -1,
          49, 50, 66, 65, -1,
          50, 51, 67, 66, -1,
          51, 52, 68, 67, -1,
          52, 53, 69, 68, -1,
          53, 54, 70, 69, -1,
          54, 55, 71, 70, -1,
          55, 56, 72, 71, -1,
          56, 57, 73, 72, -1,
          57, 58, 74, 73, -1,
          58, 59, 75, 74, -1,
          59, 60, 76, 75, -1,
          60, 61, 77, 76, -1,
          61, 62, 78, 77, -1,
          62, 63, 79, 78, -1,
          64, 65, 82, 81, -1,
          64, 81, 80, 79, -1,
          65, 66, 83, 82, -1,
          66, 67, 84, 83, -1,
          67, 68, 85, 84, -1,
          68, 69, 86, 85, -1,
          69, 70, 87, 86, -1,
          70, 71, 88, 87, -1,
          71, 72, 89, 88, -1,
          72, 73, 90, 89, -1,
          73, 74, 91, 90, -1,
          74, 75, 92, 91, -1,
          75, 76, 93, 92, -1,
          76, 77, 94, 93, -1,
          77, 78, 95, 94, -1,
          78, 79, 80, 95, -1,
          80, 81, 82, 83, 84, 85, 86, 87, 88, 89, 90, 91, 92, 93, 94, 95, -1 ]
        normal Normal {
          vector [
            0.8462027899674408 -0.35821733975608117 0.39448849888101395,
            0.9950371624535265 -0.01009139773245372 0.09899095427482171,
            0.920912711627195 0.3896804248446389 -0.008303255767989896,
            0.697127987615938 0.7169195124991496 0.0062435150783957906,
            0.37107025624167467 0.926519487733838 0.06219729722555852,
            -0.0088615488840582 0.9925027529780093 0.12190060821196944,
            -0.3867600219217117 0.9073213360270517 0.1648777687658435,
            -0.7062103318474282 0.6847585121224727 0.1799242820404252,
            -0.9189976849844982 0.3587851630743948 0.163451710761353,
            -0.9926319900771972 -0.02139066820818722 0.11926513148858904,
            -0.9150687813942128 -0.39899532035458285 0.05875252890603259,
            -0.6955929422641637 -0.718431722179119 0.00251380966445233,
            -0.36172668863202695 -0.9322102643923896 -0.011739918772272187,
            0.03981680527844114 -0.994543604133067 0.09642427855798517,
            0.38255688493894086 -0.8360577799324547 0.3932653282457396,
            0.5875501588236253 -0.5715669309766757 0.5727966954166518,
            0.9298473431650124 -0.3424783939569125 -0.13450824540399636,
            0.9776234756776608 0.054804367706538085 -0.20309805780513174,
            0.8895449174227 0.43278798879071995 -0.14630241503791191,
            0.6791923654159363 0.7337516404158474 -0.01750031279029929,
            0.3698927607729277 0.920255738766869 0.12770560204793655,
            0.004262402680714143 0.9673020019304144 0.2535915396554077,
            -0.3636297749402814 0.8690702957931309 0.3353955988782803,
            -0.6783356383521829 0.6414335340408337 0.35836264195535655,
            -0.8924090471432686 0.31958641545508193 0.3185445269242826,
            -0.9736774929106288 -0.047742325343032396 0.22287397822561653,
            -0.9096180381147335 -0.40597163386528307 0.08821596926325563,
            -0.7084571782974574 -0.7032178239656922 -0.05977556838509721,
            -0.3963580878838767 -0.8991620645940364 -0.18549352485741108,
            -0.011102726647360254 -0.9721610956370351 -0.2340502800485256,
            0.3886057428091592 -0.9087269833089058 -0.15231824073970074,
            0.7245119943495212 -0.6866132874747689 -0.06037022036376681,
            0.7229836137357183 -0.6804682823442516 -0.11940523854967773,
            0.921841783573071 -0.38109780527122666 -0.0705137495547736,
            0.9981021385396146 -0.04645486236399916 0.04042359218810342,
            0.94226345483463 0.2719121795244594 0.19545676838975282,
            0.7650029705225051 0.5266984147679269 0.37062006822714805,
            0.49420944349012225 0.6814159808237927 0.5398419093059859,
            0.1701258876721012 0.7145554267886546 0.6785777217022845,
            -0.16020273729493076 0.6215764390312585 0.7667971135863982,
            -0.44866930630168295 0.415278107031944 0.7913532380692783,
            -0.6520835341572264 0.1247092545613182 0.7478199424378716,
            -0.7383469321865891 -0.20779286290412832 0.6416119807615491,
            -0.6920921734603602 -0.5319369265836698 0.4879052465096418,
            -0.5183784334241658 -0.7970270603848499 0.30988976229458215,
            -0.24302329119282765 -0.9605365437357682 0.13531159627301284,
            0.0910541829509108 -0.9958126029978969 -0.00814834202125071,
            0.43096117571744064 -0.8970663007586523 -0.09769604427728089,
            0.9999999999996224 -1.8394570667640202e-16 -8.690150293054037e-7,
            0.9999999999996224 -1.8394570667640202e-16 -8.690150293054037e-7,
            0.9824700453407983 -0.009011965647864637 0.18620256304146712,
            0.9824700453407983 -0.009011965647864637 0.18620256304146712,
            0.9238795325109849 -0.38268343236497643 -8.028651989315865e-7,
            0.9238795325109849 -0.38268343236497643 -8.028651989315865e-7,
            0.8036301333600278 -0.3280107342363885 0.49657584212429173,
            0.8036301333600278 -0.3280107342363885 0.49657584212429173,
            0.7071067811864034 -0.7071067811864247 -6.144864201233838e-7,
            0.7071067811864034 -0.7071067811864247 -6.144864201233838e-7,
            0.5290215224117897 -0.5219643854866621 0.6690959640504817,
            0.5290215224117897 -0.5219643854866621 0.6690959640504817,
            0.3826834323650592 -0.9238795325112397 -3.32557654401362e-7,
            0.3826834323650592 -0.9238795325112397 -3.32557654401362e-7,
            0.3393799862643244 -0.7989971589892385 0.49641189031927174,
            0.3393799862643244 -0.7989971589892385 0.49641189031927174,
            1.4149669744339025e-17 -1.0 -3.8406537152039415e-16,
            1.4149669744339025e-17 -1.0 -3.8406537152039415e-16,
            0.023667744413941205 -0.9822403038805075 0.18612851288044133,
            0.023667744413941205 -0.9822403038805075 0.18612851288044133,
            -0.3826834323650592 -0.9238795325112397 3.325576536890357e-7,
            -0.3826834323650592 -0.9238795325112397 3.325576536890357e-7,
            -0.36737027096613006 -0.9292931417991167 0.03812270472302579,
            -0.36737027096613006 -0.9292931417991167 0.03812270472302579,
            -0.7071067811864044 -0.7071067811864236 6.144864196867977e-7,
            -0.7071067811864044 -0.7071067811864236 6.144864196867977e-7,
            -0.7012882936467201 -0.7128635023117857 0.004511791866483807,
            -0.7012882936467201 -0.7128635023117857 0.004511791866483807,
            -0.9238795325109851 -0.3826834323649758 8.028651986115323e-7,
            -0.9238795325109851 -0.3826834323649758 8.028651986115323e-7,
            -0.9222245821275797 -0.3864158679062213 0.013586653373538031,
            -0.9222245821275797 -0.3864158679062213 0.013586653373538031,
            -0.9999999999996224 -1.5564636718772484e-16 8.69015028959089e-7,
            -0.9999999999996224 -1.5564636718772484e-16 8.69015028959089e-7,
            -0.9994107094436802 -0.0033456658845723067 0.03416197255822425,
            -0.9994107094436802 -0.0033456658845723067 0.03416197255822425,
            -0.9238795325109853 0.38268343236497543 8.028651988117705e-7,
            -0.9238795325109853 0.38268343236497543 8.028651988117705e-7,
            -0.9245221355047373 0.37765661317534244 0.051325466258867206,
            -0.9245221355047373 0.37765661317534244 0.051325466258867206,
            -0.7071067811864054 0.7071067811864227 6.144864200117764e-7,
            -0.7071067811864054 0.7071067811864227 6.144864200117764e-7,
            -0.7112662100032353 0.7005433107470566 0.05778795960393886,
            -0.7112662100032353 0.7005433107470566 0.05778795960393886,
            -0.38268343236506064 0.9238795325112391 3.3255765404519934e-7,
            -0.38268343236506064 0.9238795325112391 3.3255765404519934e-7,
            -0.3916681368144036 0.9186740388160225 0.05132329889816998,
            -0.3916681368144036 0.9186740388160225 0.05132329889816998,
            3.5374174360847573e-16 1.0 -3.103660622785546e-22,
            3.5374174360847573e-16 1.0 -3.103660622785546e-22,
            -0.011883336226380228 0.9993457391795604 0.03415962388242459,
            -0.011883336226380228 0.9993457391795604 0.03415962388242459,
            0.38268343236505986 0.9238795325112393 -3.32557653989395e-7,
            0.38268343236505986 0.9238795325112393 -3.32557653989395e-7,
            0.37227944612354263 0.928021251385738 0.013585689912449066,
            0.37227944612354263 0.928021251385738 0.013585689912449066,
            0.7071067811864027 0.7071067811864251 -6.144864199001661e-7,
            0.7071067811864027 0.7071067811864251 -6.144864199001661e-7,
            0.7020515675900239 0.7121118167091364 0.0045118674186655884,
            0.7020515675900239 0.7121118167091364 0.0045118674186655884,
            0.9238795325109848 0.3826834323649767 -8.028651988905523e-7,
            0.9238795325109848 0.3826834323649767 -8.028651988905523e-7,
            0.9235906531918404 0.38147914000926847 0.03813097263981626,
            0.9235906531918404 0.38147914000926847 0.03813097263981626,
            0.9999999999996224 -1.8394570667640202e-16 -8.690150293054037e-7,
            0.9999999999996224 -1.8394570667640202e-16 -8.690150293054037e-7,
            0.8700221846046782 2.112610284338345e-16 -0.4930125741760582,
            0.8700221846046782 2.112610284338345e-16 -0.4930125741760582,
            0.9238795325109849 -0.38268343236497643 -8.028651989315865e-7,
            0.9238795325109849 -0.38268343236497643 -8.028651989315865e-7,
            0.803795689187019 -0.33294307583829086 -0.49301257417605826,
            0.803795689187019 -0.33294307583829086 -0.49301257417605826,
            0.7071067811864034 -0.7071067811864247 -6.144864201233838e-7,
            0.7071067811864034 -0.7071067811864247 -6.144864201233838e-7,
            0.6151985865167025 -0.6151985865167023 -0.4930125741760578,
            0.6151985865167025 -0.6151985865167023 -0.4930125741760578,
            0.3826834323650592 -0.9238795325112397 -3.32557654401362e-7,
            0.3826834323650592 -0.9238795325112397 -3.32557654401362e-7,
            0.3329430758382914 -0.8037956891870192 -0.4930125741760576,
            0.3329430758382914 -0.8037956891870192 -0.4930125741760576,
            1.4149669744339025e-17 -1.0 -3.8406537152039415e-16,
            1.4149669744339025e-17 -1.0 -3.8406537152039415e-16,
            -3.5210171405639084e-16 -0.8700221846046787 -0.4930125741760573,
            -3.5210171405639084e-16 -0.8700221846046787 -0.4930125741760573,
            -0.3826834323650592 -0.9238795325112397 3.325576536890357e-7,
            -0.3826834323650592 -0.9238795325112397 3.325576536890357e-7,
            -0.33294307583829186 -0.803795689187019 -0.49301257417605737,
            -0.33294307583829186 -0.803795689187019 -0.49301257417605737,
            -0.7071067811864044 -0.7071067811864236 6.144864196867977e-7,
            -0.7071067811864044 -0.7071067811864236 6.144864196867977e-7,
            -0.6151985865167032 -0.6151985865167017 -0.49301257417605754,
            -0.6151985865167032 -0.6151985865167017 -0.49301257417605754,
            -0.9238795325109851 -0.3826834323649758 8.028651986115323e-7,
            -0.9238795325109851 -0.3826834323649758 8.028651986115323e-7,
            -0.8037956891870187 -0.332943075838293 -0.4930125741760573,
            -0.8037956891870187 -0.332943075838293 -0.4930125741760573,
            -0.9999999999996224 -1.5564636718772484e-16 8.69015028959089e-7,
            -0.9999999999996224 -1.5564636718772484e-16 8.69015028959089e-7,
            -0.8700221846046784 -3.239335769318799e-16 -0.4930125741760578,
            -0.8700221846046784 -3.239335769318799e-16 -0.4930125741760578,
            -0.9238795325109853 0.38268343236497543 8.028651988117705e-7,
            -0.9238795325109853 0.38268343236497543 8.028651988117705e-7,
            -0.8037956891870187 0.33294307583829263 -0.49301257417605754,
            -0.8037956891870187 0.33294307583829263 -0.49301257417605754,
            -0.7071067811864054 0.7071067811864227 6.144864200117764e-7,
            -0.7071067811864054 0.7071067811864227 6.144864200117764e-7,
            -0.6151985865167033 0.6151985865167011 -0.49301257417605815,
            -0.6151985865167033 0.6151985865167011 -0.49301257417605815,
            -0.38268343236506064 0.9238795325112391 3.3255765404519934e-7,
            -0.38268343236506064 0.9238795325112391 3.3255765404519934e-7,
            -0.3329430758382931 0.8037956891870179 -0.49301257417605826,
            -0.3329430758382931 0.8037956891870179 -0.49301257417605826,
            3.5374174360847573e-16 1.0 -3.103660622785546e-22,
            3.5374174360847573e-16 1.0 -3.103660622785546e-22,
            1.4084068562255643e-17 0.8700221846046781 -0.49301257417605837,
            1.4084068562255643e-17 0.8700221846046781 -0.49301257417605837,
            0.38268343236505986 0.9238795325112393 -3.32557653989395e-7,
            0.38268343236505986 0.9238795325112393 -3.32557653989395e-7,
            0.3329430758382922 0.8037956891870186 -0.49301257417605804,
            0.3329430758382922 0.8037956891870186 -0.49301257417605804,
            0.7071067811864027 0.7071067811864251 -6.144864199001661e-7,
            0.7071067811864027 0.7071067811864251 -6.144864199001661e-7,
            0.6151985865167018 0.6151985865167026 -0.4930125741760583,
            0.6151985865167018 0.6151985865167026 -0.4930125741760583,
            0.9238795325109848 0.3826834323649767 -8.028651988905523e-7,
            0.9238795325109848 0.3826834323649767 -8.028651988905523e-7,
            0.8037956891870187 0.332943075838291 -0.4930125741760585,
            0.8037956891870187 0.332943075838291 -0.4930125741760585,
            0.8700221846046782 2.112610284338345e-16 -0.4930125741760582,
            0.8700221846046782 2.112610284338345e-16 -0.4930125741760582,
            -1.6764241737296818e-16 -1.6921578347986864e-17 -1.0,
            0.803795689187019 -0.33294307583829086 -0.49301257417605826,
            0.803795689187019 -0.33294307583829086 -0.49301257417605826,
            -1.6764241737296818e-16 -1.6921578347986864e-17 -1.0,
            0.6151985865167025 -0.6151985865167023 -0.4930125741760578,
            0.6151985865167025 -0.6151985865167023 -0.4930125741760578,
            -1.6764241737296818e-16 -1.6921578347986864e-17 -1.0,
            0.3329430758382914 -0.8037956891870192 -0.4930125741760576,
            0.3329430758382914 -0.8037956891870192 -0.4930125741760576,
            -1.6764241737296818e-16 -1.6921578347986864e-17 -1.0,
            -3.5210171405639084e-16 -0.8700221846046787 -0.4930125741760573,
            -3.5210171405639084e-16 -0.8700221846046787 -0.4930125741760573,
            -1.6764241737296818e-16 -1.6921578347986864e-17 -1.0,
            -0.33294307583829186 -0.803795689187019 -0.49301257417605737,
            -0.33294307583829186 -0.803795689187019 -0.49301257417605737,
            -1.6764241737296818e-16 -1.6921578347986864e-17 -1.0,
            -0.6151985865167032 -0.6151985865167017 -0.49301257417605754,
            -0.6151985865167032 -0.6151985865167017 -0.49301257417605754,
            -1.6764241737296818e-16 -1.6921578347986864e-17 -1.0,
            -0.8037956891870187 -0.332943075838293 -0.4930125741760573,
            -0.8037956891870187 -0.332943075838293 -0.4930125741760573,
            -1.6764241737296818e-16 -1.6921578347986864e-17 -1.0,
            -0.8700221846046784 -3.239335769318799e-16 -0.4930125741760578,
            -0.8700221846046784 -3.239335769318799e-16 -0.4930125741760578,
            -1.6764241737296818e-16 -1.6921578347986864e-17 -1.0,
            -0.8037956891870187 0.33294307583829263 -0.49301257417605754,
            -0.8037956891870187 0.33294307583829263 -0.49301257417605754,
            -1.6764241737296818e-16 -1.6921578347986864e-17 -1.0,
            -0.6151985865167033 0.6151985865167011 -0.49301257417605815,
            -0.6151985865167033 0.6151985865167011 -0.49301257417605815,
            -1.6764241737296818e-16 -1.6921578347986864e-17 -1.0,
            -0.3329430758382931 0.8037956891870179 -0.49301257417605826,
            -0.3329430758382931 0.8037956891870179 -0.49301257417605826,
            -1.6764241737296818e-16 -1.6921578347986864e-17 -1.0,
            1.4084068562255643e-17 0.8700221846046781 -0.49301257417605837,
            1.4084068562255643e-17 0.8700221846046781 -0.49301257417605837,
            -1.6764241737296818e-16 -1.6921578347986864e-17 -1.0,
            0.3329430758382922 0.8037956891870186 -0.49301257417605804,
            0.3329430758382922 0.8037956891870186 -0.49301257417605804,
            -1.6764241737296818e-16 -1.6921578347986864e-17 -1.0,
            0.6151985865167018 0.6151985865167026 -0.4930125741760583,
            0.6151985865167018 0.6151985865167026 -0.4930125741760583,
            -1.6764241737296818e-16 -1.6921578347986864e-17 -1.0,
            0.8037956891870187 0.332943075838291 -0.4930125741760585,
            0.8037956891870187 0.332943075838291 -0.4930125741760585,
            -1.6764241737296818e-16 -1.6921578347986864e-17 -1.0 ]
        }
        normalIndex [
          48, 52, 116, 112, -1,
          51, 110, 2, 1, -1,
          49, 113, 173, 109, -1,
          50, 1, 0, 54, -1,
          53, 56, 120, 117, -1,
          55, 0, 15, 59, -1,
          57, 60, 124, 121, -1,
          58, 15, 14, 63, -1,
          61, 64, 128, 125, -1,
          62, 14, 13, 67, -1,
          65, 68, 132, 129, -1,
          66, 13, 12, 71, -1,
          69, 72, 136, 133, -1,
          70, 12, 11, 75, -1,
          73, 76, 140, 137, -1,
          74, 11, 10, 79, -1,
          77, 80, 144, 141, -1,
          78, 10, 9, 83, -1,
          81, 84, 148, 145, -1,
          82, 9, 8, 87, -1,
          85, 88, 152, 149, -1,
          86, 8, 7, 91, -1,
          89, 92, 156, 153, -1,
          90, 7, 6, 95, -1,
          93, 96, 160, 157, -1,
          94, 6, 5, 99, -1,
          97, 100, 164, 161, -1,
          98, 5, 4, 103, -1,
          101, 104, 168, 165, -1,
          102, 4, 3, 107, -1,
          105, 108, 172, 169, -1,
          106, 3, 2, 111, -1,
          114, 118, 179, 176, -1,
          115, 177, 222, 175, -1,
          119, 122, 182, 180, -1,
          123, 126, 185, 183, -1,
          127, 130, 188, 186, -1,
          131, 134, 191, 189, -1,
          135, 138, 194, 192, -1,
          139, 142, 197, 195, -1,
          143, 146, 200, 198, -1,
          147, 150, 203, 201, -1,
          151, 154, 206, 204, -1,
          155, 158, 209, 207, -1,
          159, 162, 212, 210, -1,
          163, 166, 215, 213, -1,
          167, 170, 218, 216, -1,
          171, 174, 221, 219, -1,
          178, 181, 184, 187, 190, 193, 196, 199, 202, 205, 208, 211, 214, 217, 220, 223, -1,
          0, 1, 17, 16, -1,
          0, 16, 31, 15, -1,
          1, 2, 18, 17, -1,
          2, 3, 19, 18, -1,
          3, 4, 20, 19, -1,
          4, 5, 21, 20, -1,
          5, 6, 22, 21, -1,
          6, 7, 23, 22, -1,
          7, 8, 24, 23, -1,
          8, 9, 25, 24, -1,
          9, 10, 26, 25, -1,
          10, 11, 27, 26, -1,
          11, 12, 28, 27, -1,
          12, 13, 29, 28, -1,
          13, 14, 30, 29, -1,
          14, 15, 31, 30, -1,
          16, 17, 34, 33, -1,
          16, 33, 32, 31, -1,
          17, 18, 35, 34, -1,
          18, 19, 36, 35, -1,
          19, 20, 37, 36, -1,
          20, 21, 38, 37, -1,
          21, 22, 39, 38, -1,
          22, 23, 40, 39, -1,
          23, 24, 41, 40, -1,
          24, 25, 42, 41, -1,
          25, 26, 43, 42, -1,
          26, 27, 44, 43, -1,
          27, 28, 45, 44, -1,
          28, 29, 46, 45, -1,
          29, 30, 47, 46, -1,
          30, 31, 32, 47, -1,
          32, 33, 34, 35, 36, 37, 38, 39, 40, 41, 42, 43, 44, 45, 46, 47, -1 ]
      }
    }

  ]
}

DEF Cylinder1 Transform {
  children [
    Shape {
      appearance Appearance {
        material USE body
      }
      geometry IndexedFaceSet {
        normalPerVertex TRUE
        coord Coordinate {
          point [
            4.921499999941991 1.06 5.121500000000001,
            4.546873119200703 1.06 7.00487651236259,
            3.480026023568575 1.06 8.601526023568578,
            1.8833765123625905 1.06 9.668373119200705,
            4.461726491562604e-16 1.06 10.04299999994199,
            -1.8833765123625898 1.06 9.668373119200705,
            -3.4800260235685747 1.06 8.601526023568578,
            -4.546873119200703 1.06 7.00487651236259,
            -4.92149999994199 1.06 5.121500000000003,
            -4.546873119200703 1.06 3.2381234876374103,
            -3.4800260235685756 1.06 1.6414739764314263,
            -1.8833765123625927 1.06 0.5746268807992969,
            -7.592471952302712e-16 1.06 0.20000000005801044,
            1.8833765123625914 1.06 0.5746268807992969,
            3.4800260235685747 1.06 1.6414739764314246,
            4.546873119200702 1.06 3.2381234876374068,
            4.921499999941991 -1.06 5.121500000000001,
            4.546873119200703 -1.06 7.00487651236259,
            3.480026023568575 -1.06 8.601526023568578,
            1.8833765123625905 -1.06 9.668373119200705,
            4.461726491562604e-16 -1.06 10.04299999994199,
            -1.8833765123625898 -1.06 9.668373119200705,
            -3.4800260235685747 -1.06 8.601526023568578,
            -4.546873119200703 -1.06 7.00487651236259,
            -4.92149999994199 -1.06 5.121500000000003,
            -4.546873119200703 -1.06 3.2381234876374103,
            -3.4800260235685756 -1.06 1.6414739764314263,
            -1.8833765123625927 -1.06 0.5746268807992969,
            -7.592471952302712e-16 -1.06 0.20000000005801044,
            1.8833765123625914 -1.06 0.5746268807992969,
            3.4800260235685747 -1.06 1.6414739764314246,
            4.546873119200702 -1.06 3.2381234876374068,
            4.655738999945124 -1.1600000000000001 5.121500000000001,
            4.301341970763866 -1.1600000000000001 6.903174180695012,
            3.292104618295872 -1.1600000000000001 8.413604618295874,
            1.7816741806950107 -1.1600000000000001 9.422841970763866,
            4.132432081223041e-16 -1.1600000000000001 9.777238999945123,
            -1.78167418069501 -1.1600000000000001 9.422841970763866,
            -3.29210461829587 -1.1600000000000001 8.413604618295874,
            -4.301341970763866 -1.1600000000000001 6.903174180695012,
            -4.655738999945123 -1.1600000000000001 5.121500000000003,
            -4.301341970763866 -1.1600000000000001 3.3398258193049903,
            -3.292104618295873 -1.1600000000000001 1.8293953817041297,
            -1.7816741806950125 -1.1600000000000001 0.8201580292361356,
            -7.270839646673548e-16 -1.1600000000000001 0.46576100005487664,
            1.781674180695011 -1.1600000000000001 0.8201580292361338,
            3.2921046182958706 -1.1600000000000001 1.8293953817041282,
            4.301341970763865 -1.1600000000000001 3.339825819304986,
            4.301341970763866 1.1600000000000001 6.903174180695012,
            4.655738999945124 1.1600000000000001 5.121500000000001,
            4.301341970763865 1.1600000000000001 3.339825819304986,
            3.2921046182958706 1.1600000000000001 1.8293953817041282,
            1.781674180695011 1.1600000000000001 0.8201580292361338,
            -7.318428998487083e-16 1.1600000000000001 0.46576100005487664,
            -1.7816741806950125 1.1600000000000001 0.8201580292361356,
            -3.292104618295873 1.1600000000000001 1.8293953817041297,
            -4.301341970763866 1.1600000000000001 3.3398258193049903,
            -4.655738999945123 1.1600000000000001 5.121500000000003,
            -4.301341970763866 1.1600000000000001 6.903174180695012,
            -3.29210461829587 1.1600000000000001 8.413604618295874,
            -1.78167418069501 1.1600000000000001 9.422841970763866,
            4.084842729409505e-16 1.1600000000000001 9.777238999945123,
            1.7816741806950107 1.1600000000000001 9.422841970763866,
            3.292104618295872 1.1600000000000001 8.413604618295874,
            3.259017299961586 -1.2599999999999998 5.121500000000001,
            3.0109393795347064 -1.2599999999999998 6.36867192648651,
            2.30447323280711 -1.2599999999999998 7.42597323280711,
            1.2471719264865075 -1.2599999999999998 8.132439379534707,
            2.666192301402555e-16 -1.2599999999999998 8.38051729996159,
            -1.2471719264865067 -1.2599999999999998 8.132439379534707,
            -2.30447323280711 -1.2599999999999998 7.425973232807113,
            -3.0109393795347064 -1.2599999999999998 6.36867192648651,
            -3.2590172999615854 -1.2599999999999998 5.121500000000003,
            -3.0109393795347064 -1.2599999999999998 3.8743280735134933,
            -2.3044732328071103 -1.2599999999999998 2.81702676719289,
            -1.2471719264865089 -1.2599999999999998 2.1105606204652956,
            -5.316097908125056e-16 -1.2599999999999998 1.8624827000384143,
            1.2471719264865078 -1.2599999999999998 2.1105606204652956,
            2.304473232807109 -1.2599999999999998 2.81702676719289,
            3.0109393795347055 -1.2599999999999998 3.8743280735134915,
            3.010939379534707 1.2599999999999998 6.36867192648651,
            3.259017299961586 1.2599999999999998 5.121500000000001,
            3.0109393795347055 1.2599999999999998 3.8743280735134915,
            2.30447323280711 1.2599999999999998 2.81702676719289,
            1.2471719264865075 1.2599999999999998 2.1105606204652956,
            -6.142566317953481e-16 1.2599999999999998 1.8624827000384143,
            -1.2471719264865089 1.2599999999999998 2.1105606204652956,
            -2.3044732328071103 1.2599999999999998 2.81702676719289,
            -3.0109393795347055 1.2599999999999998 3.8743280735134933,
            -3.2590172999615863 1.2599999999999998 5.121500000000003,
            -3.0109393795347055 1.2599999999999998 6.36867192648651,
            -2.304473232807109 1.2599999999999998 7.425973232807113,
            -1.247171926486507 1.2599999999999998 8.132439379534707,
            1.839723891574131e-16 1.2599999999999998 8.38051729996159,
            1.247171926486507 1.2599999999999998 8.132439379534707,
            2.30447323280711 1.2599999999999998 7.42597323280711 ]
        }
        coordIndex [
          0, 1, 17, 16, -1,
          0, 15, 50, 49, -1,
          0, 16, 31, 15, -1,
          0, 49, 48, 1, -1,
          1, 2, 18, 17, -1,
          1, 48, 63, 2, -1,
          2, 3, 19, 18, -1,
          2, 63, 62, 3, -1,
          3, 4, 20, 19, -1,
          3, 62, 61, 4, -1,
          4, 5, 21, 20, -1,
          4, 61, 60, 5, -1,
          5, 6, 22, 21, -1,
          5, 60, 59, 6, -1,
          6, 7, 23, 22, -1,
          6, 59, 58, 7, -1,
          7, 8, 24, 23, -1,
          7, 58, 57, 8, -1,
          8, 9, 25, 24, -1,
          8, 57, 56, 9, -1,
          9, 10, 26, 25, -1,
          9, 56, 55, 10, -1,
          10, 11, 27, 26, -1,
          10, 55, 54, 11, -1,
          11, 12, 28, 27, -1,
          11, 54, 53, 12, -1,
          12, 13, 29, 28, -1,
          12, 53, 52, 13, -1,
          13, 14, 30, 29, -1,
          13, 52, 51, 14, -1,
          14, 15, 31, 30, -1,
          14, 51, 50, 15, -1,
          16, 17, 33, 32, -1,
          16, 32, 47, 31, -1,
          17, 18, 34, 33, -1,
          18, 19, 35, 34, -1,
          19, 20, 36, 35, -1,
          20, 21, 37, 36, -1,
          21, 22, 38, 37, -1,
          22, 23, 39, 38, -1,
          23, 24, 40, 39, -1,
          24, 25, 41, 40, -1,
          25, 26, 42, 41, -1,
          26, 27, 43, 42, -1,
          27, 28, 44, 43, -1,
          28, 29, 45, 44, -1,
          29, 30, 46, 45, -1,
          30, 31, 47, 46, -1,
          32, 33, 65, 64, -1,
          32, 64, 79, 47, -1,
          33, 34, 66, 65, -1,
          34, 35, 67, 66, -1,
          35, 36, 68, 67, -1,
          36, 37, 69, 68, -1,
          37, 38, 70, 69, -1,
          38, 39, 71, 70, -1,
          39, 40, 72, 71, -1,
          40, 41, 73, 72, -1,
          41, 42, 74, 73, -1,
          42, 43, 75, 74, -1,
          43, 44, 76, 75, -1,
          44, 45, 77, 76, -1,
          45, 46, 78, 77, -1,
          46, 47, 79, 78, -1,
          48, 49, 81, 80, -1,
          48, 80, 95, 63, -1,
          49, 50, 82, 81, -1,
          50, 51, 83, 82, -1,
          51, 52, 84, 83, -1,
          52, 53, 85, 84, -1,
          53, 54, 86, 85, -1,
          54, 55, 87, 86, -1,
          55, 56, 88, 87, -1,
          56, 57, 89, 88, -1,
          57, 58, 90, 89, -1,
          58, 59, 91, 90, -1,
          59, 60, 92, 91, -1,
          60, 61, 93, 92, -1,
          61, 62, 94, 93, -1,
          62, 63, 95, 94, -1,
          64, 65, 66, 67, 68, 69, 70, 71, 72, 73, 74, 75, 76, 77, 78, 79, -1,
          80, 81, 82, 83, 84, 85, 86, 87, 88, 89, 90, 91, 92, 93, 94, 95, -1 ]
        normal Normal {
          vector [
            1.0 0.0 4.244900923301647e-17,
            1.0 0.0 4.244900923301647e-17,
            0.35217182507286215 0.9359353640208545 1.3911796601079382e-17,
            0.35217182507286215 0.9359353640208545 1.3911796601079382e-17,
            0.9238795325112868 0.0 0.38268343236508945,
            0.9238795325112868 0.0 0.38268343236508945,
            0.3253643411119626 0.9359353640208545 0.13477032280116083,
            0.3253643411119626 0.9359353640208545 0.13477032280116083,
            0.7071067811865477 0.0 0.7071067811865472,
            0.7071067811865477 0.0 0.7071067811865472,
            0.2490230856518628 0.9359353640208549 0.24902308565186257,
            0.2490230856518628 0.9359353640208549 0.24902308565186257,
            0.3826834323650891 0.0 0.9238795325112871,
            0.3826834323650891 0.0 0.9238795325112871,
            0.13477032280116003 0.9359353640208552 0.3253643411119611,
            0.13477032280116003 0.9359353640208552 0.3253643411119611,
            2.8299339488677637e-17 0.0 1.0,
            2.8299339488677637e-17 0.0 1.0,
            6.95589830053969e-18 0.9359353640208551 0.35217182507286054,
            6.95589830053969e-18 0.9359353640208551 0.35217182507286054,
            -0.38268343236508906 0.0 0.9238795325112871,
            -0.38268343236508906 0.0 0.9238795325112871,
            -0.13477032280115991 0.9359353640208552 0.325364341111961,
            -0.13477032280115991 0.9359353640208552 0.325364341111961,
            -0.7071067811865477 0.0 0.7071067811865474,
            -0.7071067811865477 0.0 0.7071067811865474,
            -0.24902308565186237 0.9359353640208551 0.24902308565186232,
            -0.24902308565186237 0.9359353640208551 0.24902308565186232,
            -0.9238795325112868 0.0 0.3826834323650894,
            -0.9238795325112868 0.0 0.3826834323650894,
            -0.32536434111196205 0.9359353640208548 0.13477032280116058,
            -0.32536434111196205 0.9359353640208548 0.13477032280116058,
            -1.0 0.0 2.6884372514243763e-16,
            -1.0 0.0 2.6884372514243763e-16,
            -0.35217182507286166 0.9359353640208548 9.738257620755568e-17,
            -0.35217182507286166 0.9359353640208548 9.738257620755568e-17,
            -0.9238795325112868 0.0 -0.38268343236508956,
            -0.9238795325112868 0.0 -0.38268343236508956,
            -0.32536434111196205 0.9359353640208546 -0.13477032280116058,
            -0.32536434111196205 0.9359353640208546 -0.13477032280116058,
            -0.7071067811865479 0.0 -0.7071067811865472,
            -0.7071067811865479 0.0 -0.7071067811865472,
            -0.24902308565186296 0.9359353640208549 -0.24902308565186262,
            -0.24902308565186296 0.9359353640208549 -0.24902308565186262,
            -0.38268343236508995 0.0 -0.9238795325112867,
            -0.38268343236508995 0.0 -0.9238795325112867,
            -0.13477032280116058 0.9359353640208548 -0.3253643411119618,
            -0.13477032280116058 0.9359353640208548 -0.3253643411119618,
            0.0 0.0 -1.0,
            0.0 0.0 -1.0,
            2.086769490161907e-17 0.9359353640208544 -0.35217182507286227,
            2.086769490161907e-17 0.9359353640208544 -0.35217182507286227,
            0.3826834323650895 0.0 -0.9238795325112868,
            0.3826834323650895 0.0 -0.9238795325112868,
            0.1347703228011607 0.9359353640208545 -0.3253643411119624,
            0.1347703228011607 0.9359353640208545 -0.3253643411119624,
            0.7071067811865475 0.0 -0.7071067811865477,
            0.7071067811865475 0.0 -0.7071067811865477,
            0.24902308565186274 0.9359353640208549 -0.24902308565186285,
            0.24902308565186274 0.9359353640208549 -0.24902308565186285,
            0.9238795325112865 0.0 -0.3826834323650901,
            0.9238795325112865 0.0 -0.3826834323650901,
            0.32536434111196205 0.9359353640208546 -0.13477032280116086,
            0.32536434111196205 0.9359353640208546 -0.13477032280116086,
            1.0 0.0 4.244900923301647e-17,
            1.0 0.0 4.244900923301647e-17,
            0.35217182507286215 -0.9359353640208545 1.3911796601079382e-17,
            0.35217182507286215 -0.9359353640208545 1.3911796601079382e-17,
            0.9238795325112868 0.0 0.38268343236508945,
            0.9238795325112868 0.0 0.38268343236508945,
            0.3253643411119626 -0.9359353640208545 0.13477032280116083,
            0.3253643411119626 -0.9359353640208545 0.13477032280116083,
            0.7071067811865477 0.0 0.7071067811865472,
            0.7071067811865477 0.0 0.7071067811865472,
            0.2490230856518628 -0.9359353640208549 0.24902308565186257,
            0.2490230856518628 -0.9359353640208549 0.24902308565186257,
            0.3826834323650891 0.0 0.9238795325112871,
            0.3826834323650891 0.0 0.9238795325112871,
            0.13477032280116003 -0.9359353640208552 0.3253643411119611,
            0.13477032280116003 -0.9359353640208552 0.3253643411119611,
            2.8299339488677637e-17 0.0 1.0,
            2.8299339488677637e-17 0.0 1.0,
            6.95589830053969e-18 -0.9359353640208551 0.35217182507286054,
            6.95589830053969e-18 -0.9359353640208551 0.35217182507286054,
            -0.38268343236508906 0.0 0.9238795325112871,
            -0.38268343236508906 0.0 0.9238795325112871,
            -0.13477032280115991 -0.9359353640208552 0.325364341111961,
            -0.13477032280115991 -0.9359353640208552 0.325364341111961,
            -0.7071067811865477 0.0 0.7071067811865474,
            -0.7071067811865477 0.0 0.7071067811865474,
            -0.24902308565186237 -0.9359353640208551 0.24902308565186232,
            -0.24902308565186237 -0.9359353640208551 0.24902308565186232,
            -0.9238795325112868 0.0 0.3826834323650894,
            -0.9238795325112868 0.0 0.3826834323650894,
            -0.32536434111196205 -0.9359353640208548 0.13477032280116058,
            -0.32536434111196205 -0.9359353640208548 0.13477032280116058,
            -1.0 0.0 2.6884372514243763e-16,
            -1.0 0.0 2.6884372514243763e-16,
            -0.35217182507286166 -0.9359353640208548 9.738257620755568e-17,
            -0.35217182507286166 -0.9359353640208548 9.738257620755568e-17,
            -0.9238795325112868 0.0 -0.38268343236508956,
            -0.9238795325112868 0.0 -0.38268343236508956,
            -0.32536434111196205 -0.9359353640208546 -0.13477032280116058,
            -0.32536434111196205 -0.9359353640208546 -0.13477032280116058,
            -0.7071067811865479 0.0 -0.7071067811865472,
            -0.7071067811865479 0.0 -0.7071067811865472,
            -0.24902308565186296 -0.9359353640208549 -0.24902308565186262,
            -0.24902308565186296 -0.9359353640208549 -0.24902308565186262,
            -0.38268343236508995 0.0 -0.9238795325112867,
            -0.38268343236508995 0.0 -0.9238795325112867,
            -0.13477032280116058 -0.9359353640208548 -0.3253643411119618,
            -0.13477032280116058 -0.9359353640208548 -0.3253643411119618,
            0.0 0.0 -1.0,
            0.0 0.0 -1.0,
            2.086769490161907e-17 -0.9359353640208544 -0.35217182507286227,
            2.086769490161907e-17 -0.9359353640208544 -0.35217182507286227,
            0.3826834323650895 0.0 -0.9238795325112868,
            0.3826834323650895 0.0 -0.9238795325112868,
            0.1347703228011607 -0.9359353640208545 -0.3253643411119624,
            0.1347703228011607 -0.9359353640208545 -0.3253643411119624,
            0.7071067811865475 0.0 -0.7071067811865477,
            0.7071067811865475 0.0 -0.7071067811865477,
            0.24902308565186274 -0.9359353640208549 -0.24902308565186285,
            0.24902308565186274 -0.9359353640208549 -0.24902308565186285,
            0.9238795325112865 0.0 -0.3826834323650901,
            0.9238795325112865 0.0 -0.3826834323650901,
            0.32536434111196205 -0.9359353640208546 -0.13477032280116086,
            0.32536434111196205 -0.9359353640208546 -0.13477032280116086,
            0.35217182507286215 -0.9359353640208545 1.3911796601079382e-17,
            0.35217182507286215 -0.9359353640208545 1.3911796601079382e-17,
            0.07141342487736024 -0.9974468019635362 -6.939593941948061e-18,
            0.07141342487736024 -0.9974468019635362 -6.939593941948061e-18,
            0.3253643411119626 -0.9359353640208545 0.13477032280116083,
            0.3253643411119626 -0.9359353640208545 0.13477032280116083,
            0.06597740159072547 -0.9974468019635361 0.02732873454901473,
            0.06597740159072547 -0.9974468019635361 0.02732873454901473,
            0.2490230856518628 -0.9359353640208549 0.24902308565186257,
            0.2490230856518628 -0.9359353640208549 0.24902308565186257,
            0.05049691699853751 -0.9974468019635362 0.05049691699853754,
            0.05049691699853751 -0.9974468019635362 0.05049691699853754,
            0.13477032280116003 -0.9359353640208552 0.3253643411119611,
            0.13477032280116003 -0.9359353640208552 0.3253643411119611,
            0.02732873454901473 -0.9974468019635361 0.06597740159072556,
            0.02732873454901473 -0.9974468019635361 0.06597740159072556,
            6.95589830053969e-18 -0.9359353640208551 0.35217182507286054,
            6.95589830053969e-18 -0.9359353640208551 0.35217182507286054,
            -1.7348984854870153e-18 -0.9974468019635361 0.07141342487736041,
            -1.7348984854870153e-18 -0.9974468019635361 0.07141342487736041,
            -0.13477032280115991 -0.9359353640208552 0.325364341111961,
            -0.13477032280115991 -0.9359353640208552 0.325364341111961,
            -0.027328734549014737 -0.9974468019635361 0.06597740159072561,
            -0.027328734549014737 -0.9974468019635361 0.06597740159072561,
            -0.24902308565186237 -0.9359353640208551 0.24902308565186232,
            -0.24902308565186237 -0.9359353640208551 0.24902308565186232,
            -0.050496916998537554 -0.9974468019635362 0.0504969169985376,
            -0.050496916998537554 -0.9974468019635362 0.0504969169985376,
            -0.32536434111196205 -0.9359353640208548 0.13477032280116058,
            -0.32536434111196205 -0.9359353640208548 0.13477032280116058,
            -0.06597740159072554 -0.9974468019635361 0.027328734549014733,
            -0.06597740159072554 -0.9974468019635361 0.027328734549014733,
            -0.35217182507286166 -0.9359353640208548 9.738257620755568e-17,
            -0.35217182507286166 -0.9359353640208548 9.738257620755568e-17,
            -0.07141342487736031 -0.9974468019635362 1.5614086369383137e-17,
            -0.07141342487736031 -0.9974468019635362 1.5614086369383137e-17,
            -0.32536434111196205 -0.9359353640208546 -0.13477032280116058,
            -0.32536434111196205 -0.9359353640208546 -0.13477032280116058,
            -0.06597740159072553 -0.9974468019635361 -0.027328734549014695,
            -0.06597740159072553 -0.9974468019635361 -0.027328734549014695,
            -0.24902308565186296 -0.9359353640208549 -0.24902308565186262,
            -0.24902308565186296 -0.9359353640208549 -0.24902308565186262,
            -0.05049691699853756 -0.9974468019635362 -0.05049691699853754,
            -0.05049691699853756 -0.9974468019635362 -0.05049691699853754,
            -0.13477032280116058 -0.9359353640208548 -0.3253643411119618,
            -0.13477032280116058 -0.9359353640208548 -0.3253643411119618,
            -0.02732873454901475 -0.9974468019635361 -0.06597740159072549,
            -0.02732873454901475 -0.9974468019635361 -0.06597740159072549,
            2.086769490161907e-17 -0.9359353640208544 -0.35217182507286227,
            2.086769490161907e-17 -0.9359353640208544 -0.35217182507286227,
            -2.4288578796818216e-17 -0.9974468019635362 -0.07141342487736023,
            -2.4288578796818216e-17 -0.9974468019635362 -0.07141342487736023,
            0.1347703228011607 -0.9359353640208545 -0.3253643411119624,
            0.1347703228011607 -0.9359353640208545 -0.3253643411119624,
            0.027328734549014723 -0.9974468019635362 -0.06597740159072546,
            0.027328734549014723 -0.9974468019635362 -0.06597740159072546,
            0.24902308565186274 -0.9359353640208549 -0.24902308565186285,
            0.24902308565186274 -0.9359353640208549 -0.24902308565186285,
            0.050496916998537505 -0.9974468019635362 -0.05049691699853753,
            0.050496916998537505 -0.9974468019635362 -0.05049691699853753,
            0.32536434111196205 -0.9359353640208546 -0.13477032280116086,
            0.32536434111196205 -0.9359353640208546 -0.13477032280116086,
            0.06597740159072545 -0.9974468019635362 -0.027328734549014765,
            0.06597740159072545 -0.9974468019635362 -0.027328734549014765,
            0.3253643411119626 0.9359353640208545 0.13477032280116083,
            0.3253643411119626 0.9359353640208545 0.13477032280116083,
            0.06597740159072549 0.9974468019635361 0.027328734549014733,
            0.06597740159072549 0.9974468019635361 0.027328734549014733,
            0.35217182507286215 0.9359353640208545 1.3911796601079382e-17,
            0.35217182507286215 0.9359353640208545 1.3911796601079382e-17,
            0.07141342487736024 0.9974468019635362 -1.2144289398409108e-17,
            0.07141342487736024 0.9974468019635362 -1.2144289398409108e-17,
            0.32536434111196205 0.9359353640208546 -0.13477032280116086,
            0.32536434111196205 0.9359353640208546 -0.13477032280116086,
            0.06597740159072546 0.9974468019635362 -0.02732873454901476,
            0.06597740159072546 0.9974468019635362 -0.02732873454901476,
            0.24902308565186274 0.9359353640208549 -0.24902308565186285,
            0.24902308565186274 0.9359353640208549 -0.24902308565186285,
            0.05049691699853752 0.9974468019635362 -0.05049691699853755,
            0.05049691699853752 0.9974468019635362 -0.05049691699853755,
            0.1347703228011607 0.9359353640208545 -0.3253643411119624,
            0.1347703228011607 0.9359353640208545 -0.3253643411119624,
            0.027328734549014723 0.9974468019635362 -0.06597740159072546,
            0.027328734549014723 0.9974468019635362 -0.06597740159072546,
            2.086769490161907e-17 0.9359353640208544 -0.35217182507286227,
            2.086769490161907e-17 0.9359353640208544 -0.35217182507286227,
            -2.4288578796818216e-17 0.9974468019635362 -0.07141342487736023,
            -2.4288578796818216e-17 0.9974468019635362 -0.07141342487736023,
            -0.13477032280116058 0.9359353640208548 -0.3253643411119618,
            -0.13477032280116058 0.9359353640208548 -0.3253643411119618,
            -0.02732873454901475 0.9974468019635361 -0.06597740159072549,
            -0.02732873454901475 0.9974468019635361 -0.06597740159072549,
            -0.24902308565186296 0.9359353640208549 -0.24902308565186262,
            -0.24902308565186296 0.9359353640208549 -0.24902308565186262,
            -0.05049691699853756 0.9974468019635362 -0.05049691699853753,
            -0.05049691699853756 0.9974468019635362 -0.05049691699853753,
            -0.32536434111196205 0.9359353640208546 -0.13477032280116058,
            -0.32536434111196205 0.9359353640208546 -0.13477032280116058,
            -0.06597740159072553 0.9974468019635361 -0.027328734549014706,
            -0.06597740159072553 0.9974468019635361 -0.027328734549014706,
            -0.35217182507286166 0.9359353640208548 9.738257620755568e-17,
            -0.35217182507286166 0.9359353640208548 9.738257620755568e-17,
            -0.0714134248773603 0.9974468019635362 1.4746637126639632e-17,
            -0.0714134248773603 0.9974468019635362 1.4746637126639632e-17,
            -0.32536434111196205 0.9359353640208548 0.13477032280116058,
            -0.32536434111196205 0.9359353640208548 0.13477032280116058,
            -0.06597740159072552 0.9974468019635361 0.027328734549014747,
            -0.06597740159072552 0.9974468019635361 0.027328734549014747,
            -0.24902308565186237 0.9359353640208551 0.24902308565186232,
            -0.24902308565186237 0.9359353640208551 0.24902308565186232,
            -0.05049691699853754 0.9974468019635362 0.05049691699853759,
            -0.05049691699853754 0.9974468019635362 0.05049691699853759,
            -0.13477032280115991 0.9359353640208552 0.325364341111961,
            -0.13477032280115991 0.9359353640208552 0.325364341111961,
            -0.027328734549014744 0.9974468019635361 0.06597740159072558,
            -0.027328734549014744 0.9974468019635361 0.06597740159072558,
            6.95589830053969e-18 0.9359353640208551 0.35217182507286054,
            6.95589830053969e-18 0.9359353640208551 0.35217182507286054,
            1.7348984854870153e-18 0.9974468019635361 0.07141342487736041,
            1.7348984854870153e-18 0.9974468019635361 0.07141342487736041,
            0.13477032280116003 0.9359353640208552 0.3253643411119611,
            0.13477032280116003 0.9359353640208552 0.3253643411119611,
            0.02732873454901473 0.9974468019635361 0.06597740159072556,
            0.02732873454901473 0.9974468019635361 0.06597740159072556,
            0.2490230856518628 0.9359353640208549 0.24902308565186257,
            0.2490230856518628 0.9359353640208549 0.24902308565186257,
            0.05049691699853751 0.9974468019635362 0.05049691699853755,
            0.05049691699853751 0.9974468019635362 0.05049691699853755,
            0.07141342487736024 -0.9974468019635362 -6.939593941948061e-18,
            0.07141342487736024 -0.9974468019635362 -6.939593941948061e-18,
            0.0 -1.0 -1.70717190471721e-17,
            0.06597740159072547 -0.9974468019635361 0.02732873454901473,
            0.06597740159072547 -0.9974468019635361 0.02732873454901473,
            0.0 -1.0 -1.70717190471721e-17,
            0.05049691699853751 -0.9974468019635362 0.05049691699853754,
            0.05049691699853751 -0.9974468019635362 0.05049691699853754,
            0.0 -1.0 -1.70717190471721e-17,
            0.02732873454901473 -0.9974468019635361 0.06597740159072556,
            0.02732873454901473 -0.9974468019635361 0.06597740159072556,
            0.0 -1.0 -1.70717190471721e-17,
            -1.7348984854870153e-18 -0.9974468019635361 0.07141342487736041,
            -1.7348984854870153e-18 -0.9974468019635361 0.07141342487736041,
            0.0 -1.0 -1.70717190471721e-17,
            -0.027328734549014737 -0.9974468019635361 0.06597740159072561,
            -0.027328734549014737 -0.9974468019635361 0.06597740159072561,
            0.0 -1.0 -1.70717190471721e-17,
            -0.050496916998537554 -0.9974468019635362 0.0504969169985376,
            -0.050496916998537554 -0.9974468019635362 0.0504969169985376,
            0.0 -1.0 -1.70717190471721e-17,
            -0.06597740159072554 -0.9974468019635361 0.027328734549014733,
            -0.06597740159072554 -0.9974468019635361 0.027328734549014733,
            0.0 -1.0 -1.70717190471721e-17,
            -0.07141342487736031 -0.9974468019635362 1.5614086369383137e-17,
            -0.07141342487736031 -0.9974468019635362 1.5614086369383137e-17,
            0.0 -1.0 -1.70717190471721e-17,
            -0.06597740159072553 -0.9974468019635361 -0.027328734549014695,
            -0.06597740159072553 -0.9974468019635361 -0.027328734549014695,
            0.0 -1.0 -1.70717190471721e-17,
            -0.05049691699853756 -0.9974468019635362 -0.05049691699853754,
            -0.05049691699853756 -0.9974468019635362 -0.05049691699853754,
            0.0 -1.0 -1.70717190471721e-17,
            -0.02732873454901475 -0.9974468019635361 -0.06597740159072549,
            -0.02732873454901475 -0.9974468019635361 -0.06597740159072549,
            0.0 -1.0 -1.70717190471721e-17,
            -2.4288578796818216e-17 -0.9974468019635362 -0.07141342487736023,
            -2.4288578796818216e-17 -0.9974468019635362 -0.07141342487736023,
            0.0 -1.0 -1.70717190471721e-17,
            0.027328734549014723 -0.9974468019635362 -0.06597740159072546,
            0.027328734549014723 -0.9974468019635362 -0.06597740159072546,
            0.0 -1.0 -1.70717190471721e-17,
            0.050496916998537505 -0.9974468019635362 -0.05049691699853753,
            0.050496916998537505 -0.9974468019635362 -0.05049691699853753,
            0.0 -1.0 -1.70717190471721e-17,
            0.06597740159072545 -0.9974468019635362 -0.027328734549014765,
            0.06597740159072545 -0.9974468019635362 -0.027328734549014765,
            0.0 -1.0 -1.70717190471721e-17,
            0.06597740159072549 0.9974468019635361 0.027328734549014733,
            0.06597740159072549 0.9974468019635361 0.027328734549014733,
            0.0 1.0 -5.633667285566795e-17,
            0.07141342487736024 0.9974468019635362 -1.2144289398409108e-17,
            0.07141342487736024 0.9974468019635362 -1.2144289398409108e-17,
            0.0 1.0 -5.633667285566795e-17,
            0.06597740159072546 0.9974468019635362 -0.02732873454901476,
            0.06597740159072546 0.9974468019635362 -0.02732873454901476,
            0.0 1.0 -5.633667285566795e-17,
            0.05049691699853752 0.9974468019635362 -0.05049691699853755,
            0.05049691699853752 0.9974468019635362 -0.05049691699853755,
            0.0 1.0 -5.633667285566795e-17,
            0.027328734549014723 0.9974468019635362 -0.06597740159072546,
            0.027328734549014723 0.9974468019635362 -0.06597740159072546,
            0.0 1.0 -5.633667285566795e-17,
            -2.4288578796818216e-17 0.9974468019635362 -0.07141342487736023,
            -2.4288578796818216e-17 0.9974468019635362 -0.07141342487736023,
            0.0 1.0 -5.633667285566795e-17,
            -0.02732873454901475 0.9974468019635361 -0.06597740159072549,
            -0.02732873454901475 0.9974468019635361 -0.06597740159072549,
            0.0 1.0 -5.633667285566795e-17,
            -0.05049691699853756 0.9974468019635362 -0.05049691699853753,
            -0.05049691699853756 0.9974468019635362 -0.05049691699853753,
            0.0 1.0 -5.633667285566795e-17,
            -0.06597740159072553 0.9974468019635361 -0.027328734549014706,
            -0.06597740159072553 0.9974468019635361 -0.027328734549014706,
            0.0 1.0 -5.633667285566795e-17,
            -0.0714134248773603 0.9974468019635362 1.4746637126639632e-17,
            -0.0714134248773603 0.9974468019635362 1.4746637126639632e-17,
            0.0 1.0 -5.633667285566795e-17,
            -0.06597740159072552 0.9974468019635361 0.027328734549014747,
            -0.06597740159072552 0.9974468019635361 0.027328734549014747,
            0.0 1.0 -5.633667285566795e-17,
            -0.05049691699853754 0.9974468019635362 0.05049691699853759,
            -0.05049691699853754 0.9974468019635362 0.05049691699853759,
            0.0 1.0 -5.633667285566795e-17,
            -0.027328734549014744 0.9974468019635361 0.06597740159072558,
            -0.027328734549014744 0.9974468019635361 0.06597740159072558,
            0.0 1.0 -5.633667285566795e-17,
            1.7348984854870153e-18 0.9974468019635361 0.07141342487736041,
            1.7348984854870153e-18 0.9974468019635361 0.07141342487736041,
            0.0 1.0 -5.633667285566795e-17,
            0.02732873454901473 0.9974468019635361 0.06597740159072556,
            0.02732873454901473 0.9974468019635361 0.06597740159072556,
            0.0 1.0 -5.633667285566795e-17,
            0.05049691699853751 0.9974468019635362 0.05049691699853755,
            0.05049691699853751 0.9974468019635362 0.05049691699853755,
            0.0 1.0 -5.633667285566795e-17 ]
        }
        normalIndex [
          1, 5, 69, 65, -1,
          3, 62, 200, 197, -1,
          0, 64, 124, 60, -1,
          2, 196, 192, 6, -1,
          4, 9, 73, 68, -1,
          7, 193, 253, 11, -1,
          8, 13, 77, 72, -1,
          10, 252, 249, 15, -1,
          12, 17, 81, 76, -1,
          14, 248, 245, 19, -1,
          16, 21, 85, 80, -1,
          18, 244, 241, 23, -1,
          20, 25, 89, 84, -1,
          22, 240, 237, 27, -1,
          24, 29, 93, 88, -1,
          26, 236, 233, 31, -1,
          28, 33, 97, 92, -1,
          30, 232, 229, 35, -1,
          32, 37, 101, 96, -1,
          34, 228, 225, 39, -1,
          36, 41, 105, 100, -1,
          38, 224, 221, 43, -1,
          40, 45, 109, 104, -1,
          42, 220, 217, 47, -1,
          44, 49, 113, 108, -1,
          46, 216, 213, 51, -1,
          48, 53, 117, 112, -1,
          50, 212, 209, 55, -1,
          52, 57, 121, 116, -1,
          54, 208, 205, 59, -1,
          56, 61, 125, 120, -1,
          58, 204, 201, 63, -1,
          66, 70, 132, 128, -1,
          67, 129, 189, 127, -1,
          71, 74, 136, 133, -1,
          75, 78, 140, 137, -1,
          79, 82, 144, 141, -1,
          83, 86, 148, 145, -1,
          87, 90, 152, 149, -1,
          91, 94, 156, 153, -1,
          95, 98, 160, 157, -1,
          99, 102, 164, 161, -1,
          103, 106, 168, 165, -1,
          107, 110, 172, 169, -1,
          111, 114, 176, 173, -1,
          115, 118, 180, 177, -1,
          119, 122, 184, 181, -1,
          123, 126, 188, 185, -1,
          130, 134, 259, 256, -1,
          131, 257, 302, 191, -1,
          135, 138, 262, 260, -1,
          139, 142, 265, 263, -1,
          143, 146, 268, 266, -1,
          147, 150, 271, 269, -1,
          151, 154, 274, 272, -1,
          155, 158, 277, 275, -1,
          159, 162, 280, 278, -1,
          163, 166, 283, 281, -1,
          167, 170, 286, 284, -1,
          171, 174, 289, 287, -1,
          175, 178, 292, 290, -1,
          179, 182, 295, 293, -1,
          183, 186, 298, 296, -1,
          187, 190, 301, 299, -1,
          194, 198, 307, 304, -1,
          195, 305, 350, 255, -1,
          199, 202, 310, 308, -1,
          203, 206, 313, 311, -1,
          207, 210, 316, 314, -1,
          211, 214, 319, 317, -1,
          215, 218, 322, 320, -1,
          219, 222, 325, 323, -1,
          223, 226, 328, 326, -1,
          227, 230, 331, 329, -1,
          231, 234, 334, 332, -1,
          235, 238, 337, 335, -1,
          239, 242, 340, 338, -1,
          243, 246, 343, 341, -1,
          247, 250, 346, 344, -1,
          251, 254, 349, 347, -1,
          258, 261, 264, 267, 270, 273, 276, 279, 282, 285, 288, 291, 294, 297, 300, 303, -1,
          306, 309, 312, 315, 318, 321, 324, 327, 330, 333, 336, 339, 342, 345, 348, 351, -1 ]
      }
    }

  ]
}

