#VRML V2.0 utf8
#Exported from Wings 3D 2.4.1
DEF Cylinder7_copy16 Transform {
  children [
    Shape {
      appearance Appearance {
        material DEF pins Material {
          diffuseColor 0.6 0.6 0.6
          emissiveColor 0.0 0.0 0.0
          specularColor 0.5999999905136262 0.5999999905136262 0.5999999905136262
          ambientIntensity 1.0
          transparency 0.0
          shininess 0.5
        }
      }
      geometry IndexedFaceSet {
        normalPerVertex TRUE
        coord Coordinate {
          point [
            1.6117000725897694 -1.1417001795180757 0.6,
            1.6238793473879636 -1.0804708303396613 0.6,
            1.6585629875999217 -1.028563094528228 0.6,
            1.710470723411355 -0.9938794543162699 0.6,
            1.7717000725897694 -0.9817001795180758 0.6,
            1.8329294217681837 -0.9938794543162699 0.6,
            1.884837157579617 -1.028563094528228 0.6,
            1.9195207977915751 -1.0804708303396613 0.6,
            1.9317000725897693 -1.1417001795180757 0.6,
            1.9195207977915751 -1.20292952869649 0.6,
            1.884837157579617 -1.2548372645079233 0.6,
            1.8329294217681837 -1.2895209047198817 0.6,
            1.7717000725897694 -1.3017001795180758 0.6,
            1.710470723411355 -1.2895209047198817 0.6,
            1.6585629875999217 -1.2548372645079233 0.6,
            1.6238793473879636 -1.2029295286964903 0.6,
            1.6117000725897694 -1.1417001795180757 -1.0,
            1.6238793473879636 -1.0804708303396613 -1.0,
            1.6585629875999217 -1.028563094528228 -1.0,
            1.710470723411355 -0.9938794543162697 -1.0,
            1.7717000725897694 -0.9817001795180755 -1.0,
            1.8329294217681837 -0.9938794543162697 -1.0,
            1.884837157579617 -1.028563094528228 -1.0,
            1.9195207977915751 -1.0804708303396613 -1.0,
            1.9317000725897693 -1.1417001795180757 -1.0,
            1.9195207977915751 -1.20292952869649 -1.0,
            1.884837157579617 -1.2548372645079233 -1.0,
            1.8329294217681837 -1.2895209047198815 -1.0,
            1.7717000725897694 -1.3017001795180756 -1.0,
            1.710470723411355 -1.2895209047198815 -1.0,
            1.6585629875999217 -1.2548372645079233 -1.0,
            1.6238793473879636 -1.20292952869649 -1.0 ]
        }
        coordIndex [
          0, 1, 17, 16, -1,
          0, 15, 14, 13, 12, 11, 10, 9, 8, 7, 6, 5, 4, 3, 2, 1, -1,
          0, 16, 31, 15, -1,
          1, 2, 18, 17, -1,
          2, 3, 19, 18, -1,
          3, 4, 20, 19, -1,
          4, 5, 21, 20, -1,
          5, 6, 22, 21, -1,
          6, 7, 23, 22, -1,
          7, 8, 24, 23, -1,
          8, 9, 25, 24, -1,
          9, 10, 26, 25, -1,
          10, 11, 27, 26, -1,
          11, 12, 28, 27, -1,
          12, 13, 29, 28, -1,
          13, 14, 30, 29, -1,
          14, 15, 31, 30, -1,
          16, 17, 18, 19, 20, 21, 22, 23, 24, 25, 26, 27, 28, 29, 30, 31, -1 ]
        normal Normal {
          vector [
            0.0 0.0 1.0,
            -1.0 1.8394570667640468e-16 -6.916886743203448e-18,
            -1.0 1.8394570667640468e-16 -6.916886743203448e-18,
            0.0 0.0 1.0,
            -0.9238795325112872 0.3826834323650889 0.0,
            -0.9238795325112872 0.3826834323650889 0.0,
            0.0 0.0 1.0,
            -0.7071067811865479 0.707106781186547 2.932759979118269e-17,
            -0.7071067811865479 0.707106781186547 2.932759979118269e-17,
            0.0 0.0 1.0,
            -0.3826834323650895 0.9238795325112868 9.877314269294541e-17,
            -0.3826834323650895 0.9238795325112868 9.877314269294541e-17,
            0.0 0.0 1.0,
            0.0 1.0 1.3889108580352549e-16,
            0.0 1.0 1.3889108580352549e-16,
            0.0 0.0 1.0,
            0.3826834323650895 0.9238795325112868 9.877314269294541e-17,
            0.3826834323650895 0.9238795325112868 9.877314269294541e-17,
            0.0 0.0 1.0,
            0.7071067811865479 0.707106781186547 2.932759979118269e-17,
            0.7071067811865479 0.707106781186547 2.932759979118269e-17,
            0.0 0.0 1.0,
            0.9238795325112872 0.3826834323650889 0.0,
            0.9238795325112872 0.3826834323650889 0.0,
            0.0 0.0 1.0,
            1.0 0.0 0.0,
            1.0 0.0 0.0,
            0.0 0.0 1.0,
            0.9238795325112872 -0.3826834323650889 0.0,
            0.9238795325112872 -0.3826834323650889 0.0,
            0.0 0.0 1.0,
            0.7071067811865479 -0.707106781186547 -2.932759979118269e-17,
            0.7071067811865479 -0.707106781186547 -2.932759979118269e-17,
            0.0 0.0 1.0,
            0.3826834323650895 -0.9238795325112868 -9.877314269294541e-17,
            0.3826834323650895 -0.9238795325112868 -9.877314269294541e-17,
            0.0 0.0 1.0,
            0.0 -1.0 -1.3889108580352549e-16,
            0.0 -1.0 -1.3889108580352549e-16,
            0.0 0.0 1.0,
            -0.3826834323650895 -0.9238795325112868 -9.877314269294541e-17,
            -0.3826834323650895 -0.9238795325112868 -9.877314269294541e-17,
            0.0 0.0 1.0,
            -0.7071067811865477 -0.7071067811865475 -4.869488267215243e-17,
            -0.7071067811865477 -0.7071067811865475 -4.869488267215243e-17,
            0.0 0.0 1.0,
            -0.923879532511287 -0.3826834323650892 -2.628416962417319e-17,
            -0.923879532511287 -0.3826834323650892 -2.628416962417319e-17,
            0.0 0.0 -1.0,
            -1.0 1.8394570667640468e-16 -6.916886743203448e-18,
            -1.0 1.8394570667640468e-16 -6.916886743203448e-18,
            0.0 0.0 -1.0,
            -0.9238795325112872 0.3826834323650889 0.0,
            -0.9238795325112872 0.3826834323650889 0.0,
            0.0 0.0 -1.0,
            -0.7071067811865479 0.707106781186547 2.932759979118269e-17,
            -0.7071067811865479 0.707106781186547 2.932759979118269e-17,
            0.0 0.0 -1.0,
            -0.3826834323650895 0.9238795325112868 9.877314269294541e-17,
            -0.3826834323650895 0.9238795325112868 9.877314269294541e-17,
            0.0 0.0 -1.0,
            0.0 1.0 1.3889108580352549e-16,
            0.0 1.0 1.3889108580352549e-16,
            0.0 0.0 -1.0,
            0.3826834323650895 0.9238795325112868 9.877314269294541e-17,
            0.3826834323650895 0.9238795325112868 9.877314269294541e-17,
            0.0 0.0 -1.0,
            0.7071067811865479 0.707106781186547 2.932759979118269e-17,
            0.7071067811865479 0.707106781186547 2.932759979118269e-17,
            0.0 0.0 -1.0,
            0.9238795325112872 0.3826834323650889 0.0,
            0.9238795325112872 0.3826834323650889 0.0,
            0.0 0.0 -1.0,
            1.0 0.0 0.0,
            1.0 0.0 0.0,
            0.0 0.0 -1.0,
            0.9238795325112872 -0.3826834323650889 0.0,
            0.9238795325112872 -0.3826834323650889 0.0,
            0.0 0.0 -1.0,
            0.7071067811865479 -0.707106781186547 -2.932759979118269e-17,
            0.7071067811865479 -0.707106781186547 -2.932759979118269e-17,
            0.0 0.0 -1.0,
            0.3826834323650895 -0.9238795325112868 -9.877314269294541e-17,
            0.3826834323650895 -0.9238795325112868 -9.877314269294541e-17,
            0.0 0.0 -1.0,
            0.0 -1.0 -1.3889108580352549e-16,
            0.0 -1.0 -1.3889108580352549e-16,
            0.0 0.0 -1.0,
            -0.3826834323650895 -0.9238795325112868 -9.877314269294541e-17,
            -0.3826834323650895 -0.9238795325112868 -9.877314269294541e-17,
            0.0 0.0 -1.0,
            -0.7071067811865477 -0.7071067811865475 -4.869488267215243e-17,
            -0.7071067811865477 -0.7071067811865475 -4.869488267215243e-17,
            0.0 0.0 -1.0,
            -0.923879532511287 -0.3826834323650892 -2.628416962417319e-17,
            -0.923879532511287 -0.3826834323650892 -2.628416962417319e-17 ]
        }
        normalIndex [
          2, 5, 53, 50, -1,
          0, 45, 42, 39, 36, 33, 30, 27, 24, 21, 18, 15, 12, 9, 6, 3, -1,
          1, 49, 94, 46, -1,
          4, 8, 56, 52, -1,
          7, 11, 59, 55, -1,
          10, 14, 62, 58, -1,
          13, 17, 65, 61, -1,
          16, 20, 68, 64, -1,
          19, 23, 71, 67, -1,
          22, 26, 74, 70, -1,
          25, 29, 77, 73, -1,
          28, 32, 80, 76, -1,
          31, 35, 83, 79, -1,
          34, 38, 86, 82, -1,
          37, 41, 89, 85, -1,
          40, 44, 92, 88, -1,
          43, 47, 95, 91, -1,
          48, 51, 54, 57, 60, 63, 66, 69, 72, 75, 78, 81, 84, 87, 90, 93, -1 ]
      }
    }
    ,
    Shape {
      appearance Appearance {
        material DEF body Material {
          diffuseColor 0.1 0.1 1.0
          emissiveColor 0.0 0.0 0.0
          specularColor 0.1 0.1 1.0
          ambientIntensity 1.0
          transparency 0.0
          shininess 0.5
        }
      }
      geometry IndexedFaceSet {
        normalPerVertex TRUE
        coord Coordinate {
          point [
            1.471699737959714 -1.1416997385780756 0.9753870067719979,
            1.494535878206328 -1.0268947088685487 0.9753870067719976,
            1.55956770360375 -0.9295677042221113 0.9753870067719976,
            1.6568947082501875 -0.8645358788246897 0.9753870067719976,
            1.7716997379597144 -0.8416997385780756 0.9753870067719976,
            1.8865047676692412 -0.8645358788246897 0.9753870067719976,
            1.9838317723156784 -0.9295677042221113 0.9753870067719976,
            2.0488635977131002 -1.0268947088685487 0.9753870067719979,
            2.0716997379597144 -1.1416997385780756 0.9753870067719976,
            2.0488635977131002 -1.2565047682876025 0.9753870067719979,
            1.9838317723156784 -1.35383177293404 0.9753870067719976,
            1.8865047676692415 -1.4188635983314617 0.9753870067719976,
            1.7716997379597144 -1.4416997385780757 0.9753870067719976,
            1.6568947082501873 -1.4188635983314617 0.9753870067719976,
            1.55956770360375 -1.35383177293404 0.9753870067719976,
            1.4945358782063283 -1.256504768287603 0.9753870067719979,
            1.4717002379796589 -1.1416997385780758 0.4000000135439956,
            1.4945363782262726 -1.0268947088685487 0.4000000135439956,
            1.5595682036236946 -0.9295677042221115 0.4000000135439954,
            1.656895208270132 -0.8645358788246897 0.4000000135439954,
            1.771700237979659 -0.8416997385780758 0.4000000135439956,
            1.8865052676891858 -0.8645358788246897 0.4000000135439956,
            1.983832272335623 -0.9295677042221115 0.4000000135439956,
            2.048864097733045 -1.0268947088685487 0.4000000135439956,
            2.071700237979659 -1.1416997385780756 0.4000000135439954,
            2.048864097733045 -1.2565047682876027 0.4000000135439956,
            1.983832272335623 -1.35383177293404 0.4000000135439956,
            1.8865052676891862 -1.4188635983314617 0.4000000135439954,
            1.771700237979659 -1.4416997385780757 0.4000000135439956,
            1.656895208270132 -1.4188635983314617 0.4000000135439954,
            1.5595682036236949 -1.3538317729340401 0.4000000135439954,
            1.4945363782262728 -1.256504768287603 0.4000000135439956,
            1.6417002389796589 -1.1416997385780756 0.10000001354399557,
            1.651595899677071 -1.0919508927532975 0.10000001354399546,
            1.6797763571325144 -1.0497758577309313 0.10000001354399546,
            1.7219513921548806 -1.021595400275488 0.10000001354399546,
            1.7717002379796587 -1.0116997395780758 0.10000001354399546,
            1.821449083804437 -1.021595400275488 0.10000001354399546,
            1.8636241188268032 -1.0497758577309313 0.10000001354399546,
            1.8918045762822464 -1.0919508927532975 0.10000001354399568,
            1.901700236979659 -1.1416997385780756 0.10000001354399546,
            1.8918045762822464 -1.191448584402854 0.10000001354399568,
            1.8636241188268032 -1.23362361942522 0.10000001354399546,
            1.8214490838044373 -1.2618040768806633 0.10000001354399546,
            1.7717002379796587 -1.2716997375780756 0.10000001354399546,
            1.7219513921548806 -1.2618040768806633 0.10000001354399535,
            1.6797763571325144 -1.2336236194252201 0.10000001354399546,
            1.651595899677071 -1.191448584402854 0.10000001354399568,
            1.4987466200197914 -1.036996368232631 0.9880535110571662,
            1.4762574120560517 -1.1507458454601893 1.0040839852731476,
            1.4987466200197914 -1.2631181349181098 1.027924879449281,
            1.5627904658637088 -1.357005574193762 1.0559466335654935,
            1.6586388546169755 -1.4181146517491874 1.083883189575426,
            1.7716997379597146 -1.437142064481738 1.1074814600720768,
            1.884760621302454 -1.4111910612868097 1.1231488222911858,
            1.98060901005572 -1.3442124471544006 1.1285000623598858,
            2.0446528558996375 -1.2464031089235206 1.1227205024868294,
            2.0671420638633773 -1.132653631695962 1.106690028270848,
            2.0446528558996375 -1.0202813422380423 1.082849134094715,
            1.98060901005572 -0.9263939029623891 1.0548273799785022,
            1.8847606213024537 -0.8652848254069643 1.0268908239685697,
            1.7716997379597146 -0.8462574126744133 1.0032925534719186,
            1.6586388546169757 -0.8722084158693415 0.9876251912528096,
            1.5627904658637088 -0.9391870300017511 0.9822739511841097,
            1.500693875817093 -1.044651491485485 1.0028122875029726,
            1.4757626668205561 -1.1546096186122528 1.0342658921408034,
            1.4937702853547152 -1.2605195548761314 1.0807470197441436,
            1.5519752347372129 -1.3462574725569059 1.135179339987854,
            1.6415163390537428 -1.39877055090384 1.1892760255450434,
            1.7487617768642465 -1.4100641497708526 1.2348013464273042,
            1.857384402444389 -1.3784189211071698 1.2648244852183748,
            1.9508474057161458 -1.3086525641121256 1.2747746911977438,
            2.014921891675627 -1.2113863742046134 1.263137135703896,
            2.039853100672164 -1.1014282470778454 1.2316835310660652,
            2.021845482138004 -0.9955183108139676 1.1852024034627258,
            1.9636405327555075 -0.909780393133192 1.1307700832190142,
            1.8740994284389774 -0.8572673147862582 1.0766733976618252,
            1.766853990628474 -0.8459737159192455 1.0311480767795642,
            1.6582313650483318 -0.8776189445829281 1.001124937988494,
            1.5647683617765746 -0.9473853015779727 0.9911747320091244,
            1.5022191674665284 -1.0421981461344136 1.0183299690805094,
            1.4689721931364488 -1.145023901109141 1.063309819677646,
            1.4755639191753553 -1.2412534643586135 1.1296280257195197,
            1.5209908150479703 -1.3162367572012594 1.207188241512288,
            1.5983370476535232 -1.3585582530270308 1.2841826272866115,
            1.6958273542231646 -1.3617748877417681 1.3488894857641924,
            1.7986197193334956 -1.3253969578690183 1.3914577843109535,
            1.8910649372115782 -1.2549626734651531 1.4054068853557358,
            1.9590890614534613 -1.161195015842282 1.3886131647133892,
            1.9923360357835411 -1.0583692608675541 1.3436333141162526,
            1.9857443097446337 -0.9621396976180823 1.2773151080743799,
            1.9403174138720198 -0.8871564047754354 1.1997548922816101,
            1.8629711812664667 -0.8448349089496643 1.1227605065072876,
            1.7654808746968256 -0.8416182742349272 1.0580536480297065,
            1.6626885095864947 -0.8779962041076768 1.0154853494829457,
            1.5702432917084121 -0.9484304885115422 1.0015362484381625,
            1.5011415840840965 -1.037087455484307 1.033225052655371,
            1.4576071226265181 -1.1305403871048283 1.088659558020686,
            1.4498559479863482 -1.2137919714365764 1.1705788911839878,
            1.47906810623798 -1.2741679094425307 1.266511576271767,
            1.5407963110964753 -1.3024765118705284 1.3618527316113664,
            1.6256430029396993 -1.2944080506190259 1.4420875305720564,
            1.7206910420716983 -1.2511908757727805 1.4950009523423364,
            1.811470226147245 -1.179404410437469 1.5125374081190432,
            1.8841602473061905 -1.0899774932144621 1.4920271314785418,
            1.9276947087637688 -0.99652456159394 1.4365926261132271,
            1.9354458834039376 -0.913272977262193 1.354673292949926,
            1.9062337251523072 -0.852897039256238 1.2587406078621455,
            1.8445055202938117 -0.8245884368282403 1.1633994525225468,
            1.7596588284505876 -0.8326568980797429 1.0831646535618569,
            1.664610789318589 -0.8758740729259882 1.0302512317915768,
            1.5738316052430423 -0.9476605382613001 1.0127147760148694,
            1.4976872684845406 -1.0294679035898637 1.046609894538481,
            1.4425163838898363 -1.111874974354918 1.1087945576711975,
            1.4183635935411831 -1.1796366371358757 1.2011346027410499,
            1.4289059408235745 -1.2224367930353357 1.3095720949507448,
            1.4725384489298812 -1.233759506301987 1.417598409099672,
            1.5426184640305896 -1.2118809964816324 1.508767518119633,
            1.6284769391035354 -1.160132068365235 1.5691997516123701,
            1.7170426996278776 -1.0863910271533161 1.5896948498481747,
            1.7948324114144025 -1.0018842779061856 1.5671326199091744,
            1.8500032960091068 -0.9194772071411306 1.5049479567764579,
            1.8741560863577587 -0.8517155443601738 1.412607911706606,
            1.8636137390753689 -0.8089153884607134 1.3041704194969101,
            1.819981230969062 -0.7975926751940621 1.1961441053479838,
            1.7499012158683536 -0.8194711850144167 1.1049749963280227,
            1.6640427407954081 -0.8712201131308139 1.0445427628352852,
            1.575476980271066 -0.9449611543427332 1.0240476645994803,
            1.49222624653389 -1.0196398564083748 1.0576882783295511,
            1.424774450712553 -1.0899967251689977 1.1225099599387585,
            1.3831542536488217 -1.1406942554806216 1.219459450729823,
            1.3737019530576247 -1.1640142079275553 1.3337770695791265,
            1.3978565760186514 -1.1564063311456514 1.4480589953086593,
            1.451940800148289 -1.1190288554093786 1.5449068406943358,
            1.5277207925975125 -1.0575721625719225 1.609576399204091,
            1.6136597364632699 -0.9813924770114801 1.6322223167858225,
            1.6966742065804652 -0.9020874652840571 1.6093969577734666,
            1.7641260024018022 -0.8317305965234334 1.5445752761642593,
            1.805746199465532 -0.7810330662118103 1.4476257853731949,
            1.815198500056731 -0.7577131137648763 1.3333081665238906,
            1.7910438770957038 -0.7653209905467802 1.2190262407943586,
            1.7369596529660662 -0.8026984662830532 1.1221783954086821,
            1.6611796605168432 -0.8641551591205088 1.057508836898927,
            1.5752407166510856 -0.9403348446809521 1.0348629193171948,
            1.4852500264556543 -1.0080373781902607 1.0658036164116957,
            1.4056162953765776 -1.06606920113864 1.1289895368978422,
            1.3465203456656034 -1.0991614196464932 1.2244581597534958,
            1.3169589999601108 -1.1022760434277052 1.3376752525741034,
            1.3214327051694927 -1.0749388992457238 1.451404539293231,
            1.3592603802298604 -1.0213118194904254 1.5483317669664423,
            1.4246831045220014 -0.9495590409238648 1.613700643827997,
            1.5077408613309098 -0.8706042736422459 1.637559350946068,
            1.5957888601028687 -0.7964676652374447 1.616275616441648,
            1.6754225911819451 -0.7384358422890649 1.553089695955502,
            1.734518540892918 -0.7053436237812123 1.4576210730998485,
            1.7640798865984129 -0.7022289999999998 1.3444039802792402,
            1.7596061813890302 -0.7295661441819812 1.2306746935601134,
            1.7217785063286624 -0.7831932239372799 1.1337474658869022,
            1.656355782036522 -0.85494600250384 1.0683785890253477,
            1.5732980252276136 -0.93390076978546 1.0445198819072758 ]
        }
        coordIndex [
          0, 1, 17, 16, -1,
          0, 15, 50, 49, -1,
          0, 16, 31, 15, -1,
          0, 49, 48, 1, -1,
          1, 2, 18, 17, -1,
          1, 48, 63, 2, -1,
          2, 3, 19, 18, -1,
          2, 63, 62, 3, -1,
          3, 4, 20, 19, -1,
          3, 62, 61, 4, -1,
          4, 5, 21, 20, -1,
          4, 61, 60, 5, -1,
          5, 6, 22, 21, -1,
          5, 60, 59, 6, -1,
          6, 7, 23, 22, -1,
          6, 59, 58, 7, -1,
          7, 8, 24, 23, -1,
          7, 58, 57, 8, -1,
          8, 9, 25, 24, -1,
          8, 57, 56, 9, -1,
          9, 10, 26, 25, -1,
          9, 56, 55, 10, -1,
          10, 11, 27, 26, -1,
          10, 55, 54, 11, -1,
          11, 12, 28, 27, -1,
          11, 54, 53, 12, -1,
          12, 13, 29, 28, -1,
          12, 53, 52, 13, -1,
          13, 14, 30, 29, -1,
          13, 52, 51, 14, -1,
          14, 15, 31, 30, -1,
          14, 51, 50, 15, -1,
          16, 17, 33, 32, -1,
          16, 32, 47, 31, -1,
          17, 18, 34, 33, -1,
          18, 19, 35, 34, -1,
          19, 20, 36, 35, -1,
          20, 21, 37, 36, -1,
          21, 22, 38, 37, -1,
          22, 23, 39, 38, -1,
          23, 24, 40, 39, -1,
          24, 25, 41, 40, -1,
          25, 26, 42, 41, -1,
          26, 27, 43, 42, -1,
          27, 28, 44, 43, -1,
          28, 29, 45, 44, -1,
          29, 30, 46, 45, -1,
          30, 31, 47, 46, -1,
          32, 33, 34, 35, 36, 37, 38, 39, 40, 41, 42, 43, 44, 45, 46, 47, -1,
          48, 49, 65, 64, -1,
          48, 64, 79, 63, -1,
          49, 50, 66, 65, -1,
          50, 51, 67, 66, -1,
          51, 52, 68, 67, -1,
          52, 53, 69, 68, -1,
          53, 54, 70, 69, -1,
          54, 55, 71, 70, -1,
          55, 56, 72, 71, -1,
          56, 57, 73, 72, -1,
          57, 58, 74, 73, -1,
          58, 59, 75, 74, -1,
          59, 60, 76, 75, -1,
          60, 61, 77, 76, -1,
          61, 62, 78, 77, -1,
          62, 63, 79, 78, -1,
          64, 65, 81, 80, -1,
          64, 80, 95, 79, -1,
          65, 66, 82, 81, -1,
          66, 67, 83, 82, -1,
          67, 68, 84, 83, -1,
          68, 69, 85, 84, -1,
          69, 70, 86, 85, -1,
          70, 71, 87, 86, -1,
          71, 72, 88, 87, -1,
          72, 73, 89, 88, -1,
          73, 74, 90, 89, -1,
          74, 75, 91, 90, -1,
          75, 76, 92, 91, -1,
          76, 77, 93, 92, -1,
          77, 78, 94, 93, -1,
          78, 79, 95, 94, -1,
          80, 81, 97, 96, -1,
          80, 96, 111, 95, -1,
          81, 82, 98, 97, -1,
          82, 83, 99, 98, -1,
          83, 84, 100, 99, -1,
          84, 85, 101, 100, -1,
          85, 86, 102, 101, -1,
          86, 87, 103, 102, -1,
          87, 88, 104, 103, -1,
          88, 89, 105, 104, -1,
          89, 90, 106, 105, -1,
          90, 91, 107, 106, -1,
          91, 92, 108, 107, -1,
          92, 93, 109, 108, -1,
          93, 94, 110, 109, -1,
          94, 95, 111, 110, -1,
          96, 97, 113, 112, -1,
          96, 112, 127, 111, -1,
          97, 98, 114, 113, -1,
          98, 99, 115, 114, -1,
          99, 100, 116, 115, -1,
          100, 101, 117, 116, -1,
          101, 102, 118, 117, -1,
          102, 103, 119, 118, -1,
          103, 104, 120, 119, -1,
          104, 105, 121, 120, -1,
          105, 106, 122, 121, -1,
          106, 107, 123, 122, -1,
          107, 108, 124, 123, -1,
          108, 109, 125, 124, -1,
          109, 110, 126, 125, -1,
          110, 111, 127, 126, -1,
          112, 113, 129, 128, -1,
          112, 128, 143, 127, -1,
          113, 114, 130, 129, -1,
          114, 115, 131, 130, -1,
          115, 116, 132, 131, -1,
          116, 117, 133, 132, -1,
          117, 118, 134, 133, -1,
          118, 119, 135, 134, -1,
          119, 120, 136, 135, -1,
          120, 121, 137, 136, -1,
          121, 122, 138, 137, -1,
          122, 123, 139, 138, -1,
          123, 124, 140, 139, -1,
          124, 125, 141, 140, -1,
          125, 126, 142, 141, -1,
          126, 127, 143, 142, -1,
          128, 129, 145, 144, -1,
          128, 144, 159, 143, -1,
          129, 130, 146, 145, -1,
          130, 131, 147, 146, -1,
          131, 132, 148, 147, -1,
          132, 133, 149, 148, -1,
          133, 134, 150, 149, -1,
          134, 135, 151, 150, -1,
          135, 136, 152, 151, -1,
          136, 137, 153, 152, -1,
          137, 138, 154, 153, -1,
          138, 139, 155, 154, -1,
          139, 140, 156, 155, -1,
          140, 141, 157, 156, -1,
          141, 142, 158, 157, -1,
          142, 143, 159, 158, -1,
          144, 145, 146, 147, 148, 149, 150, 151, 152, 153, 154, 155, 156, 157, 158, 159, -1 ]
        normal Normal {
          vector [
            -0.8462027899674405 0.3582173397560806 0.3944884988810149,
            -0.9950371624535265 0.010091397732452942 0.09899095427482112,
            -0.9209127116271948 -0.3896804248446393 -0.008303255767990321,
            -0.697127987615938 -0.7169195124991496 0.006243515078396449,
            -0.3710702562416745 -0.926519487733838 0.06219729722555932,
            0.00886154888405824 -0.9925027529780092 0.12190060821196987,
            0.38676002192171144 -0.9073213360270518 0.16487776876584395,
            0.7062103318474274 -0.6847585121224735 0.1799242820404258,
            0.9189976849844976 -0.35878516307439556 0.1634517107613542,
            0.9926319900771969 0.021390668208187556 0.1192651314885907,
            0.9150687813942122 0.39899532035458385 0.05875252890603383,
            0.695592942264163 0.7184317221791198 0.002513809664452556,
            0.36172668863202767 0.9322102643923893 -0.011739918772272843,
            -0.03981680527844047 0.9945436041330674 0.09642427855798323,
            -0.38255688493894213 0.8360577799324559 0.3932653282457358,
            -0.587550158823626 0.5715669309766762 0.5727966954166506,
            -0.9049603426683165 0.3985422552609346 0.1490330465674349,
            -0.9955802923769161 -0.0029440398020903905 -0.09386806730905853,
            -0.9061676074218774 -0.4097065685192682 -0.10488467462635573,
            -0.6916175998722636 -0.722217133867417 0.008216270155184028,
            -0.38237096594837483 -0.9107191215553196 0.15615097192529337,
            -0.019348460234463002 -0.9564591142778722 0.29122431183083525,
            0.34587167878749797 -0.856458121073701 0.38321308518841507,
            0.6594652706694022 -0.6273431377907962 0.4141812939374859,
            0.8742337903451036 -0.3041961622515063 0.3783912983807749,
            0.9570605902759073 0.06451220599090791 0.28261847395193157,
            0.8935209807182075 0.42464978461194547 0.1459205860918906,
            0.6884000227983791 0.7253312302688383 1.2250667166668205e-4,
            0.36106522296058835 0.9268054514286248 -0.10326451457593544,
            -0.05654298381891287 0.9962833581063902 -0.06497969945381614,
            -0.44078405690721034 0.8754531276364068 0.19822017174862488,
            -0.6761329522181867 0.6456955591875303 0.3548541612694176,
            -0.9077300803368321 0.40565540981200016 -0.10709710426499251,
            -0.9596166208416119 -0.03407362372805539 -0.2792399132834792,
            -0.8807791646452761 -0.4318909289816283 -0.19416047123489358,
            -0.6974645566955251 -0.7165477125062648 0.010127578958177487,
            -0.4231832711338842 -0.8734185813994503 0.24094792113358704,
            -0.09010336579546534 -0.8918924782041343 0.44318076537144097,
            0.2559604917495069 -0.7744378957863147 0.5785587024956204,
            0.564563341589421 -0.54087765667918 0.6234738116702464,
            0.7893435140319681 -0.22707119671329504 0.5704169426646232,
            0.8953844167650113 0.12024209505364025 0.4287523583509386,
            0.8639049693292699 0.4510879660446357 0.22402645124606807,
            0.6927321568657661 0.7211896692778161 -0.0027603932795838984,
            0.39033602082640706 0.9009241302876794 -0.18966681921410292,
            -0.030358380251579886 0.974080254680625 -0.22415625396100247,
            -0.45332594522426145 0.8913211145998208 -0.006500619590712053,
            -0.714921306296642 0.6896517665421081 0.11518666028864849,
            -0.863392929967978 0.3808953756451822 -0.33086456639148554,
            -0.8983124960161479 -0.08204547089415477 -0.4316285442449268,
            -0.847217858950926 -0.4590451473216432 -0.26739381480329655,
            -0.7102069781999371 -0.703903107049067 0.011245621493886415,
            -0.4842954804183271 -0.8183092231696206 0.30956082265350326,
            -0.19141671660425474 -0.8013850951049171 0.5666935414738105,
            0.12978035163532553 -0.662206779635115 0.7379967759649777,
            0.43305659767522153 -0.4243954185091389 0.7952046981491081,
            0.6729575357814176 -0.12456961240495967 0.7291162916162828,
            0.812086286841242 0.19286741314529535 0.5507431558095353,
            0.8260714986928611 0.48313671125933483 0.2901461653733246,
            0.7044265833300454 0.7097538404344603 -0.0057161776121095785,
            0.4440070625198373 0.8543017708626762 -0.2702336262077699,
            0.037807922464885076 0.9203574618526122 -0.38924632742147564,
            -0.41845061384653065 0.8766511233357529 -0.23744871388496555,
            -0.7029625789598513 0.6991763602198969 -0.13036882254500837,
            -0.7822094771891266 0.3176546900134304 -0.535951333339124,
            -0.8133262560844077 -0.15575052597326178 -0.5605730771476389,
            -0.802461585441523 -0.4985036687249857 -0.32794739846263005,
            -0.7225657287156261 -0.6912564555121575 0.007954897763317764,
            -0.5545510046487617 -0.752122594607983 0.3560685129623293,
            -0.3095836871198181 -0.6908049540352026 0.6534113988519945,
            -0.018364162754389877 -0.5239945754115204 0.8515236006509924,
            0.2776923947461685 -0.27986205178488727 0.9190017224526248,
            0.5342913359787607 0.003932595260307304 0.8452912533515,
            0.7113819089646439 0.28557286913775565 0.6421712513109329,
            0.778472054351038 0.5261801318871387 0.34222175471718325,
            0.7161039816362834 0.6979784809644821 -0.004596476386919726,
            0.5092346197745535 0.7943974306223164 -0.33107827510081006,
            0.13155075074777794 0.8387832485548055 -0.5283342331531654,
            -0.3450530213243286 0.8221002864924296 -0.4528681170318989,
            -0.6489058692044405 0.6659159918078852 -0.3680720918061435,
            -0.6690944207684699 0.21976182915340722 -0.7099418247600676,
            -0.7098028136413712 -0.2507268188100345 -0.6582674441867782,
            -0.7492198076192508 -0.5478777459790438 -0.3721554182487409,
            -0.7337926319350198 -0.6793733632079848 4.546222037920105e-4,
            -0.6296967020016321 -0.6788655139851173 0.37765550096614536,
            -0.4374506635876824 -0.5668463758756608 0.698084595936141,
            -0.1795046516107565 -0.36816839890817665 0.9122664687992706,
            0.10787619944134917 -0.11602734399499162 0.9873704375965274,
            0.38173951448435517 0.15065613604409392 0.9119088067090438,
            0.599367743250684 0.39274624311703876 0.697501754025059,
            0.7239882202037956 0.5776124574280586 0.3771006576897735,
            0.727057423302048 0.6865764497412281 5.309257176589906e-4,
            0.5820699347548219 0.724837609513468 -0.3685173413685151,
            0.24519508404895146 0.7342959694874354 -0.632999841984763,
            -0.23757652458829084 0.730971012645258 -0.639717729656538,
            -0.5560236720494555 0.5918841835950239 -0.5835330233420313,
            -0.6791666750807681 0.39245459944792327 -0.6202515738246089,
            -0.7862302251025426 0.060802177003427195 -0.6149350603168182,
            -0.9015400085025588 -0.16867179293355125 -0.39846635910423756,
            -0.9612072505872464 -0.2660023735899698 -0.07296135047412756,
            -0.9279271453188025 -0.24427012450957153 0.2815729377134394,
            -0.7934496022824237 -0.1178680527776614 0.5971137670262392,
            -0.5737855303394641 0.08763467586111431 0.8143035851325827,
            -0.30446063424413117 0.3344005852839351 0.8918968386295711,
            -0.03268282285335315 0.5781210297011242 0.8152962088147154,
            0.1924939184568208 0.7767746767439485 0.5996392189696009,
            0.32961411429540477 0.8996017427226952 0.28648078495345114,
            0.35048704413097265 0.9343317421940952 -0.06467632816479443,
            0.23730957137535935 0.8923332290881137 -0.3839603828506571,
            -0.025965732081241297 0.8141387803495405 -0.5800894992054656,
            -0.36322567299660646 0.7428985654144517 -0.5622889221577391,
            -0.5730488488047657 0.6315977168583109 -0.5222062245348112,
            -0.9999999999996224 -7.357828267056081e-16 -8.690150291117296e-7,
            -0.9999999999996224 -7.357828267056081e-16 -8.690150291117296e-7,
            -0.9824700453407977 0.00901196564786414 0.18620256304146965,
            -0.9824700453407977 0.00901196564786414 0.18620256304146965,
            -0.9238795325109849 0.3826834323649762 -8.028651988347485e-7,
            -0.9238795325109849 0.3826834323649762 -8.028651988347485e-7,
            -0.8036301333600248 0.3280107342363866 0.4965758421242978,
            -0.8036301333600248 0.3280107342363866 0.4965758421242978,
            -0.7071067811864027 0.7071067811864251 -6.144864200413177e-7,
            -0.7071067811864027 0.7071067811864251 -6.144864200413177e-7,
            -0.5290215224117879 0.5219643854866615 0.6690959640504834,
            -0.5290215224117879 0.5219643854866615 0.6690959640504834,
            -0.38268343236505925 0.9238795325112396 -3.325576542224598e-7,
            -0.38268343236505925 0.9238795325112396 -3.325576542224598e-7,
            -0.339379986264326 0.7989971589892408 0.49641189031926686,
            -0.339379986264326 0.7989971589892408 0.49641189031926686,
            0.0 1.0 -1.9203267226602048e-16,
            0.0 1.0 -1.9203267226602048e-16,
            -0.02366774441394074 0.9822403038805081 0.18612851288043794,
            -0.02366774441394074 0.9822403038805081 0.18612851288043794,
            0.3826834323650597 0.9238795325112394 3.325576538662972e-7,
            0.3826834323650597 0.9238795325112394 3.325576538662972e-7,
            0.36737027096613056 0.9292931417991165 0.03812270472302602,
            0.36737027096613056 0.9292931417991165 0.03812270472302602,
            0.7071067811864037 0.7071067811864242 6.144864197655794e-7,
            0.7071067811864037 0.7071067811864242 6.144864197655794e-7,
            0.7012882936467191 0.7128635023117866 0.004511791866483716,
            0.7012882936467191 0.7128635023117866 0.004511791866483716,
            0.9238795325109846 0.38268343236497676 8.028651986082485e-7,
            0.9238795325109846 0.38268343236497676 8.028651986082485e-7,
            0.9222245821275792 0.38641586790622223 0.013586653373537963,
            0.9222245821275792 0.38641586790622223 0.013586653373537963,
            0.9999999999996225 9.904768821037037e-17 8.690150289393937e-7,
            0.9999999999996225 9.904768821037037e-17 8.690150289393937e-7,
            0.9994107094436802 0.0033456658845722217 0.034161972558224334,
            0.9994107094436802 0.0033456658845722217 0.034161972558224334,
            0.9238795325109846 -0.38268343236497665 8.028651987395526e-7,
            0.9238795325109846 -0.38268343236497665 8.028651987395526e-7,
            0.9245221355047366 -0.3776566131753439 0.05132546625886778,
            0.9245221355047366 -0.3776566131753439 0.05132546625886778,
            0.7071067811864046 -0.7071067811864233 6.14486420015058e-7,
            0.7071067811864046 -0.7071067811864233 6.14486420015058e-7,
            0.7112662100032342 -0.7005433107470576 0.057787959603939947,
            0.7112662100032342 -0.7005433107470576 0.057787959603939947,
            0.3826834323650602 -0.9238795325112391 3.325576541206998e-7,
            0.3826834323650602 -0.9238795325112391 3.325576541206998e-7,
            0.3916681368144031 -0.9186740388160226 0.051323298898171076,
            0.3916681368144031 -0.9186740388160226 0.051323298898171076,
            -2.2639471590942435e-16 -1.0 1.6411077839160296e-18,
            -2.2639471590942435e-16 -1.0 1.6411077839160296e-18,
            0.011883336226380296 -0.9993457391795604 0.034159623882425535,
            0.011883336226380296 -0.9993457391795604 0.034159623882425535,
            -0.3826834323650592 -0.9238795325112397 -3.3255765408951457e-7,
            -0.3826834323650592 -0.9238795325112397 -3.3255765408951457e-7,
            -0.3722794461235425 -0.928021251385738 0.013585689912450873,
            -0.3722794461235425 -0.928021251385738 0.013585689912450873,
            -0.7071067811864031 -0.7071067811864249 -6.144864199559709e-7,
            -0.7071067811864031 -0.7071067811864249 -6.144864199559709e-7,
            -0.7020515675900242 -0.712111816709136 0.004511867418667894,
            -0.7020515675900242 -0.712111816709136 0.004511867418667894,
            -0.9238795325109846 -0.38268343236497704 -8.028651987674548e-7,
            -0.9238795325109846 -0.38268343236497704 -8.028651987674548e-7,
            -0.9235906531918404 -0.38147914000926836 0.038130972639817455,
            -0.9235906531918404 -0.38147914000926836 0.038130972639817455,
            -0.9999999999996224 -7.357828267056081e-16 -8.690150291117296e-7,
            -0.9999999999996224 -7.357828267056081e-16 -8.690150291117296e-7,
            -0.8700221846046783 -8.027919080485711e-16 -0.4930125741760581,
            -0.8700221846046783 -8.027919080485711e-16 -0.4930125741760581,
            -0.9238795325109849 0.3826834323649762 -8.028651988347485e-7,
            -0.9238795325109849 0.3826834323649762 -8.028651988347485e-7,
            -0.8037956891870187 0.3329430758382914 -0.4930125741760583,
            -0.8037956891870187 0.3329430758382914 -0.4930125741760583,
            -0.7071067811864027 0.7071067811864251 -6.144864200413177e-7,
            -0.7071067811864027 0.7071067811864251 -6.144864200413177e-7,
            -0.6151985865167019 0.6151985865167027 -0.493012574176058,
            -0.6151985865167019 0.6151985865167027 -0.493012574176058,
            -0.38268343236505925 0.9238795325112396 -3.325576542224598e-7,
            -0.38268343236505925 0.9238795325112396 -3.325576542224598e-7,
            -0.33294307583829147 0.8037956891870188 -0.493012574176058,
            -0.33294307583829147 0.8037956891870188 -0.493012574176058,
            0.0 1.0 -1.9203267226602048e-16,
            0.0 1.0 -1.9203267226602048e-16,
            1.54924754184812e-16 0.8700221846046784 -0.4930125741760578,
            1.54924754184812e-16 0.8700221846046784 -0.4930125741760578,
            0.3826834323650597 0.9238795325112394 3.325576538662972e-7,
            0.3826834323650597 0.9238795325112394 3.325576538662972e-7,
            0.33294307583829197 0.8037956891870187 -0.493012574176058,
            0.33294307583829197 0.8037956891870187 -0.493012574176058,
            0.7071067811864037 0.7071067811864242 6.144864197655794e-7,
            0.7071067811864037 0.7071067811864242 6.144864197655794e-7,
            0.6151985865167029 0.6151985865167018 -0.493012574176058,
            0.6151985865167029 0.6151985865167018 -0.493012574176058,
            0.9238795325109846 0.38268343236497676 8.028651986082485e-7,
            0.9238795325109846 0.38268343236497676 8.028651986082485e-7,
            0.8037956891870179 0.33294307583829347 -0.49301257417605804,
            0.8037956891870179 0.33294307583829347 -0.49301257417605804,
            0.9999999999996225 9.904768821037037e-17 8.690150289393937e-7,
            0.9999999999996225 9.904768821037037e-17 8.690150289393937e-7,
            0.8700221846046778 2.253450969960904e-16 -0.49301257417605876,
            0.8700221846046778 2.253450969960904e-16 -0.49301257417605876,
            0.9238795325109846 -0.38268343236497665 8.028651987395526e-7,
            0.9238795325109846 -0.38268343236497665 8.028651987395526e-7,
            0.8037956891870178 -0.33294307583829347 -0.4930125741760582,
            0.8037956891870178 -0.33294307583829347 -0.4930125741760582,
            0.7071067811864046 -0.7071067811864233 6.14486420015058e-7,
            0.7071067811864046 -0.7071067811864233 6.14486420015058e-7,
            0.6151985865167036 -0.6151985865167009 -0.4930125741760583,
            0.6151985865167036 -0.6151985865167009 -0.4930125741760583,
            0.3826834323650602 -0.9238795325112391 3.325576541206998e-7,
            0.3826834323650602 -0.9238795325112391 3.325576541206998e-7,
            0.33294307583829286 -0.8037956891870179 -0.4930125741760586,
            0.33294307583829286 -0.8037956891870179 -0.4930125741760586,
            -2.2639471590942435e-16 -1.0 1.6411077839160296e-18,
            -2.2639471590942435e-16 -1.0 1.6411077839160296e-18,
            -3.3801764549413527e-16 -0.8700221846046783 -0.4930125741760582,
            -3.3801764549413527e-16 -0.8700221846046783 -0.4930125741760582,
            -0.3826834323650592 -0.9238795325112397 -3.3255765408951457e-7,
            -0.3826834323650592 -0.9238795325112397 -3.3255765408951457e-7,
            -0.3329430758382913 -0.8037956891870188 -0.4930125741760581,
            -0.3329430758382913 -0.8037956891870188 -0.4930125741760581,
            -0.7071067811864031 -0.7071067811864249 -6.144864199559709e-7,
            -0.7071067811864031 -0.7071067811864249 -6.144864199559709e-7,
            -0.6151985865167018 -0.6151985865167028 -0.4930125741760582,
            -0.6151985865167018 -0.6151985865167028 -0.4930125741760582,
            -0.9238795325109846 -0.38268343236497704 -8.028651987674548e-7,
            -0.9238795325109846 -0.38268343236497704 -8.028651987674548e-7,
            -0.8037956891870186 -0.33294307583829186 -0.49301257417605826,
            -0.8037956891870186 -0.33294307583829186 -0.49301257417605826,
            -0.8700221846046783 -8.027919080485711e-16 -0.4930125741760581,
            -0.8700221846046783 -8.027919080485711e-16 -0.4930125741760581,
            1.0058545042378105e-16 1.6921578347987844e-17 -1.0,
            -0.8037956891870187 0.3329430758382914 -0.4930125741760583,
            -0.8037956891870187 0.3329430758382914 -0.4930125741760583,
            1.0058545042378105e-16 1.6921578347987844e-17 -1.0,
            -0.6151985865167019 0.6151985865167027 -0.493012574176058,
            -0.6151985865167019 0.6151985865167027 -0.493012574176058,
            1.0058545042378105e-16 1.6921578347987844e-17 -1.0,
            -0.33294307583829147 0.8037956891870188 -0.493012574176058,
            -0.33294307583829147 0.8037956891870188 -0.493012574176058,
            1.0058545042378105e-16 1.6921578347987844e-17 -1.0,
            1.54924754184812e-16 0.8700221846046784 -0.4930125741760578,
            1.54924754184812e-16 0.8700221846046784 -0.4930125741760578,
            1.0058545042378105e-16 1.6921578347987844e-17 -1.0,
            0.33294307583829197 0.8037956891870187 -0.493012574176058,
            0.33294307583829197 0.8037956891870187 -0.493012574176058,
            1.0058545042378105e-16 1.6921578347987844e-17 -1.0,
            0.6151985865167029 0.6151985865167018 -0.493012574176058,
            0.6151985865167029 0.6151985865167018 -0.493012574176058,
            1.0058545042378105e-16 1.6921578347987844e-17 -1.0,
            0.8037956891870179 0.33294307583829347 -0.49301257417605804,
            0.8037956891870179 0.33294307583829347 -0.49301257417605804,
            1.0058545042378105e-16 1.6921578347987844e-17 -1.0,
            0.8700221846046778 2.253450969960904e-16 -0.49301257417605876,
            0.8700221846046778 2.253450969960904e-16 -0.49301257417605876,
            1.0058545042378105e-16 1.6921578347987844e-17 -1.0,
            0.8037956891870178 -0.33294307583829347 -0.4930125741760582,
            0.8037956891870178 -0.33294307583829347 -0.4930125741760582,
            1.0058545042378105e-16 1.6921578347987844e-17 -1.0,
            0.6151985865167036 -0.6151985865167009 -0.4930125741760583,
            0.6151985865167036 -0.6151985865167009 -0.4930125741760583,
            1.0058545042378105e-16 1.6921578347987844e-17 -1.0,
            0.33294307583829286 -0.8037956891870179 -0.4930125741760586,
            0.33294307583829286 -0.8037956891870179 -0.4930125741760586,
            1.0058545042378105e-16 1.6921578347987844e-17 -1.0,
            -3.3801764549413527e-16 -0.8700221846046783 -0.4930125741760582,
            -3.3801764549413527e-16 -0.8700221846046783 -0.4930125741760582,
            1.0058545042378105e-16 1.6921578347987844e-17 -1.0,
            -0.3329430758382913 -0.8037956891870188 -0.4930125741760581,
            -0.3329430758382913 -0.8037956891870188 -0.4930125741760581,
            1.0058545042378105e-16 1.6921578347987844e-17 -1.0,
            -0.6151985865167018 -0.6151985865167028 -0.4930125741760582,
            -0.6151985865167018 -0.6151985865167028 -0.4930125741760582,
            1.0058545042378105e-16 1.6921578347987844e-17 -1.0,
            -0.8037956891870186 -0.33294307583829186 -0.49301257417605826,
            -0.8037956891870186 -0.33294307583829186 -0.49301257417605826,
            1.0058545042378105e-16 1.6921578347987844e-17 -1.0 ]
        }
        normalIndex [
          112, 116, 180, 176, -1,
          115, 174, 2, 1, -1,
          113, 177, 237, 173, -1,
          114, 1, 0, 118, -1,
          117, 120, 184, 181, -1,
          119, 0, 15, 123, -1,
          121, 124, 188, 185, -1,
          122, 15, 14, 127, -1,
          125, 128, 192, 189, -1,
          126, 14, 13, 131, -1,
          129, 132, 196, 193, -1,
          130, 13, 12, 135, -1,
          133, 136, 200, 197, -1,
          134, 12, 11, 139, -1,
          137, 140, 204, 201, -1,
          138, 11, 10, 143, -1,
          141, 144, 208, 205, -1,
          142, 10, 9, 147, -1,
          145, 148, 212, 209, -1,
          146, 9, 8, 151, -1,
          149, 152, 216, 213, -1,
          150, 8, 7, 155, -1,
          153, 156, 220, 217, -1,
          154, 7, 6, 159, -1,
          157, 160, 224, 221, -1,
          158, 6, 5, 163, -1,
          161, 164, 228, 225, -1,
          162, 5, 4, 167, -1,
          165, 168, 232, 229, -1,
          166, 4, 3, 171, -1,
          169, 172, 236, 233, -1,
          170, 3, 2, 175, -1,
          178, 182, 243, 240, -1,
          179, 241, 286, 239, -1,
          183, 186, 246, 244, -1,
          187, 190, 249, 247, -1,
          191, 194, 252, 250, -1,
          195, 198, 255, 253, -1,
          199, 202, 258, 256, -1,
          203, 206, 261, 259, -1,
          207, 210, 264, 262, -1,
          211, 214, 267, 265, -1,
          215, 218, 270, 268, -1,
          219, 222, 273, 271, -1,
          223, 226, 276, 274, -1,
          227, 230, 279, 277, -1,
          231, 234, 282, 280, -1,
          235, 238, 285, 283, -1,
          242, 245, 248, 251, 254, 257, 260, 263, 266, 269, 272, 275, 278, 281, 284, 287, -1,
          0, 1, 17, 16, -1,
          0, 16, 31, 15, -1,
          1, 2, 18, 17, -1,
          2, 3, 19, 18, -1,
          3, 4, 20, 19, -1,
          4, 5, 21, 20, -1,
          5, 6, 22, 21, -1,
          6, 7, 23, 22, -1,
          7, 8, 24, 23, -1,
          8, 9, 25, 24, -1,
          9, 10, 26, 25, -1,
          10, 11, 27, 26, -1,
          11, 12, 28, 27, -1,
          12, 13, 29, 28, -1,
          13, 14, 30, 29, -1,
          14, 15, 31, 30, -1,
          16, 17, 33, 32, -1,
          16, 32, 47, 31, -1,
          17, 18, 34, 33, -1,
          18, 19, 35, 34, -1,
          19, 20, 36, 35, -1,
          20, 21, 37, 36, -1,
          21, 22, 38, 37, -1,
          22, 23, 39, 38, -1,
          23, 24, 40, 39, -1,
          24, 25, 41, 40, -1,
          25, 26, 42, 41, -1,
          26, 27, 43, 42, -1,
          27, 28, 44, 43, -1,
          28, 29, 45, 44, -1,
          29, 30, 46, 45, -1,
          30, 31, 47, 46, -1,
          32, 33, 49, 48, -1,
          32, 48, 63, 47, -1,
          33, 34, 50, 49, -1,
          34, 35, 51, 50, -1,
          35, 36, 52, 51, -1,
          36, 37, 53, 52, -1,
          37, 38, 54, 53, -1,
          38, 39, 55, 54, -1,
          39, 40, 56, 55, -1,
          40, 41, 57, 56, -1,
          41, 42, 58, 57, -1,
          42, 43, 59, 58, -1,
          43, 44, 60, 59, -1,
          44, 45, 61, 60, -1,
          45, 46, 62, 61, -1,
          46, 47, 63, 62, -1,
          48, 49, 65, 64, -1,
          48, 64, 79, 63, -1,
          49, 50, 66, 65, -1,
          50, 51, 67, 66, -1,
          51, 52, 68, 67, -1,
          52, 53, 69, 68, -1,
          53, 54, 70, 69, -1,
          54, 55, 71, 70, -1,
          55, 56, 72, 71, -1,
          56, 57, 73, 72, -1,
          57, 58, 74, 73, -1,
          58, 59, 75, 74, -1,
          59, 60, 76, 75, -1,
          60, 61, 77, 76, -1,
          61, 62, 78, 77, -1,
          62, 63, 79, 78, -1,
          64, 65, 81, 80, -1,
          64, 80, 95, 79, -1,
          65, 66, 82, 81, -1,
          66, 67, 83, 82, -1,
          67, 68, 84, 83, -1,
          68, 69, 85, 84, -1,
          69, 70, 86, 85, -1,
          70, 71, 87, 86, -1,
          71, 72, 88, 87, -1,
          72, 73, 89, 88, -1,
          73, 74, 90, 89, -1,
          74, 75, 91, 90, -1,
          75, 76, 92, 91, -1,
          76, 77, 93, 92, -1,
          77, 78, 94, 93, -1,
          78, 79, 95, 94, -1,
          80, 81, 97, 96, -1,
          80, 96, 111, 95, -1,
          81, 82, 98, 97, -1,
          82, 83, 99, 98, -1,
          83, 84, 100, 99, -1,
          84, 85, 101, 100, -1,
          85, 86, 102, 101, -1,
          86, 87, 103, 102, -1,
          87, 88, 104, 103, -1,
          88, 89, 105, 104, -1,
          89, 90, 106, 105, -1,
          90, 91, 107, 106, -1,
          91, 92, 108, 107, -1,
          92, 93, 109, 108, -1,
          93, 94, 110, 109, -1,
          94, 95, 111, 110, -1,
          96, 97, 98, 99, 100, 101, 102, 103, 104, 105, 106, 107, 108, 109, 110, 111, -1 ]
      }
    }

  ]
}

DEF Cylinder7 Transform {
  children [
    Shape {
      appearance Appearance {
        material USE pins
      }
      geometry IndexedFaceSet {
        normalPerVertex TRUE
        coord Coordinate {
          point [
            -1.61169983465 1.14170044094 0.6,
            -1.6238791094481941 1.0804710917615856 0.6,
            -1.6585627496601523 1.0285633559501524 0.6,
            -1.7104704854715855 0.9938797157381942 0.6,
            -1.77169983465 0.9817004409400001 0.6,
            -1.8329291838284143 0.9938797157381942 0.6,
            -1.8848369196398476 1.0285633559501524 0.6,
            -1.9195205598518057 1.0804710917615856 0.6,
            -1.9316998346499998 1.14170044094 0.6,
            -1.9195205598518057 1.2029297901184144 0.6,
            -1.8848369196398476 1.2548375259298477 0.6,
            -1.8329291838284143 1.289521166141806 0.6,
            -1.77169983465 1.3017004409400001 0.6,
            -1.7104704854715855 1.289521166141806 0.6,
            -1.6585627496601523 1.2548375259298477 0.6,
            -1.6238791094481941 1.2029297901184146 0.6,
            -1.61169983465 1.14170044094 -1.0,
            -1.6238791094481941 1.0804710917615856 -1.0,
            -1.6585627496601523 1.0285633559501524 -1.0,
            -1.7104704854715855 0.993879715738194 -1.0,
            -1.77169983465 0.9817004409399999 -1.0,
            -1.8329291838284143 0.993879715738194 -1.0,
            -1.8848369196398476 1.0285633559501524 -1.0,
            -1.9195205598518057 1.0804710917615856 -1.0,
            -1.9316998346499998 1.14170044094 -1.0,
            -1.9195205598518057 1.2029297901184144 -1.0,
            -1.8848369196398476 1.2548375259298477 -1.0,
            -1.8329291838284143 1.2895211661418058 -1.0,
            -1.77169983465 1.30170044094 -1.0,
            -1.7104704854715855 1.2895211661418058 -1.0,
            -1.6585627496601523 1.2548375259298477 -1.0,
            -1.6238791094481941 1.2029297901184144 -1.0 ]
        }
        coordIndex [
          0, 1, 17, 16, -1,
          0, 15, 14, 13, 12, 11, 10, 9, 8, 7, 6, 5, 4, 3, 2, 1, -1,
          0, 16, 31, 15, -1,
          1, 2, 18, 17, -1,
          2, 3, 19, 18, -1,
          3, 4, 20, 19, -1,
          4, 5, 21, 20, -1,
          5, 6, 22, 21, -1,
          6, 7, 23, 22, -1,
          7, 8, 24, 23, -1,
          8, 9, 25, 24, -1,
          9, 10, 26, 25, -1,
          10, 11, 27, 26, -1,
          11, 12, 28, 27, -1,
          12, 13, 29, 28, -1,
          13, 14, 30, 29, -1,
          14, 15, 31, 30, -1,
          16, 17, 18, 19, 20, 21, 22, 23, 24, 25, 26, 27, 28, 29, 30, 31, -1 ]
        normal Normal {
          vector [
            0.0 -0.0 1.0,
            1.0 -1.8394570667640468e-16 -6.916886743203448e-18,
            1.0 -1.8394570667640468e-16 -6.916886743203448e-18,
            0.0 -0.0 1.0,
            0.9238795325112872 -0.3826834323650889 0.0,
            0.9238795325112872 -0.3826834323650889 0.0,
            0.0 -0.0 1.0,
            0.7071067811865479 -0.707106781186547 2.932759979118269e-17,
            0.7071067811865479 -0.707106781186547 2.932759979118269e-17,
            0.0 -0.0 1.0,
            0.3826834323650895 -0.9238795325112868 9.877314269294541e-17,
            0.3826834323650895 -0.9238795325112868 9.877314269294541e-17,
            0.0 -0.0 1.0,
            0.0 -1.0 1.3889108580352549e-16,
            0.0 -1.0 1.3889108580352549e-16,
            0.0 -0.0 1.0,
            -0.3826834323650895 -0.9238795325112868 9.877314269294541e-17,
            -0.3826834323650895 -0.9238795325112868 9.877314269294541e-17,
            0.0 -0.0 1.0,
            -0.7071067811865479 -0.707106781186547 2.932759979118269e-17,
            -0.7071067811865479 -0.707106781186547 2.932759979118269e-17,
            0.0 -0.0 1.0,
            -0.9238795325112872 -0.3826834323650889 0.0,
            -0.9238795325112872 -0.3826834323650889 0.0,
            0.0 -0.0 1.0,
            -1.0 0.0 0.0,
            -1.0 0.0 0.0,
            0.0 -0.0 1.0,
            -0.9238795325112872 0.3826834323650889 0.0,
            -0.9238795325112872 0.3826834323650889 0.0,
            0.0 -0.0 1.0,
            -0.7071067811865479 0.707106781186547 -2.932759979118269e-17,
            -0.7071067811865479 0.707106781186547 -2.932759979118269e-17,
            0.0 -0.0 1.0,
            -0.3826834323650895 0.9238795325112868 -9.877314269294541e-17,
            -0.3826834323650895 0.9238795325112868 -9.877314269294541e-17,
            0.0 -0.0 1.0,
            0.0 1.0 -1.3889108580352549e-16,
            0.0 1.0 -1.3889108580352549e-16,
            0.0 -0.0 1.0,
            0.3826834323650895 0.9238795325112868 -9.877314269294541e-17,
            0.3826834323650895 0.9238795325112868 -9.877314269294541e-17,
            0.0 -0.0 1.0,
            0.7071067811865477 0.7071067811865475 -4.869488267215243e-17,
            0.7071067811865477 0.7071067811865475 -4.869488267215243e-17,
            0.0 -0.0 1.0,
            0.923879532511287 0.3826834323650892 -2.628416962417319e-17,
            0.923879532511287 0.3826834323650892 -2.628416962417319e-17,
            0.0 -0.0 -1.0,
            1.0 -1.8394570667640468e-16 -6.916886743203448e-18,
            1.0 -1.8394570667640468e-16 -6.916886743203448e-18,
            0.0 -0.0 -1.0,
            0.9238795325112872 -0.3826834323650889 0.0,
            0.9238795325112872 -0.3826834323650889 0.0,
            0.0 -0.0 -1.0,
            0.7071067811865479 -0.707106781186547 2.932759979118269e-17,
            0.7071067811865479 -0.707106781186547 2.932759979118269e-17,
            0.0 -0.0 -1.0,
            0.3826834323650895 -0.9238795325112868 9.877314269294541e-17,
            0.3826834323650895 -0.9238795325112868 9.877314269294541e-17,
            0.0 -0.0 -1.0,
            0.0 -1.0 1.3889108580352549e-16,
            0.0 -1.0 1.3889108580352549e-16,
            0.0 -0.0 -1.0,
            -0.3826834323650895 -0.9238795325112868 9.877314269294541e-17,
            -0.3826834323650895 -0.9238795325112868 9.877314269294541e-17,
            0.0 -0.0 -1.0,
            -0.7071067811865479 -0.707106781186547 2.932759979118269e-17,
            -0.7071067811865479 -0.707106781186547 2.932759979118269e-17,
            0.0 -0.0 -1.0,
            -0.9238795325112872 -0.3826834323650889 0.0,
            -0.9238795325112872 -0.3826834323650889 0.0,
            0.0 -0.0 -1.0,
            -1.0 0.0 0.0,
            -1.0 0.0 0.0,
            0.0 -0.0 -1.0,
            -0.9238795325112872 0.3826834323650889 0.0,
            -0.9238795325112872 0.3826834323650889 0.0,
            0.0 -0.0 -1.0,
            -0.7071067811865479 0.707106781186547 -2.932759979118269e-17,
            -0.7071067811865479 0.707106781186547 -2.932759979118269e-17,
            0.0 -0.0 -1.0,
            -0.3826834323650895 0.9238795325112868 -9.877314269294541e-17,
            -0.3826834323650895 0.9238795325112868 -9.877314269294541e-17,
            0.0 -0.0 -1.0,
            0.0 1.0 -1.3889108580352549e-16,
            0.0 1.0 -1.3889108580352549e-16,
            0.0 -0.0 -1.0,
            0.3826834323650895 0.9238795325112868 -9.877314269294541e-17,
            0.3826834323650895 0.9238795325112868 -9.877314269294541e-17,
            0.0 -0.0 -1.0,
            0.7071067811865477 0.7071067811865475 -4.869488267215243e-17,
            0.7071067811865477 0.7071067811865475 -4.869488267215243e-17,
            0.0 -0.0 -1.0,
            0.923879532511287 0.3826834323650892 -2.628416962417319e-17,
            0.923879532511287 0.3826834323650892 -2.628416962417319e-17 ]
        }
        normalIndex [
          2, 5, 53, 50, -1,
          0, 45, 42, 39, 36, 33, 30, 27, 24, 21, 18, 15, 12, 9, 6, 3, -1,
          1, 49, 94, 46, -1,
          4, 8, 56, 52, -1,
          7, 11, 59, 55, -1,
          10, 14, 62, 58, -1,
          13, 17, 65, 61, -1,
          16, 20, 68, 64, -1,
          19, 23, 71, 67, -1,
          22, 26, 74, 70, -1,
          25, 29, 77, 73, -1,
          28, 32, 80, 76, -1,
          31, 35, 83, 79, -1,
          34, 38, 86, 82, -1,
          37, 41, 89, 85, -1,
          40, 44, 92, 88, -1,
          43, 47, 95, 91, -1,
          48, 51, 54, 57, 60, 63, 66, 69, 72, 75, 78, 81, 84, 87, 90, 93, -1 ]
      }
    }
    ,
    Shape {
      appearance Appearance {
        material USE body
      }
      geometry IndexedFaceSet {
        normalPerVertex TRUE
        coord Coordinate {
          point [
            -1.4716995000199447 1.1417 0.9753870067719979,
            -1.4945356402665586 1.026894970290473 0.9753870067719976,
            -1.5595674656639806 0.9295679656440357 0.9753870067719976,
            -1.656894470310418 0.864536140246614 0.9753870067719976,
            -1.771699500019945 0.8417 0.9753870067719976,
            -1.8865045297294718 0.864536140246614 0.9753870067719976,
            -1.983831534375909 0.9295679656440357 0.9753870067719976,
            -2.0488633597733306 1.026894970290473 0.9753870067719979,
            -2.0716995000199447 1.1417 0.9753870067719976,
            -2.0488633597733306 1.2565050297095268 0.9753870067719979,
            -1.983831534375909 1.3538320343559642 0.9753870067719976,
            -1.886504529729472 1.418863859753386 0.9753870067719976,
            -1.771699500019945 1.4417 0.9753870067719976,
            -1.6568944703104178 1.418863859753386 0.9753870067719976,
            -1.5595674656639806 1.3538320343559642 0.9753870067719976,
            -1.4945356402665588 1.2565050297095273 0.9753870067719979,
            -1.4717000000398894 1.1417000000000002 0.4000000135439956,
            -1.4945361402865032 1.026894970290473 0.4000000135439956,
            -1.5595679656839252 0.9295679656440359 0.4000000135439954,
            -1.6568949703303626 0.8645361402466141 0.4000000135439954,
            -1.7717000000398895 0.8417000000000001 0.4000000135439956,
            -1.8865050297494164 0.8645361402466141 0.4000000135439956,
            -1.9838320343958535 0.9295679656440359 0.4000000135439956,
            -2.048863859793275 1.026894970290473 0.4000000135439956,
            -2.0717000000398893 1.1417 0.4000000135439954,
            -2.048863859793275 1.256505029709527 0.4000000135439956,
            -1.9838320343958535 1.3538320343559642 0.4000000135439956,
            -1.8865050297494168 1.418863859753386 0.4000000135439954,
            -1.7717000000398895 1.4417 0.4000000135439956,
            -1.6568949703303626 1.418863859753386 0.4000000135439954,
            -1.5595679656839254 1.3538320343559644 0.4000000135439954,
            -1.4945361402865034 1.2565050297095273 0.4000000135439956,
            -1.6417000010398894 1.1417 0.10000001354399557,
            -1.6515956617373015 1.0919511541752218 0.10000001354399546,
            -1.679776119192745 1.0497761191528556 0.10000001354399546,
            -1.7219511542151111 1.0215956616974122 0.10000001354399546,
            -1.7717000000398893 1.0117000010000001 0.10000001354399546,
            -1.8214488458646676 1.0215956616974122 0.10000001354399546,
            -1.8636238808870338 1.0497761191528556 0.10000001354399546,
            -1.891804338342477 1.0919511541752218 0.10000001354399568,
            -1.9016999990398895 1.1417 0.10000001354399546,
            -1.891804338342477 1.1914488458247783 0.10000001354399568,
            -1.8636238808870338 1.2336238808471442 0.10000001354399546,
            -1.8214488458646678 1.2618043383025876 0.10000001354399546,
            -1.7717000000398893 1.271699999 0.10000001354399546,
            -1.7219511542151111 1.2618043383025876 0.10000001354399535,
            -1.679776119192745 1.2336238808471445 0.10000001354399546,
            -1.6515956617373015 1.1914488458247783 0.10000001354399568,
            -1.498746382080022 1.0369966296545554 0.9880535110571662,
            -1.4762571741162822 1.1507461068821137 1.0040839852731476,
            -1.498746382080022 1.263118396340034 1.027924879449281,
            -1.5627902279239394 1.3570058356156864 1.0559466335654935,
            -1.658638616677206 1.4181149131711117 1.083883189575426,
            -1.7716995000199451 1.4371423259036624 1.1074814600720768,
            -1.8847603833626845 1.411191322708734 1.1231488222911858,
            -1.9806087721159507 1.344212708576325 1.1285000623598858,
            -2.044652617959868 1.246403370345445 1.1227205024868294,
            -2.0671418259236076 1.1326538931178862 1.106690028270848,
            -2.044652617959868 1.0202816036599667 1.082849134094715,
            -1.9806087721159507 0.9263941643843134 1.0548273799785022,
            -1.8847603833626843 0.8652850868288885 1.0268908239685697,
            -1.7716995000199451 0.8462576740963377 1.0032925534719186,
            -1.6586386166772062 0.8722086772912659 0.9876251912528096,
            -1.5627902279239394 0.9391872914236753 0.9822739511841097,
            -1.5006936378773235 1.0446517529074093 1.0028122875029726,
            -1.4757624288807867 1.154609880034177 1.0342658921408034,
            -1.4937700474149458 1.2605198162980558 1.0807470197441436,
            -1.5519749967974434 1.3462577339788302 1.135179339987854,
            -1.6415161011139734 1.3987708123257643 1.1892760255450434,
            -1.748761538924477 1.410064411192777 1.2348013464273042,
            -1.8573841645046196 1.3784191825290941 1.2648244852183748,
            -1.9508471677763763 1.30865282553405 1.2747746911977438,
            -2.0149216537358576 1.2113866356265377 1.263137135703896,
            -2.0398528627323946 1.1014285084997697 1.2316835310660652,
            -2.021845244198235 0.9955185722358919 1.1852024034627258,
            -1.963640294815738 0.9097806545551165 1.1307700832190142,
            -1.874099190499208 0.8572675762081825 1.0766733976618252,
            -1.7668537526887045 0.8459739773411699 1.0311480767795642,
            -1.6582311271085624 0.8776192060048525 1.001124937988494,
            -1.5647681238368052 0.9473855629998972 0.9911747320091244,
            -1.502218929526759 1.042198407556338 1.0183299690805094,
            -1.4689719551966793 1.1450241625310653 1.063309819677646,
            -1.475563681235586 1.2412537257805378 1.1296280257195197,
            -1.5209905771082008 1.3162370186231838 1.207188241512288,
            -1.5983368097137538 1.3585585144489551 1.2841826272866115,
            -1.695827116283395 1.3617751491636925 1.3488894857641924,
            -1.7986194813937262 1.3253972192909427 1.3914577843109535,
            -1.8910646992718088 1.2549629348870774 1.4054068853557358,
            -1.9590888235136918 1.1611952772642062 1.3886131647133892,
            -1.9923357978437717 1.0583695222894784 1.3436333141162526,
            -1.9857440718048642 0.9621399590400067 1.2773151080743799,
            -1.9403171759322504 0.8871566661973598 1.1997548922816101,
            -1.8629709433266972 0.8448351703715886 1.1227605065072876,
            -1.7654806367570561 0.8416185356568515 1.0580536480297065,
            -1.6626882716467253 0.8779964655296011 1.0154853494829457,
            -1.5702430537686427 0.9484307499334667 1.0015362484381625,
            -1.501141346144327 1.0370877169062314 1.033225052655371,
            -1.4576068846867487 1.1305406485267526 1.088659558020686,
            -1.4498557100465788 1.2137922328585007 1.1705788911839878,
            -1.4790678682982106 1.274168170864455 1.266511576271767,
            -1.5407960731567059 1.3024767732924527 1.3618527316113664,
            -1.6256427649999299 1.2944083120409502 1.4420875305720564,
            -1.7206908041319289 1.2511911371947049 1.4950009523423364,
            -1.8114699882074756 1.1794046718593933 1.5125374081190432,
            -1.884160009366421 1.0899777546363865 1.4920271314785418,
            -1.9276944708239994 0.9965248230158644 1.4365926261132271,
            -1.9354456454641682 0.9132732386841174 1.354673292949926,
            -1.9062334872125377 0.8528973006781623 1.2587406078621455,
            -1.8445052823540422 0.8245886982501647 1.1633994525225468,
            -1.7596585905108182 0.8326571595016673 1.0831646535618569,
            -1.6646105513788196 0.8758743343479124 1.0302512317915768,
            -1.5738313673032729 0.9476607996832245 1.0127147760148694,
            -1.4976870305447711 1.029468165011788 1.046609894538481,
            -1.4425161459500668 1.1118752357768424 1.1087945576711975,
            -1.4183633556014137 1.1796368985578 1.2011346027410499,
            -1.428905702883805 1.22243705445726 1.3095720949507448,
            -1.4725382109901117 1.2337597677239114 1.417598409099672,
            -1.54261822609082 1.2118812579035567 1.508767518119633,
            -1.628476701163766 1.1601323297871593 1.5691997516123701,
            -1.7170424616881081 1.0863912885752405 1.5896948498481747,
            -1.794832173474633 1.00188453932811 1.5671326199091744,
            -1.8500030580693374 0.9194774685630549 1.5049479567764579,
            -1.8741558484179892 0.8517158057820982 1.412607911706606,
            -1.8636135011355994 0.8089156498826376 1.3041704194969101,
            -1.8199809930292925 0.7975929366159864 1.1961441053479838,
            -1.7499009779285841 0.8194714464363411 1.1049749963280227,
            -1.6640425028556387 0.8712203745527383 1.0445427628352852,
            -1.5754767423312965 0.9449614157646576 1.0240476645994803,
            -1.4922260085941206 1.0196401178302992 1.0576882783295511,
            -1.4247742127727836 1.089996986590922 1.1225099599387585,
            -1.3831540157090523 1.140694516902546 1.219459450729823,
            -1.3737017151178552 1.1640144693494796 1.3337770695791265,
            -1.397856338078882 1.1564065925675757 1.4480589953086593,
            -1.4519405622085195 1.119029116831303 1.5449068406943358,
            -1.527720554657743 1.0575724239938469 1.609576399204091,
            -1.6136594985235004 0.9813927384334045 1.6322223167858225,
            -1.6966739686406958 0.9020877267059814 1.6093969577734666,
            -1.7641257644620327 0.8317308579453577 1.5445752761642593,
            -1.8057459615257625 0.7810333276337348 1.4476257853731949,
            -1.8151982621169616 0.7577133751868005 1.3333081665238906,
            -1.7910436391559343 0.7653212519687045 1.2190262407943586,
            -1.7369594150262968 0.8026987277049775 1.1221783954086821,
            -1.6611794225770737 0.8641554205424332 1.057508836898927,
            -1.5752404787113161 0.9403351061028764 1.0348629193171948,
            -1.4852497885158849 1.008037639612185 1.0658036164116957,
            -1.4056160574368082 1.0660694625605642 1.1289895368978422,
            -1.346520107725834 1.0991616810684175 1.2244581597534958,
            -1.3169587620203413 1.1022763048496296 1.3376752525741034,
            -1.3214324672297233 1.0749391606676482 1.451404539293231,
            -1.359260142290091 1.0213120809123497 1.5483317669664423,
            -1.424682866582232 0.9495593023457892 1.613700643827997,
            -1.5077406233911403 0.8706045350641702 1.637559350946068,
            -1.5957886221630992 0.7964679266593689 1.616275616441648,
            -1.6754223532421757 0.7384361037109891 1.553089695955502,
            -1.7345183029531486 0.7053438852031366 1.4576210730998485,
            -1.7640796486586434 0.7022292614219242 1.3444039802792402,
            -1.7596059434492608 0.7295664056039055 1.2306746935601134,
            -1.721778268388893 0.7831934853592042 1.1337474658869022,
            -1.6563555440967526 0.8549462639257643 1.0683785890253477,
            -1.5732977872878442 0.9339010312073842 1.0445198819072758 ]
        }
        coordIndex [
          0, 1, 17, 16, -1,
          0, 15, 50, 49, -1,
          0, 16, 31, 15, -1,
          0, 49, 48, 1, -1,
          1, 2, 18, 17, -1,
          1, 48, 63, 2, -1,
          2, 3, 19, 18, -1,
          2, 63, 62, 3, -1,
          3, 4, 20, 19, -1,
          3, 62, 61, 4, -1,
          4, 5, 21, 20, -1,
          4, 61, 60, 5, -1,
          5, 6, 22, 21, -1,
          5, 60, 59, 6, -1,
          6, 7, 23, 22, -1,
          6, 59, 58, 7, -1,
          7, 8, 24, 23, -1,
          7, 58, 57, 8, -1,
          8, 9, 25, 24, -1,
          8, 57, 56, 9, -1,
          9, 10, 26, 25, -1,
          9, 56, 55, 10, -1,
          10, 11, 27, 26, -1,
          10, 55, 54, 11, -1,
          11, 12, 28, 27, -1,
          11, 54, 53, 12, -1,
          12, 13, 29, 28, -1,
          12, 53, 52, 13, -1,
          13, 14, 30, 29, -1,
          13, 52, 51, 14, -1,
          14, 15, 31, 30, -1,
          14, 51, 50, 15, -1,
          16, 17, 33, 32, -1,
          16, 32, 47, 31, -1,
          17, 18, 34, 33, -1,
          18, 19, 35, 34, -1,
          19, 20, 36, 35, -1,
          20, 21, 37, 36, -1,
          21, 22, 38, 37, -1,
          22, 23, 39, 38, -1,
          23, 24, 40, 39, -1,
          24, 25, 41, 40, -1,
          25, 26, 42, 41, -1,
          26, 27, 43, 42, -1,
          27, 28, 44, 43, -1,
          28, 29, 45, 44, -1,
          29, 30, 46, 45, -1,
          30, 31, 47, 46, -1,
          32, 33, 34, 35, 36, 37, 38, 39, 40, 41, 42, 43, 44, 45, 46, 47, -1,
          48, 49, 65, 64, -1,
          48, 64, 79, 63, -1,
          49, 50, 66, 65, -1,
          50, 51, 67, 66, -1,
          51, 52, 68, 67, -1,
          52, 53, 69, 68, -1,
          53, 54, 70, 69, -1,
          54, 55, 71, 70, -1,
          55, 56, 72, 71, -1,
          56, 57, 73, 72, -1,
          57, 58, 74, 73, -1,
          58, 59, 75, 74, -1,
          59, 60, 76, 75, -1,
          60, 61, 77, 76, -1,
          61, 62, 78, 77, -1,
          62, 63, 79, 78, -1,
          64, 65, 81, 80, -1,
          64, 80, 95, 79, -1,
          65, 66, 82, 81, -1,
          66, 67, 83, 82, -1,
          67, 68, 84, 83, -1,
          68, 69, 85, 84, -1,
          69, 70, 86, 85, -1,
          70, 71, 87, 86, -1,
          71, 72, 88, 87, -1,
          72, 73, 89, 88, -1,
          73, 74, 90, 89, -1,
          74, 75, 91, 90, -1,
          75, 76, 92, 91, -1,
          76, 77, 93, 92, -1,
          77, 78, 94, 93, -1,
          78, 79, 95, 94, -1,
          80, 81, 97, 96, -1,
          80, 96, 111, 95, -1,
          81, 82, 98, 97, -1,
          82, 83, 99, 98, -1,
          83, 84, 100, 99, -1,
          84, 85, 101, 100, -1,
          85, 86, 102, 101, -1,
          86, 87, 103, 102, -1,
          87, 88, 104, 103, -1,
          88, 89, 105, 104, -1,
          89, 90, 106, 105, -1,
          90, 91, 107, 106, -1,
          91, 92, 108, 107, -1,
          92, 93, 109, 108, -1,
          93, 94, 110, 109, -1,
          94, 95, 111, 110, -1,
          96, 97, 113, 112, -1,
          96, 112, 127, 111, -1,
          97, 98, 114, 113, -1,
          98, 99, 115, 114, -1,
          99, 100, 116, 115, -1,
          100, 101, 117, 116, -1,
          101, 102, 118, 117, -1,
          102, 103, 119, 118, -1,
          103, 104, 120, 119, -1,
          104, 105, 121, 120, -1,
          105, 106, 122, 121, -1,
          106, 107, 123, 122, -1,
          107, 108, 124, 123, -1,
          108, 109, 125, 124, -1,
          109, 110, 126, 125, -1,
          110, 111, 127, 126, -1,
          112, 113, 129, 128, -1,
          112, 128, 143, 127, -1,
          113, 114, 130, 129, -1,
          114, 115, 131, 130, -1,
          115, 116, 132, 131, -1,
          116, 117, 133, 132, -1,
          117, 118, 134, 133, -1,
          118, 119, 135, 134, -1,
          119, 120, 136, 135, -1,
          120, 121, 137, 136, -1,
          121, 122, 138, 137, -1,
          122, 123, 139, 138, -1,
          123, 124, 140, 139, -1,
          124, 125, 141, 140, -1,
          125, 126, 142, 141, -1,
          126, 127, 143, 142, -1,
          128, 129, 145, 144, -1,
          128, 144, 159, 143, -1,
          129, 130, 146, 145, -1,
          130, 131, 147, 146, -1,
          131, 132, 148, 147, -1,
          132, 133, 149, 148, -1,
          133, 134, 150, 149, -1,
          134, 135, 151, 150, -1,
          135, 136, 152, 151, -1,
          136, 137, 153, 152, -1,
          137, 138, 154, 153, -1,
          138, 139, 155, 154, -1,
          139, 140, 156, 155, -1,
          140, 141, 157, 156, -1,
          141, 142, 158, 157, -1,
          142, 143, 159, 158, -1,
          144, 145, 146, 147, 148, 149, 150, 151, 152, 153, 154, 155, 156, 157, 158, 159, -1 ]
        normal Normal {
          vector [
            0.8462027899674404 -0.3582173397560805 0.39448849888101534,
            0.9950371624535265 -0.010091397732452942 0.09899095427482112,
            0.9209127116271948 0.3896804248446393 -0.008303255767990321,
            0.697127987615938 0.7169195124991496 0.006243515078396449,
            0.3710702562416745 0.926519487733838 0.06219729722555932,
            -0.00886154888405824 0.9925027529780092 0.12190060821196987,
            -0.38676002192171144 0.9073213360270518 0.16487776876584395,
            -0.7062103318474278 0.6847585121224733 0.17992428204042551,
            -0.918997684984498 0.35878516307439545 0.16345171076135318,
            -0.9926319900771972 -0.021390668208187115 0.11926513148858911,
            -0.9150687813942127 -0.39899532035458324 0.0587525289060326,
            -0.6955929422641636 -0.7184317221791191 0.0025138096644525755,
            -0.3617266886320274 -0.9322102643923894 -0.011739918772272482,
            0.03981680527844116 -0.9945436041330672 0.09642427855798379,
            0.3825568849389415 -0.8360577799324548 0.3932653282457384,
            0.5875501588236249 -0.5715669309766752 0.5727966954166529,
            0.9049603426683163 -0.3985422552609347 0.14903304656743596,
            0.9955802923769161 0.0029440398020903905 -0.09386806730905853,
            0.9061676074218774 0.4097065685192682 -0.10488467462635573,
            0.6916175998722636 0.722217133867417 0.008216270155184028,
            0.38237096594837483 0.9107191215553196 0.15615097192529337,
            0.019348460234463002 0.9564591142778722 0.29122431183083525,
            -0.34587167878749797 0.856458121073701 0.38321308518841507,
            -0.6594652706694021 0.6273431377907965 0.4141812939374858,
            -0.8742337903451037 0.30419616225150653 0.37839129838077434,
            -0.9570605902759076 -0.06451220599090787 0.28261847395193074,
            -0.8935209807182075 -0.4246497846119458 0.14592058609188988,
            -0.6884000227983791 -0.7253312302688384 1.2250667166667143e-4,
            -0.3610652229605884 -0.9268054514286249 -0.10326451457593486,
            0.05654298381891323 -0.9962833581063902 -0.06497969945381651,
            0.4407840569072104 -0.8754531276364068 0.19822017174862483,
            0.676132952218186 -0.6456955591875301 0.3548541612694193,
            0.9077300803368319 -0.4056554098120002 -0.10709710426499319,
            0.9596166208416119 0.03407362372805539 -0.2792399132834792,
            0.8807791646452761 0.4318909289816283 -0.19416047123489358,
            0.6974645566955251 0.7165477125062648 0.010127578958177487,
            0.4231832711338842 0.8734185813994503 0.24094792113358704,
            0.09010336579546534 0.8918924782041343 0.44318076537144097,
            -0.2559604917495069 0.7744378957863147 0.5785587024956204,
            -0.5645633415894209 0.54087765667918 0.6234738116702465,
            -0.7893435140319679 0.22707119671329498 0.5704169426646236,
            -0.895384416765011 -0.12024209505364064 0.4287523583509393,
            -0.8639049693292696 -0.45108796604463597 0.2240264512460686,
            -0.6927321568657663 -0.721189669277816 -0.002760393279584097,
            -0.39033602082640695 -0.9009241302876794 -0.18966681921410297,
            0.03035838025157985 -0.9740802546806249 -0.22415625396100283,
            0.4533259452242613 -0.8913211145998209 -0.00650061959071533,
            0.7149213062966422 -0.6896517665421086 0.11518666028864526,
            0.8633929299679778 -0.3808953756451825 -0.3308645663914856,
            0.8983124960161479 0.08204547089415477 -0.4316285442449268,
            0.847217858950926 0.4590451473216432 -0.26739381480329655,
            0.7102069781999371 0.703903107049067 0.011245621493886415,
            0.4842954804183271 0.8183092231696206 0.30956082265350326,
            0.19141671660425474 0.8013850951049171 0.5666935414738105,
            -0.12978035163532553 0.662206779635115 0.7379967759649777,
            -0.43305659767522153 0.4243954185091389 0.7952046981491081,
            -0.6729575357814175 0.12456961240495966 0.7291162916162828,
            -0.812086286841242 -0.1928674131452952 0.5507431558095351,
            -0.8260714986928612 -0.4831367112593344 0.29014616537332466,
            -0.7044265833300456 -0.7097538404344602 -0.005716177612109806,
            -0.444007062519837 -0.8543017708626762 -0.2702336262077703,
            -0.03780792246488537 -0.9203574618526122 -0.3892463274214755,
            0.4184506138465307 -0.8766511233357529 -0.2374487138849654,
            0.7029625789598515 -0.6991763602198968 -0.1303688225450083,
            0.7822094771891265 -0.31765469001343055 -0.535951333339124,
            0.8133262560844077 0.15575052597326178 -0.5605730771476389,
            0.802461585441523 0.4985036687249857 -0.32794739846263005,
            0.7225657287156261 0.6912564555121575 0.007954897763317764,
            0.5545510046487617 0.752122594607983 0.3560685129623293,
            0.3095836871198181 0.6908049540352026 0.6534113988519945,
            0.018364162754389877 0.5239945754115204 0.8515236006509924,
            -0.2776923947461685 0.27986205178488727 0.9190017224526248,
            -0.5342913359787607 -0.003932595260307326 0.8452912533515,
            -0.711381908964644 -0.2855728691377556 0.6421712513109328,
            -0.778472054351038 -0.5261801318871386 0.3422217547171835,
            -0.7161039816362833 -0.6979784809644822 -0.004596476386919684,
            -0.5092346197745535 -0.7943974306223163 -0.3310782751008106,
            -0.13155075074777783 -0.8387832485548057 -0.5283342331531654,
            0.34505302132432963 -0.8221002864924302 -0.45286811703189694,
            0.6489058692044412 -0.6659159918078854 -0.36807209180614175,
            0.6690944207684695 -0.2197618291534066 -0.7099418247600681,
            0.7098028136413712 0.2507268188100345 -0.6582674441867782,
            0.7492198076192508 0.5478777459790438 -0.3721554182487409,
            0.7337926319350198 0.6793733632079848 4.546222037920105e-4,
            0.6296967020016321 0.6788655139851173 0.37765550096614536,
            0.4374506635876824 0.5668463758756609 0.698084595936141,
            0.1795046516107565 0.36816839890817676 0.9122664687992706,
            -0.10787619944134914 0.11602734399499162 0.9873704375965274,
            -0.3817395144843552 -0.1506561360440939 0.9119088067090438,
            -0.5993677432506841 -0.3927462431170389 0.6975017540250589,
            -0.7239882202037955 -0.5776124574280586 0.37710065768977363,
            -0.7270574233020476 -0.6865764497412284 5.309257176591253e-4,
            -0.5820699347548216 -0.7248376095134682 -0.3685173413685152,
            -0.24519508404895124 -0.7342959694874355 -0.6329998419847631,
            0.2375765245882901 -0.7309710126452573 -0.6397177296565388,
            0.5560236720494542 -0.591884183595023 -0.5835330233420334,
            0.6791666750807679 -0.39245459944792277 -0.6202515738246096,
            0.7862302251025426 -0.060802177003427195 -0.6149350603168182,
            0.9015400085025588 0.16867179293355128 -0.3984663591042377,
            0.9612072505872464 0.2660023735899698 -0.07296135047412766,
            0.9279271453188025 0.24427012450957158 0.28157293771343933,
            0.7934496022824236 0.11786805277766156 0.5971137670262393,
            0.5737855303394639 -0.08763467586111419 0.8143035851325827,
            0.3044606342441311 -0.3344005852839351 0.891896838629571,
            0.03268282285335302 -0.5781210297011242 0.8152962088147155,
            -0.1924939184568213 -0.7767746767439486 0.5996392189696008,
            -0.3296141142954049 -0.8996017427226953 0.286480784953451,
            -0.3504870441309721 -0.9343317421940956 -0.06467632816479442,
            -0.2373095713753589 -0.8923332290881137 -0.3839603828506571,
            0.025965732081240797 -0.81413878034954 -0.580089499205466,
            0.36322567299660474 -0.7428985654144509 -0.5622889221577413,
            0.5730488488047645 -0.6315977168583101 -0.5222062245348136,
            0.9999999999996224 7.357828267056081e-16 -8.690150291117296e-7,
            0.9999999999996224 7.357828267056081e-16 -8.690150291117296e-7,
            0.9824700453407977 -0.00901196564786414 0.18620256304146965,
            0.9824700453407977 -0.00901196564786414 0.18620256304146965,
            0.9238795325109849 -0.3826834323649762 -8.028651988347485e-7,
            0.9238795325109849 -0.3826834323649762 -8.028651988347485e-7,
            0.8036301333600251 -0.3280107342363868 0.49657584212429684,
            0.8036301333600251 -0.3280107342363868 0.49657584212429684,
            0.7071067811864029 -0.7071067811864251 -6.144864200839914e-7,
            0.7071067811864029 -0.7071067811864251 -6.144864200839914e-7,
            0.5290215224117879 -0.5219643854866611 0.6690959640504838,
            0.5290215224117879 -0.5219643854866611 0.6690959640504838,
            0.382683432365059 -0.9238795325112397 -3.325576542667751e-7,
            0.382683432365059 -0.9238795325112397 -3.325576542667751e-7,
            0.3393799862643251 -0.7989971589892397 0.49641189031926913,
            0.3393799862643251 -0.7989971589892397 0.49641189031926913,
            1.4149669744339025e-17 -1.0 -1.9367398246258578e-16,
            1.4149669744339025e-17 -1.0 -1.9367398246258578e-16,
            0.023667744413941202 -0.9822403038805081 0.1861285128804385,
            0.023667744413941202 -0.9822403038805081 0.1861285128804385,
            -0.3826834323650595 -0.9238795325112394 3.325576538269058e-7,
            -0.3826834323650595 -0.9238795325112394 3.325576538269058e-7,
            -0.3673702709661304 -0.9292931417991166 0.03812270472302532,
            -0.3673702709661304 -0.9292931417991166 0.03812270472302532,
            -0.7071067811864044 -0.7071067811864236 6.144864197261884e-7,
            -0.7071067811864044 -0.7071067811864236 6.144864197261884e-7,
            -0.7012882936467199 -0.7128635023117859 0.004511791866483778,
            -0.7012882936467199 -0.7128635023117859 0.004511791866483778,
            -0.923879532510985 -0.3826834323649761 8.028651986082488e-7,
            -0.923879532510985 -0.3826834323649761 8.028651986082488e-7,
            -0.9222245821275796 -0.38641586790622146 0.013586653373538026,
            -0.9222245821275796 -0.38641586790622146 0.013586653373538026,
            -0.9999999999996225 -9.904768821037037e-17 8.690150289393937e-7,
            -0.9999999999996225 -9.904768821037037e-17 8.690150289393937e-7,
            -0.9994107094436802 -0.0033456658845722217 0.034161972558224334,
            -0.9994107094436802 -0.0033456658845722217 0.034161972558224334,
            -0.9238795325109851 0.382683432364976 8.028651987395528e-7,
            -0.9238795325109851 0.382683432364976 8.028651987395528e-7,
            -0.9245221355047369 0.37765661317534316 0.051325466258867754,
            -0.9245221355047369 0.37765661317534316 0.051325466258867754,
            -0.7071067811864051 0.7071067811864228 6.144864200150585e-7,
            -0.7071067811864051 0.7071067811864228 6.144864200150585e-7,
            -0.7112662100032348 0.700543310747057 0.057787959603939926,
            -0.7112662100032348 0.700543310747057 0.057787959603939926,
            -0.3826834323650602 0.9238795325112391 3.325576541206998e-7,
            -0.3826834323650602 0.9238795325112391 3.325576541206998e-7,
            -0.3916681368144031 0.9186740388160226 0.051323298898171076,
            -0.3916681368144031 0.9186740388160226 0.051323298898171076,
            2.2639471590942435e-16 1.0 1.6411077839160296e-18,
            2.2639471590942435e-16 1.0 1.6411077839160296e-18,
            -0.011883336226380296 0.9993457391795604 0.034159623882425535,
            -0.011883336226380296 0.9993457391795604 0.034159623882425535,
            0.3826834323650592 0.9238795325112397 -3.3255765408951457e-7,
            0.3826834323650592 0.9238795325112397 -3.3255765408951457e-7,
            0.3722794461235425 0.928021251385738 0.013585689912450873,
            0.3722794461235425 0.928021251385738 0.013585689912450873,
            0.7071067811864031 0.7071067811864249 -6.144864199559709e-7,
            0.7071067811864031 0.7071067811864249 -6.144864199559709e-7,
            0.7020515675900242 0.712111816709136 0.004511867418667894,
            0.7020515675900242 0.712111816709136 0.004511867418667894,
            0.9238795325109846 0.38268343236497704 -8.028651987674548e-7,
            0.9238795325109846 0.38268343236497704 -8.028651987674548e-7,
            0.9235906531918404 0.38147914000926836 0.038130972639817455,
            0.9235906531918404 0.38147914000926836 0.038130972639817455,
            0.9999999999996224 7.357828267056081e-16 -8.690150291117296e-7,
            0.9999999999996224 7.357828267056081e-16 -8.690150291117296e-7,
            0.8700221846046783 8.027919080485711e-16 -0.4930125741760581,
            0.8700221846046783 8.027919080485711e-16 -0.4930125741760581,
            0.9238795325109849 -0.3826834323649762 -8.028651988347485e-7,
            0.9238795325109849 -0.3826834323649762 -8.028651988347485e-7,
            0.8037956891870187 -0.3329430758382914 -0.4930125741760583,
            0.8037956891870187 -0.3329430758382914 -0.4930125741760583,
            0.7071067811864029 -0.7071067811864251 -6.144864200839914e-7,
            0.7071067811864029 -0.7071067811864251 -6.144864200839914e-7,
            0.6151985865167019 -0.6151985865167027 -0.493012574176058,
            0.6151985865167019 -0.6151985865167027 -0.493012574176058,
            0.382683432365059 -0.9238795325112397 -3.325576542667751e-7,
            0.382683432365059 -0.9238795325112397 -3.325576542667751e-7,
            0.33294307583829147 -0.8037956891870188 -0.493012574176058,
            0.33294307583829147 -0.8037956891870188 -0.493012574176058,
            1.4149669744339025e-17 -1.0 -1.9367398246258578e-16,
            1.4149669744339025e-17 -1.0 -1.9367398246258578e-16,
            -1.54924754184812e-16 -0.8700221846046784 -0.4930125741760578,
            -1.54924754184812e-16 -0.8700221846046784 -0.4930125741760578,
            -0.3826834323650595 -0.9238795325112394 3.325576538269058e-7,
            -0.3826834323650595 -0.9238795325112394 3.325576538269058e-7,
            -0.33294307583829197 -0.8037956891870187 -0.493012574176058,
            -0.33294307583829197 -0.8037956891870187 -0.493012574176058,
            -0.7071067811864044 -0.7071067811864236 6.144864197261884e-7,
            -0.7071067811864044 -0.7071067811864236 6.144864197261884e-7,
            -0.6151985865167032 -0.6151985865167013 -0.4930125741760579,
            -0.6151985865167032 -0.6151985865167013 -0.4930125741760579,
            -0.923879532510985 -0.3826834323649761 8.028651986082488e-7,
            -0.923879532510985 -0.3826834323649761 8.028651986082488e-7,
            -0.8037956891870184 -0.3329430758382931 -0.4930125741760577,
            -0.8037956891870184 -0.3329430758382931 -0.4930125741760577,
            -0.9999999999996225 -9.904768821037037e-17 8.690150289393937e-7,
            -0.9999999999996225 -9.904768821037037e-17 8.690150289393937e-7,
            -0.8700221846046782 -2.112610284338347e-16 -0.49301257417605826,
            -0.8700221846046782 -2.112610284338347e-16 -0.49301257417605826,
            -0.9238795325109851 0.382683432364976 8.028651987395528e-7,
            -0.9238795325109851 0.382683432364976 8.028651987395528e-7,
            -0.8037956891870183 0.33294307583829313 -0.49301257417605787,
            -0.8037956891870183 0.33294307583829313 -0.49301257417605787,
            -0.7071067811864051 0.7071067811864228 6.144864200150585e-7,
            -0.7071067811864051 0.7071067811864228 6.144864200150585e-7,
            -0.6151985865167039 0.6151985865167006 -0.4930125741760582,
            -0.6151985865167039 0.6151985865167006 -0.4930125741760582,
            -0.3826834323650602 0.9238795325112391 3.325576541206998e-7,
            -0.3826834323650602 0.9238795325112391 3.325576541206998e-7,
            -0.33294307583829286 0.8037956891870179 -0.4930125741760586,
            -0.33294307583829286 0.8037956891870179 -0.4930125741760586,
            2.2639471590942435e-16 1.0 1.6411077839160296e-18,
            2.2639471590942435e-16 1.0 1.6411077839160296e-18,
            3.3801764549413527e-16 0.8700221846046783 -0.4930125741760582,
            3.3801764549413527e-16 0.8700221846046783 -0.4930125741760582,
            0.3826834323650592 0.9238795325112397 -3.3255765408951457e-7,
            0.3826834323650592 0.9238795325112397 -3.3255765408951457e-7,
            0.3329430758382913 0.8037956891870188 -0.4930125741760581,
            0.3329430758382913 0.8037956891870188 -0.4930125741760581,
            0.7071067811864031 0.7071067811864249 -6.144864199559709e-7,
            0.7071067811864031 0.7071067811864249 -6.144864199559709e-7,
            0.6151985865167018 0.6151985865167028 -0.4930125741760582,
            0.6151985865167018 0.6151985865167028 -0.4930125741760582,
            0.9238795325109846 0.38268343236497704 -8.028651987674548e-7,
            0.9238795325109846 0.38268343236497704 -8.028651987674548e-7,
            0.8037956891870186 0.33294307583829186 -0.49301257417605826,
            0.8037956891870186 0.33294307583829186 -0.49301257417605826,
            0.8700221846046783 8.027919080485711e-16 -0.4930125741760581,
            0.8700221846046783 8.027919080485711e-16 -0.4930125741760581,
            -1.0058545042378112e-16 -1.69215783479869e-17 -1.0,
            0.8037956891870187 -0.3329430758382914 -0.4930125741760583,
            0.8037956891870187 -0.3329430758382914 -0.4930125741760583,
            -1.0058545042378112e-16 -1.69215783479869e-17 -1.0,
            0.6151985865167019 -0.6151985865167027 -0.493012574176058,
            0.6151985865167019 -0.6151985865167027 -0.493012574176058,
            -1.0058545042378112e-16 -1.69215783479869e-17 -1.0,
            0.33294307583829147 -0.8037956891870188 -0.493012574176058,
            0.33294307583829147 -0.8037956891870188 -0.493012574176058,
            -1.0058545042378112e-16 -1.69215783479869e-17 -1.0,
            -1.54924754184812e-16 -0.8700221846046784 -0.4930125741760578,
            -1.54924754184812e-16 -0.8700221846046784 -0.4930125741760578,
            -1.0058545042378112e-16 -1.69215783479869e-17 -1.0,
            -0.33294307583829197 -0.8037956891870187 -0.493012574176058,
            -0.33294307583829197 -0.8037956891870187 -0.493012574176058,
            -1.0058545042378112e-16 -1.69215783479869e-17 -1.0,
            -0.6151985865167032 -0.6151985865167013 -0.4930125741760579,
            -0.6151985865167032 -0.6151985865167013 -0.4930125741760579,
            -1.0058545042378112e-16 -1.69215783479869e-17 -1.0,
            -0.8037956891870184 -0.3329430758382931 -0.4930125741760577,
            -0.8037956891870184 -0.3329430758382931 -0.4930125741760577,
            -1.0058545042378112e-16 -1.69215783479869e-17 -1.0,
            -0.8700221846046782 -2.112610284338347e-16 -0.49301257417605826,
            -0.8700221846046782 -2.112610284338347e-16 -0.49301257417605826,
            -1.0058545042378112e-16 -1.69215783479869e-17 -1.0,
            -0.8037956891870183 0.33294307583829313 -0.49301257417605787,
            -0.8037956891870183 0.33294307583829313 -0.49301257417605787,
            -1.0058545042378112e-16 -1.69215783479869e-17 -1.0,
            -0.6151985865167039 0.6151985865167006 -0.4930125741760582,
            -0.6151985865167039 0.6151985865167006 -0.4930125741760582,
            -1.0058545042378112e-16 -1.69215783479869e-17 -1.0,
            -0.33294307583829286 0.8037956891870179 -0.4930125741760586,
            -0.33294307583829286 0.8037956891870179 -0.4930125741760586,
            -1.0058545042378112e-16 -1.69215783479869e-17 -1.0,
            3.3801764549413527e-16 0.8700221846046783 -0.4930125741760582,
            3.3801764549413527e-16 0.8700221846046783 -0.4930125741760582,
            -1.0058545042378112e-16 -1.69215783479869e-17 -1.0,
            0.3329430758382913 0.8037956891870188 -0.4930125741760581,
            0.3329430758382913 0.8037956891870188 -0.4930125741760581,
            -1.0058545042378112e-16 -1.69215783479869e-17 -1.0,
            0.6151985865167018 0.6151985865167028 -0.4930125741760582,
            0.6151985865167018 0.6151985865167028 -0.4930125741760582,
            -1.0058545042378112e-16 -1.69215783479869e-17 -1.0,
            0.8037956891870186 0.33294307583829186 -0.49301257417605826,
            0.8037956891870186 0.33294307583829186 -0.49301257417605826,
            -1.0058545042378112e-16 -1.69215783479869e-17 -1.0 ]
        }
        normalIndex [
          112, 116, 180, 176, -1,
          115, 174, 2, 1, -1,
          113, 177, 237, 173, -1,
          114, 1, 0, 118, -1,
          117, 120, 184, 181, -1,
          119, 0, 15, 123, -1,
          121, 124, 188, 185, -1,
          122, 15, 14, 127, -1,
          125, 128, 192, 189, -1,
          126, 14, 13, 131, -1,
          129, 132, 196, 193, -1,
          130, 13, 12, 135, -1,
          133, 136, 200, 197, -1,
          134, 12, 11, 139, -1,
          137, 140, 204, 201, -1,
          138, 11, 10, 143, -1,
          141, 144, 208, 205, -1,
          142, 10, 9, 147, -1,
          145, 148, 212, 209, -1,
          146, 9, 8, 151, -1,
          149, 152, 216, 213, -1,
          150, 8, 7, 155, -1,
          153, 156, 220, 217, -1,
          154, 7, 6, 159, -1,
          157, 160, 224, 221, -1,
          158, 6, 5, 163, -1,
          161, 164, 228, 225, -1,
          162, 5, 4, 167, -1,
          165, 168, 232, 229, -1,
          166, 4, 3, 171, -1,
          169, 172, 236, 233, -1,
          170, 3, 2, 175, -1,
          178, 182, 243, 240, -1,
          179, 241, 286, 239, -1,
          183, 186, 246, 244, -1,
          187, 190, 249, 247, -1,
          191, 194, 252, 250, -1,
          195, 198, 255, 253, -1,
          199, 202, 258, 256, -1,
          203, 206, 261, 259, -1,
          207, 210, 264, 262, -1,
          211, 214, 267, 265, -1,
          215, 218, 270, 268, -1,
          219, 222, 273, 271, -1,
          223, 226, 276, 274, -1,
          227, 230, 279, 277, -1,
          231, 234, 282, 280, -1,
          235, 238, 285, 283, -1,
          242, 245, 248, 251, 254, 257, 260, 263, 266, 269, 272, 275, 278, 281, 284, 287, -1,
          0, 1, 17, 16, -1,
          0, 16, 31, 15, -1,
          1, 2, 18, 17, -1,
          2, 3, 19, 18, -1,
          3, 4, 20, 19, -1,
          4, 5, 21, 20, -1,
          5, 6, 22, 21, -1,
          6, 7, 23, 22, -1,
          7, 8, 24, 23, -1,
          8, 9, 25, 24, -1,
          9, 10, 26, 25, -1,
          10, 11, 27, 26, -1,
          11, 12, 28, 27, -1,
          12, 13, 29, 28, -1,
          13, 14, 30, 29, -1,
          14, 15, 31, 30, -1,
          16, 17, 33, 32, -1,
          16, 32, 47, 31, -1,
          17, 18, 34, 33, -1,
          18, 19, 35, 34, -1,
          19, 20, 36, 35, -1,
          20, 21, 37, 36, -1,
          21, 22, 38, 37, -1,
          22, 23, 39, 38, -1,
          23, 24, 40, 39, -1,
          24, 25, 41, 40, -1,
          25, 26, 42, 41, -1,
          26, 27, 43, 42, -1,
          27, 28, 44, 43, -1,
          28, 29, 45, 44, -1,
          29, 30, 46, 45, -1,
          30, 31, 47, 46, -1,
          32, 33, 49, 48, -1,
          32, 48, 63, 47, -1,
          33, 34, 50, 49, -1,
          34, 35, 51, 50, -1,
          35, 36, 52, 51, -1,
          36, 37, 53, 52, -1,
          37, 38, 54, 53, -1,
          38, 39, 55, 54, -1,
          39, 40, 56, 55, -1,
          40, 41, 57, 56, -1,
          41, 42, 58, 57, -1,
          42, 43, 59, 58, -1,
          43, 44, 60, 59, -1,
          44, 45, 61, 60, -1,
          45, 46, 62, 61, -1,
          46, 47, 63, 62, -1,
          48, 49, 65, 64, -1,
          48, 64, 79, 63, -1,
          49, 50, 66, 65, -1,
          50, 51, 67, 66, -1,
          51, 52, 68, 67, -1,
          52, 53, 69, 68, -1,
          53, 54, 70, 69, -1,
          54, 55, 71, 70, -1,
          55, 56, 72, 71, -1,
          56, 57, 73, 72, -1,
          57, 58, 74, 73, -1,
          58, 59, 75, 74, -1,
          59, 60, 76, 75, -1,
          60, 61, 77, 76, -1,
          61, 62, 78, 77, -1,
          62, 63, 79, 78, -1,
          64, 65, 81, 80, -1,
          64, 80, 95, 79, -1,
          65, 66, 82, 81, -1,
          66, 67, 83, 82, -1,
          67, 68, 84, 83, -1,
          68, 69, 85, 84, -1,
          69, 70, 86, 85, -1,
          70, 71, 87, 86, -1,
          71, 72, 88, 87, -1,
          72, 73, 89, 88, -1,
          73, 74, 90, 89, -1,
          74, 75, 91, 90, -1,
          75, 76, 92, 91, -1,
          76, 77, 93, 92, -1,
          77, 78, 94, 93, -1,
          78, 79, 95, 94, -1,
          80, 81, 97, 96, -1,
          80, 96, 111, 95, -1,
          81, 82, 98, 97, -1,
          82, 83, 99, 98, -1,
          83, 84, 100, 99, -1,
          84, 85, 101, 100, -1,
          85, 86, 102, 101, -1,
          86, 87, 103, 102, -1,
          87, 88, 104, 103, -1,
          88, 89, 105, 104, -1,
          89, 90, 106, 105, -1,
          90, 91, 107, 106, -1,
          91, 92, 108, 107, -1,
          92, 93, 109, 108, -1,
          93, 94, 110, 109, -1,
          94, 95, 111, 110, -1,
          96, 97, 98, 99, 100, 101, 102, 103, 104, 105, 106, 107, 108, 109, 110, 111, -1 ]
      }
    }

  ]
}

DEF Cylinder1 Transform {
  children [
    Shape {
      appearance Appearance {
        material USE body
      }
      geometry IndexedFaceSet {
        normalPerVertex TRUE
        coord Coordinate {
          point [
            2.4399999999691873 0.94 2.5000000000000004,
            2.2542660592990718 0.94 3.4337475749590274,
            1.7253405460733877 0.94 4.225340546073388,
            0.9337475749590275 0.94 4.754266059299073,
            1.9382328476536056e-16 0.94 4.939999999969187,
            -0.9337475749590273 0.94 4.754266059299073,
            -1.7253405460733875 0.94 4.225340546073388,
            -2.2542660592990718 0.94 3.4337475749590274,
            -2.439999999969187 0.94 2.5000000000000013,
            -2.2542660592990718 0.94 1.5662524250409728,
            -1.7253405460733882 0.94 0.7746594539266127,
            -0.9337475749590287 0.94 0.24573394070092847,
            -4.0380435321100076e-16 0.94 0.06000000003081368,
            0.9337475749590278 0.94 0.24573394070092847,
            1.7253405460733875 0.94 0.7746594539266118,
            2.2542660592990713 0.94 1.566252425040971,
            2.4399999999691873 -0.94 2.5000000000000004,
            2.2542660592990718 -0.94 3.4337475749590274,
            1.7253405460733877 -0.94 4.225340546073388,
            0.9337475749590275 -0.94 4.754266059299073,
            1.9382328476536056e-16 -0.94 4.939999999969187,
            -0.9337475749590273 -0.94 4.754266059299073,
            -1.7253405460733875 -0.94 4.225340546073388,
            -2.2542660592990718 -0.94 3.4337475749590274,
            -2.439999999969187 -0.94 2.5000000000000013,
            -2.2542660592990718 -0.94 1.5662524250409728,
            -1.7253405460733882 -0.94 0.7746594539266127,
            -0.9337475749590287 -0.94 0.24573394070092847,
            -4.0380435321100076e-16 -0.94 0.06000000003081368,
            0.9337475749590278 -0.94 0.24573394070092847,
            1.7253405460733875 -0.94 0.7746594539266118,
            2.2542660592990713 -0.94 1.566252425040971,
            2.3082399999708514 -1.04 2.5000000000000004,
            2.132535692096922 -1.04 3.38332520591124,
            1.632172156585425 -1.04 4.132172156585425,
            0.8833252059112401 -1.04 4.632535692096922,
            1.7749740116833e-16 -1.04 4.808239999970851,
            -0.8833252059112398 -1.04 4.632535692096922,
            -1.6321721565854241 -1.04 4.132172156585425,
            -2.132535692096922 -1.04 3.38332520591124,
            -2.3082399999708505 -1.04 2.5000000000000013,
            -2.132535692096922 -1.04 1.6166747940887602,
            -1.6321721565854252 -1.04 0.8678278434145759,
            -0.8833252059112409 -1.04 0.36746430790307866,
            -3.8785834435730773e-16 -1.04 0.1917600000291491,
            0.8833252059112403 -1.04 0.3674643079030777,
            1.6321721565854244 -1.04 0.8678278434145752,
            2.1325356920969214 -1.04 1.6166747940887582,
            2.132535692096922 1.04 3.38332520591124,
            2.3082399999708514 1.04 2.5000000000000004,
            2.1325356920969214 1.04 1.6166747940887582,
            1.6321721565854244 1.04 0.8678278434145752,
            0.8833252059112403 1.04 0.3674643079030777,
            -3.902177473528361e-16 1.04 0.1917600000291491,
            -0.8833252059112409 1.04 0.36746430790307866,
            -1.6321721565854252 1.04 0.8678278434145759,
            -2.132535692096922 1.04 1.6166747940887602,
            -2.3082399999708505 1.04 2.5000000000000013,
            -2.132535692096922 1.04 3.38332520591124,
            -1.6321721565854241 1.04 4.132172156585425,
            -0.8833252059112398 1.04 4.632535692096922,
            1.7513799817280158e-16 1.04 4.808239999970851,
            0.8833252059112401 1.04 4.632535692096922,
            1.632172156585425 1.04 4.132172156585425,
            1.6157679999795953 -1.14 2.5000000000000004,
            1.4927749844678455 -1.14 3.1183276441378687,
            1.142520509609797 -1.14 3.6425205096097972,
            0.618327644137868 -1.14 3.9927749844678457,
            1.0480360735020595e-16 -1.14 4.115767999979596,
            -0.6183276441378677 -1.14 3.9927749844678457,
            -1.142520509609797 -1.14 3.642520509609798,
            -1.4927749844678455 -1.14 3.1183276441378687,
            -1.615767999979595 -1.14 2.5000000000000013,
            -1.4927749844678455 -1.14 1.8816723558621324,
            -1.1425205096097975 -1.14 1.3574794903902028,
            -0.6183276441378687 -1.14 1.0072250155321554,
            -2.9094541451774045e-16 -1.14 0.8842320000204047,
            0.6183276441378682 -1.14 1.0072250155321554,
            1.1425205096097968 -1.14 1.3574794903902028,
            1.492774984467845 -1.14 1.8816723558621316,
            1.4927749844678457 1.14 3.1183276441378687,
            1.6157679999795953 1.14 2.5000000000000004,
            1.4927749844678453 1.14 1.8816723558621316,
            1.142520509609797 1.14 1.3574794903902028,
            0.618327644137868 1.14 1.0072250155321554,
            -3.319203798734177e-16 1.14 0.8842320000204047,
            -0.6183276441378688 1.14 1.0072250155321554,
            -1.1425205096097975 1.14 1.3574794903902028,
            -1.4927749844678453 1.14 1.8816723558621324,
            -1.6157679999795955 1.14 2.5000000000000013,
            -1.4927749844678453 1.14 3.1183276441378687,
            -1.1425205096097968 1.14 3.642520509609798,
            -0.6183276441378679 1.14 3.9927749844678457,
            6.382864199452866e-17 1.14 4.115767999979596,
            0.6183276441378679 1.14 3.9927749844678457,
            1.142520509609797 1.14 3.6425205096097972 ]
        }
        coordIndex [
          0, 1, 17, 16, -1,
          0, 15, 50, 49, -1,
          0, 16, 31, 15, -1,
          0, 49, 48, 1, -1,
          1, 2, 18, 17, -1,
          1, 48, 63, 2, -1,
          2, 3, 19, 18, -1,
          2, 63, 62, 3, -1,
          3, 4, 20, 19, -1,
          3, 62, 61, 4, -1,
          4, 5, 21, 20, -1,
          4, 61, 60, 5, -1,
          5, 6, 22, 21, -1,
          5, 60, 59, 6, -1,
          6, 7, 23, 22, -1,
          6, 59, 58, 7, -1,
          7, 8, 24, 23, -1,
          7, 58, 57, 8, -1,
          8, 9, 25, 24, -1,
          8, 57, 56, 9, -1,
          9, 10, 26, 25, -1,
          9, 56, 55, 10, -1,
          10, 11, 27, 26, -1,
          10, 55, 54, 11, -1,
          11, 12, 28, 27, -1,
          11, 54, 53, 12, -1,
          12, 13, 29, 28, -1,
          12, 53, 52, 13, -1,
          13, 14, 30, 29, -1,
          13, 52, 51, 14, -1,
          14, 15, 31, 30, -1,
          14, 51, 50, 15, -1,
          16, 17, 33, 32, -1,
          16, 32, 47, 31, -1,
          17, 18, 34, 33, -1,
          18, 19, 35, 34, -1,
          19, 20, 36, 35, -1,
          20, 21, 37, 36, -1,
          21, 22, 38, 37, -1,
          22, 23, 39, 38, -1,
          23, 24, 40, 39, -1,
          24, 25, 41, 40, -1,
          25, 26, 42, 41, -1,
          26, 27, 43, 42, -1,
          27, 28, 44, 43, -1,
          28, 29, 45, 44, -1,
          29, 30, 46, 45, -1,
          30, 31, 47, 46, -1,
          32, 33, 65, 64, -1,
          32, 64, 79, 47, -1,
          33, 34, 66, 65, -1,
          34, 35, 67, 66, -1,
          35, 36, 68, 67, -1,
          36, 37, 69, 68, -1,
          37, 38, 70, 69, -1,
          38, 39, 71, 70, -1,
          39, 40, 72, 71, -1,
          40, 41, 73, 72, -1,
          41, 42, 74, 73, -1,
          42, 43, 75, 74, -1,
          43, 44, 76, 75, -1,
          44, 45, 77, 76, -1,
          45, 46, 78, 77, -1,
          46, 47, 79, 78, -1,
          48, 49, 81, 80, -1,
          48, 80, 95, 63, -1,
          49, 50, 82, 81, -1,
          50, 51, 83, 82, -1,
          51, 52, 84, 83, -1,
          52, 53, 85, 84, -1,
          53, 54, 86, 85, -1,
          54, 55, 87, 86, -1,
          55, 56, 88, 87, -1,
          56, 57, 89, 88, -1,
          57, 58, 90, 89, -1,
          58, 59, 91, 90, -1,
          59, 60, 92, 91, -1,
          60, 61, 93, 92, -1,
          61, 62, 94, 93, -1,
          62, 63, 95, 94, -1,
          64, 65, 66, 67, 68, 69, 70, 71, 72, 73, 74, 75, 76, 77, 78, 79, -1,
          80, 81, 82, 83, 84, 85, 86, 87, 88, 89, 90, 91, 92, 93, 94, 95, -1 ]
        normal Normal {
          vector [
            1.0 0.0 2.829933948867765e-17,
            1.0 0.0 2.829933948867765e-17,
            0.6045558346092774 0.7965627676711234 2.795554109080154e-17,
            0.6045558346092774 0.7965627676711234 2.795554109080154e-17,
            0.9238795325112867 0.0 0.38268343236508995,
            0.9238795325112867 0.0 0.38268343236508995,
            0.55853676185579 0.7965627676711232 0.23135350184461992,
            0.55853676185579 0.7965627676711232 0.23135350184461992,
            0.7071067811865477 0.0 0.7071067811865472,
            0.7071067811865477 0.0 0.7071067811865472,
            0.42748553025811253 0.7965627676711238 0.4274855302581123,
            0.42748553025811253 0.7965627676711238 0.4274855302581123,
            0.3826834323650895 0.0 0.9238795325112868,
            0.3826834323650895 0.0 0.9238795325112868,
            0.23135350184461934 0.796562767671124 0.5585367618557892,
            0.23135350184461934 0.796562767671124 0.5585367618557892,
            1.4149669744338818e-17 0.0 1.0,
            1.4149669744338818e-17 0.0 1.0,
            6.988885272700381e-18 0.7965627676711238 0.6045558346092768,
            6.988885272700381e-18 0.7965627676711238 0.6045558346092768,
            -0.3826834323650895 0.0 0.9238795325112868,
            -0.3826834323650895 0.0 0.9238795325112868,
            -0.2313535018446192 0.7965627676711243 0.5585367618557889,
            -0.2313535018446192 0.7965627676711243 0.5585367618557889,
            -0.7071067811865477 0.0 0.7071067811865474,
            -0.7071067811865477 0.0 0.7071067811865474,
            -0.42748553025811203 0.7965627676711243 0.4274855302581119,
            -0.42748553025811203 0.7965627676711243 0.4274855302581119,
            -0.9238795325112867 0.0 0.38268343236508984,
            -0.9238795325112867 0.0 0.38268343236508984,
            -0.5585367618557895 0.7965627676711238 0.2313535018446197,
            -0.5585367618557895 0.7965627676711238 0.2313535018446197,
            -1.0 0.0 2.4054438565375995e-16,
            -1.0 0.0 2.4054438565375995e-16,
            -0.6045558346092768 0.7965627676711238 1.6074436127210882e-16,
            -0.6045558346092768 0.7965627676711238 1.6074436127210882e-16,
            -0.9238795325112868 0.0 -0.38268343236508967,
            -0.9238795325112868 0.0 -0.38268343236508967,
            -0.5585367618557896 0.7965627676711236 -0.2313535018446195,
            -0.5585367618557896 0.7965627676711236 -0.2313535018446195,
            -0.7071067811865478 0.0 -0.7071067811865472,
            -0.7071067811865478 0.0 -0.7071067811865472,
            -0.42748553025811264 0.796562767671124 -0.42748553025811215,
            -0.42748553025811264 0.796562767671124 -0.42748553025811215,
            -0.38268343236508995 0.0 -0.9238795325112867,
            -0.38268343236508995 0.0 -0.9238795325112867,
            -0.23135350184461964 0.7965627676711238 -0.5585367618557894,
            -0.23135350184461964 0.7965627676711238 -0.5585367618557894,
            0.0 0.0 -1.0,
            0.0 0.0 -1.0,
            -1.3977770545400766e-17 0.7965627676711228 -0.6045558346092782,
            -1.3977770545400766e-17 0.7965627676711228 -0.6045558346092782,
            0.38268343236508956 0.0 -0.9238795325112868,
            0.38268343236508956 0.0 -0.9238795325112868,
            0.23135350184461992 0.7965627676711229 -0.5585367618557907,
            0.23135350184461992 0.7965627676711229 -0.5585367618557907,
            0.7071067811865472 0.0 -0.7071067811865477,
            0.7071067811865472 0.0 -0.7071067811865477,
            0.42748553025811253 0.7965627676711236 -0.4274855302581128,
            0.42748553025811253 0.7965627676711236 -0.4274855302581128,
            0.9238795325112865 0.0 -0.38268343236509017,
            0.9238795325112865 0.0 -0.38268343236509017,
            0.5585367618557896 0.7965627676711234 -0.23135350184462003,
            0.5585367618557896 0.7965627676711234 -0.23135350184462003,
            1.0 0.0 2.829933948867765e-17,
            1.0 0.0 2.829933948867765e-17,
            0.6045558346092774 -0.7965627676711234 2.795554109080154e-17,
            0.6045558346092774 -0.7965627676711234 2.795554109080154e-17,
            0.9238795325112867 0.0 0.38268343236508995,
            0.9238795325112867 0.0 0.38268343236508995,
            0.55853676185579 -0.7965627676711232 0.23135350184461992,
            0.55853676185579 -0.7965627676711232 0.23135350184461992,
            0.7071067811865477 0.0 0.7071067811865472,
            0.7071067811865477 0.0 0.7071067811865472,
            0.42748553025811253 -0.7965627676711238 0.4274855302581123,
            0.42748553025811253 -0.7965627676711238 0.4274855302581123,
            0.3826834323650895 0.0 0.9238795325112868,
            0.3826834323650895 0.0 0.9238795325112868,
            0.23135350184461934 -0.796562767671124 0.5585367618557892,
            0.23135350184461934 -0.796562767671124 0.5585367618557892,
            1.4149669744338818e-17 0.0 1.0,
            1.4149669744338818e-17 0.0 1.0,
            6.988885272700381e-18 -0.7965627676711238 0.6045558346092768,
            6.988885272700381e-18 -0.7965627676711238 0.6045558346092768,
            -0.3826834323650895 0.0 0.9238795325112868,
            -0.3826834323650895 0.0 0.9238795325112868,
            -0.2313535018446192 -0.7965627676711243 0.5585367618557889,
            -0.2313535018446192 -0.7965627676711243 0.5585367618557889,
            -0.7071067811865477 0.0 0.7071067811865474,
            -0.7071067811865477 0.0 0.7071067811865474,
            -0.42748553025811203 -0.7965627676711243 0.4274855302581119,
            -0.42748553025811203 -0.7965627676711243 0.4274855302581119,
            -0.9238795325112867 0.0 0.38268343236508984,
            -0.9238795325112867 0.0 0.38268343236508984,
            -0.5585367618557895 -0.7965627676711238 0.2313535018446197,
            -0.5585367618557895 -0.7965627676711238 0.2313535018446197,
            -1.0 0.0 2.4054438565375995e-16,
            -1.0 0.0 2.4054438565375995e-16,
            -0.6045558346092768 -0.7965627676711238 1.6074436127210882e-16,
            -0.6045558346092768 -0.7965627676711238 1.6074436127210882e-16,
            -0.9238795325112868 0.0 -0.38268343236508967,
            -0.9238795325112868 0.0 -0.38268343236508967,
            -0.5585367618557896 -0.7965627676711236 -0.2313535018446195,
            -0.5585367618557896 -0.7965627676711236 -0.2313535018446195,
            -0.7071067811865478 0.0 -0.7071067811865472,
            -0.7071067811865478 0.0 -0.7071067811865472,
            -0.42748553025811264 -0.796562767671124 -0.42748553025811215,
            -0.42748553025811264 -0.796562767671124 -0.42748553025811215,
            -0.38268343236508995 0.0 -0.9238795325112867,
            -0.38268343236508995 0.0 -0.9238795325112867,
            -0.23135350184461964 -0.7965627676711238 -0.5585367618557894,
            -0.23135350184461964 -0.7965627676711238 -0.5585367618557894,
            0.0 0.0 -1.0,
            0.0 0.0 -1.0,
            -1.3977770545400766e-17 -0.7965627676711228 -0.6045558346092782,
            -1.3977770545400766e-17 -0.7965627676711228 -0.6045558346092782,
            0.38268343236508956 0.0 -0.9238795325112868,
            0.38268343236508956 0.0 -0.9238795325112868,
            0.23135350184461992 -0.7965627676711229 -0.5585367618557907,
            0.23135350184461992 -0.7965627676711229 -0.5585367618557907,
            0.7071067811865472 0.0 -0.7071067811865477,
            0.7071067811865472 0.0 -0.7071067811865477,
            0.42748553025811253 -0.7965627676711236 -0.4274855302581128,
            0.42748553025811253 -0.7965627676711236 -0.4274855302581128,
            0.9238795325112865 0.0 -0.38268343236509017,
            0.9238795325112865 0.0 -0.38268343236509017,
            0.5585367618557896 -0.7965627676711234 -0.23135350184462003,
            0.5585367618557896 -0.7965627676711234 -0.23135350184462003,
            0.6045558346092774 -0.7965627676711234 2.795554109080154e-17,
            0.6045558346092774 -0.7965627676711234 2.795554109080154e-17,
            0.14292753438776756 -0.9897331559131651 -1.2147970765669776e-17,
            0.14292753438776756 -0.9897331559131651 -1.2147970765669776e-17,
            0.55853676185579 -0.7965627676711232 0.23135350184461992,
            0.55853676185579 -0.7965627676711232 0.23135350184461992,
            0.13204782365316162 -0.9897331559131651 0.05469599943899035,
            0.13204782365316162 -0.9897331559131651 0.05469599943899035,
            0.42748553025811253 -0.7965627676711238 0.4274855302581123,
            0.42748553025811253 -0.7965627676711238 0.4274855302581123,
            0.10106502878386395 -0.989733155913165 0.10106502878386396,
            0.10106502878386395 -0.989733155913165 0.10106502878386396,
            0.23135350184461934 -0.796562767671124 0.5585367618557892,
            0.23135350184461934 -0.796562767671124 0.5585367618557892,
            0.05469599943899037 -0.9897331559131651 0.13204782365316164,
            0.05469599943899037 -0.9897331559131651 0.13204782365316164,
            6.988885272700381e-18 -0.7965627676711238 0.6045558346092768,
            6.988885272700381e-18 -0.7965627676711238 0.6045558346092768,
            0.0 -0.989733155913165 0.14292753438776767,
            0.0 -0.989733155913165 0.14292753438776767,
            -0.2313535018446192 -0.7965627676711243 0.5585367618557889,
            -0.2313535018446192 -0.7965627676711243 0.5585367618557889,
            -0.05469599943899037 -0.9897331559131651 0.13204782365316173,
            -0.05469599943899037 -0.9897331559131651 0.13204782365316173,
            -0.42748553025811203 -0.7965627676711243 0.4274855302581119,
            -0.42748553025811203 -0.7965627676711243 0.4274855302581119,
            -0.101065028783864 -0.989733155913165 0.10106502878386407,
            -0.101065028783864 -0.989733155913165 0.10106502878386407,
            -0.5585367618557895 -0.7965627676711238 0.2313535018446197,
            -0.5585367618557895 -0.7965627676711238 0.2313535018446197,
            -0.1320478236531617 -0.9897331559131651 0.05469599943899038,
            -0.1320478236531617 -0.9897331559131651 0.05469599943899038,
            -0.6045558346092768 -0.7965627676711238 1.6074436127210882e-16,
            -0.6045558346092768 -0.7965627676711238 1.6074436127210882e-16,
            -0.14292753438776767 -0.989733155913165 3.6443912297009324e-17,
            -0.14292753438776767 -0.989733155913165 3.6443912297009324e-17,
            -0.5585367618557896 -0.7965627676711236 -0.2313535018446195,
            -0.5585367618557896 -0.7965627676711236 -0.2313535018446195,
            -0.1320478236531617 -0.9897331559131651 -0.05469599943899028,
            -0.1320478236531617 -0.9897331559131651 -0.05469599943899028,
            -0.42748553025811264 -0.796562767671124 -0.42748553025811215,
            -0.42748553025811264 -0.796562767671124 -0.42748553025811215,
            -0.10106502878386399 -0.989733155913165 -0.10106502878386396,
            -0.10106502878386399 -0.989733155913165 -0.10106502878386396,
            -0.23135350184461964 -0.7965627676711238 -0.5585367618557894,
            -0.23135350184461964 -0.7965627676711238 -0.5585367618557894,
            -0.05469599943899039 -0.9897331559131651 -0.13204782365316162,
            -0.05469599943899039 -0.9897331559131651 -0.13204782365316162,
            -1.3977770545400766e-17 -0.7965627676711228 -0.6045558346092782,
            -1.3977770545400766e-17 -0.7965627676711228 -0.6045558346092782,
            -5.2062731852870464e-17 -0.9897331559131651 -0.14292753438776754,
            -5.2062731852870464e-17 -0.9897331559131651 -0.14292753438776754,
            0.23135350184461992 -0.7965627676711229 -0.5585367618557907,
            0.23135350184461992 -0.7965627676711229 -0.5585367618557907,
            0.05469599943899032 -0.9897331559131651 -0.1320478236531615,
            0.05469599943899032 -0.9897331559131651 -0.1320478236531615,
            0.42748553025811253 -0.7965627676711236 -0.4274855302581128,
            0.42748553025811253 -0.7965627676711236 -0.4274855302581128,
            0.10106502878386389 -0.989733155913165 -0.10106502878386395,
            0.10106502878386389 -0.989733155913165 -0.10106502878386395,
            0.5585367618557896 -0.7965627676711234 -0.23135350184462003,
            0.5585367618557896 -0.7965627676711234 -0.23135350184462003,
            0.13204782365316156 -0.9897331559131651 -0.0546959994389904,
            0.13204782365316156 -0.9897331559131651 -0.0546959994389904,
            0.55853676185579 0.7965627676711232 0.23135350184461992,
            0.55853676185579 0.7965627676711232 0.23135350184461992,
            0.13204782365316164 0.9897331559131651 0.05469599943899036,
            0.13204782365316164 0.9897331559131651 0.05469599943899036,
            0.6045558346092774 0.7965627676711234 2.795554109080154e-17,
            0.6045558346092774 0.7965627676711234 2.795554109080154e-17,
            0.14292753438776762 0.9897331559131651 -1.5618819555861143e-17,
            0.14292753438776762 0.9897331559131651 -1.5618819555861143e-17,
            0.5585367618557896 0.7965627676711234 -0.23135350184462003,
            0.5585367618557896 0.7965627676711234 -0.23135350184462003,
            0.1320478236531616 0.9897331559131651 -0.05469599943899041,
            0.1320478236531616 0.9897331559131651 -0.05469599943899041,
            0.42748553025811253 0.7965627676711236 -0.4274855302581128,
            0.42748553025811253 0.7965627676711236 -0.4274855302581128,
            0.10106502878386389 0.989733155913165 -0.10106502878386395,
            0.10106502878386389 0.989733155913165 -0.10106502878386395,
            0.23135350184461992 0.7965627676711229 -0.5585367618557907,
            0.23135350184461992 0.7965627676711229 -0.5585367618557907,
            0.054695999438990305 0.9897331559131651 -0.1320478236531615,
            0.054695999438990305 0.9897331559131651 -0.1320478236531615,
            -1.3977770545400766e-17 0.7965627676711228 -0.6045558346092782,
            -1.3977770545400766e-17 0.7965627676711228 -0.6045558346092782,
            -5.2062731852870464e-17 0.9897331559131651 -0.14292753438776754,
            -5.2062731852870464e-17 0.9897331559131651 -0.14292753438776754,
            -0.23135350184461964 0.7965627676711238 -0.5585367618557894,
            -0.23135350184461964 0.7965627676711238 -0.5585367618557894,
            -0.05469599943899039 0.9897331559131651 -0.13204782365316162,
            -0.05469599943899039 0.9897331559131651 -0.13204782365316162,
            -0.42748553025811264 0.796562767671124 -0.42748553025811215,
            -0.42748553025811264 0.796562767671124 -0.42748553025811215,
            -0.10106502878386399 0.989733155913165 -0.10106502878386396,
            -0.10106502878386399 0.989733155913165 -0.10106502878386396,
            -0.5585367618557896 0.7965627676711236 -0.2313535018446195,
            -0.5585367618557896 0.7965627676711236 -0.2313535018446195,
            -0.1320478236531617 0.9897331559131651 -0.0546959994389903,
            -0.1320478236531617 0.9897331559131651 -0.0546959994389903,
            -0.6045558346092768 0.7965627676711238 1.6074436127210882e-16,
            -0.6045558346092768 0.7965627676711238 1.6074436127210882e-16,
            -0.14292753438776767 0.989733155913165 3.6443912297009324e-17,
            -0.14292753438776767 0.989733155913165 3.6443912297009324e-17,
            -0.5585367618557895 0.7965627676711238 0.2313535018446197,
            -0.5585367618557895 0.7965627676711238 0.2313535018446197,
            -0.1320478236531617 0.9897331559131651 0.0546959994389904,
            -0.1320478236531617 0.9897331559131651 0.0546959994389904,
            -0.42748553025811203 0.7965627676711243 0.4274855302581119,
            -0.42748553025811203 0.7965627676711243 0.4274855302581119,
            -0.101065028783864 0.989733155913165 0.10106502878386407,
            -0.101065028783864 0.989733155913165 0.10106502878386407,
            -0.2313535018446192 0.7965627676711243 0.5585367618557889,
            -0.2313535018446192 0.7965627676711243 0.5585367618557889,
            -0.054695999438990395 0.9897331559131651 0.13204782365316173,
            -0.054695999438990395 0.9897331559131651 0.13204782365316173,
            6.988885272700381e-18 0.7965627676711238 0.6045558346092768,
            6.988885272700381e-18 0.7965627676711238 0.6045558346092768,
            6.941697580382729e-18 0.989733155913165 0.14292753438776765,
            6.941697580382729e-18 0.989733155913165 0.14292753438776765,
            0.23135350184461934 0.796562767671124 0.5585367618557892,
            0.23135350184461934 0.796562767671124 0.5585367618557892,
            0.05469599943899037 0.9897331559131651 0.13204782365316164,
            0.05469599943899037 0.9897331559131651 0.13204782365316164,
            0.42748553025811253 0.7965627676711238 0.4274855302581123,
            0.42748553025811253 0.7965627676711238 0.4274855302581123,
            0.10106502878386395 0.989733155913165 0.10106502878386397,
            0.10106502878386395 0.989733155913165 0.10106502878386397,
            0.14292753438776756 -0.9897331559131651 -1.2147970765669776e-17,
            0.14292753438776756 -0.9897331559131651 -1.2147970765669776e-17,
            0.0 -1.0 1.0417987694722526e-17,
            0.13204782365316162 -0.9897331559131651 0.05469599943899035,
            0.13204782365316162 -0.9897331559131651 0.05469599943899035,
            0.0 -1.0 1.0417987694722526e-17,
            0.10106502878386395 -0.989733155913165 0.10106502878386396,
            0.10106502878386395 -0.989733155913165 0.10106502878386396,
            0.0 -1.0 1.0417987694722526e-17,
            0.05469599943899037 -0.9897331559131651 0.13204782365316164,
            0.05469599943899037 -0.9897331559131651 0.13204782365316164,
            0.0 -1.0 1.0417987694722526e-17,
            0.0 -0.989733155913165 0.14292753438776767,
            0.0 -0.989733155913165 0.14292753438776767,
            0.0 -1.0 1.0417987694722526e-17,
            -0.05469599943899037 -0.9897331559131651 0.13204782365316173,
            -0.05469599943899037 -0.9897331559131651 0.13204782365316173,
            0.0 -1.0 1.0417987694722526e-17,
            -0.101065028783864 -0.989733155913165 0.10106502878386407,
            -0.101065028783864 -0.989733155913165 0.10106502878386407,
            0.0 -1.0 1.0417987694722526e-17,
            -0.1320478236531617 -0.9897331559131651 0.05469599943899038,
            -0.1320478236531617 -0.9897331559131651 0.05469599943899038,
            0.0 -1.0 1.0417987694722526e-17,
            -0.14292753438776767 -0.989733155913165 3.6443912297009324e-17,
            -0.14292753438776767 -0.989733155913165 3.6443912297009324e-17,
            0.0 -1.0 1.0417987694722526e-17,
            -0.1320478236531617 -0.9897331559131651 -0.05469599943899028,
            -0.1320478236531617 -0.9897331559131651 -0.05469599943899028,
            0.0 -1.0 1.0417987694722526e-17,
            -0.10106502878386399 -0.989733155913165 -0.10106502878386396,
            -0.10106502878386399 -0.989733155913165 -0.10106502878386396,
            0.0 -1.0 1.0417987694722526e-17,
            -0.05469599943899039 -0.9897331559131651 -0.13204782365316162,
            -0.05469599943899039 -0.9897331559131651 -0.13204782365316162,
            0.0 -1.0 1.0417987694722526e-17,
            -5.2062731852870464e-17 -0.9897331559131651 -0.14292753438776754,
            -5.2062731852870464e-17 -0.9897331559131651 -0.14292753438776754,
            0.0 -1.0 1.0417987694722526e-17,
            0.05469599943899032 -0.9897331559131651 -0.1320478236531615,
            0.05469599943899032 -0.9897331559131651 -0.1320478236531615,
            0.0 -1.0 1.0417987694722526e-17,
            0.10106502878386389 -0.989733155913165 -0.10106502878386395,
            0.10106502878386389 -0.989733155913165 -0.10106502878386395,
            0.0 -1.0 1.0417987694722526e-17,
            0.13204782365316156 -0.9897331559131651 -0.0546959994389904,
            0.13204782365316156 -0.9897331559131651 -0.0546959994389904,
            0.0 -1.0 1.0417987694722526e-17,
            0.13204782365316164 0.9897331559131651 0.05469599943899036,
            0.13204782365316164 0.9897331559131651 0.05469599943899036,
            0.0 1.0 1.0417987694722526e-17,
            0.14292753438776762 0.9897331559131651 -1.5618819555861143e-17,
            0.14292753438776762 0.9897331559131651 -1.5618819555861143e-17,
            0.0 1.0 1.0417987694722526e-17,
            0.1320478236531616 0.9897331559131651 -0.05469599943899041,
            0.1320478236531616 0.9897331559131651 -0.05469599943899041,
            0.0 1.0 1.0417987694722526e-17,
            0.10106502878386389 0.989733155913165 -0.10106502878386395,
            0.10106502878386389 0.989733155913165 -0.10106502878386395,
            0.0 1.0 1.0417987694722526e-17,
            0.054695999438990305 0.9897331559131651 -0.1320478236531615,
            0.054695999438990305 0.9897331559131651 -0.1320478236531615,
            0.0 1.0 1.0417987694722526e-17,
            -5.2062731852870464e-17 0.9897331559131651 -0.14292753438776754,
            -5.2062731852870464e-17 0.9897331559131651 -0.14292753438776754,
            0.0 1.0 1.0417987694722526e-17,
            -0.05469599943899039 0.9897331559131651 -0.13204782365316162,
            -0.05469599943899039 0.9897331559131651 -0.13204782365316162,
            0.0 1.0 1.0417987694722526e-17,
            -0.10106502878386399 0.989733155913165 -0.10106502878386396,
            -0.10106502878386399 0.989733155913165 -0.10106502878386396,
            0.0 1.0 1.0417987694722526e-17,
            -0.1320478236531617 0.9897331559131651 -0.0546959994389903,
            -0.1320478236531617 0.9897331559131651 -0.0546959994389903,
            0.0 1.0 1.0417987694722526e-17,
            -0.14292753438776767 0.989733155913165 3.6443912297009324e-17,
            -0.14292753438776767 0.989733155913165 3.6443912297009324e-17,
            0.0 1.0 1.0417987694722526e-17,
            -0.1320478236531617 0.9897331559131651 0.0546959994389904,
            -0.1320478236531617 0.9897331559131651 0.0546959994389904,
            0.0 1.0 1.0417987694722526e-17,
            -0.101065028783864 0.989733155913165 0.10106502878386407,
            -0.101065028783864 0.989733155913165 0.10106502878386407,
            0.0 1.0 1.0417987694722526e-17,
            -0.054695999438990395 0.9897331559131651 0.13204782365316173,
            -0.054695999438990395 0.9897331559131651 0.13204782365316173,
            0.0 1.0 1.0417987694722526e-17,
            6.941697580382729e-18 0.989733155913165 0.14292753438776765,
            6.941697580382729e-18 0.989733155913165 0.14292753438776765,
            0.0 1.0 1.0417987694722526e-17,
            0.05469599943899037 0.9897331559131651 0.13204782365316164,
            0.05469599943899037 0.9897331559131651 0.13204782365316164,
            0.0 1.0 1.0417987694722526e-17,
            0.10106502878386395 0.989733155913165 0.10106502878386397,
            0.10106502878386395 0.989733155913165 0.10106502878386397,
            0.0 1.0 1.0417987694722526e-17 ]
        }
        normalIndex [
          1, 5, 69, 65, -1,
          3, 62, 200, 197, -1,
          0, 64, 124, 60, -1,
          2, 196, 192, 6, -1,
          4, 9, 73, 68, -1,
          7, 193, 253, 11, -1,
          8, 13, 77, 72, -1,
          10, 252, 249, 15, -1,
          12, 17, 81, 76, -1,
          14, 248, 245, 19, -1,
          16, 21, 85, 80, -1,
          18, 244, 241, 23, -1,
          20, 25, 89, 84, -1,
          22, 240, 237, 27, -1,
          24, 29, 93, 88, -1,
          26, 236, 233, 31, -1,
          28, 33, 97, 92, -1,
          30, 232, 229, 35, -1,
          32, 37, 101, 96, -1,
          34, 228, 225, 39, -1,
          36, 41, 105, 100, -1,
          38, 224, 221, 43, -1,
          40, 45, 109, 104, -1,
          42, 220, 217, 47, -1,
          44, 49, 113, 108, -1,
          46, 216, 213, 51, -1,
          48, 53, 117, 112, -1,
          50, 212, 209, 55, -1,
          52, 57, 121, 116, -1,
          54, 208, 205, 59, -1,
          56, 61, 125, 120, -1,
          58, 204, 201, 63, -1,
          66, 70, 132, 128, -1,
          67, 129, 189, 127, -1,
          71, 74, 136, 133, -1,
          75, 78, 140, 137, -1,
          79, 82, 144, 141, -1,
          83, 86, 148, 145, -1,
          87, 90, 152, 149, -1,
          91, 94, 156, 153, -1,
          95, 98, 160, 157, -1,
          99, 102, 164, 161, -1,
          103, 106, 168, 165, -1,
          107, 110, 172, 169, -1,
          111, 114, 176, 173, -1,
          115, 118, 180, 177, -1,
          119, 122, 184, 181, -1,
          123, 126, 188, 185, -1,
          130, 134, 259, 256, -1,
          131, 257, 302, 191, -1,
          135, 138, 262, 260, -1,
          139, 142, 265, 263, -1,
          143, 146, 268, 266, -1,
          147, 150, 271, 269, -1,
          151, 154, 274, 272, -1,
          155, 158, 277, 275, -1,
          159, 162, 280, 278, -1,
          163, 166, 283, 281, -1,
          167, 170, 286, 284, -1,
          171, 174, 289, 287, -1,
          175, 178, 292, 290, -1,
          179, 182, 295, 293, -1,
          183, 186, 298, 296, -1,
          187, 190, 301, 299, -1,
          194, 198, 307, 304, -1,
          195, 305, 350, 255, -1,
          199, 202, 310, 308, -1,
          203, 206, 313, 311, -1,
          207, 210, 316, 314, -1,
          211, 214, 319, 317, -1,
          215, 218, 322, 320, -1,
          219, 222, 325, 323, -1,
          223, 226, 328, 326, -1,
          227, 230, 331, 329, -1,
          231, 234, 334, 332, -1,
          235, 238, 337, 335, -1,
          239, 242, 340, 338, -1,
          243, 246, 343, 341, -1,
          247, 250, 346, 344, -1,
          251, 254, 349, 347, -1,
          258, 261, 264, 267, 270, 273, 276, 279, 282, 285, 288, 291, 294, 297, 300, 303, -1,
          306, 309, 312, 315, 318, 321, 324, 327, 330, 333, 336, 339, 342, 345, 348, 351, -1 ]
      }
    }

  ]
}

