#VRML V2.0 utf8
#Exported from Wings 3D 2.4.1
DEF Cylinder7_copy16 Transform {
  children [
    Shape {
      appearance Appearance {
        material DEF pins Material {
          diffuseColor 0.6 0.6 0.6
          emissiveColor 0.0 0.0 0.0
          specularColor 0.5999999905136262 0.5999999905136262 0.5999999905136262
          ambientIntensity 1.0
          transparency 0.0
          shininess 0.5
        }
      }
      geometry IndexedFaceSet {
        normalPerVertex TRUE
        coord Coordinate {
          point [
            1.6510000725897696 -1.1800001795180757 0.6,
            1.6631793473879637 -1.1187708303396613 0.6,
            1.6978629875999216 -1.066863094528228 0.6,
            1.749770723411355 -1.03217945431627 0.6,
            1.8110000725897692 -1.0200001795180758 0.6,
            1.8722294217681839 -1.03217945431627 0.6,
            1.924137157579617 -1.066863094528228 0.6,
            1.9588207977915753 -1.1187708303396613 0.6,
            1.9710000725897694 -1.1800001795180757 0.6,
            1.9588207977915753 -1.24122952869649 0.6,
            1.924137157579617 -1.2931372645079233 0.6,
            1.8722294217681839 -1.3278209047198817 0.6,
            1.8110000725897692 -1.3400001795180758 0.6,
            1.749770723411355 -1.3278209047198817 0.6,
            1.6978629875999216 -1.2931372645079233 0.6,
            1.6631793473879637 -1.2412295286964903 0.6,
            1.6510000725897696 -1.1800001795180757 -1.0,
            1.6631793473879637 -1.1187708303396613 -1.0,
            1.6978629875999216 -1.066863094528228 -1.0,
            1.749770723411355 -1.0321794543162697 -1.0,
            1.8110000725897692 -1.0200001795180755 -1.0,
            1.8722294217681839 -1.0321794543162697 -1.0,
            1.924137157579617 -1.066863094528228 -1.0,
            1.9588207977915753 -1.1187708303396613 -1.0,
            1.9710000725897694 -1.1800001795180757 -1.0,
            1.9588207977915753 -1.24122952869649 -1.0,
            1.924137157579617 -1.2931372645079233 -1.0,
            1.8722294217681839 -1.3278209047198815 -1.0,
            1.8110000725897692 -1.3400001795180756 -1.0,
            1.749770723411355 -1.3278209047198815 -1.0,
            1.6978629875999216 -1.2931372645079233 -1.0,
            1.6631793473879637 -1.24122952869649 -1.0 ]
        }
        coordIndex [
          0, 1, 17, 16, -1,
          0, 15, 14, 13, 12, 11, 10, 9, 8, 7, 6, 5, 4, 3, 2, 1, -1,
          0, 16, 31, 15, -1,
          1, 2, 18, 17, -1,
          2, 3, 19, 18, -1,
          3, 4, 20, 19, -1,
          4, 5, 21, 20, -1,
          5, 6, 22, 21, -1,
          6, 7, 23, 22, -1,
          7, 8, 24, 23, -1,
          8, 9, 25, 24, -1,
          9, 10, 26, 25, -1,
          10, 11, 27, 26, -1,
          11, 12, 28, 27, -1,
          12, 13, 29, 28, -1,
          13, 14, 30, 29, -1,
          14, 15, 31, 30, -1,
          16, 17, 18, 19, 20, 21, 22, 23, 24, 25, 26, 27, 28, 29, 30, 31, -1 ]
        normal Normal {
          vector [
            0.0 0.0 1.0,
            -1.0 1.8394570667640468e-16 -6.916886743203448e-18,
            -1.0 1.8394570667640468e-16 -6.916886743203448e-18,
            0.0 0.0 1.0,
            -0.9238795325112876 0.3826834323650875 0.0,
            -0.9238795325112876 0.3826834323650875 0.0,
            0.0 0.0 1.0,
            -0.7071067811865485 0.7071067811865467 2.932759979118262e-17,
            -0.7071067811865485 0.7071067811865467 2.932759979118262e-17,
            0.0 0.0 1.0,
            -0.382683432365089 0.9238795325112871 9.877314269294554e-17,
            -0.382683432365089 0.9238795325112871 9.877314269294554e-17,
            0.0 0.0 1.0,
            -6.933338174726022e-16 1.0 1.3889108580352546e-16,
            -6.933338174726022e-16 1.0 1.3889108580352546e-16,
            0.0 0.0 1.0,
            0.3826834323650902 0.9238795325112866 9.877314269294528e-17,
            0.3826834323650902 0.9238795325112866 9.877314269294528e-17,
            0.0 0.0 1.0,
            0.7071067811865477 0.7071067811865474 2.9327599791182763e-17,
            0.7071067811865477 0.7071067811865474 2.9327599791182763e-17,
            0.0 0.0 1.0,
            0.9238795325112865 0.3826834323650902 0.0,
            0.9238795325112865 0.3826834323650902 0.0,
            0.0 0.0 1.0,
            1.0 0.0 0.0,
            1.0 0.0 0.0,
            0.0 0.0 1.0,
            0.9238795325112865 -0.3826834323650902 0.0,
            0.9238795325112865 -0.3826834323650902 0.0,
            0.0 0.0 1.0,
            0.7071067811865477 -0.7071067811865474 -2.9327599791182763e-17,
            0.7071067811865477 -0.7071067811865474 -2.9327599791182763e-17,
            0.0 0.0 1.0,
            0.3826834323650902 -0.9238795325112866 -9.877314269294528e-17,
            0.3826834323650902 -0.9238795325112866 -9.877314269294528e-17,
            0.0 0.0 1.0,
            -6.933338174726022e-16 -1.0 -1.3889108580352546e-16,
            -6.933338174726022e-16 -1.0 -1.3889108580352546e-16,
            0.0 0.0 1.0,
            -0.382683432365089 -0.9238795325112871 -9.877314269294554e-17,
            -0.382683432365089 -0.9238795325112871 -9.877314269294554e-17,
            0.0 0.0 1.0,
            -0.7071067811865481 -0.707106781186547 -4.92482336116087e-17,
            -0.7071067811865481 -0.707106781186547 -4.92482336116087e-17,
            0.0 0.0 1.0,
            -0.9238795325112875 -0.3826834323650878 -2.6837520563629495e-17,
            -0.9238795325112875 -0.3826834323650878 -2.6837520563629495e-17,
            0.0 0.0 -1.0,
            -1.0 1.8394570667640468e-16 -6.916886743203448e-18,
            -1.0 1.8394570667640468e-16 -6.916886743203448e-18,
            0.0 0.0 -1.0,
            -0.9238795325112876 0.3826834323650875 0.0,
            -0.9238795325112876 0.3826834323650875 0.0,
            0.0 0.0 -1.0,
            -0.7071067811865485 0.7071067811865467 2.932759979118262e-17,
            -0.7071067811865485 0.7071067811865467 2.932759979118262e-17,
            0.0 0.0 -1.0,
            -0.382683432365089 0.9238795325112871 9.877314269294554e-17,
            -0.382683432365089 0.9238795325112871 9.877314269294554e-17,
            0.0 0.0 -1.0,
            -6.933338174726022e-16 1.0 1.3889108580352546e-16,
            -6.933338174726022e-16 1.0 1.3889108580352546e-16,
            0.0 0.0 -1.0,
            0.3826834323650902 0.9238795325112866 9.877314269294528e-17,
            0.3826834323650902 0.9238795325112866 9.877314269294528e-17,
            0.0 0.0 -1.0,
            0.7071067811865477 0.7071067811865474 2.9327599791182763e-17,
            0.7071067811865477 0.7071067811865474 2.9327599791182763e-17,
            0.0 0.0 -1.0,
            0.9238795325112865 0.3826834323650902 0.0,
            0.9238795325112865 0.3826834323650902 0.0,
            0.0 0.0 -1.0,
            1.0 0.0 0.0,
            1.0 0.0 0.0,
            0.0 0.0 -1.0,
            0.9238795325112865 -0.3826834323650902 0.0,
            0.9238795325112865 -0.3826834323650902 0.0,
            0.0 0.0 -1.0,
            0.7071067811865477 -0.7071067811865474 -2.9327599791182763e-17,
            0.7071067811865477 -0.7071067811865474 -2.9327599791182763e-17,
            0.0 0.0 -1.0,
            0.3826834323650902 -0.9238795325112866 -9.877314269294528e-17,
            0.3826834323650902 -0.9238795325112866 -9.877314269294528e-17,
            0.0 0.0 -1.0,
            -6.933338174726022e-16 -1.0 -1.3889108580352546e-16,
            -6.933338174726022e-16 -1.0 -1.3889108580352546e-16,
            0.0 0.0 -1.0,
            -0.382683432365089 -0.9238795325112871 -9.877314269294554e-17,
            -0.382683432365089 -0.9238795325112871 -9.877314269294554e-17,
            0.0 0.0 -1.0,
            -0.7071067811865481 -0.707106781186547 -4.92482336116087e-17,
            -0.7071067811865481 -0.707106781186547 -4.92482336116087e-17,
            0.0 0.0 -1.0,
            -0.9238795325112875 -0.3826834323650878 -2.6837520563629495e-17,
            -0.9238795325112875 -0.3826834323650878 -2.6837520563629495e-17 ]
        }
        normalIndex [
          2, 5, 53, 50, -1,
          0, 45, 42, 39, 36, 33, 30, 27, 24, 21, 18, 15, 12, 9, 6, 3, -1,
          1, 49, 94, 46, -1,
          4, 8, 56, 52, -1,
          7, 11, 59, 55, -1,
          10, 14, 62, 58, -1,
          13, 17, 65, 61, -1,
          16, 20, 68, 64, -1,
          19, 23, 71, 67, -1,
          22, 26, 74, 70, -1,
          25, 29, 77, 73, -1,
          28, 32, 80, 76, -1,
          31, 35, 83, 79, -1,
          34, 38, 86, 82, -1,
          37, 41, 89, 85, -1,
          40, 44, 92, 88, -1,
          43, 47, 95, 91, -1,
          48, 51, 54, 57, 60, 63, 66, 69, 72, 75, 78, 81, 84, 87, 90, 93, -1 ]
      }
    }
    ,
    Shape {
      appearance Appearance {
        material DEF body Material {
          diffuseColor 0.1 0.1 1.0
          emissiveColor 0.0 0.0 0.0
          specularColor 0.1 0.1 1.0
          ambientIntensity 1.0
          transparency 0.0
          shininess 0.5
        }
      }
      geometry IndexedFaceSet {
        normalPerVertex TRUE
        coord Coordinate {
          point [
            1.5109997379597142 -1.1799997385780756 0.9753870067719979,
            1.533835878206328 -1.0651947088685487 0.9753870067719976,
            1.5988677036037502 -0.9678677042221114 0.9753870067719976,
            1.6961947082501876 -0.9028358788246899 0.9753870067719976,
            1.8109997379597145 -0.8799997385780757 0.9753870067719976,
            1.9258047676692414 -0.9028358788246899 0.9753870067719976,
            2.0231317723156783 -0.9678677042221114 0.9753870067719976,
            2.0881635977131 -1.0651947088685487 0.9753870067719979,
            2.1109997379597143 -1.1799997385780756 0.9753870067719976,
            2.0881635977131 -1.2948047682876025 0.9753870067719979,
            2.0231317723156783 -1.39213177293404 0.9753870067719976,
            1.9258047676692414 -1.4571635983314617 0.9753870067719976,
            1.8109997379597145 -1.4799997385780757 0.9753870067719976,
            1.6961947082501871 -1.4571635983314617 0.9753870067719976,
            1.5988677036037502 -1.39213177293404 0.9753870067719976,
            1.5338358782063284 -1.294804768287603 0.9753870067719979,
            1.5110002379796588 -1.1799997385780758 0.4000000135439956,
            1.5338363782262725 -1.0651947088685487 0.4000000135439956,
            1.5988682036236948 -0.9678677042221117 0.4000000135439954,
            1.6961952082701321 -0.9028358788246899 0.4000000135439954,
            1.811000237979659 -0.8799997385780759 0.4000000135439956,
            1.925805267689186 -0.9028358788246899 0.4000000135439956,
            2.023132272335623 -0.9678677042221117 0.4000000135439956,
            2.0881640977330447 -1.0651947088685487 0.4000000135439956,
            2.111000237979659 -1.1799997385780756 0.4000000135439954,
            2.0881640977330447 -1.2948047682876027 0.4000000135439956,
            2.023132272335623 -1.39213177293404 0.4000000135439956,
            1.9258052676891864 -1.4571635983314617 0.4000000135439954,
            1.811000237979659 -1.4799997385780757 0.4000000135439956,
            1.6961952082701321 -1.4571635983314617 0.4000000135439954,
            1.5988682036236948 -1.3921317729340401 0.4000000135439954,
            1.533836378226273 -1.294804768287603 0.4000000135439956,
            1.6810002389796588 -1.1799997385780756 0.10000001354399557,
            1.6908958996770709 -1.1302508927532975 0.10000001354399546,
            1.7190763571325145 -1.0880758577309313 0.10000001354399546,
            1.7612513921548807 -1.059895400275488 0.10000001354399546,
            1.8110002379796586 -1.0499997395780758 0.10000001354399546,
            1.860749083804437 -1.059895400275488 0.10000001354399546,
            1.9029241188268031 -1.0880758577309313 0.10000001354399546,
            1.9311045762822463 -1.1302508927532975 0.10000001354399568,
            1.9410002369796588 -1.1799997385780756 0.10000001354399546,
            1.9311045762822463 -1.229748584402854 0.10000001354399568,
            1.9029241188268031 -1.27192361942522 0.10000001354399546,
            1.8607490838044374 -1.3001040768806633 0.10000001354399546,
            1.8110002379796586 -1.3099997375780756 0.10000001354399546,
            1.7612513921548807 -1.3001040768806633 0.10000001354399535,
            1.7190763571325145 -1.2719236194252201 0.10000001354399546,
            1.6908958996770709 -1.229748584402854 0.10000001354399568,
            1.5380466200197915 -1.075296368232631 0.9880535110571662,
            1.5155574120560518 -1.1890458454601893 1.0040839852731476,
            1.5380466200197915 -1.3014181349181098 1.027924879449281,
            1.602090465863709 -1.395305574193762 1.0559466335654935,
            1.6979388546169756 -1.4564146517491874 1.083883189575426,
            1.8109997379597145 -1.475442064481738 1.1074814600720768,
            1.9240606213024538 -1.4494910612868097 1.1231488222911858,
            2.01990901005572 -1.3825124471544006 1.1285000623598858,
            2.0839528558996374 -1.2847031089235206 1.1227205024868294,
            2.106442063863377 -1.170953631695962 1.106690028270848,
            2.0839528558996374 -1.0585813422380423 1.082849134094715,
            2.01990901005572 -0.9646939029623892 1.0548273799785022,
            1.9240606213024538 -0.9035848254069644 1.0268908239685697,
            1.8109997379597145 -0.8845574126744135 1.0032925534719186,
            1.6979388546169756 -0.9105084158693416 0.9876251912528096,
            1.602090465863709 -0.9774870300017512 0.9822739511841097,
            1.539993875817093 -1.082951491485485 1.0028122875029726,
            1.515062666820556 -1.1929096186122528 1.0342658921408034,
            1.5330702853547153 -1.2988195548761314 1.0807470197441436,
            1.5912752347372128 -1.3845574725569059 1.135179339987854,
            1.680816339053743 -1.43707055090384 1.1892760255450434,
            1.7880617768642466 -1.4483641497708526 1.2348013464273042,
            1.896684402444389 -1.4167189211071698 1.2648244852183748,
            1.990147405716146 -1.3469525641121256 1.2747746911977438,
            2.0542218916756267 -1.2496863742046134 1.263137135703896,
            2.0791531006721637 -1.1397282470778454 1.2316835310660652,
            2.061145482138004 -1.0338183108139676 1.1852024034627258,
            2.0029405327555074 -0.9480803931331921 1.1307700832190142,
            1.9133994284389773 -0.8955673147862583 1.0766733976618252,
            1.806153990628474 -0.8842737159192456 1.0311480767795642,
            1.6975313650483317 -0.9159189445829282 1.001124937988494,
            1.6040683617765747 -0.9856853015779728 0.9911747320091244,
            1.5415191674665283 -1.0804981461344136 1.0183299690805094,
            1.508272193136449 -1.183323901109141 1.063309819677646,
            1.5148639191753555 -1.2795534643586135 1.1296280257195197,
            1.5602908150479702 -1.3545367572012594 1.207188241512288,
            1.6376370476535231 -1.3968582530270308 1.2841826272866115,
            1.7351273542231644 -1.4000748877417681 1.3488894857641924,
            1.8379197193334957 -1.3636969578690183 1.3914577843109535,
            1.930364937211578 -1.2932626734651531 1.4054068853557358,
            1.9983890614534614 -1.199495015842282 1.3886131647133892,
            2.0316360357835412 -1.0966692608675541 1.3436333141162526,
            2.025044309744634 -1.0004396976180823 1.2773151080743799,
            1.97961741387202 -0.9254564047754356 1.1997548922816101,
            1.9022711812664665 -0.8831349089496644 1.1227605065072876,
            1.8047808746968257 -0.8799182742349273 1.0580536480297065,
            1.7019885095864948 -0.9162962041076769 1.0154853494829457,
            1.609543291708412 -0.9867304885115423 1.0015362484381625,
            1.5404415840840966 -1.075387455484307 1.033225052655371,
            1.496907122626518 -1.1688403871048283 1.088659558020686,
            1.4891559479863483 -1.2520919714365764 1.1705788911839878,
            1.51836810623798 -1.3124679094425307 1.266511576271767,
            1.5800963110964754 -1.3407765118705284 1.3618527316113664,
            1.6649430029396992 -1.3327080506190259 1.4420875305720564,
            1.7599910420716984 -1.2894908757727805 1.4950009523423364,
            1.8507702261472452 -1.217704410437469 1.5125374081190432,
            1.9234602473061906 -1.1282774932144621 1.4920271314785418,
            1.9669947087637687 -1.03482456159394 1.4365926261132271,
            1.9747458834039375 -0.9515729772621931 1.354673292949926,
            1.9455337251523073 -0.8911970392562382 1.2587406078621455,
            1.8838055202938118 -0.8628884368282405 1.1633994525225468,
            1.7989588284505875 -0.870956898079743 1.0831646535618569,
            1.7039107893185892 -0.9141740729259883 1.0302512317915768,
            1.6131316052430424 -0.9859605382613003 1.0127147760148694,
            1.5369872684845407 -1.0677679035898637 1.046609894538481,
            1.4818163838898362 -1.1501749743549181 1.1087945576711975,
            1.457663593541183 -1.2179366371358757 1.2011346027410499,
            1.4682059408235744 -1.2607367930353357 1.3095720949507448,
            1.5118384489298813 -1.272059506301987 1.417598409099672,
            1.5819184640305894 -1.2501809964816324 1.508767518119633,
            1.6677769391035353 -1.198432068365235 1.5691997516123701,
            1.7563426996278775 -1.1246910271533161 1.5896948498481747,
            1.8341324114144024 -1.0401842779061856 1.5671326199091744,
            1.889303296009107 -0.9577772071411307 1.5049479567764579,
            1.9134560863577588 -0.8900155443601739 1.412607911706606,
            1.9029137390753688 -0.8472153884607135 1.3041704194969101,
            1.8592812309690618 -0.8358926751940622 1.1961441053479838,
            1.7892012158683537 -0.8577711850144168 1.1049749963280227,
            1.7033427407954083 -0.909520113130814 1.0445427628352852,
            1.614776980271066 -0.9832611543427333 1.0240476645994803,
            1.5315262465338901 -1.0579398564083748 1.0576882783295511,
            1.4640744507125532 -1.1282967251689977 1.1225099599387585,
            1.4224542536488216 -1.1789942554806216 1.219459450729823,
            1.4130019530576248 -1.2023142079275553 1.3337770695791265,
            1.4371565760186513 -1.1947063311456514 1.4480589953086593,
            1.4912408001482889 -1.1573288554093786 1.5449068406943358,
            1.5670207925975124 -1.0958721625719225 1.609576399204091,
            1.65295973646327 -1.0196924770114801 1.6322223167858225,
            1.7359742065804653 -0.9403874652840573 1.6093969577734666,
            1.8034260024018023 -0.8700305965234335 1.5445752761642593,
            1.845046199465532 -0.8193330662118105 1.4476257853731949,
            1.8544985000567311 -0.7960131137648764 1.3333081665238906,
            1.8303438770957037 -0.8036209905467803 1.2190262407943586,
            1.7762596529660661 -0.8409984662830533 1.1221783954086821,
            1.700479660516843 -0.9024551591205089 1.057508836898927,
            1.6145407166510855 -0.9786348446809522 1.0348629193171948,
            1.5245500264556542 -1.0463373781902607 1.0658036164116957,
            1.4449162953765775 -1.10436920113864 1.1289895368978422,
            1.3858203456656035 -1.1374614196464932 1.2244581597534958,
            1.3562589999601107 -1.1405760434277052 1.3376752525741034,
            1.3607327051694926 -1.1132388992457238 1.451404539293231,
            1.3985603802298603 -1.0596118194904254 1.5483317669664423,
            1.4639831045220015 -0.9878590409238649 1.613700643827997,
            1.5470408613309097 -0.908904273642246 1.637559350946068,
            1.6350888601028686 -0.8347676652374448 1.616275616441648,
            1.7147225911819453 -0.776735842289065 1.553089695955502,
            1.773818540892918 -0.7436436237812124 1.4576210730998485,
            1.803379886598413 -0.7405289999999999 1.3444039802792402,
            1.7989061813890301 -0.7678661441819813 1.2306746935601134,
            1.7610785063286625 -0.82149322393728 1.1337474658869022,
            1.6956557820365221 -0.8932460025038401 1.0683785890253477,
            1.6125980252276135 -0.9722007697854601 1.0445198819072758 ]
        }
        coordIndex [
          0, 1, 17, 16, -1,
          0, 15, 50, 49, -1,
          0, 16, 31, 15, -1,
          0, 49, 48, 1, -1,
          1, 2, 18, 17, -1,
          1, 48, 63, 2, -1,
          2, 3, 19, 18, -1,
          2, 63, 62, 3, -1,
          3, 4, 20, 19, -1,
          3, 62, 61, 4, -1,
          4, 5, 21, 20, -1,
          4, 61, 60, 5, -1,
          5, 6, 22, 21, -1,
          5, 60, 59, 6, -1,
          6, 7, 23, 22, -1,
          6, 59, 58, 7, -1,
          7, 8, 24, 23, -1,
          7, 58, 57, 8, -1,
          8, 9, 25, 24, -1,
          8, 57, 56, 9, -1,
          9, 10, 26, 25, -1,
          9, 56, 55, 10, -1,
          10, 11, 27, 26, -1,
          10, 55, 54, 11, -1,
          11, 12, 28, 27, -1,
          11, 54, 53, 12, -1,
          12, 13, 29, 28, -1,
          12, 53, 52, 13, -1,
          13, 14, 30, 29, -1,
          13, 52, 51, 14, -1,
          14, 15, 31, 30, -1,
          14, 51, 50, 15, -1,
          16, 17, 33, 32, -1,
          16, 32, 47, 31, -1,
          17, 18, 34, 33, -1,
          18, 19, 35, 34, -1,
          19, 20, 36, 35, -1,
          20, 21, 37, 36, -1,
          21, 22, 38, 37, -1,
          22, 23, 39, 38, -1,
          23, 24, 40, 39, -1,
          24, 25, 41, 40, -1,
          25, 26, 42, 41, -1,
          26, 27, 43, 42, -1,
          27, 28, 44, 43, -1,
          28, 29, 45, 44, -1,
          29, 30, 46, 45, -1,
          30, 31, 47, 46, -1,
          32, 33, 34, 35, 36, 37, 38, 39, 40, 41, 42, 43, 44, 45, 46, 47, -1,
          48, 49, 65, 64, -1,
          48, 64, 79, 63, -1,
          49, 50, 66, 65, -1,
          50, 51, 67, 66, -1,
          51, 52, 68, 67, -1,
          52, 53, 69, 68, -1,
          53, 54, 70, 69, -1,
          54, 55, 71, 70, -1,
          55, 56, 72, 71, -1,
          56, 57, 73, 72, -1,
          57, 58, 74, 73, -1,
          58, 59, 75, 74, -1,
          59, 60, 76, 75, -1,
          60, 61, 77, 76, -1,
          61, 62, 78, 77, -1,
          62, 63, 79, 78, -1,
          64, 65, 81, 80, -1,
          64, 80, 95, 79, -1,
          65, 66, 82, 81, -1,
          66, 67, 83, 82, -1,
          67, 68, 84, 83, -1,
          68, 69, 85, 84, -1,
          69, 70, 86, 85, -1,
          70, 71, 87, 86, -1,
          71, 72, 88, 87, -1,
          72, 73, 89, 88, -1,
          73, 74, 90, 89, -1,
          74, 75, 91, 90, -1,
          75, 76, 92, 91, -1,
          76, 77, 93, 92, -1,
          77, 78, 94, 93, -1,
          78, 79, 95, 94, -1,
          80, 81, 97, 96, -1,
          80, 96, 111, 95, -1,
          81, 82, 98, 97, -1,
          82, 83, 99, 98, -1,
          83, 84, 100, 99, -1,
          84, 85, 101, 100, -1,
          85, 86, 102, 101, -1,
          86, 87, 103, 102, -1,
          87, 88, 104, 103, -1,
          88, 89, 105, 104, -1,
          89, 90, 106, 105, -1,
          90, 91, 107, 106, -1,
          91, 92, 108, 107, -1,
          92, 93, 109, 108, -1,
          93, 94, 110, 109, -1,
          94, 95, 111, 110, -1,
          96, 97, 113, 112, -1,
          96, 112, 127, 111, -1,
          97, 98, 114, 113, -1,
          98, 99, 115, 114, -1,
          99, 100, 116, 115, -1,
          100, 101, 117, 116, -1,
          101, 102, 118, 117, -1,
          102, 103, 119, 118, -1,
          103, 104, 120, 119, -1,
          104, 105, 121, 120, -1,
          105, 106, 122, 121, -1,
          106, 107, 123, 122, -1,
          107, 108, 124, 123, -1,
          108, 109, 125, 124, -1,
          109, 110, 126, 125, -1,
          110, 111, 127, 126, -1,
          112, 113, 129, 128, -1,
          112, 128, 143, 127, -1,
          113, 114, 130, 129, -1,
          114, 115, 131, 130, -1,
          115, 116, 132, 131, -1,
          116, 117, 133, 132, -1,
          117, 118, 134, 133, -1,
          118, 119, 135, 134, -1,
          119, 120, 136, 135, -1,
          120, 121, 137, 136, -1,
          121, 122, 138, 137, -1,
          122, 123, 139, 138, -1,
          123, 124, 140, 139, -1,
          124, 125, 141, 140, -1,
          125, 126, 142, 141, -1,
          126, 127, 143, 142, -1,
          128, 129, 145, 144, -1,
          128, 144, 159, 143, -1,
          129, 130, 146, 145, -1,
          130, 131, 147, 146, -1,
          131, 132, 148, 147, -1,
          132, 133, 149, 148, -1,
          133, 134, 150, 149, -1,
          134, 135, 151, 150, -1,
          135, 136, 152, 151, -1,
          136, 137, 153, 152, -1,
          137, 138, 154, 153, -1,
          138, 139, 155, 154, -1,
          139, 140, 156, 155, -1,
          140, 141, 157, 156, -1,
          141, 142, 158, 157, -1,
          142, 143, 159, 158, -1,
          144, 145, 146, 147, 148, 149, 150, 151, 152, 153, 154, 155, 156, 157, 158, 159, -1 ]
        normal Normal {
          vector [
            -0.8462027899674399 0.35821733975608044 0.3944884988810161,
            -0.9950371624535266 0.01009139773245229 0.0989909542748204,
            -0.9209127116271946 -0.38968042484463955 -0.008303255767991348,
            -0.697127987615938 -0.7169195124991496 0.006243515078396122,
            -0.3710702562416745 -0.9265194877338379 0.06219729722555939,
            0.008861548884058275 -0.9925027529780092 0.12190060821196991,
            0.38676002192171144 -0.9073213360270518 0.16487776876584384,
            0.7062103318474275 -0.6847585121224735 0.17992428204042551,
            0.9189976849844977 -0.35878516307439534 0.16345171076135404,
            0.9926319900771969 0.021390668208187556 0.1192651314885907,
            0.9150687813942122 0.3989953203545841 0.05875252890603379,
            0.695592942264163 0.7184317221791197 0.0025138096644527785,
            0.3617266886320279 0.9322102643923893 -0.011739918772272451,
            -0.03981680527844055 0.9945436041330672 0.09642427855798315,
            -0.38255688493894274 0.8360577799324561 0.39326532824573457,
            -0.5875501588236257 0.5715669309766763 0.5727966954166508,
            -0.9049603426683172 0.39854225526093484 0.14903304656743016,
            -0.995580292376916 -0.002944039802090769 -0.09386806730905979,
            -0.9061676074218774 -0.40970656851926807 -0.10488467462635627,
            -0.6916175998722635 -0.7222171338674171 0.008216270155183284,
            -0.38237096594837444 -0.9107191215553198 0.15615097192529312,
            -0.01934846023446296 -0.9564591142778722 0.2912243118308352,
            0.34587167878749797 -0.856458121073701 0.38321308518841496,
            0.6594652706694023 -0.6273431377907963 0.4141812939374857,
            0.874233790345104 -0.30419616225150636 0.37839129838077434,
            0.9570605902759075 0.06451220599090755 0.28261847395193085,
            0.8935209807182077 0.42464978461194525 0.1459205860918897,
            0.6884000227983792 0.7253312302688383 1.2250667166616172e-4,
            0.3610652229605885 0.9268054514286248 -0.10326451457593541,
            -0.05654298381891286 0.9962833581063902 -0.06497969945381536,
            -0.4407840569072106 0.8754531276364065 0.19822017174862552,
            -0.6761329522181878 0.6456955591875309 0.35485416126941444,
            -0.9077300803368318 0.4056554098120007 -0.10709710426499251,
            -0.959616620841612 -0.03407362372805586 -0.27923991328347886,
            -0.880779164645276 -0.4318909289816282 -0.1941604712348936,
            -0.6974645566955252 -0.7165477125062646 0.010127578958177182,
            -0.42318327113388415 -0.8734185813994503 0.2409479211335871,
            -0.09010336579546543 -0.8918924782041344 0.44318076537144097,
            0.255960491749507 -0.7744378957863147 0.5785587024956202,
            0.5645633415894211 -0.5408776566791801 0.6234738116702463,
            0.7893435140319683 -0.22707119671329512 0.570416942664623,
            0.8953844167650116 0.12024209505364047 0.4287523583509382,
            0.8639049693292699 0.45108796604463586 0.22402645124606782,
            0.6927321568657662 0.721189669277816 -0.0027603932795845993,
            0.3903360208264072 0.9009241302876793 -0.18966681921410342,
            -0.03035838025157974 0.974080254680625 -0.22415625396100236,
            -0.4533259452242614 0.8913211145998208 -0.0065006195907105525,
            -0.7149213062966416 0.6896517665421082 0.11518666028864967,
            -0.8633929299679783 0.38089537564518383 -0.33086456639148276,
            -0.8983124960161475 -0.08204547089415551 -0.4316285442449275,
            -0.8472178589509253 -0.45904514732164403 -0.26739381480329744,
            -0.7102069781999371 -0.7039031070490671 0.011245621493886318,
            -0.4842954804183271 -0.8183092231696205 0.3095608226535036,
            -0.191416716604255 -0.8013850951049172 0.5666935414738103,
            0.12978035163532559 -0.662206779635115 0.7379967759649777,
            0.43305659767522153 -0.424395418509139 0.7952046981491082,
            0.6729575357814175 -0.12456961240495946 0.7291162916162829,
            0.8120862868412418 0.1928674131452957 0.5507431558095353,
            0.8260714986928608 0.483136711259335 0.290146165373325,
            0.704426583330045 0.7097538404344608 -0.005716177612109289,
            0.44400706251983696 0.8543017708626764 -0.2702336262077699,
            0.03780792246488501 0.9203574618526121 -0.3892463274214758,
            -0.4184506138465308 0.8766511233357531 -0.23744871388496444,
            -0.7029625789598511 0.6991763602198978 -0.1303688225450038,
            -0.7822094771891257 0.31765469001343083 -0.5359513333391249,
            -0.8133262560844079 -0.15575052597326067 -0.560573077147639,
            -0.8024615854415229 -0.4985036687249857 -0.32794739846263027,
            -0.722565728715626 -0.6912564555121576 0.007954897763317969,
            -0.5545510046487616 -0.7521225946079833 0.3560685129623292,
            -0.30958368711981826 -0.6908049540352028 0.6534113988519942,
            -0.01836416275438989 -0.5239945754115203 0.8515236006509924,
            0.2776923947461685 -0.2798620517848872 0.9190017224526248,
            0.5342913359787606 0.0039325952603071895 0.8452912533515,
            0.7113819089646441 0.28557286913775537 0.6421712513109327,
            0.7784720543510383 0.5261801318871385 0.3422217547171828,
            0.7161039816362833 0.6979784809644822 -0.00459647638691991,
            0.5092346197745532 0.7943974306223168 -0.33107827510080995,
            0.13155075074777772 0.8387832485548057 -0.5283342331531652,
            -0.3450530213243275 0.8221002864924288 -0.4528681170319009,
            -0.6489058692044394 0.6659159918078843 -0.36807209180614703,
            -0.6690944207684685 0.21976182915340522 -0.7099418247600694,
            -0.7098028136413711 -0.25072681881003445 -0.6582674441867783,
            -0.7492198076192513 -0.5478777459790432 -0.3721554182487407,
            -0.7337926319350199 -0.6793733632079847 4.5462220379209546e-4,
            -0.629696702001632 -0.6788655139851175 0.3776555009661451,
            -0.4374506635876825 -0.566846375875661 0.698084595936141,
            -0.1795046516107565 -0.3681683989081767 0.9122664687992706,
            0.10787619944134923 -0.11602734399499173 0.9873704375965274,
            0.38173951448435517 0.15065613604409372 0.911908806709044,
            0.5993677432506839 0.3927462431170389 0.6975017540250591,
            0.7239882202037954 0.5776124574280588 0.37710065768977336,
            0.7270574233020479 0.6865764497412279 5.309257176583818e-4,
            0.582069934754822 0.7248376095134678 -0.3685173413685153,
            0.24519508404895207 0.7342959694874353 -0.6329998419847631,
            -0.23757652458828987 0.7309710126452573 -0.6397177296565392,
            -0.5560236720494538 0.5918841835950223 -0.5835330233420346,
            -0.6791666750807672 0.3924545994479209 -0.6202515738246116,
            -0.786230225102542 0.060802177003425356 -0.6149350603168193,
            -0.9015400085025588 -0.16867179293355122 -0.39846635910423767,
            -0.9612072505872464 -0.2660023735899701 -0.07296135047412791,
            -0.9279271453188025 -0.2442701245095719 0.2815729377134391,
            -0.7934496022824236 -0.11786805277766128 0.5971137670262393,
            -0.5737855303394639 0.08763467586111441 0.8143035851325827,
            -0.30446063424413106 0.3344005852839353 0.8918968386295711,
            -0.03268282285335331 0.5781210297011243 0.8152962088147154,
            0.19249391845682065 0.7767746767439486 0.5996392189696007,
            0.32961411429540427 0.8996017427226953 0.286480784953451,
            0.35048704413097226 0.9343317421940954 -0.0646763281647948,
            0.2373095713753599 0.8923332290881134 -0.38396038285065753,
            -0.025965732081240245 0.8141387803495403 -0.5800894992054658,
            -0.3632256729966067 0.7428985654144523 -0.5622889221577383,
            -0.5730488488047657 0.6315977168583106 -0.5222062245348115,
            -0.9999999999996224 -1.655511360087618e-15 -8.690150289180557e-7,
            -0.9999999999996224 -1.655511360087618e-15 -8.690150289180557e-7,
            -0.9824700453407973 0.009011965647863714 0.18620256304147192,
            -0.9824700453407973 0.009011965647863714 0.18620256304147192,
            -0.9238795325109848 0.38268343236497676 -8.028651987346294e-7,
            -0.9238795325109848 0.38268343236497676 -8.028651987346294e-7,
            -0.8036301333600223 0.3280107342363856 0.4965758421243023,
            -0.8036301333600223 0.3280107342363856 0.4965758421243023,
            -0.707106781186402 0.7071067811864259 -6.144864200380349e-7,
            -0.707106781186402 0.7071067811864259 -6.144864200380349e-7,
            -0.5290215224117869 0.5219643854866618 0.6690959640504841,
            -0.5290215224117869 0.5219643854866618 0.6690959640504841,
            -0.38268343236505925 0.9238795325112396 -3.325576542224598e-7,
            -0.38268343236505925 0.9238795325112396 -3.325576542224598e-7,
            -0.3393799862643268 0.7989971589892421 0.4964118903192642,
            -0.3393799862643268 0.7989971589892421 0.4964118903192642,
            0.0 1.0 -1.9203267226602048e-16,
            0.0 1.0 -1.9203267226602048e-16,
            -0.023667744413940896 0.9822403038805083 0.18612851288043705,
            -0.023667744413940896 0.9822403038805083 0.18612851288043705,
            0.38268343236506014 0.9238795325112392 3.325576538662976e-7,
            0.38268343236506014 0.9238795325112392 3.325576538662976e-7,
            0.3673702709661309 0.9292931417991163 0.0381227047230263,
            0.3673702709661309 0.9292931417991163 0.0381227047230263,
            0.707106781186404 0.707106781186424 6.144864197688627e-7,
            0.707106781186404 0.707106781186424 6.144864197688627e-7,
            0.7012882936467193 0.7128635023117866 0.0045117918664837305,
            0.7012882936467193 0.7128635023117866 0.0045117918664837305,
            0.9238795325109845 0.38268343236497704 8.028651986115316e-7,
            0.9238795325109845 0.38268343236497704 8.028651986115316e-7,
            0.9222245821275792 0.38641586790622257 0.013586653373537948,
            0.9222245821275792 0.38641586790622257 0.013586653373537948,
            0.9999999999996225 9.904768821037037e-17 8.690150289393937e-7,
            0.9999999999996225 9.904768821037037e-17 8.690150289393937e-7,
            0.9994107094436802 0.0033456658845722217 0.034161972558224334,
            0.9994107094436802 0.0033456658845722217 0.034161972558224334,
            0.9238795325109846 -0.38268343236497665 8.028651987395526e-7,
            0.9238795325109846 -0.38268343236497665 8.028651987395526e-7,
            0.9245221355047366 -0.3776566131753439 0.05132546625886778,
            0.9245221355047366 -0.3776566131753439 0.05132546625886778,
            0.7071067811864048 -0.7071067811864232 6.144864200675799e-7,
            0.7071067811864048 -0.7071067811864232 6.144864200675799e-7,
            0.7112662100032342 -0.7005433107470576 0.057787959603939947,
            0.7112662100032342 -0.7005433107470576 0.057787959603939947,
            0.38268343236506047 -0.923879532511239 3.3255765419127615e-7,
            0.38268343236506047 -0.923879532511239 3.3255765419127615e-7,
            0.39166813681440327 -0.9186740388160226 0.05132329889817115,
            0.39166813681440327 -0.9186740388160226 0.05132329889817115,
            0.0 -1.0 0.0,
            0.0 -1.0 0.0,
            0.011883336226380367 -0.9993457391795604 0.03415962388242561,
            0.011883336226380367 -0.9993457391795604 0.03415962388242561,
            -0.38268343236505914 -0.9238795325112397 -3.3255765410921015e-7,
            -0.38268343236505914 -0.9238795325112397 -3.3255765410921015e-7,
            -0.37227944612354286 -0.9280212513857379 0.013585689912451203,
            -0.37227944612354286 -0.9280212513857379 0.013585689912451203,
            -0.7071067811864034 -0.7071067811864247 -6.14486419873906e-7,
            -0.7071067811864034 -0.7071067811864247 -6.14486419873906e-7,
            -0.7020515675900243 -0.7121118167091358 0.004511867418668221,
            -0.7020515675900243 -0.7121118167091358 0.004511867418668221,
            -0.9238795325109845 -0.3826834323649771 -8.028651985885524e-7,
            -0.9238795325109845 -0.3826834323649771 -8.028651985885524e-7,
            -0.9235906531918404 -0.38147914000926836 0.038130972639817455,
            -0.9235906531918404 -0.38147914000926836 0.038130972639817455,
            -0.9999999999996224 -1.655511360087618e-15 -8.690150289180557e-7,
            -0.9999999999996224 -1.655511360087618e-15 -8.690150289180557e-7,
            -0.8700221846046784 -1.352070581976541e-15 -0.49301257417605804,
            -0.8700221846046784 -1.352070581976541e-15 -0.49301257417605804,
            -0.9238795325109848 0.38268343236497676 -8.028651987346294e-7,
            -0.9238795325109848 0.38268343236497676 -8.028651987346294e-7,
            -0.8037956891870183 0.33294307583829236 -0.4930125741760584,
            -0.8037956891870183 0.33294307583829236 -0.4930125741760584,
            -0.707106781186402 0.7071067811864259 -6.144864200380349e-7,
            -0.707106781186402 0.7071067811864259 -6.144864200380349e-7,
            -0.6151985865167012 0.6151985865167036 -0.4930125741760577,
            -0.6151985865167012 0.6151985865167036 -0.4930125741760577,
            -0.38268343236505925 0.9238795325112396 -3.325576542224598e-7,
            -0.38268343236505925 0.9238795325112396 -3.325576542224598e-7,
            -0.3329430758382916 0.8037956891870189 -0.49301257417605776,
            -0.3329430758382916 0.8037956891870189 -0.49301257417605776,
            0.0 1.0 -1.9203267226602048e-16,
            0.0 1.0 -1.9203267226602048e-16,
            1.126725484980451e-16 0.8700221846046785 -0.49301257417605765,
            1.126725484980451e-16 0.8700221846046785 -0.49301257417605765,
            0.38268343236506014 0.9238795325112392 3.325576538662976e-7,
            0.38268343236506014 0.9238795325112392 3.325576538662976e-7,
            0.3329430758382923 0.8037956891870186 -0.49301257417605787,
            0.3329430758382923 0.8037956891870186 -0.49301257417605787,
            0.707106781186404 0.707106781186424 6.144864197688627e-7,
            0.707106781186404 0.707106781186424 6.144864197688627e-7,
            0.615198586516703 0.6151985865167017 -0.4930125741760579,
            0.615198586516703 0.6151985865167017 -0.4930125741760579,
            0.9238795325109845 0.38268343236497704 8.028651986115316e-7,
            0.9238795325109845 0.38268343236497704 8.028651986115316e-7,
            0.8037956891870179 0.33294307583829363 -0.4930125741760581,
            0.8037956891870179 0.33294307583829363 -0.4930125741760581,
            0.9999999999996225 9.904768821037037e-17 8.690150289393937e-7,
            0.9999999999996225 9.904768821037037e-17 8.690150289393937e-7,
            0.8700221846046778 2.253450969960904e-16 -0.49301257417605876,
            0.8700221846046778 2.253450969960904e-16 -0.49301257417605876,
            0.9238795325109846 -0.38268343236497665 8.028651987395526e-7,
            0.9238795325109846 -0.38268343236497665 8.028651987395526e-7,
            0.8037956891870178 -0.33294307583829347 -0.4930125741760582,
            0.8037956891870178 -0.33294307583829347 -0.4930125741760582,
            0.7071067811864048 -0.7071067811864232 6.144864200675799e-7,
            0.7071067811864048 -0.7071067811864232 6.144864200675799e-7,
            0.615198586516704 -0.6151985865167006 -0.49301257417605826,
            0.615198586516704 -0.6151985865167006 -0.49301257417605826,
            0.38268343236506047 -0.923879532511239 3.3255765419127615e-7,
            0.38268343236506047 -0.923879532511239 3.3255765419127615e-7,
            0.3329430758382934 -0.8037956891870176 -0.49301257417605876,
            0.3329430758382934 -0.8037956891870176 -0.49301257417605876,
            0.0 -1.0 0.0,
            0.0 -1.0 0.0,
            -5.492786739279698e-16 -0.8700221846046782 -0.49301257417605826,
            -5.492786739279698e-16 -0.8700221846046782 -0.49301257417605826,
            -0.38268343236505914 -0.9238795325112397 -3.3255765410921015e-7,
            -0.38268343236505914 -0.9238795325112397 -3.3255765410921015e-7,
            -0.3329430758382912 -0.8037956891870189 -0.4930125741760581,
            -0.3329430758382912 -0.8037956891870189 -0.4930125741760581,
            -0.7071067811864034 -0.7071067811864247 -6.14486419873906e-7,
            -0.7071067811864034 -0.7071067811864247 -6.14486419873906e-7,
            -0.6151985865167016 -0.6151985865167029 -0.49301257417605826,
            -0.6151985865167016 -0.6151985865167029 -0.49301257417605826,
            -0.9238795325109845 -0.3826834323649771 -8.028651985885524e-7,
            -0.9238795325109845 -0.3826834323649771 -8.028651985885524e-7,
            -0.8037956891870184 -0.3329430758382924 -0.4930125741760581,
            -0.8037956891870184 -0.3329430758382924 -0.4930125741760581,
            -0.8700221846046784 -1.352070581976541e-15 -0.49301257417605804,
            -0.8700221846046784 -1.352070581976541e-15 -0.49301257417605804,
            1.0058545042378114e-16 1.6921578347986904e-17 -1.0,
            -0.8037956891870183 0.33294307583829236 -0.4930125741760584,
            -0.8037956891870183 0.33294307583829236 -0.4930125741760584,
            1.0058545042378114e-16 1.6921578347986904e-17 -1.0,
            -0.6151985865167012 0.6151985865167036 -0.4930125741760577,
            -0.6151985865167012 0.6151985865167036 -0.4930125741760577,
            1.0058545042378114e-16 1.6921578347986904e-17 -1.0,
            -0.3329430758382916 0.8037956891870189 -0.49301257417605776,
            -0.3329430758382916 0.8037956891870189 -0.49301257417605776,
            1.0058545042378114e-16 1.6921578347986904e-17 -1.0,
            1.126725484980451e-16 0.8700221846046785 -0.49301257417605765,
            1.126725484980451e-16 0.8700221846046785 -0.49301257417605765,
            1.0058545042378114e-16 1.6921578347986904e-17 -1.0,
            0.3329430758382923 0.8037956891870186 -0.49301257417605787,
            0.3329430758382923 0.8037956891870186 -0.49301257417605787,
            1.0058545042378114e-16 1.6921578347986904e-17 -1.0,
            0.615198586516703 0.6151985865167017 -0.4930125741760579,
            0.615198586516703 0.6151985865167017 -0.4930125741760579,
            1.0058545042378114e-16 1.6921578347986904e-17 -1.0,
            0.8037956891870179 0.33294307583829363 -0.4930125741760581,
            0.8037956891870179 0.33294307583829363 -0.4930125741760581,
            1.0058545042378114e-16 1.6921578347986904e-17 -1.0,
            0.8700221846046778 2.253450969960904e-16 -0.49301257417605876,
            0.8700221846046778 2.253450969960904e-16 -0.49301257417605876,
            1.0058545042378114e-16 1.6921578347986904e-17 -1.0,
            0.8037956891870178 -0.33294307583829347 -0.4930125741760582,
            0.8037956891870178 -0.33294307583829347 -0.4930125741760582,
            1.0058545042378114e-16 1.6921578347986904e-17 -1.0,
            0.615198586516704 -0.6151985865167006 -0.49301257417605826,
            0.615198586516704 -0.6151985865167006 -0.49301257417605826,
            1.0058545042378114e-16 1.6921578347986904e-17 -1.0,
            0.3329430758382934 -0.8037956891870176 -0.49301257417605876,
            0.3329430758382934 -0.8037956891870176 -0.49301257417605876,
            1.0058545042378114e-16 1.6921578347986904e-17 -1.0,
            -5.492786739279698e-16 -0.8700221846046782 -0.49301257417605826,
            -5.492786739279698e-16 -0.8700221846046782 -0.49301257417605826,
            1.0058545042378114e-16 1.6921578347986904e-17 -1.0,
            -0.3329430758382912 -0.8037956891870189 -0.4930125741760581,
            -0.3329430758382912 -0.8037956891870189 -0.4930125741760581,
            1.0058545042378114e-16 1.6921578347986904e-17 -1.0,
            -0.6151985865167016 -0.6151985865167029 -0.49301257417605826,
            -0.6151985865167016 -0.6151985865167029 -0.49301257417605826,
            1.0058545042378114e-16 1.6921578347986904e-17 -1.0,
            -0.8037956891870184 -0.3329430758382924 -0.4930125741760581,
            -0.8037956891870184 -0.3329430758382924 -0.4930125741760581,
            1.0058545042378114e-16 1.6921578347986904e-17 -1.0 ]
        }
        normalIndex [
          112, 116, 180, 176, -1,
          115, 174, 2, 1, -1,
          113, 177, 237, 173, -1,
          114, 1, 0, 118, -1,
          117, 120, 184, 181, -1,
          119, 0, 15, 123, -1,
          121, 124, 188, 185, -1,
          122, 15, 14, 127, -1,
          125, 128, 192, 189, -1,
          126, 14, 13, 131, -1,
          129, 132, 196, 193, -1,
          130, 13, 12, 135, -1,
          133, 136, 200, 197, -1,
          134, 12, 11, 139, -1,
          137, 140, 204, 201, -1,
          138, 11, 10, 143, -1,
          141, 144, 208, 205, -1,
          142, 10, 9, 147, -1,
          145, 148, 212, 209, -1,
          146, 9, 8, 151, -1,
          149, 152, 216, 213, -1,
          150, 8, 7, 155, -1,
          153, 156, 220, 217, -1,
          154, 7, 6, 159, -1,
          157, 160, 224, 221, -1,
          158, 6, 5, 163, -1,
          161, 164, 228, 225, -1,
          162, 5, 4, 167, -1,
          165, 168, 232, 229, -1,
          166, 4, 3, 171, -1,
          169, 172, 236, 233, -1,
          170, 3, 2, 175, -1,
          178, 182, 243, 240, -1,
          179, 241, 286, 239, -1,
          183, 186, 246, 244, -1,
          187, 190, 249, 247, -1,
          191, 194, 252, 250, -1,
          195, 198, 255, 253, -1,
          199, 202, 258, 256, -1,
          203, 206, 261, 259, -1,
          207, 210, 264, 262, -1,
          211, 214, 267, 265, -1,
          215, 218, 270, 268, -1,
          219, 222, 273, 271, -1,
          223, 226, 276, 274, -1,
          227, 230, 279, 277, -1,
          231, 234, 282, 280, -1,
          235, 238, 285, 283, -1,
          242, 245, 248, 251, 254, 257, 260, 263, 266, 269, 272, 275, 278, 281, 284, 287, -1,
          0, 1, 17, 16, -1,
          0, 16, 31, 15, -1,
          1, 2, 18, 17, -1,
          2, 3, 19, 18, -1,
          3, 4, 20, 19, -1,
          4, 5, 21, 20, -1,
          5, 6, 22, 21, -1,
          6, 7, 23, 22, -1,
          7, 8, 24, 23, -1,
          8, 9, 25, 24, -1,
          9, 10, 26, 25, -1,
          10, 11, 27, 26, -1,
          11, 12, 28, 27, -1,
          12, 13, 29, 28, -1,
          13, 14, 30, 29, -1,
          14, 15, 31, 30, -1,
          16, 17, 33, 32, -1,
          16, 32, 47, 31, -1,
          17, 18, 34, 33, -1,
          18, 19, 35, 34, -1,
          19, 20, 36, 35, -1,
          20, 21, 37, 36, -1,
          21, 22, 38, 37, -1,
          22, 23, 39, 38, -1,
          23, 24, 40, 39, -1,
          24, 25, 41, 40, -1,
          25, 26, 42, 41, -1,
          26, 27, 43, 42, -1,
          27, 28, 44, 43, -1,
          28, 29, 45, 44, -1,
          29, 30, 46, 45, -1,
          30, 31, 47, 46, -1,
          32, 33, 49, 48, -1,
          32, 48, 63, 47, -1,
          33, 34, 50, 49, -1,
          34, 35, 51, 50, -1,
          35, 36, 52, 51, -1,
          36, 37, 53, 52, -1,
          37, 38, 54, 53, -1,
          38, 39, 55, 54, -1,
          39, 40, 56, 55, -1,
          40, 41, 57, 56, -1,
          41, 42, 58, 57, -1,
          42, 43, 59, 58, -1,
          43, 44, 60, 59, -1,
          44, 45, 61, 60, -1,
          45, 46, 62, 61, -1,
          46, 47, 63, 62, -1,
          48, 49, 65, 64, -1,
          48, 64, 79, 63, -1,
          49, 50, 66, 65, -1,
          50, 51, 67, 66, -1,
          51, 52, 68, 67, -1,
          52, 53, 69, 68, -1,
          53, 54, 70, 69, -1,
          54, 55, 71, 70, -1,
          55, 56, 72, 71, -1,
          56, 57, 73, 72, -1,
          57, 58, 74, 73, -1,
          58, 59, 75, 74, -1,
          59, 60, 76, 75, -1,
          60, 61, 77, 76, -1,
          61, 62, 78, 77, -1,
          62, 63, 79, 78, -1,
          64, 65, 81, 80, -1,
          64, 80, 95, 79, -1,
          65, 66, 82, 81, -1,
          66, 67, 83, 82, -1,
          67, 68, 84, 83, -1,
          68, 69, 85, 84, -1,
          69, 70, 86, 85, -1,
          70, 71, 87, 86, -1,
          71, 72, 88, 87, -1,
          72, 73, 89, 88, -1,
          73, 74, 90, 89, -1,
          74, 75, 91, 90, -1,
          75, 76, 92, 91, -1,
          76, 77, 93, 92, -1,
          77, 78, 94, 93, -1,
          78, 79, 95, 94, -1,
          80, 81, 97, 96, -1,
          80, 96, 111, 95, -1,
          81, 82, 98, 97, -1,
          82, 83, 99, 98, -1,
          83, 84, 100, 99, -1,
          84, 85, 101, 100, -1,
          85, 86, 102, 101, -1,
          86, 87, 103, 102, -1,
          87, 88, 104, 103, -1,
          88, 89, 105, 104, -1,
          89, 90, 106, 105, -1,
          90, 91, 107, 106, -1,
          91, 92, 108, 107, -1,
          92, 93, 109, 108, -1,
          93, 94, 110, 109, -1,
          94, 95, 111, 110, -1,
          96, 97, 98, 99, 100, 101, 102, 103, 104, 105, 106, 107, 108, 109, 110, 111, -1 ]
      }
    }

  ]
}

DEF Cylinder7 Transform {
  children [
    Shape {
      appearance Appearance {
        material USE pins
      }
      geometry IndexedFaceSet {
        normalPerVertex TRUE
        coord Coordinate {
          point [
            -1.6509998346499999 1.18000044094 0.6,
            -1.663179109448194 1.1187710917615856 0.6,
            -1.6978627496601524 1.0668633559501524 0.6,
            -1.7497704854715854 1.0321797157381942 0.6,
            -1.81099983465 1.02000044094 0.6,
            -1.8722291838284142 1.0321797157381942 0.6,
            -1.9241369196398477 1.0668633559501524 0.6,
            -1.9588205598518056 1.1187710917615856 0.6,
            -1.9709998346499997 1.18000044094 0.6,
            -1.9588205598518056 1.2412297901184144 0.6,
            -1.9241369196398477 1.2931375259298477 0.6,
            -1.8722291838284142 1.327821166141806 0.6,
            -1.81099983465 1.3400004409400001 0.6,
            -1.7497704854715854 1.327821166141806 0.6,
            -1.6978627496601524 1.2931375259298477 0.6,
            -1.663179109448194 1.2412297901184146 0.6,
            -1.6509998346499999 1.18000044094 -1.0,
            -1.663179109448194 1.1187710917615856 -1.0,
            -1.6978627496601524 1.0668633559501524 -1.0,
            -1.7497704854715854 1.032179715738194 -1.0,
            -1.81099983465 1.0200004409399999 -1.0,
            -1.8722291838284142 1.032179715738194 -1.0,
            -1.9241369196398477 1.0668633559501524 -1.0,
            -1.9588205598518056 1.1187710917615856 -1.0,
            -1.9709998346499997 1.18000044094 -1.0,
            -1.9588205598518056 1.2412297901184144 -1.0,
            -1.9241369196398477 1.2931375259298477 -1.0,
            -1.8722291838284142 1.3278211661418058 -1.0,
            -1.81099983465 1.34000044094 -1.0,
            -1.7497704854715854 1.3278211661418058 -1.0,
            -1.6978627496601524 1.2931375259298477 -1.0,
            -1.663179109448194 1.2412297901184144 -1.0 ]
        }
        coordIndex [
          0, 1, 17, 16, -1,
          0, 15, 14, 13, 12, 11, 10, 9, 8, 7, 6, 5, 4, 3, 2, 1, -1,
          0, 16, 31, 15, -1,
          1, 2, 18, 17, -1,
          2, 3, 19, 18, -1,
          3, 4, 20, 19, -1,
          4, 5, 21, 20, -1,
          5, 6, 22, 21, -1,
          6, 7, 23, 22, -1,
          7, 8, 24, 23, -1,
          8, 9, 25, 24, -1,
          9, 10, 26, 25, -1,
          10, 11, 27, 26, -1,
          11, 12, 28, 27, -1,
          12, 13, 29, 28, -1,
          13, 14, 30, 29, -1,
          14, 15, 31, 30, -1,
          16, 17, 18, 19, 20, 21, 22, 23, 24, 25, 26, 27, 28, 29, 30, 31, -1 ]
        normal Normal {
          vector [
            0.0 -0.0 1.0,
            1.0 -1.8394570667640468e-16 -6.916886743203448e-18,
            1.0 -1.8394570667640468e-16 -6.916886743203448e-18,
            0.0 -0.0 1.0,
            0.9238795325112865 -0.3826834323650902 0.0,
            0.9238795325112865 -0.3826834323650902 0.0,
            0.0 -0.0 1.0,
            0.7071067811865477 -0.7071067811865474 2.9327599791182763e-17,
            0.7071067811865477 -0.7071067811865474 2.9327599791182763e-17,
            0.0 -0.0 1.0,
            0.3826834323650902 -0.9238795325112866 9.877314269294528e-17,
            0.3826834323650902 -0.9238795325112866 9.877314269294528e-17,
            0.0 -0.0 1.0,
            -6.933338174726022e-16 -1.0 1.3889108580352546e-16,
            -6.933338174726022e-16 -1.0 1.3889108580352546e-16,
            0.0 -0.0 1.0,
            -0.382683432365089 -0.9238795325112871 9.877314269294554e-17,
            -0.382683432365089 -0.9238795325112871 9.877314269294554e-17,
            0.0 -0.0 1.0,
            -0.7071067811865485 -0.7071067811865467 2.932759979118262e-17,
            -0.7071067811865485 -0.7071067811865467 2.932759979118262e-17,
            0.0 -0.0 1.0,
            -0.9238795325112876 -0.3826834323650875 0.0,
            -0.9238795325112876 -0.3826834323650875 0.0,
            0.0 -0.0 1.0,
            -1.0 0.0 0.0,
            -1.0 0.0 0.0,
            0.0 -0.0 1.0,
            -0.9238795325112876 0.3826834323650875 0.0,
            -0.9238795325112876 0.3826834323650875 0.0,
            0.0 -0.0 1.0,
            -0.7071067811865485 0.7071067811865467 -2.932759979118262e-17,
            -0.7071067811865485 0.7071067811865467 -2.932759979118262e-17,
            0.0 -0.0 1.0,
            -0.382683432365089 0.9238795325112871 -9.877314269294554e-17,
            -0.382683432365089 0.9238795325112871 -9.877314269294554e-17,
            0.0 -0.0 1.0,
            -6.933338174726022e-16 1.0 -1.3889108580352546e-16,
            -6.933338174726022e-16 1.0 -1.3889108580352546e-16,
            0.0 -0.0 1.0,
            0.3826834323650902 0.9238795325112866 -9.877314269294528e-17,
            0.3826834323650902 0.9238795325112866 -9.877314269294528e-17,
            0.0 -0.0 1.0,
            0.7071067811865474 0.7071067811865477 -4.8694882672152454e-17,
            0.7071067811865474 0.7071067811865477 -4.8694882672152454e-17,
            0.0 -0.0 1.0,
            0.9238795325112865 0.3826834323650906 -2.628416962417316e-17,
            0.9238795325112865 0.3826834323650906 -2.628416962417316e-17,
            0.0 -0.0 -1.0,
            1.0 -1.8394570667640468e-16 -6.916886743203448e-18,
            1.0 -1.8394570667640468e-16 -6.916886743203448e-18,
            0.0 -0.0 -1.0,
            0.9238795325112865 -0.3826834323650902 0.0,
            0.9238795325112865 -0.3826834323650902 0.0,
            0.0 -0.0 -1.0,
            0.7071067811865477 -0.7071067811865474 2.9327599791182763e-17,
            0.7071067811865477 -0.7071067811865474 2.9327599791182763e-17,
            0.0 -0.0 -1.0,
            0.3826834323650902 -0.9238795325112866 9.877314269294528e-17,
            0.3826834323650902 -0.9238795325112866 9.877314269294528e-17,
            0.0 -0.0 -1.0,
            -6.933338174726022e-16 -1.0 1.3889108580352546e-16,
            -6.933338174726022e-16 -1.0 1.3889108580352546e-16,
            0.0 -0.0 -1.0,
            -0.382683432365089 -0.9238795325112871 9.877314269294554e-17,
            -0.382683432365089 -0.9238795325112871 9.877314269294554e-17,
            0.0 -0.0 -1.0,
            -0.7071067811865485 -0.7071067811865467 2.932759979118262e-17,
            -0.7071067811865485 -0.7071067811865467 2.932759979118262e-17,
            0.0 -0.0 -1.0,
            -0.9238795325112876 -0.3826834323650875 0.0,
            -0.9238795325112876 -0.3826834323650875 0.0,
            0.0 -0.0 -1.0,
            -1.0 0.0 0.0,
            -1.0 0.0 0.0,
            0.0 -0.0 -1.0,
            -0.9238795325112876 0.3826834323650875 0.0,
            -0.9238795325112876 0.3826834323650875 0.0,
            0.0 -0.0 -1.0,
            -0.7071067811865485 0.7071067811865467 -2.932759979118262e-17,
            -0.7071067811865485 0.7071067811865467 -2.932759979118262e-17,
            0.0 -0.0 -1.0,
            -0.382683432365089 0.9238795325112871 -9.877314269294554e-17,
            -0.382683432365089 0.9238795325112871 -9.877314269294554e-17,
            0.0 -0.0 -1.0,
            -6.933338174726022e-16 1.0 -1.3889108580352546e-16,
            -6.933338174726022e-16 1.0 -1.3889108580352546e-16,
            0.0 -0.0 -1.0,
            0.3826834323650902 0.9238795325112866 -9.877314269294528e-17,
            0.3826834323650902 0.9238795325112866 -9.877314269294528e-17,
            0.0 -0.0 -1.0,
            0.7071067811865474 0.7071067811865477 -4.8694882672152454e-17,
            0.7071067811865474 0.7071067811865477 -4.8694882672152454e-17,
            0.0 -0.0 -1.0,
            0.9238795325112865 0.3826834323650906 -2.628416962417316e-17,
            0.9238795325112865 0.3826834323650906 -2.628416962417316e-17 ]
        }
        normalIndex [
          2, 5, 53, 50, -1,
          0, 45, 42, 39, 36, 33, 30, 27, 24, 21, 18, 15, 12, 9, 6, 3, -1,
          1, 49, 94, 46, -1,
          4, 8, 56, 52, -1,
          7, 11, 59, 55, -1,
          10, 14, 62, 58, -1,
          13, 17, 65, 61, -1,
          16, 20, 68, 64, -1,
          19, 23, 71, 67, -1,
          22, 26, 74, 70, -1,
          25, 29, 77, 73, -1,
          28, 32, 80, 76, -1,
          31, 35, 83, 79, -1,
          34, 38, 86, 82, -1,
          37, 41, 89, 85, -1,
          40, 44, 92, 88, -1,
          43, 47, 95, 91, -1,
          48, 51, 54, 57, 60, 63, 66, 69, 72, 75, 78, 81, 84, 87, 90, 93, -1 ]
      }
    }
    ,
    Shape {
      appearance Appearance {
        material USE body
      }
      geometry IndexedFaceSet {
        normalPerVertex TRUE
        coord Coordinate {
          point [
            -1.5109995000199445 1.18 0.9753870067719979,
            -1.5338356402665587 1.065194970290473 0.9753870067719976,
            -1.5988674656639805 0.9678679656440358 0.9753870067719976,
            -1.696194470310418 0.9028361402466141 0.9753870067719976,
            -1.8109995000199448 0.8800000000000001 0.9753870067719976,
            -1.9258045297294717 0.9028361402466141 0.9753870067719976,
            -2.023131534375909 0.9678679656440358 0.9753870067719976,
            -2.0881633597733305 1.065194970290473 0.9753870067719979,
            -2.1109995000199446 1.18 0.9753870067719976,
            -2.0881633597733305 1.2948050297095268 0.9753870067719979,
            -2.023131534375909 1.3921320343559642 0.9753870067719976,
            -1.9258045297294721 1.457163859753386 0.9753870067719976,
            -1.8109995000199448 1.48 0.9753870067719976,
            -1.696194470310418 1.457163859753386 0.9753870067719976,
            -1.5988674656639805 1.3921320343559642 0.9753870067719976,
            -1.5338356402665587 1.2948050297095273 0.9753870067719979,
            -1.5110000000398895 1.1800000000000002 0.4000000135439956,
            -1.5338361402865033 1.065194970290473 0.4000000135439956,
            -1.598867965683925 0.967867965644036 0.4000000135439954,
            -1.6961949703303625 0.9028361402466142 0.4000000135439954,
            -1.8110000000398894 0.8800000000000002 0.4000000135439956,
            -1.9258050297494163 0.9028361402466142 0.4000000135439956,
            -2.0231320343958537 0.967867965644036 0.4000000135439956,
            -2.088163859793275 1.065194970290473 0.4000000135439956,
            -2.111000000039889 1.18 0.4000000135439954,
            -2.088163859793275 1.294805029709527 0.4000000135439956,
            -2.0231320343958537 1.3921320343559642 0.4000000135439956,
            -1.9258050297494167 1.457163859753386 0.4000000135439954,
            -1.8110000000398894 1.48 0.4000000135439956,
            -1.6961949703303625 1.457163859753386 0.4000000135439954,
            -1.5988679656839255 1.3921320343559644 0.4000000135439954,
            -1.5338361402865033 1.2948050297095273 0.4000000135439956,
            -1.6810000010398896 1.18 0.10000001354399557,
            -1.6908956617373017 1.1302511541752218 0.10000001354399546,
            -1.7190761191927448 1.0880761191528556 0.10000001354399546,
            -1.761251154215111 1.0598956616974122 0.10000001354399546,
            -1.8110000000398894 1.0500000010000001 0.10000001354399546,
            -1.8607488458646677 1.0598956616974122 0.10000001354399546,
            -1.902923880887034 1.0880761191528556 0.10000001354399546,
            -1.931104338342477 1.1302511541752218 0.10000001354399568,
            -1.9409999990398896 1.18 0.10000001354399546,
            -1.931104338342477 1.2297488458247783 0.10000001354399568,
            -1.902923880887034 1.2719238808471443 0.10000001354399546,
            -1.8607488458646677 1.3001043383025876 0.10000001354399546,
            -1.8110000000398894 1.309999999 0.10000001354399546,
            -1.761251154215111 1.3001043383025876 0.10000001354399535,
            -1.7190761191927448 1.2719238808471445 0.10000001354399546,
            -1.6908956617373017 1.2297488458247783 0.10000001354399568,
            -1.5380463820800219 1.0752966296545554 0.9880535110571662,
            -1.515557174116282 1.1890461068821137 1.0040839852731476,
            -1.5380463820800219 1.301418396340034 1.027924879449281,
            -1.6020902279239393 1.3953058356156864 1.0559466335654935,
            -1.697938616677206 1.4564149131711117 1.083883189575426,
            -1.8109995000199453 1.4754423259036624 1.1074814600720768,
            -1.9240603833626846 1.449491322708734 1.1231488222911858,
            -2.0199087721159508 1.382512708576325 1.1285000623598858,
            -2.0839526179598677 1.284703370345445 1.1227205024868294,
            -2.1064418259236075 1.1709538931178862 1.106690028270848,
            -2.0839526179598677 1.0585816036599667 1.082849134094715,
            -2.0199087721159508 0.9646941643843135 1.0548273799785022,
            -1.9240603833626841 0.9035850868288886 1.0268908239685697,
            -1.8109995000199453 0.8845576740963378 1.0032925534719186,
            -1.6979386166772064 0.910508677291266 0.9876251912528096,
            -1.6020902279239393 0.9774872914236753 0.9822739511841097,
            -1.5399936378773234 1.0829517529074093 1.0028122875029726,
            -1.5150624288807868 1.192909880034177 1.0342658921408034,
            -1.5330700474149457 1.2988198162980558 1.0807470197441436,
            -1.5912749967974436 1.3845577339788302 1.135179339987854,
            -1.6808161011139733 1.4370708123257643 1.1892760255450434,
            -1.788061538924477 1.448364411192777 1.2348013464273042,
            -1.8966841645046197 1.4167191825290941 1.2648244852183748,
            -1.9901471677763762 1.34695282553405 1.2747746911977438,
            -2.0542216537358575 1.2496866356265377 1.263137135703896,
            -2.0791528627323945 1.1397285084997697 1.2316835310660652,
            -2.0611452441982347 1.033818572235892 1.1852024034627258,
            -2.002940294815738 0.9480806545551165 1.1307700832190142,
            -1.913399190499208 0.8955675762081826 1.0766733976618252,
            -1.8061537526887044 0.88427397734117 1.0311480767795642,
            -1.6975311271085625 0.9159192060048527 1.001124937988494,
            -1.604068123836805 0.9856855629998972 0.9911747320091244,
            -1.541518929526759 1.080498407556338 1.0183299690805094,
            -1.5082719551966792 1.1833241625310653 1.063309819677646,
            -1.5148636812355858 1.2795537257805378 1.1296280257195197,
            -1.560290577108201 1.3545370186231838 1.207188241512288,
            -1.637636809713754 1.3968585144489551 1.2841826272866115,
            -1.7351271162833952 1.4000751491636925 1.3488894857641924,
            -1.837919481393726 1.3636972192909427 1.3914577843109535,
            -1.9303646992718089 1.2932629348870774 1.4054068853557358,
            -1.9983888235136917 1.1994952772642062 1.3886131647133892,
            -2.0316357978437716 1.0966695222894784 1.3436333141162526,
            -2.025044071804864 1.0004399590400066 1.2773151080743799,
            -1.9796171759322503 0.9254566661973599 1.1997548922816101,
            -1.9022709433266973 0.8831351703715887 1.1227605065072876,
            -1.804780636757056 0.8799185356568516 1.0580536480297065,
            -1.7019882716467252 0.9162964655296012 1.0154853494829457,
            -1.6095430537686428 0.9867307499334667 1.0015362484381625,
            -1.540441346144327 1.0753877169062314 1.033225052655371,
            -1.4969068846867488 1.1688406485267526 1.088659558020686,
            -1.4891557100465787 1.2520922328585007 1.1705788911839878,
            -1.5183678682982107 1.312468170864455 1.266511576271767,
            -1.5800960731567057 1.3407767732924527 1.3618527316113664,
            -1.66494276499993 1.3327083120409502 1.4420875305720564,
            -1.7599908041319288 1.2894911371947049 1.4950009523423364,
            -1.8507699882074755 1.2177046718593934 1.5125374081190432,
            -1.923460009366421 1.1282777546363865 1.4920271314785418,
            -1.9669944708239995 1.0348248230158643 1.4365926261132271,
            -1.9747456454641683 0.9515732386841175 1.354673292949926,
            -1.9455334872125376 0.8911973006781624 1.2587406078621455,
            -1.883805282354042 0.8628886982501648 1.1633994525225468,
            -1.7989585905108183 0.8709571595016674 1.0831646535618569,
            -1.7039105513788195 0.9141743343479125 1.0302512317915768,
            -1.6131313673032728 0.9859607996832246 1.0127147760148694,
            -1.536987030544771 1.067768165011788 1.046609894538481,
            -1.481816145950067 1.1501752357768424 1.1087945576711975,
            -1.4576633556014138 1.2179368985578 1.2011346027410499,
            -1.4682057028838051 1.26073705445726 1.3095720949507448,
            -1.5118382109901116 1.2720597677239114 1.417598409099672,
            -1.5819182260908202 1.2501812579035567 1.508767518119633,
            -1.667776701163766 1.1984323297871593 1.5691997516123701,
            -1.7563424616881083 1.1246912885752405 1.5896948498481747,
            -1.8341321734746332 1.04018453932811 1.5671326199091744,
            -1.8893030580693373 0.957777468563055 1.5049479567764579,
            -1.913455848417989 0.8900158057820983 1.412607911706606,
            -1.9029135011355995 0.8472156498826378 1.3041704194969101,
            -1.8592809930292926 0.8358929366159865 1.1961441053479838,
            -1.789200977928584 0.8577714464363412 1.1049749963280227,
            -1.7033425028556386 0.9095203745527384 1.0445427628352852,
            -1.6147767423312964 0.9832614157646576 1.0240476645994803,
            -1.5315260085941205 1.0579401178302992 1.0576882783295511,
            -1.4640742127727835 1.128296986590922 1.1225099599387585,
            -1.4224540157090524 1.178994516902546 1.219459450729823,
            -1.413001715117855 1.2023144693494796 1.3337770695791265,
            -1.437156338078882 1.1947065925675757 1.4480589953086593,
            -1.4912405622085196 1.157329116831303 1.5449068406943358,
            -1.5670205546577431 1.0958724239938469 1.609576399204091,
            -1.6529594985235003 1.0196927384334045 1.6322223167858225,
            -1.7359739686406956 0.9403877267059814 1.6093969577734666,
            -1.8034257644620326 0.8700308579453578 1.5445752761642593,
            -1.8450459615257624 0.8193333276337349 1.4476257853731949,
            -1.8544982621169614 0.7960133751868006 1.3333081665238906,
            -1.8303436391559345 0.8036212519687046 1.2190262407943586,
            -1.776259415026297 0.8409987277049776 1.1221783954086821,
            -1.7004794225770739 0.9024554205424333 1.057508836898927,
            -1.6145404787113162 0.9786351061028765 1.0348629193171948,
            -1.524549788515885 1.046337639612185 1.0658036164116957,
            -1.4449160574368083 1.1043694625605642 1.1289895368978422,
            -1.3858201077258339 1.1374616810684175 1.2244581597534958,
            -1.3562587620203415 1.1405763048496296 1.3376752525741034,
            -1.3607324672297234 1.1132391606676482 1.451404539293231,
            -1.398560142290091 1.0596120809123497 1.5483317669664423,
            -1.4639828665822319 0.9878593023457892 1.613700643827997,
            -1.5470406233911405 0.9089045350641703 1.637559350946068,
            -1.6350886221630994 0.834767926659369 1.616275616441648,
            -1.7147223532421756 0.7767361037109892 1.553089695955502,
            -1.7738183029531487 0.7436438852031367 1.4576210730998485,
            -1.8033796486586433 0.7405292614219243 1.3444039802792402,
            -1.798905943449261 0.7678664056039056 1.2306746935601134,
            -1.7610782683888928 0.8214934853592043 1.1337474658869022,
            -1.6956555440967525 0.8932462639257644 1.0683785890253477,
            -1.6125977872878443 0.9722010312073842 1.0445198819072758 ]
        }
        coordIndex [
          0, 1, 17, 16, -1,
          0, 15, 50, 49, -1,
          0, 16, 31, 15, -1,
          0, 49, 48, 1, -1,
          1, 2, 18, 17, -1,
          1, 48, 63, 2, -1,
          2, 3, 19, 18, -1,
          2, 63, 62, 3, -1,
          3, 4, 20, 19, -1,
          3, 62, 61, 4, -1,
          4, 5, 21, 20, -1,
          4, 61, 60, 5, -1,
          5, 6, 22, 21, -1,
          5, 60, 59, 6, -1,
          6, 7, 23, 22, -1,
          6, 59, 58, 7, -1,
          7, 8, 24, 23, -1,
          7, 58, 57, 8, -1,
          8, 9, 25, 24, -1,
          8, 57, 56, 9, -1,
          9, 10, 26, 25, -1,
          9, 56, 55, 10, -1,
          10, 11, 27, 26, -1,
          10, 55, 54, 11, -1,
          11, 12, 28, 27, -1,
          11, 54, 53, 12, -1,
          12, 13, 29, 28, -1,
          12, 53, 52, 13, -1,
          13, 14, 30, 29, -1,
          13, 52, 51, 14, -1,
          14, 15, 31, 30, -1,
          14, 51, 50, 15, -1,
          16, 17, 33, 32, -1,
          16, 32, 47, 31, -1,
          17, 18, 34, 33, -1,
          18, 19, 35, 34, -1,
          19, 20, 36, 35, -1,
          20, 21, 37, 36, -1,
          21, 22, 38, 37, -1,
          22, 23, 39, 38, -1,
          23, 24, 40, 39, -1,
          24, 25, 41, 40, -1,
          25, 26, 42, 41, -1,
          26, 27, 43, 42, -1,
          27, 28, 44, 43, -1,
          28, 29, 45, 44, -1,
          29, 30, 46, 45, -1,
          30, 31, 47, 46, -1,
          32, 33, 34, 35, 36, 37, 38, 39, 40, 41, 42, 43, 44, 45, 46, 47, -1,
          48, 49, 65, 64, -1,
          48, 64, 79, 63, -1,
          49, 50, 66, 65, -1,
          50, 51, 67, 66, -1,
          51, 52, 68, 67, -1,
          52, 53, 69, 68, -1,
          53, 54, 70, 69, -1,
          54, 55, 71, 70, -1,
          55, 56, 72, 71, -1,
          56, 57, 73, 72, -1,
          57, 58, 74, 73, -1,
          58, 59, 75, 74, -1,
          59, 60, 76, 75, -1,
          60, 61, 77, 76, -1,
          61, 62, 78, 77, -1,
          62, 63, 79, 78, -1,
          64, 65, 81, 80, -1,
          64, 80, 95, 79, -1,
          65, 66, 82, 81, -1,
          66, 67, 83, 82, -1,
          67, 68, 84, 83, -1,
          68, 69, 85, 84, -1,
          69, 70, 86, 85, -1,
          70, 71, 87, 86, -1,
          71, 72, 88, 87, -1,
          72, 73, 89, 88, -1,
          73, 74, 90, 89, -1,
          74, 75, 91, 90, -1,
          75, 76, 92, 91, -1,
          76, 77, 93, 92, -1,
          77, 78, 94, 93, -1,
          78, 79, 95, 94, -1,
          80, 81, 97, 96, -1,
          80, 96, 111, 95, -1,
          81, 82, 98, 97, -1,
          82, 83, 99, 98, -1,
          83, 84, 100, 99, -1,
          84, 85, 101, 100, -1,
          85, 86, 102, 101, -1,
          86, 87, 103, 102, -1,
          87, 88, 104, 103, -1,
          88, 89, 105, 104, -1,
          89, 90, 106, 105, -1,
          90, 91, 107, 106, -1,
          91, 92, 108, 107, -1,
          92, 93, 109, 108, -1,
          93, 94, 110, 109, -1,
          94, 95, 111, 110, -1,
          96, 97, 113, 112, -1,
          96, 112, 127, 111, -1,
          97, 98, 114, 113, -1,
          98, 99, 115, 114, -1,
          99, 100, 116, 115, -1,
          100, 101, 117, 116, -1,
          101, 102, 118, 117, -1,
          102, 103, 119, 118, -1,
          103, 104, 120, 119, -1,
          104, 105, 121, 120, -1,
          105, 106, 122, 121, -1,
          106, 107, 123, 122, -1,
          107, 108, 124, 123, -1,
          108, 109, 125, 124, -1,
          109, 110, 126, 125, -1,
          110, 111, 127, 126, -1,
          112, 113, 129, 128, -1,
          112, 128, 143, 127, -1,
          113, 114, 130, 129, -1,
          114, 115, 131, 130, -1,
          115, 116, 132, 131, -1,
          116, 117, 133, 132, -1,
          117, 118, 134, 133, -1,
          118, 119, 135, 134, -1,
          119, 120, 136, 135, -1,
          120, 121, 137, 136, -1,
          121, 122, 138, 137, -1,
          122, 123, 139, 138, -1,
          123, 124, 140, 139, -1,
          124, 125, 141, 140, -1,
          125, 126, 142, 141, -1,
          126, 127, 143, 142, -1,
          128, 129, 145, 144, -1,
          128, 144, 159, 143, -1,
          129, 130, 146, 145, -1,
          130, 131, 147, 146, -1,
          131, 132, 148, 147, -1,
          132, 133, 149, 148, -1,
          133, 134, 150, 149, -1,
          134, 135, 151, 150, -1,
          135, 136, 152, 151, -1,
          136, 137, 153, 152, -1,
          137, 138, 154, 153, -1,
          138, 139, 155, 154, -1,
          139, 140, 156, 155, -1,
          140, 141, 157, 156, -1,
          141, 142, 158, 157, -1,
          142, 143, 159, 158, -1,
          144, 145, 146, 147, 148, 149, 150, 151, 152, 153, 154, 155, 156, 157, 158, 159, -1 ]
        normal Normal {
          vector [
            0.8462027899674409 -0.35821733975608105 0.3944884988810137,
            0.9950371624535264 -0.01009139773245359 0.09899095427482185,
            0.9209127116271949 0.38968042484463883 -0.008303255767989291,
            0.697127987615938 0.7169195124991496 0.00624351507839677,
            0.3710702562416745 0.926519487733838 0.06219729722555925,
            -0.008861548884058176 0.9925027529780092 0.12190060821196982,
            -0.3867600219217115 0.9073213360270518 0.16487776876584403,
            -0.7062103318474281 0.6847585121224727 0.1799242820404257,
            -0.9189976849844981 0.3587851630743949 0.16345171076135323,
            -0.9926319900771972 -0.021390668208187115 0.11926513148858911,
            -0.915068781394213 -0.3989953203545827 0.05875252890603264,
            -0.6955929422641637 -0.718431722179119 0.002513809664452178,
            -0.36172668863202717 -0.9322102643923895 -0.011739918772273043,
            0.03981680527844112 -0.9945436041330672 0.0964242785579839,
            0.3825568849389409 -0.8360577799324549 0.3932653282457389,
            0.5875501588236254 -0.5715669309766758 0.5727966954166517,
            0.9049603426683156 -0.3985422552609347 0.1490330465674405,
            0.9955802923769163 0.002944039802090019 -0.09386806730905728,
            0.9061676074218774 0.4097065685192682 -0.10488467462635513,
            0.6916175998722636 0.722217133867417 0.008216270155184762,
            0.38237096594837516 0.9107191215553195 0.15615097192529367,
            0.01934846023446306 0.9564591142778722 0.2912243118308353,
            -0.345871678787498 0.8564581210737009 0.38321308518841524,
            -0.6594652706694024 0.6273431377907961 0.4141812939374859,
            -0.874233790345104 0.3041961622515062 0.3783912983807743,
            -0.9570605902759076 -0.06451220599090782 0.28261847395193074,
            -0.8935209807182076 -0.4246497846119454 0.1459205860918901,
            -0.6884000227983791 -0.7253312302688383 1.225066716668732e-4,
            -0.36106522296058813 -0.926805451428625 -0.10326451457593491,
            0.056542983818913255 -0.9962833581063901 -0.06497969945381729,
            0.44078405690720984 -0.8754531276364073 0.1982201717486241,
            0.6761329522181845 -0.6456955591875301 0.3548541612694224,
            0.907730080336832 -0.40565540981200016 -0.10709710426499278,
            0.9596166208416118 0.0340736237280549 -0.27923991328347947,
            0.880779164645276 0.4318909289816284 -0.19416047123489344,
            0.6974645566955248 0.7165477125062651 0.010127578958177778,
            0.4231832711338844 0.8734185813994503 0.240947921133587,
            0.0901033657954653 0.8918924782041343 0.44318076537144113,
            -0.25596049174950686 0.7744378957863147 0.5785587024956205,
            -0.564563341589421 0.5408776566791798 0.6234738116702466,
            -0.7893435140319681 0.22707119671329493 0.5704169426646235,
            -0.8953844167650112 -0.12024209505364017 0.42875235835093906,
            -0.8639049693292696 -0.45108796604463597 0.22402645124606824,
            -0.6927321568657658 -0.7211896692778165 -0.002760393279583495,
            -0.3903360208264066 -0.9009241302876797 -0.1896668192141024,
            0.03035838025157999 -0.9740802546806249 -0.22415625396100292,
            0.45332594522426106 -0.8913211145998209 -0.006500619590716012,
            0.7149213062966417 -0.6896517665421089 0.11518666028864528,
            0.8633929299679773 -0.3808953756451812 -0.33086456639148853,
            0.8983124960161484 0.08204547089415401 -0.4316285442449261,
            0.8472178589509268 0.4590451473216423 -0.2673938148032956,
            0.7102069781999372 0.703903107049067 0.011245621493886497,
            0.4842954804183272 0.8183092231696207 0.30956082265350304,
            0.19141671660425455 0.8013850951049171 0.5666935414738107,
            -0.12978035163532545 0.6622067796351151 0.7379967759649777,
            -0.43305659767522164 0.42439541850913887 0.7952046981491081,
            -0.6729575357814176 0.12456961240495983 0.7291162916162827,
            -0.8120862868412421 -0.19286741314529524 0.550743155809535,
            -0.8260714986928611 -0.4831367112593349 0.2901461653733243,
            -0.7044265833300458 -0.7097538404344599 -0.005716177612110074,
            -0.44400706251983735 -0.854301770862676 -0.2702336262077703,
            -0.03780792246488546 -0.9203574618526124 -0.3892463274214755,
            0.41845061384653026 -0.8766511233357528 -0.23744871388496666,
            0.702962578959851 -0.6991763602198963 -0.13036882254501303,
            0.7822094771891268 -0.3176546900134305 -0.5359513333391235,
            0.8133262560844075 0.15575052597326286 -0.5605730771476389,
            0.802461585441523 0.49850366872498575 -0.32794739846262977,
            0.722565728715626 0.6912564555121575 0.007954897763317557,
            0.554551004648762 0.752122594607983 0.35606851296232933,
            0.309583687119818 0.6908049540352025 0.6534113988519947,
            0.018364162754389856 0.5239945754115204 0.8515236006509924,
            -0.2776923947461687 0.2798620517848873 0.9190017224526248,
            -0.5342913359787608 -0.003932595260307531 0.8452912533514999,
            -0.7113819089646438 -0.2855728691377562 0.6421712513109329,
            -0.7784720543510374 -0.5261801318871391 0.3422217547171839,
            -0.7161039816362834 -0.6979784809644821 -0.004596476386919499,
            -0.5092346197745539 -0.794397430622316 -0.33107827510081084,
            -0.13155075074777808 -0.8387832485548055 -0.5283342331531656,
            0.34505302132433047 -0.8221002864924309 -0.45286811703189495,
            0.6489058692044418 -0.6659159918078866 -0.3680720918061386,
            0.6690944207684707 -0.2197618291534089 -0.7099418247600663,
            0.7098028136413713 0.25072681881003456 -0.658267444186778,
            0.7492198076192503 0.5478777459790443 -0.3721554182487411,
            0.7337926319350198 0.6793733632079848 4.5462220379193977e-4,
            0.6296967020016322 0.6788655139851171 0.3776555009661457,
            0.4374506635876824 0.5668463758756608 0.698084595936141,
            0.1795046516107565 0.3681683989081769 0.9122664687992705,
            -0.10787619944134912 0.11602734399499161 0.9873704375965275,
            -0.3817395144843554 -0.15065613604409422 0.9119088067090437,
            -0.5993677432506842 -0.3927462431170389 0.6975017540250588,
            -0.7239882202037955 -0.5776124574280583 0.3771006576897738,
            -0.7270574233020474 -0.6865764497412286 5.309257176597483e-4,
            -0.5820699347548214 -0.7248376095134684 -0.36851734136851494,
            -0.24519508404895074 -0.7342959694874356 -0.632999841984763,
            0.23757652458829098 -0.7309710126452582 -0.6397177296565376,
            0.5560236720494554 -0.5918841835950251 -0.5835330233420302,
            0.6791666750807687 -0.3924545994479249 -0.6202515738246075,
            0.7862302251025435 -0.06080217700342902 -0.6149350603168171,
            0.9015400085025588 0.16867179293355133 -0.39846635910423756,
            0.9612072505872465 0.2660023735899695 -0.0729613504741272,
            0.9279271453188025 0.24427012450957125 0.2815729377134396,
            0.7934496022824237 0.11786805277766182 0.5971137670262392,
            0.5737855303394641 -0.08763467586111384 0.8143035851325827,
            0.3044606342441313 -0.3344005852839349 0.8918968386295711,
            0.032682822853353 -0.5781210297011242 0.8152962088147155,
            -0.19249391845682134 -0.7767746767439483 0.5996392189696012,
            -0.3296141142954052 -0.8996017427226951 0.28648078495345114,
            -0.3504870441309723 -0.9343317421940954 -0.06467632816479399,
            -0.23730957137535824 -0.8923332290881143 -0.3839603828506566,
            0.025965732081241893 -0.8141387803495405 -0.5800894992054656,
            0.36322567299660385 -0.7428985654144501 -0.5622889221577428,
            0.5730488488047636 -0.6315977168583101 -0.5222062245348146,
            0.9999999999996224 -1.8394570667640202e-16 -8.690150293054037e-7,
            0.9999999999996224 -1.8394570667640202e-16 -8.690150293054037e-7,
            0.9824700453407982 -0.009011965647864578 0.18620256304146734,
            0.9824700453407982 -0.009011965647864578 0.18620256304146734,
            0.9238795325109849 -0.38268343236497615 -8.028651989283035e-7,
            0.9238795325109849 -0.38268343236497615 -8.028651989283035e-7,
            0.8036301333600279 -0.3280107342363883 0.4965758421242915,
            0.8036301333600279 -0.3280107342363883 0.4965758421242915,
            0.7071067811864034 -0.7071067811864247 -6.144864200807098e-7,
            0.7071067811864034 -0.7071067811864247 -6.144864200807098e-7,
            0.5290215224117897 -0.5219643854866624 0.6690959640504816,
            0.5290215224117897 -0.5219643854866624 0.6690959640504816,
            0.382683432365059 -0.9238795325112397 -3.325576542667751e-7,
            0.382683432365059 -0.9238795325112397 -3.325576542667751e-7,
            0.33937998626432453 -0.7989971589892391 0.49641189031927063,
            0.33937998626432453 -0.7989971589892391 0.49641189031927063,
            1.4149669744339025e-17 -1.0 -1.9367398246258578e-16,
            1.4149669744339025e-17 -1.0 -1.9367398246258578e-16,
            0.02366774441394112 -0.9822403038805079 0.1861285128804394,
            0.02366774441394112 -0.9822403038805079 0.1861285128804394,
            -0.382683432365059 -0.9238795325112398 3.3255765382362283e-7,
            -0.382683432365059 -0.9238795325112398 3.3255765382362283e-7,
            -0.3673702709661299 -0.9292931417991167 0.03812270472302506,
            -0.3673702709661299 -0.9292931417991167 0.03812270472302506,
            -0.7071067811864044 -0.7071067811864236 6.144864197229063e-7,
            -0.7071067811864044 -0.7071067811864236 6.144864197229063e-7,
            -0.7012882936467199 -0.7128635023117859 0.0045117918664838,
            -0.7012882936467199 -0.7128635023117859 0.0045117918664838,
            -0.9238795325109852 -0.3826834323649756 8.028651986082494e-7,
            -0.9238795325109852 -0.3826834323649756 8.028651986082494e-7,
            -0.9222245821275799 -0.38641586790622107 0.013586653373538048,
            -0.9222245821275799 -0.38641586790622107 0.013586653373538048,
            -0.9999999999996225 -9.904768821037037e-17 8.690150289393937e-7,
            -0.9999999999996225 -9.904768821037037e-17 8.690150289393937e-7,
            -0.9994107094436802 -0.0033456658845722217 0.034161972558224334,
            -0.9994107094436802 -0.0033456658845722217 0.034161972558224334,
            -0.9238795325109854 0.3826834323649753 8.028651987395532e-7,
            -0.9238795325109854 0.3826834323649753 8.028651987395532e-7,
            -0.9245221355047372 0.3776566131753425 0.051325466258867705,
            -0.9245221355047372 0.3776566131753425 0.051325466258867705,
            -0.7071067811864055 0.7071067811864225 6.144864199592545e-7,
            -0.7071067811864055 0.7071067811864225 6.144864199592545e-7,
            -0.7112662100032353 0.7005433107470566 0.05778795960393989,
            -0.7112662100032353 0.7005433107470566 0.05778795960393989,
            -0.3826834323650598 0.9238795325112394 3.3255765404519945e-7,
            -0.3826834323650598 0.9238795325112394 3.3255765404519945e-7,
            -0.391668136814403 0.9186740388160226 0.05132329889817099,
            -0.391668136814403 0.9186740388160226 0.05132329889817099,
            3.537417436084756e-16 1.0 1.640999830503063e-18,
            3.537417436084756e-16 1.0 1.640999830503063e-18,
            -0.011883336226380183 0.9993457391795604 0.03415962388242545,
            -0.011883336226380183 0.9993457391795604 0.03415962388242545,
            0.3826834323650593 0.9238795325112397 -3.32557654069819e-7,
            0.3826834323650593 0.9238795325112397 -3.32557654069819e-7,
            0.3722794461235423 0.9280212513857381 0.013585689912450525,
            0.3722794461235423 0.9280212513857381 0.013585689912450525,
            0.7071067811864028 0.7071067811864252 -6.14486420038036e-7,
            0.7071067811864028 0.7071067811864252 -6.14486420038036e-7,
            0.702051567590024 0.7121118167091363 0.004511867418667546,
            0.702051567590024 0.7121118167091363 0.004511867418667546,
            0.9238795325109846 0.382683432364977 -8.028651989463571e-7,
            0.9238795325109846 0.382683432364977 -8.028651989463571e-7,
            0.9235906531918404 0.38147914000926836 0.038130972639817455,
            0.9235906531918404 0.38147914000926836 0.038130972639817455,
            0.9999999999996224 -1.8394570667640202e-16 -8.690150293054037e-7,
            0.9999999999996224 -1.8394570667640202e-16 -8.690150293054037e-7,
            0.8700221846046782 2.112610284338345e-16 -0.4930125741760582,
            0.8700221846046782 2.112610284338345e-16 -0.4930125741760582,
            0.9238795325109849 -0.38268343236497615 -8.028651989283035e-7,
            0.9238795325109849 -0.38268343236497615 -8.028651989283035e-7,
            0.803795689187019 -0.33294307583829064 -0.4930125741760582,
            0.803795689187019 -0.33294307583829064 -0.4930125741760582,
            0.7071067811864034 -0.7071067811864247 -6.144864200807098e-7,
            0.7071067811864034 -0.7071067811864247 -6.144864200807098e-7,
            0.6151985865167026 -0.6151985865167022 -0.493012574176058,
            0.6151985865167026 -0.6151985865167022 -0.493012574176058,
            0.382683432365059 -0.9238795325112397 -3.325576542667751e-7,
            0.382683432365059 -0.9238795325112397 -3.325576542667751e-7,
            0.33294307583829136 -0.8037956891870189 -0.49301257417605776,
            0.33294307583829136 -0.8037956891870189 -0.49301257417605776,
            1.4149669744339025e-17 -1.0 -1.9367398246258578e-16,
            1.4149669744339025e-17 -1.0 -1.9367398246258578e-16,
            -3.3801764549413527e-16 -0.8700221846046786 -0.49301257417605765,
            -3.3801764549413527e-16 -0.8700221846046786 -0.49301257417605765,
            -0.382683432365059 -0.9238795325112398 3.3255765382362283e-7,
            -0.382683432365059 -0.9238795325112398 3.3255765382362283e-7,
            -0.33294307583829175 -0.8037956891870189 -0.49301257417605754,
            -0.33294307583829175 -0.8037956891870189 -0.49301257417605754,
            -0.7071067811864044 -0.7071067811864236 6.144864197229063e-7,
            -0.7071067811864044 -0.7071067811864236 6.144864197229063e-7,
            -0.6151985865167032 -0.6151985865167016 -0.4930125741760577,
            -0.6151985865167032 -0.6151985865167016 -0.4930125741760577,
            -0.9238795325109852 -0.3826834323649756 8.028651986082494e-7,
            -0.9238795325109852 -0.3826834323649756 8.028651986082494e-7,
            -0.8037956891870187 -0.33294307583829286 -0.4930125741760574,
            -0.8037956891870187 -0.33294307583829286 -0.4930125741760574,
            -0.9999999999996225 -9.904768821037037e-17 8.690150289393937e-7,
            -0.9999999999996225 -9.904768821037037e-17 8.690150289393937e-7,
            -0.8700221846046784 -1.9717695987157905e-16 -0.4930125741760578,
            -0.8700221846046784 -1.9717695987157905e-16 -0.4930125741760578,
            -0.9238795325109854 0.3826834323649753 8.028651987395532e-7,
            -0.9238795325109854 0.3826834323649753 8.028651987395532e-7,
            -0.8037956891870187 0.33294307583829275 -0.49301257417605754,
            -0.8037956891870187 0.33294307583829275 -0.49301257417605754,
            -0.7071067811864055 0.7071067811864225 6.144864199592545e-7,
            -0.7071067811864055 0.7071067811864225 6.144864199592545e-7,
            -0.6151985865167038 0.6151985865167007 -0.4930125741760582,
            -0.6151985865167038 0.6151985865167007 -0.4930125741760582,
            -0.3826834323650598 0.9238795325112394 3.3255765404519945e-7,
            -0.3826834323650598 0.9238795325112394 3.3255765404519945e-7,
            -0.3329430758382924 0.8037956891870182 -0.49301257417605854,
            -0.3329430758382924 0.8037956891870182 -0.49301257417605854,
            3.537417436084756e-16 1.0 1.640999830503063e-18,
            3.537417436084756e-16 1.0 1.640999830503063e-18,
            8.450441137353383e-17 0.8700221846046782 -0.49301257417605826,
            8.450441137353383e-17 0.8700221846046782 -0.49301257417605826,
            0.3826834323650593 0.9238795325112397 -3.32557654069819e-7,
            0.3826834323650593 0.9238795325112397 -3.32557654069819e-7,
            0.3329430758382915 0.8037956891870187 -0.4930125741760581,
            0.3329430758382915 0.8037956891870187 -0.4930125741760581,
            0.7071067811864028 0.7071067811864252 -6.14486420038036e-7,
            0.7071067811864028 0.7071067811864252 -6.14486420038036e-7,
            0.615198586516702 0.6151985865167026 -0.49301257417605804,
            0.615198586516702 0.6151985865167026 -0.49301257417605804,
            0.9238795325109846 0.382683432364977 -8.028651989463571e-7,
            0.9238795325109846 0.382683432364977 -8.028651989463571e-7,
            0.8037956891870187 0.33294307583829125 -0.4930125741760584,
            0.8037956891870187 0.33294307583829125 -0.4930125741760584,
            0.8700221846046782 2.112610284338345e-16 -0.4930125741760582,
            0.8700221846046782 2.112610284338345e-16 -0.4930125741760582,
            -1.005854504237811e-16 -1.692157834798785e-17 -1.0,
            0.803795689187019 -0.33294307583829064 -0.4930125741760582,
            0.803795689187019 -0.33294307583829064 -0.4930125741760582,
            -1.005854504237811e-16 -1.692157834798785e-17 -1.0,
            0.6151985865167026 -0.6151985865167022 -0.493012574176058,
            0.6151985865167026 -0.6151985865167022 -0.493012574176058,
            -1.005854504237811e-16 -1.692157834798785e-17 -1.0,
            0.33294307583829136 -0.8037956891870189 -0.49301257417605776,
            0.33294307583829136 -0.8037956891870189 -0.49301257417605776,
            -1.005854504237811e-16 -1.692157834798785e-17 -1.0,
            -3.3801764549413527e-16 -0.8700221846046786 -0.49301257417605765,
            -3.3801764549413527e-16 -0.8700221846046786 -0.49301257417605765,
            -1.005854504237811e-16 -1.692157834798785e-17 -1.0,
            -0.33294307583829175 -0.8037956891870189 -0.49301257417605754,
            -0.33294307583829175 -0.8037956891870189 -0.49301257417605754,
            -1.005854504237811e-16 -1.692157834798785e-17 -1.0,
            -0.6151985865167032 -0.6151985865167016 -0.4930125741760577,
            -0.6151985865167032 -0.6151985865167016 -0.4930125741760577,
            -1.005854504237811e-16 -1.692157834798785e-17 -1.0,
            -0.8037956891870187 -0.33294307583829286 -0.4930125741760574,
            -0.8037956891870187 -0.33294307583829286 -0.4930125741760574,
            -1.005854504237811e-16 -1.692157834798785e-17 -1.0,
            -0.8700221846046784 -1.9717695987157905e-16 -0.4930125741760578,
            -0.8700221846046784 -1.9717695987157905e-16 -0.4930125741760578,
            -1.005854504237811e-16 -1.692157834798785e-17 -1.0,
            -0.8037956891870187 0.33294307583829275 -0.49301257417605754,
            -0.8037956891870187 0.33294307583829275 -0.49301257417605754,
            -1.005854504237811e-16 -1.692157834798785e-17 -1.0,
            -0.6151985865167038 0.6151985865167007 -0.4930125741760582,
            -0.6151985865167038 0.6151985865167007 -0.4930125741760582,
            -1.005854504237811e-16 -1.692157834798785e-17 -1.0,
            -0.3329430758382924 0.8037956891870182 -0.49301257417605854,
            -0.3329430758382924 0.8037956891870182 -0.49301257417605854,
            -1.005854504237811e-16 -1.692157834798785e-17 -1.0,
            8.450441137353383e-17 0.8700221846046782 -0.49301257417605826,
            8.450441137353383e-17 0.8700221846046782 -0.49301257417605826,
            -1.005854504237811e-16 -1.692157834798785e-17 -1.0,
            0.3329430758382915 0.8037956891870187 -0.4930125741760581,
            0.3329430758382915 0.8037956891870187 -0.4930125741760581,
            -1.005854504237811e-16 -1.692157834798785e-17 -1.0,
            0.615198586516702 0.6151985865167026 -0.49301257417605804,
            0.615198586516702 0.6151985865167026 -0.49301257417605804,
            -1.005854504237811e-16 -1.692157834798785e-17 -1.0,
            0.8037956891870187 0.33294307583829125 -0.4930125741760584,
            0.8037956891870187 0.33294307583829125 -0.4930125741760584,
            -1.005854504237811e-16 -1.692157834798785e-17 -1.0 ]
        }
        normalIndex [
          112, 116, 180, 176, -1,
          115, 174, 2, 1, -1,
          113, 177, 237, 173, -1,
          114, 1, 0, 118, -1,
          117, 120, 184, 181, -1,
          119, 0, 15, 123, -1,
          121, 124, 188, 185, -1,
          122, 15, 14, 127, -1,
          125, 128, 192, 189, -1,
          126, 14, 13, 131, -1,
          129, 132, 196, 193, -1,
          130, 13, 12, 135, -1,
          133, 136, 200, 197, -1,
          134, 12, 11, 139, -1,
          137, 140, 204, 201, -1,
          138, 11, 10, 143, -1,
          141, 144, 208, 205, -1,
          142, 10, 9, 147, -1,
          145, 148, 212, 209, -1,
          146, 9, 8, 151, -1,
          149, 152, 216, 213, -1,
          150, 8, 7, 155, -1,
          153, 156, 220, 217, -1,
          154, 7, 6, 159, -1,
          157, 160, 224, 221, -1,
          158, 6, 5, 163, -1,
          161, 164, 228, 225, -1,
          162, 5, 4, 167, -1,
          165, 168, 232, 229, -1,
          166, 4, 3, 171, -1,
          169, 172, 236, 233, -1,
          170, 3, 2, 175, -1,
          178, 182, 243, 240, -1,
          179, 241, 286, 239, -1,
          183, 186, 246, 244, -1,
          187, 190, 249, 247, -1,
          191, 194, 252, 250, -1,
          195, 198, 255, 253, -1,
          199, 202, 258, 256, -1,
          203, 206, 261, 259, -1,
          207, 210, 264, 262, -1,
          211, 214, 267, 265, -1,
          215, 218, 270, 268, -1,
          219, 222, 273, 271, -1,
          223, 226, 276, 274, -1,
          227, 230, 279, 277, -1,
          231, 234, 282, 280, -1,
          235, 238, 285, 283, -1,
          242, 245, 248, 251, 254, 257, 260, 263, 266, 269, 272, 275, 278, 281, 284, 287, -1,
          0, 1, 17, 16, -1,
          0, 16, 31, 15, -1,
          1, 2, 18, 17, -1,
          2, 3, 19, 18, -1,
          3, 4, 20, 19, -1,
          4, 5, 21, 20, -1,
          5, 6, 22, 21, -1,
          6, 7, 23, 22, -1,
          7, 8, 24, 23, -1,
          8, 9, 25, 24, -1,
          9, 10, 26, 25, -1,
          10, 11, 27, 26, -1,
          11, 12, 28, 27, -1,
          12, 13, 29, 28, -1,
          13, 14, 30, 29, -1,
          14, 15, 31, 30, -1,
          16, 17, 33, 32, -1,
          16, 32, 47, 31, -1,
          17, 18, 34, 33, -1,
          18, 19, 35, 34, -1,
          19, 20, 36, 35, -1,
          20, 21, 37, 36, -1,
          21, 22, 38, 37, -1,
          22, 23, 39, 38, -1,
          23, 24, 40, 39, -1,
          24, 25, 41, 40, -1,
          25, 26, 42, 41, -1,
          26, 27, 43, 42, -1,
          27, 28, 44, 43, -1,
          28, 29, 45, 44, -1,
          29, 30, 46, 45, -1,
          30, 31, 47, 46, -1,
          32, 33, 49, 48, -1,
          32, 48, 63, 47, -1,
          33, 34, 50, 49, -1,
          34, 35, 51, 50, -1,
          35, 36, 52, 51, -1,
          36, 37, 53, 52, -1,
          37, 38, 54, 53, -1,
          38, 39, 55, 54, -1,
          39, 40, 56, 55, -1,
          40, 41, 57, 56, -1,
          41, 42, 58, 57, -1,
          42, 43, 59, 58, -1,
          43, 44, 60, 59, -1,
          44, 45, 61, 60, -1,
          45, 46, 62, 61, -1,
          46, 47, 63, 62, -1,
          48, 49, 65, 64, -1,
          48, 64, 79, 63, -1,
          49, 50, 66, 65, -1,
          50, 51, 67, 66, -1,
          51, 52, 68, 67, -1,
          52, 53, 69, 68, -1,
          53, 54, 70, 69, -1,
          54, 55, 71, 70, -1,
          55, 56, 72, 71, -1,
          56, 57, 73, 72, -1,
          57, 58, 74, 73, -1,
          58, 59, 75, 74, -1,
          59, 60, 76, 75, -1,
          60, 61, 77, 76, -1,
          61, 62, 78, 77, -1,
          62, 63, 79, 78, -1,
          64, 65, 81, 80, -1,
          64, 80, 95, 79, -1,
          65, 66, 82, 81, -1,
          66, 67, 83, 82, -1,
          67, 68, 84, 83, -1,
          68, 69, 85, 84, -1,
          69, 70, 86, 85, -1,
          70, 71, 87, 86, -1,
          71, 72, 88, 87, -1,
          72, 73, 89, 88, -1,
          73, 74, 90, 89, -1,
          74, 75, 91, 90, -1,
          75, 76, 92, 91, -1,
          76, 77, 93, 92, -1,
          77, 78, 94, 93, -1,
          78, 79, 95, 94, -1,
          80, 81, 97, 96, -1,
          80, 96, 111, 95, -1,
          81, 82, 98, 97, -1,
          82, 83, 99, 98, -1,
          83, 84, 100, 99, -1,
          84, 85, 101, 100, -1,
          85, 86, 102, 101, -1,
          86, 87, 103, 102, -1,
          87, 88, 104, 103, -1,
          88, 89, 105, 104, -1,
          89, 90, 106, 105, -1,
          90, 91, 107, 106, -1,
          91, 92, 108, 107, -1,
          92, 93, 109, 108, -1,
          93, 94, 110, 109, -1,
          94, 95, 111, 110, -1,
          96, 97, 98, 99, 100, 101, 102, 103, 104, 105, 106, 107, 108, 109, 110, 111, -1 ]
      }
    }

  ]
}

DEF Cylinder1 Transform {
  children [
    Shape {
      appearance Appearance {
        material USE body
      }
      geometry IndexedFaceSet {
        normalPerVertex TRUE
        coord Coordinate {
          point [
            2.4399999999691873 0.9800000000000001 2.5000000000000004,
            2.2542660592990718 0.9800000000000001 3.4337475749590274,
            1.7253405460733877 0.9800000000000001 4.225340546073388,
            0.9337475749590275 0.9800000000000001 4.754266059299073,
            1.9382328476536056e-16 0.9800000000000001 4.939999999969187,
            -0.9337475749590273 0.9800000000000001 4.754266059299073,
            -1.7253405460733875 0.9800000000000001 4.225340546073388,
            -2.2542660592990718 0.9800000000000001 3.4337475749590274,
            -2.439999999969187 0.9800000000000001 2.5000000000000013,
            -2.2542660592990718 0.9800000000000001 1.5662524250409728,
            -1.7253405460733882 0.9800000000000001 0.7746594539266127,
            -0.9337475749590287 0.9800000000000001 0.24573394070092847,
            -4.0380435321100076e-16 0.9800000000000001 0.06000000003081368,
            0.9337475749590278 0.9800000000000001 0.24573394070092847,
            1.7253405460733875 0.9800000000000001 0.7746594539266118,
            2.2542660592990713 0.9800000000000001 1.566252425040971,
            2.4399999999691873 -0.9800000000000001 2.5000000000000004,
            2.2542660592990718 -0.9800000000000001 3.4337475749590274,
            1.7253405460733877 -0.9800000000000001 4.225340546073388,
            0.9337475749590275 -0.9800000000000001 4.754266059299073,
            1.9382328476536056e-16 -0.9800000000000001 4.939999999969187,
            -0.9337475749590273 -0.9800000000000001 4.754266059299073,
            -1.7253405460733875 -0.9800000000000001 4.225340546073388,
            -2.2542660592990718 -0.9800000000000001 3.4337475749590274,
            -2.439999999969187 -0.9800000000000001 2.5000000000000013,
            -2.2542660592990718 -0.9800000000000001 1.5662524250409728,
            -1.7253405460733882 -0.9800000000000001 0.7746594539266127,
            -0.9337475749590287 -0.9800000000000001 0.24573394070092847,
            -4.0380435321100076e-16 -0.9800000000000001 0.06000000003081368,
            0.9337475749590278 -0.9800000000000001 0.24573394070092847,
            1.7253405460733875 -0.9800000000000001 0.7746594539266118,
            2.2542660592990713 -0.9800000000000001 1.566252425040971,
            2.3082399999708514 -1.08 2.5000000000000004,
            2.132535692096922 -1.08 3.38332520591124,
            1.632172156585425 -1.08 4.132172156585425,
            0.8833252059112401 -1.08 4.632535692096922,
            1.7749740116833e-16 -1.08 4.808239999970851,
            -0.8833252059112398 -1.08 4.632535692096922,
            -1.6321721565854241 -1.08 4.132172156585425,
            -2.132535692096922 -1.08 3.38332520591124,
            -2.3082399999708505 -1.08 2.5000000000000013,
            -2.132535692096922 -1.08 1.6166747940887602,
            -1.6321721565854252 -1.08 0.8678278434145759,
            -0.8833252059112409 -1.08 0.36746430790307866,
            -3.8785834435730773e-16 -1.08 0.1917600000291491,
            0.8833252059112403 -1.08 0.3674643079030777,
            1.6321721565854244 -1.08 0.8678278434145752,
            2.1325356920969214 -1.08 1.6166747940887582,
            2.132535692096922 1.08 3.38332520591124,
            2.3082399999708514 1.08 2.5000000000000004,
            2.1325356920969214 1.08 1.6166747940887582,
            1.6321721565854244 1.08 0.8678278434145752,
            0.8833252059112403 1.08 0.3674643079030777,
            -3.902177473528361e-16 1.08 0.1917600000291491,
            -0.8833252059112409 1.08 0.36746430790307866,
            -1.6321721565854252 1.08 0.8678278434145759,
            -2.132535692096922 1.08 1.6166747940887602,
            -2.3082399999708505 1.08 2.5000000000000013,
            -2.132535692096922 1.08 3.38332520591124,
            -1.6321721565854241 1.08 4.132172156585425,
            -0.8833252059112398 1.08 4.632535692096922,
            1.7513799817280158e-16 1.08 4.808239999970851,
            0.8833252059112401 1.08 4.632535692096922,
            1.632172156585425 1.08 4.132172156585425,
            1.6157679999795953 -1.1799999999999997 2.5000000000000004,
            1.4927749844678455 -1.1799999999999997 3.1183276441378687,
            1.142520509609797 -1.1799999999999997 3.6425205096097972,
            0.618327644137868 -1.1799999999999997 3.9927749844678457,
            1.0480360735020595e-16 -1.1799999999999997 4.115767999979596,
            -0.6183276441378677 -1.1799999999999997 3.9927749844678457,
            -1.142520509609797 -1.1799999999999997 3.642520509609798,
            -1.4927749844678455 -1.1799999999999997 3.1183276441378687,
            -1.615767999979595 -1.1799999999999997 2.5000000000000013,
            -1.4927749844678455 -1.1799999999999997 1.8816723558621324,
            -1.1425205096097975 -1.1799999999999997 1.3574794903902028,
            -0.6183276441378687 -1.1799999999999997 1.0072250155321554,
            -2.9094541451774045e-16 -1.1799999999999997 0.8842320000204047,
            0.6183276441378682 -1.1799999999999997 1.0072250155321554,
            1.1425205096097968 -1.1799999999999997 1.3574794903902028,
            1.492774984467845 -1.1799999999999997 1.8816723558621316,
            1.4927749844678457 1.1799999999999997 3.1183276441378687,
            1.6157679999795953 1.1799999999999997 2.5000000000000004,
            1.4927749844678453 1.1799999999999997 1.8816723558621316,
            1.142520509609797 1.1799999999999997 1.3574794903902028,
            0.618327644137868 1.1799999999999997 1.0072250155321554,
            -3.319203798734177e-16 1.1799999999999997 0.8842320000204047,
            -0.6183276441378688 1.1799999999999997 1.0072250155321554,
            -1.1425205096097975 1.1799999999999997 1.3574794903902028,
            -1.4927749844678453 1.1799999999999997 1.8816723558621324,
            -1.6157679999795955 1.1799999999999997 2.5000000000000013,
            -1.4927749844678453 1.1799999999999997 3.1183276441378687,
            -1.1425205096097968 1.1799999999999997 3.642520509609798,
            -0.6183276441378679 1.1799999999999997 3.9927749844678457,
            6.382864199452866e-17 1.1799999999999997 4.115767999979596,
            0.6183276441378679 1.1799999999999997 3.9927749844678457,
            1.142520509609797 1.1799999999999997 3.6425205096097972 ]
        }
        coordIndex [
          0, 1, 17, 16, -1,
          0, 15, 50, 49, -1,
          0, 16, 31, 15, -1,
          0, 49, 48, 1, -1,
          1, 2, 18, 17, -1,
          1, 48, 63, 2, -1,
          2, 3, 19, 18, -1,
          2, 63, 62, 3, -1,
          3, 4, 20, 19, -1,
          3, 62, 61, 4, -1,
          4, 5, 21, 20, -1,
          4, 61, 60, 5, -1,
          5, 6, 22, 21, -1,
          5, 60, 59, 6, -1,
          6, 7, 23, 22, -1,
          6, 59, 58, 7, -1,
          7, 8, 24, 23, -1,
          7, 58, 57, 8, -1,
          8, 9, 25, 24, -1,
          8, 57, 56, 9, -1,
          9, 10, 26, 25, -1,
          9, 56, 55, 10, -1,
          10, 11, 27, 26, -1,
          10, 55, 54, 11, -1,
          11, 12, 28, 27, -1,
          11, 54, 53, 12, -1,
          12, 13, 29, 28, -1,
          12, 53, 52, 13, -1,
          13, 14, 30, 29, -1,
          13, 52, 51, 14, -1,
          14, 15, 31, 30, -1,
          14, 51, 50, 15, -1,
          16, 17, 33, 32, -1,
          16, 32, 47, 31, -1,
          17, 18, 34, 33, -1,
          18, 19, 35, 34, -1,
          19, 20, 36, 35, -1,
          20, 21, 37, 36, -1,
          21, 22, 38, 37, -1,
          22, 23, 39, 38, -1,
          23, 24, 40, 39, -1,
          24, 25, 41, 40, -1,
          25, 26, 42, 41, -1,
          26, 27, 43, 42, -1,
          27, 28, 44, 43, -1,
          28, 29, 45, 44, -1,
          29, 30, 46, 45, -1,
          30, 31, 47, 46, -1,
          32, 33, 65, 64, -1,
          32, 64, 79, 47, -1,
          33, 34, 66, 65, -1,
          34, 35, 67, 66, -1,
          35, 36, 68, 67, -1,
          36, 37, 69, 68, -1,
          37, 38, 70, 69, -1,
          38, 39, 71, 70, -1,
          39, 40, 72, 71, -1,
          40, 41, 73, 72, -1,
          41, 42, 74, 73, -1,
          42, 43, 75, 74, -1,
          43, 44, 76, 75, -1,
          44, 45, 77, 76, -1,
          45, 46, 78, 77, -1,
          46, 47, 79, 78, -1,
          48, 49, 81, 80, -1,
          48, 80, 95, 63, -1,
          49, 50, 82, 81, -1,
          50, 51, 83, 82, -1,
          51, 52, 84, 83, -1,
          52, 53, 85, 84, -1,
          53, 54, 86, 85, -1,
          54, 55, 87, 86, -1,
          55, 56, 88, 87, -1,
          56, 57, 89, 88, -1,
          57, 58, 90, 89, -1,
          58, 59, 91, 90, -1,
          59, 60, 92, 91, -1,
          60, 61, 93, 92, -1,
          61, 62, 94, 93, -1,
          62, 63, 95, 94, -1,
          64, 65, 66, 67, 68, 69, 70, 71, 72, 73, 74, 75, 76, 77, 78, 79, -1,
          80, 81, 82, 83, 84, 85, 86, 87, 88, 89, 90, 91, 92, 93, 94, 95, -1 ]
        normal Normal {
          vector [
            1.0 0.0 0.0,
            1.0 0.0 0.0,
            0.604555834609277 0.7965627676711237 1.3977770545400766e-17,
            0.604555834609277 0.7965627676711237 1.3977770545400766e-17,
            0.9238795325112867 0.0 0.38268343236508995,
            0.9238795325112867 0.0 0.38268343236508995,
            0.5585367618557896 0.7965627676711236 0.23135350184461978,
            0.5585367618557896 0.7965627676711236 0.23135350184461978,
            0.7071067811865477 0.0 0.7071067811865472,
            0.7071067811865477 0.0 0.7071067811865472,
            0.42748553025811237 0.7965627676711241 0.42748553025811203,
            0.42748553025811237 0.7965627676711241 0.42748553025811203,
            0.3826834323650895 0.0 0.9238795325112868,
            0.3826834323650895 0.0 0.9238795325112868,
            0.23135350184461922 0.7965627676711243 0.5585367618557888,
            0.23135350184461922 0.7965627676711243 0.5585367618557888,
            4.2449009233016455e-17 0.0 1.0,
            4.2449009233016455e-17 0.0 1.0,
            1.3977770545400766e-17 0.7965627676711241 0.6045558346092764,
            1.3977770545400766e-17 0.7965627676711241 0.6045558346092764,
            -0.3826834323650895 0.0 0.9238795325112868,
            -0.3826834323650895 0.0 0.9238795325112868,
            -0.231353501844619 0.7965627676711245 0.5585367618557885,
            -0.231353501844619 0.7965627676711245 0.5585367618557885,
            -0.7071067811865477 0.0 0.7071067811865474,
            -0.7071067811865477 0.0 0.7071067811865474,
            -0.4274855302581117 0.7965627676711247 0.4274855302581116,
            -0.4274855302581117 0.7965627676711247 0.4274855302581116,
            -0.9238795325112867 0.0 0.3826834323650899,
            -0.9238795325112867 0.0 0.3826834323650899,
            -0.558536761855789 0.7965627676711241 0.23135350184461953,
            -0.558536761855789 0.7965627676711241 0.23135350184461953,
            -1.0 0.0 2.5469405539809877e-16,
            -1.0 0.0 2.5469405539809877e-16,
            -0.6045558346092764 0.7965627676711241 1.537554759994084e-16,
            -0.6045558346092764 0.7965627676711241 1.537554759994084e-16,
            -0.9238795325112868 0.0 -0.38268343236508967,
            -0.9238795325112868 0.0 -0.38268343236508967,
            -0.5585367618557893 0.796562767671124 -0.2313535018446194,
            -0.5585367618557893 0.796562767671124 -0.2313535018446194,
            -0.7071067811865478 0.0 -0.7071067811865471,
            -0.7071067811865478 0.0 -0.7071067811865471,
            -0.4274855302581122 0.7965627676711242 -0.4274855302581118,
            -0.4274855302581122 0.7965627676711242 -0.4274855302581118,
            -0.38268343236508995 0.0 -0.9238795325112866,
            -0.38268343236508995 0.0 -0.9238795325112866,
            -0.2313535018446195 0.7965627676711241 -0.558536761855789,
            -0.2313535018446195 0.7965627676711241 -0.558536761855789,
            0.0 0.0 -1.0,
            0.0 0.0 -1.0,
            -2.0966655818101147e-17 0.796562767671123 -0.6045558346092779,
            -2.0966655818101147e-17 0.796562767671123 -0.6045558346092779,
            0.38268343236508956 0.0 -0.9238795325112868,
            0.38268343236508956 0.0 -0.9238795325112868,
            0.2313535018446197 0.7965627676711231 -0.5585367618557904,
            0.2313535018446197 0.7965627676711231 -0.5585367618557904,
            0.7071067811865472 0.0 -0.7071067811865477,
            0.7071067811865472 0.0 -0.7071067811865477,
            0.4274855302581122 0.796562767671124 -0.42748553025811253,
            0.4274855302581122 0.796562767671124 -0.42748553025811253,
            0.9238795325112865 0.0 -0.3826834323650903,
            0.9238795325112865 0.0 -0.3826834323650903,
            0.5585367618557893 0.7965627676711239 -0.2313535018446199,
            0.5585367618557893 0.7965627676711239 -0.2313535018446199,
            1.0 0.0 0.0,
            1.0 0.0 0.0,
            0.604555834609277 -0.7965627676711237 1.3977770545400766e-17,
            0.604555834609277 -0.7965627676711237 1.3977770545400766e-17,
            0.9238795325112867 0.0 0.38268343236508995,
            0.9238795325112867 0.0 0.38268343236508995,
            0.5585367618557896 -0.7965627676711236 0.23135350184461978,
            0.5585367618557896 -0.7965627676711236 0.23135350184461978,
            0.7071067811865477 0.0 0.7071067811865472,
            0.7071067811865477 0.0 0.7071067811865472,
            0.42748553025811237 -0.7965627676711241 0.42748553025811203,
            0.42748553025811237 -0.7965627676711241 0.42748553025811203,
            0.3826834323650895 0.0 0.9238795325112868,
            0.3826834323650895 0.0 0.9238795325112868,
            0.23135350184461922 -0.7965627676711243 0.5585367618557888,
            0.23135350184461922 -0.7965627676711243 0.5585367618557888,
            4.2449009233016455e-17 0.0 1.0,
            4.2449009233016455e-17 0.0 1.0,
            1.3977770545400766e-17 -0.7965627676711241 0.6045558346092764,
            1.3977770545400766e-17 -0.7965627676711241 0.6045558346092764,
            -0.3826834323650895 0.0 0.9238795325112868,
            -0.3826834323650895 0.0 0.9238795325112868,
            -0.231353501844619 -0.7965627676711245 0.5585367618557885,
            -0.231353501844619 -0.7965627676711245 0.5585367618557885,
            -0.7071067811865477 0.0 0.7071067811865474,
            -0.7071067811865477 0.0 0.7071067811865474,
            -0.4274855302581117 -0.7965627676711247 0.4274855302581116,
            -0.4274855302581117 -0.7965627676711247 0.4274855302581116,
            -0.9238795325112867 0.0 0.3826834323650899,
            -0.9238795325112867 0.0 0.3826834323650899,
            -0.558536761855789 -0.7965627676711241 0.23135350184461953,
            -0.558536761855789 -0.7965627676711241 0.23135350184461953,
            -1.0 0.0 2.5469405539809877e-16,
            -1.0 0.0 2.5469405539809877e-16,
            -0.6045558346092764 -0.7965627676711241 1.537554759994084e-16,
            -0.6045558346092764 -0.7965627676711241 1.537554759994084e-16,
            -0.9238795325112868 0.0 -0.38268343236508967,
            -0.9238795325112868 0.0 -0.38268343236508967,
            -0.5585367618557893 -0.796562767671124 -0.2313535018446194,
            -0.5585367618557893 -0.796562767671124 -0.2313535018446194,
            -0.7071067811865478 0.0 -0.7071067811865471,
            -0.7071067811865478 0.0 -0.7071067811865471,
            -0.4274855302581122 -0.7965627676711242 -0.4274855302581118,
            -0.4274855302581122 -0.7965627676711242 -0.4274855302581118,
            -0.38268343236508995 0.0 -0.9238795325112866,
            -0.38268343236508995 0.0 -0.9238795325112866,
            -0.23135350184461947 -0.796562767671124 -0.558536761855789,
            -0.23135350184461947 -0.796562767671124 -0.558536761855789,
            0.0 0.0 -1.0,
            0.0 0.0 -1.0,
            -6.988885272700383e-18 -0.796562767671123 -0.604555834609278,
            -6.988885272700383e-18 -0.796562767671123 -0.604555834609278,
            0.38268343236508956 0.0 -0.9238795325112868,
            0.38268343236508956 0.0 -0.9238795325112868,
            0.23135350184461972 -0.7965627676711231 -0.5585367618557904,
            0.23135350184461972 -0.7965627676711231 -0.5585367618557904,
            0.7071067811865472 0.0 -0.7071067811865477,
            0.7071067811865472 0.0 -0.7071067811865477,
            0.4274855302581122 -0.796562767671124 -0.42748553025811253,
            0.4274855302581122 -0.796562767671124 -0.42748553025811253,
            0.9238795325112865 0.0 -0.3826834323650903,
            0.9238795325112865 0.0 -0.3826834323650903,
            0.5585367618557893 -0.7965627676711239 -0.2313535018446199,
            0.5585367618557893 -0.7965627676711239 -0.2313535018446199,
            0.604555834609277 -0.7965627676711237 1.3977770545400766e-17,
            0.604555834609277 -0.7965627676711237 1.3977770545400766e-17,
            0.14292753438776726 -0.9897331559131651 -8.677121975478413e-18,
            0.14292753438776726 -0.9897331559131651 -8.677121975478413e-18,
            0.5585367618557896 -0.7965627676711236 0.23135350184461978,
            0.5585367618557896 -0.7965627676711236 0.23135350184461978,
            0.1320478236531613 -0.9897331559131651 0.05469599943899024,
            0.1320478236531613 -0.9897331559131651 0.05469599943899024,
            0.42748553025811237 -0.7965627676711241 0.42748553025811203,
            0.42748553025811237 -0.7965627676711241 0.42748553025811203,
            0.10106502878386373 -0.9897331559131651 0.10106502878386374,
            0.10106502878386373 -0.9897331559131651 0.10106502878386374,
            0.23135350184461922 -0.7965627676711243 0.5585367618557888,
            0.23135350184461922 -0.7965627676711243 0.5585367618557888,
            0.05469599943899025 -0.9897331559131651 0.13204782365316137,
            0.05469599943899025 -0.9897331559131651 0.13204782365316137,
            1.3977770545400766e-17 -0.7965627676711241 0.6045558346092764,
            1.3977770545400766e-17 -0.7965627676711241 0.6045558346092764,
            0.0 -0.9897331559131651 0.14292753438776737,
            0.0 -0.9897331559131651 0.14292753438776737,
            -0.231353501844619 -0.7965627676711245 0.5585367618557885,
            -0.231353501844619 -0.7965627676711245 0.5585367618557885,
            -0.05469599943899025 -0.9897331559131651 0.13204782365316142,
            -0.05469599943899025 -0.9897331559131651 0.13204782365316142,
            -0.4274855302581117 -0.7965627676711247 0.4274855302581116,
            -0.4274855302581117 -0.7965627676711247 0.4274855302581116,
            -0.10106502878386378 -0.9897331559131651 0.10106502878386385,
            -0.10106502878386378 -0.9897331559131651 0.10106502878386385,
            -0.558536761855789 -0.7965627676711241 0.23135350184461953,
            -0.558536761855789 -0.7965627676711241 0.23135350184461953,
            -0.13204782365316142 -0.9897331559131651 0.05469599943899026,
            -0.13204782365316142 -0.9897331559131651 0.05469599943899026,
            -0.6045558346092764 -0.7965627676711241 1.537554759994084e-16,
            -0.6045558346092764 -0.7965627676711241 1.537554759994084e-16,
            -0.1429275343877674 -0.9897331559131651 3.2973063506817965e-17,
            -0.1429275343877674 -0.9897331559131651 3.2973063506817965e-17,
            -0.5585367618557893 -0.796562767671124 -0.2313535018446194,
            -0.5585367618557893 -0.796562767671124 -0.2313535018446194,
            -0.13204782365316142 -0.9897331559131651 -0.054695999438990166,
            -0.13204782365316142 -0.9897331559131651 -0.054695999438990166,
            -0.4274855302581122 -0.7965627676711242 -0.4274855302581118,
            -0.4274855302581122 -0.7965627676711242 -0.4274855302581118,
            -0.10106502878386378 -0.9897331559131651 -0.10106502878386377,
            -0.10106502878386378 -0.9897331559131651 -0.10106502878386377,
            -0.23135350184461947 -0.796562767671124 -0.558536761855789,
            -0.23135350184461947 -0.796562767671124 -0.558536761855789,
            -0.05469599943899026 -0.9897331559131651 -0.1320478236531613,
            -0.05469599943899026 -0.9897331559131651 -0.1320478236531613,
            -6.988885272700383e-18 -0.796562767671123 -0.604555834609278,
            -6.988885272700383e-18 -0.796562767671123 -0.604555834609278,
            -5.2062731852870464e-17 -0.9897331559131651 -0.14292753438776723,
            -5.2062731852870464e-17 -0.9897331559131651 -0.14292753438776723,
            0.23135350184461972 -0.7965627676711231 -0.5585367618557904,
            0.23135350184461972 -0.7965627676711231 -0.5585367618557904,
            0.0546959994389902 -0.9897331559131651 -0.13204782365316123,
            0.0546959994389902 -0.9897331559131651 -0.13204782365316123,
            0.4274855302581122 -0.796562767671124 -0.42748553025811253,
            0.4274855302581122 -0.796562767671124 -0.42748553025811253,
            0.10106502878386368 -0.9897331559131651 -0.10106502878386374,
            0.10106502878386368 -0.9897331559131651 -0.10106502878386374,
            0.5585367618557893 -0.7965627676711239 -0.2313535018446199,
            0.5585367618557893 -0.7965627676711239 -0.2313535018446199,
            0.13204782365316128 -0.9897331559131651 -0.05469599943899028,
            0.13204782365316128 -0.9897331559131651 -0.05469599943899028,
            0.5585367618557896 0.7965627676711236 0.23135350184461978,
            0.5585367618557896 0.7965627676711236 0.23135350184461978,
            0.13204782365316134 0.9897331559131651 0.05469599943899025,
            0.13204782365316134 0.9897331559131651 0.05469599943899025,
            0.604555834609277 0.7965627676711237 1.3977770545400766e-17,
            0.604555834609277 0.7965627676711237 1.3977770545400766e-17,
            0.1429275343877673 0.9897331559131651 -1.2147970765669776e-17,
            0.1429275343877673 0.9897331559131651 -1.2147970765669776e-17,
            0.5585367618557893 0.7965627676711239 -0.2313535018446199,
            0.5585367618557893 0.7965627676711239 -0.2313535018446199,
            0.13204782365316128 0.9897331559131651 -0.05469599943899029,
            0.13204782365316128 0.9897331559131651 -0.05469599943899029,
            0.4274855302581122 0.796562767671124 -0.42748553025811253,
            0.4274855302581122 0.796562767671124 -0.42748553025811253,
            0.1010650287838637 0.9897331559131651 -0.10106502878386374,
            0.1010650287838637 0.9897331559131651 -0.10106502878386374,
            0.2313535018446197 0.7965627676711231 -0.5585367618557904,
            0.2313535018446197 0.7965627676711231 -0.5585367618557904,
            0.054695999438990194 0.9897331559131651 -0.13204782365316123,
            0.054695999438990194 0.9897331559131651 -0.13204782365316123,
            -2.0966655818101147e-17 0.796562767671123 -0.6045558346092779,
            -2.0966655818101147e-17 0.796562767671123 -0.6045558346092779,
            -5.2062731852870464e-17 0.9897331559131651 -0.14292753438776723,
            -5.2062731852870464e-17 0.9897331559131651 -0.14292753438776723,
            -0.2313535018446195 0.7965627676711241 -0.558536761855789,
            -0.2313535018446195 0.7965627676711241 -0.558536761855789,
            -0.05469599943899026 0.9897331559131651 -0.1320478236531613,
            -0.05469599943899026 0.9897331559131651 -0.1320478236531613,
            -0.4274855302581122 0.7965627676711242 -0.4274855302581118,
            -0.4274855302581122 0.7965627676711242 -0.4274855302581118,
            -0.10106502878386378 0.9897331559131651 -0.10106502878386374,
            -0.10106502878386378 0.9897331559131651 -0.10106502878386374,
            -0.5585367618557893 0.796562767671124 -0.2313535018446194,
            -0.5585367618557893 0.796562767671124 -0.2313535018446194,
            -0.13204782365316142 0.9897331559131651 -0.05469599943899018,
            -0.13204782365316142 0.9897331559131651 -0.05469599943899018,
            -0.6045558346092764 0.7965627676711241 1.537554759994084e-16,
            -0.6045558346092764 0.7965627676711241 1.537554759994084e-16,
            -0.1429275343877674 0.9897331559131651 3.2973063506817965e-17,
            -0.1429275343877674 0.9897331559131651 3.2973063506817965e-17,
            -0.558536761855789 0.7965627676711241 0.23135350184461953,
            -0.558536761855789 0.7965627676711241 0.23135350184461953,
            -0.13204782365316142 0.9897331559131651 0.054695999438990284,
            -0.13204782365316142 0.9897331559131651 0.054695999438990284,
            -0.4274855302581117 0.7965627676711247 0.4274855302581116,
            -0.4274855302581117 0.7965627676711247 0.4274855302581116,
            -0.1010650287838638 0.9897331559131651 0.10106502878386386,
            -0.1010650287838638 0.9897331559131651 0.10106502878386386,
            -0.231353501844619 0.7965627676711245 0.5585367618557885,
            -0.231353501844619 0.7965627676711245 0.5585367618557885,
            -0.05469599943899027 0.9897331559131651 0.13204782365316145,
            -0.05469599943899027 0.9897331559131651 0.13204782365316145,
            1.3977770545400766e-17 0.7965627676711241 0.6045558346092764,
            1.3977770545400766e-17 0.7965627676711241 0.6045558346092764,
            6.94169758038273e-18 0.9897331559131651 0.14292753438776737,
            6.94169758038273e-18 0.9897331559131651 0.14292753438776737,
            0.23135350184461922 0.7965627676711243 0.5585367618557888,
            0.23135350184461922 0.7965627676711243 0.5585367618557888,
            0.05469599943899025 0.9897331559131651 0.13204782365316134,
            0.05469599943899025 0.9897331559131651 0.13204782365316134,
            0.42748553025811237 0.7965627676711241 0.42748553025811203,
            0.42748553025811237 0.7965627676711241 0.42748553025811203,
            0.10106502878386373 0.9897331559131651 0.10106502878386377,
            0.10106502878386373 0.9897331559131651 0.10106502878386377,
            0.14292753438776726 -0.9897331559131651 -8.677121975478413e-18,
            0.14292753438776726 -0.9897331559131651 -8.677121975478413e-18,
            0.0 -1.0 3.8199288213982594e-17,
            0.1320478236531613 -0.9897331559131651 0.05469599943899024,
            0.1320478236531613 -0.9897331559131651 0.05469599943899024,
            0.0 -1.0 3.8199288213982594e-17,
            0.10106502878386373 -0.9897331559131651 0.10106502878386374,
            0.10106502878386373 -0.9897331559131651 0.10106502878386374,
            0.0 -1.0 3.8199288213982594e-17,
            0.05469599943899025 -0.9897331559131651 0.13204782365316137,
            0.05469599943899025 -0.9897331559131651 0.13204782365316137,
            0.0 -1.0 3.8199288213982594e-17,
            0.0 -0.9897331559131651 0.14292753438776737,
            0.0 -0.9897331559131651 0.14292753438776737,
            0.0 -1.0 3.8199288213982594e-17,
            -0.05469599943899025 -0.9897331559131651 0.13204782365316142,
            -0.05469599943899025 -0.9897331559131651 0.13204782365316142,
            0.0 -1.0 3.8199288213982594e-17,
            -0.10106502878386378 -0.9897331559131651 0.10106502878386385,
            -0.10106502878386378 -0.9897331559131651 0.10106502878386385,
            0.0 -1.0 3.8199288213982594e-17,
            -0.13204782365316142 -0.9897331559131651 0.05469599943899026,
            -0.13204782365316142 -0.9897331559131651 0.05469599943899026,
            0.0 -1.0 3.8199288213982594e-17,
            -0.1429275343877674 -0.9897331559131651 3.2973063506817965e-17,
            -0.1429275343877674 -0.9897331559131651 3.2973063506817965e-17,
            0.0 -1.0 3.8199288213982594e-17,
            -0.13204782365316142 -0.9897331559131651 -0.054695999438990166,
            -0.13204782365316142 -0.9897331559131651 -0.054695999438990166,
            0.0 -1.0 3.8199288213982594e-17,
            -0.10106502878386378 -0.9897331559131651 -0.10106502878386377,
            -0.10106502878386378 -0.9897331559131651 -0.10106502878386377,
            0.0 -1.0 3.8199288213982594e-17,
            -0.05469599943899026 -0.9897331559131651 -0.1320478236531613,
            -0.05469599943899026 -0.9897331559131651 -0.1320478236531613,
            0.0 -1.0 3.8199288213982594e-17,
            -5.2062731852870464e-17 -0.9897331559131651 -0.14292753438776723,
            -5.2062731852870464e-17 -0.9897331559131651 -0.14292753438776723,
            0.0 -1.0 3.8199288213982594e-17,
            0.0546959994389902 -0.9897331559131651 -0.13204782365316123,
            0.0546959994389902 -0.9897331559131651 -0.13204782365316123,
            0.0 -1.0 3.8199288213982594e-17,
            0.10106502878386368 -0.9897331559131651 -0.10106502878386374,
            0.10106502878386368 -0.9897331559131651 -0.10106502878386374,
            0.0 -1.0 3.8199288213982594e-17,
            0.13204782365316128 -0.9897331559131651 -0.05469599943899028,
            0.13204782365316128 -0.9897331559131651 -0.05469599943899028,
            0.0 -1.0 3.8199288213982594e-17,
            0.13204782365316134 0.9897331559131651 0.05469599943899025,
            0.13204782365316134 0.9897331559131651 0.05469599943899025,
            0.0 1.0 5.208993847361263e-17,
            0.1429275343877673 0.9897331559131651 -1.2147970765669776e-17,
            0.1429275343877673 0.9897331559131651 -1.2147970765669776e-17,
            0.0 1.0 5.208993847361263e-17,
            0.13204782365316128 0.9897331559131651 -0.05469599943899029,
            0.13204782365316128 0.9897331559131651 -0.05469599943899029,
            0.0 1.0 5.208993847361263e-17,
            0.1010650287838637 0.9897331559131651 -0.10106502878386374,
            0.1010650287838637 0.9897331559131651 -0.10106502878386374,
            0.0 1.0 5.208993847361263e-17,
            0.054695999438990194 0.9897331559131651 -0.13204782365316123,
            0.054695999438990194 0.9897331559131651 -0.13204782365316123,
            0.0 1.0 5.208993847361263e-17,
            -5.2062731852870464e-17 0.9897331559131651 -0.14292753438776723,
            -5.2062731852870464e-17 0.9897331559131651 -0.14292753438776723,
            0.0 1.0 5.208993847361263e-17,
            -0.05469599943899026 0.9897331559131651 -0.1320478236531613,
            -0.05469599943899026 0.9897331559131651 -0.1320478236531613,
            0.0 1.0 5.208993847361263e-17,
            -0.10106502878386378 0.9897331559131651 -0.10106502878386374,
            -0.10106502878386378 0.9897331559131651 -0.10106502878386374,
            0.0 1.0 5.208993847361263e-17,
            -0.13204782365316142 0.9897331559131651 -0.05469599943899018,
            -0.13204782365316142 0.9897331559131651 -0.05469599943899018,
            0.0 1.0 5.208993847361263e-17,
            -0.1429275343877674 0.9897331559131651 3.2973063506817965e-17,
            -0.1429275343877674 0.9897331559131651 3.2973063506817965e-17,
            0.0 1.0 5.208993847361263e-17,
            -0.13204782365316142 0.9897331559131651 0.054695999438990284,
            -0.13204782365316142 0.9897331559131651 0.054695999438990284,
            0.0 1.0 5.208993847361263e-17,
            -0.1010650287838638 0.9897331559131651 0.10106502878386386,
            -0.1010650287838638 0.9897331559131651 0.10106502878386386,
            0.0 1.0 5.208993847361263e-17,
            -0.05469599943899027 0.9897331559131651 0.13204782365316145,
            -0.05469599943899027 0.9897331559131651 0.13204782365316145,
            0.0 1.0 5.208993847361263e-17,
            6.94169758038273e-18 0.9897331559131651 0.14292753438776737,
            6.94169758038273e-18 0.9897331559131651 0.14292753438776737,
            0.0 1.0 5.208993847361263e-17,
            0.05469599943899025 0.9897331559131651 0.13204782365316134,
            0.05469599943899025 0.9897331559131651 0.13204782365316134,
            0.0 1.0 5.208993847361263e-17,
            0.10106502878386373 0.9897331559131651 0.10106502878386377,
            0.10106502878386373 0.9897331559131651 0.10106502878386377,
            0.0 1.0 5.208993847361263e-17 ]
        }
        normalIndex [
          1, 5, 69, 65, -1,
          3, 62, 200, 197, -1,
          0, 64, 124, 60, -1,
          2, 196, 192, 6, -1,
          4, 9, 73, 68, -1,
          7, 193, 253, 11, -1,
          8, 13, 77, 72, -1,
          10, 252, 249, 15, -1,
          12, 17, 81, 76, -1,
          14, 248, 245, 19, -1,
          16, 21, 85, 80, -1,
          18, 244, 241, 23, -1,
          20, 25, 89, 84, -1,
          22, 240, 237, 27, -1,
          24, 29, 93, 88, -1,
          26, 236, 233, 31, -1,
          28, 33, 97, 92, -1,
          30, 232, 229, 35, -1,
          32, 37, 101, 96, -1,
          34, 228, 225, 39, -1,
          36, 41, 105, 100, -1,
          38, 224, 221, 43, -1,
          40, 45, 109, 104, -1,
          42, 220, 217, 47, -1,
          44, 49, 113, 108, -1,
          46, 216, 213, 51, -1,
          48, 53, 117, 112, -1,
          50, 212, 209, 55, -1,
          52, 57, 121, 116, -1,
          54, 208, 205, 59, -1,
          56, 61, 125, 120, -1,
          58, 204, 201, 63, -1,
          66, 70, 132, 128, -1,
          67, 129, 189, 127, -1,
          71, 74, 136, 133, -1,
          75, 78, 140, 137, -1,
          79, 82, 144, 141, -1,
          83, 86, 148, 145, -1,
          87, 90, 152, 149, -1,
          91, 94, 156, 153, -1,
          95, 98, 160, 157, -1,
          99, 102, 164, 161, -1,
          103, 106, 168, 165, -1,
          107, 110, 172, 169, -1,
          111, 114, 176, 173, -1,
          115, 118, 180, 177, -1,
          119, 122, 184, 181, -1,
          123, 126, 188, 185, -1,
          130, 134, 259, 256, -1,
          131, 257, 302, 191, -1,
          135, 138, 262, 260, -1,
          139, 142, 265, 263, -1,
          143, 146, 268, 266, -1,
          147, 150, 271, 269, -1,
          151, 154, 274, 272, -1,
          155, 158, 277, 275, -1,
          159, 162, 280, 278, -1,
          163, 166, 283, 281, -1,
          167, 170, 286, 284, -1,
          171, 174, 289, 287, -1,
          175, 178, 292, 290, -1,
          179, 182, 295, 293, -1,
          183, 186, 298, 296, -1,
          187, 190, 301, 299, -1,
          194, 198, 307, 304, -1,
          195, 305, 350, 255, -1,
          199, 202, 310, 308, -1,
          203, 206, 313, 311, -1,
          207, 210, 316, 314, -1,
          211, 214, 319, 317, -1,
          215, 218, 322, 320, -1,
          219, 222, 325, 323, -1,
          223, 226, 328, 326, -1,
          227, 230, 331, 329, -1,
          231, 234, 334, 332, -1,
          235, 238, 337, 335, -1,
          239, 242, 340, 338, -1,
          243, 246, 343, 341, -1,
          247, 250, 346, 344, -1,
          251, 254, 349, 347, -1,
          258, 261, 264, 267, 270, 273, 276, 279, 282, 285, 288, 291, 294, 297, 300, 303, -1,
          306, 309, 312, 315, 318, 321, 324, 327, 330, 333, 336, 339, 342, 345, 348, 351, -1 ]
      }
    }

  ]
}

