#VRML V2.0 utf8
#Exported from Wings 3D 2.4.1
DEF Cylinder7_copy8 Transform {
  children [
    Shape {
      appearance Appearance {
        material DEF pins Material {
          diffuseColor 0.6 0.6 0.6
          emissiveColor 0.0 0.0 0.0
          specularColor 0.5999999905136262 0.5999999905136262 0.5999999905136262
          ambientIntensity 1.0
          transparency 0.0
          shininess 0.5
        }
      }
      geometry IndexedFaceSet {
        normalPerVertex TRUE
        coord Coordinate {
          point [
            2.24659933465 -1.29920044094 1.0,
            2.2344200598518054 -1.3604297901184144 1.0,
            2.199736419639848 -1.4123375259298476 1.0,
            2.147828683828414 -1.4470211661418058 1.0,
            2.08659933465 -1.45920044094 1.0,
            2.0253699854715856 -1.4470211661418058 1.0,
            1.9734622496601524 -1.4123375259298476 1.0,
            1.938778609448194 -1.3604297901184144 1.0,
            1.9265993346499999 -1.29920044094 1.0,
            1.938778609448194 -1.2379710917615856 1.0,
            1.9734622496601524 -1.1860633559501523 1.0,
            2.0253699854715856 -1.151379715738194 1.0,
            2.08659933465 -1.1392004409399998 1.0,
            2.147828683828414 -1.151379715738194 1.0,
            2.199736419639848 -1.1860633559501523 1.0,
            2.2344200598518054 -1.2379710917615854 1.0,
            2.24659933465 -1.29920044094 -1.0,
            2.2344200598518054 -1.3604297901184144 -1.0,
            2.199736419639848 -1.4123375259298476 -1.0,
            2.147828683828414 -1.447021166141806 -1.0,
            2.08659933465 -1.4592004409400001 -1.0,
            2.0253699854715856 -1.447021166141806 -1.0,
            1.9734622496601524 -1.4123375259298476 -1.0,
            1.938778609448194 -1.3604297901184144 -1.0,
            1.9265993346499999 -1.29920044094 -1.0,
            1.938778609448194 -1.2379710917615856 -1.0,
            1.9734622496601524 -1.1860633559501523 -1.0,
            2.0253699854715856 -1.1513797157381942 -1.0,
            2.08659933465 -1.13920044094 -1.0,
            2.147828683828414 -1.1513797157381942 -1.0,
            2.199736419639848 -1.1860633559501523 -1.0,
            2.2344200598518054 -1.2379710917615856 -1.0 ]
        }
        coordIndex [
          0, 1, 17, 16, -1,
          0, 15, 14, 13, 12, 11, 10, 9, 8, 7, 6, 5, 4, 3, 2, 1, -1,
          0, 16, 31, 15, -1,
          1, 2, 18, 17, -1,
          2, 3, 19, 18, -1,
          3, 4, 20, 19, -1,
          4, 5, 21, 20, -1,
          5, 6, 22, 21, -1,
          6, 7, 23, 22, -1,
          7, 8, 24, 23, -1,
          8, 9, 25, 24, -1,
          9, 10, 26, 25, -1,
          10, 11, 27, 26, -1,
          11, 12, 28, 27, -1,
          12, 13, 29, 28, -1,
          13, 14, 30, 29, -1,
          14, 15, 31, 30, -1,
          16, 17, 18, 19, 20, 21, 22, 23, 24, 25, 26, 27, 28, 29, 30, 31, -1 ]
        normal Normal {
          vector [
            0.0 0.0 1.0,
            1.0 -1.8394570667640493e-16 -5.533509394562759e-18,
            1.0 -1.8394570667640493e-16 -5.533509394562759e-18,
            0.0 0.0 1.0,
            0.9238795325112875 -0.38268343236508806 0.0,
            0.9238795325112875 -0.38268343236508806 0.0,
            0.0 0.0 1.0,
            0.7071067811865491 -0.707106781186546 2.346207983294598e-17,
            0.7071067811865491 -0.707106781186546 2.346207983294598e-17,
            0.0 0.0 1.0,
            0.3826834323650872 -0.9238795325112878 7.901851415435628e-17,
            0.3826834323650872 -0.9238795325112878 7.901851415435628e-17,
            0.0 0.0 1.0,
            0.0 -1.0 1.111128686428208e-16,
            0.0 -1.0 1.111128686428208e-16,
            0.0 0.0 1.0,
            -0.3826834323650899 -0.9238795325112867 7.901851415435653e-17,
            -0.3826834323650899 -0.9238795325112867 7.901851415435653e-17,
            0.0 0.0 1.0,
            -0.707106781186547 -0.707106781186548 2.3462079832946148e-17,
            -0.707106781186547 -0.707106781186548 2.3462079832946148e-17,
            0.0 0.0 1.0,
            -0.9238795325112865 -0.3826834323650902 0.0,
            -0.9238795325112865 -0.3826834323650902 0.0,
            0.0 0.0 1.0,
            -1.0 0.0 0.0,
            -1.0 0.0 0.0,
            0.0 0.0 1.0,
            -0.9238795325112865 0.3826834323650902 0.0,
            -0.9238795325112865 0.3826834323650902 0.0,
            0.0 0.0 1.0,
            -0.707106781186547 0.707106781186548 -2.3462079832946148e-17,
            -0.707106781186547 0.707106781186548 -2.3462079832946148e-17,
            0.0 0.0 1.0,
            -0.3826834323650899 0.9238795325112867 -7.901851415435653e-17,
            -0.3826834323650899 0.9238795325112867 -7.901851415435653e-17,
            0.0 0.0 1.0,
            0.0 1.0 -1.111128686428208e-16,
            0.0 1.0 -1.111128686428208e-16,
            0.0 0.0 1.0,
            0.3826834323650872 0.9238795325112878 -7.901851415435628e-17,
            0.3826834323650872 0.9238795325112878 -7.901851415435628e-17,
            0.0 0.0 1.0,
            0.7071067811865487 0.7071067811865464 -3.9398586889286917e-17,
            0.7071067811865487 0.7071067811865464 -3.9398586889286917e-17,
            0.0 0.0 1.0,
            0.9238795325112873 0.3826834323650884 -2.147001645090363e-17,
            0.9238795325112873 0.3826834323650884 -2.147001645090363e-17,
            0.0 0.0 -1.0,
            1.0 -1.8394570667640493e-16 -5.533509394562759e-18,
            1.0 -1.8394570667640493e-16 -5.533509394562759e-18,
            0.0 0.0 -1.0,
            0.9238795325112875 -0.38268343236508806 0.0,
            0.9238795325112875 -0.38268343236508806 0.0,
            0.0 0.0 -1.0,
            0.7071067811865491 -0.707106781186546 2.346207983294598e-17,
            0.7071067811865491 -0.707106781186546 2.346207983294598e-17,
            0.0 0.0 -1.0,
            0.3826834323650872 -0.9238795325112878 7.901851415435628e-17,
            0.3826834323650872 -0.9238795325112878 7.901851415435628e-17,
            0.0 0.0 -1.0,
            0.0 -1.0 1.111128686428208e-16,
            0.0 -1.0 1.111128686428208e-16,
            0.0 0.0 -1.0,
            -0.3826834323650899 -0.9238795325112867 7.901851415435653e-17,
            -0.3826834323650899 -0.9238795325112867 7.901851415435653e-17,
            0.0 0.0 -1.0,
            -0.707106781186547 -0.707106781186548 2.3462079832946148e-17,
            -0.707106781186547 -0.707106781186548 2.3462079832946148e-17,
            0.0 0.0 -1.0,
            -0.9238795325112865 -0.3826834323650902 0.0,
            -0.9238795325112865 -0.3826834323650902 0.0,
            0.0 0.0 -1.0,
            -1.0 0.0 0.0,
            -1.0 0.0 0.0,
            0.0 0.0 -1.0,
            -0.9238795325112865 0.3826834323650902 0.0,
            -0.9238795325112865 0.3826834323650902 0.0,
            0.0 0.0 -1.0,
            -0.707106781186547 0.707106781186548 -2.3462079832946148e-17,
            -0.707106781186547 0.707106781186548 -2.3462079832946148e-17,
            0.0 0.0 -1.0,
            -0.3826834323650899 0.9238795325112867 -7.901851415435653e-17,
            -0.3826834323650899 0.9238795325112867 -7.901851415435653e-17,
            0.0 0.0 -1.0,
            0.0 1.0 -1.111128686428208e-16,
            0.0 1.0 -1.111128686428208e-16,
            0.0 0.0 -1.0,
            0.3826834323650872 0.9238795325112878 -7.901851415435628e-17,
            0.3826834323650872 0.9238795325112878 -7.901851415435628e-17,
            0.0 0.0 -1.0,
            0.7071067811865487 0.7071067811865464 -3.9398586889286917e-17,
            0.7071067811865487 0.7071067811865464 -3.9398586889286917e-17,
            0.0 0.0 -1.0,
            0.9238795325112873 0.3826834323650884 -2.147001645090363e-17,
            0.9238795325112873 0.3826834323650884 -2.147001645090363e-17 ]
        }
        normalIndex [
          2, 5, 53, 50, -1,
          0, 45, 42, 39, 36, 33, 30, 27, 24, 21, 18, 15, 12, 9, 6, 3, -1,
          1, 49, 94, 46, -1,
          4, 8, 56, 52, -1,
          7, 11, 59, 55, -1,
          10, 14, 62, 58, -1,
          13, 17, 65, 61, -1,
          16, 20, 68, 64, -1,
          19, 23, 71, 67, -1,
          22, 26, 74, 70, -1,
          25, 29, 77, 73, -1,
          28, 32, 80, 76, -1,
          31, 35, 83, 79, -1,
          34, 38, 86, 82, -1,
          37, 41, 89, 85, -1,
          40, 44, 92, 88, -1,
          43, 47, 95, 91, -1,
          48, 51, 54, 57, 60, 63, 66, 69, 72, 75, 78, 81, 84, 87, 90, 93, -1 ]
      }
    }

  ]
}

DEF Cylinder7 Transform {
  children [
    Shape {
      appearance Appearance {
        material USE pins
      }
      geometry IndexedFaceSet {
        normalPerVertex TRUE
        coord Coordinate {
          point [
            -1.92659983465 1.29920044094 1.0,
            -1.938779109448194 1.2379710917615856 1.0,
            -1.9734627496601524 1.1860633559501523 1.0,
            -2.0253704854715853 1.1513797157381942 1.0,
            -2.0865998346500003 1.13920044094 1.0,
            -2.1478291838284145 1.1513797157381942 1.0,
            -2.1997369196398475 1.1860633559501523 1.0,
            -2.234420559851806 1.2379710917615856 1.0,
            -2.2465998346499996 1.29920044094 1.0,
            -2.234420559851806 1.3604297901184144 1.0,
            -2.1997369196398475 1.4123375259298476 1.0,
            -2.1478291838284145 1.447021166141806 1.0,
            -2.0865998346500003 1.4592004409400001 1.0,
            -2.0253704854715853 1.447021166141806 1.0,
            -1.9734627496601524 1.4123375259298476 1.0,
            -1.938779109448194 1.3604297901184146 1.0,
            -1.92659983465 1.29920044094 -1.0,
            -1.938779109448194 1.2379710917615856 -1.0,
            -1.9734627496601524 1.1860633559501523 -1.0,
            -2.0253704854715853 1.151379715738194 -1.0,
            -2.0865998346500003 1.1392004409399998 -1.0,
            -2.1478291838284145 1.151379715738194 -1.0,
            -2.1997369196398475 1.1860633559501523 -1.0,
            -2.234420559851806 1.2379710917615856 -1.0,
            -2.2465998346499996 1.29920044094 -1.0,
            -2.234420559851806 1.3604297901184144 -1.0,
            -2.1997369196398475 1.4123375259298476 -1.0,
            -2.1478291838284145 1.4470211661418058 -1.0,
            -2.0865998346500003 1.45920044094 -1.0,
            -2.0253704854715853 1.4470211661418058 -1.0,
            -1.9734627496601524 1.4123375259298476 -1.0,
            -1.938779109448194 1.3604297901184144 -1.0 ]
        }
        coordIndex [
          0, 1, 17, 16, -1,
          0, 15, 14, 13, 12, 11, 10, 9, 8, 7, 6, 5, 4, 3, 2, 1, -1,
          0, 16, 31, 15, -1,
          1, 2, 18, 17, -1,
          2, 3, 19, 18, -1,
          3, 4, 20, 19, -1,
          4, 5, 21, 20, -1,
          5, 6, 22, 21, -1,
          6, 7, 23, 22, -1,
          7, 8, 24, 23, -1,
          8, 9, 25, 24, -1,
          9, 10, 26, 25, -1,
          10, 11, 27, 26, -1,
          11, 12, 28, 27, -1,
          12, 13, 29, 28, -1,
          13, 14, 30, 29, -1,
          14, 15, 31, 30, -1,
          16, 17, 18, 19, 20, 21, 22, 23, 24, 25, 26, 27, 28, 29, 30, 31, -1 ]
        normal Normal {
          vector [
            0.0 -0.0 1.0,
            1.0 -1.6979603693206584e-16 -5.5335093945627595e-18,
            1.0 -1.6979603693206584e-16 -5.5335093945627595e-18,
            0.0 -0.0 1.0,
            0.9238795325112865 -0.3826834323650902 0.0,
            0.9238795325112865 -0.3826834323650902 0.0,
            0.0 -0.0 1.0,
            0.7071067811865483 -0.7071067811865466 2.3462079832946277e-17,
            0.7071067811865483 -0.7071067811865466 2.3462079832946277e-17,
            0.0 -0.0 1.0,
            0.38268343236509045 -0.9238795325112864 7.901851415435595e-17,
            0.38268343236509045 -0.9238795325112864 7.901851415435595e-17,
            0.0 -0.0 1.0,
            -1.4008173046895432e-15 -1.0 1.1111286864281998e-16,
            -1.4008173046895432e-15 -1.0 1.1111286864281998e-16,
            0.0 -0.0 1.0,
            -0.3826834323650908 -0.9238795325112864 7.901851415435661e-17,
            -0.3826834323650908 -0.9238795325112864 7.901851415435661e-17,
            0.0 -0.0 1.0,
            -0.7071067811865477 -0.7071067811865474 2.3462079832946212e-17,
            -0.7071067811865477 -0.7071067811865474 2.3462079832946212e-17,
            0.0 -0.0 1.0,
            -0.9238795325112878 -0.382683432365087 0.0,
            -0.9238795325112878 -0.382683432365087 0.0,
            0.0 -0.0 1.0,
            -1.0 0.0 0.0,
            -1.0 0.0 0.0,
            0.0 -0.0 1.0,
            -0.9238795325112878 0.382683432365087 0.0,
            -0.9238795325112878 0.382683432365087 0.0,
            0.0 -0.0 1.0,
            -0.7071067811865477 0.7071067811865474 -2.3462079832946212e-17,
            -0.7071067811865477 0.7071067811865474 -2.3462079832946212e-17,
            0.0 -0.0 1.0,
            -0.3826834323650908 0.9238795325112864 -7.901851415435661e-17,
            -0.3826834323650908 0.9238795325112864 -7.901851415435661e-17,
            0.0 -0.0 1.0,
            -1.4008173046895432e-15 1.0 -1.1111286864281998e-16,
            -1.4008173046895432e-15 1.0 -1.1111286864281998e-16,
            0.0 -0.0 1.0,
            0.38268343236509045 0.9238795325112864 -7.901851415435595e-17,
            0.38268343236509045 0.9238795325112864 -7.901851415435595e-17,
            0.0 -0.0 1.0,
            0.7071067811865481 0.7071067811865469 -3.895590613772203e-17,
            0.7071067811865481 0.7071067811865469 -3.895590613772203e-17,
            0.0 -0.0 1.0,
            0.9238795325112865 0.38268343236509056 -2.1027335699338525e-17,
            0.9238795325112865 0.38268343236509056 -2.1027335699338525e-17,
            0.0 -0.0 -1.0,
            1.0 -1.6979603693206584e-16 -5.5335093945627595e-18,
            1.0 -1.6979603693206584e-16 -5.5335093945627595e-18,
            0.0 -0.0 -1.0,
            0.9238795325112865 -0.3826834323650902 0.0,
            0.9238795325112865 -0.3826834323650902 0.0,
            0.0 -0.0 -1.0,
            0.7071067811865483 -0.7071067811865466 2.3462079832946277e-17,
            0.7071067811865483 -0.7071067811865466 2.3462079832946277e-17,
            0.0 -0.0 -1.0,
            0.38268343236509045 -0.9238795325112864 7.901851415435595e-17,
            0.38268343236509045 -0.9238795325112864 7.901851415435595e-17,
            0.0 -0.0 -1.0,
            -1.4008173046895432e-15 -1.0 1.1111286864281998e-16,
            -1.4008173046895432e-15 -1.0 1.1111286864281998e-16,
            0.0 -0.0 -1.0,
            -0.3826834323650908 -0.9238795325112864 7.901851415435661e-17,
            -0.3826834323650908 -0.9238795325112864 7.901851415435661e-17,
            0.0 -0.0 -1.0,
            -0.7071067811865477 -0.7071067811865474 2.3462079832946212e-17,
            -0.7071067811865477 -0.7071067811865474 2.3462079832946212e-17,
            0.0 -0.0 -1.0,
            -0.9238795325112878 -0.382683432365087 0.0,
            -0.9238795325112878 -0.382683432365087 0.0,
            0.0 -0.0 -1.0,
            -1.0 0.0 0.0,
            -1.0 0.0 0.0,
            0.0 -0.0 -1.0,
            -0.9238795325112878 0.382683432365087 0.0,
            -0.9238795325112878 0.382683432365087 0.0,
            0.0 -0.0 -1.0,
            -0.7071067811865477 0.7071067811865474 -2.3462079832946212e-17,
            -0.7071067811865477 0.7071067811865474 -2.3462079832946212e-17,
            0.0 -0.0 -1.0,
            -0.3826834323650908 0.9238795325112864 -7.901851415435661e-17,
            -0.3826834323650908 0.9238795325112864 -7.901851415435661e-17,
            0.0 -0.0 -1.0,
            -1.4008173046895432e-15 1.0 -1.1111286864281998e-16,
            -1.4008173046895432e-15 1.0 -1.1111286864281998e-16,
            0.0 -0.0 -1.0,
            0.38268343236509045 0.9238795325112864 -7.901851415435595e-17,
            0.38268343236509045 0.9238795325112864 -7.901851415435595e-17,
            0.0 -0.0 -1.0,
            0.7071067811865481 0.7071067811865469 -3.895590613772203e-17,
            0.7071067811865481 0.7071067811865469 -3.895590613772203e-17,
            0.0 -0.0 -1.0,
            0.9238795325112865 0.38268343236509056 -2.1027335699338525e-17,
            0.9238795325112865 0.38268343236509056 -2.1027335699338525e-17 ]
        }
        normalIndex [
          2, 5, 53, 50, -1,
          0, 45, 42, 39, 36, 33, 30, 27, 24, 21, 18, 15, 12, 9, 6, 3, -1,
          1, 49, 94, 46, -1,
          4, 8, 56, 52, -1,
          7, 11, 59, 55, -1,
          10, 14, 62, 58, -1,
          13, 17, 65, 61, -1,
          16, 20, 68, 64, -1,
          19, 23, 71, 67, -1,
          22, 26, 74, 70, -1,
          25, 29, 77, 73, -1,
          28, 32, 80, 76, -1,
          31, 35, 83, 79, -1,
          34, 38, 86, 82, -1,
          37, 41, 89, 85, -1,
          40, 44, 92, 88, -1,
          43, 47, 95, 91, -1,
          48, 51, 54, 57, 60, 63, 66, 69, 72, 75, 78, 81, 84, 87, 90, 93, -1 ]
      }
    }

  ]
}

DEF Cylinder1 Transform {
  children [
    Shape {
      appearance Appearance {
        material DEF body Material {
          diffuseColor 0.1 0.1 1.0
          emissiveColor 0.0 0.0 0.0
          specularColor 0.1 0.1 1.0
          ambientIntensity 1.0
          transparency 0.0
          shininess 0.5
        }
      }
      geometry IndexedFaceSet {
        normalPerVertex TRUE
        coord Coordinate {
          point [
            3.149499999995892 1.0925 3.45,
            2.9097585876405025 1.0925 4.6552614702322765,
            2.2270328073441266 1.0925 5.677032807344127,
            1.2052614702322784 1.0925 6.359758587640504,
            2.720019258713465e-16 1.0925 6.599499999995892,
            -1.205261470232278 1.0925 6.359758587640504,
            -2.227032807344126 1.0925 5.677032807344127,
            -2.9097585876405025 1.0925 4.655261470232278,
            -3.149499999995892 1.0925 3.45,
            -2.9097585876405025 1.0925 2.244738529767722,
            -2.227032807344127 1.0925 1.2229671926558743,
            -1.2052614702322797 1.0925 0.5402414123594979,
            -4.99403092910565e-16 1.0925 0.30050000000410804,
            1.205261470232279 1.0925 0.5402414123594979,
            2.227032807344126 1.0925 1.2229671926558738,
            2.909758587640501 1.0925 2.24473852976772,
            3.149499999995892 -1.0925 3.45,
            2.9097585876405025 -1.0925 4.6552614702322765,
            2.2270328073441266 -1.0925 5.677032807344127,
            1.2052614702322784 -1.0925 6.359758587640504,
            2.720019258713465e-16 -1.0925 6.599499999995892,
            -1.205261470232278 -1.0925 6.359758587640504,
            -2.227032807344126 -1.0925 5.677032807344127,
            -2.9097585876405025 -1.0925 4.655261470232278,
            -3.149499999995892 -1.0925 3.45,
            -2.9097585876405025 -1.0925 2.244738529767722,
            -2.227032807344127 -1.0925 1.2229671926558743,
            -1.2052614702322797 -1.0925 0.5402414123594979,
            -4.99403092910565e-16 -1.0925 0.30050000000410804,
            1.205261470232279 -1.0925 0.5402414123594979,
            2.227032807344126 -1.0925 1.2229671926558738,
            2.909758587640501 -1.0925 2.24473852976772,
            2.9794269999961136 -1.1925000000000001 3.45,
            2.752631623907915 -1.1925000000000001 4.590177350839735,
            2.1067730357475436 -1.1925000000000001 5.556773035747542,
            1.1401773508397355 -1.1925000000000001 6.202631623907913,
            2.5092882325272775e-16 -1.1925000000000001 6.429426999996113,
            -1.1401773508397348 -1.1925000000000001 6.202631623907913,
            -2.106773035747543 -1.1925000000000001 5.556773035747542,
            -2.752631623907915 -1.1925000000000001 4.590177350839735,
            -2.9794269999961136 -1.1925000000000001 3.45,
            -2.752631623907915 -1.1925000000000001 2.3098226491602656,
            -2.106773035747544 -1.1925000000000001 1.3432269642524572,
            -1.1401773508397364 -1.1925000000000001 0.6973683760920861,
            -4.788203245149606e-16 -1.1925000000000001 0.47057300000388635,
            1.1401773508397357 -1.1925000000000001 0.6973683760920852,
            2.106773035747543 -1.1925000000000001 1.3432269642524568,
            2.752631623907914 -1.1925000000000001 2.309822649160263,
            2.752631623907915 1.1925000000000001 4.590177350839735,
            2.9794269999961136 1.1925000000000001 3.45,
            2.752631623907914 1.1925000000000001 2.309822649160263,
            2.106773035747543 1.1925000000000001 1.3432269642524568,
            1.1401773508397357 1.1925000000000001 0.6973683760920852,
            -4.818657916192641e-16 1.1925000000000001 0.47057300000388635,
            -1.1401773508397364 1.1925000000000001 0.6973683760920861,
            -2.106773035747544 1.1925000000000001 1.3432269642524572,
            -2.752631623907915 1.1925000000000001 2.3098226491602656,
            -2.9794269999961136 1.1925000000000001 3.45,
            -2.752631623907915 1.1925000000000001 4.590177350839735,
            -2.106773035747543 1.1925000000000001 5.556773035747542,
            -1.1401773508397348 1.1925000000000001 6.202631623907913,
            2.4788335614842413e-16 1.1925000000000001 6.429426999996113,
            1.1401773508397355 1.1925000000000001 6.202631623907913,
            2.1067730357475436 1.1925000000000001 5.556773035747542,
            2.085598899997279 -1.2925 3.45,
            1.9268421367355406 -1.2925 4.248124145587814,
            1.4747411250232805 -1.2925 4.92474112502328,
            0.7981241455878149 -1.2925 5.376842136735541,
            1.570972234032301e-16 -1.2925 5.53559889999728,
            -0.7981241455878144 -1.2925 5.376842136735541,
            -1.47474112502328 -1.2925 4.924741125023281,
            -1.9268421367355406 -1.2925 4.2481241455878145,
            -2.085598899997279 -1.2925 3.45,
            -1.9268421367355406 -1.2925 2.651875854412185,
            -1.4747411250232807 -1.2925 1.97525887497672,
            -0.7981241455878154 -1.2925 1.5231578632644605,
            -3.537271800341517e-16 -1.2925 1.364401100002721,
            0.798124145587815 -1.2925 1.5231578632644605,
            1.47474112502328 -1.2925 1.97525887497672,
            1.9268421367355397 -1.2925 2.651875854412185,
            1.9268421367355408 1.2925 4.248124145587814,
            2.085598899997279 1.2925 3.45,
            1.92684213673554 1.2925 2.651875854412185,
            1.4747411250232805 1.2925 1.97525887497672,
            0.7981241455878149 1.2925 1.5231578632644605,
            -4.0661679207889207e-16 1.2925 1.364401100002721,
            -0.7981241455878157 1.2925 1.5231578632644605,
            -1.4747411250232805 1.2925 1.97525887497672,
            -1.92684213673554 1.2925 2.651875854412185,
            -2.0855988999972794 1.2925 3.45,
            -1.92684213673554 1.2925 4.2481241455878145,
            -1.4747411250232798 1.2925 4.924741125023281,
            -0.7981241455878145 1.2925 5.376842136735541,
            1.0420761135848951e-16 1.2925 5.53559889999728,
            0.7981241455878145 1.2925 5.376842136735541,
            1.4747411250232807 1.2925 4.92474112502328,
            1.7278744774163524 -1.2925 2.2033807803140366,
            1.7440220670408602 -1.4073050297095269 2.2195283699385446,
            1.7900065117723167 -1.5046320343559643 2.265512814670001,
            1.858827096750387 -1.569663859753386 2.334333399648072,
            1.9400065117723166 -1.5924999999999998 2.4155128146700013,
            2.021185926794246 -1.569663859753386 2.4966922296919307,
            2.0900065117723168 -1.5046320343559643 2.565512814670001,
            2.1359909565037727 -1.4073050297095269 2.6114972594014576,
            2.152138546128281 -1.2925 2.627644849025965,
            2.1359909565037727 -1.177694970290473 2.6114972594014576,
            2.0900065117723168 -1.080367965644036 2.565512814670001,
            2.0211859267942467 -1.0153361402466141 2.4966922296919307,
            1.9400065117723166 -0.9925000000000002 2.4155128146700013,
            1.858827096750387 -1.0153361402466141 2.3343333996480715,
            1.7900065117723167 -1.0803679656440357 2.265512814670001,
            1.7440220670408602 -1.1776949702904729 2.219528369938545,
            -0.32206278938854926 -1.2925 3.650141689473176,
            -0.3197682381341651 -1.314897350215103 3.6539604640470493,
            -0.31323390899933345 -1.3338849068924414 3.664835413957075,
            -0.3034545943609914 -1.3465719866505212 3.681110926661118,
            -0.29191910622311856 -1.3510270966048386 3.700309202887878,
            -0.2803836180852457 -1.3465719866505212 3.719507479114637,
            -0.27060430344690356 -1.3338849068924414 3.73578299181868,
            -0.264069974312072 -1.314897350215103 3.7466579417287047,
            -0.26177542305768764 -1.2925 3.750476716302579,
            -0.264069974312072 -1.2701026497848975 3.7466579417287047,
            -0.27060430344690356 -1.2511150931075588 3.73578299181868,
            -0.2803836180852457 -1.2384280133494792 3.719507479114637,
            -0.29191910622311856 -1.2339729033951616 3.700309202887878,
            -0.3034545943609914 -1.2384280133494792 3.681110926661118,
            -0.31323390899933345 -1.2511150931075588 3.664835413957075,
            -0.3197682381341651 -1.2701026497848973 3.6539604640470493,
            -0.33641474382021297 -1.2925 3.593109497411061,
            -0.3319138196293512 -1.336433982822018 3.6006002931935273,
            -0.3190962719638455 -1.3736794150219294 3.6219322747872784,
            -0.2999134562644101 -1.3985660171779823 3.6538578413695593,
            -0.27728578232862666 -1.4073050297095269 3.6915166148342022,
            -0.2546581083928431 -1.3985660171779823 3.7291753882988443,
            -0.23547529269340772 -1.3736794150219294 3.761100954881126,
            -0.22265774502790203 -1.336433982822018 3.782432936474877,
            -0.21815682083704024 -1.2925 3.7899237322573436,
            -0.22265774502790203 -1.2485660171779824 3.782432936474877,
            -0.23547529269340772 -1.2113205849780706 3.761100954881126,
            -0.2546581083928431 -1.186433982822018 3.7291753882988443,
            -0.27728578232862666 -1.1776949702904733 3.6915166148342022,
            -0.2999134562644101 -1.186433982822018 3.6538578413695593,
            -0.3190962719638455 -1.2113205849780706 3.6219322747872784,
            -0.3319138196293512 -1.2485660171779822 3.6006002931935273,
            -0.3393645007571231 -1.2925 3.5343732355157744,
            -0.33283017162229145 -1.3562822571075444 3.545248185425801,
            -0.3142219765947334 -1.4103542437580652 3.576217422613742,
            -0.28637284468368707 -1.4464839901478008 3.6225661614545697,
            -0.2535225537695993 -1.4591710699058806 3.6772382266121317,
            -0.22067226285551134 -1.4464839901478008 3.731910291769694,
            -0.19282313094446502 -1.4103542437580652 3.7782590306105215,
            -0.17421493591690695 -1.3562822571075444 3.8092282677984626,
            -0.16768060678207541 -1.2925 3.820103217708488,
            -0.17421493591690695 -1.228717742892456 3.8092282677984626,
            -0.19282313094446502 -1.1746457562419348 3.7782590306105215,
            -0.22067226285551134 -1.1385160098521991 3.731910291769694,
            -0.2535225537695993 -1.1258289300941196 3.6772382266121317,
            -0.28637284468368707 -1.1385160098521991 3.6225661614545697,
            -0.3142219765947334 -1.1746457562419348 3.576217422613742,
            -0.33283017162229145 -1.2287177428924558 3.545248185425801,
            -0.3307987026944368 -1.2925 3.476190105392278,
            -0.3224820792197929 -1.3736794150219294 3.4900312912035627,
            -0.29879833932949573 -1.4425 3.529447653568311,
            -0.26335311772820647 -1.4884844447314567 3.588438408626704,
            -0.22154262809298753 -1.5046320343559643 3.658022748673627,
            -0.1797321384577686 -1.4884844447314567 3.727607088720551,
            -0.14428691685647932 -1.4425 3.786597843778944,
            -0.12060317696618217 -1.3736794150219298 3.826014206143692,
            -0.11228655349153827 -1.2925 3.839855391954977,
            -0.12060317696618217 -1.2113205849780706 3.826014206143692,
            -0.14428691685647932 -1.1425000000000003 3.786597843778944,
            -0.1797321384577686 -1.0965155552685437 3.727607088720551,
            -0.22154262809298753 -1.080367965644036 3.658022748673627,
            -0.26335311772820647 -1.0965155552685437 3.588438408626704,
            -0.29879833932949573 -1.1425000000000003 3.529447653568311,
            -0.3224820792197929 -1.2113205849780706 3.4900312912035627,
            -0.3110465284479482 -1.2925 3.420796052101741,
            -0.3012672138096061 -1.3879568935429627 3.437071564805783,
            -0.27341808189855965 -1.4688813403629037 3.4834203036466116,
            -0.23173891059525598 -1.522953327013425 3.5527860932880717,
            -0.18257497590799454 -1.5419408836907635 3.6346086210597015,
            -0.1334110412207331 -1.522953327013425 3.7164311488313313,
            -0.09173186991742943 -1.4688813403629037 3.7857969384727923,
            -0.06388273800638311 -1.3879568935429627 3.83214567731362,
            -0.05410342336804097 -1.2925 3.848421190017663,
            -0.06388273800638311 -1.1970431064570377 3.83214567731362,
            -0.09173186991742943 -1.1161186596370964 3.7857969384727923,
            -0.13341104122073288 -1.0620466729865754 3.7164311488313313,
            -0.18257497590799454 -1.0430591163092366 3.6346086210597015,
            -0.23173891059525598 -1.0620466729865754 3.5527860932880717,
            -0.27341808189855965 -1.1161186596370964 3.4834203036466116,
            -0.3012672138096061 -1.1970431064570375 3.437071564805783,
            -0.280867042996803 -1.2925 3.3703198380467754,
            -0.27000085077201164 -1.3985660171779823 3.388404218817773,
            -0.23905655336158405 -1.4884844447314567 3.4399041780937,
            -0.19274513953550354 -1.5485660171779823 3.5169793139230903,
            -0.1381171022347789 -1.569663859753386 3.6078956355637652,
            -0.08348906493405417 -1.5485660171779823 3.6988119572044393,
            -0.03717765110797355 -1.4884844447314567 3.7758870930338295,
            -0.0062333536975460735 -1.3985660171779823 3.8273870523097564,
            0.0046328385272453865 -1.2925 3.8454714330807533,
            -0.0062333536975460735 -1.186433982822018 3.8273870523097564,
            -0.03717765110797355 -1.0965155552685437 3.7758870930338295,
            -0.08348906493405406 -1.0364339828220182 3.6988119572044393,
            -0.1381171022347789 -1.0153361402466141 3.6078956355637652,
            -0.19274513953550354 -1.0364339828220182 3.5169793139230903,
            -0.23905655336158405 -1.0965155552685437 3.4399041780937,
            -0.27000085077201164 -1.1864339828220178 3.388404218817773,
            -0.24142002704203835 -1.2925 3.3267012358261283,
            -0.2298845389041655 -1.4050990832553598 3.3458995120528883,
            -0.19703424799007774 -1.500555976798322 3.4005715772104494,
            -0.14787031330281641 -1.5643382339058665 3.48239410498208,
            -0.08987749822633917 -1.5867355841209694 3.578910357237609,
            -0.031884683149861814 -1.5643382339058665 3.6754266094931376,
            0.01727925153739962 -1.500555976798322 3.7572491372647674,
            0.050129542451487374 -1.4050990832553598 3.8119212024223295,
            0.06166503058936024 -1.2925 3.8311194786490894,
            0.050129542451487374 -1.1799009167446406 3.8119212024223295,
            0.017279251537399842 -1.084444023201678 3.7572491372647674,
            -0.03188468314986159 -1.020661766094134 3.6754266094931376,
            -0.08987749822633917 -0.998264415879031 3.578910357237609,
            -0.14787031330281653 -1.020661766094134 3.48239410498208,
            -0.19703424799007774 -1.084444023201678 3.4005715772104494,
            -0.2298845389041655 -1.1799009167446404 3.3458995120528883,
            -0.1942214072846542 -1.2925 3.291616483861544,
            -0.1824599255736622 -1.4073050297095269 3.311190876555189,
            -0.14896605941308727 -1.5046320343559643 3.366934030790828,
            -0.09883894630322432 -1.569663859753386 3.4503595566490377,
            -0.03970998481163801 -1.5924999999999998 3.548766674072178,
            0.019418976679948297 -1.569663859753386 3.6471737914953195,
            0.06954608978981125 -1.5046320343559643 3.7305993173535272,
            0.10303995595038629 -1.4073050297095269 3.786342471589167,
            0.1148014376613784 -1.2925 3.8059168642828114,
            0.10303995595038629 -1.1776949702904733 3.786342471589167,
            0.06954608978981147 -1.080367965644036 3.7305993173535272,
            0.019418976679948297 -1.0153361402466141 3.6471737914953195,
            -0.03970998481163801 -0.9925000000000002 3.548766674072178,
            -0.09883894630322432 -1.0153361402466141 3.4503595566490377,
            -0.14896605941308727 -1.080367965644036 3.366934030790828,
            -0.1824599255736622 -1.177694970290473 3.311190876555189,
            -0.2968601750222718 -1.2925 3.703278096545194,
            1.75090956875564 -1.2925 2.1948021365513464,
            1.7706862463335917 -1.4073050297095269 2.2062202066746535,
            1.8270054591822331 -1.5046320343559643 2.238736119373364,
            1.9112931176802943 -1.569663859753386 2.287399621696583,
            2.010717189890972 -1.5924999999999998 2.3448021365513467,
            2.1101412621016493 -1.569663859753386 2.4022046514061097,
            2.1944289205997096 -1.5046320343559643 2.4508681537293286,
            2.2507481334483517 -1.4073050297095269 2.483384066428039,
            2.270524811026304 -1.2925 2.494802136551346,
            2.2507481334483517 -1.177694970290473 2.483384066428039,
            2.1944289205997096 -1.080367965644036 2.4508681537293286,
            2.1101412621016493 -1.0153361402466141 2.4022046514061097,
            2.010717189890972 -0.9925000000000002 2.3448021365513467,
            1.9112931176802943 -1.0153361402466141 2.287399621696583,
            1.8270054591822333 -1.0803679656440357 2.2387361193733644,
            1.7706862463335917 -1.1776949702904729 2.2062202066746535,
            1.770939442004251 -1.2925 2.1805538826421467,
            1.7929974596412146 -1.4073050297095269 2.1864643106546024,
            1.8558133793233056 -1.5046320343559643 2.2032957856052366,
            1.9498240467066557 -1.569663859753386 2.228485868010516,
            2.0607171898909717 -1.5924999999999998 2.2581995961729024,
            2.1716103330752876 -1.569663859753386 2.287913324335289,
            2.265621000458638 -1.5046320343559643 2.3131034067405682,
            2.328436920140728 -1.4073050297095269 2.329934881691203,
            2.3504949377776923 -1.2925 2.3358453097036587,
            2.328436920140728 -1.177694970290473 2.329934881691203,
            2.265621000458638 -1.080367965644036 2.3131034067405682,
            2.1716103330752876 -1.0153361402466141 2.287913324335289,
            2.0607171898909717 -0.9925000000000002 2.2581995961729024,
            1.9498240467066557 -1.0153361402466141 2.228485868010516,
            1.8558133793233058 -1.0803679656440357 2.2032957856052366,
            1.7929974596412146 -1.1776949702904729 2.1864643106546024,
            1.7865990944012236 -1.2925 2.1616070135439953,
            1.8094352346478373 -1.4073050297095269 2.1616070135439953,
            1.8744670600452593 -1.5046320343559643 2.1616070135439953,
            1.9717940646916967 -1.569663859753386 2.1616070135439953,
            2.0865990944012234 -1.5924999999999998 2.1616070135439953,
            2.2014041241107503 -1.569663859753386 2.1616070135439953,
            2.298731128757188 -1.5046320343559643 2.1616070135439953,
            2.36376295415461 -1.4073050297095269 2.1616070135439958,
            2.386599094401224 -1.2925 2.1616070135439953,
            2.36376295415461 -1.177694970290473 2.1616070135439958,
            2.298731128757188 -1.080367965644036 2.1616070135439953,
            2.201404124110751 -1.0153361402466141 2.1616070135439953,
            2.0865990944012234 -0.9925000000000002 2.1616070135439953,
            1.9717940646916967 -1.0153361402466141 2.1616070135439953,
            1.8744670600452595 -1.0803679656440357 2.1616070135439953,
            1.8094352346478375 -1.1776949702904729 2.1616070135439958,
            1.7865990944012236 -1.2925 0.4000000135439956,
            1.8094352346478373 -1.4073050297095269 0.4000000135439954,
            1.8744670600452593 -1.5046320343559643 0.4000000135439954,
            1.9717940646916967 -1.569663859753386 0.4000000135439954,
            2.0865990944012234 -1.5924999999999998 0.4000000135439954,
            2.2014041241107503 -1.569663859753386 0.4000000135439954,
            2.298731128757188 -1.5046320343559643 0.4000000135439954,
            2.36376295415461 -1.4073050297095269 0.4000000135439956,
            2.386599094401224 -1.2925 0.4000000135439954,
            2.36376295415461 -1.177694970290473 0.4000000135439956,
            2.298731128757188 -1.080367965644036 0.4000000135439954,
            2.201404124110751 -1.0153361402466141 0.4000000135439954,
            2.0865990944012234 -0.9925000000000002 0.4000000135439954,
            1.9717940646916967 -1.0153361402466141 0.4000000135439954,
            1.8744670600452595 -1.0803679656440357 0.4000000135439954,
            1.8094352346478375 -1.1776949702904729 0.4000000135439956,
            1.9565990954012238 -1.2925 0.10000001354399557,
            1.9664947560986359 -1.3422488458247783 0.10000001354399546,
            1.994675213554079 -1.3844238808471445 0.10000001354399546,
            2.036850248576445 -1.4126043383025877 0.10000001354399546,
            2.0865990944012234 -1.4224999989999998 0.10000001354399546,
            2.1363479402260017 -1.4126043383025877 0.10000001354399546,
            2.1785229752483684 -1.3844238808471445 0.10000001354399546,
            2.2067034327038115 -1.3422488458247783 0.10000001354399568,
            2.216599093401224 -1.2925 0.10000001354399546,
            2.2067034327038115 -1.2427511541752219 0.10000001354399568,
            2.1785229752483684 -1.200576119152856 0.10000001354399546,
            2.1363479402260017 -1.1723956616974125 0.10000001354399546,
            2.0865990944012234 -1.1625000010000002 0.10000001354399546,
            2.036850248576445 -1.1723956616974125 0.10000001354399535,
            1.994675213554079 -1.2005761191528557 0.10000001354399546,
            1.9664947560986359 -1.2427511541752219 0.10000001354399568,
            -1.7278753830550182 1.2925000000000002 2.2033807803140366,
            -1.744022972679526 1.177694970290473 2.2195283699385446,
            -1.7900074174109826 1.080367965644036 2.265512814670001,
            -1.8588280023890529 1.0153361402466141 2.334333399648072,
            -1.9400074174109825 0.9925000000000002 2.4155128146700013,
            -2.021186832432912 1.0153361402466141 2.4966922296919307,
            -2.090007417410982 1.080367965644036 2.565512814670001,
            -2.135991862142439 1.177694970290473 2.6114972594014576,
            -2.1521394517669465 1.2925 2.627644849025965,
            -2.135991862142439 1.407305029709527 2.6114972594014576,
            -2.090007417410982 1.5046320343559643 2.565512814670001,
            -2.021186832432912 1.569663859753386 2.4966922296919307,
            -1.9400074174109825 1.5925 2.4155128146700013,
            -1.8588280023890529 1.569663859753386 2.3343333996480715,
            -1.7900074174109826 1.5046320343559645 2.265512814670001,
            -1.744022972679526 1.4073050297095273 2.219528369938545,
            0.3220618837498834 1.2925 3.650141689473176,
            0.31976733249549927 1.2701026497848973 3.6539604640470493,
            0.3132330033606675 1.2511150931075585 3.664835413957075,
            0.3034536887223255 1.238428013349479 3.681110926661118,
            0.2919182005844527 1.2339729033951616 3.700309202887878,
            0.28038271244657986 1.238428013349479 3.719507479114637,
            0.2706033978082377 1.2511150931075585 3.73578299181868,
            0.2640690686734062 1.2701026497848973 3.7466579417287056,
            0.2617745174190218 1.2925 3.750476716302579,
            0.2640690686734062 1.3148973502151027 3.7466579417287056,
            0.2706033978082377 1.3338849068924414 3.73578299181868,
            0.28038271244657986 1.346571986650521 3.719507479114637,
            0.2919182005844527 1.3510270966048386 3.700309202887878,
            0.3034536887223255 1.346571986650521 3.681110926661118,
            0.3132330033606675 1.3338849068924414 3.664835413957075,
            0.31976733249549927 1.314897350215103 3.6539604640470493,
            0.33641383818154713 1.2925 3.593109497411061,
            0.33191291399068534 1.2485660171779822 3.6006002931935273,
            0.31909536632517965 1.2113205849780706 3.6219322747872784,
            0.2999125506257442 1.1864339828220178 3.65385784136956,
            0.2772848766899607 1.177694970290473 3.6915166148342022,
            0.25465720275417714 1.1864339828220178 3.7291753882988443,
            0.23547438705474177 1.2113205849780706 3.761100954881126,
            0.22265683938923608 1.2485660171779822 3.782432936474877,
            0.2181559151983744 1.2925 3.7899237322573436,
            0.22265683938923608 1.3364339828220178 3.782432936474877,
            0.23547438705474177 1.3736794150219296 3.761100954881126,
            0.25465720275417714 1.3985660171779821 3.7291753882988443,
            0.2772848766899607 1.4073050297095269 3.6915166148342022,
            0.2999125506257442 1.3985660171779821 3.65385784136956,
            0.31909536632517965 1.3736794150219296 3.6219322747872784,
            0.33191291399068534 1.336433982822018 3.6006002931935273,
            0.33936359511845726 1.2925 3.5343732355157753,
            0.3328292659836256 1.2287177428924558 3.545248185425801,
            0.31422107095606755 1.1746457562419348 3.576217422613742,
            0.2863719390450211 1.1385160098521991 3.6225661614545697,
            0.25352164813093336 1.1258289300941193 3.6772382266121317,
            0.2206713572168455 1.1385160098521991 3.731910291769694,
            0.19282222530579907 1.1746457562419348 3.7782590306105215,
            0.174214030278241 1.2287177428924558 3.8092282677984635,
            0.16767970114340935 1.2925 3.820103217708489,
            0.174214030278241 1.3562822571075441 3.8092282677984635,
            0.19282222530579907 1.4103542437580654 3.7782590306105215,
            0.2206713572168455 1.446483990147801 3.731910291769694,
            0.25352164813093336 1.4591710699058806 3.6772382266121317,
            0.2863719390450211 1.446483990147801 3.6225661614545697,
            0.31422107095606755 1.4103542437580654 3.576217422613742,
            0.3328292659836256 1.3562822571075444 3.545248185425801,
            0.33079779705577095 1.2925 3.476190105392278,
            0.3224811735811268 1.2113205849780706 3.4900312912035627,
            0.2987974336908299 1.1425 3.5294476535683117,
            0.2633522120895406 1.0965155552685435 3.588438408626704,
            0.22154172245432158 1.0803679656440357 3.658022748673627,
            0.17973123281910253 1.0965155552685435 3.727607088720551,
            0.14428601121781326 1.1425 3.786597843778944,
            0.12060227132751611 1.2113205849780704 3.826014206143692,
            0.1122856478528722 1.2925 3.839855391954977,
            0.12060227132751611 1.3736794150219296 3.826014206143692,
            0.14428601121781326 1.4425 3.786597843778944,
            0.17973123281910253 1.4884844447314565 3.727607088720551,
            0.22154172245432158 1.5046320343559643 3.658022748673627,
            0.2633522120895406 1.4884844447314565 3.588438408626704,
            0.2987974336908299 1.4425 3.5294476535683117,
            0.3224811735811268 1.3736794150219296 3.4900312912035627,
            0.3110456228092824 1.2925 3.420796052101741,
            0.30126630817094013 1.1970431064570375 3.437071564805783,
            0.2734171762598938 1.1161186596370962 3.4834203036466116,
            0.23173800495659014 1.0620466729865752 3.5527860932880726,
            0.1825740702693287 1.0430591163092364 3.6346086210597024,
            0.13341013558206716 1.0620466729865752 3.7164311488313313,
            0.09173096427876348 1.1161186596370962 3.7857969384727923,
            0.06388183236771716 1.1970431064570375 3.832145677313621,
            0.05410251772937502 1.2925 3.848421190017663,
            0.06388183236771716 1.3879568935429625 3.832145677313621,
            0.09173096427876348 1.4688813403629037 3.7857969384727923,
            0.13341013558206694 1.5229533270134248 3.716431148831332,
            0.1825740702693287 1.5419408836907635 3.6346086210597024,
            0.23173800495659014 1.5229533270134248 3.5527860932880726,
            0.2734171762598938 1.4688813403629037 3.4834203036466116,
            0.30126630817094013 1.3879568935429627 3.437071564805783,
            0.28086613735813704 1.2925 3.3703198380467754,
            0.2699999451333457 1.1864339828220178 3.388404218817773,
            0.2390556477229182 1.0965155552685435 3.4399041780937,
            0.1927442338968377 1.036433982822018 3.5169793139230903,
            0.13811619659611296 1.015336140246614 3.6078956355637652,
            0.08348815929538822 1.036433982822018 3.6988119572044393,
            0.037176745469307604 1.0965155552685435 3.7758870930338295,
            0.0062324480588801245 1.1864339828220178 3.8273870523097564,
            -0.004633744165911335 1.2925 3.8454714330807533,
            0.0062324480588801245 1.3985660171779821 3.8273870523097564,
            0.037176745469307604 1.4884844447314565 3.7758870930338295,
            0.08348815929538811 1.548566017177982 3.6988119572044402,
            0.13811619659611296 1.569663859753386 3.6078956355637652,
            0.1927442338968377 1.548566017177982 3.5169793139230903,
            0.2390556477229182 1.4884844447314565 3.4399041780937,
            0.2699999451333457 1.3985660171779823 3.388404218817773,
            0.2414191214033724 1.2925 3.3267012358261283,
            0.22988363326549965 1.1799009167446404 3.3458995120528883,
            0.1970333423514119 1.0844440232016779 3.4005715772104503,
            0.14786940766415058 1.0206617660941337 3.48239410498208,
            0.08987659258767322 0.9982644158790308 3.578910357237609,
            0.031883777511195865 1.0206617660941337 3.6754266094931376,
            -0.017280157176065458 1.0844440232016779 3.7572491372647674,
            -0.05013044809015332 1.1799009167446404 3.8119212024223295,
            -0.061665936228026186 1.2925 3.8311194786490894,
            -0.05013044809015332 1.4050990832553596 3.8119212024223295,
            -0.01728015717606568 1.500555976798322 3.7572491372647674,
            0.03188377751119564 1.5643382339058662 3.6754266094931376,
            0.08987659258767322 1.5867355841209692 3.578910357237609,
            0.1478694076641507 1.5643382339058662 3.48239410498208,
            0.1970333423514119 1.500555976798322 3.4005715772104503,
            0.22988363326549965 1.4050990832553598 3.3458995120528883,
            0.19422050164598836 1.2925 3.291616483861544,
            0.18245901993499625 1.177694970290473 3.31119087655519,
            0.14896515377442132 1.080367965644036 3.366934030790828,
            0.09883804066455837 1.0153361402466141 3.4503595566490377,
            0.03970907917297206 0.9925000000000002 3.548766674072178,
            -0.019419882318614246 1.0153361402466141 3.6471737914953195,
            -0.06954699542847731 1.080367965644036 3.7305993173535272,
            -0.10304086158905224 1.177694970290473 3.786342471589167,
            -0.11480234330004435 1.2925 3.8059168642828123,
            -0.10304086158905224 1.4073050297095269 3.786342471589167,
            -0.06954699542847742 1.5046320343559643 3.7305993173535272,
            -0.019419882318614246 1.569663859753386 3.6471737914953195,
            0.03970907917297206 1.5925 3.548766674072178,
            0.09883804066455837 1.569663859753386 3.4503595566490377,
            0.14896515377442132 1.5046320343559643 3.366934030790828,
            0.18245901993499625 1.407305029709527 3.31119087655519,
            0.29685926938360585 1.2925 3.703278096545194,
            -1.7509104743943058 1.2925000000000002 2.1948021365513464,
            -1.7706871519722576 1.177694970290473 2.2062202066746535,
            -1.827006364820899 1.080367965644036 2.238736119373364,
            -1.9112940233189601 1.0153361402466141 2.287399621696583,
            -2.0107180955296373 0.9925000000000002 2.3448021365513467,
            -2.1101421677403147 1.0153361402466141 2.4022046514061097,
            -2.194429826238376 1.080367965644036 2.4508681537293286,
            -2.250749039087017 1.177694970290473 2.483384066428039,
            -2.2705257166649693 1.2925 2.494802136551346,
            -2.250749039087017 1.407305029709527 2.483384066428039,
            -2.194429826238376 1.5046320343559643 2.4508681537293286,
            -2.1101421677403156 1.569663859753386 2.4022046514061097,
            -2.0107180955296373 1.5925 2.3448021365513467,
            -1.9112940233189601 1.569663859753386 2.287399621696583,
            -1.8270063648208992 1.5046320343559645 2.2387361193733644,
            -1.7706871519722576 1.4073050297095273 2.2062202066746535,
            -1.7709403476429169 1.2925000000000002 2.1805538826421467,
            -1.7929983652798804 1.177694970290473 2.1864643106546024,
            -1.8558142849619714 1.080367965644036 2.2032957856052366,
            -1.9498249523453215 1.0153361402466141 2.228485868010516,
            -2.060718095529637 0.9925000000000002 2.2581995961729024,
            -2.171611238713953 1.0153361402466141 2.287913324335289,
            -2.2656219060973033 1.080367965644036 2.3131034067405682,
            -2.3284378257793943 1.177694970290473 2.329934881691203,
            -2.3504958434163576 1.2925 2.3358453097036587,
            -2.3284378257793943 1.407305029709527 2.329934881691203,
            -2.2656219060973033 1.5046320343559643 2.3131034067405682,
            -2.171611238713954 1.569663859753386 2.287913324335289,
            -2.060718095529637 1.5925 2.2581995961729024,
            -1.9498249523453215 1.569663859753386 2.228485868010516,
            -1.8558142849619716 1.5046320343559645 2.2032957856052366,
            -1.7929983652798804 1.4073050297095273 2.1864643106546024,
            -1.7866000000398894 1.2925000000000002 2.1616070135439953,
            -1.8094361402865031 1.177694970290473 2.1616070135439953,
            -1.8744679656839252 1.080367965644036 2.1616070135439953,
            -1.9717949703303626 1.0153361402466141 2.1616070135439953,
            -2.0866000000398897 0.9925000000000002 2.1616070135439953,
            -2.2014050297494165 1.0153361402466141 2.1616070135439953,
            -2.2987320343958535 1.080367965644036 2.1616070135439953,
            -2.3637638597932753 1.177694970290473 2.1616070135439958,
            -2.3866000000398895 1.2925 2.1616070135439953,
            -2.3637638597932753 1.407305029709527 2.1616070135439958,
            -2.2987320343958535 1.5046320343559643 2.1616070135439953,
            -2.2014050297494165 1.569663859753386 2.1616070135439953,
            -2.0866000000398897 1.5925 2.1616070135439953,
            -1.9717949703303626 1.569663859753386 2.1616070135439953,
            -1.8744679656839254 1.5046320343559645 2.1616070135439953,
            -1.8094361402865033 1.4073050297095273 2.1616070135439958,
            -1.7866000000398894 1.2925000000000002 0.4000000135439954,
            -1.8094361402865031 1.177694970290473 0.4000000135439954,
            -1.8744679656839252 1.080367965644036 0.4000000135439954,
            -1.9717949703303626 1.0153361402466141 0.4000000135439954,
            -2.0866000000398897 0.9925000000000002 0.4000000135439954,
            -2.2014050297494165 1.0153361402466141 0.4000000135439954,
            -2.2987320343958535 1.080367965644036 0.4000000135439954,
            -2.3637638597932753 1.177694970290473 0.4000000135439956,
            -2.3866000000398895 1.2925 0.4000000135439954,
            -2.3637638597932753 1.407305029709527 0.4000000135439956,
            -2.2987320343958535 1.5046320343559643 0.4000000135439954,
            -2.2014050297494165 1.569663859753386 0.4000000135439954,
            -2.0866000000398897 1.5925 0.4000000135439954,
            -1.9717949703303626 1.569663859753386 0.4000000135439954,
            -1.8744679656839254 1.5046320343559645 0.4000000135439954,
            -1.8094361402865033 1.4073050297095273 0.4000000135439956,
            -1.9566000010398896 1.2925 0.10000001354399557,
            -1.9664956617373017 1.2427511541752219 0.10000001354399546,
            -1.994676119192745 1.2005761191528557 0.10000001354399546,
            -2.0368511542151113 1.1723956616974123 0.10000001354399546,
            -2.0866000000398897 1.1625000010000002 0.10000001354399546,
            -2.136348845864668 1.1723956616974123 0.10000001354399546,
            -2.1785238808870337 1.2005761191528557 0.10000001354399546,
            -2.206704338342477 1.2427511541752219 0.10000001354399568,
            -2.2165999990398895 1.2925 0.10000001354399546,
            -2.206704338342477 1.3422488458247783 0.10000001354399568,
            -2.1785238808870337 1.3844238808471443 0.10000001354399546,
            -2.136348845864668 1.4126043383025877 0.10000001354399546,
            -2.0866000000398897 1.422499999 0.10000001354399546,
            -2.0368511542151113 1.4126043383025877 0.10000001354399535,
            -1.994676119192745 1.3844238808471445 0.10000001354399546,
            -1.9664956617373017 1.3422488458247783 0.10000001354399568 ]
        }
        coordIndex [
          0, 1, 17, 16, -1,
          0, 15, 50, 49, -1,
          0, 16, 31, 15, -1,
          0, 49, 48, 1, -1,
          1, 2, 18, 17, -1,
          1, 48, 63, 2, -1,
          2, 3, 19, 18, -1,
          2, 63, 62, 3, -1,
          3, 4, 20, 19, -1,
          3, 62, 61, 4, -1,
          4, 5, 21, 20, -1,
          4, 61, 60, 5, -1,
          5, 6, 22, 21, -1,
          5, 60, 59, 6, -1,
          6, 7, 23, 22, -1,
          6, 59, 58, 7, -1,
          7, 8, 24, 23, -1,
          7, 58, 57, 8, -1,
          8, 9, 25, 24, -1,
          8, 57, 56, 9, -1,
          9, 10, 26, 25, -1,
          9, 56, 55, 10, -1,
          10, 11, 27, 26, -1,
          10, 55, 54, 11, -1,
          11, 12, 28, 27, -1,
          11, 54, 53, 12, -1,
          12, 13, 29, 28, -1,
          12, 53, 52, 13, -1,
          13, 14, 30, 29, -1,
          13, 52, 51, 14, -1,
          14, 15, 31, 30, -1,
          14, 51, 50, 15, -1,
          16, 17, 33, 32, -1,
          16, 32, 47, 31, -1,
          17, 18, 34, 33, -1,
          18, 19, 35, 34, -1,
          19, 20, 36, 35, -1,
          20, 21, 37, 36, -1,
          21, 22, 38, 37, -1,
          22, 23, 39, 38, -1,
          23, 24, 40, 39, -1,
          24, 25, 41, 40, -1,
          25, 26, 42, 41, -1,
          26, 27, 43, 42, -1,
          27, 28, 44, 43, -1,
          28, 29, 45, 44, -1,
          29, 30, 46, 45, -1,
          30, 31, 47, 46, -1,
          32, 33, 65, 64, -1,
          32, 64, 79, 47, -1,
          33, 34, 66, 65, -1,
          34, 35, 67, 66, -1,
          35, 36, 68, 67, -1,
          36, 37, 69, 68, -1,
          37, 38, 70, 69, -1,
          38, 39, 71, 70, -1,
          39, 40, 72, 71, -1,
          40, 41, 73, 72, -1,
          41, 42, 74, 73, -1,
          42, 43, 75, 74, -1,
          43, 44, 76, 75, -1,
          44, 45, 77, 76, -1,
          45, 46, 78, 77, -1,
          46, 47, 79, 78, -1,
          48, 49, 81, 80, -1,
          48, 80, 95, 63, -1,
          49, 50, 82, 81, -1,
          50, 51, 83, 82, -1,
          51, 52, 84, 83, -1,
          52, 53, 85, 84, -1,
          53, 54, 86, 85, -1,
          54, 55, 87, 86, -1,
          55, 56, 88, 87, -1,
          56, 57, 89, 88, -1,
          57, 58, 90, 89, -1,
          58, 59, 91, 90, -1,
          59, 60, 92, 91, -1,
          60, 61, 93, 92, -1,
          61, 62, 94, 93, -1,
          62, 63, 95, 94, -1,
          64, 65, 66, 67, 68, 69, 70, 71, 72, 73, 74, 75, 76, 77, 78, 79, -1,
          80, 81, 82, 83, 84, 85, 86, 87, 88, 89, 90, 91, 92, 93, 94, 95, -1,
          96, 97, 225, 224, -1,
          96, 111, 256, 241, -1,
          96, 224, 239, 111, -1,
          96, 241, 242, 97, -1,
          97, 98, 226, 225, -1,
          97, 242, 243, 98, -1,
          98, 99, 227, 226, -1,
          98, 243, 244, 99, -1,
          99, 100, 228, 227, -1,
          99, 244, 245, 100, -1,
          100, 101, 229, 228, -1,
          100, 245, 246, 101, -1,
          101, 102, 230, 229, -1,
          101, 246, 247, 102, -1,
          102, 103, 231, 230, -1,
          102, 247, 248, 103, -1,
          103, 104, 232, 231, -1,
          103, 248, 249, 104, -1,
          104, 105, 233, 232, -1,
          104, 249, 250, 105, -1,
          105, 106, 234, 233, -1,
          105, 250, 251, 106, -1,
          106, 107, 235, 234, -1,
          106, 251, 252, 107, -1,
          107, 108, 236, 235, -1,
          107, 252, 253, 108, -1,
          108, 109, 237, 236, -1,
          108, 253, 254, 109, -1,
          109, 110, 238, 237, -1,
          109, 254, 255, 110, -1,
          110, 111, 239, 238, -1,
          110, 255, 256, 111, -1,
          112, 113, 240, -1,
          112, 127, 143, 128, -1,
          112, 128, 129, 113, -1,
          112, 240, 127, -1,
          113, 114, 240, -1,
          113, 129, 130, 114, -1,
          114, 115, 240, -1,
          114, 130, 131, 115, -1,
          115, 116, 240, -1,
          115, 131, 132, 116, -1,
          116, 117, 240, -1,
          116, 132, 133, 117, -1,
          117, 118, 240, -1,
          117, 133, 134, 118, -1,
          118, 119, 240, -1,
          118, 134, 135, 119, -1,
          119, 120, 240, -1,
          119, 135, 136, 120, -1,
          120, 121, 240, -1,
          120, 136, 137, 121, -1,
          121, 122, 240, -1,
          121, 137, 138, 122, -1,
          122, 123, 240, -1,
          122, 138, 139, 123, -1,
          123, 124, 240, -1,
          123, 139, 140, 124, -1,
          124, 125, 240, -1,
          124, 140, 141, 125, -1,
          125, 126, 240, -1,
          125, 141, 142, 126, -1,
          126, 127, 240, -1,
          126, 142, 143, 127, -1,
          128, 143, 159, 144, -1,
          128, 144, 145, 129, -1,
          129, 145, 146, 130, -1,
          130, 146, 147, 131, -1,
          131, 147, 148, 132, -1,
          132, 148, 149, 133, -1,
          133, 149, 150, 134, -1,
          134, 150, 151, 135, -1,
          135, 151, 152, 136, -1,
          136, 152, 153, 137, -1,
          137, 153, 154, 138, -1,
          138, 154, 155, 139, -1,
          139, 155, 156, 140, -1,
          140, 156, 157, 141, -1,
          141, 157, 158, 142, -1,
          142, 158, 159, 143, -1,
          144, 159, 175, 160, -1,
          144, 160, 161, 145, -1,
          145, 161, 162, 146, -1,
          146, 162, 163, 147, -1,
          147, 163, 164, 148, -1,
          148, 164, 165, 149, -1,
          149, 165, 166, 150, -1,
          150, 166, 167, 151, -1,
          151, 167, 168, 152, -1,
          152, 168, 169, 153, -1,
          153, 169, 170, 154, -1,
          154, 170, 171, 155, -1,
          155, 171, 172, 156, -1,
          156, 172, 173, 157, -1,
          157, 173, 174, 158, -1,
          158, 174, 175, 159, -1,
          160, 175, 191, 176, -1,
          160, 176, 177, 161, -1,
          161, 177, 178, 162, -1,
          162, 178, 179, 163, -1,
          163, 179, 180, 164, -1,
          164, 180, 181, 165, -1,
          165, 181, 182, 166, -1,
          166, 182, 183, 167, -1,
          167, 183, 184, 168, -1,
          168, 184, 185, 169, -1,
          169, 185, 186, 170, -1,
          170, 186, 187, 171, -1,
          171, 187, 188, 172, -1,
          172, 188, 189, 173, -1,
          173, 189, 190, 174, -1,
          174, 190, 191, 175, -1,
          176, 191, 207, 192, -1,
          176, 192, 193, 177, -1,
          177, 193, 194, 178, -1,
          178, 194, 195, 179, -1,
          179, 195, 196, 180, -1,
          180, 196, 197, 181, -1,
          181, 197, 198, 182, -1,
          182, 198, 199, 183, -1,
          183, 199, 200, 184, -1,
          184, 200, 201, 185, -1,
          185, 201, 202, 186, -1,
          186, 202, 203, 187, -1,
          187, 203, 204, 188, -1,
          188, 204, 205, 189, -1,
          189, 205, 206, 190, -1,
          190, 206, 207, 191, -1,
          192, 207, 223, 208, -1,
          192, 208, 209, 193, -1,
          193, 209, 210, 194, -1,
          194, 210, 211, 195, -1,
          195, 211, 212, 196, -1,
          196, 212, 213, 197, -1,
          197, 213, 214, 198, -1,
          198, 214, 215, 199, -1,
          199, 215, 216, 200, -1,
          200, 216, 217, 201, -1,
          201, 217, 218, 202, -1,
          202, 218, 219, 203, -1,
          203, 219, 220, 204, -1,
          204, 220, 221, 205, -1,
          205, 221, 222, 206, -1,
          206, 222, 223, 207, -1,
          208, 223, 239, 224, -1,
          208, 224, 225, 209, -1,
          209, 225, 226, 210, -1,
          210, 226, 227, 211, -1,
          211, 227, 228, 212, -1,
          212, 228, 229, 213, -1,
          213, 229, 230, 214, -1,
          214, 230, 231, 215, -1,
          215, 231, 232, 216, -1,
          216, 232, 233, 217, -1,
          217, 233, 234, 218, -1,
          218, 234, 235, 219, -1,
          219, 235, 236, 220, -1,
          220, 236, 237, 221, -1,
          221, 237, 238, 222, -1,
          222, 238, 239, 223, -1,
          241, 256, 272, 257, -1,
          241, 257, 258, 242, -1,
          242, 258, 259, 243, -1,
          243, 259, 260, 244, -1,
          244, 260, 261, 245, -1,
          245, 261, 262, 246, -1,
          246, 262, 263, 247, -1,
          247, 263, 264, 248, -1,
          248, 264, 265, 249, -1,
          249, 265, 266, 250, -1,
          250, 266, 267, 251, -1,
          251, 267, 268, 252, -1,
          252, 268, 269, 253, -1,
          253, 269, 270, 254, -1,
          254, 270, 271, 255, -1,
          255, 271, 272, 256, -1,
          257, 272, 288, 273, -1,
          257, 273, 274, 258, -1,
          258, 274, 275, 259, -1,
          259, 275, 276, 260, -1,
          260, 276, 277, 261, -1,
          261, 277, 278, 262, -1,
          262, 278, 279, 263, -1,
          263, 279, 280, 264, -1,
          264, 280, 281, 265, -1,
          265, 281, 282, 266, -1,
          266, 282, 283, 267, -1,
          267, 283, 284, 268, -1,
          268, 284, 285, 269, -1,
          269, 285, 286, 270, -1,
          270, 286, 287, 271, -1,
          271, 287, 288, 272, -1,
          273, 288, 304, 289, -1,
          273, 289, 290, 274, -1,
          274, 290, 291, 275, -1,
          275, 291, 292, 276, -1,
          276, 292, 293, 277, -1,
          277, 293, 294, 278, -1,
          278, 294, 295, 279, -1,
          279, 295, 296, 280, -1,
          280, 296, 297, 281, -1,
          281, 297, 298, 282, -1,
          282, 298, 299, 283, -1,
          283, 299, 300, 284, -1,
          284, 300, 301, 285, -1,
          285, 301, 302, 286, -1,
          286, 302, 303, 287, -1,
          287, 303, 304, 288, -1,
          289, 304, 320, 305, -1,
          289, 305, 306, 290, -1,
          290, 306, 307, 291, -1,
          291, 307, 308, 292, -1,
          292, 308, 309, 293, -1,
          293, 309, 310, 294, -1,
          294, 310, 311, 295, -1,
          295, 311, 312, 296, -1,
          296, 312, 313, 297, -1,
          297, 313, 314, 298, -1,
          298, 314, 315, 299, -1,
          299, 315, 316, 300, -1,
          300, 316, 317, 301, -1,
          301, 317, 318, 302, -1,
          302, 318, 319, 303, -1,
          303, 319, 320, 304, -1,
          305, 320, 319, 318, 317, 316, 315, 314, 313, 312, 311, 310, 309, 308, 307, 306, -1,
          321, 322, 467, 466, -1,
          321, 336, 464, 449, -1,
          321, 449, 450, 322, -1,
          321, 466, 481, 336, -1,
          322, 323, 468, 467, -1,
          322, 450, 451, 323, -1,
          323, 324, 469, 468, -1,
          323, 451, 452, 324, -1,
          324, 325, 470, 469, -1,
          324, 452, 453, 325, -1,
          325, 326, 471, 470, -1,
          325, 453, 454, 326, -1,
          326, 327, 472, 471, -1,
          326, 454, 455, 327, -1,
          327, 328, 473, 472, -1,
          327, 455, 456, 328, -1,
          328, 329, 474, 473, -1,
          328, 456, 457, 329, -1,
          329, 330, 475, 474, -1,
          329, 457, 458, 330, -1,
          330, 331, 476, 475, -1,
          330, 458, 459, 331, -1,
          331, 332, 477, 476, -1,
          331, 459, 460, 332, -1,
          332, 333, 478, 477, -1,
          332, 460, 461, 333, -1,
          333, 334, 479, 478, -1,
          333, 461, 462, 334, -1,
          334, 335, 480, 479, -1,
          334, 462, 463, 335, -1,
          335, 336, 481, 480, -1,
          335, 463, 464, 336, -1,
          337, 338, 354, 353, -1,
          337, 352, 465, -1,
          337, 353, 368, 352, -1,
          337, 465, 338, -1,
          338, 339, 355, 354, -1,
          338, 465, 339, -1,
          339, 340, 356, 355, -1,
          339, 465, 340, -1,
          340, 341, 357, 356, -1,
          340, 465, 341, -1,
          341, 342, 358, 357, -1,
          341, 465, 342, -1,
          342, 343, 359, 358, -1,
          342, 465, 343, -1,
          343, 344, 360, 359, -1,
          343, 465, 344, -1,
          344, 345, 361, 360, -1,
          344, 465, 345, -1,
          345, 346, 362, 361, -1,
          345, 465, 346, -1,
          346, 347, 363, 362, -1,
          346, 465, 347, -1,
          347, 348, 364, 363, -1,
          347, 465, 348, -1,
          348, 349, 365, 364, -1,
          348, 465, 349, -1,
          349, 350, 366, 365, -1,
          349, 465, 350, -1,
          350, 351, 367, 366, -1,
          350, 465, 351, -1,
          351, 352, 368, 367, -1,
          351, 465, 352, -1,
          353, 354, 370, 369, -1,
          353, 369, 384, 368, -1,
          354, 355, 371, 370, -1,
          355, 356, 372, 371, -1,
          356, 357, 373, 372, -1,
          357, 358, 374, 373, -1,
          358, 359, 375, 374, -1,
          359, 360, 376, 375, -1,
          360, 361, 377, 376, -1,
          361, 362, 378, 377, -1,
          362, 363, 379, 378, -1,
          363, 364, 380, 379, -1,
          364, 365, 381, 380, -1,
          365, 366, 382, 381, -1,
          366, 367, 383, 382, -1,
          367, 368, 384, 383, -1,
          369, 370, 386, 385, -1,
          369, 385, 400, 384, -1,
          370, 371, 387, 386, -1,
          371, 372, 388, 387, -1,
          372, 373, 389, 388, -1,
          373, 374, 390, 389, -1,
          374, 375, 391, 390, -1,
          375, 376, 392, 391, -1,
          376, 377, 393, 392, -1,
          377, 378, 394, 393, -1,
          378, 379, 395, 394, -1,
          379, 380, 396, 395, -1,
          380, 381, 397, 396, -1,
          381, 382, 398, 397, -1,
          382, 383, 399, 398, -1,
          383, 384, 400, 399, -1,
          385, 386, 402, 401, -1,
          385, 401, 416, 400, -1,
          386, 387, 403, 402, -1,
          387, 388, 404, 403, -1,
          388, 389, 405, 404, -1,
          389, 390, 406, 405, -1,
          390, 391, 407, 406, -1,
          391, 392, 408, 407, -1,
          392, 393, 409, 408, -1,
          393, 394, 410, 409, -1,
          394, 395, 411, 410, -1,
          395, 396, 412, 411, -1,
          396, 397, 413, 412, -1,
          397, 398, 414, 413, -1,
          398, 399, 415, 414, -1,
          399, 400, 416, 415, -1,
          401, 402, 418, 417, -1,
          401, 417, 432, 416, -1,
          402, 403, 419, 418, -1,
          403, 404, 420, 419, -1,
          404, 405, 421, 420, -1,
          405, 406, 422, 421, -1,
          406, 407, 423, 422, -1,
          407, 408, 424, 423, -1,
          408, 409, 425, 424, -1,
          409, 410, 426, 425, -1,
          410, 411, 427, 426, -1,
          411, 412, 428, 427, -1,
          412, 413, 429, 428, -1,
          413, 414, 430, 429, -1,
          414, 415, 431, 430, -1,
          415, 416, 432, 431, -1,
          417, 418, 434, 433, -1,
          417, 433, 448, 432, -1,
          418, 419, 435, 434, -1,
          419, 420, 436, 435, -1,
          420, 421, 437, 436, -1,
          421, 422, 438, 437, -1,
          422, 423, 439, 438, -1,
          423, 424, 440, 439, -1,
          424, 425, 441, 440, -1,
          425, 426, 442, 441, -1,
          426, 427, 443, 442, -1,
          427, 428, 444, 443, -1,
          428, 429, 445, 444, -1,
          429, 430, 446, 445, -1,
          430, 431, 447, 446, -1,
          431, 432, 448, 447, -1,
          433, 434, 450, 449, -1,
          433, 449, 464, 448, -1,
          434, 435, 451, 450, -1,
          435, 436, 452, 451, -1,
          436, 437, 453, 452, -1,
          437, 438, 454, 453, -1,
          438, 439, 455, 454, -1,
          439, 440, 456, 455, -1,
          440, 441, 457, 456, -1,
          441, 442, 458, 457, -1,
          442, 443, 459, 458, -1,
          443, 444, 460, 459, -1,
          444, 445, 461, 460, -1,
          445, 446, 462, 461, -1,
          446, 447, 463, 462, -1,
          447, 448, 464, 463, -1,
          466, 467, 483, 482, -1,
          466, 482, 497, 481, -1,
          467, 468, 484, 483, -1,
          468, 469, 485, 484, -1,
          469, 470, 486, 485, -1,
          470, 471, 487, 486, -1,
          471, 472, 488, 487, -1,
          472, 473, 489, 488, -1,
          473, 474, 490, 489, -1,
          474, 475, 491, 490, -1,
          475, 476, 492, 491, -1,
          476, 477, 493, 492, -1,
          477, 478, 494, 493, -1,
          478, 479, 495, 494, -1,
          479, 480, 496, 495, -1,
          480, 481, 497, 496, -1,
          482, 483, 499, 498, -1,
          482, 498, 513, 497, -1,
          483, 484, 500, 499, -1,
          484, 485, 501, 500, -1,
          485, 486, 502, 501, -1,
          486, 487, 503, 502, -1,
          487, 488, 504, 503, -1,
          488, 489, 505, 504, -1,
          489, 490, 506, 505, -1,
          490, 491, 507, 506, -1,
          491, 492, 508, 507, -1,
          492, 493, 509, 508, -1,
          493, 494, 510, 509, -1,
          494, 495, 511, 510, -1,
          495, 496, 512, 511, -1,
          496, 497, 513, 512, -1,
          498, 499, 515, 514, -1,
          498, 514, 529, 513, -1,
          499, 500, 516, 515, -1,
          500, 501, 517, 516, -1,
          501, 502, 518, 517, -1,
          502, 503, 519, 518, -1,
          503, 504, 520, 519, -1,
          504, 505, 521, 520, -1,
          505, 506, 522, 521, -1,
          506, 507, 523, 522, -1,
          507, 508, 524, 523, -1,
          508, 509, 525, 524, -1,
          509, 510, 526, 525, -1,
          510, 511, 527, 526, -1,
          511, 512, 528, 527, -1,
          512, 513, 529, 528, -1,
          514, 515, 531, 530, -1,
          514, 530, 545, 529, -1,
          515, 516, 532, 531, -1,
          516, 517, 533, 532, -1,
          517, 518, 534, 533, -1,
          518, 519, 535, 534, -1,
          519, 520, 536, 535, -1,
          520, 521, 537, 536, -1,
          521, 522, 538, 537, -1,
          522, 523, 539, 538, -1,
          523, 524, 540, 539, -1,
          524, 525, 541, 540, -1,
          525, 526, 542, 541, -1,
          526, 527, 543, 542, -1,
          527, 528, 544, 543, -1,
          528, 529, 545, 544, -1,
          530, 531, 532, 533, 534, 535, 536, 537, 538, 539, 540, 541, 542, 543, 544, 545, -1 ]
        normal Normal {
          vector [
            -0.9411514802973079 1.0468400661722339e-16 0.33798504572567417,
            -0.9335057676930246 -0.07463058518085586 0.3507096483409314,
            -0.911732620315619 -0.13789934029586728 0.38694625078734146,
            -0.8791468024792302 -0.180174170911464 0.44117815882805445,
            -0.8407092095582701 -0.19501911728871657 0.5051490560773507,
            -0.8022716166373083 -0.18017417091146398 0.5691199533266483,
            -0.7696857988009184 -0.13789934029586218 0.6233518613673646,
            -0.7479126514235133 -0.07463058518085806 0.659588463813773,
            -0.7402669388192311 2.7392315064840116e-16 0.6723130664290295,
            -0.7479126514235156 0.07463058518085788 0.6595884638137705,
            -0.7696857988009191 0.1378993402958624 0.6233518613673638,
            -0.8022716166373065 0.18017417091146398 0.5691199533266509,
            -0.8407092095582701 0.19501911728871618 0.5051490560773509,
            -0.8791468024792302 0.18017417091146423 0.44117815882805406,
            -0.9117326203156192 0.13789934029586726 0.3869462507873408,
            -0.9335057676930244 0.0746305851808561 0.35070964834093193,
            -0.9889961093941587 1.8183241389112924e-16 0.1479415276493287,
            -0.9739978674317686 -0.14639937861516564 0.1729027940186632,
            -0.9312864879239704 -0.27051077894984443 0.24398646659637754,
            -0.8673643912212076 -0.35343936537572657 0.35037070060761016,
            -0.7919631370912241 -0.3825600123589803 0.47585946079963976,
            -0.7165618829612398 -0.35343936537572623 0.6013482209916702,
            -0.6526397862584766 -0.2705107789498423 0.7077324550029055,
            -0.6099284067506776 -0.14639937861516683 0.7788161275806202,
            -0.5949301647882879 3.741551593529011e-16 0.8037773939499547,
            -0.6099284067506775 0.1463993786151664 0.7788161275806205,
            -0.6526397862584773 0.2705107789498417 0.7077324550029052,
            -0.7165618829612403 0.35343936537572584 0.6013482209916696,
            -0.7919631370912245 0.38256001235897924 0.4758594607996399,
            -0.8673643912212075 0.3534393653757262 0.35037070060761094,
            -0.9312864879239701 0.2705107789498442 0.2439864665963785,
            -0.9739978674317687 0.14639937861516542 0.1729027940186631,
            -0.998856693379739 1.1926155664266755e-16 -0.047804875174963214,
            -0.9770812507424418 -0.21255232974401747 -0.011564452774608004,
            -0.9150700365771998 -0.3927454940761737 0.09163953863624846,
            -0.8222636961076153 -0.513146717182002 0.2460952269118153,
            -0.7127911533786087 -0.5554260042834478 0.42828813365643953,
            -0.6033186106496018 -0.513146717182005 0.6104810404010641,
            -0.510512270180016 -0.39274549407617476 0.7649367286766323,
            -0.44850105601477325 -0.2125523297440174 0.8681407200874889,
            -0.426725613377476 3.718154412977281e-16 0.9043811424878434,
            -0.4485010560147728 0.21255232974401697 0.8681407200874892,
            -0.5105122701800157 0.3927454940761747 0.7649367286766325,
            -0.6033186106496017 0.5131467171820058 0.6104810404010635,
            -0.7127911533786085 0.555426004283448 0.4282881336564395,
            -0.8222636961076147 0.5131467171820027 0.24609522691181532,
            -0.9150700365771997 0.39274549407617415 0.09163953863624852,
            -0.9770812507424418 0.21255232974401733 -0.011564452774608058,
            -0.9703407980040994 9.857485301650582e-17 -0.24174105097969503,
            -0.9426238869834493 -0.2705476122288396 -0.1956123646538911,
            -0.8636928023699687 -0.4999068030160499 -0.06424898001200208,
            -0.7455640862839954 -0.6531597147105214 0.13235021844629263,
            -0.6062217649101405 -0.7069749807478748 0.3642547849318886,
            -0.4668794435362863 -0.6531597147105236 0.5961593514174838,
            -0.34875072745031305 -0.49990680301605206 0.7927585498757788,
            -0.2698196428368336 -0.2705476122288406 0.9241219345176677,
            -0.24210273181618452 3.7317622927677234e-16 0.9702506208434709,
            -0.26981964283683324 0.27054761222884044 0.9241219345176678,
            -0.34875072745031227 0.49990680301605267 0.7927585498757787,
            -0.46687944353628497 0.6531597147105248 0.5961593514174836,
            -0.6062217649101396 0.7069749807478757 0.3642547849318883,
            -0.7455640862839946 0.6531597147105224 0.1323502184462918,
            -0.8636928023699679 0.4999068030160509 -0.06424898001200227,
            -0.9426238869834491 0.27054761222883994 -0.19561236465389123,
            -0.9045280519283879 1.625330410491739e-16 -0.4264141218048899,
            -0.8719340603078616 -0.3181532963529091 -0.3721686103029434,
            -0.7791142252052385 -0.5878706374029006 -0.21769046318648963,
            -0.6401995251009924 -0.7680900029688986 0.013502421993883443,
            -0.4763384638211031 -0.8313746283360967 0.2862130242381864,
            -0.31247740254121525 -0.7680900029688971 0.5589236264824874,
            -0.1735627024369702 -0.5878706374028992 0.790116511662859,
            -0.08074286733434707 -0.3181532963529087 0.9445946587793127,
            -0.0481488757138206 3.7453265980896575e-16 0.9988401702812593,
            -0.08074286733434674 0.31815329635290873 0.9445946587793128,
            -0.17356270243696975 0.5878706374028998 0.7901165116628587,
            -0.31247740254121437 0.7680900029688972 0.5589236264824876,
            -0.47633846382110306 0.8313746283360967 0.2862130242381866,
            -0.6401995251009924 0.7680900029688987 0.013502421993882822,
            -0.7791142252052378 0.5878706374029015 -0.2176904631864897,
            -0.8719340603078614 0.3181532963529096 -0.3721686103029437,
            -0.8039342036281436 1.9138374285629823e-16 -0.5947182494566504,
            -0.7677155141617874 -0.3535343439202113 -0.5344402277001685,
            -0.6645734129107349 -0.6532462887753766 -0.3627829448215213,
            -0.5102103498049824 -0.8535074078568452 -0.1058796660618379,
            -0.32812670189772875 -0.9238297611560282 0.19715841322174196,
            -0.14604305399047418 -0.8535074078568451 0.50019649250532,
            0.008320009115279636 -0.6532462887753772 0.7570997712650019,
            0.11146211036633191 -0.35353434392021105 0.9287570541436493,
            0.14768079983268706 3.756791989401413e-16 0.989035075900131,
            0.11146211036633187 0.3535343439202111 0.9287570541436493,
            0.008320009115279366 0.653246288775377 0.757099771265002,
            -0.14604305399047365 0.853507407856845 0.5001964925053204,
            -0.3281267018977281 0.9238297611560284 0.19715841322174185,
            -0.5102103498049823 0.8535074078568453 -0.10587966606183832,
            -0.6645734129107349 0.653246288775377 -0.36278294482152085,
            -0.7677155141617873 0.35353434392021177 -0.5344402277001684,
            -0.672418688370545 1.3495146876787109e-16 -0.7401709988442102,
            -0.633967597429633 -0.37532504375783643 -0.6761776371172569,
            -0.5244681546426438 -0.6935102519335353 -0.49393996115805844,
            -0.3605906575589748 -0.9061148109384431 -0.2212020051427556,
            -0.16728396955640615 -0.980771603929188 0.10051434950105001,
            0.026022718446162652 -0.9061148109384427 0.4222307041448571,
            0.18990021552983008 -0.6935102519335362 0.6949686601601595,
            0.29939965831681853 -0.37532504375783765 0.8772063361193588,
            0.3378507492577298 3.1962189971337874e-16 0.9411996978463129,
            0.2993996583168179 0.3753250437578375 0.877206336119359,
            0.1899002155298289 0.6935102519335361 0.6949686601601599,
            0.026022718446161306 0.9061148109384425 0.42223070414485797,
            -0.16728396955640773 0.9807716039291876 0.1005143495010511,
            -0.3605906575589763 0.9061148109384427 -0.22120200514275468,
            -0.5244681546426446 0.6935102519335354 -0.4939399611580573,
            -0.6339675974296336 0.3753250437578367 -0.6761776371172563,
            -0.857167300702112 5.1649656826253985e-17 0.5150380749100545,
            -0.5190413153972468 4.474667174933388e-16 -0.854749152038594,
            -0.5375639092870379 -0.359145228835983 -0.7629152954531627,
            -0.4879652194664445 -0.693299554285676 -0.530307149318532,
            -0.2893486232659846 -0.9212749655540379 -0.2598649881332336,
            0.002042126281901101 -0.999991807791792 -0.003494863309560619,
            0.3122155253509335 -0.92336297667116 0.22343294081852721,
            0.5810764487386695 -0.7061318148888337 0.4046331928093125,
            0.7624036581815451 -0.38196763066606687 0.5223422164776163,
            0.8263120029004006 0.0 0.5632126364551209,
            0.7624036581815449 0.3819676306660673 0.522342216477616,
            0.5810764487386695 0.7061318148888338 0.4046331928093122,
            0.3122155253509346 0.9233629766711595 0.22343294081852752,
            0.002042126281901194 0.999991807791792 -0.0034948633095608895,
            -0.28934862326598465 0.9212749655540374 -0.2598649881332347,
            -0.4879652194664437 0.6932995542856769 -0.5303071493185314,
            -0.5375639092870396 0.3591452288359846 -0.762915295453161,
            -0.7225807707860751 1.278476335695256e-16 -0.6912865033328811,
            -0.7167038715245637 -0.3591452288359839 -0.5977878094659094,
            -0.6085917978111146 -0.6932995542856761 -0.38594267924695513,
            -0.34674731609802245 -0.9212749655540377 -0.17612136901076164,
            0.0010680053316874068 -0.999991807791792 -0.003904319904315339,
            0.35940573969197487 -0.9233629766711603 0.1350123238428205,
            0.6660035254647075 -0.7061318148888337 0.2404519995142118,
            0.8716174971802886 -0.3819676306660661 0.3072192502635883,
            0.9439262609311322 0.0 0.33015634769692387,
            0.8716174971802884 0.3819676306660666 0.30721925026358826,
            0.6660035254647074 0.7061318148888336 0.2404519995142122,
            0.35940573969197587 0.9233629766711597 0.13501232384282152,
            0.0010680053316871876 0.999991807791792 -0.003904319904315239,
            -0.3467473160980232 0.9212749655540373 -0.17612136901076164,
            -0.6085917978111139 0.693299554285677 -0.3859426792469546,
            -0.716703871524562 0.35914522883598493 -0.5977878094659109,
            0.9411514802973079 -8.200247185015833e-17 0.33798504572567417,
            0.9335057676930248 -0.07463058518085604 0.3507096483409306,
            0.9117326203156202 -0.1378993402958664 0.38694625078733863,
            0.8791468024792294 -0.18017417091146212 0.44117815882805655,
            0.8407092095582667 -0.19501911728871604 0.5051490560773567,
            0.802271616637309 -0.18017417091146415 0.5691199533266473,
            0.7696857988009242 -0.13789934029586914 0.6233518613673557,
            0.7479126514235167 -0.07463058518085662 0.6595884638137692,
            0.7402669388192304 -3.4894668872407805e-18 0.6723130664290302,
            0.7479126514235162 0.07463058518085643 0.6595884638137698,
            0.7696857988009242 0.137899340295869 0.6233518613673559,
            0.8022716166373081 0.18017417091146457 0.5691199533266484,
            0.8407092095582669 0.19501911728871613 0.5051490560773563,
            0.8791468024792306 0.18017417091146176 0.4411781588280542,
            0.9117326203156191 0.13789934029586678 0.3869462507873411,
            0.9335057676930243 0.07463058518085627 0.35070964834093216,
            0.9889961093941587 -1.8183241389112926e-16 0.14794152764932894,
            0.9739978674317686 -0.14639937861516564 0.17290279401866349,
            0.9312864879239705 -0.27051077894984354 0.24398646659637793,
            0.8673643912212072 -0.3534393653757259 0.3503707006076117,
            0.7919631370912233 -0.38256001235898 0.4758594607996412,
            0.7165618829612398 -0.35343936537572623 0.6013482209916701,
            0.6526397862584774 -0.2705107789498454 0.7077324550029034,
            0.6099284067506797 -0.1463993786151676 0.7788161275806186,
            0.5949301647882895 0.0 0.8037773939499535,
            0.6099284067506797 0.14639937861516725 0.7788161275806187,
            0.6526397862584777 0.27051077894984504 0.7077324550029033,
            0.7165618829612401 0.3534393653757261 0.6013482209916695,
            0.7919631370912235 0.38256001235897985 0.47585946079964114,
            0.8673643912212071 0.3534393653757258 0.35037070060761233,
            0.9312864879239703 0.27051077894984354 0.24398646659637852,
            0.9739978674317686 0.14639937861516553 0.1729027940186636,
            0.998856693379739 -1.8240002780643273e-16 -0.04780487517496327,
            0.9770812507424417 -0.21255232974401744 -0.011564452774608646,
            0.9150700365771998 -0.3927454940761739 0.09163953863624821,
            0.8222636961076145 -0.513146717182003 0.24609522691181573,
            0.712791153378608 -0.5554260042834485 0.4282881336564399,
            0.6033186106496014 -0.5131467171820052 0.6104810404010642,
            0.5105122701800162 -0.39274549407617704 0.764936728676631,
            0.44850105601477336 -0.2125523297440198 0.8681407200874883,
            0.426725613377475 0.0 0.9043811424878438,
            0.4485010560147731 0.21255232974401955 0.8681407200874885,
            0.5105122701800159 0.3927454940761772 0.7649367286766311,
            0.6033186106496015 0.5131467171820059 0.6104810404010635,
            0.7127911533786077 0.5554260042834488 0.4282881336564398,
            0.8222636961076141 0.5131467171820036 0.24609522691181604,
            0.9150700365771995 0.39274549407617443 0.09163953863624806,
            0.9770812507424418 0.21255232974401744 -0.011564452774608767,
            0.9703407980040994 -1.9010864510326122e-16 -0.24174105097969478,
            0.9426238869834492 -0.2705476122288397 -0.19561236465389123,
            0.8636928023699686 -0.4999068030160499 -0.0642489800120016,
            0.7455640862839957 -0.653159714710521 0.1323502184462933,
            0.6062217649101408 -0.7069749807478738 0.3642547849318899,
            0.4668794435362857 -0.6531597147105233 0.5961593514174846,
            0.3487507274503133 -0.4999068030160541 0.7927585498757773,
            0.26981964283683246 -0.2705476122288414 0.9241219345176678,
            0.24210273181618086 0.0 0.9702506208434718,
            0.2698196428368322 0.2705476122288414 0.9241219345176679,
            0.3487507274503134 0.4999068030160532 0.7927585498757779,
            0.4668794435362866 0.6531597147105226 0.596159351417485,
            0.606221764910141 0.7069749807478738 0.3642547849318895,
            0.7455640862839952 0.6531597147105216 0.132350218446293,
            0.8636928023699683 0.49990680301605056 -0.06424898001200195,
            0.9426238869834491 0.27054761222883994 -0.19561236465389123,
            0.9045280519283879 -1.8373300292515314e-16 -0.42641412180488975,
            0.8719340603078617 -0.31815329635290923 -0.3721686103029434,
            0.7791142252052385 -0.5878706374029007 -0.21769046318648919,
            0.6401995251009927 -0.7680900029688984 0.013502421993883549,
            0.4763384638211032 -0.8313746283360962 0.28621302423818795,
            0.3124774025412143 -0.7680900029688966 0.5589236264824885,
            0.17356270243697058 -0.587870637402901 0.7901165116628575,
            0.08074286733434737 -0.31815329635290823 0.9445946587793128,
            0.04814887571382023 0.0 0.9988401702812593,
            0.08074286733434737 0.31815329635290823 0.9445946587793128,
            0.17356270243697067 0.587870637402899 0.7901165116628589,
            0.31247740254121575 0.768090002968895 0.5589236264824898,
            0.47633846382110423 0.8313746283360958 0.2862130242381871,
            0.6401995251009927 0.7680900029688985 0.013502421993883552,
            0.7791142252052383 0.587870637402901 -0.21769046318648896,
            0.8719340603078617 0.3181532963529095 -0.37216861030294324,
            0.8039342036281435 -1.913837428562982e-16 -0.5947182494566505,
            0.7677155141617868 -0.3535343439202117 -0.5344402277001692,
            0.6645734129107342 -0.653246288775377 -0.36278294482152196,
            0.5102103498049816 -0.8535074078568456 -0.1058796660618388,
            0.3281267018977267 -0.9238297611560289 0.19715841322174155,
            0.14604305399047268 -0.8535074078568452 0.5001964925053202,
            -0.008320009115280882 -0.6532462887753782 0.7570997712650012,
            -0.11146211036633533 -0.3535343439202114 0.9287570541436488,
            -0.14768079983269095 0.0 0.9890350759001304,
            -0.11146211036633526 0.35353434392021127 0.9287570541436488,
            -0.008320009115282658 0.653246288775377 0.7570997712650019,
            0.14604305399047096 0.8535074078568453 0.5001964925053205,
            0.32812670189772675 0.9238297611560291 0.19715841322174052,
            0.5102103498049817 0.8535074078568455 -0.10587966606183867,
            0.664573412910734 0.6532462887753774 -0.36278294482152157,
            0.7677155141617867 0.353534343920212 -0.534440227700169,
            0.6724186883705432 -1.9887584871054697e-16 -0.7401709988442118,
            0.6339675974296313 -0.37532504375783765 -0.676177637117258,
            0.5244681546426432 -0.6935102519335353 -0.493939961158059,
            0.36059065755897507 -0.9061148109384428 -0.22120200514275615,
            0.16728396955640612 -0.980771603929188 0.10051434950105012,
            -0.02602271844616263 -0.9061148109384427 0.4222307041448572,
            -0.18990021552982952 -0.6935102519335364 0.6949686601601595,
            -0.29939965831681636 -0.3753250437578383 0.8772063361193593,
            -0.3378507492577264 0.0 0.9411996978463141,
            -0.29939965831681614 0.375325043757838 0.8772063361193595,
            -0.18990021552983008 0.693510251933536 0.6949686601601598,
            -0.02602271844616292 0.9061148109384426 0.4222307041448574,
            0.16728396955640729 0.9807716039291878 0.10051434950105065,
            0.3605906575589766 0.9061148109384426 -0.22120200514275515,
            0.524468154642644 0.6935102519335354 -0.4939399611580582,
            0.6339675974296315 0.37532504375783776 -0.6761776371172576,
            0.8571673007021142 3.465103559229696e-17 0.5150380749100509,
            0.5190413153972468 6.037249363005365e-16 -0.854749152038594,
            0.5375639092870379 -0.3591452288359834 -0.7629152954531627,
            0.4879652194664442 -0.6932995542856762 -0.5303071493185316,
            0.28934862326598554 -0.9212749655540374 -0.2598649881332343,
            -0.002042126281900932 -0.999991807791792 -0.0034948633095609393,
            -0.31221552535093405 -0.9233629766711599 0.22343294081852694,
            -0.581076448738669 -0.7061318148888346 0.40463319280931176,
            -0.7624036581815453 -0.38196763066606587 0.5223422164776165,
            -0.8263120029004006 -1.9258630860515312e-16 0.5632126364551211,
            -0.7624036581815454 0.38196763066606576 0.5223422164776166,
            -0.5810764487386696 0.7061318148888337 0.4046331928093126,
            -0.31221552535093444 0.9233629766711595 0.22343294081852774,
            -0.00204212628190057 0.999991807791792 -0.0034948633095611046,
            0.28934862326598493 0.9212749655540374 -0.2598649881332348,
            0.4879652194664437 0.6932995542856769 -0.5303071493185314,
            0.5375639092870396 0.3591452288359846 -0.762915295453161,
            0.7225807707860752 2.8410585237672353e-16 -0.6912865033328811,
            0.7167038715245636 -0.3591452288359842 -0.5977878094659094,
            0.6085917978111143 -0.6932995542856766 -0.38594267924695497,
            0.34674731609802323 -0.9212749655540371 -0.1761213690107623,
            -0.0010680053316872375 -0.999991807791792 -0.0039043199043153373,
            -0.3594057396919758 -0.9233629766711599 0.13501232384282122,
            -0.6660035254647069 -0.7061318148888347 0.240451999514211,
            -0.8716174971802889 -0.38196763066606587 0.30721925026358793,
            -0.9439262609311322 -1.9258630860515305e-16 0.33015634769692376,
            -0.8716174971802889 0.38196763066606565 0.3072192502635879,
            -0.666003525464708 0.7061318148888336 0.24045199951421098,
            -0.3594057396919767 0.9233629766711596 0.1350123238428209,
            -0.0010680053316867984 0.999991807791792 -0.003904319904315728,
            0.34674731609802323 0.9212749655540372 -0.17612136901076195,
            0.6085917978111139 0.693299554285677 -0.3859426792469546,
            0.716703871524562 0.35914522883598493 -0.5977878094659109,
            1.0 0.0 -1.980953764207435e-16,
            1.0 0.0 -1.980953764207435e-16,
            0.5068584180796663 0.8620293173795066 -1.1158513305218638e-16,
            0.5068584180796663 0.8620293173795066 -1.1158513305218638e-16,
            0.923879532511287 0.0 0.3826834323650894,
            0.923879532511287 0.0 0.3826834323650894,
            0.4682761183448524 0.8620293173795067 0.19396631915386628,
            0.4682761183448524 0.8620293173795067 0.19396631915386628,
            0.7071067811865479 0.0 0.707106781186547,
            0.7071067811865479 0.0 0.707106781186547,
            0.3584030245256168 0.8620293173795082 0.3584030245256161,
            0.3584030245256168 0.8620293173795082 0.3584030245256161,
            0.3826834323650896 0.0 0.9238795325112868,
            0.3826834323650896 0.0 0.9238795325112868,
            0.19396631915386467 0.8620293173795093 0.4682761183448482,
            0.19396631915386467 0.8620293173795093 0.4682761183448482,
            0.0 0.0 1.0,
            0.0 0.0 1.0,
            -6.974070815761649e-18 0.8620293173795093 0.5068584180796618,
            -6.974070815761649e-18 0.8620293173795093 0.5068584180796618,
            -0.3826834323650896 0.0 0.9238795325112868,
            -0.3826834323650896 0.0 0.9238795325112868,
            -0.1939663191538646 0.8620293173795094 0.4682761183448481,
            -0.1939663191538646 0.8620293173795094 0.4682761183448481,
            -0.7071067811865476 0.0 0.7071067811865475,
            -0.7071067811865476 0.0 0.7071067811865475,
            -0.3584030245256161 0.8620293173795085 0.3584030245256159,
            -0.3584030245256161 0.8620293173795085 0.3584030245256159,
            -0.9238795325112867 0.0 0.3826834323650899,
            -0.9238795325112867 0.0 0.3826834323650899,
            -0.4682761183448516 0.862029317379507 0.19396631915386603,
            -0.4682761183448516 0.862029317379507 0.19396631915386603,
            -1.0 0.0 0.0,
            -1.0 0.0 0.0,
            -0.5068584180796661 0.8620293173795067 0.0,
            -0.5068584180796661 0.8620293173795067 0.0,
            -0.9238795325112867 0.0 -0.3826834323650898,
            -0.9238795325112867 0.0 -0.3826834323650898,
            -0.46827611834485217 0.8620293173795068 -0.19396631915386622,
            -0.46827611834485217 0.8620293173795068 -0.19396631915386622,
            -0.7071067811865477 0.0 -0.7071067811865472,
            -0.7071067811865477 0.0 -0.7071067811865472,
            -0.3584030245256179 0.862029317379507 -0.3584030245256176,
            -0.3584030245256179 0.862029317379507 -0.3584030245256176,
            -0.38268343236509017 0.0 -0.9238795325112866,
            -0.38268343236509017 0.0 -0.9238795325112866,
            -0.19396631915386622 0.8620293173795073 -0.4682761183448514,
            -0.19396631915386622 0.8620293173795073 -0.4682761183448514,
            -1.4149669744338818e-17 0.0 -1.0,
            -1.4149669744338818e-17 0.0 -1.0,
            0.0 0.862029317379507 -0.5068584180796657,
            0.0 0.862029317379507 -0.5068584180796657,
            0.38268343236509006 0.0 -0.9238795325112866,
            0.38268343236509006 0.0 -0.9238795325112866,
            0.19396631915386645 0.8620293173795067 -0.46827611834485217,
            0.19396631915386645 0.8620293173795067 -0.46827611834485217,
            0.7071067811865475 0.0 -0.7071067811865475,
            0.7071067811865475 0.0 -0.7071067811865475,
            0.3584030245256182 0.8620293173795067 -0.3584030245256181,
            0.3584030245256182 0.8620293173795067 -0.3584030245256181,
            0.9238795325112865 0.0 -0.3826834323650903,
            0.9238795325112865 0.0 -0.3826834323650903,
            0.4682761183448521 0.8620293173795066 -0.19396631915386658,
            0.4682761183448521 0.8620293173795066 -0.19396631915386658,
            1.0 0.0 -1.980953764207435e-16,
            1.0 0.0 -1.980953764207435e-16,
            0.5068584180796663 -0.8620293173795066 -1.1158513305218638e-16,
            0.5068584180796663 -0.8620293173795066 -1.1158513305218638e-16,
            0.923879532511287 0.0 0.3826834323650894,
            0.923879532511287 0.0 0.3826834323650894,
            0.4682761183448524 -0.8620293173795067 0.19396631915386628,
            0.4682761183448524 -0.8620293173795067 0.19396631915386628,
            0.7071067811865479 0.0 0.707106781186547,
            0.7071067811865479 0.0 0.707106781186547,
            0.3584030245256168 -0.8620293173795082 0.3584030245256161,
            0.3584030245256168 -0.8620293173795082 0.3584030245256161,
            0.3826834323650896 0.0 0.9238795325112868,
            0.3826834323650896 0.0 0.9238795325112868,
            0.19396631915386467 -0.8620293173795093 0.4682761183448482,
            0.19396631915386467 -0.8620293173795093 0.4682761183448482,
            0.0 0.0 1.0,
            0.0 0.0 1.0,
            -6.974070815761649e-18 -0.8620293173795093 0.5068584180796618,
            -6.974070815761649e-18 -0.8620293173795093 0.5068584180796618,
            -0.3826834323650896 0.0 0.9238795325112868,
            -0.3826834323650896 0.0 0.9238795325112868,
            -0.1939663191538646 -0.8620293173795094 0.4682761183448481,
            -0.1939663191538646 -0.8620293173795094 0.4682761183448481,
            -0.7071067811865476 0.0 0.7071067811865475,
            -0.7071067811865476 0.0 0.7071067811865475,
            -0.3584030245256161 -0.8620293173795085 0.3584030245256159,
            -0.3584030245256161 -0.8620293173795085 0.3584030245256159,
            -0.9238795325112867 0.0 0.3826834323650899,
            -0.9238795325112867 0.0 0.3826834323650899,
            -0.4682761183448516 -0.862029317379507 0.19396631915386603,
            -0.4682761183448516 -0.862029317379507 0.19396631915386603,
            -1.0 0.0 0.0,
            -1.0 0.0 0.0,
            -0.5068584180796661 -0.8620293173795067 0.0,
            -0.5068584180796661 -0.8620293173795067 0.0,
            -0.9238795325112867 0.0 -0.3826834323650898,
            -0.9238795325112867 0.0 -0.3826834323650898,
            -0.46827611834485217 -0.8620293173795068 -0.19396631915386622,
            -0.46827611834485217 -0.8620293173795068 -0.19396631915386622,
            -0.7071067811865477 0.0 -0.7071067811865472,
            -0.7071067811865477 0.0 -0.7071067811865472,
            -0.3584030245256179 -0.862029317379507 -0.3584030245256176,
            -0.3584030245256179 -0.862029317379507 -0.3584030245256176,
            -0.38268343236509017 0.0 -0.9238795325112866,
            -0.38268343236509017 0.0 -0.9238795325112866,
            -0.19396631915386622 -0.8620293173795073 -0.4682761183448514,
            -0.19396631915386622 -0.8620293173795073 -0.4682761183448514,
            -1.4149669744338818e-17 0.0 -1.0,
            -1.4149669744338818e-17 0.0 -1.0,
            0.0 -0.862029317379507 -0.5068584180796657,
            0.0 -0.862029317379507 -0.5068584180796657,
            0.38268343236509006 0.0 -0.9238795325112866,
            0.38268343236509006 0.0 -0.9238795325112866,
            0.19396631915386645 -0.8620293173795067 -0.46827611834485217,
            0.19396631915386645 -0.8620293173795067 -0.46827611834485217,
            0.7071067811865475 0.0 -0.7071067811865475,
            0.7071067811865475 0.0 -0.7071067811865475,
            0.3584030245256182 -0.8620293173795067 -0.3584030245256181,
            0.3584030245256182 -0.8620293173795067 -0.3584030245256181,
            0.9238795325112865 0.0 -0.3826834323650903,
            0.9238795325112865 0.0 -0.3826834323650903,
            0.4682761183448521 -0.8620293173795066 -0.19396631915386658,
            0.4682761183448521 -0.8620293173795066 -0.19396631915386658,
            0.5068584180796663 -0.8620293173795066 -1.1158513305218638e-16,
            0.5068584180796663 -0.8620293173795066 -1.1158513305218638e-16,
            0.11118466334362796 -0.9937997638544517 -3.990839631930424e-17,
            0.11118466334362796 -0.9937997638544517 -3.990839631930424e-17,
            0.4682761183448524 -0.8620293173795067 0.19396631915386628,
            0.4682761183448524 -0.8620293173795067 0.19396631915386628,
            0.10272123479233582 -0.9937997638544517 0.04254852859469654,
            0.10272123479233582 -0.9937997638544517 0.04254852859469654,
            0.3584030245256168 -0.8620293173795082 0.3584030245256161,
            0.3584030245256168 -0.8620293173795082 0.3584030245256161,
            0.07861942941422276 -0.9937997638544518 0.07861942941422277,
            0.07861942941422276 -0.9937997638544518 0.07861942941422277,
            0.19396631915386467 -0.8620293173795093 0.4682761183448482,
            0.19396631915386467 -0.8620293173795093 0.4682761183448482,
            0.042548528594696634 -0.9937997638544517 0.102721234792336,
            0.042548528594696634 -0.9937997638544517 0.102721234792336,
            -6.974070815761649e-18 -0.8620293173795093 0.5068584180796618,
            -6.974070815761649e-18 -0.8620293173795093 0.5068584180796618,
            -1.735147666056706e-18 -0.9937997638544517 0.1111846633436282,
            -1.735147666056706e-18 -0.9937997638544517 0.1111846633436282,
            -0.1939663191538646 -0.8620293173795094 0.4682761183448481,
            -0.1939663191538646 -0.8620293173795094 0.4682761183448481,
            -0.04254852859469664 -0.9937997638544517 0.10272123479233602,
            -0.04254852859469664 -0.9937997638544517 0.10272123479233602,
            -0.3584030245256161 -0.8620293173795085 0.3584030245256159,
            -0.3584030245256161 -0.8620293173795085 0.3584030245256159,
            -0.07861942941422277 -0.9937997638544517 0.07861942941422286,
            -0.07861942941422277 -0.9937997638544517 0.07861942941422286,
            -0.4682761183448516 -0.862029317379507 0.19396631915386603,
            -0.4682761183448516 -0.862029317379507 0.19396631915386603,
            -0.10272123479233583 -0.9937997638544517 0.04254852859469657,
            -0.10272123479233583 -0.9937997638544517 0.04254852859469657,
            -0.5068584180796661 -0.8620293173795067 0.0,
            -0.5068584180796661 -0.8620293173795067 0.0,
            -0.11118466334362799 -0.9937997638544517 3.470295332113412e-18,
            -0.11118466334362799 -0.9937997638544517 3.470295332113412e-18,
            -0.46827611834485217 -0.8620293173795068 -0.19396631915386622,
            -0.46827611834485217 -0.8620293173795068 -0.19396631915386622,
            -0.10272123479233586 -0.9937997638544517 -0.04254852859469654,
            -0.10272123479233586 -0.9937997638544517 -0.04254852859469654,
            -0.3584030245256179 -0.862029317379507 -0.3584030245256176,
            -0.3584030245256179 -0.862029317379507 -0.3584030245256176,
            -0.07861942941422276 -0.9937997638544518 -0.07861942941422274,
            -0.07861942941422276 -0.9937997638544518 -0.07861942941422274,
            -0.19396631915386622 -0.8620293173795073 -0.4682761183448514,
            -0.19396631915386622 -0.8620293173795073 -0.4682761183448514,
            -0.042548528594696586 -0.9937997638544517 -0.10272123479233583,
            -0.042548528594696586 -0.9937997638544517 -0.10272123479233583,
            0.0 -0.862029317379507 -0.5068584180796657,
            0.0 -0.862029317379507 -0.5068584180796657,
            -3.1232657989020705e-17 -0.9937997638544517 -0.11118466334362795,
            -3.1232657989020705e-17 -0.9937997638544517 -0.11118466334362795,
            0.19396631915386645 -0.8620293173795067 -0.46827611834485217,
            0.19396631915386645 -0.8620293173795067 -0.46827611834485217,
            0.04254852859469655 -0.9937997638544517 -0.10272123479233577,
            0.04254852859469655 -0.9937997638544517 -0.10272123479233577,
            0.3584030245256182 -0.8620293173795067 -0.3584030245256181,
            0.3584030245256182 -0.8620293173795067 -0.3584030245256181,
            0.0786194294142227 -0.9937997638544518 -0.0786194294142227,
            0.0786194294142227 -0.9937997638544518 -0.0786194294142227,
            0.4682761183448521 -0.8620293173795066 -0.19396631915386658,
            0.4682761183448521 -0.8620293173795066 -0.19396631915386658,
            0.1027212347923358 -0.9937997638544517 -0.042548528594696586,
            0.1027212347923358 -0.9937997638544517 -0.042548528594696586,
            0.4682761183448524 0.8620293173795067 0.19396631915386628,
            0.4682761183448524 0.8620293173795067 0.19396631915386628,
            0.10272123479233583 0.9937997638544517 0.04254852859469654,
            0.10272123479233583 0.9937997638544517 0.04254852859469654,
            0.5068584180796663 0.8620293173795066 -1.1158513305218638e-16,
            0.5068584180796663 0.8620293173795066 -1.1158513305218638e-16,
            0.11118466334362798 0.9937997638544517 -3.296780565507741e-17,
            0.11118466334362798 0.9937997638544517 -3.296780565507741e-17,
            0.4682761183448521 0.8620293173795066 -0.19396631915386658,
            0.4682761183448521 0.8620293173795066 -0.19396631915386658,
            0.1027212347923358 0.9937997638544517 -0.04254852859469657,
            0.1027212347923358 0.9937997638544517 -0.04254852859469657,
            0.3584030245256182 0.8620293173795067 -0.3584030245256181,
            0.3584030245256182 0.8620293173795067 -0.3584030245256181,
            0.0786194294142227 0.9937997638544518 -0.07861942941422272,
            0.0786194294142227 0.9937997638544518 -0.07861942941422272,
            0.19396631915386645 0.8620293173795067 -0.46827611834485217,
            0.19396631915386645 0.8620293173795067 -0.46827611834485217,
            0.042548528594696544 0.9937997638544517 -0.10272123479233577,
            0.042548528594696544 0.9937997638544517 -0.10272123479233577,
            0.0 0.862029317379507 -0.5068584180796657,
            0.0 0.862029317379507 -0.5068584180796657,
            -2.9497510322964e-17 0.9937997638544517 -0.11118466334362793,
            -2.9497510322964e-17 0.9937997638544517 -0.11118466334362793,
            -0.19396631915386622 0.8620293173795073 -0.4682761183448514,
            -0.19396631915386622 0.8620293173795073 -0.4682761183448514,
            -0.042548528594696586 0.9937997638544517 -0.10272123479233583,
            -0.042548528594696586 0.9937997638544517 -0.10272123479233583,
            -0.3584030245256179 0.862029317379507 -0.3584030245256176,
            -0.3584030245256179 0.862029317379507 -0.3584030245256176,
            -0.07861942941422273 0.9937997638544518 -0.07861942941422272,
            -0.07861942941422273 0.9937997638544518 -0.07861942941422272,
            -0.46827611834485217 0.8620293173795068 -0.19396631915386622,
            -0.46827611834485217 0.8620293173795068 -0.19396631915386622,
            -0.10272123479233582 0.9937997638544517 -0.042548528594696544,
            -0.10272123479233582 0.9937997638544517 -0.042548528594696544,
            -0.5068584180796661 0.8620293173795067 0.0,
            -0.5068584180796661 0.8620293173795067 0.0,
            -0.11118466334362796 0.9937997638544517 3.470295332113412e-18,
            -0.11118466334362796 0.9937997638544517 3.470295332113412e-18,
            -0.4682761183448516 0.862029317379507 0.19396631915386603,
            -0.4682761183448516 0.862029317379507 0.19396631915386603,
            -0.1027212347923358 0.9937997638544517 0.042548528594696586,
            -0.1027212347923358 0.9937997638544517 0.042548528594696586,
            -0.3584030245256161 0.8620293173795085 0.3584030245256159,
            -0.3584030245256161 0.8620293173795085 0.3584030245256159,
            -0.07861942941422277 0.9937997638544517 0.07861942941422283,
            -0.07861942941422277 0.9937997638544517 0.07861942941422283,
            -0.1939663191538646 0.8620293173795094 0.4682761183448481,
            -0.1939663191538646 0.8620293173795094 0.4682761183448481,
            -0.04254852859469664 0.9937997638544517 0.10272123479233602,
            -0.04254852859469664 0.9937997638544517 0.10272123479233602,
            -6.974070815761649e-18 0.8620293173795093 0.5068584180796618,
            -6.974070815761649e-18 0.8620293173795093 0.5068584180796618,
            -1.735147666056706e-18 0.9937997638544517 0.1111846633436282,
            -1.735147666056706e-18 0.9937997638544517 0.1111846633436282,
            0.19396631915386467 0.8620293173795093 0.4682761183448482,
            0.19396631915386467 0.8620293173795093 0.4682761183448482,
            0.04254852859469663 0.9937997638544517 0.10272123479233598,
            0.04254852859469663 0.9937997638544517 0.10272123479233598,
            0.3584030245256168 0.8620293173795082 0.3584030245256161,
            0.3584030245256168 0.8620293173795082 0.3584030245256161,
            0.07861942941422276 0.9937997638544517 0.07861942941422279,
            0.07861942941422276 0.9937997638544517 0.07861942941422279,
            0.11118466334362796 -0.9937997638544517 -3.990839631930424e-17,
            0.11118466334362796 -0.9937997638544517 -3.990839631930424e-17,
            0.0 -1.0 2.0842941649293115e-18,
            0.10272123479233582 -0.9937997638544517 0.04254852859469654,
            0.10272123479233582 -0.9937997638544517 0.04254852859469654,
            0.0 -1.0 2.0842941649293115e-18,
            0.07861942941422276 -0.9937997638544518 0.07861942941422277,
            0.07861942941422276 -0.9937997638544518 0.07861942941422277,
            0.0 -1.0 2.0842941649293115e-18,
            0.042548528594696634 -0.9937997638544517 0.102721234792336,
            0.042548528594696634 -0.9937997638544517 0.102721234792336,
            0.0 -1.0 2.0842941649293115e-18,
            -1.735147666056706e-18 -0.9937997638544517 0.1111846633436282,
            -1.735147666056706e-18 -0.9937997638544517 0.1111846633436282,
            0.0 -1.0 2.0842941649293115e-18,
            -0.04254852859469664 -0.9937997638544517 0.10272123479233602,
            -0.04254852859469664 -0.9937997638544517 0.10272123479233602,
            0.0 -1.0 2.0842941649293115e-18,
            -0.07861942941422277 -0.9937997638544517 0.07861942941422286,
            -0.07861942941422277 -0.9937997638544517 0.07861942941422286,
            0.0 -1.0 2.0842941649293115e-18,
            -0.10272123479233583 -0.9937997638544517 0.04254852859469657,
            -0.10272123479233583 -0.9937997638544517 0.04254852859469657,
            0.0 -1.0 2.0842941649293115e-18,
            -0.11118466334362799 -0.9937997638544517 3.470295332113412e-18,
            -0.11118466334362799 -0.9937997638544517 3.470295332113412e-18,
            0.0 -1.0 2.0842941649293115e-18,
            -0.10272123479233586 -0.9937997638544517 -0.04254852859469654,
            -0.10272123479233586 -0.9937997638544517 -0.04254852859469654,
            0.0 -1.0 2.0842941649293115e-18,
            -0.07861942941422276 -0.9937997638544518 -0.07861942941422274,
            -0.07861942941422276 -0.9937997638544518 -0.07861942941422274,
            0.0 -1.0 2.0842941649293115e-18,
            -0.042548528594696586 -0.9937997638544517 -0.10272123479233583,
            -0.042548528594696586 -0.9937997638544517 -0.10272123479233583,
            0.0 -1.0 2.0842941649293115e-18,
            -3.1232657989020705e-17 -0.9937997638544517 -0.11118466334362795,
            -3.1232657989020705e-17 -0.9937997638544517 -0.11118466334362795,
            0.0 -1.0 2.0842941649293115e-18,
            0.04254852859469655 -0.9937997638544517 -0.10272123479233577,
            0.04254852859469655 -0.9937997638544517 -0.10272123479233577,
            0.0 -1.0 2.0842941649293115e-18,
            0.0786194294142227 -0.9937997638544518 -0.0786194294142227,
            0.0786194294142227 -0.9937997638544518 -0.0786194294142227,
            0.0 -1.0 2.0842941649293115e-18,
            0.1027212347923358 -0.9937997638544517 -0.042548528594696586,
            0.1027212347923358 -0.9937997638544517 -0.042548528594696586,
            0.0 -1.0 2.0842941649293115e-18,
            0.10272123479233583 0.9937997638544517 0.04254852859469654,
            0.10272123479233583 0.9937997638544517 0.04254852859469654,
            0.0 1.0 -1.8758647484363802e-17,
            0.11118466334362798 0.9937997638544517 -3.296780565507741e-17,
            0.11118466334362798 0.9937997638544517 -3.296780565507741e-17,
            0.0 1.0 -1.8758647484363802e-17,
            0.1027212347923358 0.9937997638544517 -0.04254852859469657,
            0.1027212347923358 0.9937997638544517 -0.04254852859469657,
            0.0 1.0 -1.8758647484363802e-17,
            0.0786194294142227 0.9937997638544518 -0.07861942941422272,
            0.0786194294142227 0.9937997638544518 -0.07861942941422272,
            0.0 1.0 -1.8758647484363802e-17,
            0.042548528594696544 0.9937997638544517 -0.10272123479233577,
            0.042548528594696544 0.9937997638544517 -0.10272123479233577,
            0.0 1.0 -1.8758647484363802e-17,
            -2.9497510322964e-17 0.9937997638544517 -0.11118466334362793,
            -2.9497510322964e-17 0.9937997638544517 -0.11118466334362793,
            0.0 1.0 -1.8758647484363802e-17,
            -0.042548528594696586 0.9937997638544517 -0.10272123479233583,
            -0.042548528594696586 0.9937997638544517 -0.10272123479233583,
            0.0 1.0 -1.8758647484363802e-17,
            -0.07861942941422273 0.9937997638544518 -0.07861942941422272,
            -0.07861942941422273 0.9937997638544518 -0.07861942941422272,
            0.0 1.0 -1.8758647484363802e-17,
            -0.10272123479233582 0.9937997638544517 -0.042548528594696544,
            -0.10272123479233582 0.9937997638544517 -0.042548528594696544,
            0.0 1.0 -1.8758647484363802e-17,
            -0.11118466334362796 0.9937997638544517 3.470295332113412e-18,
            -0.11118466334362796 0.9937997638544517 3.470295332113412e-18,
            0.0 1.0 -1.8758647484363802e-17,
            -0.1027212347923358 0.9937997638544517 0.042548528594696586,
            -0.1027212347923358 0.9937997638544517 0.042548528594696586,
            0.0 1.0 -1.8758647484363802e-17,
            -0.07861942941422277 0.9937997638544517 0.07861942941422283,
            -0.07861942941422277 0.9937997638544517 0.07861942941422283,
            0.0 1.0 -1.8758647484363802e-17,
            -0.04254852859469664 0.9937997638544517 0.10272123479233602,
            -0.04254852859469664 0.9937997638544517 0.10272123479233602,
            0.0 1.0 -1.8758647484363802e-17,
            -1.735147666056706e-18 0.9937997638544517 0.1111846633436282,
            -1.735147666056706e-18 0.9937997638544517 0.1111846633436282,
            0.0 1.0 -1.8758647484363802e-17,
            0.04254852859469663 0.9937997638544517 0.10272123479233598,
            0.04254852859469663 0.9937997638544517 0.10272123479233598,
            0.0 1.0 -1.8758647484363802e-17,
            0.07861942941422276 0.9937997638544517 0.07861942941422279,
            0.07861942941422276 0.9937997638544517 0.07861942941422279,
            0.0 1.0 -1.8758647484363802e-17,
            -0.49284783140812044 7.494151963086008e-16 -0.8701155182366953,
            -0.49284783140812044 7.494151963086008e-16 -0.8701155182366953,
            -0.40303369287238994 1.0421985634729758e-15 -0.9151851410559746,
            -0.40303369287238994 1.0421985634729758e-15 -0.9151851410559746,
            -0.4567136733986611 -0.3771579412193567 -0.8057074580180311,
            -0.4567136733986611 -0.3771579412193567 -0.8057074580180311,
            -0.43386152186043486 -0.35646457848952795 -0.8274643098836533,
            -0.43386152186043486 -0.35646457848952795 -0.8274643098836533,
            -0.3521849712865801 -0.7011200867401437 -0.6199970725490276,
            -0.3521849712865801 -0.7011200867401437 -0.6199970725490276,
            -0.41627962204471985 -0.6902001556350078 -0.5918910553739737,
            -0.41627962204471985 -0.6902001556350078 -0.5918910553739737,
            -0.19212669036642624 -0.9215915168803616 -0.3372779430425263,
            -0.19212669036642624 -0.9215915168803616 -0.3372779430425263,
            -0.25480297590167367 -0.9200697437263563 -0.2975686645985563,
            -0.25480297590167367 -0.9200697437263563 -0.2975686645985563,
            1.4173653892998348e-4 -0.9999999839635012 -1.094703199344465e-4,
            1.4173653892998348e-4 -0.9999999839635012 -1.094703199344465e-4,
            0.0025022334100395943 -0.9999916658031003 -0.0032260118260985446,
            0.0025022334100395943 -0.9999916658031003 -0.0032260118260985446,
            0.19343521275587186 -0.9216660700111491 0.33632495277081964,
            0.19343521275587186 -0.9216660700111491 0.33632495277081964,
            0.2824394616451768 -0.922185724865595 0.26419962028681937,
            0.2824394616451768 -0.922185724865595 0.26419962028681937,
            0.3560463356605716 -0.7014159576386055 0.6174517481006897,
            0.3560463356605716 -0.7014159576386055 0.6174517481006897,
            0.5255269840865522 -0.703083500084816 0.4790563441865447,
            0.5255269840865522 -0.703083500084816 0.4790563441865447,
            0.4632343540435825 -0.3774981470733247 0.8018161149478297,
            0.4632343540435825 -0.3774981470733247 0.8018161149478297,
            0.6885581551090045 -0.37917139073578005 0.6181559054804688,
            0.6885581551090045 -0.37917139073578005 0.6181559054804688,
            0.5005000661141045 8.484342997008426e-17 0.8657364979136418,
            0.5005000661141045 8.484342997008426e-17 0.8657364979136418,
            0.7457287883203981 0.0 0.6662496335985414,
            0.7457287883203981 0.0 0.6662496335985414,
            0.46323435404358254 0.37749814707332474 0.8018161149478297,
            0.46323435404358254 0.37749814707332474 0.8018161149478297,
            0.6885581551090044 0.37917139073578054 0.6181559054804687,
            0.6885581551090044 0.37917139073578054 0.6181559054804687,
            0.3560463356605717 0.7014159576386052 0.6174517481006899,
            0.3560463356605717 0.7014159576386052 0.6174517481006899,
            0.5255269840865527 0.703083500084816 0.4790563441865443,
            0.5255269840865527 0.703083500084816 0.4790563441865443,
            0.19343521275587244 0.9216660700111486 0.33632495277082075,
            0.19343521275587244 0.9216660700111486 0.33632495277082075,
            0.28243946164517847 0.9221857248655947 0.2641996202868196,
            0.28243946164517847 0.9221857248655947 0.2641996202868196,
            1.4173653892996226e-4 0.9999999839635012 -1.0947031993443236e-4,
            1.4173653892996226e-4 0.9999999839635012 -1.0947031993443236e-4,
            0.0025022334100398076 0.9999916658031003 -0.003226011826099027,
            0.0025022334100398076 0.9999916658031003 -0.003226011826099027,
            -0.1921266903664266 0.9215915168803613 -0.33727794304252684,
            -0.1921266903664266 0.9215915168803613 -0.33727794304252684,
            -0.2548029759016729 0.9200697437263557 -0.29756866459855874,
            -0.2548029759016729 0.9200697437263557 -0.29756866459855874,
            -0.3521849712865803 0.7011200867401435 -0.6199970725490277,
            -0.3521849712865803 0.7011200867401435 -0.6199970725490277,
            -0.4162796220447177 0.6902001556350076 -0.5918910553739752,
            -0.4162796220447177 0.6902001556350076 -0.5918910553739752,
            -0.456713673398661 0.3771579412193572 -0.8057074580180309,
            -0.456713673398661 0.3771579412193572 -0.8057074580180309,
            -0.43386152186043736 0.3564645784895294 -0.8274643098836514,
            -0.43386152186043736 0.3564645784895294 -0.8274643098836514,
            -0.49284783140812044 7.494151963086008e-16 -0.8701155182366953,
            -0.49284783140812044 7.494151963086008e-16 -0.8701155182366953,
            -0.5965751134039702 8.488249521176882e-17 -0.802557246598048,
            -0.5965751134039702 8.488249521176882e-17 -0.802557246598048,
            -0.4567136733986611 -0.3771579412193567 -0.8057074580180311,
            -0.4567136733986611 -0.3771579412193567 -0.8057074580180311,
            -0.55755895686459 -0.38084070704023015 -0.7376234577893845,
            -0.55755895686459 -0.38084070704023015 -0.7376234577893845,
            -0.3521849712865801 -0.7011200867401437 -0.6199970725490276,
            -0.3521849712865801 -0.7011200867401437 -0.6199970725490276,
            -0.44645034339723133 -0.7037018687631914 -0.5527076720832508,
            -0.44645034339723133 -0.7037018687631914 -0.5527076720832508,
            -0.19212669036642624 -0.9215915168803616 -0.3372779430425263,
            -0.19212669036642624 -0.9215915168803616 -0.3372779430425263,
            -0.2801645522002106 -0.9194308000402827 -0.2759616415876333,
            -0.2801645522002106 -0.9194308000402827 -0.2759616415876333,
            1.4173653892998348e-4 -0.9999999839635012 -1.094703199344465e-4,
            1.4173653892998348e-4 -0.9999999839635012 -1.094703199344465e-4,
            -0.08401708759882653 -0.9951847266721973 0.05048255926352334,
            -0.08401708759882653 -0.9951847266721973 0.05048255926352334,
            0.19343521275587186 -0.9216660700111491 0.33632495277081964,
            0.19343521275587186 -0.9216660700111491 0.33632495277081964,
            0.11213037700255502 -0.9194308000402814 0.3769267601146845,
            0.11213037700255502 -0.9194308000402814 0.3769267601146845,
            0.3560463356605716 -0.7014159576386055 0.6174517481006897,
            0.3560463356605716 -0.7014159576386055 0.6174517481006897,
            0.2784161681995693 -0.7037018687631913 0.6536727906103031,
            0.2784161681995693 -0.7037018687631913 0.6536727906103031,
            0.4632343540435825 -0.3774981470733247 0.8018161149478297,
            0.4632343540435825 -0.3774981470733247 0.8018161149478297,
            0.3895247816669264 -0.38084070704023143 0.8385885763164377,
            0.3895247816669264 -0.38084070704023143 0.8385885763164377,
            0.5005000661141045 8.484342997008426e-17 0.8657364979136418,
            0.5005000661141045 8.484342997008426e-17 0.8657364979136418,
            0.42854093820630673 2.687945681706011e-16 0.9035223651251022,
            0.42854093820630673 2.687945681706011e-16 0.9035223651251022,
            0.46323435404358254 0.37749814707332474 0.8018161149478297,
            0.46323435404358254 0.37749814707332474 0.8018161149478297,
            0.3895247816669259 0.3808407070402311 0.8385885763164382,
            0.3895247816669259 0.3808407070402311 0.8385885763164382,
            0.3560463356605717 0.7014159576386052 0.6174517481006899,
            0.3560463356605717 0.7014159576386052 0.6174517481006899,
            0.2784161681995683 0.7037018687631912 0.6536727906103038,
            0.2784161681995683 0.7037018687631912 0.6536727906103038,
            0.19343521275587244 0.9216660700111486 0.33632495277082075,
            0.19343521275587244 0.9216660700111486 0.33632495277082075,
            0.11213037700255206 0.9194308000402811 0.37692676011468607,
            0.11213037700255206 0.9194308000402811 0.37692676011468607,
            1.4173653892996226e-4 0.9999999839635012 -1.0947031993443236e-4,
            1.4173653892996226e-4 0.9999999839635012 -1.0947031993443236e-4,
            -0.08401708759883128 0.9951847266721967 0.0504825592635262,
            -0.08401708759883128 0.9951847266721967 0.0504825592635262,
            -0.1921266903664266 0.9215915168803613 -0.33727794304252684,
            -0.1921266903664266 0.9215915168803613 -0.33727794304252684,
            -0.2801645522002134 0.9194308000402822 -0.2759616415876316,
            -0.2801645522002134 0.9194308000402822 -0.2759616415876316,
            -0.3521849712865803 0.7011200867401435 -0.6199970725490277,
            -0.3521849712865803 0.7011200867401435 -0.6199970725490277,
            -0.44645034339723205 0.7037018687631917 -0.5527076720832499,
            -0.44645034339723205 0.7037018687631917 -0.5527076720832499,
            -0.456713673398661 0.3771579412193572 -0.8057074580180309,
            -0.456713673398661 0.3771579412193572 -0.8057074580180309,
            -0.5575589568645904 0.38084070704023043 -0.737623457789384,
            -0.5575589568645904 0.38084070704023043 -0.737623457789384,
            -0.8066299871365432 4.084291667664364e-16 -0.5910567348843089,
            -0.8066299871365432 4.084291667664364e-16 -0.5910567348843089,
            -1.0 7.499324964499574e-16 0.0,
            -1.0 7.499324964499574e-16 0.0,
            -0.789467254597549 -0.35646457848952895 -0.49967435215397166,
            -0.789467254597549 -0.35646457848952895 -0.49967435215397166,
            -0.9238795325112868 -0.38268343236508945 0.0,
            -0.9238795325112868 -0.38268343236508945 0.0,
            -0.6564542554554996 -0.6902001556350078 -0.30445287920428105,
            -0.6564542554554996 -0.6902001556350078 -0.30445287920428105,
            -0.7071067811865469 -0.707106781186548 0.0,
            -0.7071067811865469 -0.707106781186548 0.0,
            -0.3694501823900025 -0.920069743726356 -0.13030053496172433,
            -0.3694501823900025 -0.920069743726356 -0.13030053496172433,
            -0.382683432365089 -0.9238795325112871 0.0,
            -0.382683432365089 -0.9238795325112871 0.0,
            5.53991786242791e-4 -0.9999916658031003 -0.004044924899330619,
            5.53991786242791e-4 -0.9999916658031003 -0.004044924899330619,
            -1.9809537642074342e-16 -1.0 0.0,
            -1.9809537642074342e-16 -1.0 0.0,
            0.37669955895933255 -0.9221857248655957 0.08758385201599689,
            0.37669955895933255 -0.9221857248655957 0.08758385201599689,
            0.38268343236508784 -0.9238795325112875 0.0,
            0.38268343236508784 -0.9238795325112875 0.0,
            0.6946478906864475 -0.7030835000848158 0.15211147186637117,
            0.6946478906864475 -0.7030835000848158 0.15211147186637117,
            0.7071067811865468 -0.7071067811865482 0.0,
            0.7071067811865468 -0.7071067811865482 0.0,
            0.905386807047579 -0.37917139073577877 0.19105964009095525,
            0.905386807047579 -0.37917139073577877 0.19105964009095525,
            0.9238795325112864 -0.3826834323650906 0.0,
            0.9238795325112864 -0.3826834323650906 0.0,
            0.9789448918181239 0.0 0.2041247137982113,
            0.9789448918181239 0.0 0.2041247137982113,
            1.0 0.0 0.0,
            1.0 0.0 0.0,
            0.9053868070475787 0.37917139073577927 0.19105964009095522,
            0.9053868070475787 0.37917139073577927 0.19105964009095522,
            0.9238795325112862 0.38268343236509106 0.0,
            0.9238795325112862 0.38268343236509106 0.0,
            0.6946478906864478 0.7030835000848153 0.15211147186637217,
            0.6946478906864478 0.7030835000848153 0.15211147186637217,
            0.7071067811865479 0.7071067811865471 0.0,
            0.7071067811865479 0.7071067811865471 0.0,
            0.3766995589593338 0.922185724865595 0.08758385201599848,
            0.3766995589593338 0.922185724865595 0.08758385201599848,
            0.38268343236508995 0.9238795325112866 0.0,
            0.38268343236508995 0.9238795325112866 0.0,
            5.539917862423807e-4 0.9999916658031004 -0.004044924899330362,
            5.539917862423807e-4 0.9999916658031004 -0.004044924899330362,
            -9.33878203126362e-16 1.0 0.0,
            -9.33878203126362e-16 1.0 0.0,
            -0.369450182390003 0.9200697437263556 -0.13030053496172445,
            -0.369450182390003 0.9200697437263556 -0.13030053496172445,
            -0.3826834323650896 0.9238795325112868 0.0,
            -0.3826834323650896 0.9238795325112868 0.0,
            -0.6564542554554984 0.6902001556350083 -0.30445287920428304,
            -0.6564542554554984 0.6902001556350083 -0.30445287920428304,
            -0.7071067811865464 0.7071067811865486 0.0,
            -0.7071067811865464 0.7071067811865486 0.0,
            -0.7894672545975455 0.35646457848952934 -0.49967435215397693,
            -0.7894672545975455 0.35646457848952934 -0.49967435215397693,
            -0.9238795325112863 0.3826834323650908 0.0,
            -0.9238795325112863 0.3826834323650908 0.0,
            -1.0 7.499324964499574e-16 0.0,
            -1.0 7.499324964499574e-16 0.0,
            -0.8700221846046781 1.197145827791729e-15 -0.4930125741760586,
            -0.8700221846046781 1.197145827791729e-15 -0.4930125741760586,
            -0.9238795325112868 -0.38268343236508945 0.0,
            -0.9238795325112868 -0.38268343236508945 0.0,
            -0.8037956891870188 -0.3329430758382906 -0.4930125741760587,
            -0.8037956891870188 -0.3329430758382906 -0.4930125741760587,
            -0.7071067811865469 -0.707106781186548 0.0,
            -0.7071067811865469 -0.707106781186548 0.0,
            -0.6151985865167021 -0.6151985865167025 -0.4930125741760582,
            -0.6151985865167021 -0.6151985865167025 -0.4930125741760582,
            -0.382683432365089 -0.9238795325112871 0.0,
            -0.382683432365089 -0.9238795325112871 0.0,
            -0.332943075838291 -0.8037956891870189 -0.49301257417605826,
            -0.332943075838291 -0.8037956891870189 -0.49301257417605826,
            -1.9809537642074342e-16 -1.0 0.0,
            -1.9809537642074342e-16 -1.0 0.0,
            -1.1267254849804507e-16 -0.8700221846046782 -0.4930125741760582,
            -1.1267254849804507e-16 -0.8700221846046782 -0.4930125741760582,
            0.38268343236508784 -0.9238795325112875 0.0,
            0.38268343236508784 -0.9238795325112875 0.0,
            0.33294307583828947 -0.8037956891870196 -0.4930125741760582,
            0.33294307583828947 -0.8037956891870196 -0.4930125741760582,
            0.7071067811865468 -0.7071067811865482 0.0,
            0.7071067811865468 -0.7071067811865482 0.0,
            0.6151985865167017 -0.6151985865167026 -0.49301257417605837,
            0.6151985865167017 -0.6151985865167026 -0.49301257417605837,
            0.9238795325112864 -0.3826834323650906 0.0,
            0.9238795325112864 -0.3826834323650906 0.0,
            0.8037956891870184 -0.33294307583829275 -0.493012574176058,
            0.8037956891870184 -0.33294307583829275 -0.493012574176058,
            1.0 0.0 0.0,
            1.0 0.0 0.0,
            0.870022184604678 1.1267254849804517e-16 -0.49301257417605865,
            0.870022184604678 1.1267254849804517e-16 -0.49301257417605865,
            0.9238795325112862 0.38268343236509106 0.0,
            0.9238795325112862 0.38268343236509106 0.0,
            0.8037956891870179 0.3329430758382934 -0.4930125741760582,
            0.8037956891870179 0.3329430758382934 -0.4930125741760582,
            0.7071067811865479 0.7071067811865471 0.0,
            0.7071067811865479 0.7071067811865471 0.0,
            0.6151985865167025 0.6151985865167017 -0.4930125741760587,
            0.6151985865167025 0.6151985865167017 -0.4930125741760587,
            0.38268343236508995 0.9238795325112866 0.0,
            0.38268343236508995 0.9238795325112866 0.0,
            0.3329430758382915 0.8037956891870183 -0.4930125741760587,
            0.3329430758382915 0.8037956891870183 -0.4930125741760587,
            -9.33878203126362e-16 1.0 0.0,
            -9.33878203126362e-16 1.0 0.0,
            -3.6618578261864656e-16 0.8700221846046781 -0.4930125741760584,
            -3.6618578261864656e-16 0.8700221846046781 -0.4930125741760584,
            -0.3826834323650896 0.9238795325112868 0.0,
            -0.3826834323650896 0.9238795325112868 0.0,
            -0.3329430758382919 0.8037956891870185 -0.49301257417605815,
            -0.3329430758382919 0.8037956891870185 -0.49301257417605815,
            -0.7071067811865464 0.7071067811865486 0.0,
            -0.7071067811865464 0.7071067811865486 0.0,
            -0.6151985865167023 0.6151985865167022 -0.4930125741760582,
            -0.6151985865167023 0.6151985865167022 -0.4930125741760582,
            -0.9238795325112863 0.3826834323650908 0.0,
            -0.9238795325112863 0.3826834323650908 0.0,
            -0.8037956891870185 0.3329430758382914 -0.4930125741760585,
            -0.8037956891870185 0.3329430758382914 -0.4930125741760585,
            -0.8700221846046781 1.197145827791729e-15 -0.4930125741760586,
            -0.8700221846046781 1.197145827791729e-15 -0.4930125741760586,
            1.508781756356717e-16 -1.6921578347987853e-17 -1.0,
            -0.8037956891870188 -0.3329430758382906 -0.4930125741760587,
            -0.8037956891870188 -0.3329430758382906 -0.4930125741760587,
            1.508781756356717e-16 -1.6921578347987853e-17 -1.0,
            -0.6151985865167021 -0.6151985865167025 -0.4930125741760582,
            -0.6151985865167021 -0.6151985865167025 -0.4930125741760582,
            1.508781756356717e-16 -1.6921578347987853e-17 -1.0,
            -0.332943075838291 -0.8037956891870189 -0.49301257417605826,
            -0.332943075838291 -0.8037956891870189 -0.49301257417605826,
            1.508781756356717e-16 -1.6921578347987853e-17 -1.0,
            -1.1267254849804507e-16 -0.8700221846046782 -0.4930125741760582,
            -1.1267254849804507e-16 -0.8700221846046782 -0.4930125741760582,
            1.508781756356717e-16 -1.6921578347987853e-17 -1.0,
            0.33294307583828947 -0.8037956891870196 -0.4930125741760582,
            0.33294307583828947 -0.8037956891870196 -0.4930125741760582,
            1.508781756356717e-16 -1.6921578347987853e-17 -1.0,
            0.6151985865167017 -0.6151985865167026 -0.49301257417605837,
            0.6151985865167017 -0.6151985865167026 -0.49301257417605837,
            1.508781756356717e-16 -1.6921578347987853e-17 -1.0,
            0.8037956891870184 -0.33294307583829275 -0.493012574176058,
            0.8037956891870184 -0.33294307583829275 -0.493012574176058,
            1.508781756356717e-16 -1.6921578347987853e-17 -1.0,
            0.870022184604678 1.1267254849804517e-16 -0.49301257417605865,
            0.870022184604678 1.1267254849804517e-16 -0.49301257417605865,
            1.508781756356717e-16 -1.6921578347987853e-17 -1.0,
            0.8037956891870179 0.3329430758382934 -0.4930125741760582,
            0.8037956891870179 0.3329430758382934 -0.4930125741760582,
            1.508781756356717e-16 -1.6921578347987853e-17 -1.0,
            0.6151985865167025 0.6151985865167017 -0.4930125741760587,
            0.6151985865167025 0.6151985865167017 -0.4930125741760587,
            1.508781756356717e-16 -1.6921578347987853e-17 -1.0,
            0.3329430758382915 0.8037956891870183 -0.4930125741760587,
            0.3329430758382915 0.8037956891870183 -0.4930125741760587,
            1.508781756356717e-16 -1.6921578347987853e-17 -1.0,
            -3.6618578261864656e-16 0.8700221846046781 -0.4930125741760584,
            -3.6618578261864656e-16 0.8700221846046781 -0.4930125741760584,
            1.508781756356717e-16 -1.6921578347987853e-17 -1.0,
            -0.3329430758382919 0.8037956891870185 -0.49301257417605815,
            -0.3329430758382919 0.8037956891870185 -0.49301257417605815,
            1.508781756356717e-16 -1.6921578347987853e-17 -1.0,
            -0.6151985865167023 0.6151985865167022 -0.4930125741760582,
            -0.6151985865167023 0.6151985865167022 -0.4930125741760582,
            1.508781756356717e-16 -1.6921578347987853e-17 -1.0,
            -0.8037956891870185 0.3329430758382914 -0.4930125741760585,
            -0.8037956891870185 0.3329430758382914 -0.4930125741760585,
            1.508781756356717e-16 -1.6921578347987853e-17 -1.0,
            0.49284783140812055 7.635551056729144e-16 -0.8701155182366952,
            0.49284783140812055 7.635551056729144e-16 -0.8701155182366952,
            0.40303369287239 1.1971199715567965e-15 -0.9151851410559746,
            0.40303369287239 1.1971199715567965e-15 -0.9151851410559746,
            0.4567136733986611 -0.37715794121935764 -0.8057074580180306,
            0.4567136733986611 -0.37715794121935764 -0.8057074580180306,
            0.43386152186043486 -0.3564645784895283 -0.8274643098836532,
            0.43386152186043486 -0.3564645784895283 -0.8274643098836532,
            0.35218497128658055 -0.7011200867401431 -0.6199970725490279,
            0.35218497128658055 -0.7011200867401431 -0.6199970725490279,
            0.4162796220447197 -0.6902001556350081 -0.5918910553739734,
            0.4162796220447197 -0.6902001556350081 -0.5918910553739734,
            0.19212669036642674 -0.9215915168803611 -0.3372779430425271,
            0.19212669036642674 -0.9215915168803611 -0.3372779430425271,
            0.25480297590167456 -0.920069743726356 -0.29756866459855696,
            0.25480297590167456 -0.920069743726356 -0.29756866459855696,
            -1.4173653892991982e-4 -0.9999999839635012 -1.094703199345315e-4,
            -1.4173653892991982e-4 -0.9999999839635012 -1.094703199345315e-4,
            -0.0025022334100395526 -0.9999916658031003 -0.0032260118260989705,
            -0.0025022334100395526 -0.9999916658031003 -0.0032260118260989705,
            -0.19343521275587258 -0.9216660700111485 0.33632495277082086,
            -0.19343521275587258 -0.9216660700111485 0.33632495277082086,
            -0.28243946164517764 -0.9221857248655948 0.2641996202868196,
            -0.28243946164517764 -0.9221857248655948 0.2641996202868196,
            -0.3560463356605714 -0.701415957638606 0.6174517481006894,
            -0.3560463356605714 -0.701415957638606 0.6174517481006894,
            -0.525526984086552 -0.7030835000848165 0.47905634418654447,
            -0.525526984086552 -0.7030835000848165 0.47905634418654447,
            -0.46323435404358215 -0.37749814707332696 0.8018161149478289,
            -0.46323435404358215 -0.37749814707332696 0.8018161149478289,
            -0.6885581551090055 -0.37917139073577927 0.6181559054804684,
            -0.6885581551090055 -0.37917139073577927 0.6181559054804684,
            -0.5005000661141047 -9.898400163176502e-17 0.8657364979136417,
            -0.5005000661141047 -9.898400163176502e-17 0.8657364979136417,
            -0.7457287883203995 -1.980105099648458e-16 0.6662496335985401,
            -0.7457287883203995 -1.980105099648458e-16 0.6662496335985401,
            -0.46323435404358226 0.37749814707332663 0.8018161149478289,
            -0.46323435404358226 0.37749814707332663 0.8018161149478289,
            -0.6885581551090055 0.3791713907357791 0.6181559054804684,
            -0.6885581551090055 0.3791713907357791 0.6181559054804684,
            -0.3560463356605715 0.7014159576386058 0.6174517481006895,
            -0.3560463356605715 0.7014159576386058 0.6174517481006895,
            -0.5255269840865519 0.7030835000848159 0.4790563441865453,
            -0.5255269840865519 0.7030835000848159 0.4790563441865453,
            -0.19343521275587258 0.9216660700111485 0.33632495277082086,
            -0.19343521275587258 0.9216660700111485 0.33632495277082086,
            -0.28243946164517736 0.9221857248655946 0.26419962028682065,
            -0.28243946164517736 0.9221857248655946 0.26419962028682065,
            -1.417365389299835e-4 0.9999999839635012 -1.0947031993440404e-4,
            -1.417365389299835e-4 0.9999999839635012 -1.0947031993440404e-4,
            -0.002502233410039411 0.9999916658031003 -0.003226011826098984,
            -0.002502233410039411 0.9999916658031003 -0.003226011826098984,
            0.1921266903664267 0.9215915168803612 -0.33727794304252695,
            0.1921266903664267 0.9215915168803612 -0.33727794304252695,
            0.25480297590167306 0.9200697437263557 -0.29756866459855863,
            0.25480297590167306 0.9200697437263557 -0.29756866459855863,
            0.35218497128658083 0.7011200867401427 -0.6199970725490284,
            0.35218497128658083 0.7011200867401427 -0.6199970725490284,
            0.4162796220447177 0.6902001556350076 -0.5918910553739752,
            0.4162796220447177 0.6902001556350076 -0.5918910553739752,
            0.456713673398661 0.37715794121935764 -0.8057074580180307,
            0.456713673398661 0.37715794121935764 -0.8057074580180307,
            0.43386152186043736 0.3564645784895294 -0.8274643098836514,
            0.43386152186043736 0.3564645784895294 -0.8274643098836514,
            0.49284783140812055 7.635551056729144e-16 -0.8701155182366952,
            0.49284783140812055 7.635551056729144e-16 -0.8701155182366952,
            0.5965751134039656 -1.9805915549412735e-16 -0.8025572465980514,
            0.5965751134039656 -1.9805915549412735e-16 -0.8025572465980514,
            0.4567136733986611 -0.37715794121935764 -0.8057074580180306,
            0.4567136733986611 -0.37715794121935764 -0.8057074580180306,
            0.5575589568645869 -0.38084070704023165 -0.7376234577893859,
            0.5575589568645869 -0.38084070704023165 -0.7376234577893859,
            0.35218497128658055 -0.7011200867401431 -0.6199970725490279,
            0.35218497128658055 -0.7011200867401431 -0.6199970725490279,
            0.44645034339723144 -0.7037018687631912 -0.5527076720832512,
            0.44645034339723144 -0.7037018687631912 -0.5527076720832512,
            0.19212669036642674 -0.9215915168803611 -0.3372779430425271,
            0.19212669036642674 -0.9215915168803611 -0.3372779430425271,
            0.2801645522002121 -0.9194308000402822 -0.2759616415876332,
            0.2801645522002121 -0.9194308000402822 -0.2759616415876332,
            -1.4173653892991982e-4 -0.9999999839635012 -1.094703199345315e-4,
            -1.4173653892991982e-4 -0.9999999839635012 -1.094703199345315e-4,
            0.08401708759882809 -0.9951847266721972 0.050482559263524296,
            0.08401708759882809 -0.9951847266721972 0.050482559263524296,
            -0.19343521275587258 -0.9216660700111485 0.33632495277082086,
            -0.19343521275587258 -0.9216660700111485 0.33632495277082086,
            -0.11213037700255478 -0.9194308000402813 0.3769267601146847,
            -0.11213037700255478 -0.9194308000402813 0.3769267601146847,
            -0.3560463356605714 -0.701415957638606 0.6174517481006894,
            -0.3560463356605714 -0.701415957638606 0.6174517481006894,
            -0.2784161681995694 -0.7037018687631917 0.6536727906103028,
            -0.2784161681995694 -0.7037018687631917 0.6536727906103028,
            -0.46323435404358215 -0.37749814707332696 0.8018161149478289,
            -0.46323435404358215 -0.37749814707332696 0.8018161149478289,
            -0.3895247816669224 -0.380840707040233 0.8385885763164389,
            -0.3895247816669224 -0.380840707040233 0.8385885763164389,
            -0.5005000661141047 -9.898400163176502e-17 0.8657364979136417,
            -0.5005000661141047 -9.898400163176502e-17 0.8657364979136417,
            -0.4285409382063003 0.0 0.9035223651251053,
            -0.4285409382063003 0.0 0.9035223651251053,
            -0.46323435404358226 0.37749814707332663 0.8018161149478289,
            -0.46323435404358226 0.37749814707332663 0.8018161149478289,
            -0.3895247816669223 0.38084070704023254 0.8385885763164392,
            -0.3895247816669223 0.38084070704023254 0.8385885763164392,
            -0.3560463356605715 0.7014159576386058 0.6174517481006895,
            -0.3560463356605715 0.7014159576386058 0.6174517481006895,
            -0.27841616819956805 0.7037018687631912 0.6536727906103038,
            -0.27841616819956805 0.7037018687631912 0.6536727906103038,
            -0.19343521275587258 0.9216660700111485 0.33632495277082086,
            -0.19343521275587258 0.9216660700111485 0.33632495277082086,
            -0.11213037700255199 0.9194308000402811 0.3769267601146862,
            -0.11213037700255199 0.9194308000402811 0.3769267601146862,
            -1.417365389299835e-4 0.9999999839635012 -1.0947031993440404e-4,
            -1.417365389299835e-4 0.9999999839635012 -1.0947031993440404e-4,
            0.08401708759883117 0.9951847266721967 0.05048255926352621,
            0.08401708759883117 0.9951847266721967 0.05048255926352621,
            0.1921266903664267 0.9215915168803612 -0.33727794304252695,
            0.1921266903664267 0.9215915168803612 -0.33727794304252695,
            0.28016455220021486 0.9194308000402818 -0.27596164158763153,
            0.28016455220021486 0.9194308000402818 -0.27596164158763153,
            0.35218497128658083 0.7011200867401427 -0.6199970725490284,
            0.35218497128658083 0.7011200867401427 -0.6199970725490284,
            0.44645034339723305 0.7037018687631911 -0.5527076720832499,
            0.44645034339723305 0.7037018687631911 -0.5527076720832499,
            0.456713673398661 0.37715794121935764 -0.8057074580180307,
            0.456713673398661 0.37715794121935764 -0.8057074580180307,
            0.5575589568645875 0.38084070704023176 -0.7376234577893855,
            0.5575589568645875 0.38084070704023176 -0.7376234577893855,
            0.8066299871365432 5.63350574850257e-16 -0.5910567348843089,
            0.8066299871365432 5.63350574850257e-16 -0.5910567348843089,
            1.0 9.197285333820231e-16 0.0,
            1.0 9.197285333820231e-16 0.0,
            0.7894672545975489 -0.35646457848952917 -0.4996743521539716,
            0.7894672545975489 -0.35646457848952917 -0.4996743521539716,
            0.9238795325112866 -0.38268343236508984 0.0,
            0.9238795325112866 -0.38268343236508984 0.0,
            0.6564542554554994 -0.6902001556350081 -0.30445287920428094,
            0.6564542554554994 -0.6902001556350081 -0.30445287920428094,
            0.7071067811865466 -0.7071067811865485 0.0,
            0.7071067811865466 -0.7071067811865485 0.0,
            0.36945018239000327 -0.9200697437263555 -0.13030053496172506,
            0.36945018239000327 -0.9200697437263555 -0.13030053496172506,
            0.3826834323650895 -0.9238795325112868 0.0,
            0.3826834323650895 -0.9238795325112868 0.0,
            -5.539917862427488e-4 -0.9999916658031004 -0.004044924899330402,
            -5.539917862427488e-4 -0.9999916658031004 -0.004044924899330402,
            -1.8394570667640468e-16 -1.0 0.0,
            -1.8394570667640468e-16 -1.0 0.0,
            -0.37669955895933416 -0.9221857248655949 0.08758385201599894,
            -0.37669955895933416 -0.9221857248655949 0.08758385201599894,
            -0.38268343236509067 -0.9238795325112864 0.0,
            -0.38268343236509067 -0.9238795325112864 0.0,
            -0.6946478906864471 -0.7030835000848166 0.1521114718663708,
            -0.6946478906864471 -0.7030835000848166 0.1521114718663708,
            -0.7071067811865479 -0.7071067811865471 0.0,
            -0.7071067811865479 -0.7071067811865471 0.0,
            -0.9053868070475793 -0.37917139073577916 0.19105964009095297,
            -0.9053868070475793 -0.37917139073577916 0.19105964009095297,
            -0.9238795325112862 -0.38268343236509106 0.0,
            -0.9238795325112862 -0.38268343236509106 0.0,
            -0.9789448918181245 -1.980105099648458e-16 0.2041247137982089,
            -0.9789448918181245 -1.980105099648458e-16 0.2041247137982089,
            -1.0 -2.1224504616508238e-16 0.0,
            -1.0 -2.1224504616508238e-16 0.0,
            -0.9053868070475793 0.379171390735779 0.19105964009095294,
            -0.9053868070475793 0.379171390735779 0.19105964009095294,
            -0.9238795325112863 0.38268343236509084 0.0,
            -0.9238795325112863 0.38268343236509084 0.0,
            -0.6946478906864478 0.7030835000848159 0.1521114718663701,
            -0.6946478906864478 0.7030835000848159 0.1521114718663701,
            -0.7071067811865479 0.7071067811865471 0.0,
            -0.7071067811865479 0.7071067811865471 0.0,
            -0.37669955895933493 0.9221857248655947 0.08758385201599786,
            -0.37669955895933493 0.9221857248655947 0.08758385201599786,
            -0.38268343236509067 0.9238795325112864 0.0,
            -0.38268343236509067 0.9238795325112864 0.0,
            -5.539917862424515e-4 0.9999916658031004 -0.004044924899330865,
            -5.539917862424515e-4 0.9999916658031004 -0.004044924899330865,
            -1.8394570667640468e-16 1.0 0.0,
            -1.8394570667640468e-16 1.0 0.0,
            0.369450182390003 0.9200697437263556 -0.13030053496172497,
            0.369450182390003 0.9200697437263556 -0.13030053496172497,
            0.3826834323650893 0.923879532511287 0.0,
            0.3826834323650893 0.923879532511287 0.0,
            0.6564542554554984 0.6902001556350083 -0.30445287920428304,
            0.6564542554554984 0.6902001556350083 -0.30445287920428304,
            0.7071067811865464 0.7071067811865486 0.0,
            0.7071067811865464 0.7071067811865486 0.0,
            0.7894672545975455 0.35646457848952934 -0.49967435215397693,
            0.7894672545975455 0.35646457848952934 -0.49967435215397693,
            0.9238795325112863 0.3826834323650908 0.0,
            0.9238795325112863 0.3826834323650908 0.0,
            1.0 9.197285333820231e-16 0.0,
            1.0 9.197285333820231e-16 0.0,
            0.8700221846046778 1.1689776906672177e-15 -0.4930125741760588,
            0.8700221846046778 1.1689776906672177e-15 -0.4930125741760588,
            0.9238795325112866 -0.38268343236508984 0.0,
            0.9238795325112866 -0.38268343236508984 0.0,
            0.8037956891870185 -0.3329430758382911 -0.4930125741760589,
            0.8037956891870185 -0.3329430758382911 -0.4930125741760589,
            0.7071067811865466 -0.7071067811865485 0.0,
            0.7071067811865466 -0.7071067811865485 0.0,
            0.6151985865167018 -0.6151985865167027 -0.4930125741760583,
            0.6151985865167018 -0.6151985865167027 -0.4930125741760583,
            0.3826834323650895 -0.9238795325112868 0.0,
            0.3826834323650895 -0.9238795325112868 0.0,
            0.33294307583829125 -0.8037956891870188 -0.4930125741760581,
            0.33294307583829125 -0.8037956891870188 -0.4930125741760581,
            -1.8394570667640468e-16 -1.0 0.0,
            -1.8394570667640468e-16 -1.0 0.0,
            -1.126725484980451e-16 -0.8700221846046782 -0.49301257417605815,
            -1.126725484980451e-16 -0.8700221846046782 -0.49301257417605815,
            -0.38268343236509067 -0.9238795325112864 0.0,
            -0.38268343236509067 -0.9238795325112864 0.0,
            -0.3329430758382928 -0.8037956891870182 -0.49301257417605815,
            -0.3329430758382928 -0.8037956891870182 -0.49301257417605815,
            -0.7071067811865479 -0.7071067811865471 0.0,
            -0.7071067811865479 -0.7071067811865471 0.0,
            -0.6151985865167038 -0.6151985865167008 -0.4930125741760581,
            -0.6151985865167038 -0.6151985865167008 -0.4930125741760581,
            -0.9238795325112862 -0.38268343236509106 0.0,
            -0.9238795325112862 -0.38268343236509106 0.0,
            -0.8037956891870182 -0.3329430758382932 -0.49301257417605815,
            -0.8037956891870182 -0.3329430758382932 -0.49301257417605815,
            -1.0 -2.1224504616508238e-16 0.0,
            -1.0 -2.1224504616508238e-16 0.0,
            -0.8700221846046778 -2.253450969960904e-16 -0.49301257417605876,
            -0.8700221846046778 -2.253450969960904e-16 -0.49301257417605876,
            -0.9238795325112863 0.38268343236509084 0.0,
            -0.9238795325112863 0.38268343236509084 0.0,
            -0.803795689187018 0.33294307583829325 -0.4930125741760583,
            -0.803795689187018 0.33294307583829325 -0.4930125741760583,
            -0.7071067811865479 0.7071067811865471 0.0,
            -0.7071067811865479 0.7071067811865471 0.0,
            -0.6151985865167034 0.6151985865167009 -0.4930125741760583,
            -0.6151985865167034 0.6151985865167009 -0.4930125741760583,
            -0.38268343236509067 0.9238795325112864 0.0,
            -0.38268343236509067 0.9238795325112864 0.0,
            -0.3329430758382933 0.8037956891870178 -0.4930125741760585,
            -0.3329430758382933 0.8037956891870178 -0.4930125741760585,
            -1.8394570667640468e-16 1.0 0.0,
            -1.8394570667640468e-16 1.0 0.0,
            -3.239335769318797e-16 0.8700221846046781 -0.4930125741760585,
            -3.239335769318797e-16 0.8700221846046781 -0.4930125741760585,
            0.3826834323650893 0.923879532511287 0.0,
            0.3826834323650893 0.923879532511287 0.0,
            0.3329430758382911 0.8037956891870188 -0.4930125741760583,
            0.3329430758382911 0.8037956891870188 -0.4930125741760583,
            0.7071067811865464 0.7071067811865486 0.0,
            0.7071067811865464 0.7071067811865486 0.0,
            0.6151985865167018 0.6151985865167026 -0.4930125741760584,
            0.6151985865167018 0.6151985865167026 -0.4930125741760584,
            0.9238795325112863 0.3826834323650908 0.0,
            0.9238795325112863 0.3826834323650908 0.0,
            0.8037956891870184 0.33294307583829164 -0.4930125741760586,
            0.8037956891870184 0.33294307583829164 -0.4930125741760586,
            0.8700221846046778 1.1689776906672177e-15 -0.4930125741760588,
            0.8700221846046778 1.1689776906672177e-15 -0.4930125741760588,
            -1.0058545042378114e-16 -1.6921578347988808e-17 -1.0,
            0.8037956891870185 -0.3329430758382911 -0.4930125741760589,
            0.8037956891870185 -0.3329430758382911 -0.4930125741760589,
            -1.0058545042378114e-16 -1.6921578347988808e-17 -1.0,
            0.6151985865167018 -0.6151985865167027 -0.4930125741760583,
            0.6151985865167018 -0.6151985865167027 -0.4930125741760583,
            -1.0058545042378114e-16 -1.6921578347988808e-17 -1.0,
            0.33294307583829125 -0.8037956891870188 -0.4930125741760581,
            0.33294307583829125 -0.8037956891870188 -0.4930125741760581,
            -1.0058545042378114e-16 -1.6921578347988808e-17 -1.0,
            -1.126725484980451e-16 -0.8700221846046782 -0.49301257417605815,
            -1.126725484980451e-16 -0.8700221846046782 -0.49301257417605815,
            -1.0058545042378114e-16 -1.6921578347988808e-17 -1.0,
            -0.3329430758382928 -0.8037956891870182 -0.49301257417605815,
            -0.3329430758382928 -0.8037956891870182 -0.49301257417605815,
            -1.0058545042378114e-16 -1.6921578347988808e-17 -1.0,
            -0.6151985865167038 -0.6151985865167008 -0.4930125741760581,
            -0.6151985865167038 -0.6151985865167008 -0.4930125741760581,
            -1.0058545042378114e-16 -1.6921578347988808e-17 -1.0,
            -0.8037956891870182 -0.3329430758382932 -0.49301257417605815,
            -0.8037956891870182 -0.3329430758382932 -0.49301257417605815,
            -1.0058545042378114e-16 -1.6921578347988808e-17 -1.0,
            -0.8700221846046778 -2.253450969960904e-16 -0.49301257417605876,
            -0.8700221846046778 -2.253450969960904e-16 -0.49301257417605876,
            -1.0058545042378114e-16 -1.6921578347988808e-17 -1.0,
            -0.803795689187018 0.33294307583829325 -0.4930125741760583,
            -0.803795689187018 0.33294307583829325 -0.4930125741760583,
            -1.0058545042378114e-16 -1.6921578347988808e-17 -1.0,
            -0.6151985865167034 0.6151985865167009 -0.4930125741760583,
            -0.6151985865167034 0.6151985865167009 -0.4930125741760583,
            -1.0058545042378114e-16 -1.6921578347988808e-17 -1.0,
            -0.3329430758382933 0.8037956891870178 -0.4930125741760585,
            -0.3329430758382933 0.8037956891870178 -0.4930125741760585,
            -1.0058545042378114e-16 -1.6921578347988808e-17 -1.0,
            -3.239335769318797e-16 0.8700221846046781 -0.4930125741760585,
            -3.239335769318797e-16 0.8700221846046781 -0.4930125741760585,
            -1.0058545042378114e-16 -1.6921578347988808e-17 -1.0,
            0.3329430758382911 0.8037956891870188 -0.4930125741760583,
            0.3329430758382911 0.8037956891870188 -0.4930125741760583,
            -1.0058545042378114e-16 -1.6921578347988808e-17 -1.0,
            0.6151985865167018 0.6151985865167026 -0.4930125741760584,
            0.6151985865167018 0.6151985865167026 -0.4930125741760584,
            -1.0058545042378114e-16 -1.6921578347988808e-17 -1.0,
            0.8037956891870184 0.33294307583829164 -0.4930125741760586,
            0.8037956891870184 0.33294307583829164 -0.4930125741760586,
            -1.0058545042378114e-16 -1.6921578347988808e-17 -1.0 ]
        }
        normalIndex [
          291, 295, 359, 355, -1,
          293, 352, 490, 487, -1,
          290, 354, 414, 350, -1,
          292, 486, 482, 296, -1,
          294, 299, 363, 358, -1,
          297, 483, 543, 301, -1,
          298, 303, 367, 362, -1,
          300, 542, 539, 305, -1,
          302, 307, 371, 366, -1,
          304, 538, 535, 309, -1,
          306, 311, 375, 370, -1,
          308, 534, 531, 313, -1,
          310, 315, 379, 374, -1,
          312, 530, 527, 317, -1,
          314, 319, 383, 378, -1,
          316, 526, 523, 321, -1,
          318, 323, 387, 382, -1,
          320, 522, 519, 325, -1,
          322, 327, 391, 386, -1,
          324, 518, 515, 329, -1,
          326, 331, 395, 390, -1,
          328, 514, 511, 333, -1,
          330, 335, 399, 394, -1,
          332, 510, 507, 337, -1,
          334, 339, 403, 398, -1,
          336, 506, 503, 341, -1,
          338, 343, 407, 402, -1,
          340, 502, 499, 345, -1,
          342, 347, 411, 406, -1,
          344, 498, 495, 349, -1,
          346, 351, 415, 410, -1,
          348, 494, 491, 353, -1,
          356, 360, 422, 418, -1,
          357, 419, 479, 417, -1,
          361, 364, 426, 423, -1,
          365, 368, 430, 427, -1,
          369, 372, 434, 431, -1,
          373, 376, 438, 435, -1,
          377, 380, 442, 439, -1,
          381, 384, 446, 443, -1,
          385, 388, 450, 447, -1,
          389, 392, 454, 451, -1,
          393, 396, 458, 455, -1,
          397, 400, 462, 459, -1,
          401, 404, 466, 463, -1,
          405, 408, 470, 467, -1,
          409, 412, 474, 471, -1,
          413, 416, 478, 475, -1,
          420, 424, 549, 546, -1,
          421, 547, 592, 481, -1,
          425, 428, 552, 550, -1,
          429, 432, 555, 553, -1,
          433, 436, 558, 556, -1,
          437, 440, 561, 559, -1,
          441, 444, 564, 562, -1,
          445, 448, 567, 565, -1,
          449, 452, 570, 568, -1,
          453, 456, 573, 571, -1,
          457, 460, 576, 574, -1,
          461, 464, 579, 577, -1,
          465, 468, 582, 580, -1,
          469, 472, 585, 583, -1,
          473, 476, 588, 586, -1,
          477, 480, 591, 589, -1,
          484, 488, 597, 594, -1,
          485, 595, 640, 545, -1,
          489, 492, 600, 598, -1,
          493, 496, 603, 601, -1,
          497, 500, 606, 604, -1,
          501, 504, 609, 607, -1,
          505, 508, 612, 610, -1,
          509, 512, 615, 613, -1,
          513, 516, 618, 616, -1,
          517, 520, 621, 619, -1,
          521, 524, 624, 622, -1,
          525, 528, 627, 625, -1,
          529, 532, 630, 628, -1,
          533, 536, 633, 631, -1,
          537, 540, 636, 634, -1,
          541, 544, 639, 637, -1,
          548, 551, 554, 557, 560, 563, 566, 569, 572, 575, 578, 581, 584, 587, 590, 593, -1,
          596, 599, 602, 605, 608, 611, 614, 617, 620, 623, 626, 629, 632, 635, 638, 641, -1,
          643, 647, 711, 707, -1,
          645, 705, 128, 113, -1,
          642, 706, 766, 702, -1,
          644, 113, 114, 648, -1,
          646, 651, 715, 710, -1,
          649, 114, 115, 652, -1,
          650, 655, 719, 714, -1,
          653, 115, 116, 656, -1,
          654, 659, 723, 718, -1,
          657, 116, 117, 660, -1,
          658, 663, 727, 722, -1,
          661, 117, 118, 664, -1,
          662, 667, 731, 726, -1,
          665, 118, 119, 668, -1,
          666, 671, 735, 730, -1,
          669, 119, 120, 672, -1,
          670, 675, 739, 734, -1,
          673, 120, 121, 676, -1,
          674, 679, 743, 738, -1,
          677, 121, 122, 680, -1,
          678, 683, 747, 742, -1,
          681, 122, 123, 684, -1,
          682, 687, 751, 746, -1,
          685, 123, 124, 688, -1,
          686, 691, 755, 750, -1,
          689, 124, 125, 692, -1,
          690, 695, 759, 754, -1,
          693, 125, 126, 696, -1,
          694, 699, 763, 758, -1,
          697, 126, 127, 700, -1,
          698, 703, 767, 762, -1,
          701, 127, 128, 704, -1,
          0, 1, 112, -1,
          0, 15, 31, 16, -1,
          0, 16, 17, 1, -1,
          0, 112, 15, -1,
          1, 2, 112, -1,
          1, 17, 18, 2, -1,
          2, 3, 112, -1,
          2, 18, 19, 3, -1,
          3, 4, 112, -1,
          3, 19, 20, 4, -1,
          4, 5, 112, -1,
          4, 20, 21, 5, -1,
          5, 6, 112, -1,
          5, 21, 22, 6, -1,
          6, 7, 112, -1,
          6, 22, 23, 7, -1,
          7, 8, 112, -1,
          7, 23, 24, 8, -1,
          8, 9, 112, -1,
          8, 24, 25, 9, -1,
          9, 10, 112, -1,
          9, 25, 26, 10, -1,
          10, 11, 112, -1,
          10, 26, 27, 11, -1,
          11, 12, 112, -1,
          11, 27, 28, 12, -1,
          12, 13, 112, -1,
          12, 28, 29, 13, -1,
          13, 14, 112, -1,
          13, 29, 30, 14, -1,
          14, 15, 112, -1,
          14, 30, 31, 15, -1,
          16, 31, 47, 32, -1,
          16, 32, 33, 17, -1,
          17, 33, 34, 18, -1,
          18, 34, 35, 19, -1,
          19, 35, 36, 20, -1,
          20, 36, 37, 21, -1,
          21, 37, 38, 22, -1,
          22, 38, 39, 23, -1,
          23, 39, 40, 24, -1,
          24, 40, 41, 25, -1,
          25, 41, 42, 26, -1,
          26, 42, 43, 27, -1,
          27, 43, 44, 28, -1,
          28, 44, 45, 29, -1,
          29, 45, 46, 30, -1,
          30, 46, 47, 31, -1,
          32, 47, 63, 48, -1,
          32, 48, 49, 33, -1,
          33, 49, 50, 34, -1,
          34, 50, 51, 35, -1,
          35, 51, 52, 36, -1,
          36, 52, 53, 37, -1,
          37, 53, 54, 38, -1,
          38, 54, 55, 39, -1,
          39, 55, 56, 40, -1,
          40, 56, 57, 41, -1,
          41, 57, 58, 42, -1,
          42, 58, 59, 43, -1,
          43, 59, 60, 44, -1,
          44, 60, 61, 45, -1,
          45, 61, 62, 46, -1,
          46, 62, 63, 47, -1,
          48, 63, 79, 64, -1,
          48, 64, 65, 49, -1,
          49, 65, 66, 50, -1,
          50, 66, 67, 51, -1,
          51, 67, 68, 52, -1,
          52, 68, 69, 53, -1,
          53, 69, 70, 54, -1,
          54, 70, 71, 55, -1,
          55, 71, 72, 56, -1,
          56, 72, 73, 57, -1,
          57, 73, 74, 58, -1,
          58, 74, 75, 59, -1,
          59, 75, 76, 60, -1,
          60, 76, 77, 61, -1,
          61, 77, 78, 62, -1,
          62, 78, 79, 63, -1,
          64, 79, 95, 80, -1,
          64, 80, 81, 65, -1,
          65, 81, 82, 66, -1,
          66, 82, 83, 67, -1,
          67, 83, 84, 68, -1,
          68, 84, 85, 69, -1,
          69, 85, 86, 70, -1,
          70, 86, 87, 71, -1,
          71, 87, 88, 72, -1,
          72, 88, 89, 73, -1,
          73, 89, 90, 74, -1,
          74, 90, 91, 75, -1,
          75, 91, 92, 76, -1,
          76, 92, 93, 77, -1,
          77, 93, 94, 78, -1,
          78, 94, 95, 79, -1,
          80, 95, 111, 96, -1,
          80, 96, 97, 81, -1,
          81, 97, 98, 82, -1,
          82, 98, 99, 83, -1,
          83, 99, 100, 84, -1,
          84, 100, 101, 85, -1,
          85, 101, 102, 86, -1,
          86, 102, 103, 87, -1,
          87, 103, 104, 88, -1,
          88, 104, 105, 89, -1,
          89, 105, 106, 90, -1,
          90, 106, 107, 91, -1,
          91, 107, 108, 92, -1,
          92, 108, 109, 93, -1,
          93, 109, 110, 94, -1,
          94, 110, 111, 95, -1,
          96, 111, 769, 709, -1,
          96, 708, 712, 97, -1,
          97, 713, 716, 98, -1,
          98, 717, 720, 99, -1,
          99, 721, 724, 100, -1,
          100, 725, 728, 101, -1,
          101, 729, 732, 102, -1,
          102, 733, 736, 103, -1,
          103, 737, 740, 104, -1,
          104, 741, 744, 105, -1,
          105, 745, 748, 106, -1,
          106, 749, 752, 107, -1,
          107, 753, 756, 108, -1,
          108, 757, 760, 109, -1,
          109, 761, 764, 110, -1,
          110, 765, 768, 111, -1,
          113, 128, 144, 129, -1,
          113, 129, 130, 114, -1,
          114, 130, 131, 115, -1,
          115, 131, 132, 116, -1,
          116, 132, 133, 117, -1,
          117, 133, 134, 118, -1,
          118, 134, 135, 119, -1,
          119, 135, 136, 120, -1,
          120, 136, 137, 121, -1,
          121, 137, 138, 122, -1,
          122, 138, 139, 123, -1,
          123, 139, 140, 124, -1,
          124, 140, 141, 125, -1,
          125, 141, 142, 126, -1,
          126, 142, 143, 127, -1,
          127, 143, 144, 128, -1,
          129, 144, 831, 771, -1,
          129, 770, 774, 130, -1,
          130, 775, 778, 131, -1,
          131, 779, 782, 132, -1,
          132, 783, 786, 133, -1,
          133, 787, 790, 134, -1,
          134, 791, 794, 135, -1,
          135, 795, 798, 136, -1,
          136, 799, 802, 137, -1,
          137, 803, 806, 138, -1,
          138, 807, 810, 139, -1,
          139, 811, 814, 140, -1,
          140, 815, 818, 141, -1,
          141, 819, 822, 142, -1,
          142, 823, 826, 143, -1,
          143, 827, 830, 144, -1,
          773, 833, 895, 835, -1,
          772, 834, 838, 776, -1,
          777, 839, 842, 780, -1,
          781, 843, 846, 784, -1,
          785, 847, 850, 788, -1,
          789, 851, 854, 792, -1,
          793, 855, 858, 796, -1,
          797, 859, 862, 800, -1,
          801, 863, 866, 804, -1,
          805, 867, 870, 808, -1,
          809, 871, 874, 812, -1,
          813, 875, 878, 816, -1,
          817, 879, 882, 820, -1,
          821, 883, 886, 824, -1,
          825, 887, 890, 828, -1,
          829, 891, 894, 832, -1,
          837, 897, 944, 899, -1,
          836, 898, 901, 840, -1,
          841, 902, 904, 844, -1,
          845, 905, 907, 848, -1,
          849, 908, 910, 852, -1,
          853, 911, 913, 856, -1,
          857, 914, 916, 860, -1,
          861, 917, 919, 864, -1,
          865, 920, 922, 868, -1,
          869, 923, 925, 872, -1,
          873, 926, 928, 876, -1,
          877, 929, 931, 880, -1,
          881, 932, 934, 884, -1,
          885, 935, 937, 888, -1,
          889, 938, 940, 892, -1,
          893, 941, 943, 896, -1,
          900, 945, 942, 939, 936, 933, 930, 927, 924, 921, 918, 915, 912, 909, 906, 903, -1,
          948, 952, 259, 258, -1,
          946, 1006, 1070, 1010, -1,
          947, 1011, 1015, 951, -1,
          949, 258, 273, 1009, -1,
          953, 956, 260, 259, -1,
          950, 1014, 1019, 955, -1,
          957, 960, 261, 260, -1,
          954, 1018, 1023, 959, -1,
          961, 964, 262, 261, -1,
          958, 1022, 1027, 963, -1,
          965, 968, 263, 262, -1,
          962, 1026, 1031, 967, -1,
          969, 972, 264, 263, -1,
          966, 1030, 1035, 971, -1,
          973, 976, 265, 264, -1,
          970, 1034, 1039, 975, -1,
          977, 980, 266, 265, -1,
          974, 1038, 1043, 979, -1,
          981, 984, 267, 266, -1,
          978, 1042, 1047, 983, -1,
          985, 988, 268, 267, -1,
          982, 1046, 1051, 987, -1,
          989, 992, 269, 268, -1,
          986, 1050, 1055, 991, -1,
          993, 996, 270, 269, -1,
          990, 1054, 1059, 995, -1,
          997, 1000, 271, 270, -1,
          994, 1058, 1063, 999, -1,
          1001, 1004, 272, 271, -1,
          998, 1062, 1067, 1003, -1,
          1005, 1008, 273, 272, -1,
          1002, 1066, 1071, 1007, -1,
          145, 146, 162, 161, -1,
          145, 160, 257, -1,
          145, 161, 176, 160, -1,
          145, 257, 146, -1,
          146, 147, 163, 162, -1,
          146, 257, 147, -1,
          147, 148, 164, 163, -1,
          147, 257, 148, -1,
          148, 149, 165, 164, -1,
          148, 257, 149, -1,
          149, 150, 166, 165, -1,
          149, 257, 150, -1,
          150, 151, 167, 166, -1,
          150, 257, 151, -1,
          151, 152, 168, 167, -1,
          151, 257, 152, -1,
          152, 153, 169, 168, -1,
          152, 257, 153, -1,
          153, 154, 170, 169, -1,
          153, 257, 154, -1,
          154, 155, 171, 170, -1,
          154, 257, 155, -1,
          155, 156, 172, 171, -1,
          155, 257, 156, -1,
          156, 157, 173, 172, -1,
          156, 257, 157, -1,
          157, 158, 174, 173, -1,
          157, 257, 158, -1,
          158, 159, 175, 174, -1,
          158, 257, 159, -1,
          159, 160, 176, 175, -1,
          159, 257, 160, -1,
          161, 162, 178, 177, -1,
          161, 177, 192, 176, -1,
          162, 163, 179, 178, -1,
          163, 164, 180, 179, -1,
          164, 165, 181, 180, -1,
          165, 166, 182, 181, -1,
          166, 167, 183, 182, -1,
          167, 168, 184, 183, -1,
          168, 169, 185, 184, -1,
          169, 170, 186, 185, -1,
          170, 171, 187, 186, -1,
          171, 172, 188, 187, -1,
          172, 173, 189, 188, -1,
          173, 174, 190, 189, -1,
          174, 175, 191, 190, -1,
          175, 176, 192, 191, -1,
          177, 178, 194, 193, -1,
          177, 193, 208, 192, -1,
          178, 179, 195, 194, -1,
          179, 180, 196, 195, -1,
          180, 181, 197, 196, -1,
          181, 182, 198, 197, -1,
          182, 183, 199, 198, -1,
          183, 184, 200, 199, -1,
          184, 185, 201, 200, -1,
          185, 186, 202, 201, -1,
          186, 187, 203, 202, -1,
          187, 188, 204, 203, -1,
          188, 189, 205, 204, -1,
          189, 190, 206, 205, -1,
          190, 191, 207, 206, -1,
          191, 192, 208, 207, -1,
          193, 194, 210, 209, -1,
          193, 209, 224, 208, -1,
          194, 195, 211, 210, -1,
          195, 196, 212, 211, -1,
          196, 197, 213, 212, -1,
          197, 198, 214, 213, -1,
          198, 199, 215, 214, -1,
          199, 200, 216, 215, -1,
          200, 201, 217, 216, -1,
          201, 202, 218, 217, -1,
          202, 203, 219, 218, -1,
          203, 204, 220, 219, -1,
          204, 205, 221, 220, -1,
          205, 206, 222, 221, -1,
          206, 207, 223, 222, -1,
          207, 208, 224, 223, -1,
          209, 210, 226, 225, -1,
          209, 225, 240, 224, -1,
          210, 211, 227, 226, -1,
          211, 212, 228, 227, -1,
          212, 213, 229, 228, -1,
          213, 214, 230, 229, -1,
          214, 215, 231, 230, -1,
          215, 216, 232, 231, -1,
          216, 217, 233, 232, -1,
          217, 218, 234, 233, -1,
          218, 219, 235, 234, -1,
          219, 220, 236, 235, -1,
          220, 221, 237, 236, -1,
          221, 222, 238, 237, -1,
          222, 223, 239, 238, -1,
          223, 224, 240, 239, -1,
          225, 226, 242, 241, -1,
          225, 241, 256, 240, -1,
          226, 227, 243, 242, -1,
          227, 228, 244, 243, -1,
          228, 229, 245, 244, -1,
          229, 230, 246, 245, -1,
          230, 231, 247, 246, -1,
          231, 232, 248, 247, -1,
          232, 233, 249, 248, -1,
          233, 234, 250, 249, -1,
          234, 235, 251, 250, -1,
          235, 236, 252, 251, -1,
          236, 237, 253, 252, -1,
          237, 238, 254, 253, -1,
          238, 239, 255, 254, -1,
          239, 240, 256, 255, -1,
          241, 242, 1016, 1012, -1,
          241, 1013, 1073, 256, -1,
          242, 243, 1020, 1017, -1,
          243, 244, 1024, 1021, -1,
          244, 245, 1028, 1025, -1,
          245, 246, 1032, 1029, -1,
          246, 247, 1036, 1033, -1,
          247, 248, 1040, 1037, -1,
          248, 249, 1044, 1041, -1,
          249, 250, 1048, 1045, -1,
          250, 251, 1052, 1049, -1,
          251, 252, 1056, 1053, -1,
          252, 253, 1060, 1057, -1,
          253, 254, 1064, 1061, -1,
          254, 255, 1068, 1065, -1,
          255, 256, 1072, 1069, -1,
          258, 259, 275, 274, -1,
          258, 274, 289, 273, -1,
          259, 260, 276, 275, -1,
          260, 261, 277, 276, -1,
          261, 262, 278, 277, -1,
          262, 263, 279, 278, -1,
          263, 264, 280, 279, -1,
          264, 265, 281, 280, -1,
          265, 266, 282, 281, -1,
          266, 267, 283, 282, -1,
          267, 268, 284, 283, -1,
          268, 269, 285, 284, -1,
          269, 270, 286, 285, -1,
          270, 271, 287, 286, -1,
          271, 272, 288, 287, -1,
          272, 273, 289, 288, -1,
          274, 275, 1078, 1074, -1,
          274, 1075, 1135, 289, -1,
          275, 276, 1082, 1079, -1,
          276, 277, 1086, 1083, -1,
          277, 278, 1090, 1087, -1,
          278, 279, 1094, 1091, -1,
          279, 280, 1098, 1095, -1,
          280, 281, 1102, 1099, -1,
          281, 282, 1106, 1103, -1,
          282, 283, 1110, 1107, -1,
          283, 284, 1114, 1111, -1,
          284, 285, 1118, 1115, -1,
          285, 286, 1122, 1119, -1,
          286, 287, 1126, 1123, -1,
          287, 288, 1130, 1127, -1,
          288, 289, 1134, 1131, -1,
          1076, 1080, 1142, 1138, -1,
          1077, 1139, 1199, 1137, -1,
          1081, 1084, 1146, 1143, -1,
          1085, 1088, 1150, 1147, -1,
          1089, 1092, 1154, 1151, -1,
          1093, 1096, 1158, 1155, -1,
          1097, 1100, 1162, 1159, -1,
          1101, 1104, 1166, 1163, -1,
          1105, 1108, 1170, 1167, -1,
          1109, 1112, 1174, 1171, -1,
          1113, 1116, 1178, 1175, -1,
          1117, 1120, 1182, 1179, -1,
          1121, 1124, 1186, 1183, -1,
          1125, 1128, 1190, 1187, -1,
          1129, 1132, 1194, 1191, -1,
          1133, 1136, 1198, 1195, -1,
          1140, 1144, 1205, 1202, -1,
          1141, 1203, 1248, 1201, -1,
          1145, 1148, 1208, 1206, -1,
          1149, 1152, 1211, 1209, -1,
          1153, 1156, 1214, 1212, -1,
          1157, 1160, 1217, 1215, -1,
          1161, 1164, 1220, 1218, -1,
          1165, 1168, 1223, 1221, -1,
          1169, 1172, 1226, 1224, -1,
          1173, 1176, 1229, 1227, -1,
          1177, 1180, 1232, 1230, -1,
          1181, 1184, 1235, 1233, -1,
          1185, 1188, 1238, 1236, -1,
          1189, 1192, 1241, 1239, -1,
          1193, 1196, 1244, 1242, -1,
          1197, 1200, 1247, 1245, -1,
          1204, 1207, 1210, 1213, 1216, 1219, 1222, 1225, 1228, 1231, 1234, 1237, 1240, 1243, 1246, 1249, -1 ]
      }
    }

  ]
}

