#VRML V2.0 utf8
#Exported from Wings 3D 2.4.1
DEF Cylinder7_copy16 Transform {
  children [
    Shape {
      appearance Appearance {
        material DEF pins Material {
          diffuseColor 0.6 0.6 0.6
          emissiveColor 0.0 0.0 0.0
          specularColor 0.5999999905136262 0.5999999905136262 0.5999999905136262
          ambientIntensity 1.0
          transparency 0.0
          shininess 0.5
        }
      }
      geometry IndexedFaceSet {
        normalPerVertex TRUE
        coord Coordinate {
          point [
            2.3600000725897696 -0.9055001795180756 0.6,
            2.3721793473879638 -0.8442708303396612 0.6,
            2.4068629875999217 -0.792363094528228 0.6,
            2.458770723411355 -0.7576794543162698 0.6,
            2.5200000725897693 -0.7455001795180757 0.6,
            2.581229421768184 -0.7576794543162698 0.6,
            2.633137157579617 -0.792363094528228 0.6,
            2.6678207977915753 -0.8442708303396612 0.6,
            2.6800000725897695 -0.9055001795180756 0.6,
            2.6678207977915753 -0.9667295286964899 0.6,
            2.633137157579617 -1.0186372645079234 0.6,
            2.581229421768184 -1.0533209047198817 0.6,
            2.5200000725897693 -1.0655001795180759 0.6,
            2.458770723411355 -1.0533209047198817 0.6,
            2.4068629875999217 -1.0186372645079234 0.6,
            2.3721793473879638 -0.9667295286964903 0.6,
            2.3600000725897696 -0.9055001795180756 -1.0,
            2.3721793473879638 -0.8442708303396612 -1.0,
            2.4068629875999217 -0.792363094528228 -1.0,
            2.458770723411355 -0.7576794543162696 -1.0,
            2.5200000725897693 -0.7455001795180755 -1.0,
            2.581229421768184 -0.7576794543162696 -1.0,
            2.633137157579617 -0.792363094528228 -1.0,
            2.6678207977915753 -0.8442708303396612 -1.0,
            2.6800000725897695 -0.9055001795180756 -1.0,
            2.6678207977915753 -0.9667295286964899 -1.0,
            2.633137157579617 -1.0186372645079234 -1.0,
            2.581229421768184 -1.0533209047198813 -1.0,
            2.5200000725897693 -1.0655001795180754 -1.0,
            2.458770723411355 -1.0533209047198813 -1.0,
            2.4068629875999217 -1.0186372645079234 -1.0,
            2.3721793473879638 -0.9667295286964899 -1.0 ]
        }
        coordIndex [
          0, 1, 17, 16, -1,
          0, 15, 14, 13, 12, 11, 10, 9, 8, 7, 6, 5, 4, 3, 2, 1, -1,
          0, 16, 31, 15, -1,
          1, 2, 18, 17, -1,
          2, 3, 19, 18, -1,
          3, 4, 20, 19, -1,
          4, 5, 21, 20, -1,
          5, 6, 22, 21, -1,
          6, 7, 23, 22, -1,
          7, 8, 24, 23, -1,
          8, 9, 25, 24, -1,
          9, 10, 26, 25, -1,
          10, 11, 27, 26, -1,
          11, 12, 28, 27, -1,
          12, 13, 29, 28, -1,
          13, 14, 30, 29, -1,
          14, 15, 31, 30, -1,
          16, 17, 18, 19, 20, 21, 22, 23, 24, 25, 26, 27, 28, 29, 30, 31, -1 ]
        normal Normal {
          vector [
            0.0 0.0 1.0,
            -1.0 1.980953764207435e-16 -1.3833773486406895e-17,
            -1.0 1.980953764207435e-16 -1.3833773486406895e-17,
            0.0 0.0 1.0,
            -0.9238795325112876 0.3826834323650875 0.0,
            -0.9238795325112876 0.3826834323650875 0.0,
            0.0 0.0 1.0,
            -0.7071067811865485 0.7071067811865467 2.932759979118262e-17,
            -0.7071067811865485 0.7071067811865467 2.932759979118262e-17,
            0.0 0.0 1.0,
            -0.382683432365089 0.9238795325112871 9.877314269294554e-17,
            -0.382683432365089 0.9238795325112871 9.877314269294554e-17,
            0.0 0.0 1.0,
            -6.933338174726022e-16 1.0 1.3889108580352546e-16,
            -6.933338174726022e-16 1.0 1.3889108580352546e-16,
            0.0 0.0 1.0,
            0.3826834323650902 0.9238795325112866 9.877314269294528e-17,
            0.3826834323650902 0.9238795325112866 9.877314269294528e-17,
            0.0 0.0 1.0,
            0.7071067811865477 0.7071067811865474 2.9327599791182763e-17,
            0.7071067811865477 0.7071067811865474 2.9327599791182763e-17,
            0.0 0.0 1.0,
            0.9238795325112865 0.3826834323650902 0.0,
            0.9238795325112865 0.3826834323650902 0.0,
            0.0 0.0 1.0,
            1.0 -1.5564636718772706e-16 0.0,
            1.0 -1.5564636718772706e-16 0.0,
            0.0 0.0 1.0,
            0.9238795325112868 -0.3826834323650895 0.0,
            0.9238795325112868 -0.3826834323650895 0.0,
            0.0 0.0 1.0,
            0.7071067811865479 -0.7071067811865472 -5.920855052182188e-17,
            0.7071067811865479 -0.7071067811865472 -5.920855052182188e-17,
            0.0 0.0 1.0,
            0.38268343236508956 -0.9238795325112868 -1.9782296085561874e-16,
            0.38268343236508956 -0.9238795325112868 -1.9782296085561874e-16,
            0.0 0.0 1.0,
            -6.933338174726022e-16 -1.0 -2.7750549613732283e-16,
            -6.933338174726022e-16 -1.0 -2.7750549613732283e-16,
            0.0 0.0 1.0,
            -0.38268343236508834 -0.9238795325112874 -1.9809963632534738e-16,
            -0.38268343236508834 -0.9238795325112874 -1.9809963632534738e-16,
            0.0 0.0 1.0,
            -0.707106781186548 -0.7071067811865472 -9.84964672232174e-17,
            -0.707106781186548 -0.7071067811865472 -9.84964672232174e-17,
            0.0 0.0 1.0,
            -0.9238795325112877 -0.3826834323650874 -5.312169018780265e-17,
            -0.9238795325112877 -0.3826834323650874 -5.312169018780265e-17,
            0.0 0.0 -1.0,
            -1.0 1.980953764207435e-16 -1.3833773486406895e-17,
            -1.0 1.980953764207435e-16 -1.3833773486406895e-17,
            0.0 0.0 -1.0,
            -0.9238795325112876 0.3826834323650875 0.0,
            -0.9238795325112876 0.3826834323650875 0.0,
            0.0 0.0 -1.0,
            -0.7071067811865485 0.7071067811865467 2.932759979118262e-17,
            -0.7071067811865485 0.7071067811865467 2.932759979118262e-17,
            0.0 0.0 -1.0,
            -0.382683432365089 0.9238795325112871 9.877314269294554e-17,
            -0.382683432365089 0.9238795325112871 9.877314269294554e-17,
            0.0 0.0 -1.0,
            -6.933338174726022e-16 1.0 1.3889108580352546e-16,
            -6.933338174726022e-16 1.0 1.3889108580352546e-16,
            0.0 0.0 -1.0,
            0.3826834323650902 0.9238795325112866 9.877314269294528e-17,
            0.3826834323650902 0.9238795325112866 9.877314269294528e-17,
            0.0 0.0 -1.0,
            0.7071067811865477 0.7071067811865474 2.9327599791182763e-17,
            0.7071067811865477 0.7071067811865474 2.9327599791182763e-17,
            0.0 0.0 -1.0,
            0.9238795325112865 0.3826834323650902 0.0,
            0.9238795325112865 0.3826834323650902 0.0,
            0.0 0.0 -1.0,
            1.0 -1.5564636718772706e-16 0.0,
            1.0 -1.5564636718772706e-16 0.0,
            0.0 0.0 -1.0,
            0.9238795325112868 -0.3826834323650895 0.0,
            0.9238795325112868 -0.3826834323650895 0.0,
            0.0 0.0 -1.0,
            0.7071067811865479 -0.7071067811865472 -5.920855052182188e-17,
            0.7071067811865479 -0.7071067811865472 -5.920855052182188e-17,
            0.0 0.0 -1.0,
            0.38268343236508956 -0.9238795325112868 -1.9782296085561874e-16,
            0.38268343236508956 -0.9238795325112868 -1.9782296085561874e-16,
            0.0 0.0 -1.0,
            -6.933338174726022e-16 -1.0 -2.7750549613732283e-16,
            -6.933338174726022e-16 -1.0 -2.7750549613732283e-16,
            0.0 0.0 -1.0,
            -0.38268343236508834 -0.9238795325112874 -1.9809963632534738e-16,
            -0.38268343236508834 -0.9238795325112874 -1.9809963632534738e-16,
            0.0 0.0 -1.0,
            -0.707106781186548 -0.7071067811865472 -9.84964672232174e-17,
            -0.707106781186548 -0.7071067811865472 -9.84964672232174e-17,
            0.0 0.0 -1.0,
            -0.9238795325112877 -0.3826834323650874 -5.312169018780265e-17,
            -0.9238795325112877 -0.3826834323650874 -5.312169018780265e-17 ]
        }
        normalIndex [
          2, 5, 53, 50, -1,
          0, 45, 42, 39, 36, 33, 30, 27, 24, 21, 18, 15, 12, 9, 6, 3, -1,
          1, 49, 94, 46, -1,
          4, 8, 56, 52, -1,
          7, 11, 59, 55, -1,
          10, 14, 62, 58, -1,
          13, 17, 65, 61, -1,
          16, 20, 68, 64, -1,
          19, 23, 71, 67, -1,
          22, 26, 74, 70, -1,
          25, 29, 77, 73, -1,
          28, 32, 80, 76, -1,
          31, 35, 83, 79, -1,
          34, 38, 86, 82, -1,
          37, 41, 89, 85, -1,
          40, 44, 92, 88, -1,
          43, 47, 95, 91, -1,
          48, 51, 54, 57, 60, 63, 66, 69, 72, 75, 78, 81, 84, 87, 90, 93, -1 ]
      }
    }
    ,
    Shape {
      appearance Appearance {
        material DEF body Material {
          diffuseColor 0.1 0.1 1.0
          emissiveColor 0.0 0.0 0.0
          specularColor 0.1 0.1 1.0
          ambientIntensity 1.0
          transparency 0.0
          shininess 0.5
        }
      }
      geometry IndexedFaceSet {
        normalPerVertex TRUE
        coord Coordinate {
          point [
            2.2199997379597143 -0.9054997385780755 0.9753870067719979,
            2.242835878206328 -0.7906947088685486 0.9753870067719976,
            2.3078677036037503 -0.6933677042221115 0.9753870067719976,
            2.4051947082501877 -0.6283358788246899 0.9753870067719976,
            2.5199997379597145 -0.6054997385780757 0.9753870067719976,
            2.6348047676692414 -0.6283358788246899 0.9753870067719976,
            2.7321317723156784 -0.6933677042221115 0.9753870067719976,
            2.7971635977131 -0.7906947088685486 0.9753870067719979,
            2.8199997379597144 -0.9054997385780755 0.9753870067719976,
            2.7971635977131 -1.0203047682876025 0.9753870067719979,
            2.7321317723156784 -1.11763177293404 0.9753870067719976,
            2.6348047676692414 -1.1826635983314617 0.9753870067719976,
            2.5199997379597145 -1.2054997385780755 0.9753870067719976,
            2.405194708250187 -1.1826635983314617 0.9753870067719976,
            2.3078677036037503 -1.11763177293404 0.9753870067719976,
            2.2428358782063285 -1.020304768287603 0.9753870067719979,
            2.220000237979659 -0.9054997385780758 0.4000000135439956,
            2.2428363782262726 -0.7906947088685486 0.4000000135439956,
            2.307868203623695 -0.6933677042221117 0.4000000135439954,
            2.4051952082701322 -0.6283358788246899 0.4000000135439954,
            2.520000237979659 -0.6054997385780759 0.4000000135439956,
            2.634805267689186 -0.6283358788246899 0.4000000135439956,
            2.732132272335623 -0.6933677042221117 0.4000000135439956,
            2.7971640977330448 -0.7906947088685486 0.4000000135439956,
            2.820000237979659 -0.9054997385780755 0.4000000135439954,
            2.7971640977330448 -1.0203047682876025 0.4000000135439956,
            2.732132272335623 -1.11763177293404 0.4000000135439956,
            2.6348052676891864 -1.1826635983314617 0.4000000135439954,
            2.520000237979659 -1.2054997385780755 0.4000000135439956,
            2.4051952082701322 -1.1826635983314617 0.4000000135439954,
            2.307868203623695 -1.11763177293404 0.4000000135439954,
            2.242836378226273 -1.020304768287603 0.4000000135439956,
            2.390000238979659 -0.9054997385780755 0.10000001354399557,
            2.399895899677071 -0.8557508927532974 0.10000001354399546,
            2.4280763571325146 -0.8135758577309312 0.10000001354399546,
            2.4702513921548808 -0.7853954002754878 0.10000001354399546,
            2.5200002379796587 -0.7754997395780757 0.10000001354399546,
            2.569749083804437 -0.7853954002754878 0.10000001354399546,
            2.611924118826803 -0.8135758577309312 0.10000001354399546,
            2.6401045762822464 -0.8557508927532974 0.10000001354399568,
            2.650000236979659 -0.9054997385780755 0.10000001354399546,
            2.6401045762822464 -0.955248584402854 0.10000001354399568,
            2.611924118826803 -0.9974236194252197 0.10000001354399546,
            2.5697490838044375 -1.0256040768806634 0.10000001354399546,
            2.5200002379796587 -1.0354997375780755 0.10000001354399546,
            2.4702513921548808 -1.0256040768806634 0.10000001354399535,
            2.4280763571325146 -0.9974236194252202 0.10000001354399546,
            2.399895899677071 -0.955248584402854 0.10000001354399568,
            2.2470466200197916 -0.800796368232631 0.9880535110571662,
            2.224557412056052 -0.9145458454601892 1.0040839852731476,
            2.2470466200197916 -1.0269181349181096 1.027924879449281,
            2.311090465863709 -1.120805574193762 1.0559466335654935,
            2.4069388546169757 -1.1819146517491872 1.083883189575426,
            2.5199997379597145 -1.200942064481738 1.1074814600720768,
            2.633060621302454 -1.1749910612868095 1.1231488222911858,
            2.72890901005572 -1.1080124471544004 1.1285000623598858,
            2.7929528558996375 -1.0102031089235204 1.1227205024868294,
            2.8154420638633773 -0.8964536316959618 1.106690028270848,
            2.7929528558996375 -0.7840813422380423 1.082849134094715,
            2.72890901005572 -0.6901939029623892 1.0548273799785022,
            2.633060621302454 -0.6290848254069644 1.0268908239685697,
            2.5199997379597145 -0.6100574126744135 1.0032925534719186,
            2.4069388546169757 -0.6360084158693416 0.9876251912528096,
            2.311090465863709 -0.7029870300017512 0.9822739511841097,
            2.248993875817093 -0.8084514914854849 1.0028122875029726,
            2.224062666820556 -0.9184096186122527 1.0342658921408034,
            2.2420702853547154 -1.0243195548761312 1.0807470197441436,
            2.300275234737213 -1.1100574725569057 1.135179339987854,
            2.389816339053743 -1.1625705509038398 1.1892760255450434,
            2.4970617768642467 -1.1738641497708524 1.2348013464273042,
            2.605684402444389 -1.1422189211071696 1.2648244852183748,
            2.699147405716146 -1.0724525641121254 1.2747746911977438,
            2.763221891675627 -0.9751863742046132 1.263137135703896,
            2.788153100672164 -0.8652282470778453 1.2316835310660652,
            2.770145482138004 -0.7593183108139675 1.1852024034627258,
            2.7119405327555075 -0.6735803931331922 1.1307700832190142,
            2.6223994284389773 -0.6210673147862583 1.0766733976618252,
            2.515153990628474 -0.6097737159192457 1.0311480767795642,
            2.4065313650483318 -0.6414189445829283 1.001124937988494,
            2.313068361776575 -0.7111853015779729 0.9911747320091244,
            1.512609230776476 0.0606726825378246 2.6642621272025924,
            1.408167818662521 -0.09787120701142014 2.683231342657565,
            1.3675299479981655 -0.2771029542280517 2.7345007182172294,
            1.3968823662088452 -0.4497361503381738 2.8102649562106734,
            1.4917564337023161 -0.5894889561578361 2.8989896382079223,
            1.6377084337382604 -0.6750852738633387 2.9871672356661403,
            1.8125184973693813 -0.6934938400165693 3.0613735087042255,
            1.9895733770650132 -0.6419121172947663 3.1103112249336706,
            2.141918072397977 -0.5281929553928444 3.126530060680042,
            2.246359484511931 -0.36964906584359947 3.1075608452250703,
            2.286997355176286 -0.19041731862696765 3.056291469665406,
            2.2576449369656055 -0.01778412251684683 2.980527231671963,
            2.162770869472136 0.12196868330281713 2.891802549674713,
            2.016818869436192 0.20756500100831937 2.803624952216495,
            1.8420088058050719 0.22597356716155004 2.72941867917841,
            1.66495392610944 0.17439184443974737 2.6804809629489648 ]
        }
        coordIndex [
          0, 1, 17, 16, -1,
          0, 15, 50, 49, -1,
          0, 16, 31, 15, -1,
          0, 49, 48, 1, -1,
          1, 2, 18, 17, -1,
          1, 48, 63, 2, -1,
          2, 3, 19, 18, -1,
          2, 63, 62, 3, -1,
          3, 4, 20, 19, -1,
          3, 62, 61, 4, -1,
          4, 5, 21, 20, -1,
          4, 61, 60, 5, -1,
          5, 6, 22, 21, -1,
          5, 60, 59, 6, -1,
          6, 7, 23, 22, -1,
          6, 59, 58, 7, -1,
          7, 8, 24, 23, -1,
          7, 58, 57, 8, -1,
          8, 9, 25, 24, -1,
          8, 57, 56, 9, -1,
          9, 10, 26, 25, -1,
          9, 56, 55, 10, -1,
          10, 11, 27, 26, -1,
          10, 55, 54, 11, -1,
          11, 12, 28, 27, -1,
          11, 54, 53, 12, -1,
          12, 13, 29, 28, -1,
          12, 53, 52, 13, -1,
          13, 14, 30, 29, -1,
          13, 52, 51, 14, -1,
          14, 15, 31, 30, -1,
          14, 51, 50, 15, -1,
          16, 17, 33, 32, -1,
          16, 32, 47, 31, -1,
          17, 18, 34, 33, -1,
          18, 19, 35, 34, -1,
          19, 20, 36, 35, -1,
          20, 21, 37, 36, -1,
          21, 22, 38, 37, -1,
          22, 23, 39, 38, -1,
          23, 24, 40, 39, -1,
          24, 25, 41, 40, -1,
          25, 26, 42, 41, -1,
          26, 27, 43, 42, -1,
          27, 28, 44, 43, -1,
          28, 29, 45, 44, -1,
          29, 30, 46, 45, -1,
          30, 31, 47, 46, -1,
          32, 33, 34, 35, 36, 37, 38, 39, 40, 41, 42, 43, 44, 45, 46, 47, -1,
          48, 49, 65, 64, -1,
          48, 64, 79, 63, -1,
          49, 50, 66, 65, -1,
          50, 51, 67, 66, -1,
          51, 52, 68, 67, -1,
          52, 53, 69, 68, -1,
          53, 54, 70, 69, -1,
          54, 55, 71, 70, -1,
          55, 56, 72, 71, -1,
          56, 57, 73, 72, -1,
          57, 58, 74, 73, -1,
          58, 59, 75, 74, -1,
          59, 60, 76, 75, -1,
          60, 61, 77, 76, -1,
          61, 62, 78, 77, -1,
          62, 63, 79, 78, -1,
          64, 65, 82, 81, -1,
          64, 81, 80, 79, -1,
          65, 66, 83, 82, -1,
          66, 67, 84, 83, -1,
          67, 68, 85, 84, -1,
          68, 69, 86, 85, -1,
          69, 70, 87, 86, -1,
          70, 71, 88, 87, -1,
          71, 72, 89, 88, -1,
          72, 73, 90, 89, -1,
          73, 74, 91, 90, -1,
          74, 75, 92, 91, -1,
          75, 76, 93, 92, -1,
          76, 77, 94, 93, -1,
          77, 78, 95, 94, -1,
          78, 79, 80, 95, -1,
          80, 81, 82, 83, 84, 85, 86, 87, 88, 89, 90, 91, 92, 93, 94, 95, -1 ]
        normal Normal {
          vector [
            -0.8462027899674398 0.35821733975608067 0.39448849888101634,
            -0.9950371624535266 0.010091397732452248 0.09899095427482052,
            -0.9209127116271946 -0.38968042484463955 -0.008303255767990729,
            -0.6971279876159381 -0.7169195124991495 0.006243515078397111,
            -0.3710702562416744 -0.926519487733838 0.06219729722556013,
            0.008861548884058233 -0.9925027529780092 0.12190060821197035,
            0.3867600219217112 -0.9073213360270518 0.16487776876584434,
            0.7062103318474275 -0.6847585121224734 0.17992428204042607,
            0.9189976849844977 -0.3587851630743954 0.1634517107613543,
            0.9926319900771969 0.021390668208187524 0.11926513148859073,
            0.9150687813942121 0.39899532035458435 0.05875252890603374,
            0.6955929422641628 0.7184317221791199 0.0025138096644527256,
            0.3617266886320279 0.9322102643923893 -0.011739918772272451,
            -0.03981680527844055 0.9945436041330672 0.09642427855798315,
            -0.38255688493894274 0.8360577799324561 0.39326532824573457,
            -0.5875501588236255 0.5715669309766764 0.572796695416651,
            -0.9301163269751538 0.34400223153591647 -0.12863157852004473,
            -0.9770013421727615 -0.05573126392166391 -0.20582129047869774,
            -0.8858911151625669 -0.43667432097676184 -0.1565645856364312,
            -0.6724663248093199 -0.7393525726322175 -0.033864662106213174,
            -0.3614970033800467 -0.9261783752322214 0.10730113605852046,
            0.0038430801540404076 -0.9727268830978314 0.23192162821459242,
            0.36991102205341736 -0.8737733073223873 0.3157309664481659,
            0.6822466932396064 -0.6452048171477947 0.34387525862280816,
            0.8941259493733998 -0.32171137400129407 0.31151336808444663,
            0.9733634109305505 0.04829343074245615 0.22412365963629985,
            0.9070262025925138 0.4097252341991895 0.09710149468995521,
            0.7032922086119705 0.7094799318891991 -0.04492544437391728,
            0.389051180573683 0.9059847748939818 -0.1668255572582474,
            0.003467024792799562 0.9768757024282319 -0.21377989087946184,
            -0.3931880300304027 0.9097707456225849 -0.1331178554895527,
            -0.7249304162711535 0.6872447014284923 -0.04658982639369264,
            -0.7245601904772567 0.6823954059170932 -0.09669043571526234,
            -0.9216554556060798 0.383201347614161 -0.06089292519037351,
            -0.9983446896057383 0.04496646528012153 0.035859416284058795,
            -0.9429526517894183 -0.2808160463565125 0.17883692178071303,
            -0.7639122777845837 -0.544548753124877 0.3462725621820343,
            -0.48848084152844007 -0.7060807411624336 0.5126757790447833,
            -0.15859028239879455 -0.7408202295815846 0.6527131910505249,
            0.17553655244222782 -0.6434784461847588 0.7450653716636854,
            0.4630318812573838 -0.4288747950886577 0.7756725385605128,
            0.6601271463862076 -0.12968073678572478 0.7398750280356233,
            0.7368163803858652 0.20855414554831597 0.643122686561191,
            0.6814243425695464 0.534336657184945 0.5001451810645383,
            0.5023839685647132 0.7980693639533094 0.33270954066321806,
            0.22695253230856657 0.9596013519908688 0.1663063238004667,
            -0.10293802682107772 0.9943408404100197 0.026268911794725427,
            -0.4370648616621012 0.8969990570131938 -0.06608326881843503,
            -0.9999999999996224 -1.5564636718772477e-15 -8.690150289196965e-7,
            -0.9999999999996224 -1.5564636718772477e-15 -8.690150289196965e-7,
            -0.9824700453407972 0.009011965647863728 0.18620256304147217,
            -0.9824700453407972 0.009011965647863728 0.18620256304147217,
            -0.9238795325109846 0.3826834323649771 -8.028651987379123e-7,
            -0.9238795325109846 0.3826834323649771 -8.028651987379123e-7,
            -0.8036301333600221 0.3280107342363858 0.4965758421243025,
            -0.8036301333600221 0.3280107342363858 0.4965758421243025,
            -0.7071067811864019 0.7071067811864261 -6.144864200413178e-7,
            -0.7071067811864019 0.7071067811864261 -6.144864200413178e-7,
            -0.5290215224117866 0.5219643854866619 0.6690959640504843,
            -0.5290215224117866 0.5219643854866619 0.6690959640504843,
            -0.38268343236505925 0.9238795325112396 -3.325576542224598e-7,
            -0.38268343236505925 0.9238795325112396 -3.325576542224598e-7,
            -0.3393799862643268 0.7989971589892421 0.4964118903192642,
            -0.3393799862643268 0.7989971589892421 0.4964118903192642,
            0.0 1.0 -1.9203267226602048e-16,
            0.0 1.0 -1.9203267226602048e-16,
            -0.023667744413940896 0.9822403038805083 0.18612851288043705,
            -0.023667744413940896 0.9822403038805083 0.18612851288043705,
            0.38268343236506014 0.9238795325112392 3.325576538662976e-7,
            0.38268343236506014 0.9238795325112392 3.325576538662976e-7,
            0.3673702709661309 0.9292931417991163 0.0381227047230263,
            0.3673702709661309 0.9292931417991163 0.0381227047230263,
            0.7071067811864038 0.7071067811864241 6.144864197655803e-7,
            0.7071067811864038 0.7071067811864241 6.144864197655803e-7,
            0.701288293646719 0.7128635023117867 0.0045117918664837105,
            0.701288293646719 0.7128635023117867 0.0045117918664837105,
            0.9238795325109844 0.3826834323649773 8.028651986082493e-7,
            0.9238795325109844 0.3826834323649773 8.028651986082493e-7,
            0.9222245821275792 0.38641586790622284 0.01358665337353793,
            0.9222245821275792 0.38641586790622284 0.01358665337353793,
            0.9999999999996225 9.904768821037037e-17 8.69015028919698e-7,
            0.9999999999996225 9.904768821037037e-17 8.69015028919698e-7,
            0.9994107094436802 0.0033456658845722217 0.03416197255822441,
            0.9994107094436802 0.0033456658845722217 0.03416197255822441,
            0.9238795325109849 -0.3826834323649765 8.028651986640523e-7,
            0.9238795325109849 -0.3826834323649765 8.028651986640523e-7,
            0.9245221355047366 -0.3776566131753439 0.05132546625886829,
            0.9245221355047366 -0.3776566131753439 0.05132546625886829,
            0.7071067811864049 -0.707106781186423 6.144864200117753e-7,
            0.7071067811864049 -0.707106781186423 6.144864200117753e-7,
            0.7112662100032342 -0.7005433107470574 0.057787959603940973,
            0.7112662100032342 -0.7005433107470574 0.057787959603940973,
            0.3826834323650596 -0.9238795325112394 3.325576541912762e-7,
            0.3826834323650596 -0.9238795325112394 3.325576541912762e-7,
            0.39166813681440277 -0.9186740388160227 0.051323298898172165,
            0.39166813681440277 -0.9186740388160227 0.051323298898172165,
            0.0 -1.0 0.0,
            0.0 -1.0 0.0,
            0.011883336226380279 -0.9993457391795604 0.03415962388242646,
            0.011883336226380279 -0.9993457391795604 0.03415962388242646,
            -0.3826834323650586 -0.9238795325112399 -3.3255765419127536e-7,
            -0.3826834323650586 -0.9238795325112399 -3.3255765419127536e-7,
            -0.3722794461235426 -0.9280212513857379 0.013585689912452683,
            -0.3722794461235426 -0.9280212513857379 0.013585689912452683,
            -0.7071067811864035 -0.7071067811864246 -6.144864200117755e-7,
            -0.7071067811864035 -0.7071067811864246 -6.144864200117755e-7,
            -0.7020515675900244 -0.7121118167091356 0.0045118674186701985,
            -0.7020515675900244 -0.7121118167091356 0.0045118674186701985,
            -0.9238795325109845 -0.3826834323649773 -8.028651986459981e-7,
            -0.9238795325109845 -0.3826834323649773 -8.028651986459981e-7,
            -0.9235906531918404 -0.3814791400092682 0.03813097263981869,
            -0.9235906531918404 -0.3814791400092682 0.03813097263981869,
            -0.9999999999996224 -1.5564636718772477e-15 -8.690150289196965e-7,
            -0.9999999999996224 -1.5564636718772477e-15 -8.690150289196965e-7,
            -0.8700221846046784 -1.239398033478496e-15 -0.493012574176058,
            -0.8700221846046784 -1.239398033478496e-15 -0.493012574176058,
            -0.9238795325109846 0.3826834323649771 -8.028651987379123e-7,
            -0.9238795325109846 0.3826834323649771 -8.028651987379123e-7,
            -0.8037956891870182 0.3329430758382925 -0.49301257417605837,
            -0.8037956891870182 0.3329430758382925 -0.49301257417605837,
            -0.7071067811864019 0.7071067811864261 -6.144864200413178e-7,
            -0.7071067811864019 0.7071067811864261 -6.144864200413178e-7,
            -0.6151985865167012 0.6151985865167038 -0.4930125741760576,
            -0.6151985865167012 0.6151985865167038 -0.4930125741760576,
            -0.38268343236505925 0.9238795325112396 -3.325576542224598e-7,
            -0.38268343236505925 0.9238795325112396 -3.325576542224598e-7,
            -0.3329430758382917 0.803795689187019 -0.4930125741760575,
            -0.3329430758382917 0.803795689187019 -0.4930125741760575,
            0.0 1.0 -1.9203267226602048e-16,
            0.0 1.0 -1.9203267226602048e-16,
            9.858847993578946e-17 0.8700221846046786 -0.4930125741760575,
            9.858847993578946e-17 0.8700221846046786 -0.4930125741760575,
            0.38268343236506014 0.9238795325112392 3.325576538662976e-7,
            0.38268343236506014 0.9238795325112392 3.325576538662976e-7,
            0.3329430758382923 0.8037956891870187 -0.49301257417605765,
            0.3329430758382923 0.8037956891870187 -0.49301257417605765,
            0.7071067811864038 0.7071067811864241 6.144864197655803e-7,
            0.7071067811864038 0.7071067811864241 6.144864197655803e-7,
            0.6151985865167029 0.6151985865167019 -0.4930125741760577,
            0.6151985865167029 0.6151985865167019 -0.4930125741760577,
            0.9238795325109844 0.3826834323649773 8.028651986082493e-7,
            0.9238795325109844 0.3826834323649773 8.028651986082493e-7,
            0.8037956891870179 0.3329430758382938 -0.49301257417605804,
            0.8037956891870179 0.3329430758382938 -0.49301257417605804,
            0.9999999999996225 9.904768821037037e-17 8.69015028919698e-7,
            0.9999999999996225 9.904768821037037e-17 8.69015028919698e-7,
            0.8700221846046778 2.253450969960904e-16 -0.49301257417605876,
            0.8700221846046778 2.253450969960904e-16 -0.49301257417605876,
            0.9238795325109849 -0.3826834323649765 8.028651986640523e-7,
            0.9238795325109849 -0.3826834323649765 8.028651986640523e-7,
            0.8037956891870179 -0.3329430758382935 -0.4930125741760582,
            0.8037956891870179 -0.3329430758382935 -0.4930125741760582,
            0.7071067811864049 -0.707106781186423 6.144864200117753e-7,
            0.7071067811864049 -0.707106781186423 6.144864200117753e-7,
            0.6151985865167042 -0.6151985865167001 -0.4930125741760583,
            0.6151985865167042 -0.6151985865167001 -0.4930125741760583,
            0.3826834323650596 -0.9238795325112394 3.325576541912762e-7,
            0.3826834323650596 -0.9238795325112394 3.325576541912762e-7,
            0.3329430758382927 -0.8037956891870177 -0.493012574176059,
            0.3329430758382927 -0.8037956891870177 -0.493012574176059,
            0.0 -1.0 0.0,
            0.0 -1.0 0.0,
            -5.492786739279696e-16 -0.8700221846046783 -0.49301257417605804,
            -5.492786739279696e-16 -0.8700221846046783 -0.49301257417605804,
            -0.3826834323650586 -0.9238795325112399 -3.3255765419127536e-7,
            -0.3826834323650586 -0.9238795325112399 -3.3255765419127536e-7,
            -0.3329430758382905 -0.8037956891870192 -0.49301257417605815,
            -0.3329430758382905 -0.8037956891870192 -0.49301257417605815,
            -0.7071067811864035 -0.7071067811864246 -6.144864200117755e-7,
            -0.7071067811864035 -0.7071067811864246 -6.144864200117755e-7,
            -0.6151985865167018 -0.6151985865167029 -0.4930125741760581,
            -0.6151985865167018 -0.6151985865167029 -0.4930125741760581,
            -0.9238795325109845 -0.3826834323649773 -8.028651986459981e-7,
            -0.9238795325109845 -0.3826834323649773 -8.028651986459981e-7,
            -0.8037956891870184 -0.3329430758382925 -0.49301257417605804,
            -0.8037956891870184 -0.3329430758382925 -0.49301257417605804,
            -0.8700221846046784 -1.239398033478496e-15 -0.493012574176058,
            -0.8700221846046784 -1.239398033478496e-15 -0.493012574176058,
            1.6764241737296863e-16 1.6921578347985003e-17 -1.0,
            -0.8037956891870182 0.3329430758382925 -0.49301257417605837,
            -0.8037956891870182 0.3329430758382925 -0.49301257417605837,
            1.6764241737296863e-16 1.6921578347985003e-17 -1.0,
            -0.6151985865167012 0.6151985865167038 -0.4930125741760576,
            -0.6151985865167012 0.6151985865167038 -0.4930125741760576,
            1.6764241737296863e-16 1.6921578347985003e-17 -1.0,
            -0.3329430758382917 0.803795689187019 -0.4930125741760575,
            -0.3329430758382917 0.803795689187019 -0.4930125741760575,
            1.6764241737296863e-16 1.6921578347985003e-17 -1.0,
            9.858847993578946e-17 0.8700221846046786 -0.4930125741760575,
            9.858847993578946e-17 0.8700221846046786 -0.4930125741760575,
            1.6764241737296863e-16 1.6921578347985003e-17 -1.0,
            0.3329430758382923 0.8037956891870187 -0.49301257417605765,
            0.3329430758382923 0.8037956891870187 -0.49301257417605765,
            1.6764241737296863e-16 1.6921578347985003e-17 -1.0,
            0.6151985865167029 0.6151985865167019 -0.4930125741760577,
            0.6151985865167029 0.6151985865167019 -0.4930125741760577,
            1.6764241737296863e-16 1.6921578347985003e-17 -1.0,
            0.8037956891870179 0.3329430758382938 -0.49301257417605804,
            0.8037956891870179 0.3329430758382938 -0.49301257417605804,
            1.6764241737296863e-16 1.6921578347985003e-17 -1.0,
            0.8700221846046778 2.253450969960904e-16 -0.49301257417605876,
            0.8700221846046778 2.253450969960904e-16 -0.49301257417605876,
            1.6764241737296863e-16 1.6921578347985003e-17 -1.0,
            0.8037956891870179 -0.3329430758382935 -0.4930125741760582,
            0.8037956891870179 -0.3329430758382935 -0.4930125741760582,
            1.6764241737296863e-16 1.6921578347985003e-17 -1.0,
            0.6151985865167042 -0.6151985865167001 -0.4930125741760583,
            0.6151985865167042 -0.6151985865167001 -0.4930125741760583,
            1.6764241737296863e-16 1.6921578347985003e-17 -1.0,
            0.3329430758382927 -0.8037956891870177 -0.493012574176059,
            0.3329430758382927 -0.8037956891870177 -0.493012574176059,
            1.6764241737296863e-16 1.6921578347985003e-17 -1.0,
            -5.492786739279696e-16 -0.8700221846046783 -0.49301257417605804,
            -5.492786739279696e-16 -0.8700221846046783 -0.49301257417605804,
            1.6764241737296863e-16 1.6921578347985003e-17 -1.0,
            -0.3329430758382905 -0.8037956891870192 -0.49301257417605815,
            -0.3329430758382905 -0.8037956891870192 -0.49301257417605815,
            1.6764241737296863e-16 1.6921578347985003e-17 -1.0,
            -0.6151985865167018 -0.6151985865167029 -0.4930125741760581,
            -0.6151985865167018 -0.6151985865167029 -0.4930125741760581,
            1.6764241737296863e-16 1.6921578347985003e-17 -1.0,
            -0.8037956891870184 -0.3329430758382925 -0.49301257417605804,
            -0.8037956891870184 -0.3329430758382925 -0.49301257417605804,
            1.6764241737296863e-16 1.6921578347985003e-17 -1.0 ]
        }
        normalIndex [
          48, 52, 116, 112, -1,
          51, 110, 2, 1, -1,
          49, 113, 173, 109, -1,
          50, 1, 0, 54, -1,
          53, 56, 120, 117, -1,
          55, 0, 15, 59, -1,
          57, 60, 124, 121, -1,
          58, 15, 14, 63, -1,
          61, 64, 128, 125, -1,
          62, 14, 13, 67, -1,
          65, 68, 132, 129, -1,
          66, 13, 12, 71, -1,
          69, 72, 136, 133, -1,
          70, 12, 11, 75, -1,
          73, 76, 140, 137, -1,
          74, 11, 10, 79, -1,
          77, 80, 144, 141, -1,
          78, 10, 9, 83, -1,
          81, 84, 148, 145, -1,
          82, 9, 8, 87, -1,
          85, 88, 152, 149, -1,
          86, 8, 7, 91, -1,
          89, 92, 156, 153, -1,
          90, 7, 6, 95, -1,
          93, 96, 160, 157, -1,
          94, 6, 5, 99, -1,
          97, 100, 164, 161, -1,
          98, 5, 4, 103, -1,
          101, 104, 168, 165, -1,
          102, 4, 3, 107, -1,
          105, 108, 172, 169, -1,
          106, 3, 2, 111, -1,
          114, 118, 179, 176, -1,
          115, 177, 222, 175, -1,
          119, 122, 182, 180, -1,
          123, 126, 185, 183, -1,
          127, 130, 188, 186, -1,
          131, 134, 191, 189, -1,
          135, 138, 194, 192, -1,
          139, 142, 197, 195, -1,
          143, 146, 200, 198, -1,
          147, 150, 203, 201, -1,
          151, 154, 206, 204, -1,
          155, 158, 209, 207, -1,
          159, 162, 212, 210, -1,
          163, 166, 215, 213, -1,
          167, 170, 218, 216, -1,
          171, 174, 221, 219, -1,
          178, 181, 184, 187, 190, 193, 196, 199, 202, 205, 208, 211, 214, 217, 220, 223, -1,
          0, 1, 17, 16, -1,
          0, 16, 31, 15, -1,
          1, 2, 18, 17, -1,
          2, 3, 19, 18, -1,
          3, 4, 20, 19, -1,
          4, 5, 21, 20, -1,
          5, 6, 22, 21, -1,
          6, 7, 23, 22, -1,
          7, 8, 24, 23, -1,
          8, 9, 25, 24, -1,
          9, 10, 26, 25, -1,
          10, 11, 27, 26, -1,
          11, 12, 28, 27, -1,
          12, 13, 29, 28, -1,
          13, 14, 30, 29, -1,
          14, 15, 31, 30, -1,
          16, 17, 34, 33, -1,
          16, 33, 32, 31, -1,
          17, 18, 35, 34, -1,
          18, 19, 36, 35, -1,
          19, 20, 37, 36, -1,
          20, 21, 38, 37, -1,
          21, 22, 39, 38, -1,
          22, 23, 40, 39, -1,
          23, 24, 41, 40, -1,
          24, 25, 42, 41, -1,
          25, 26, 43, 42, -1,
          26, 27, 44, 43, -1,
          27, 28, 45, 44, -1,
          28, 29, 46, 45, -1,
          29, 30, 47, 46, -1,
          30, 31, 32, 47, -1,
          32, 33, 34, 35, 36, 37, 38, 39, 40, 41, 42, 43, 44, 45, 46, 47, -1 ]
      }
    }

  ]
}

DEF Cylinder7 Transform {
  children [
    Shape {
      appearance Appearance {
        material USE pins
      }
      geometry IndexedFaceSet {
        normalPerVertex TRUE
        coord Coordinate {
          point [
            -2.35999983465 0.9055004409399999 0.6,
            -2.372179109448194 0.8442710917615855 0.6,
            -2.4068627496601525 0.7923633559501523 0.6,
            -2.4587704854715855 0.7576797157381941 0.6,
            -2.51999983465 0.74550044094 0.6,
            -2.5812291838284143 0.7576797157381941 0.6,
            -2.6331369196398478 0.7923633559501523 0.6,
            -2.6678205598518057 0.8442710917615855 0.6,
            -2.67999983465 0.9055004409399999 0.6,
            -2.6678205598518057 0.9667297901184144 0.6,
            -2.6331369196398478 1.0186375259298475 0.6,
            -2.5812291838284143 1.0533211661418058 0.6,
            -2.51999983465 1.06550044094 0.6,
            -2.4587704854715855 1.0533211661418058 0.6,
            -2.4068627496601525 1.0186375259298475 0.6,
            -2.372179109448194 0.9667297901184144 0.6,
            -2.35999983465 0.9055004409399999 -1.0,
            -2.372179109448194 0.8442710917615855 -1.0,
            -2.4068627496601525 0.7923633559501523 -1.0,
            -2.4587704854715855 0.7576797157381939 -1.0,
            -2.51999983465 0.7455004409399998 -1.0,
            -2.5812291838284143 0.7576797157381939 -1.0,
            -2.6331369196398478 0.7923633559501523 -1.0,
            -2.6678205598518057 0.8442710917615855 -1.0,
            -2.67999983465 0.9055004409399999 -1.0,
            -2.6678205598518057 0.9667297901184144 -1.0,
            -2.6331369196398478 1.0186375259298475 -1.0,
            -2.5812291838284143 1.0533211661418058 -1.0,
            -2.51999983465 1.06550044094 -1.0,
            -2.4587704854715855 1.0533211661418058 -1.0,
            -2.4068627496601525 1.0186375259298475 -1.0,
            -2.372179109448194 0.9667297901184144 -1.0 ]
        }
        coordIndex [
          0, 1, 17, 16, -1,
          0, 15, 14, 13, 12, 11, 10, 9, 8, 7, 6, 5, 4, 3, 2, 1, -1,
          0, 16, 31, 15, -1,
          1, 2, 18, 17, -1,
          2, 3, 19, 18, -1,
          3, 4, 20, 19, -1,
          4, 5, 21, 20, -1,
          5, 6, 22, 21, -1,
          6, 7, 23, 22, -1,
          7, 8, 24, 23, -1,
          8, 9, 25, 24, -1,
          9, 10, 26, 25, -1,
          10, 11, 27, 26, -1,
          11, 12, 28, 27, -1,
          12, 13, 29, 28, -1,
          13, 14, 30, 29, -1,
          14, 15, 31, 30, -1,
          16, 17, 18, 19, 20, 21, 22, 23, 24, 25, 26, 27, 28, 29, 30, 31, -1 ]
        normal Normal {
          vector [
            0.0 -0.0 1.0,
            1.0 -1.8394570667640468e-16 0.0,
            1.0 -1.8394570667640468e-16 0.0,
            0.0 -0.0 1.0,
            0.9238795325112865 -0.3826834323650902 0.0,
            0.9238795325112865 -0.3826834323650902 0.0,
            0.0 -0.0 1.0,
            0.7071067811865477 -0.7071067811865474 2.9327599791182763e-17,
            0.7071067811865477 -0.7071067811865474 2.9327599791182763e-17,
            0.0 -0.0 1.0,
            0.3826834323650902 -0.9238795325112866 9.877314269294528e-17,
            0.3826834323650902 -0.9238795325112866 9.877314269294528e-17,
            0.0 -0.0 1.0,
            -6.933338174726022e-16 -1.0 1.3889108580352546e-16,
            -6.933338174726022e-16 -1.0 1.3889108580352546e-16,
            0.0 -0.0 1.0,
            -0.382683432365089 -0.9238795325112871 9.877314269294554e-17,
            -0.382683432365089 -0.9238795325112871 9.877314269294554e-17,
            0.0 -0.0 1.0,
            -0.7071067811865485 -0.7071067811865467 2.932759979118262e-17,
            -0.7071067811865485 -0.7071067811865467 2.932759979118262e-17,
            0.0 -0.0 1.0,
            -0.9238795325112876 -0.3826834323650875 0.0,
            -0.9238795325112876 -0.3826834323650875 0.0,
            0.0 -0.0 1.0,
            -1.0 -1.8394570667640468e-16 0.0,
            -1.0 -1.8394570667640468e-16 0.0,
            0.0 -0.0 1.0,
            -0.9238795325112873 0.3826834323650883 0.0,
            -0.9238795325112873 0.3826834323650883 0.0,
            0.0 -0.0 1.0,
            -0.7071067811865481 0.7071067811865468 0.0,
            -0.7071067811865481 0.7071067811865468 0.0,
            0.0 -0.0 1.0,
            -0.38268343236508967 0.9238795325112867 0.0,
            -0.38268343236508967 0.9238795325112867 0.0,
            0.0 -0.0 1.0,
            -6.933338174726022e-16 1.0 0.0,
            -6.933338174726022e-16 1.0 0.0,
            0.0 -0.0 1.0,
            0.3826834323650909 0.9238795325112862 0.0,
            0.3826834323650909 0.9238795325112862 0.0,
            0.0 -0.0 1.0,
            0.7071067811865475 0.7071067811865475 0.0,
            0.7071067811865475 0.7071067811865475 0.0,
            0.0 -0.0 1.0,
            0.9238795325112862 0.38268343236509106 0.0,
            0.9238795325112862 0.38268343236509106 0.0,
            0.0 -0.0 -1.0,
            1.0 -1.8394570667640468e-16 0.0,
            1.0 -1.8394570667640468e-16 0.0,
            0.0 -0.0 -1.0,
            0.9238795325112865 -0.3826834323650902 0.0,
            0.9238795325112865 -0.3826834323650902 0.0,
            0.0 -0.0 -1.0,
            0.7071067811865477 -0.7071067811865474 2.9327599791182763e-17,
            0.7071067811865477 -0.7071067811865474 2.9327599791182763e-17,
            0.0 -0.0 -1.0,
            0.3826834323650902 -0.9238795325112866 9.877314269294528e-17,
            0.3826834323650902 -0.9238795325112866 9.877314269294528e-17,
            0.0 -0.0 -1.0,
            -6.933338174726022e-16 -1.0 1.3889108580352546e-16,
            -6.933338174726022e-16 -1.0 1.3889108580352546e-16,
            0.0 -0.0 -1.0,
            -0.382683432365089 -0.9238795325112871 9.877314269294554e-17,
            -0.382683432365089 -0.9238795325112871 9.877314269294554e-17,
            0.0 -0.0 -1.0,
            -0.7071067811865485 -0.7071067811865467 2.932759979118262e-17,
            -0.7071067811865485 -0.7071067811865467 2.932759979118262e-17,
            0.0 -0.0 -1.0,
            -0.9238795325112876 -0.3826834323650875 0.0,
            -0.9238795325112876 -0.3826834323650875 0.0,
            0.0 -0.0 -1.0,
            -1.0 -1.8394570667640468e-16 0.0,
            -1.0 -1.8394570667640468e-16 0.0,
            0.0 -0.0 -1.0,
            -0.9238795325112873 0.3826834323650883 0.0,
            -0.9238795325112873 0.3826834323650883 0.0,
            0.0 -0.0 -1.0,
            -0.7071067811865481 0.7071067811865468 0.0,
            -0.7071067811865481 0.7071067811865468 0.0,
            0.0 -0.0 -1.0,
            -0.38268343236508967 0.9238795325112867 0.0,
            -0.38268343236508967 0.9238795325112867 0.0,
            0.0 -0.0 -1.0,
            -6.933338174726022e-16 1.0 0.0,
            -6.933338174726022e-16 1.0 0.0,
            0.0 -0.0 -1.0,
            0.3826834323650909 0.9238795325112862 0.0,
            0.3826834323650909 0.9238795325112862 0.0,
            0.0 -0.0 -1.0,
            0.7071067811865475 0.7071067811865475 0.0,
            0.7071067811865475 0.7071067811865475 0.0,
            0.0 -0.0 -1.0,
            0.9238795325112862 0.38268343236509106 0.0,
            0.9238795325112862 0.38268343236509106 0.0 ]
        }
        normalIndex [
          2, 5, 53, 50, -1,
          0, 45, 42, 39, 36, 33, 30, 27, 24, 21, 18, 15, 12, 9, 6, 3, -1,
          1, 49, 94, 46, -1,
          4, 8, 56, 52, -1,
          7, 11, 59, 55, -1,
          10, 14, 62, 58, -1,
          13, 17, 65, 61, -1,
          16, 20, 68, 64, -1,
          19, 23, 71, 67, -1,
          22, 26, 74, 70, -1,
          25, 29, 77, 73, -1,
          28, 32, 80, 76, -1,
          31, 35, 83, 79, -1,
          34, 38, 86, 82, -1,
          37, 41, 89, 85, -1,
          40, 44, 92, 88, -1,
          43, 47, 95, 91, -1,
          48, 51, 54, 57, 60, 63, 66, 69, 72, 75, 78, 81, 84, 87, 90, 93, -1 ]
      }
    }
    ,
    Shape {
      appearance Appearance {
        material USE body
      }
      geometry IndexedFaceSet {
        normalPerVertex TRUE
        coord Coordinate {
          point [
            -2.2199995000199446 0.9054999999999999 0.9753870067719979,
            -2.242835640266559 0.790694970290473 0.9753870067719976,
            -2.3078674656639806 0.6933679656440358 0.9753870067719976,
            -2.405194470310418 0.628336140246614 0.9753870067719976,
            -2.519999500019945 0.6055 0.9753870067719976,
            -2.6348045297294718 0.628336140246614 0.9753870067719976,
            -2.732131534375909 0.6933679656440358 0.9753870067719976,
            -2.7971633597733305 0.790694970290473 0.9753870067719979,
            -2.8199995000199447 0.9054999999999999 0.9753870067719976,
            -2.7971633597733305 1.0203050297095266 0.9753870067719979,
            -2.732131534375909 1.117632034355964 0.9753870067719976,
            -2.634804529729472 1.1826638597533858 0.9753870067719976,
            -2.519999500019945 1.2055 0.9753870067719976,
            -2.405194470310418 1.1826638597533858 0.9753870067719976,
            -2.3078674656639806 1.117632034355964 0.9753870067719976,
            -2.242835640266559 1.020305029709527 0.9753870067719979,
            -2.2200000000398896 0.9055000000000001 0.4000000135439956,
            -2.2428361402865034 0.790694970290473 0.4000000135439956,
            -2.307867965683925 0.693367965644036 0.4000000135439954,
            -2.4051949703303626 0.6283361402466142 0.4000000135439954,
            -2.5200000000398894 0.6055000000000003 0.4000000135439956,
            -2.6348050297494163 0.6283361402466142 0.4000000135439956,
            -2.7321320343958537 0.693367965644036 0.4000000135439956,
            -2.797163859793275 0.790694970290473 0.4000000135439956,
            -2.8200000000398893 0.9054999999999999 0.4000000135439954,
            -2.797163859793275 1.020305029709527 0.4000000135439956,
            -2.7321320343958537 1.117632034355964 0.4000000135439956,
            -2.6348050297494168 1.1826638597533858 0.4000000135439954,
            -2.5200000000398894 1.2055 0.4000000135439956,
            -2.4051949703303626 1.1826638597533858 0.4000000135439954,
            -2.3078679656839256 1.1176320343559645 0.4000000135439954,
            -2.2428361402865034 1.020305029709527 0.4000000135439956,
            -2.3900000010398896 0.9054999999999999 0.10000001354399557,
            -2.3998956617373017 0.8557511541752217 0.10000001354399546,
            -2.428076119192745 0.8135761191528555 0.10000001354399546,
            -2.470251154215111 0.7853956616974122 0.10000001354399546,
            -2.5200000000398894 0.775500001 0.10000001354399546,
            -2.569748845864668 0.7853956616974122 0.10000001354399546,
            -2.611923880887034 0.8135761191528555 0.10000001354399546,
            -2.640104338342477 0.8557511541752217 0.10000001354399568,
            -2.6499999990398897 0.9054999999999999 0.10000001354399546,
            -2.640104338342477 0.9552488458247781 0.10000001354399568,
            -2.611923880887034 0.9974238808471443 0.10000001354399546,
            -2.569748845864668 1.0256043383025875 0.10000001354399546,
            -2.5200000000398894 1.035499999 0.10000001354399546,
            -2.470251154215111 1.0256043383025875 0.10000001354399535,
            -2.428076119192745 0.9974238808471443 0.10000001354399546,
            -2.3998956617373017 0.9552488458247781 0.10000001354399568,
            -2.247046382080022 0.8007966296545553 0.9880535110571662,
            -2.224557174116282 0.9145461068821136 1.0040839852731476,
            -2.247046382080022 1.0269183963400341 1.027924879449281,
            -2.3110902279239394 1.1208058356156865 1.0559466335654935,
            -2.406938616677206 1.1819149131711117 1.083883189575426,
            -2.5199995000199453 1.2009423259036625 1.1074814600720768,
            -2.6330603833626847 1.174991322708734 1.1231488222911858,
            -2.728908772115951 1.108012708576325 1.1285000623598858,
            -2.792952617959868 1.010203370345445 1.1227205024868294,
            -2.8154418259236076 0.8964538931178861 1.106690028270848,
            -2.792952617959868 0.7840816036599666 1.082849134094715,
            -2.728908772115951 0.6901941643843136 1.0548273799785022,
            -2.633060383362684 0.6290850868288885 1.0268908239685697,
            -2.5199995000199453 0.6100576740963378 1.0032925534719186,
            -2.4069386166772064 0.636008677291266 0.9876251912528096,
            -2.3110902279239394 0.7029872914236753 0.9822739511841097,
            -2.2489936378773234 0.8084517529074092 1.0028122875029726,
            -2.224062428880787 0.918409880034177 1.0342658921408034,
            -2.2420700474149458 1.0243198162980558 1.0807470197441436,
            -2.3002749967974436 1.1100577339788302 1.135179339987854,
            -2.3898161011139734 1.1625708123257643 1.1892760255450434,
            -2.497061538924477 1.173864411192777 1.2348013464273042,
            -2.60568416450462 1.1422191825290942 1.2648244852183748,
            -2.6991471677763763 1.07245282553405 1.2747746911977438,
            -2.7632216537358576 0.9751866356265377 1.263137135703896,
            -2.7881528627323946 0.8652285084997696 1.2316835310660652,
            -2.770145244198235 0.7593185722358918 1.1852024034627258,
            -2.7119402948157383 0.6735806545551165 1.1307700832190142,
            -2.622399190499208 0.6210675762081826 1.0766733976618252,
            -2.5151537526887044 0.60977397734117 1.0311480767795642,
            -2.4065311271085625 0.6414192060048526 1.001124937988494,
            -2.313068123836805 0.7111855629998972 0.9911747320091244,
            -1.5126089928367064 -0.06067242111590083 2.6642621272025924,
            -1.4081675807227512 0.09787146843334373 2.6832313426575647,
            -1.3675297100583965 0.27710321564997525 2.7345007182172294,
            -1.3968821282690755 0.4497364117600975 2.810264956210674,
            -1.4917561957625471 0.5894892175797597 2.8989896382079214,
            -1.6377081957984905 0.6750855352852624 2.9871672356661403,
            -1.8125182594296114 0.693494101438493 3.0613735087042255,
            -1.9895731391252442 0.6419123787166899 3.1103112249336706,
            -2.1419178344582073 0.5281932168147679 3.126530060680042,
            -2.246359246572162 0.3696493272655231 3.1075608452250703,
            -2.286997117236517 0.1904175800488912 3.056291469665406,
            -2.2576446990258368 0.01778438393877038 2.9805272316719624,
            -2.1627706315323674 -0.12196842188089335 2.891802549674712,
            -2.016818631496423 -0.20756473958639554 2.8036249522164947,
            -1.8420085678653022 -0.22597330573962615 2.729418679178409,
            -1.664953688169671 -0.17439158301782354 2.6804809629489648 ]
        }
        coordIndex [
          0, 1, 17, 16, -1,
          0, 15, 50, 49, -1,
          0, 16, 31, 15, -1,
          0, 49, 48, 1, -1,
          1, 2, 18, 17, -1,
          1, 48, 63, 2, -1,
          2, 3, 19, 18, -1,
          2, 63, 62, 3, -1,
          3, 4, 20, 19, -1,
          3, 62, 61, 4, -1,
          4, 5, 21, 20, -1,
          4, 61, 60, 5, -1,
          5, 6, 22, 21, -1,
          5, 60, 59, 6, -1,
          6, 7, 23, 22, -1,
          6, 59, 58, 7, -1,
          7, 8, 24, 23, -1,
          7, 58, 57, 8, -1,
          8, 9, 25, 24, -1,
          8, 57, 56, 9, -1,
          9, 10, 26, 25, -1,
          9, 56, 55, 10, -1,
          10, 11, 27, 26, -1,
          10, 55, 54, 11, -1,
          11, 12, 28, 27, -1,
          11, 54, 53, 12, -1,
          12, 13, 29, 28, -1,
          12, 53, 52, 13, -1,
          13, 14, 30, 29, -1,
          13, 52, 51, 14, -1,
          14, 15, 31, 30, -1,
          14, 51, 50, 15, -1,
          16, 17, 33, 32, -1,
          16, 32, 47, 31, -1,
          17, 18, 34, 33, -1,
          18, 19, 35, 34, -1,
          19, 20, 36, 35, -1,
          20, 21, 37, 36, -1,
          21, 22, 38, 37, -1,
          22, 23, 39, 38, -1,
          23, 24, 40, 39, -1,
          24, 25, 41, 40, -1,
          25, 26, 42, 41, -1,
          26, 27, 43, 42, -1,
          27, 28, 44, 43, -1,
          28, 29, 45, 44, -1,
          29, 30, 46, 45, -1,
          30, 31, 47, 46, -1,
          32, 33, 34, 35, 36, 37, 38, 39, 40, 41, 42, 43, 44, 45, 46, 47, -1,
          48, 49, 65, 64, -1,
          48, 64, 79, 63, -1,
          49, 50, 66, 65, -1,
          50, 51, 67, 66, -1,
          51, 52, 68, 67, -1,
          52, 53, 69, 68, -1,
          53, 54, 70, 69, -1,
          54, 55, 71, 70, -1,
          55, 56, 72, 71, -1,
          56, 57, 73, 72, -1,
          57, 58, 74, 73, -1,
          58, 59, 75, 74, -1,
          59, 60, 76, 75, -1,
          60, 61, 77, 76, -1,
          61, 62, 78, 77, -1,
          62, 63, 79, 78, -1,
          64, 65, 82, 81, -1,
          64, 81, 80, 79, -1,
          65, 66, 83, 82, -1,
          66, 67, 84, 83, -1,
          67, 68, 85, 84, -1,
          68, 69, 86, 85, -1,
          69, 70, 87, 86, -1,
          70, 71, 88, 87, -1,
          71, 72, 89, 88, -1,
          72, 73, 90, 89, -1,
          73, 74, 91, 90, -1,
          74, 75, 92, 91, -1,
          75, 76, 93, 92, -1,
          76, 77, 94, 93, -1,
          77, 78, 95, 94, -1,
          78, 79, 80, 95, -1,
          80, 81, 82, 83, 84, 85, 86, 87, 88, 89, 90, 91, 92, 93, 94, 95, -1 ]
        normal Normal {
          vector [
            0.8462027899674408 -0.35821733975608117 0.39448849888101395,
            0.9950371624535265 -0.010091397732453626 0.09899095427482171,
            0.920912711627195 0.3896804248446389 -0.0083032557679899,
            0.697127987615938 0.7169195124991496 0.0062435150783957906,
            0.37107025624167467 0.926519487733838 0.06219729722555852,
            -0.0088615488840582 0.9925027529780093 0.12190060821196944,
            -0.3867600219217117 0.9073213360270517 0.1648777687658435,
            -0.7062103318474282 0.6847585121224727 0.1799242820404252,
            -0.9189976849844982 0.35878516307439484 0.163451710761353,
            -0.9926319900771972 -0.021390668208187143 0.11926513148858905,
            -0.9150687813942128 -0.39899532035458285 0.05875252890603259,
            -0.6955929422641637 -0.718431722179119 0.00251380966445233,
            -0.36172668863202695 -0.9322102643923896 -0.011739918772272187,
            0.03981680527844114 -0.994543604133067 0.09642427855798517,
            0.38255688493894086 -0.8360577799324547 0.3932653282457396,
            0.5875501588236253 -0.5715669309766757 0.5727966954166518,
            0.9301163269751547 -0.34400223153591575 -0.12863157852004098,
            0.9770013421727622 0.055731263921663346 -0.2058212904786939,
            0.8858911151625679 0.43667432097676107 -0.15656458563642917,
            0.6724663248093201 0.7393525726322172 -0.03386466210621206,
            0.3614970033800475 0.926178375232221 0.10730113605852049,
            -0.0038430801540401027 0.9727268830978314 0.23192162821459247,
            -0.3699110220534177 0.8737733073223871 0.3157309664481664,
            -0.6822466932396064 0.6452048171477944 0.3438752586228085,
            -0.8941259493733998 0.3217113740012947 0.31151336808444613,
            -0.9733634109305509 -0.048293430742455526 0.22412365963629832,
            -0.9070262025925143 -0.40972523419918866 0.09710149468995394,
            -0.7032922086119707 -0.7094799318891988 -0.04492544437391806,
            -0.38905118057368243 -0.905984774893982 -0.1668255572582472,
            -0.0034670247927987862 -0.9768757024282319 -0.2137798908794623,
            0.39318803003040176 -0.9097707456225853 -0.1331178554895521,
            0.7249304162711526 -0.6872447014284935 -0.046589826393689984,
            0.7245601904772553 -0.6823954059170946 -0.09669043571526272,
            0.9216554556060802 -0.3832013476141602 -0.06089292519037332,
            0.9983446896057383 -0.04496646528012112 0.0358594162840588,
            0.9429526517894186 0.28081604635651175 0.17883692178071323,
            0.7639122777845838 0.5445487531248767 0.3462725621820343,
            0.4884808415284411 0.7060807411624329 0.5126757790447832,
            0.1585902823987949 0.7408202295815842 0.6527131910505252,
            -0.17553655244222843 0.6434784461847581 0.7450653716636858,
            -0.46303188125738404 0.4288747950886574 0.7756725385605127,
            -0.6601271463862072 0.12968073678572511 0.7398750280356234,
            -0.7368163803858653 -0.2085541455483158 0.643122686561191,
            -0.6814243425695468 -0.534336657184945 0.500145181064538,
            -0.502383968564713 -0.7980693639533096 0.33270954066321723,
            -0.22695253230856632 -0.9596013519908688 0.16630632380046603,
            0.10293802682107811 -0.9943408404100197 0.02626891179472469,
            0.43706486166210057 -0.8969990570131939 -0.06608326881843553,
            0.9999999999996224 -1.1319735795470892e-16 -8.69015029305404e-7,
            0.9999999999996224 -1.1319735795470892e-16 -8.69015029305404e-7,
            0.9824700453407983 -0.009011965647864537 0.18620256304146712,
            0.9824700453407983 -0.009011965647864537 0.18620256304146712,
            0.9238795325109849 -0.38268343236497643 -8.028651989315865e-7,
            0.9238795325109849 -0.38268343236497643 -8.028651989315865e-7,
            0.8036301333600278 -0.3280107342363885 0.49657584212429173,
            0.8036301333600278 -0.3280107342363885 0.49657584212429173,
            0.7071067811864034 -0.7071067811864247 -6.144864201233838e-7,
            0.7071067811864034 -0.7071067811864247 -6.144864201233838e-7,
            0.5290215224117897 -0.5219643854866621 0.6690959640504817,
            0.5290215224117897 -0.5219643854866621 0.6690959640504817,
            0.3826834323650592 -0.9238795325112397 -3.32557654401362e-7,
            0.3826834323650592 -0.9238795325112397 -3.32557654401362e-7,
            0.3393799862643244 -0.7989971589892385 0.49641189031927174,
            0.3393799862643244 -0.7989971589892385 0.49641189031927174,
            1.4149669744339025e-17 -1.0 -3.8406537152039415e-16,
            1.4149669744339025e-17 -1.0 -3.8406537152039415e-16,
            0.023667744413941205 -0.9822403038805075 0.18612851288044133,
            0.023667744413941205 -0.9822403038805075 0.18612851288044133,
            -0.3826834323650592 -0.9238795325112397 3.325576536890357e-7,
            -0.3826834323650592 -0.9238795325112397 3.325576536890357e-7,
            -0.36737027096613006 -0.9292931417991167 0.03812270472302579,
            -0.36737027096613006 -0.9292931417991167 0.03812270472302579,
            -0.7071067811864044 -0.7071067811864236 6.144864196867977e-7,
            -0.7071067811864044 -0.7071067811864236 6.144864196867977e-7,
            -0.7012882936467201 -0.7128635023117857 0.004511791866483807,
            -0.7012882936467201 -0.7128635023117857 0.004511791866483807,
            -0.9238795325109851 -0.3826834323649758 8.028651986115323e-7,
            -0.9238795325109851 -0.3826834323649758 8.028651986115323e-7,
            -0.9222245821275797 -0.3864158679062213 0.013586653373538031,
            -0.9222245821275797 -0.3864158679062213 0.013586653373538031,
            -0.9999999999996225 -9.904768821037037e-17 8.690150289590894e-7,
            -0.9999999999996225 -9.904768821037037e-17 8.690150289590894e-7,
            -0.9994107094436802 -0.0033456658845722217 0.034161972558224264,
            -0.9994107094436802 -0.0033456658845722217 0.034161972558224264,
            -0.9238795325109853 0.38268343236497554 8.028651988117709e-7,
            -0.9238795325109853 0.38268343236497554 8.028651988117709e-7,
            -0.9245221355047372 0.3776566131753425 0.05132546625886722,
            -0.9245221355047372 0.3776566131753425 0.05132546625886722,
            -0.7071067811864054 0.7071067811864227 6.144864200117764e-7,
            -0.7071067811864054 0.7071067811864227 6.144864200117764e-7,
            -0.7112662100032353 0.7005433107470566 0.05778795960393886,
            -0.7112662100032353 0.7005433107470566 0.05778795960393886,
            -0.38268343236506064 0.9238795325112391 3.3255765404519934e-7,
            -0.38268343236506064 0.9238795325112391 3.3255765404519934e-7,
            -0.3916681368144036 0.9186740388160225 0.05132329889816998,
            -0.3916681368144036 0.9186740388160225 0.05132329889816998,
            3.5374174360847573e-16 1.0 -3.103660622785546e-22,
            3.5374174360847573e-16 1.0 -3.103660622785546e-22,
            -0.011883336226380228 0.9993457391795604 0.03415962388242459,
            -0.011883336226380228 0.9993457391795604 0.03415962388242459,
            0.38268343236505986 0.9238795325112393 -3.32557653989395e-7,
            0.38268343236505986 0.9238795325112393 -3.32557653989395e-7,
            0.37227944612354263 0.928021251385738 0.013585689912449066,
            0.37227944612354263 0.928021251385738 0.013585689912449066,
            0.7071067811864027 0.7071067811864251 -6.144864199001661e-7,
            0.7071067811864027 0.7071067811864251 -6.144864199001661e-7,
            0.7020515675900239 0.7121118167091364 0.0045118674186655884,
            0.7020515675900239 0.7121118167091364 0.0045118674186655884,
            0.9238795325109846 0.38268343236497676 -8.028651988905526e-7,
            0.9238795325109846 0.38268343236497676 -8.028651988905526e-7,
            0.9235906531918404 0.3814791400092685 0.03813097263981625,
            0.9235906531918404 0.3814791400092685 0.03813097263981625,
            0.9999999999996224 -1.1319735795470892e-16 -8.69015029305404e-7,
            0.9999999999996224 -1.1319735795470892e-16 -8.69015029305404e-7,
            0.8700221846046783 3.239335769318796e-16 -0.4930125741760582,
            0.8700221846046783 3.239335769318796e-16 -0.4930125741760582,
            0.9238795325109849 -0.38268343236497643 -8.028651989315865e-7,
            0.9238795325109849 -0.38268343236497643 -8.028651989315865e-7,
            0.803795689187019 -0.33294307583829086 -0.49301257417605826,
            0.803795689187019 -0.33294307583829086 -0.49301257417605826,
            0.7071067811864034 -0.7071067811864247 -6.144864201233838e-7,
            0.7071067811864034 -0.7071067811864247 -6.144864201233838e-7,
            0.6151985865167025 -0.6151985865167023 -0.4930125741760578,
            0.6151985865167025 -0.6151985865167023 -0.4930125741760578,
            0.3826834323650592 -0.9238795325112397 -3.32557654401362e-7,
            0.3826834323650592 -0.9238795325112397 -3.32557654401362e-7,
            0.3329430758382914 -0.8037956891870192 -0.4930125741760576,
            0.3329430758382914 -0.8037956891870192 -0.4930125741760576,
            1.4149669744339025e-17 -1.0 -3.8406537152039415e-16,
            1.4149669744339025e-17 -1.0 -3.8406537152039415e-16,
            -3.5210171405639084e-16 -0.8700221846046787 -0.4930125741760573,
            -3.5210171405639084e-16 -0.8700221846046787 -0.4930125741760573,
            -0.3826834323650592 -0.9238795325112397 3.325576536890357e-7,
            -0.3826834323650592 -0.9238795325112397 3.325576536890357e-7,
            -0.33294307583829186 -0.803795689187019 -0.49301257417605737,
            -0.33294307583829186 -0.803795689187019 -0.49301257417605737,
            -0.7071067811864044 -0.7071067811864236 6.144864196867977e-7,
            -0.7071067811864044 -0.7071067811864236 6.144864196867977e-7,
            -0.6151985865167032 -0.6151985865167017 -0.49301257417605754,
            -0.6151985865167032 -0.6151985865167017 -0.49301257417605754,
            -0.9238795325109851 -0.3826834323649758 8.028651986115323e-7,
            -0.9238795325109851 -0.3826834323649758 8.028651986115323e-7,
            -0.8037956891870187 -0.332943075838293 -0.4930125741760573,
            -0.8037956891870187 -0.332943075838293 -0.4930125741760573,
            -0.9999999999996225 -9.904768821037037e-17 8.690150289590894e-7,
            -0.9999999999996225 -9.904768821037037e-17 8.690150289590894e-7,
            -0.8700221846046784 -2.112610284338347e-16 -0.49301257417605776,
            -0.8700221846046784 -2.112610284338347e-16 -0.49301257417605776,
            -0.9238795325109853 0.38268343236497554 8.028651988117709e-7,
            -0.9238795325109853 0.38268343236497554 8.028651988117709e-7,
            -0.8037956891870187 0.33294307583829275 -0.4930125741760575,
            -0.8037956891870187 0.33294307583829275 -0.4930125741760575,
            -0.7071067811864054 0.7071067811864227 6.144864200117764e-7,
            -0.7071067811864054 0.7071067811864227 6.144864200117764e-7,
            -0.6151985865167033 0.6151985865167011 -0.49301257417605815,
            -0.6151985865167033 0.6151985865167011 -0.49301257417605815,
            -0.38268343236506064 0.9238795325112391 3.3255765404519934e-7,
            -0.38268343236506064 0.9238795325112391 3.3255765404519934e-7,
            -0.3329430758382931 0.8037956891870179 -0.49301257417605826,
            -0.3329430758382931 0.8037956891870179 -0.49301257417605826,
            3.5374174360847573e-16 1.0 -3.103660622785546e-22,
            3.5374174360847573e-16 1.0 -3.103660622785546e-22,
            1.4084068562255643e-17 0.8700221846046781 -0.49301257417605837,
            1.4084068562255643e-17 0.8700221846046781 -0.49301257417605837,
            0.38268343236505986 0.9238795325112393 -3.32557653989395e-7,
            0.38268343236505986 0.9238795325112393 -3.32557653989395e-7,
            0.3329430758382922 0.8037956891870186 -0.49301257417605804,
            0.3329430758382922 0.8037956891870186 -0.49301257417605804,
            0.7071067811864027 0.7071067811864251 -6.144864199001661e-7,
            0.7071067811864027 0.7071067811864251 -6.144864199001661e-7,
            0.6151985865167018 0.6151985865167026 -0.4930125741760583,
            0.6151985865167018 0.6151985865167026 -0.4930125741760583,
            0.9238795325109846 0.38268343236497676 -8.028651988905526e-7,
            0.9238795325109846 0.38268343236497676 -8.028651988905526e-7,
            0.8037956891870187 0.33294307583829114 -0.4930125741760585,
            0.8037956891870187 0.33294307583829114 -0.4930125741760585,
            0.8700221846046783 3.239335769318796e-16 -0.4930125741760582,
            0.8700221846046783 3.239335769318796e-16 -0.4930125741760582,
            -1.844066591102653e-16 -1.6921578347986892e-17 -1.0,
            0.803795689187019 -0.33294307583829086 -0.49301257417605826,
            0.803795689187019 -0.33294307583829086 -0.49301257417605826,
            -1.844066591102653e-16 -1.6921578347986892e-17 -1.0,
            0.6151985865167025 -0.6151985865167023 -0.4930125741760578,
            0.6151985865167025 -0.6151985865167023 -0.4930125741760578,
            -1.844066591102653e-16 -1.6921578347986892e-17 -1.0,
            0.3329430758382914 -0.8037956891870192 -0.4930125741760576,
            0.3329430758382914 -0.8037956891870192 -0.4930125741760576,
            -1.844066591102653e-16 -1.6921578347986892e-17 -1.0,
            -3.5210171405639084e-16 -0.8700221846046787 -0.4930125741760573,
            -3.5210171405639084e-16 -0.8700221846046787 -0.4930125741760573,
            -1.844066591102653e-16 -1.6921578347986892e-17 -1.0,
            -0.33294307583829186 -0.803795689187019 -0.49301257417605737,
            -0.33294307583829186 -0.803795689187019 -0.49301257417605737,
            -1.844066591102653e-16 -1.6921578347986892e-17 -1.0,
            -0.6151985865167032 -0.6151985865167017 -0.49301257417605754,
            -0.6151985865167032 -0.6151985865167017 -0.49301257417605754,
            -1.844066591102653e-16 -1.6921578347986892e-17 -1.0,
            -0.8037956891870187 -0.332943075838293 -0.4930125741760573,
            -0.8037956891870187 -0.332943075838293 -0.4930125741760573,
            -1.844066591102653e-16 -1.6921578347986892e-17 -1.0,
            -0.8700221846046784 -2.112610284338347e-16 -0.49301257417605776,
            -0.8700221846046784 -2.112610284338347e-16 -0.49301257417605776,
            -1.844066591102653e-16 -1.6921578347986892e-17 -1.0,
            -0.8037956891870187 0.33294307583829275 -0.4930125741760575,
            -0.8037956891870187 0.33294307583829275 -0.4930125741760575,
            -1.844066591102653e-16 -1.6921578347986892e-17 -1.0,
            -0.6151985865167033 0.6151985865167011 -0.49301257417605815,
            -0.6151985865167033 0.6151985865167011 -0.49301257417605815,
            -1.844066591102653e-16 -1.6921578347986892e-17 -1.0,
            -0.3329430758382931 0.8037956891870179 -0.49301257417605826,
            -0.3329430758382931 0.8037956891870179 -0.49301257417605826,
            -1.844066591102653e-16 -1.6921578347986892e-17 -1.0,
            1.4084068562255643e-17 0.8700221846046781 -0.49301257417605837,
            1.4084068562255643e-17 0.8700221846046781 -0.49301257417605837,
            -1.844066591102653e-16 -1.6921578347986892e-17 -1.0,
            0.3329430758382922 0.8037956891870186 -0.49301257417605804,
            0.3329430758382922 0.8037956891870186 -0.49301257417605804,
            -1.844066591102653e-16 -1.6921578347986892e-17 -1.0,
            0.6151985865167018 0.6151985865167026 -0.4930125741760583,
            0.6151985865167018 0.6151985865167026 -0.4930125741760583,
            -1.844066591102653e-16 -1.6921578347986892e-17 -1.0,
            0.8037956891870187 0.33294307583829114 -0.4930125741760585,
            0.8037956891870187 0.33294307583829114 -0.4930125741760585,
            -1.844066591102653e-16 -1.6921578347986892e-17 -1.0 ]
        }
        normalIndex [
          48, 52, 116, 112, -1,
          51, 110, 2, 1, -1,
          49, 113, 173, 109, -1,
          50, 1, 0, 54, -1,
          53, 56, 120, 117, -1,
          55, 0, 15, 59, -1,
          57, 60, 124, 121, -1,
          58, 15, 14, 63, -1,
          61, 64, 128, 125, -1,
          62, 14, 13, 67, -1,
          65, 68, 132, 129, -1,
          66, 13, 12, 71, -1,
          69, 72, 136, 133, -1,
          70, 12, 11, 75, -1,
          73, 76, 140, 137, -1,
          74, 11, 10, 79, -1,
          77, 80, 144, 141, -1,
          78, 10, 9, 83, -1,
          81, 84, 148, 145, -1,
          82, 9, 8, 87, -1,
          85, 88, 152, 149, -1,
          86, 8, 7, 91, -1,
          89, 92, 156, 153, -1,
          90, 7, 6, 95, -1,
          93, 96, 160, 157, -1,
          94, 6, 5, 99, -1,
          97, 100, 164, 161, -1,
          98, 5, 4, 103, -1,
          101, 104, 168, 165, -1,
          102, 4, 3, 107, -1,
          105, 108, 172, 169, -1,
          106, 3, 2, 111, -1,
          114, 118, 179, 176, -1,
          115, 177, 222, 175, -1,
          119, 122, 182, 180, -1,
          123, 126, 185, 183, -1,
          127, 130, 188, 186, -1,
          131, 134, 191, 189, -1,
          135, 138, 194, 192, -1,
          139, 142, 197, 195, -1,
          143, 146, 200, 198, -1,
          147, 150, 203, 201, -1,
          151, 154, 206, 204, -1,
          155, 158, 209, 207, -1,
          159, 162, 212, 210, -1,
          163, 166, 215, 213, -1,
          167, 170, 218, 216, -1,
          171, 174, 221, 219, -1,
          178, 181, 184, 187, 190, 193, 196, 199, 202, 205, 208, 211, 214, 217, 220, 223, -1,
          0, 1, 17, 16, -1,
          0, 16, 31, 15, -1,
          1, 2, 18, 17, -1,
          2, 3, 19, 18, -1,
          3, 4, 20, 19, -1,
          4, 5, 21, 20, -1,
          5, 6, 22, 21, -1,
          6, 7, 23, 22, -1,
          7, 8, 24, 23, -1,
          8, 9, 25, 24, -1,
          9, 10, 26, 25, -1,
          10, 11, 27, 26, -1,
          11, 12, 28, 27, -1,
          12, 13, 29, 28, -1,
          13, 14, 30, 29, -1,
          14, 15, 31, 30, -1,
          16, 17, 34, 33, -1,
          16, 33, 32, 31, -1,
          17, 18, 35, 34, -1,
          18, 19, 36, 35, -1,
          19, 20, 37, 36, -1,
          20, 21, 38, 37, -1,
          21, 22, 39, 38, -1,
          22, 23, 40, 39, -1,
          23, 24, 41, 40, -1,
          24, 25, 42, 41, -1,
          25, 26, 43, 42, -1,
          26, 27, 44, 43, -1,
          27, 28, 45, 44, -1,
          28, 29, 46, 45, -1,
          29, 30, 47, 46, -1,
          30, 31, 32, 47, -1,
          32, 33, 34, 35, 36, 37, 38, 39, 40, 41, 42, 43, 44, 45, 46, 47, -1 ]
      }
    }

  ]
}

DEF Cylinder1 Transform {
  children [
    Shape {
      appearance Appearance {
        material USE body
      }
      geometry IndexedFaceSet {
        normalPerVertex TRUE
        coord Coordinate {
          point [
            3.739999999953334 0.5900000000000001 3.9400000000000004,
            3.4553094515490974 0.5900000000000001 5.371236037027577,
            2.6445793616046895 0.5900000000000001 6.584579361604691,
            1.4312360370275774 0.5900000000000001 7.395309451549099,
            3.2573387842393313e-16 0.5900000000000001 7.679999999953333,
            -1.431236037027577 0.5900000000000001 7.395309451549099,
            -2.644579361604689 0.5900000000000001 6.584579361604691,
            -3.4553094515490974 0.5900000000000001 5.371236037027577,
            -3.739999999953333 0.5900000000000001 3.9400000000000017,
            -3.4553094515490974 0.5900000000000001 2.5087639629724228,
            -2.64457936160469 0.5900000000000001 1.295420638395311,
            -1.4312360370275792 0.5900000000000001 0.48469054845090237,
            -5.903019273268572e-16 0.5900000000000001 0.20000000004666726,
            1.431236037027578 0.5900000000000001 0.48469054845090237,
            2.644579361604689 0.5900000000000001 1.2954206383953097,
            3.455309451549097 0.5900000000000001 2.50876396297242,
            3.739999999953334 -0.5900000000000001 3.9400000000000004,
            3.4553094515490974 -0.5900000000000001 5.371236037027577,
            2.6445793616046895 -0.5900000000000001 6.584579361604691,
            1.4312360370275774 -0.5900000000000001 7.395309451549099,
            3.2573387842393313e-16 -0.5900000000000001 7.679999999953333,
            -1.431236037027577 -0.5900000000000001 7.395309451549099,
            -2.644579361604689 -0.5900000000000001 6.584579361604691,
            -3.4553094515490974 -0.5900000000000001 5.371236037027577,
            -3.739999999953333 -0.5900000000000001 3.9400000000000017,
            -3.4553094515490974 -0.5900000000000001 2.5087639629724228,
            -2.64457936160469 -0.5900000000000001 1.295420638395311,
            -1.4312360370275792 -0.5900000000000001 0.48469054845090237,
            -5.903019273268572e-16 -0.5900000000000001 0.20000000004666726,
            1.431236037027578 -0.5900000000000001 0.48469054845090237,
            2.644579361604689 -0.5900000000000001 1.2954206383953097,
            3.455309451549097 -0.5900000000000001 2.50876396297242,
            3.5380399999558545 -0.6900000000000001 3.9400000000000004,
            3.2687227411654463 -0.6900000000000001 5.293949291028089,
            2.501772076078036 -0.6900000000000001 6.4417720760780375,
            1.3539492910280884 -0.6900000000000001 7.208722741165446,
            3.0070977815634973e-16 -0.6900000000000001 7.478039999955854,
            -1.353949291028088 -0.6900000000000001 7.208722741165446,
            -2.501772076078035 -0.6900000000000001 6.4417720760780375,
            -3.2687227411654463 -0.6900000000000001 5.293949291028089,
            -3.538039999955853 -0.6900000000000001 3.9400000000000017,
            -3.2687227411654463 -0.6900000000000001 2.586050708971912,
            -2.501772076078037 -0.6900000000000001 1.4382279239219646,
            -1.3539492910280897 -0.6900000000000001 0.6712772588345541,
            -5.658600940838978e-16 -0.6900000000000001 0.4019600000441462,
            1.3539492910280886 -0.6900000000000001 0.6712772588345528,
            2.5017720760780353 -0.6900000000000001 1.4382279239219635,
            3.2687227411654454 -0.6900000000000001 2.5860507089719085,
            3.2687227411654463 0.6900000000000001 5.293949291028089,
            3.5380399999558545 0.6900000000000001 3.9400000000000004,
            3.2687227411654454 0.6900000000000001 2.5860507089719085,
            2.5017720760780353 0.6900000000000001 1.4382279239219635,
            1.3539492910280886 0.6900000000000001 0.6712772588345528,
            -5.69476556052454e-16 0.6900000000000001 0.4019600000441462,
            -1.3539492910280897 0.6900000000000001 0.6712772588345541,
            -2.501772076078037 0.6900000000000001 1.4382279239219646,
            -3.2687227411654463 0.6900000000000001 2.586050708971912,
            -3.538039999955853 0.6900000000000001 3.9400000000000017,
            -3.2687227411654463 0.6900000000000001 5.293949291028089,
            -2.501772076078035 0.6900000000000001 6.4417720760780375,
            -1.353949291028088 0.6900000000000001 7.208722741165446,
            2.9709331618779334e-16 0.6900000000000001 7.478039999955854,
            1.3539492910280884 0.6900000000000001 7.208722741165446,
            2.501772076078036 0.6900000000000001 6.4417720760780375,
            2.476627999969097 -0.7899999999999997 3.9400000000000004,
            2.2881059188158126 -0.7899999999999997 4.887764503719663,
            1.7512404532546249 -0.7899999999999997 5.6912404532546255,
            0.9477645037196618 -0.7899999999999997 6.228105918815813,
            1.8928568435314279e-16 -0.7899999999999997 6.416627999969099,
            -0.9477645037196611 -0.7899999999999997 6.228105918815813,
            -1.7512404532546249 -0.7899999999999997 5.691240453254627,
            -2.2881059188158126 -0.7899999999999997 4.887764503719663,
            -2.4766279999690965 -0.7899999999999997 3.9400000000000017,
            -2.2881059188158126 -0.7899999999999997 2.9922354962803386,
            -1.7512404532546253 -0.7899999999999997 2.1887595467453744,
            -0.9477645037196628 -0.7899999999999997 1.6518940811841882,
            -4.1731322621503037e-16 -0.7899999999999997 1.4633720000309027,
            0.947764503719662 -0.7899999999999997 1.6518940811841882,
            1.7512404532546244 -0.7899999999999997 2.1887595467453744,
            2.288105918815812 -0.7899999999999997 2.9922354962803372,
            2.288105918815813 0.7899999999999997 4.887764503719663,
            2.476627999969097 0.7899999999999997 3.9400000000000004,
            2.288105918815812 0.7899999999999997 2.9922354962803372,
            1.7512404532546249 0.7899999999999997 2.1887595467453744,
            0.9477645037196618 0.7899999999999997 1.6518940811841882,
            -4.801191157356273e-16 0.7899999999999997 1.4633720000309027,
            -0.9477645037196629 0.7899999999999997 1.6518940811841882,
            -1.7512404532546253 0.7899999999999997 2.1887595467453744,
            -2.288105918815812 0.7899999999999997 2.9922354962803386,
            -2.4766279999690974 0.7899999999999997 3.9400000000000017,
            -2.288105918815812 0.7899999999999997 4.887764503719663,
            -1.7512404532546244 0.7899999999999997 5.691240453254627,
            -0.9477645037196616 0.7899999999999997 6.228105918815813,
            1.26479794832546e-16 0.7899999999999997 6.416627999969099,
            0.9477645037196616 0.7899999999999997 6.228105918815813,
            1.7512404532546249 0.7899999999999997 5.6912404532546255 ]
        }
        coordIndex [
          0, 1, 17, 16, -1,
          0, 15, 50, 49, -1,
          0, 16, 31, 15, -1,
          0, 49, 48, 1, -1,
          1, 2, 18, 17, -1,
          1, 48, 63, 2, -1,
          2, 3, 19, 18, -1,
          2, 63, 62, 3, -1,
          3, 4, 20, 19, -1,
          3, 62, 61, 4, -1,
          4, 5, 21, 20, -1,
          4, 61, 60, 5, -1,
          5, 6, 22, 21, -1,
          5, 60, 59, 6, -1,
          6, 7, 23, 22, -1,
          6, 59, 58, 7, -1,
          7, 8, 24, 23, -1,
          7, 58, 57, 8, -1,
          8, 9, 25, 24, -1,
          8, 57, 56, 9, -1,
          9, 10, 26, 25, -1,
          9, 56, 55, 10, -1,
          10, 11, 27, 26, -1,
          10, 55, 54, 11, -1,
          11, 12, 28, 27, -1,
          11, 54, 53, 12, -1,
          12, 13, 29, 28, -1,
          12, 53, 52, 13, -1,
          13, 14, 30, 29, -1,
          13, 52, 51, 14, -1,
          14, 15, 31, 30, -1,
          14, 51, 50, 15, -1,
          16, 17, 33, 32, -1,
          16, 32, 47, 31, -1,
          17, 18, 34, 33, -1,
          18, 19, 35, 34, -1,
          19, 20, 36, 35, -1,
          20, 21, 37, 36, -1,
          21, 22, 38, 37, -1,
          22, 23, 39, 38, -1,
          23, 24, 40, 39, -1,
          24, 25, 41, 40, -1,
          25, 26, 42, 41, -1,
          26, 27, 43, 42, -1,
          27, 28, 44, 43, -1,
          28, 29, 45, 44, -1,
          29, 30, 46, 45, -1,
          30, 31, 47, 46, -1,
          32, 33, 65, 64, -1,
          32, 64, 79, 47, -1,
          33, 34, 66, 65, -1,
          34, 35, 67, 66, -1,
          35, 36, 68, 67, -1,
          36, 37, 69, 68, -1,
          37, 38, 70, 69, -1,
          38, 39, 71, 70, -1,
          39, 40, 72, 71, -1,
          40, 41, 73, 72, -1,
          41, 42, 74, 73, -1,
          42, 43, 75, 74, -1,
          43, 44, 76, 75, -1,
          44, 45, 77, 76, -1,
          45, 46, 78, 77, -1,
          46, 47, 79, 78, -1,
          48, 49, 81, 80, -1,
          48, 80, 95, 63, -1,
          49, 50, 82, 81, -1,
          50, 51, 83, 82, -1,
          51, 52, 84, 83, -1,
          52, 53, 85, 84, -1,
          53, 54, 86, 85, -1,
          54, 55, 87, 86, -1,
          55, 56, 88, 87, -1,
          56, 57, 89, 88, -1,
          57, 58, 90, 89, -1,
          58, 59, 91, 90, -1,
          59, 60, 92, 91, -1,
          60, 61, 93, 92, -1,
          61, 62, 94, 93, -1,
          62, 63, 95, 94, -1,
          64, 65, 66, 67, 68, 69, 70, 71, 72, 73, 74, 75, 76, 77, 78, 79, -1,
          80, 81, 82, 83, 84, 85, 86, 87, 88, 89, 90, 91, 92, 93, 94, 95, -1 ]
        normal Normal {
          vector [
            1.0 0.0 8.489801846603293e-17,
            1.0 0.0 8.489801846603293e-17,
            0.4437313589074294 0.8961598524382612 4.17952205918882e-17,
            0.4437313589074294 0.8961598524382612 4.17952205918882e-17,
            0.9238795325112867 0.0 0.3826834323650897,
            0.9238795325112867 0.0 0.3826834323650897,
            0.409954320427994 0.8961598524382611 0.16980863947472075,
            0.409954320427994 0.8961598524382611 0.16980863947472075,
            0.7071067811865477 0.0 0.7071067811865475,
            0.7071067811865477 0.0 0.7071067811865475,
            0.31376545290856456 0.8961598524382617 0.31376545290856434,
            0.31376545290856456 0.8961598524382617 0.31376545290856434,
            0.3826834323650893 0.0 0.923879532511287,
            0.3826834323650893 0.0 0.923879532511287,
            0.16980863947472002 0.8961598524382618 0.40995432042799285,
            0.16980863947472002 0.8961598524382618 0.40995432042799285,
            0.0 0.0 1.0,
            0.0 0.0 1.0,
            0.0 0.8961598524382616 0.44373135890742865,
            0.0 0.8961598524382616 0.44373135890742865,
            -0.3826834323650893 0.0 0.923879532511287,
            -0.3826834323650893 0.0 0.923879532511287,
            -0.1698086394747199 0.8961598524382619 0.4099543204279927,
            -0.1698086394747199 0.8961598524382619 0.4099543204279927,
            -0.7071067811865477 0.0 0.7071067811865475,
            -0.7071067811865477 0.0 0.7071067811865475,
            -0.3137654529085641 0.8961598524382619 0.3137654529085641,
            -0.3137654529085641 0.8961598524382619 0.3137654529085641,
            -0.9238795325112868 0.0 0.38268343236508967,
            -0.9238795325112868 0.0 0.38268343236508967,
            -0.40995432042799357 0.8961598524382614 0.16980863947472055,
            -0.40995432042799357 0.8961598524382614 0.16980863947472055,
            -1.0 0.0 2.263947159094212e-16,
            -1.0 0.0 2.263947159094212e-16,
            -0.44373135890742915 0.8961598524382614 1.1841979167701654e-16,
            -0.44373135890742915 0.8961598524382614 1.1841979167701654e-16,
            -0.9238795325112868 0.0 -0.3826834323650896,
            -0.9238795325112868 0.0 -0.3826834323650896,
            -0.4099543204279936 0.8961598524382615 -0.16980863947472039,
            -0.4099543204279936 0.8961598524382615 -0.16980863947472039,
            -0.7071067811865479 0.0 -0.7071067811865471,
            -0.7071067811865479 0.0 -0.7071067811865471,
            -0.3137654529085647 0.8961598524382616 -0.3137654529085643,
            -0.3137654529085647 0.8961598524382616 -0.3137654529085643,
            -0.38268343236508995 0.0 -0.9238795325112866,
            -0.38268343236508995 0.0 -0.9238795325112866,
            -0.16980863947472044 0.8961598524382615 -0.4099543204279933,
            -0.16980863947472044 0.8961598524382615 -0.4099543204279933,
            -1.414966974433882e-17 0.0 -1.0,
            -1.414966974433882e-17 0.0 -1.0,
            -6.965870098648032e-18 0.8961598524382609 -0.44373135890742993,
            -6.965870098648032e-18 0.8961598524382609 -0.44373135890742993,
            0.38268343236508956 0.0 -0.9238795325112868,
            0.38268343236508956 0.0 -0.9238795325112868,
            0.16980863947472052 0.8961598524382612 -0.40995432042799407,
            0.16980863947472052 0.8961598524382612 -0.40995432042799407,
            0.7071067811865474 0.0 -0.7071067811865477,
            0.7071067811865474 0.0 -0.7071067811865477,
            0.31376545290856434 0.8961598524382617 -0.31376545290856445,
            0.31376545290856434 0.8961598524382617 -0.31376545290856445,
            0.9238795325112865 0.0 -0.38268343236509017,
            0.9238795325112865 0.0 -0.38268343236509017,
            0.4099543204279932 0.8961598524382616 -0.16980863947472066,
            0.4099543204279932 0.8961598524382616 -0.16980863947472066,
            1.0 0.0 8.489801846603293e-17,
            1.0 0.0 8.489801846603293e-17,
            0.4437313589074294 -0.8961598524382612 4.17952205918882e-17,
            0.4437313589074294 -0.8961598524382612 4.17952205918882e-17,
            0.9238795325112867 0.0 0.3826834323650897,
            0.9238795325112867 0.0 0.3826834323650897,
            0.409954320427994 -0.8961598524382611 0.16980863947472075,
            0.409954320427994 -0.8961598524382611 0.16980863947472075,
            0.7071067811865477 0.0 0.7071067811865475,
            0.7071067811865477 0.0 0.7071067811865475,
            0.31376545290856456 -0.8961598524382617 0.31376545290856434,
            0.31376545290856456 -0.8961598524382617 0.31376545290856434,
            0.3826834323650893 0.0 0.923879532511287,
            0.3826834323650893 0.0 0.923879532511287,
            0.16980863947472002 -0.8961598524382618 0.40995432042799285,
            0.16980863947472002 -0.8961598524382618 0.40995432042799285,
            0.0 0.0 1.0,
            0.0 0.0 1.0,
            0.0 -0.8961598524382616 0.44373135890742865,
            0.0 -0.8961598524382616 0.44373135890742865,
            -0.3826834323650893 0.0 0.923879532511287,
            -0.3826834323650893 0.0 0.923879532511287,
            -0.1698086394747199 -0.8961598524382619 0.4099543204279927,
            -0.1698086394747199 -0.8961598524382619 0.4099543204279927,
            -0.7071067811865477 0.0 0.7071067811865475,
            -0.7071067811865477 0.0 0.7071067811865475,
            -0.3137654529085641 -0.8961598524382619 0.3137654529085641,
            -0.3137654529085641 -0.8961598524382619 0.3137654529085641,
            -0.9238795325112868 0.0 0.38268343236508967,
            -0.9238795325112868 0.0 0.38268343236508967,
            -0.40995432042799357 -0.8961598524382614 0.16980863947472055,
            -0.40995432042799357 -0.8961598524382614 0.16980863947472055,
            -1.0 0.0 2.263947159094212e-16,
            -1.0 0.0 2.263947159094212e-16,
            -0.44373135890742915 -0.8961598524382614 1.1841979167701654e-16,
            -0.44373135890742915 -0.8961598524382614 1.1841979167701654e-16,
            -0.9238795325112868 0.0 -0.3826834323650896,
            -0.9238795325112868 0.0 -0.3826834323650896,
            -0.4099543204279936 -0.8961598524382615 -0.16980863947472039,
            -0.4099543204279936 -0.8961598524382615 -0.16980863947472039,
            -0.7071067811865479 0.0 -0.7071067811865471,
            -0.7071067811865479 0.0 -0.7071067811865471,
            -0.3137654529085647 -0.8961598524382616 -0.3137654529085643,
            -0.3137654529085647 -0.8961598524382616 -0.3137654529085643,
            -0.38268343236508995 0.0 -0.9238795325112866,
            -0.38268343236508995 0.0 -0.9238795325112866,
            -0.16980863947472044 -0.8961598524382615 -0.4099543204279933,
            -0.16980863947472044 -0.8961598524382615 -0.4099543204279933,
            -1.414966974433882e-17 0.0 -1.0,
            -1.414966974433882e-17 0.0 -1.0,
            -6.965870098648032e-18 -0.8961598524382609 -0.44373135890742993,
            -6.965870098648032e-18 -0.8961598524382609 -0.44373135890742993,
            0.38268343236508956 0.0 -0.9238795325112868,
            0.38268343236508956 0.0 -0.9238795325112868,
            0.16980863947472052 -0.8961598524382612 -0.40995432042799407,
            0.16980863947472052 -0.8961598524382612 -0.40995432042799407,
            0.7071067811865474 0.0 -0.7071067811865477,
            0.7071067811865474 0.0 -0.7071067811865477,
            0.31376545290856434 -0.8961598524382617 -0.31376545290856445,
            0.31376545290856434 -0.8961598524382617 -0.31376545290856445,
            0.9238795325112865 0.0 -0.38268343236509017,
            0.9238795325112865 0.0 -0.38268343236509017,
            0.4099543204279932 -0.8961598524382616 -0.16980863947472066,
            0.4099543204279932 -0.8961598524382616 -0.16980863947472066,
            0.4437313589074294 -0.8961598524382612 4.17952205918882e-17,
            0.4437313589074294 -0.8961598524382612 4.17952205918882e-17,
            0.09379874907153307 -0.9955911784827222 -1.0410152326859078e-17,
            0.09379874907153307 -0.9955911784827222 -1.0410152326859078e-17,
            0.409954320427994 -0.8961598524382611 0.16980863947472075,
            0.409954320427994 -0.8961598524382611 0.16980863947472075,
            0.0866587444423515 -0.9955911784827222 0.035895227246246095,
            0.0866587444423515 -0.9955911784827222 0.035895227246246095,
            0.31376545290856456 -0.8961598524382617 0.31376545290856434,
            0.31376545290856456 -0.8961598524382617 0.31376545290856434,
            0.06632573153529643 -0.9955911784827222 0.06632573153529647,
            0.06632573153529643 -0.9955911784827222 0.06632573153529647,
            0.16980863947472002 -0.8961598524382618 0.40995432042799285,
            0.16980863947472002 -0.8961598524382618 0.40995432042799285,
            0.03589522724624611 -0.9955911784827222 0.08665874444235157,
            0.03589522724624611 -0.9955911784827222 0.08665874444235157,
            0.0 -0.8961598524382616 0.44373135890742865,
            0.0 -0.8961598524382616 0.44373135890742865,
            0.0 -0.9955911784827222 0.0937987490715332,
            0.0 -0.9955911784827222 0.0937987490715332,
            -0.1698086394747199 -0.8961598524382619 0.4099543204279927,
            -0.1698086394747199 -0.8961598524382619 0.4099543204279927,
            -0.03589522724624611 -0.9955911784827222 0.08665874444235161,
            -0.03589522724624611 -0.9955911784827222 0.08665874444235161,
            -0.3137654529085641 -0.8961598524382619 0.3137654529085641,
            -0.3137654529085641 -0.8961598524382619 0.3137654529085641,
            -0.06632573153529647 -0.9955911784827222 0.06632573153529654,
            -0.06632573153529647 -0.9955911784827222 0.06632573153529654,
            -0.40995432042799357 -0.8961598524382614 0.16980863947472055,
            -0.40995432042799357 -0.8961598524382614 0.16980863947472055,
            -0.08665874444235155 -0.9955911784827222 0.03589522724624611,
            -0.08665874444235155 -0.9955911784827222 0.03589522724624611,
            -0.44373135890742915 -0.8961598524382614 1.1841979167701654e-16,
            -0.44373135890742915 -0.8961598524382614 1.1841979167701654e-16,
            -0.09379874907153313 -0.9955911784827222 1.7350253878098465e-17,
            -0.09379874907153313 -0.9955911784827222 1.7350253878098465e-17,
            -0.4099543204279936 -0.8961598524382615 -0.16980863947472039,
            -0.4099543204279936 -0.8961598524382615 -0.16980863947472039,
            -0.08665874444235155 -0.9955911784827222 -0.03589522724624604,
            -0.08665874444235155 -0.9955911784827222 -0.03589522724624604,
            -0.3137654529085647 -0.8961598524382616 -0.3137654529085643,
            -0.3137654529085647 -0.8961598524382616 -0.3137654529085643,
            -0.06632573153529649 -0.9955911784827222 -0.06632573153529646,
            -0.06632573153529649 -0.9955911784827222 -0.06632573153529646,
            -0.16980863947472044 -0.8961598524382615 -0.4099543204279933,
            -0.16980863947472044 -0.8961598524382615 -0.4099543204279933,
            -0.03589522724624611 -0.9955911784827222 -0.08665874444235153,
            -0.03589522724624611 -0.9955911784827222 -0.08665874444235153,
            -6.965870098648032e-18 -0.8961598524382609 -0.44373135890742993,
            -6.965870098648032e-18 -0.8961598524382609 -0.44373135890742993,
            -2.949543159276739e-17 -0.9955911784827222 -0.09379874907153307,
            -2.949543159276739e-17 -0.9955911784827222 -0.09379874907153307,
            0.16980863947472052 -0.8961598524382612 -0.40995432042799407,
            0.16980863947472052 -0.8961598524382612 -0.40995432042799407,
            0.03589522724624608 -0.9955911784827222 -0.08665874444235147,
            0.03589522724624608 -0.9955911784827222 -0.08665874444235147,
            0.31376545290856434 -0.8961598524382617 -0.31376545290856445,
            0.31376545290856434 -0.8961598524382617 -0.31376545290856445,
            0.06632573153529643 -0.9955911784827222 -0.06632573153529646,
            0.06632573153529643 -0.9955911784827222 -0.06632573153529646,
            0.4099543204279932 -0.8961598524382616 -0.16980863947472066,
            0.4099543204279932 -0.8961598524382616 -0.16980863947472066,
            0.08665874444235146 -0.9955911784827222 -0.035895227246246136,
            0.08665874444235146 -0.9955911784827222 -0.035895227246246136,
            0.409954320427994 0.8961598524382611 0.16980863947472075,
            0.409954320427994 0.8961598524382611 0.16980863947472075,
            0.08665874444235151 0.9955911784827222 0.035895227246246095,
            0.08665874444235151 0.9955911784827222 0.035895227246246095,
            0.4437313589074294 0.8961598524382612 4.17952205918882e-17,
            0.4437313589074294 0.8961598524382612 4.17952205918882e-17,
            0.09379874907153309 0.9955911784827222 -2.0820304653718156e-17,
            0.09379874907153309 0.9955911784827222 -2.0820304653718156e-17,
            0.4099543204279932 0.8961598524382616 -0.16980863947472066,
            0.4099543204279932 0.8961598524382616 -0.16980863947472066,
            0.08665874444235146 0.9955911784827222 -0.035895227246246136,
            0.08665874444235146 0.9955911784827222 -0.035895227246246136,
            0.31376545290856434 0.8961598524382617 -0.31376545290856445,
            0.31376545290856434 0.8961598524382617 -0.31376545290856445,
            0.06632573153529643 0.9955911784827222 -0.06632573153529647,
            0.06632573153529643 0.9955911784827222 -0.06632573153529647,
            0.16980863947472052 0.8961598524382612 -0.40995432042799407,
            0.16980863947472052 0.8961598524382612 -0.40995432042799407,
            0.03589522724624607 0.9955911784827222 -0.08665874444235147,
            0.03589522724624607 0.9955911784827222 -0.08665874444235147,
            -6.965870098648032e-18 0.8961598524382609 -0.44373135890742993,
            -6.965870098648032e-18 0.8961598524382609 -0.44373135890742993,
            -2.949543159276739e-17 0.9955911784827222 -0.09379874907153307,
            -2.949543159276739e-17 0.9955911784827222 -0.09379874907153307,
            -0.16980863947472044 0.8961598524382615 -0.4099543204279933,
            -0.16980863947472044 0.8961598524382615 -0.4099543204279933,
            -0.03589522724624612 0.9955911784827222 -0.08665874444235153,
            -0.03589522724624612 0.9955911784827222 -0.08665874444235153,
            -0.3137654529085647 0.8961598524382616 -0.3137654529085643,
            -0.3137654529085647 0.8961598524382616 -0.3137654529085643,
            -0.06632573153529649 0.9955911784827222 -0.06632573153529644,
            -0.06632573153529649 0.9955911784827222 -0.06632573153529644,
            -0.4099543204279936 0.8961598524382615 -0.16980863947472039,
            -0.4099543204279936 0.8961598524382615 -0.16980863947472039,
            -0.08665874444235155 0.9955911784827222 -0.03589522724624605,
            -0.08665874444235155 0.9955911784827222 -0.03589522724624605,
            -0.44373135890742915 0.8961598524382614 1.1841979167701654e-16,
            -0.44373135890742915 0.8961598524382614 1.1841979167701654e-16,
            -0.09379874907153313 0.9955911784827222 1.3880203102478774e-17,
            -0.09379874907153313 0.9955911784827222 1.3880203102478774e-17,
            -0.40995432042799357 0.8961598524382614 0.16980863947472055,
            -0.40995432042799357 0.8961598524382614 0.16980863947472055,
            -0.08665874444235154 0.9955911784827222 0.03589522724624613,
            -0.08665874444235154 0.9955911784827222 0.03589522724624613,
            -0.3137654529085641 0.8961598524382619 0.3137654529085641,
            -0.3137654529085641 0.8961598524382619 0.3137654529085641,
            -0.06632573153529646 0.9955911784827222 0.06632573153529654,
            -0.06632573153529646 0.9955911784827222 0.06632573153529654,
            -0.1698086394747199 0.8961598524382619 0.4099543204279927,
            -0.1698086394747199 0.8961598524382619 0.4099543204279927,
            -0.03589522724624612 0.9955911784827222 0.08665874444235161,
            -0.03589522724624612 0.9955911784827222 0.08665874444235161,
            0.0 0.8961598524382616 0.44373135890742865,
            0.0 0.8961598524382616 0.44373135890742865,
            1.7350253878098467e-18 0.9955911784827222 0.09379874907153318,
            1.7350253878098467e-18 0.9955911784827222 0.09379874907153318,
            0.16980863947472002 0.8961598524382618 0.40995432042799285,
            0.16980863947472002 0.8961598524382618 0.40995432042799285,
            0.03589522724624611 0.9955911784827222 0.08665874444235155,
            0.03589522724624611 0.9955911784827222 0.08665874444235155,
            0.31376545290856456 0.8961598524382617 0.31376545290856434,
            0.31376545290856456 0.8961598524382617 0.31376545290856434,
            0.06632573153529643 0.9955911784827222 0.06632573153529649,
            0.06632573153529643 0.9955911784827222 0.06632573153529649,
            0.09379874907153307 -0.9955911784827222 -1.0410152326859078e-17,
            0.09379874907153307 -0.9955911784827222 -1.0410152326859078e-17,
            0.0 -1.0 1.625892092358219e-17,
            0.0866587444423515 -0.9955911784827222 0.035895227246246095,
            0.0866587444423515 -0.9955911784827222 0.035895227246246095,
            0.0 -1.0 1.625892092358219e-17,
            0.06632573153529643 -0.9955911784827222 0.06632573153529647,
            0.06632573153529643 -0.9955911784827222 0.06632573153529647,
            0.0 -1.0 1.625892092358219e-17,
            0.03589522724624611 -0.9955911784827222 0.08665874444235157,
            0.03589522724624611 -0.9955911784827222 0.08665874444235157,
            0.0 -1.0 1.625892092358219e-17,
            0.0 -0.9955911784827222 0.0937987490715332,
            0.0 -0.9955911784827222 0.0937987490715332,
            0.0 -1.0 1.625892092358219e-17,
            -0.03589522724624611 -0.9955911784827222 0.08665874444235161,
            -0.03589522724624611 -0.9955911784827222 0.08665874444235161,
            0.0 -1.0 1.625892092358219e-17,
            -0.06632573153529647 -0.9955911784827222 0.06632573153529654,
            -0.06632573153529647 -0.9955911784827222 0.06632573153529654,
            0.0 -1.0 1.625892092358219e-17,
            -0.08665874444235155 -0.9955911784827222 0.03589522724624611,
            -0.08665874444235155 -0.9955911784827222 0.03589522724624611,
            0.0 -1.0 1.625892092358219e-17,
            -0.09379874907153313 -0.9955911784827222 1.7350253878098465e-17,
            -0.09379874907153313 -0.9955911784827222 1.7350253878098465e-17,
            0.0 -1.0 1.625892092358219e-17,
            -0.08665874444235155 -0.9955911784827222 -0.03589522724624604,
            -0.08665874444235155 -0.9955911784827222 -0.03589522724624604,
            0.0 -1.0 1.625892092358219e-17,
            -0.06632573153529649 -0.9955911784827222 -0.06632573153529646,
            -0.06632573153529649 -0.9955911784827222 -0.06632573153529646,
            0.0 -1.0 1.625892092358219e-17,
            -0.03589522724624611 -0.9955911784827222 -0.08665874444235153,
            -0.03589522724624611 -0.9955911784827222 -0.08665874444235153,
            0.0 -1.0 1.625892092358219e-17,
            -2.949543159276739e-17 -0.9955911784827222 -0.09379874907153307,
            -2.949543159276739e-17 -0.9955911784827222 -0.09379874907153307,
            0.0 -1.0 1.625892092358219e-17,
            0.03589522724624608 -0.9955911784827222 -0.08665874444235147,
            0.03589522724624608 -0.9955911784827222 -0.08665874444235147,
            0.0 -1.0 1.625892092358219e-17,
            0.06632573153529643 -0.9955911784827222 -0.06632573153529646,
            0.06632573153529643 -0.9955911784827222 -0.06632573153529646,
            0.0 -1.0 1.625892092358219e-17,
            0.08665874444235146 -0.9955911784827222 -0.035895227246246136,
            0.08665874444235146 -0.9955911784827222 -0.035895227246246136,
            0.0 -1.0 1.625892092358219e-17,
            0.08665874444235151 0.9955911784827222 0.035895227246246095,
            0.08665874444235151 0.9955911784827222 0.035895227246246095,
            0.0 1.0 -1.9215088364233503e-17,
            0.09379874907153309 0.9955911784827222 -2.0820304653718156e-17,
            0.09379874907153309 0.9955911784827222 -2.0820304653718156e-17,
            0.0 1.0 -1.9215088364233503e-17,
            0.08665874444235146 0.9955911784827222 -0.035895227246246136,
            0.08665874444235146 0.9955911784827222 -0.035895227246246136,
            0.0 1.0 -1.9215088364233503e-17,
            0.06632573153529643 0.9955911784827222 -0.06632573153529647,
            0.06632573153529643 0.9955911784827222 -0.06632573153529647,
            0.0 1.0 -1.9215088364233503e-17,
            0.03589522724624607 0.9955911784827222 -0.08665874444235147,
            0.03589522724624607 0.9955911784827222 -0.08665874444235147,
            0.0 1.0 -1.9215088364233503e-17,
            -2.949543159276739e-17 0.9955911784827222 -0.09379874907153307,
            -2.949543159276739e-17 0.9955911784827222 -0.09379874907153307,
            0.0 1.0 -1.9215088364233503e-17,
            -0.03589522724624612 0.9955911784827222 -0.08665874444235153,
            -0.03589522724624612 0.9955911784827222 -0.08665874444235153,
            0.0 1.0 -1.9215088364233503e-17,
            -0.06632573153529649 0.9955911784827222 -0.06632573153529644,
            -0.06632573153529649 0.9955911784827222 -0.06632573153529644,
            0.0 1.0 -1.9215088364233503e-17,
            -0.08665874444235155 0.9955911784827222 -0.03589522724624605,
            -0.08665874444235155 0.9955911784827222 -0.03589522724624605,
            0.0 1.0 -1.9215088364233503e-17,
            -0.09379874907153313 0.9955911784827222 1.3880203102478774e-17,
            -0.09379874907153313 0.9955911784827222 1.3880203102478774e-17,
            0.0 1.0 -1.9215088364233503e-17,
            -0.08665874444235154 0.9955911784827222 0.03589522724624613,
            -0.08665874444235154 0.9955911784827222 0.03589522724624613,
            0.0 1.0 -1.9215088364233503e-17,
            -0.06632573153529646 0.9955911784827222 0.06632573153529654,
            -0.06632573153529646 0.9955911784827222 0.06632573153529654,
            0.0 1.0 -1.9215088364233503e-17,
            -0.03589522724624612 0.9955911784827222 0.08665874444235161,
            -0.03589522724624612 0.9955911784827222 0.08665874444235161,
            0.0 1.0 -1.9215088364233503e-17,
            1.7350253878098467e-18 0.9955911784827222 0.09379874907153318,
            1.7350253878098467e-18 0.9955911784827222 0.09379874907153318,
            0.0 1.0 -1.9215088364233503e-17,
            0.03589522724624611 0.9955911784827222 0.08665874444235155,
            0.03589522724624611 0.9955911784827222 0.08665874444235155,
            0.0 1.0 -1.9215088364233503e-17,
            0.06632573153529643 0.9955911784827222 0.06632573153529649,
            0.06632573153529643 0.9955911784827222 0.06632573153529649,
            0.0 1.0 -1.9215088364233503e-17 ]
        }
        normalIndex [
          1, 5, 69, 65, -1,
          3, 62, 200, 197, -1,
          0, 64, 124, 60, -1,
          2, 196, 192, 6, -1,
          4, 9, 73, 68, -1,
          7, 193, 253, 11, -1,
          8, 13, 77, 72, -1,
          10, 252, 249, 15, -1,
          12, 17, 81, 76, -1,
          14, 248, 245, 19, -1,
          16, 21, 85, 80, -1,
          18, 244, 241, 23, -1,
          20, 25, 89, 84, -1,
          22, 240, 237, 27, -1,
          24, 29, 93, 88, -1,
          26, 236, 233, 31, -1,
          28, 33, 97, 92, -1,
          30, 232, 229, 35, -1,
          32, 37, 101, 96, -1,
          34, 228, 225, 39, -1,
          36, 41, 105, 100, -1,
          38, 224, 221, 43, -1,
          40, 45, 109, 104, -1,
          42, 220, 217, 47, -1,
          44, 49, 113, 108, -1,
          46, 216, 213, 51, -1,
          48, 53, 117, 112, -1,
          50, 212, 209, 55, -1,
          52, 57, 121, 116, -1,
          54, 208, 205, 59, -1,
          56, 61, 125, 120, -1,
          58, 204, 201, 63, -1,
          66, 70, 132, 128, -1,
          67, 129, 189, 127, -1,
          71, 74, 136, 133, -1,
          75, 78, 140, 137, -1,
          79, 82, 144, 141, -1,
          83, 86, 148, 145, -1,
          87, 90, 152, 149, -1,
          91, 94, 156, 153, -1,
          95, 98, 160, 157, -1,
          99, 102, 164, 161, -1,
          103, 106, 168, 165, -1,
          107, 110, 172, 169, -1,
          111, 114, 176, 173, -1,
          115, 118, 180, 177, -1,
          119, 122, 184, 181, -1,
          123, 126, 188, 185, -1,
          130, 134, 259, 256, -1,
          131, 257, 302, 191, -1,
          135, 138, 262, 260, -1,
          139, 142, 265, 263, -1,
          143, 146, 268, 266, -1,
          147, 150, 271, 269, -1,
          151, 154, 274, 272, -1,
          155, 158, 277, 275, -1,
          159, 162, 280, 278, -1,
          163, 166, 283, 281, -1,
          167, 170, 286, 284, -1,
          171, 174, 289, 287, -1,
          175, 178, 292, 290, -1,
          179, 182, 295, 293, -1,
          183, 186, 298, 296, -1,
          187, 190, 301, 299, -1,
          194, 198, 307, 304, -1,
          195, 305, 350, 255, -1,
          199, 202, 310, 308, -1,
          203, 206, 313, 311, -1,
          207, 210, 316, 314, -1,
          211, 214, 319, 317, -1,
          215, 218, 322, 320, -1,
          219, 222, 325, 323, -1,
          223, 226, 328, 326, -1,
          227, 230, 331, 329, -1,
          231, 234, 334, 332, -1,
          235, 238, 337, 335, -1,
          239, 242, 340, 338, -1,
          243, 246, 343, 341, -1,
          247, 250, 346, 344, -1,
          251, 254, 349, 347, -1,
          258, 261, 264, 267, 270, 273, 276, 279, 282, 285, 288, 291, 294, 297, 300, 303, -1,
          306, 309, 312, 315, 318, 321, 324, 327, 330, 333, 336, 339, 342, 345, 348, 351, -1 ]
      }
    }

  ]
}

