#VRML V2.0 utf8
#Exported from Wings 3D 2.4.1
DEF Cylinder7_copy8 Transform {
  children [
    Shape {
      appearance Appearance {
        material DEF pins Material {
          diffuseColor 0.6 0.6 0.6
          emissiveColor 0.0 0.0 0.0
          specularColor 0.5999999905136262 0.5999999905136262 0.5999999905136262
          ambientIntensity 1.0
          transparency 0.0
          shininess 0.5
        }
      }
      geometry IndexedFaceSet {
        normalPerVertex TRUE
        coord Coordinate {
          point [
            2.12849983465 -1.45670044094 1.0,
            2.116320559851806 -1.5179297901184143 1.0,
            2.081636919639848 -1.5698375259298476 1.0,
            2.0297291838284144 -1.6045211661418057 1.0,
            1.96849983465 -1.6167004409399999 1.0,
            1.9072704854715856 -1.6045211661418057 1.0,
            1.8553627496601524 -1.5698375259298476 1.0,
            1.8206791094481942 -1.5179297901184143 1.0,
            1.80849983465 -1.45670044094 1.0,
            1.8206791094481942 -1.3954710917615856 1.0,
            1.8553627496601524 -1.3435633559501523 1.0,
            1.9072704854715856 -1.308879715738194 1.0,
            1.96849983465 -1.2967004409399998 1.0,
            2.0297291838284144 -1.308879715738194 1.0,
            2.081636919639848 -1.3435633559501523 1.0,
            2.116320559851806 -1.3954710917615853 1.0,
            2.12849983465 -1.45670044094 -1.0,
            2.116320559851806 -1.5179297901184143 -1.0,
            2.081636919639848 -1.5698375259298476 -1.0,
            2.0297291838284144 -1.604521166141806 -1.0,
            1.96849983465 -1.61670044094 -1.0,
            1.9072704854715856 -1.604521166141806 -1.0,
            1.8553627496601524 -1.5698375259298476 -1.0,
            1.8206791094481942 -1.5179297901184143 -1.0,
            1.80849983465 -1.45670044094 -1.0,
            1.8206791094481942 -1.3954710917615856 -1.0,
            1.8553627496601524 -1.3435633559501523 -1.0,
            1.9072704854715856 -1.3088797157381942 -1.0,
            1.96849983465 -1.29670044094 -1.0,
            2.0297291838284144 -1.3088797157381942 -1.0,
            2.081636919639848 -1.3435633559501523 -1.0,
            2.116320559851806 -1.3954710917615856 -1.0 ]
        }
        coordIndex [
          0, 1, 17, 16, -1,
          0, 15, 14, 13, 12, 11, 10, 9, 8, 7, 6, 5, 4, 3, 2, 1, -1,
          0, 16, 31, 15, -1,
          1, 2, 18, 17, -1,
          2, 3, 19, 18, -1,
          3, 4, 20, 19, -1,
          4, 5, 21, 20, -1,
          5, 6, 22, 21, -1,
          6, 7, 23, 22, -1,
          7, 8, 24, 23, -1,
          8, 9, 25, 24, -1,
          9, 10, 26, 25, -1,
          10, 11, 27, 26, -1,
          11, 12, 28, 27, -1,
          12, 13, 29, 28, -1,
          13, 14, 30, 29, -1,
          14, 15, 31, 30, -1,
          16, 17, 18, 19, 20, 21, 22, 23, 24, 25, 26, 27, 28, 29, 30, 31, -1 ]
        normal Normal {
          vector [
            0.0 0.0 1.0,
            1.0 -1.6979603693206584e-16 -5.5335093945627595e-18,
            1.0 -1.6979603693206584e-16 -5.5335093945627595e-18,
            0.0 0.0 1.0,
            0.9238795325112876 -0.3826834323650875 0.0,
            0.9238795325112876 -0.3826834323650875 0.0,
            0.0 0.0 1.0,
            0.7071067811865485 -0.7071067811865467 2.3462079832946098e-17,
            0.7071067811865485 -0.7071067811865467 2.3462079832946098e-17,
            0.0 0.0 1.0,
            0.38268343236508867 -0.9238795325112872 7.901851415435624e-17,
            0.38268343236508867 -0.9238795325112872 7.901851415435624e-17,
            0.0 0.0 1.0,
            0.0 -1.0 1.111128686428204e-16,
            0.0 -1.0 1.111128686428204e-16,
            0.0 0.0 1.0,
            -0.3826834323650896 -0.9238795325112868 7.901851415435634e-17,
            -0.3826834323650896 -0.9238795325112868 7.901851415435634e-17,
            0.0 0.0 1.0,
            -0.707106781186548 -0.707106781186547 2.3462079832946154e-17,
            -0.707106781186548 -0.707106781186547 2.3462079832946154e-17,
            0.0 0.0 1.0,
            -0.9238795325112871 -0.3826834323650889 0.0,
            -0.9238795325112871 -0.3826834323650889 0.0,
            0.0 0.0 1.0,
            -1.0 0.0 0.0,
            -1.0 0.0 0.0,
            0.0 0.0 1.0,
            -0.9238795325112871 0.3826834323650889 0.0,
            -0.9238795325112871 0.3826834323650889 0.0,
            0.0 0.0 1.0,
            -0.707106781186548 0.707106781186547 -2.3462079832946154e-17,
            -0.707106781186548 0.707106781186547 -2.3462079832946154e-17,
            0.0 0.0 1.0,
            -0.3826834323650896 0.9238795325112868 -7.901851415435634e-17,
            -0.3826834323650896 0.9238795325112868 -7.901851415435634e-17,
            0.0 0.0 1.0,
            0.0 1.0 -1.111128686428204e-16,
            0.0 1.0 -1.111128686428204e-16,
            0.0 0.0 1.0,
            0.38268343236508867 0.9238795325112872 -7.901851415435624e-17,
            0.38268343236508867 0.9238795325112872 -7.901851415435624e-17,
            0.0 0.0 1.0,
            0.707106781186548 0.7071067811865469 -3.9398586889286954e-17,
            0.707106781186548 0.7071067811865469 -3.9398586889286954e-17,
            0.0 0.0 1.0,
            0.9238795325112875 0.38268343236508784 -2.14700164509036e-17,
            0.9238795325112875 0.38268343236508784 -2.14700164509036e-17,
            0.0 0.0 -1.0,
            1.0 -1.6979603693206584e-16 -5.5335093945627595e-18,
            1.0 -1.6979603693206584e-16 -5.5335093945627595e-18,
            0.0 0.0 -1.0,
            0.9238795325112876 -0.3826834323650875 0.0,
            0.9238795325112876 -0.3826834323650875 0.0,
            0.0 0.0 -1.0,
            0.7071067811865485 -0.7071067811865467 2.3462079832946098e-17,
            0.7071067811865485 -0.7071067811865467 2.3462079832946098e-17,
            0.0 0.0 -1.0,
            0.38268343236508867 -0.9238795325112872 7.901851415435624e-17,
            0.38268343236508867 -0.9238795325112872 7.901851415435624e-17,
            0.0 0.0 -1.0,
            0.0 -1.0 1.111128686428204e-16,
            0.0 -1.0 1.111128686428204e-16,
            0.0 0.0 -1.0,
            -0.3826834323650896 -0.9238795325112868 7.901851415435634e-17,
            -0.3826834323650896 -0.9238795325112868 7.901851415435634e-17,
            0.0 0.0 -1.0,
            -0.707106781186548 -0.707106781186547 2.3462079832946154e-17,
            -0.707106781186548 -0.707106781186547 2.3462079832946154e-17,
            0.0 0.0 -1.0,
            -0.9238795325112871 -0.3826834323650889 0.0,
            -0.9238795325112871 -0.3826834323650889 0.0,
            0.0 0.0 -1.0,
            -1.0 0.0 0.0,
            -1.0 0.0 0.0,
            0.0 0.0 -1.0,
            -0.9238795325112871 0.3826834323650889 0.0,
            -0.9238795325112871 0.3826834323650889 0.0,
            0.0 0.0 -1.0,
            -0.707106781186548 0.707106781186547 -2.3462079832946154e-17,
            -0.707106781186548 0.707106781186547 -2.3462079832946154e-17,
            0.0 0.0 -1.0,
            -0.3826834323650896 0.9238795325112868 -7.901851415435634e-17,
            -0.3826834323650896 0.9238795325112868 -7.901851415435634e-17,
            0.0 0.0 -1.0,
            0.0 1.0 -1.111128686428204e-16,
            0.0 1.0 -1.111128686428204e-16,
            0.0 0.0 -1.0,
            0.38268343236508867 0.9238795325112872 -7.901851415435624e-17,
            0.38268343236508867 0.9238795325112872 -7.901851415435624e-17,
            0.0 0.0 -1.0,
            0.707106781186548 0.7071067811865469 -3.9398586889286954e-17,
            0.707106781186548 0.7071067811865469 -3.9398586889286954e-17,
            0.0 0.0 -1.0,
            0.9238795325112875 0.38268343236508784 -2.14700164509036e-17,
            0.9238795325112875 0.38268343236508784 -2.14700164509036e-17 ]
        }
        normalIndex [
          2, 5, 53, 50, -1,
          0, 45, 42, 39, 36, 33, 30, 27, 24, 21, 18, 15, 12, 9, 6, 3, -1,
          1, 49, 94, 46, -1,
          4, 8, 56, 52, -1,
          7, 11, 59, 55, -1,
          10, 14, 62, 58, -1,
          13, 17, 65, 61, -1,
          16, 20, 68, 64, -1,
          19, 23, 71, 67, -1,
          22, 26, 74, 70, -1,
          25, 29, 77, 73, -1,
          28, 32, 80, 76, -1,
          31, 35, 83, 79, -1,
          34, 38, 86, 82, -1,
          37, 41, 89, 85, -1,
          40, 44, 92, 88, -1,
          43, 47, 95, 91, -1,
          48, 51, 54, 57, 60, 63, 66, 69, 72, 75, 78, 81, 84, 87, 90, 93, -1 ]
      }
    }

  ]
}

DEF Cylinder7 Transform {
  children [
    Shape {
      appearance Appearance {
        material USE pins
      }
      geometry IndexedFaceSet {
        normalPerVertex TRUE
        coord Coordinate {
          point [
            -1.80849983465 1.45670044094 1.0,
            -1.8206791094481942 1.3954710917615856 1.0,
            -1.8553627496601524 1.3435633559501523 1.0,
            -1.9072704854715856 1.3088797157381942 1.0,
            -1.96849983465 1.29670044094 1.0,
            -2.0297291838284144 1.3088797157381942 1.0,
            -2.0816369196398474 1.3435633559501523 1.0,
            -2.116320559851806 1.3954710917615856 1.0,
            -2.12849983465 1.45670044094 1.0,
            -2.116320559851806 1.5179297901184143 1.0,
            -2.0816369196398474 1.5698375259298476 1.0,
            -2.0297291838284144 1.604521166141806 1.0,
            -1.96849983465 1.61670044094 1.0,
            -1.9072704854715856 1.604521166141806 1.0,
            -1.8553627496601524 1.5698375259298476 1.0,
            -1.8206791094481942 1.5179297901184146 1.0,
            -1.80849983465 1.45670044094 -1.0,
            -1.8206791094481942 1.3954710917615856 -1.0,
            -1.8553627496601524 1.3435633559501523 -1.0,
            -1.9072704854715856 1.308879715738194 -1.0,
            -1.96849983465 1.2967004409399998 -1.0,
            -2.0297291838284144 1.308879715738194 -1.0,
            -2.0816369196398474 1.3435633559501523 -1.0,
            -2.116320559851806 1.3954710917615856 -1.0,
            -2.12849983465 1.45670044094 -1.0,
            -2.116320559851806 1.5179297901184143 -1.0,
            -2.0816369196398474 1.5698375259298476 -1.0,
            -2.0297291838284144 1.6045211661418057 -1.0,
            -1.96849983465 1.6167004409399999 -1.0,
            -1.9072704854715856 1.6045211661418057 -1.0,
            -1.8553627496601524 1.5698375259298476 -1.0,
            -1.8206791094481942 1.5179297901184143 -1.0 ]
        }
        coordIndex [
          0, 1, 17, 16, -1,
          0, 15, 14, 13, 12, 11, 10, 9, 8, 7, 6, 5, 4, 3, 2, 1, -1,
          0, 16, 31, 15, -1,
          1, 2, 18, 17, -1,
          2, 3, 19, 18, -1,
          3, 4, 20, 19, -1,
          4, 5, 21, 20, -1,
          5, 6, 22, 21, -1,
          6, 7, 23, 22, -1,
          7, 8, 24, 23, -1,
          8, 9, 25, 24, -1,
          9, 10, 26, 25, -1,
          10, 11, 27, 26, -1,
          11, 12, 28, 27, -1,
          12, 13, 29, 28, -1,
          13, 14, 30, 29, -1,
          14, 15, 31, 30, -1,
          16, 17, 18, 19, 20, 21, 22, 23, 24, 25, 26, 27, 28, 29, 30, 31, -1 ]
        normal Normal {
          vector [
            0.0 -0.0 1.0,
            1.0 -1.6979603693206584e-16 -5.5335093945627595e-18,
            1.0 -1.6979603693206584e-16 -5.5335093945627595e-18,
            0.0 -0.0 1.0,
            0.9238795325112871 -0.3826834323650889 0.0,
            0.9238795325112871 -0.3826834323650889 0.0,
            0.0 -0.0 1.0,
            0.707106781186548 -0.707106781186547 2.3462079832946154e-17,
            0.707106781186548 -0.707106781186547 2.3462079832946154e-17,
            0.0 -0.0 1.0,
            0.3826834323650896 -0.9238795325112868 7.901851415435634e-17,
            0.3826834323650896 -0.9238795325112868 7.901851415435634e-17,
            0.0 -0.0 1.0,
            0.0 -1.0 1.111128686428204e-16,
            0.0 -1.0 1.111128686428204e-16,
            0.0 -0.0 1.0,
            -0.3826834323650905 -0.9238795325112865 7.901851415435641e-17,
            -0.3826834323650905 -0.9238795325112865 7.901851415435641e-17,
            0.0 -0.0 1.0,
            -0.7071067811865477 -0.7071067811865474 2.3462079832946212e-17,
            -0.7071067811865477 -0.7071067811865474 2.3462079832946212e-17,
            0.0 -0.0 1.0,
            -0.9238795325112865 -0.3826834323650902 0.0,
            -0.9238795325112865 -0.3826834323650902 0.0,
            0.0 -0.0 1.0,
            -1.0 0.0 0.0,
            -1.0 0.0 0.0,
            0.0 -0.0 1.0,
            -0.9238795325112865 0.3826834323650902 0.0,
            -0.9238795325112865 0.3826834323650902 0.0,
            0.0 -0.0 1.0,
            -0.7071067811865477 0.7071067811865474 -2.3462079832946212e-17,
            -0.7071067811865477 0.7071067811865474 -2.3462079832946212e-17,
            0.0 -0.0 1.0,
            -0.3826834323650905 0.9238795325112865 -7.901851415435641e-17,
            -0.3826834323650905 0.9238795325112865 -7.901851415435641e-17,
            0.0 -0.0 1.0,
            0.0 1.0 -1.111128686428204e-16,
            0.0 1.0 -1.111128686428204e-16,
            0.0 -0.0 1.0,
            0.3826834323650896 0.9238795325112868 -7.901851415435634e-17,
            0.3826834323650896 0.9238795325112868 -7.901851415435634e-17,
            0.0 -0.0 1.0,
            0.7071067811865477 0.7071067811865474 -3.8955906137721945e-17,
            0.7071067811865477 0.7071067811865474 -3.8955906137721945e-17,
            0.0 -0.0 1.0,
            0.923879532511287 0.38268343236508917 -2.102733569933855e-17,
            0.923879532511287 0.38268343236508917 -2.102733569933855e-17,
            0.0 -0.0 -1.0,
            1.0 -1.6979603693206584e-16 -5.5335093945627595e-18,
            1.0 -1.6979603693206584e-16 -5.5335093945627595e-18,
            0.0 -0.0 -1.0,
            0.9238795325112871 -0.3826834323650889 0.0,
            0.9238795325112871 -0.3826834323650889 0.0,
            0.0 -0.0 -1.0,
            0.707106781186548 -0.707106781186547 2.3462079832946154e-17,
            0.707106781186548 -0.707106781186547 2.3462079832946154e-17,
            0.0 -0.0 -1.0,
            0.3826834323650896 -0.9238795325112868 7.901851415435634e-17,
            0.3826834323650896 -0.9238795325112868 7.901851415435634e-17,
            0.0 -0.0 -1.0,
            0.0 -1.0 1.111128686428204e-16,
            0.0 -1.0 1.111128686428204e-16,
            0.0 -0.0 -1.0,
            -0.3826834323650905 -0.9238795325112865 7.901851415435641e-17,
            -0.3826834323650905 -0.9238795325112865 7.901851415435641e-17,
            0.0 -0.0 -1.0,
            -0.7071067811865477 -0.7071067811865474 2.3462079832946212e-17,
            -0.7071067811865477 -0.7071067811865474 2.3462079832946212e-17,
            0.0 -0.0 -1.0,
            -0.9238795325112865 -0.3826834323650902 0.0,
            -0.9238795325112865 -0.3826834323650902 0.0,
            0.0 -0.0 -1.0,
            -1.0 0.0 0.0,
            -1.0 0.0 0.0,
            0.0 -0.0 -1.0,
            -0.9238795325112865 0.3826834323650902 0.0,
            -0.9238795325112865 0.3826834323650902 0.0,
            0.0 -0.0 -1.0,
            -0.7071067811865477 0.7071067811865474 -2.3462079832946212e-17,
            -0.7071067811865477 0.7071067811865474 -2.3462079832946212e-17,
            0.0 -0.0 -1.0,
            -0.3826834323650905 0.9238795325112865 -7.901851415435641e-17,
            -0.3826834323650905 0.9238795325112865 -7.901851415435641e-17,
            0.0 -0.0 -1.0,
            0.0 1.0 -1.111128686428204e-16,
            0.0 1.0 -1.111128686428204e-16,
            0.0 -0.0 -1.0,
            0.3826834323650896 0.9238795325112868 -7.901851415435634e-17,
            0.3826834323650896 0.9238795325112868 -7.901851415435634e-17,
            0.0 -0.0 -1.0,
            0.7071067811865477 0.7071067811865474 -3.8955906137721945e-17,
            0.7071067811865477 0.7071067811865474 -3.8955906137721945e-17,
            0.0 -0.0 -1.0,
            0.923879532511287 0.38268343236508917 -2.102733569933855e-17,
            0.923879532511287 0.38268343236508917 -2.102733569933855e-17 ]
        }
        normalIndex [
          2, 5, 53, 50, -1,
          0, 45, 42, 39, 36, 33, 30, 27, 24, 21, 18, 15, 12, 9, 6, 3, -1,
          1, 49, 94, 46, -1,
          4, 8, 56, 52, -1,
          7, 11, 59, 55, -1,
          10, 14, 62, 58, -1,
          13, 17, 65, 61, -1,
          16, 20, 68, 64, -1,
          19, 23, 71, 67, -1,
          22, 26, 74, 70, -1,
          25, 29, 77, 73, -1,
          28, 32, 80, 76, -1,
          31, 35, 83, 79, -1,
          34, 38, 86, 82, -1,
          37, 41, 89, 85, -1,
          40, 44, 92, 88, -1,
          43, 47, 95, 91, -1,
          48, 51, 54, 57, 60, 63, 66, 69, 72, 75, 78, 81, 84, 87, 90, 93, -1 ]
      }
    }

  ]
}

DEF Cylinder1 Transform {
  children [
    Shape {
      appearance Appearance {
        material DEF body Material {
          diffuseColor 0.1 0.1 1.0
          emissiveColor 0.0 0.0 0.0
          specularColor 0.1 0.1 1.0
          ambientIntensity 1.0
          transparency 0.0
          shininess 0.5
        }
      }
      geometry IndexedFaceSet {
        normalPerVertex TRUE
        coord Coordinate {
          point [
            2.3622000000058128 1.25 2.7999999999999994,
            2.182388231703532 1.25 3.703974803935039,
            1.6703276385229726 1.25 4.470327638522973,
            0.9039748039350396 1.25 4.982388231703531,
            1.8452779560757743e-16 1.25 5.1622000000058135,
            -0.9039748039350394 1.25 4.982388231703531,
            -1.6703276385229724 1.25 4.470327638522973,
            -2.182388231703532 1.25 3.703974803935039,
            -2.3622000000058128 1.25 2.8000000000000007,
            -2.182388231703532 1.25 1.896025196064961,
            -1.670327638522973 1.25 1.1296723614770272,
            -0.9039748039350407 1.25 0.6176117682964688,
            -3.9404433818302175e-16 1.25 0.43779999999418706,
            0.90397480393504 1.25 0.6176117682964684,
            1.6703276385229724 1.25 1.1296723614770268,
            2.182388231703531 1.25 1.8960251960649586,
            2.3622000000058128 -1.25 2.7999999999999994,
            2.182388231703532 -1.25 3.703974803935039,
            1.6703276385229726 -1.25 4.470327638522973,
            0.9039748039350396 -1.25 4.982388231703531,
            1.8452779560757743e-16 -1.25 5.1622000000058135,
            -0.9039748039350394 -1.25 4.982388231703531,
            -1.6703276385229724 -1.25 4.470327638522973,
            -2.182388231703532 -1.25 3.703974803935039,
            -2.3622000000058128 -1.25 2.8000000000000007,
            -2.182388231703532 -1.25 1.896025196064961,
            -1.670327638522973 -1.25 1.1296723614770272,
            -0.9039748039350407 -1.25 0.6176117682964688,
            -3.9404433818302175e-16 -1.25 0.43779999999418706,
            0.90397480393504 -1.25 0.6176117682964684,
            1.6703276385229724 -1.25 1.1296723614770268,
            2.182388231703531 -1.25 1.8960251960649586,
            2.2346412000054987 -1.35 2.7999999999999994,
            2.064539267191541 -1.35 3.655160164522546,
            1.580129946042732 -1.35 4.380129946042732,
            0.8551601645225475 -1.35 4.864539267191541,
            1.6872246682336132e-16 -1.35 5.034641200005498,
            -0.8551601645225473 -1.35 4.864539267191541,
            -1.5801299460427318 -1.35 4.380129946042732,
            -2.064539267191541 -1.35 3.655160164522546,
            -2.2346412000054987 -1.35 2.8000000000000007,
            -2.064539267191541 -1.35 1.9448398354774534,
            -1.5801299460427325 -1.35 1.2198700539572678,
            -0.8551601645225484 -1.35 0.7354607328084595,
            -3.786067717425455e-16 -1.35 0.5653587999945011,
            0.8551601645225477 -1.35 0.7354607328084595,
            1.5801299460427318 -1.35 1.219870053957267,
            2.0645392671915404 -1.35 1.9448398354774503,
            2.064539267191541 1.35 3.655160164522546,
            2.2346412000054987 1.35 2.7999999999999994,
            2.0645392671915404 1.35 1.9448398354774503,
            1.5801299460427318 1.35 1.219870053957267,
            0.8551601645225477 1.35 0.7354607328084595,
            -3.808909445934148e-16 1.35 0.5653587999945011,
            -0.8551601645225484 1.35 0.7354607328084595,
            -1.5801299460427325 1.35 1.2198700539572678,
            -2.064539267191541 1.35 1.9448398354774534,
            -2.2346412000054987 1.35 2.8000000000000007,
            -2.064539267191541 1.35 3.655160164522546,
            -1.5801299460427318 1.35 4.380129946042732,
            -0.8551601645225473 1.35 4.864539267191541,
            1.6643829397249197e-16 1.35 5.034641200005498,
            0.8551601645225475 1.35 4.864539267191541,
            1.580129946042732 1.35 4.380129946042732,
            1.5642488400038488 -1.45 2.7999999999999994,
            1.4451774870340788 -1.45 3.398612115165783,
            1.1060909622299124 -1.45 3.9060909622299116,
            0.5986121151657833 -1.45 4.245177487034079,
            9.834653249558932e-17 -1.45 4.364248840003849,
            -0.598612115165783 -1.45 4.245177487034079,
            -1.1060909622299122 -1.45 3.906090962229913,
            -1.4451774870340788 -1.45 3.398612115165783,
            -1.5642488400038488 -1.45 2.8000000000000007,
            -1.4451774870340788 -1.45 2.201387884834217,
            -1.1060909622299127 -1.45 1.6939090377700872,
            -0.5986121151657838 -1.45 1.3548225129659215,
            -2.847839345005455e-16 -1.45 1.2357511599961515,
            0.5986121151657834 -1.45 1.3548225129659215,
            1.1060909622299122 -1.45 1.6939090377700872,
            1.4451774870340781 -1.45 2.2013878848342157,
            1.445177487034079 1.45 3.398612115165783,
            1.5642488400038488 1.45 2.7999999999999994,
            1.4451774870340783 1.45 2.2013878848342157,
            1.1060909622299124 1.45 1.6939090377700872,
            0.5986121151657833 1.45 1.3548225129659215,
            -3.2445240301064425e-16 1.45 1.2357511599961515,
            -0.598612115165784 1.45 1.3548225129659215,
            -1.1060909622299124 1.45 1.6939090377700872,
            -1.4451774870340783 1.45 2.201387884834217,
            -1.5642488400038492 1.45 2.8000000000000007,
            -1.4451774870340783 1.45 3.398612115165783,
            -1.106090962229912 1.45 3.906090962229913,
            -0.5986121151657832 1.45 4.245177487034079,
            5.867806398549039e-17 1.45 4.364248840003849,
            0.598612115165783 1.45 4.245177487034079,
            1.1060909622299127 1.45 3.9060909622299116,
            1.6097749774163526 -1.45 0.7659607803140369,
            1.6259225670408601 -1.5648050297095268 0.7821083699385447,
            1.671907011772317 -1.6621320343559642 0.8280928146700011,
            1.740727596750387 -1.727163859753386 0.8969133996480716,
            1.8219070117723168 -1.7499999999999998 0.978092814670001,
            1.9030864267942462 -1.727163859753386 1.0592722296919306,
            1.9719070117723168 -1.6621320343559642 1.128092814670001,
            2.017891456503773 -1.5648050297095268 1.1740772594014575,
            2.034039046128281 -1.45 1.190224849025965,
            2.017891456503773 -1.335194970290473 1.1740772594014575,
            1.9719070117723168 -1.237867965644036 1.128092814670001,
            1.9030864267942467 -1.172836140246614 1.0592722296919306,
            1.8219070117723168 -1.1500000000000001 0.978092814670001,
            1.740727596750387 -1.172836140246614 0.8969133996480716,
            1.671907011772317 -1.2378679656440357 0.8280928146700011,
            1.6259225670408601 -1.3351949702904728 0.7821083699385447,
            -0.31505388373065335 -1.45 3.032283396388088,
            -0.31190364527102377 -1.4723973502151029 3.0354336348477178,
            -0.3029325251406312 -1.4913849068924414 3.0444047549781104,
            -0.28950629505592107 -1.5040719866505212 3.0578309850628207,
            -0.2736689768382119 -1.5085270966048385 3.07366830328053,
            -0.2578316586205027 -1.5040719866505212 3.0895056214982395,
            -0.2444054285357926 -1.4913849068924414 3.102931851582949,
            -0.23543430840540003 -1.4723973502151029 3.1119029717133415,
            -0.23228406994577044 -1.45 3.115053210172971,
            -0.23543430840540003 -1.4276026497848975 3.1119029717133415,
            -0.2444054285357926 -1.4086150931075587 3.102931851582949,
            -0.2578316586205027 -1.3959280133494791 3.0895056214982395,
            -0.2736689768382119 -1.3914729033951616 3.07366830328053,
            -0.28950629505592107 -1.3959280133494791 3.0578309850628207,
            -0.3029325251406312 -1.4086150931075587 3.0444047549781104,
            -0.31190364527102377 -1.4276026497848973 3.0354336348477178,
            -0.34277685979327566 -1.45 2.980417356191735,
            -0.336597444771346 -1.493933982822018 2.986596771213664,
            -0.3189999596261095 -1.5311794150219293 3.0041942563589004,
            -0.29266346194932824 -1.5560660171779823 3.0305307540356816,
            -0.26159744477134605 -1.5648050297095268 3.0615967712136642,
            -0.23053142759336387 -1.5560660171779823 3.092662788391646,
            -0.2041949299165826 -1.5311794150219293 3.1189992860684272,
            -0.1865974447713461 -1.493933982822018 3.1365967712136644,
            -0.18041802974941645 -1.45 3.1427761862355936,
            -0.1865974447713461 -1.4060660171779824 3.1365967712136644,
            -0.2041949299165826 -1.3688205849780706 3.1189992860684272,
            -0.23053142759336387 -1.343933982822018 3.092662788391646,
            -0.26159744477134605 -1.3351949702904733 3.0615967712136642,
            -0.29266346194932824 -1.343933982822018 3.0305307540356816,
            -0.3189999596261095 -1.3688205849780706 3.0041942563589004,
            -0.336597444771346 -1.4060660171779822 2.986596771213664,
            -0.35984858416085874 -1.45 2.9241394230870466,
            -0.35087746403046594 -1.5137822571075443 2.933110543217439,
            -0.32532987535573366 -1.5678542437580651 2.9586581318921716,
            -0.2870952069229218 -1.6039839901478008 2.996892800324983,
            -0.24199434040279333 -1.6166710699058806 3.0419936668451113,
            -0.19689347388266487 -1.6039839901478008 3.0870945333652395,
            -0.158658805449853 -1.5678542437580651 3.125329201798052,
            -0.13311121677512072 -1.5137822571075443 3.1508767904727844,
            -0.12414009664472792 -1.45 3.159847910603177,
            -0.13311121677512072 -1.386217742892456 3.1508767904727844,
            -0.158658805449853 -1.3321457562419348 3.125329201798052,
            -0.19689347388266487 -1.2960160098521991 3.0870945333652395,
            -0.24199434040279333 -1.2833289300941195 3.0419936668451113,
            -0.2870952069229218 -1.2960160098521991 2.996892800324983,
            -0.32532987535573366 -1.3321457562419348 2.9586581318921716,
            -0.35087746403046594 -1.3862177428924558 2.933110543217439,
            -0.3656130000398894 -1.45 2.865612326482208,
            -0.3541949299165825 -1.5311794150219293 2.877030396605515,
            -0.3216790172178716 -1.5999999999999999 2.9095463093042264,
            -0.2730155148946529 -1.6459844447314567 2.9582098116274445,
            -0.21561300003988948 -1.6621320343559642 3.0156123264822075,
            -0.15821048518512604 -1.6459844447314567 3.0730148413369713,
            -0.10954698286190734 -1.5999999999999999 3.1216783436601894,
            -0.07703107016319644 -1.5311794150219298 3.1541942563589007,
            -0.06561300003988957 -1.45 3.165612326482208,
            -0.07703107016319644 -1.3688205849780706 3.1541942563589007,
            -0.10954698286190734 -1.3000000000000003 3.1216783436601894,
            -0.15821048518512604 -1.2540155552685437 3.0730148413369713,
            -0.21561300003988948 -1.237867965644036 3.0156123264822075,
            -0.2730155148946529 -1.2540155552685437 2.9582098116274445,
            -0.3216790172178716 -1.3000000000000003 2.9095463093042264,
            -0.3541949299165825 -1.3688205849780706 2.877030396605515,
            -0.3598485841608585 -1.45 2.8070852298773694,
            -0.3464223540761484 -1.5454568935429627 2.8205114599620797,
            -0.30818768564333654 -1.6263813403629037 2.858746128394892,
            -0.2509654605331859 -1.680453327013425 2.9159683535050425,
            -0.18346724379795476 -1.6994408836907635 2.9834665702402727,
            -0.1159690270627236 -1.680453327013425 3.050964786975504,
            -0.05874680195257298 -1.6263813403629037 3.1081870120856543,
            -0.02051213351976111 -1.5454568935429627 3.1464216805184666,
            -0.007085903435051 -1.45 3.159847910603177,
            -0.02051213351976111 -1.3545431064570377 3.1464216805184666,
            -0.05874680195257298 -1.2736186596370964 3.1081870120856543,
            -0.11596902706272338 -1.2195466729865754 3.050964786975504,
            -0.18346724379795476 -1.2005591163092366 2.9834665702402727,
            -0.2509654605331859 -1.2195466729865754 2.9159683535050425,
            -0.30818768564333654 -1.2736186596370964 2.858746128394892,
            -0.3464223540761484 -1.3545431064570375 2.8205114599620797,
            -0.34277685979327543 -1.45 2.750807296772681,
            -0.32785843223980105 -1.5560660171779823 2.7657257243261553,
            -0.285374344938512 -1.6459844447314567 2.808209811627445,
            -0.2217924150618189 -1.7060660171779822 2.871791741504138,
            -0.14679241506181895 -1.727163859753386 2.9467917415041383,
            -0.07179241506181899 -1.7060660171779822 3.0217917415041375,
            -0.008210485185125904 -1.6459844447314567 3.0853736713808306,
            0.03427360211616315 -1.5560660171779823 3.1278577586821195,
            0.04919202966963754 -1.45 3.1427761862355936,
            0.03427360211616315 -1.343933982822018 3.1278577586821195,
            -0.008210485185125904 -1.2540155552685437 3.0853736713808306,
            -0.07179241506181877 -1.1939339828220181 3.0217917415041375,
            -0.14679241506181895 -1.172836140246614 2.9467917415041383,
            -0.2217924150618189 -1.1939339828220181 2.871791741504138,
            -0.285374344938512 -1.2540155552685437 2.808209811627445,
            -0.32785843223980105 -1.3439339828220178 2.7657257243261553,
            -0.31505388373065313 -1.45 2.698941256576327,
            -0.29921656551294395 -1.5625990832553598 2.7147785747940363,
            -0.2541156989928155 -1.658055976798322 2.7598794413141645,
            -0.18661748225758434 -1.7218382339058664 2.8273776580493966,
            -0.10699790693233102 -1.7442355841209694 2.90699723337465,
            -0.0273783316070777 -1.7218382339058664 2.9866168086999023,
            0.040119885128153454 -1.658055976798322 3.0541150254351335,
            0.08522075164828191 -1.5625990832553598 3.0992158919552617,
            0.10105806986599108 -1.45 3.115053210172971,
            0.08522075164828191 -1.3374009167446406 3.0992158919552617,
            0.040119885128153676 -1.241944023201678 3.0541150254351335,
            -0.027378331607077477 -1.178161766094134 2.9866168086999023,
            -0.10699790693233102 -1.155764415879031 2.90699723337465,
            -0.18661748225758457 -1.178161766094134 2.8273776580493957,
            -0.2541156989928155 -1.241944023201678 2.7598794413141645,
            -0.29921656551294395 -1.3374009167446403 2.7147785747940363,
            -0.27774503439585385 -1.45 2.6534802921262433,
            -0.26159744477134605 -1.5648050297095268 2.6696278817507517,
            -0.21561300003988948 -1.6621320343559642 2.7156123264822076,
            -0.14679241506181917 -1.727163859753386 2.7844329114602786,
            -0.06561300003988957 -1.7499999999999998 2.865612326482208,
            0.015566414982040033 -1.727163859753386 2.9467917415041383,
            0.08438699996011034 -1.6621320343559642 3.0156123264822075,
            0.13037144469156692 -1.5648050297095268 3.0615967712136642,
            0.14651903431607471 -1.45 3.077744360838172,
            0.13037144469156692 -1.3351949702904733 3.0615967712136642,
            0.08438699996011056 -1.237867965644036 3.0156123264822075,
            0.015566414982040033 -1.172836140246614 2.9467917415041383,
            -0.06561300003988957 -1.1500000000000001 2.865612326482208,
            -0.14679241506181917 -1.172836140246614 2.7844329114602786,
            -0.21561300003988948 -1.237867965644036 2.7156123264822076,
            -0.26159744477134605 -1.335194970290473 2.6696278817507517,
            -0.2777450343958541 -1.45 3.077744360838172,
            1.63281006875564 -1.45 0.7573821365513465,
            1.6525867463335917 -1.5648050297095268 0.7688002066746533,
            1.7089059591822333 -1.6621320343559642 0.8013161193733642,
            1.7931936176802943 -1.727163859753386 0.8499796216965829,
            1.8926176898909717 -1.7499999999999998 0.9073821365513464,
            1.992041762101649 -1.727163859753386 0.9647846514061098,
            2.07632942059971 -1.6621320343559642 1.0134481537293285,
            2.1326486334483516 -1.5648050297095268 1.0459640664280394,
            2.152425311026304 -1.45 1.057382136551346,
            2.1326486334483516 -1.335194970290473 1.0459640664280394,
            2.07632942059971 -1.237867965644036 1.0134481537293285,
            1.9920417621016495 -1.172836140246614 0.9647846514061098,
            1.8926176898909717 -1.1500000000000001 0.9073821365513464,
            1.7931936176802943 -1.172836140246614 0.8499796216965829,
            1.7089059591822333 -1.2378679656440357 0.8013161193733644,
            1.6525867463335917 -1.3351949702904728 0.7688002066746535,
            1.6528399420042512 -1.45 0.7431338826421463,
            1.6748979596412146 -1.5648050297095268 0.7490443106546021,
            1.7377138793233056 -1.6621320343559642 0.7658757856052367,
            1.8317245467066559 -1.727163859753386 0.791065868010516,
            1.9426176898909717 -1.7499999999999998 0.8207795961729025,
            2.0535108330752876 -1.727163859753386 0.8504933243352886,
            2.147521500458638 -1.6621320343559642 0.8756834067405683,
            2.210337420140728 -1.5648050297095268 0.892514881691203,
            2.2323954377776922 -1.45 0.8984253097036587,
            2.210337420140728 -1.335194970290473 0.892514881691203,
            2.147521500458638 -1.237867965644036 0.8756834067405683,
            2.0535108330752876 -1.172836140246614 0.8504933243352886,
            1.9426176898909717 -1.1500000000000001 0.8207795961729025,
            1.8317245467066559 -1.172836140246614 0.791065868010516,
            1.737713879323306 -1.2378679656440357 0.7658757856052367,
            1.6748979596412146 -1.3351949702904728 0.7490443106546021,
            1.6684995944012235 -1.45 0.7241870135439956,
            1.6913357346478373 -1.5648050297095268 0.7241870135439954,
            1.7563675600452595 -1.6621320343559642 0.7241870135439954,
            1.853694564691697 -1.727163859753386 0.7241870135439954,
            1.9684995944012238 -1.7499999999999998 0.7241870135439954,
            2.0833046241107507 -1.727163859753386 0.7241870135439954,
            2.180631628757188 -1.6621320343559642 0.7241870135439954,
            2.24566345415461 -1.5648050297095268 0.7241870135439958,
            2.268499594401224 -1.45 0.7241870135439954,
            2.24566345415461 -1.335194970290473 0.7241870135439958,
            2.180631628757188 -1.237867965644036 0.7241870135439954,
            2.083304624110751 -1.172836140246614 0.7241870135439954,
            1.9684995944012238 -1.1500000000000001 0.7241870135439954,
            1.853694564691697 -1.172836140246614 0.7241870135439954,
            1.7563675600452595 -1.2378679656440357 0.7241870135439954,
            1.6913357346478377 -1.3351949702904728 0.7241870135439958,
            1.6684995944012235 -1.45 0.40000001354399567,
            1.6913357346478373 -1.5648050297095268 0.40000001354399545,
            1.7563675600452595 -1.6621320343559642 0.40000001354399545,
            1.853694564691697 -1.727163859753386 0.40000001354399545,
            1.9684995944012238 -1.7499999999999998 0.40000001354399545,
            2.0833046241107507 -1.727163859753386 0.40000001354399545,
            2.180631628757188 -1.6621320343559642 0.40000001354399545,
            2.24566345415461 -1.5648050297095268 0.40000001354399567,
            2.268499594401224 -1.45 0.40000001354399545,
            2.24566345415461 -1.335194970290473 0.40000001354399567,
            2.180631628757188 -1.237867965644036 0.40000001354399545,
            2.083304624110751 -1.172836140246614 0.40000001354399545,
            1.9684995944012238 -1.1500000000000001 0.40000001354399545,
            1.853694564691697 -1.172836140246614 0.40000001354399545,
            1.7563675600452595 -1.2378679656440357 0.40000001354399545,
            1.6913357346478377 -1.3351949702904728 0.40000001354399567,
            1.8384995954012238 -1.45 0.10000001354399561,
            1.8483952560986359 -1.4997488458247783 0.1000000135439955,
            1.8765757135540793 -1.5419238808471445 0.1000000135439955,
            1.9187507485764455 -1.5701043383025877 0.1000000135439955,
            1.9684995944012236 -1.5799999989999998 0.1000000135439955,
            2.0182484402260017 -1.5701043383025877 0.1000000135439955,
            2.0604234752483683 -1.5419238808471445 0.1000000135439955,
            2.0886039327038115 -1.4997488458247783 0.10000001354399572,
            2.098499593401224 -1.45 0.1000000135439955,
            2.0886039327038115 -1.4002511541752218 0.10000001354399572,
            2.0604234752483683 -1.3580761191528559 0.1000000135439955,
            2.018248440226002 -1.3298956616974125 0.1000000135439955,
            1.9684995944012236 -1.3200000010000001 0.1000000135439955,
            1.9187507485764455 -1.3298956616974125 0.10000001354399539,
            1.8765757135540793 -1.3580761191528556 0.1000000135439955,
            1.8483952560986359 -1.4002511541752218 0.10000001354399572,
            -1.6097753830550183 1.4500000000000002 0.7659607803140369,
            -1.625922972679526 1.335194970290473 0.7821083699385446,
            -1.6719074174109827 1.237867965644036 0.8280928146700011,
            -1.7407280023890528 1.172836140246614 0.8969133996480716,
            -1.8219074174109826 1.1500000000000001 0.9780928146700011,
            -1.903086832432912 1.172836140246614 1.0592722296919306,
            -1.9719074174109825 1.237867965644036 1.128092814670001,
            -2.017891862142439 1.335194970290473 1.1740772594014575,
            -2.034039451766947 1.45 1.190224849025965,
            -2.017891862142439 1.564805029709527 1.1740772594014575,
            -1.9719074174109825 1.6621320343559642 1.128092814670001,
            -1.9030868324329124 1.727163859753386 1.0592722296919306,
            -1.8219074174109826 1.75 0.9780928146700011,
            -1.7407280023890528 1.727163859753386 0.8969133996480715,
            -1.6719074174109827 1.6621320343559645 0.8280928146700012,
            -1.625922972679526 1.5648050297095273 0.7821083699385447,
            0.31505297809198757 1.45 3.032283396388088,
            0.311902739632358 1.4276026497848973 3.0354336348477178,
            0.3029316195019654 1.4086150931075585 3.0444047549781104,
            0.2895053894172553 1.395928013349479 3.0578309850628207,
            0.2736680711995461 1.3914729033951616 3.07366830328053,
            0.25783075298183694 1.395928013349479 3.0895056214982395,
            0.24440452289712683 1.4086150931075585 3.102931851582949,
            0.23543340276673425 1.4276026497848973 3.1119029717133415,
            0.23228316430710466 1.45 3.115053210172971,
            0.23543340276673425 1.4723973502151027 3.1119029717133415,
            0.24440452289712683 1.4913849068924414 3.102931851582949,
            0.25783075298183694 1.504071986650521 3.0895056214982395,
            0.2736680711995461 1.5085270966048385 3.07366830328053,
            0.2895053894172553 1.504071986650521 3.0578309850628207,
            0.3029316195019654 1.4913849068924414 3.0444047549781104,
            0.311902739632358 1.4723973502151029 3.0354336348477178,
            0.3427759541546099 1.45 2.980417356191735,
            0.33659653913268023 1.4060660171779822 2.986596771213664,
            0.3189990539874437 1.3688205849780706 3.0041942563589004,
            0.29266255631066246 1.3439339828220178 3.0305307540356816,
            0.2615965391326803 1.335194970290473 3.0615967712136642,
            0.2305305219546981 1.3439339828220178 3.092662788391646,
            0.20419402427791683 1.3688205849780706 3.1189992860684272,
            0.18659653913268032 1.4060660171779822 3.1365967712136644,
            0.18041712411075067 1.45 3.1427761862355936,
            0.18659653913268032 1.4939339828220177 3.1365967712136644,
            0.20419402427791683 1.5311794150219296 3.1189992860684272,
            0.2305305219546981 1.556066017177982 3.092662788391646,
            0.2615965391326803 1.5648050297095268 3.0615967712136642,
            0.29266255631066246 1.556066017177982 3.0305307540356816,
            0.3189990539874437 1.5311794150219296 3.0041942563589004,
            0.33659653913268023 1.493933982822018 2.986596771213664,
            0.35984767852219296 1.45 2.9241394230870466,
            0.35087655839180015 1.3862177428924558 2.933110543217439,
            0.3253289697170679 1.3321457562419348 2.9586581318921716,
            0.287094301284256 1.2960160098521991 2.996892800324983,
            0.24199343476412755 1.2833289300941193 3.0419936668451113,
            0.1968925682439991 1.2960160098521991 3.0870945333652395,
            0.1586578998111871 1.3321457562419348 3.125329201798052,
            0.13311031113645483 1.3862177428924558 3.1508767904727844,
            0.12413919100606202 1.45 3.159847910603177,
            0.13311031113645483 1.513782257107544 3.1508767904727844,
            0.1586578998111871 1.5678542437580654 3.125329201798052,
            0.1968925682439991 1.603983990147801 3.0870945333652395,
            0.24199343476412755 1.6166710699058806 3.0419936668451113,
            0.287094301284256 1.603983990147801 2.996892800324983,
            0.3253289697170679 1.5678542437580654 2.9586581318921716,
            0.35087655839180015 1.5137822571075443 2.933110543217439,
            0.3656120944012236 1.45 2.865612326482208,
            0.35419402427791674 1.3688205849780706 2.877030396605515,
            0.32167811157920584 1.3 2.9095463093042264,
            0.27301460925598714 1.2540155552685435 2.9582098116274445,
            0.2156120944012237 1.2378679656440357 3.0156123264822075,
            0.15820957954646014 1.2540155552685435 3.0730148413369713,
            0.10954607722324144 1.3 3.1216783436601894,
            0.07703016452453054 1.3688205849780704 3.1541942563589007,
            0.06561209440122368 1.45 3.165612326482208,
            0.07703016452453054 1.5311794150219296 3.1541942563589007,
            0.10954607722324144 1.5999999999999999 3.1216783436601894,
            0.15820957954646014 1.6459844447314564 3.0730148413369713,
            0.2156120944012237 1.6621320343559642 3.0156123264822075,
            0.27301460925598714 1.6459844447314564 2.9582098116274445,
            0.32167811157920584 1.5999999999999999 2.9095463093042264,
            0.35419402427791674 1.5311794150219296 2.877030396605515,
            0.35984767852219274 1.45 2.8070852298773694,
            0.3464214484374826 1.3545431064570375 2.8205114599620797,
            0.30818678000467076 1.2736186596370962 2.858746128394892,
            0.25096455489452013 1.2195466729865752 2.9159683535050425,
            0.18346633815928898 1.2005591163092364 2.9834665702402727,
            0.11596812142405771 1.2195466729865752 3.050964786975504,
            0.05874589631390709 1.2736186596370962 3.1081870120856543,
            0.020511227881095273 1.3545431064570375 3.1464216805184666,
            0.007084997796385162 1.45 3.159847910603177,
            0.020511227881095273 1.5454568935429625 3.1464216805184666,
            0.05874589631390709 1.6263813403629037 3.1081870120856543,
            0.11596812142405749 1.6804533270134248 3.050964786975504,
            0.18346633815928898 1.6994408836907635 2.9834665702402727,
            0.25096455489452013 1.6804533270134248 2.9159683535050425,
            0.30818678000467076 1.6263813403629037 2.858746128394892,
            0.3464214484374826 1.5454568935429627 2.8205114599620797,
            0.34277595415460965 1.45 2.750807296772681,
            0.32785752660113526 1.3439339828220178 2.7657257243261553,
            0.2853734392998462 1.2540155552685435 2.808209811627445,
            0.22179150942315312 1.193933982822018 2.871791741504138,
            0.14679150942315305 1.1728361402466139 2.9467917415041383,
            0.0717915094231531 1.193933982822018 3.0217917415041375,
            0.008209579546460066 1.2540155552685435 3.0853736713808306,
            -0.03427450775482899 1.3439339828220178 3.1278577586821195,
            -0.049192935308303376 1.45 3.1427761862355936,
            -0.03427450775482899 1.556066017177982 3.1278577586821195,
            0.008209579546460066 1.6459844447314564 3.0853736713808306,
            0.07179150942315288 1.706066017177982 3.0217917415041375,
            0.14679150942315305 1.727163859753386 2.9467917415041383,
            0.22179150942315312 1.706066017177982 2.871791741504138,
            0.2853734392998462 1.6459844447314564 2.808209811627445,
            0.32785752660113526 1.5560660171779823 2.7657257243261553,
            0.31505297809198735 1.45 2.698941256576327,
            0.2992156598742782 1.3374009167446403 2.7147785747940363,
            0.2541147933541497 1.2419440232016778 2.7598794413141645,
            0.18661657661891856 1.1781617660941337 2.8273776580493966,
            0.10699700129366513 1.1557644158790308 2.90699723337465,
            0.02737742596841186 1.1781617660941337 2.9866168086999023,
            -0.04012079076681929 1.2419440232016778 3.0541150254351335,
            -0.08522165728694775 1.3374009167446403 3.0992158919552617,
            -0.10105897550465692 1.45 3.115053210172971,
            -0.08522165728694775 1.5625990832553596 3.0992158919552617,
            -0.040120790766819514 1.658055976798322 3.0541150254351335,
            0.02737742596841164 1.7218382339058662 2.9866168086999023,
            0.10699700129366513 1.7442355841209691 2.90699723337465,
            0.18661657661891878 1.7218382339058662 2.8273776580493957,
            0.2541147933541497 1.658055976798322 2.7598794413141645,
            0.2992156598742782 1.5625990832553598 2.7147785747940363,
            0.27774412875718807 1.45 2.6534802921262433,
            0.2615965391326803 1.335194970290473 2.6696278817507517,
            0.2156120944012237 1.237867965644036 2.7156123264822076,
            0.14679150942315328 1.172836140246614 2.7844329114602786,
            0.06561209440122368 1.1500000000000001 2.865612326482208,
            -0.015567320620705871 1.172836140246614 2.9467917415041383,
            -0.08438790559877618 1.237867965644036 3.0156123264822075,
            -0.13037235033023276 1.335194970290473 3.0615967712136642,
            -0.14651993995474055 1.45 3.077744360838172,
            -0.13037235033023276 1.5648050297095268 3.0615967712136642,
            -0.0843879055987764 1.6621320343559642 3.0156123264822075,
            -0.015567320620705871 1.727163859753386 2.9467917415041383,
            0.06561209440122368 1.75 2.865612326482208,
            0.14679150942315328 1.727163859753386 2.7844329114602786,
            0.2156120944012237 1.6621320343559642 2.7156123264822076,
            0.2615965391326803 1.564805029709527 2.6696278817507517,
            0.2777441287571883 1.45 3.077744360838172,
            -1.6328104743943057 1.4500000000000002 0.7573821365513465,
            -1.6525871519722575 1.335194970290473 0.7688002066746533,
            -1.708906364820899 1.237867965644036 0.8013161193733642,
            -1.79319402331896 1.172836140246614 0.849979621696583,
            -1.8926180955296374 1.1500000000000001 0.9073821365513464,
            -1.9920421677403148 1.172836140246614 0.9647846514061098,
            -2.076329826238376 1.237867965644036 1.0134481537293285,
            -2.132649039087017 1.335194970290473 1.0459640664280394,
            -2.152425716664969 1.45 1.057382136551346,
            -2.132649039087017 1.564805029709527 1.0459640664280394,
            -2.076329826238376 1.6621320343559642 1.0134481537293285,
            -1.9920421677403153 1.727163859753386 0.9647846514061099,
            -1.8926180955296374 1.75 0.9073821365513464,
            -1.79319402331896 1.727163859753386 0.8499796216965828,
            -1.708906364820899 1.6621320343559645 0.8013161193733643,
            -1.6525871519722575 1.5648050297095273 0.7688002066746534,
            -1.652840347642917 1.4500000000000002 0.7431338826421463,
            -1.6748983652798803 1.335194970290473 0.7490443106546021,
            -1.7377142849619713 1.237867965644036 0.7658757856052366,
            -1.8317249523453216 1.172836140246614 0.7910658680105161,
            -1.9426180955296375 1.1500000000000001 0.8207795961729024,
            -2.053511238713953 1.172836140246614 0.8504933243352887,
            -2.147521906097303 1.237867965644036 0.8756834067405682,
            -2.210337825779394 1.335194970290473 0.8925148816912029,
            -2.2323958434163576 1.45 0.8984253097036586,
            -2.210337825779394 1.564805029709527 0.8925148816912029,
            -2.147521906097303 1.6621320343559642 0.8756834067405682,
            -2.053511238713954 1.727163859753386 0.8504933243352887,
            -1.9426180955296375 1.75 0.8207795961729024,
            -1.8317249523453216 1.727163859753386 0.791065868010516,
            -1.7377142849619718 1.6621320343559645 0.7658757856052366,
            -1.6748983652798803 1.5648050297095273 0.7490443106546022,
            -1.6685000000398893 1.4500000000000002 0.7241870135439956,
            -1.691336140286503 1.335194970290473 0.7241870135439955,
            -1.7563679656839253 1.237867965644036 0.7241870135439955,
            -1.8536949703303627 1.172836140246614 0.7241870135439955,
            -1.9685000000398896 1.1500000000000001 0.7241870135439955,
            -2.0833050297494164 1.172836140246614 0.7241870135439955,
            -2.1806320343958534 1.237867965644036 0.7241870135439955,
            -2.245663859793275 1.335194970290473 0.7241870135439957,
            -2.2685000000398894 1.45 0.7241870135439955,
            -2.245663859793275 1.564805029709527 0.7241870135439957,
            -2.1806320343958534 1.6621320343559642 0.7241870135439955,
            -2.083305029749417 1.727163859753386 0.7241870135439955,
            -1.9685000000398896 1.75 0.7241870135439955,
            -1.8536949703303627 1.727163859753386 0.7241870135439954,
            -1.7563679656839253 1.6621320343559645 0.7241870135439955,
            -1.6913361402865035 1.5648050297095273 0.7241870135439957,
            -1.6685000000398893 1.4500000000000002 0.40000001354399556,
            -1.691336140286503 1.335194970290473 0.40000001354399556,
            -1.7563679656839253 1.237867965644036 0.40000001354399545,
            -1.8536949703303627 1.172836140246614 0.40000001354399545,
            -1.9685000000398896 1.1500000000000001 0.40000001354399556,
            -2.0833050297494164 1.172836140246614 0.40000001354399556,
            -2.1806320343958534 1.237867965644036 0.40000001354399556,
            -2.245663859793275 1.335194970290473 0.40000001354399567,
            -2.2685000000398894 1.45 0.40000001354399545,
            -2.245663859793275 1.564805029709527 0.40000001354399567,
            -2.1806320343958534 1.6621320343559642 0.40000001354399556,
            -2.083305029749417 1.727163859753386 0.40000001354399545,
            -1.9685000000398896 1.75 0.40000001354399556,
            -1.8536949703303627 1.727163859753386 0.40000001354399534,
            -1.7563679656839253 1.6621320343559645 0.40000001354399545,
            -1.6913361402865035 1.5648050297095273 0.40000001354399567,
            -1.8385000010398895 1.45 0.10000001354399561,
            -1.8483956617373016 1.4002511541752218 0.1000000135439955,
            -1.876576119192745 1.3580761191528556 0.1000000135439955,
            -1.9187511542151112 1.3298956616974122 0.1000000135439955,
            -1.9685000000398893 1.3200000010000001 0.1000000135439955,
            -2.018248845864668 1.3298956616974122 0.1000000135439955,
            -2.0604238808870337 1.3580761191528556 0.1000000135439955,
            -2.088604338342477 1.4002511541752218 0.10000001354399572,
            -2.0984999990398894 1.45 0.1000000135439955,
            -2.088604338342477 1.4997488458247783 0.10000001354399572,
            -2.0604238808870337 1.5419238808471443 0.1000000135439955,
            -2.018248845864668 1.5701043383025877 0.1000000135439955,
            -1.9685000000398893 1.579999999 0.1000000135439955,
            -1.9187511542151112 1.5701043383025877 0.10000001354399539,
            -1.876576119192745 1.5419238808471445 0.1000000135439955,
            -1.8483956617373016 1.4997488458247783 0.10000001354399572 ]
        }
        coordIndex [
          0, 1, 17, 16, -1,
          0, 15, 50, 49, -1,
          0, 16, 31, 15, -1,
          0, 49, 48, 1, -1,
          1, 2, 18, 17, -1,
          1, 48, 63, 2, -1,
          2, 3, 19, 18, -1,
          2, 63, 62, 3, -1,
          3, 4, 20, 19, -1,
          3, 62, 61, 4, -1,
          4, 5, 21, 20, -1,
          4, 61, 60, 5, -1,
          5, 6, 22, 21, -1,
          5, 60, 59, 6, -1,
          6, 7, 23, 22, -1,
          6, 59, 58, 7, -1,
          7, 8, 24, 23, -1,
          7, 58, 57, 8, -1,
          8, 9, 25, 24, -1,
          8, 57, 56, 9, -1,
          9, 10, 26, 25, -1,
          9, 56, 55, 10, -1,
          10, 11, 27, 26, -1,
          10, 55, 54, 11, -1,
          11, 12, 28, 27, -1,
          11, 54, 53, 12, -1,
          12, 13, 29, 28, -1,
          12, 53, 52, 13, -1,
          13, 14, 30, 29, -1,
          13, 52, 51, 14, -1,
          14, 15, 31, 30, -1,
          14, 51, 50, 15, -1,
          16, 17, 33, 32, -1,
          16, 32, 47, 31, -1,
          17, 18, 34, 33, -1,
          18, 19, 35, 34, -1,
          19, 20, 36, 35, -1,
          20, 21, 37, 36, -1,
          21, 22, 38, 37, -1,
          22, 23, 39, 38, -1,
          23, 24, 40, 39, -1,
          24, 25, 41, 40, -1,
          25, 26, 42, 41, -1,
          26, 27, 43, 42, -1,
          27, 28, 44, 43, -1,
          28, 29, 45, 44, -1,
          29, 30, 46, 45, -1,
          30, 31, 47, 46, -1,
          32, 33, 65, 64, -1,
          32, 64, 79, 47, -1,
          33, 34, 66, 65, -1,
          34, 35, 67, 66, -1,
          35, 36, 68, 67, -1,
          36, 37, 69, 68, -1,
          37, 38, 70, 69, -1,
          38, 39, 71, 70, -1,
          39, 40, 72, 71, -1,
          40, 41, 73, 72, -1,
          41, 42, 74, 73, -1,
          42, 43, 75, 74, -1,
          43, 44, 76, 75, -1,
          44, 45, 77, 76, -1,
          45, 46, 78, 77, -1,
          46, 47, 79, 78, -1,
          48, 49, 81, 80, -1,
          48, 80, 95, 63, -1,
          49, 50, 82, 81, -1,
          50, 51, 83, 82, -1,
          51, 52, 84, 83, -1,
          52, 53, 85, 84, -1,
          53, 54, 86, 85, -1,
          54, 55, 87, 86, -1,
          55, 56, 88, 87, -1,
          56, 57, 89, 88, -1,
          57, 58, 90, 89, -1,
          58, 59, 91, 90, -1,
          59, 60, 92, 91, -1,
          60, 61, 93, 92, -1,
          61, 62, 94, 93, -1,
          62, 63, 95, 94, -1,
          64, 65, 66, 67, 68, 69, 70, 71, 72, 73, 74, 75, 76, 77, 78, 79, -1,
          80, 81, 82, 83, 84, 85, 86, 87, 88, 89, 90, 91, 92, 93, 94, 95, -1,
          96, 97, 225, 224, -1,
          96, 111, 256, 241, -1,
          96, 224, 239, 111, -1,
          96, 241, 242, 97, -1,
          97, 98, 226, 225, -1,
          97, 242, 243, 98, -1,
          98, 99, 227, 226, -1,
          98, 243, 244, 99, -1,
          99, 100, 228, 227, -1,
          99, 244, 245, 100, -1,
          100, 101, 229, 228, -1,
          100, 245, 246, 101, -1,
          101, 102, 230, 229, -1,
          101, 246, 247, 102, -1,
          102, 103, 231, 230, -1,
          102, 247, 248, 103, -1,
          103, 104, 232, 231, -1,
          103, 248, 249, 104, -1,
          104, 105, 233, 232, -1,
          104, 249, 250, 105, -1,
          105, 106, 234, 233, -1,
          105, 250, 251, 106, -1,
          106, 107, 235, 234, -1,
          106, 251, 252, 107, -1,
          107, 108, 236, 235, -1,
          107, 252, 253, 108, -1,
          108, 109, 237, 236, -1,
          108, 253, 254, 109, -1,
          109, 110, 238, 237, -1,
          109, 254, 255, 110, -1,
          110, 111, 239, 238, -1,
          110, 255, 256, 111, -1,
          112, 113, 240, -1,
          112, 127, 143, 128, -1,
          112, 128, 129, 113, -1,
          112, 240, 127, -1,
          113, 114, 240, -1,
          113, 129, 130, 114, -1,
          114, 115, 240, -1,
          114, 130, 131, 115, -1,
          115, 116, 240, -1,
          115, 131, 132, 116, -1,
          116, 117, 240, -1,
          116, 132, 133, 117, -1,
          117, 118, 240, -1,
          117, 133, 134, 118, -1,
          118, 119, 240, -1,
          118, 134, 135, 119, -1,
          119, 120, 240, -1,
          119, 135, 136, 120, -1,
          120, 121, 240, -1,
          120, 136, 137, 121, -1,
          121, 122, 240, -1,
          121, 137, 138, 122, -1,
          122, 123, 240, -1,
          122, 138, 139, 123, -1,
          123, 124, 240, -1,
          123, 139, 140, 124, -1,
          124, 125, 240, -1,
          124, 140, 141, 125, -1,
          125, 126, 240, -1,
          125, 141, 142, 126, -1,
          126, 127, 240, -1,
          126, 142, 143, 127, -1,
          128, 143, 159, 144, -1,
          128, 144, 145, 129, -1,
          129, 145, 146, 130, -1,
          130, 146, 147, 131, -1,
          131, 147, 148, 132, -1,
          132, 148, 149, 133, -1,
          133, 149, 150, 134, -1,
          134, 150, 151, 135, -1,
          135, 151, 152, 136, -1,
          136, 152, 153, 137, -1,
          137, 153, 154, 138, -1,
          138, 154, 155, 139, -1,
          139, 155, 156, 140, -1,
          140, 156, 157, 141, -1,
          141, 157, 158, 142, -1,
          142, 158, 159, 143, -1,
          144, 159, 175, 160, -1,
          144, 160, 161, 145, -1,
          145, 161, 162, 146, -1,
          146, 162, 163, 147, -1,
          147, 163, 164, 148, -1,
          148, 164, 165, 149, -1,
          149, 165, 166, 150, -1,
          150, 166, 167, 151, -1,
          151, 167, 168, 152, -1,
          152, 168, 169, 153, -1,
          153, 169, 170, 154, -1,
          154, 170, 171, 155, -1,
          155, 171, 172, 156, -1,
          156, 172, 173, 157, -1,
          157, 173, 174, 158, -1,
          158, 174, 175, 159, -1,
          160, 175, 191, 176, -1,
          160, 176, 177, 161, -1,
          161, 177, 178, 162, -1,
          162, 178, 179, 163, -1,
          163, 179, 180, 164, -1,
          164, 180, 181, 165, -1,
          165, 181, 182, 166, -1,
          166, 182, 183, 167, -1,
          167, 183, 184, 168, -1,
          168, 184, 185, 169, -1,
          169, 185, 186, 170, -1,
          170, 186, 187, 171, -1,
          171, 187, 188, 172, -1,
          172, 188, 189, 173, -1,
          173, 189, 190, 174, -1,
          174, 190, 191, 175, -1,
          176, 191, 207, 192, -1,
          176, 192, 193, 177, -1,
          177, 193, 194, 178, -1,
          178, 194, 195, 179, -1,
          179, 195, 196, 180, -1,
          180, 196, 197, 181, -1,
          181, 197, 198, 182, -1,
          182, 198, 199, 183, -1,
          183, 199, 200, 184, -1,
          184, 200, 201, 185, -1,
          185, 201, 202, 186, -1,
          186, 202, 203, 187, -1,
          187, 203, 204, 188, -1,
          188, 204, 205, 189, -1,
          189, 205, 206, 190, -1,
          190, 206, 207, 191, -1,
          192, 207, 223, 208, -1,
          192, 208, 209, 193, -1,
          193, 209, 210, 194, -1,
          194, 210, 211, 195, -1,
          195, 211, 212, 196, -1,
          196, 212, 213, 197, -1,
          197, 213, 214, 198, -1,
          198, 214, 215, 199, -1,
          199, 215, 216, 200, -1,
          200, 216, 217, 201, -1,
          201, 217, 218, 202, -1,
          202, 218, 219, 203, -1,
          203, 219, 220, 204, -1,
          204, 220, 221, 205, -1,
          205, 221, 222, 206, -1,
          206, 222, 223, 207, -1,
          208, 223, 239, 224, -1,
          208, 224, 225, 209, -1,
          209, 225, 226, 210, -1,
          210, 226, 227, 211, -1,
          211, 227, 228, 212, -1,
          212, 228, 229, 213, -1,
          213, 229, 230, 214, -1,
          214, 230, 231, 215, -1,
          215, 231, 232, 216, -1,
          216, 232, 233, 217, -1,
          217, 233, 234, 218, -1,
          218, 234, 235, 219, -1,
          219, 235, 236, 220, -1,
          220, 236, 237, 221, -1,
          221, 237, 238, 222, -1,
          222, 238, 239, 223, -1,
          241, 256, 272, 257, -1,
          241, 257, 258, 242, -1,
          242, 258, 259, 243, -1,
          243, 259, 260, 244, -1,
          244, 260, 261, 245, -1,
          245, 261, 262, 246, -1,
          246, 262, 263, 247, -1,
          247, 263, 264, 248, -1,
          248, 264, 265, 249, -1,
          249, 265, 266, 250, -1,
          250, 266, 267, 251, -1,
          251, 267, 268, 252, -1,
          252, 268, 269, 253, -1,
          253, 269, 270, 254, -1,
          254, 270, 271, 255, -1,
          255, 271, 272, 256, -1,
          257, 272, 288, 273, -1,
          257, 273, 274, 258, -1,
          258, 274, 275, 259, -1,
          259, 275, 276, 260, -1,
          260, 276, 277, 261, -1,
          261, 277, 278, 262, -1,
          262, 278, 279, 263, -1,
          263, 279, 280, 264, -1,
          264, 280, 281, 265, -1,
          265, 281, 282, 266, -1,
          266, 282, 283, 267, -1,
          267, 283, 284, 268, -1,
          268, 284, 285, 269, -1,
          269, 285, 286, 270, -1,
          270, 286, 287, 271, -1,
          271, 287, 288, 272, -1,
          273, 288, 304, 289, -1,
          273, 289, 290, 274, -1,
          274, 290, 291, 275, -1,
          275, 291, 292, 276, -1,
          276, 292, 293, 277, -1,
          277, 293, 294, 278, -1,
          278, 294, 295, 279, -1,
          279, 295, 296, 280, -1,
          280, 296, 297, 281, -1,
          281, 297, 298, 282, -1,
          282, 298, 299, 283, -1,
          283, 299, 300, 284, -1,
          284, 300, 301, 285, -1,
          285, 301, 302, 286, -1,
          286, 302, 303, 287, -1,
          287, 303, 304, 288, -1,
          289, 304, 320, 305, -1,
          289, 305, 306, 290, -1,
          290, 306, 307, 291, -1,
          291, 307, 308, 292, -1,
          292, 308, 309, 293, -1,
          293, 309, 310, 294, -1,
          294, 310, 311, 295, -1,
          295, 311, 312, 296, -1,
          296, 312, 313, 297, -1,
          297, 313, 314, 298, -1,
          298, 314, 315, 299, -1,
          299, 315, 316, 300, -1,
          300, 316, 317, 301, -1,
          301, 317, 318, 302, -1,
          302, 318, 319, 303, -1,
          303, 319, 320, 304, -1,
          305, 320, 319, 318, 317, 316, 315, 314, 313, 312, 311, 310, 309, 308, 307, 306, -1,
          321, 322, 467, 466, -1,
          321, 336, 464, 449, -1,
          321, 449, 450, 322, -1,
          321, 466, 481, 336, -1,
          322, 323, 468, 467, -1,
          322, 450, 451, 323, -1,
          323, 324, 469, 468, -1,
          323, 451, 452, 324, -1,
          324, 325, 470, 469, -1,
          324, 452, 453, 325, -1,
          325, 326, 471, 470, -1,
          325, 453, 454, 326, -1,
          326, 327, 472, 471, -1,
          326, 454, 455, 327, -1,
          327, 328, 473, 472, -1,
          327, 455, 456, 328, -1,
          328, 329, 474, 473, -1,
          328, 456, 457, 329, -1,
          329, 330, 475, 474, -1,
          329, 457, 458, 330, -1,
          330, 331, 476, 475, -1,
          330, 458, 459, 331, -1,
          331, 332, 477, 476, -1,
          331, 459, 460, 332, -1,
          332, 333, 478, 477, -1,
          332, 460, 461, 333, -1,
          333, 334, 479, 478, -1,
          333, 461, 462, 334, -1,
          334, 335, 480, 479, -1,
          334, 462, 463, 335, -1,
          335, 336, 481, 480, -1,
          335, 463, 464, 336, -1,
          337, 338, 354, 353, -1,
          337, 352, 465, -1,
          337, 353, 368, 352, -1,
          337, 465, 338, -1,
          338, 339, 355, 354, -1,
          338, 465, 339, -1,
          339, 340, 356, 355, -1,
          339, 465, 340, -1,
          340, 341, 357, 356, -1,
          340, 465, 341, -1,
          341, 342, 358, 357, -1,
          341, 465, 342, -1,
          342, 343, 359, 358, -1,
          342, 465, 343, -1,
          343, 344, 360, 359, -1,
          343, 465, 344, -1,
          344, 345, 361, 360, -1,
          344, 465, 345, -1,
          345, 346, 362, 361, -1,
          345, 465, 346, -1,
          346, 347, 363, 362, -1,
          346, 465, 347, -1,
          347, 348, 364, 363, -1,
          347, 465, 348, -1,
          348, 349, 365, 364, -1,
          348, 465, 349, -1,
          349, 350, 366, 365, -1,
          349, 465, 350, -1,
          350, 351, 367, 366, -1,
          350, 465, 351, -1,
          351, 352, 368, 367, -1,
          351, 465, 352, -1,
          353, 354, 370, 369, -1,
          353, 369, 384, 368, -1,
          354, 355, 371, 370, -1,
          355, 356, 372, 371, -1,
          356, 357, 373, 372, -1,
          357, 358, 374, 373, -1,
          358, 359, 375, 374, -1,
          359, 360, 376, 375, -1,
          360, 361, 377, 376, -1,
          361, 362, 378, 377, -1,
          362, 363, 379, 378, -1,
          363, 364, 380, 379, -1,
          364, 365, 381, 380, -1,
          365, 366, 382, 381, -1,
          366, 367, 383, 382, -1,
          367, 368, 384, 383, -1,
          369, 370, 386, 385, -1,
          369, 385, 400, 384, -1,
          370, 371, 387, 386, -1,
          371, 372, 388, 387, -1,
          372, 373, 389, 388, -1,
          373, 374, 390, 389, -1,
          374, 375, 391, 390, -1,
          375, 376, 392, 391, -1,
          376, 377, 393, 392, -1,
          377, 378, 394, 393, -1,
          378, 379, 395, 394, -1,
          379, 380, 396, 395, -1,
          380, 381, 397, 396, -1,
          381, 382, 398, 397, -1,
          382, 383, 399, 398, -1,
          383, 384, 400, 399, -1,
          385, 386, 402, 401, -1,
          385, 401, 416, 400, -1,
          386, 387, 403, 402, -1,
          387, 388, 404, 403, -1,
          388, 389, 405, 404, -1,
          389, 390, 406, 405, -1,
          390, 391, 407, 406, -1,
          391, 392, 408, 407, -1,
          392, 393, 409, 408, -1,
          393, 394, 410, 409, -1,
          394, 395, 411, 410, -1,
          395, 396, 412, 411, -1,
          396, 397, 413, 412, -1,
          397, 398, 414, 413, -1,
          398, 399, 415, 414, -1,
          399, 400, 416, 415, -1,
          401, 402, 418, 417, -1,
          401, 417, 432, 416, -1,
          402, 403, 419, 418, -1,
          403, 404, 420, 419, -1,
          404, 405, 421, 420, -1,
          405, 406, 422, 421, -1,
          406, 407, 423, 422, -1,
          407, 408, 424, 423, -1,
          408, 409, 425, 424, -1,
          409, 410, 426, 425, -1,
          410, 411, 427, 426, -1,
          411, 412, 428, 427, -1,
          412, 413, 429, 428, -1,
          413, 414, 430, 429, -1,
          414, 415, 431, 430, -1,
          415, 416, 432, 431, -1,
          417, 418, 434, 433, -1,
          417, 433, 448, 432, -1,
          418, 419, 435, 434, -1,
          419, 420, 436, 435, -1,
          420, 421, 437, 436, -1,
          421, 422, 438, 437, -1,
          422, 423, 439, 438, -1,
          423, 424, 440, 439, -1,
          424, 425, 441, 440, -1,
          425, 426, 442, 441, -1,
          426, 427, 443, 442, -1,
          427, 428, 444, 443, -1,
          428, 429, 445, 444, -1,
          429, 430, 446, 445, -1,
          430, 431, 447, 446, -1,
          431, 432, 448, 447, -1,
          433, 434, 450, 449, -1,
          433, 449, 464, 448, -1,
          434, 435, 451, 450, -1,
          435, 436, 452, 451, -1,
          436, 437, 453, 452, -1,
          437, 438, 454, 453, -1,
          438, 439, 455, 454, -1,
          439, 440, 456, 455, -1,
          440, 441, 457, 456, -1,
          441, 442, 458, 457, -1,
          442, 443, 459, 458, -1,
          443, 444, 460, 459, -1,
          444, 445, 461, 460, -1,
          445, 446, 462, 461, -1,
          446, 447, 463, 462, -1,
          447, 448, 464, 463, -1,
          466, 467, 483, 482, -1,
          466, 482, 497, 481, -1,
          467, 468, 484, 483, -1,
          468, 469, 485, 484, -1,
          469, 470, 486, 485, -1,
          470, 471, 487, 486, -1,
          471, 472, 488, 487, -1,
          472, 473, 489, 488, -1,
          473, 474, 490, 489, -1,
          474, 475, 491, 490, -1,
          475, 476, 492, 491, -1,
          476, 477, 493, 492, -1,
          477, 478, 494, 493, -1,
          478, 479, 495, 494, -1,
          479, 480, 496, 495, -1,
          480, 481, 497, 496, -1,
          482, 483, 499, 498, -1,
          482, 498, 513, 497, -1,
          483, 484, 500, 499, -1,
          484, 485, 501, 500, -1,
          485, 486, 502, 501, -1,
          486, 487, 503, 502, -1,
          487, 488, 504, 503, -1,
          488, 489, 505, 504, -1,
          489, 490, 506, 505, -1,
          490, 491, 507, 506, -1,
          491, 492, 508, 507, -1,
          492, 493, 509, 508, -1,
          493, 494, 510, 509, -1,
          494, 495, 511, 510, -1,
          495, 496, 512, 511, -1,
          496, 497, 513, 512, -1,
          498, 499, 515, 514, -1,
          498, 514, 529, 513, -1,
          499, 500, 516, 515, -1,
          500, 501, 517, 516, -1,
          501, 502, 518, 517, -1,
          502, 503, 519, 518, -1,
          503, 504, 520, 519, -1,
          504, 505, 521, 520, -1,
          505, 506, 522, 521, -1,
          506, 507, 523, 522, -1,
          507, 508, 524, 523, -1,
          508, 509, 525, 524, -1,
          509, 510, 526, 525, -1,
          510, 511, 527, 526, -1,
          511, 512, 528, 527, -1,
          512, 513, 529, 528, -1,
          514, 515, 531, 530, -1,
          514, 530, 545, 529, -1,
          515, 516, 532, 531, -1,
          516, 517, 533, 532, -1,
          517, 518, 534, 533, -1,
          518, 519, 535, 534, -1,
          519, 520, 536, 535, -1,
          520, 521, 537, 536, -1,
          521, 522, 538, 537, -1,
          522, 523, 539, 538, -1,
          523, 524, 540, 539, -1,
          524, 525, 541, 540, -1,
          525, 526, 542, 541, -1,
          526, 527, 543, 542, -1,
          527, 528, 544, 543, -1,
          528, 529, 545, 544, -1,
          530, 531, 532, 533, 534, 535, 536, 537, 538, 539, 540, 541, 542, 543, 544, 545, -1 ]
        normal Normal {
          vector [
            -0.8314292761645101 2.6868895031753996e-16 0.5556305955727768,
            -0.8209323139148053 -0.07463058518085794 0.5661275578224808,
            -0.7910394945130033 -0.13789934029586737 0.5960203772242831,
            -0.7463017287339504 -0.18017417091146362 0.6407581430033362,
            -0.6935299358686471 -0.195019117288718 0.6935299358686398,
            -0.6407581430033367 -0.18017417091146112 0.7463017287339506,
            -0.5960203772242819 -0.13789934029586495 0.7910394945130047,
            -0.5661275578224841 -0.0746305851808571 0.8209323139148029,
            -0.5556305955727782 2.861362847537438e-16 0.8314292761645092,
            -0.5661275578224821 0.07463058518085679 0.8209323139148045,
            -0.5960203772242798 0.13789934029586529 0.7910394945130061,
            -0.6407581430033381 0.18017417091146148 0.7463017287339492,
            -0.6935299358686497 0.1950191172887179 0.6935299358686371,
            -0.7463017287339503 0.18017417091146412 0.6407581430033362,
            -0.7910394945130005 0.13789934029586742 0.5960203772242869,
            -0.8209323139148033 0.07463058518085819 0.5661275578224836,
            -0.9238284034419029 1.888259682715574e-16 0.3828068455422194,
            -0.9032369964875048 -0.146399378615167 0.40339825249661704,
            -0.8445976306715499 -0.27051077894984304 0.46203761831257123,
            -0.756837617872342 -0.3534393653757255 0.5497976311117785,
            -0.6533176244920598 -0.3825600123589815 0.6533176244920599,
            -0.5497976311117766 -0.35343936537572723 0.7568376178723425,
            -0.4620376183125717 -0.2705107789498459 0.8445976306715487,
            -0.40339825249661954 -0.14639937861516542 0.9032369964875039,
            -0.3828068455422195 3.7415515935290054e-16 0.923828403441903,
            -0.40339825249661926 0.14639937861516492 0.903236996487504,
            -0.46203761831257234 0.2705107789498452 0.8445976306715486,
            -0.5497976311117774 0.3534393653757269 0.7568376178723423,
            -0.65331762449206 0.38256001235898063 0.6533176244920601,
            -0.7568376178723417 0.3534393653757251 0.549797631111779,
            -0.8445976306715495 0.2705107789498429 0.4620376183125721,
            -0.9032369964875049 0.14639937861516683 0.403398252496617,
            -0.980751426769767 1.262769423275304e-16 0.19526043861741768,
            -0.9508554561566025 -0.21255232974401755 0.22515640923058247,
            -0.8657189348353161 -0.39274549407617365 0.31029293055187024,
            -0.7383031264125857 -0.5131467171820031 0.4377087389746005,
            -0.5880059326935919 -0.5554260042834476 0.5880059326935934,
            -0.43770873897459917 -0.5131467171820029 0.7383031264125866,
            -0.3102929305518697 -0.39274549407617704 0.8657189348353149,
            -0.22515640923058272 -0.21255232974401908 0.9508554561566023,
            -0.1952604386174173 3.7883082698259095e-16 0.980751426769767,
            -0.2251564092305822 0.21255232974401866 0.9508554561566025,
            -0.31029293055186924 0.3927454940761769 0.8657189348353151,
            -0.43770873897459905 0.5131467171820036 0.7383031264125861,
            -0.5880059326935917 0.5554260042834479 0.5880059326935932,
            -0.7383031264125851 0.5131467171820038 0.4377087389746005,
            -0.865718934835316 0.392745494076174 0.3102929305518703,
            -0.9508554561566025 0.21255232974401744 0.22515640923058247,
            -0.9999999826318814 9.857485301650582e-17 1.8637659977940418e-4,
            -0.9619468430855116 -0.27054761222883955 0.03823951614614986,
            -0.853580669989768 -0.49990680301605 0.14660568924189468,
            -0.6913992308566714 -0.6531597147105213 0.3087871283749921,
            -0.500093179615831 -0.7069749807478731 0.5000931796158318,
            -0.3087871283749898 -0.6531597147105207 0.6913992308566728,
            -0.14660568924189238 -0.4999068030160521 0.8535806699897671,
            -0.038239516146149524 -0.27054761222884305 0.9619468430855106,
            -1.8637659977949574e-4 3.731762292767721e-16 0.9999999826318814,
            -0.038239516146149156 0.2705476122288428 0.9619468430855107,
            -0.14660568924189168 0.49990680301605256 0.8535806699897669,
            -0.3087871283749887 0.6531597147105219 0.6913992308566722,
            -0.5000931796158303 0.706974980747874 0.5000931796158312,
            -0.6913992308566709 0.6531597147105221 0.30878712837499106,
            -0.8535806699897674 0.49990680301605106 0.14660568924189432,
            -0.9619468430855115 0.27054761222883983 0.03823951614614972,
            -0.9808186157403742 1.6253304104917393e-16 -0.19492265906542616,
            -0.9360696279983776 -0.3181532963529086 -0.15017367132342893,
            -0.8086352925055229 -0.5878706374028998 -0.022739335830574043,
            -0.6179163316454688 -0.7680900029688983 0.1679796250294806,
            -0.39294797833747436 -0.8313746283360965 0.3929479783374755,
            -0.1679796250294807 -0.7680900029688966 0.6179163316454708,
            0.022739335830571708 -0.5878706374028989 0.8086352925055237,
            0.1501736713234271 -0.3181532963529098 0.9360696279983775,
            0.19492265906542625 3.74532659808966e-16 0.9808186157403741,
            0.15017367132342743 0.3181532963529099 0.9360696279983773,
            0.02273933583057206 0.5878706374028992 0.8086352925055234,
            -0.16797962502947977 0.7680900029688967 0.6179163316454708,
            -0.3929479783374743 0.8313746283360964 0.3929479783374757,
            -0.6179163316454688 0.7680900029688984 0.16797962502947997,
            -0.8086352925055221 0.5878706374029008 -0.02273933583057429,
            -0.9360696279983773 0.3181532963529091 -0.15017367132342932,
            -0.923929288243754 1.9138374285629813e-16 -0.3825632893069983,
            -0.8742038753569054 -0.35353434392021055 -0.33283787642014956,
            -0.7325978800463911 -0.6532462887753769 -0.1912318811096366,
            -0.5206695314366947 -0.8535074078568456 0.020696467500059917,
            -0.2706829994683775 -0.9238297611560281 0.270682999468379,
            -0.020696467500059438 -0.8535074078568449 0.520669531436696,
            0.1912318811096381 -0.6532462887753766 0.7325978800463911,
            0.3328378764201532 -0.3535343439202104 0.8742038753569039,
            0.382563289307003 3.75679198940141e-16 0.9239292882437521,
            0.33283787642015317 0.3535343439202105 0.874203875356904,
            0.19123188110963785 0.6532462887753765 0.7325978800463914,
            -0.02069646750005878 0.8535074078568449 0.520669531436696,
            -0.27068299946837693 0.9238297611560284 0.27068299946837854,
            -0.5206695314366951 0.8535074078568453 0.020696467500059657,
            -0.7325978800463914 0.653246288775377 -0.1912318811096359,
            -0.8742038753569051 0.3535343439202109 -0.33283787642014934,
            -0.8315085507023408 1.349514687678711e-16 -0.5555119531647296,
            -0.7787182261169442 -0.3753250437578366 -0.5027216285793341,
            -0.6283841007333985 -0.6935102519335358 -0.3523875031957885,
            -0.4033931823591078 -0.906114810938443 -0.12739658482149857,
            -0.13799829876880332 -0.9807716039291879 0.1379982987688042,
            0.1273965848215011 -0.9061148109384426 0.4033931823591079,
            0.352387503195792 -0.6935102519335353 0.6283841007333971,
            0.5027216285793369 -0.3753250437578363 0.7787182261169424,
            0.5555119531647317 3.267246085958982e-16 0.8315085507023394,
            0.5027216285793364 0.37532504375783593 0.7787182261169429,
            0.3523875031957909 0.6935102519335349 0.6283841007333981,
            0.12739658482149996 0.9061148109384423 0.4033931823591091,
            -0.13799829876880437 0.9807716039291876 0.1379982987688055,
            -0.4033931823591091 0.9061148109384426 -0.12739658482149802,
            -0.6283841007333991 0.6935102519335355 -0.3523875031957878,
            -0.7787182261169444 0.37532504375783693 -0.5027216285793334,
            -0.7071067811865479 1.926510406515128e-16 0.7071067811865471,
            -0.519041315397252 2.272846819013785e-16 -0.854749152038591,
            -0.5375639092870421 -0.359145228835984 -0.7629152954531595,
            -0.4879652194664446 -0.6932995542856767 -0.5303071493185308,
            -0.2893486232659847 -0.9212749655540377 -0.25986498813323466,
            0.0020421262819009522 -0.999991807791792 -0.0034948633095610404,
            0.31221552535093317 -0.9233629766711603 0.22343294081852652,
            0.5810764487386695 -0.7061318148888341 0.4046331928093118,
            0.7624036581815455 -0.3819676306660659 0.5223422164776163,
            0.8263120029004007 0.0 0.5632126364551209,
            0.7624036581815453 0.38196763066606637 0.5223422164776161,
            0.5810764487386697 0.7061318148888341 0.4046331928093117,
            0.31221552535093433 0.9233629766711597 0.22343294081852702,
            0.0020421262819008256 0.999991807791792 -0.0034948633095613,
            -0.2893486232659849 0.9212749655540372 -0.2598649881332354,
            -0.487965219466443 0.6932995542856774 -0.5303071493185314,
            -0.5375639092870408 0.3591452288359849 -0.76291529545316,
            -0.7225807707860745 4.971852416592655e-16 -0.6912865033328818,
            -0.7167038715245636 -0.35914522883598404 -0.5977878094659095,
            -0.6085917978111143 -0.6932995542856769 -0.3859426792469547,
            -0.3467473160980224 -0.9212749655540375 -0.1761213690107621,
            0.001068005331687322 -0.999991807791792 -0.003904319904315405,
            0.3594057396919747 -0.9233629766711603 0.13501232384282078,
            0.6660035254647075 -0.7061318148888338 0.24045199951421165,
            0.8716174971802888 -0.3819676306660657 0.30721925026358815,
            0.9439262609311322 0.0 0.3301563476969239,
            0.8716174971802886 0.3819676306660662 0.3072192502635881,
            0.6660035254647076 0.7061318148888337 0.24045199951421167,
            0.3594057396919758 0.9233629766711599 0.13501232384282127,
            0.0010680053316871807 0.999991807791792 -0.003904319904315489,
            -0.3467473160980229 0.9212749655540373 -0.17612136901076214,
            -0.6085917978111135 0.6932995542856774 -0.38594267924695475,
            -0.7167038715245617 0.35914522883598493 -0.5977878094659114,
            0.8314292761645101 -2.6868895031753996e-16 0.5556305955727768,
            0.820932313914806 -0.07463058518085788 0.5661275578224797,
            0.7910394945130029 -0.13789934029586653 0.5960203772242837,
            0.7463017287339465 -0.1801741709114636 0.6407581430033404,
            0.6935299358686488 -0.1950191172887175 0.6935299358686382,
            0.6407581430033393 -0.1801741709114613 0.7463017287339482,
            0.5960203772242776 -0.13789934029586484 0.7910394945130079,
            0.5661275578224815 -0.07463058518085647 0.8209323139148049,
            0.5556305955727777 5.059726986499127e-17 0.8314292761645095,
            0.5661275578224825 0.0746305851808563 0.8209323139148043,
            0.5960203772242769 0.13789934029586462 0.7910394945130085,
            0.6407581430033368 0.18017417091146148 0.7463017287339503,
            0.6935299358686484 0.19501911728871738 0.6935299358686386,
            0.7463017287339497 0.18017417091146337 0.6407581430033369,
            0.7910394945130047 0.137899340295867 0.5960203772242815,
            0.8209323139148053 0.07463058518085795 0.5661275578224808,
            0.9238284034419029 -1.888259682715574e-16 0.3828068455422194,
            0.9032369964875049 -0.14639937861516672 0.40339825249661676,
            0.8445976306715498 -0.2705107789498429 0.4620376183125716,
            0.7568376178723418 -0.35343936537572523 0.5497976311117786,
            0.65331762449206 -0.38256001235898063 0.65331762449206,
            0.5497976311117767 -0.353439365375727 0.7568376178723426,
            0.4620376183125717 -0.27051077894984565 0.8445976306715488,
            0.4033982524966191 -0.1463993786151652 0.9032369964875041,
            0.38280684554221933 0.0 0.9238284034419031,
            0.403398252496619 0.1463993786151648 0.9032369964875042,
            0.46203761831257206 0.2705107789498454 0.8445976306715487,
            0.5497976311117773 0.35343936537572684 0.7568376178723423,
            0.65331762449206 0.38256001235898063 0.6533176244920601,
            0.7568376178723417 0.3534393653757251 0.549797631111779,
            0.8445976306715495 0.2705107789498429 0.4620376183125721,
            0.9032369964875049 0.14639937861516666 0.403398252496617,
            0.980751426769767 -1.894154134912956e-16 0.19526043861741774,
            0.9508554561566026 -0.21255232974401722 0.2251564092305826,
            0.8657189348353163 -0.3927454940761735 0.3102929305518705,
            0.7383031264125857 -0.5131467171820033 0.4377087389746003,
            0.5880059326935918 -0.5554260042834478 0.5880059326935932,
            0.4377087389745986 -0.5131467171820031 0.7383031264125867,
            0.31029293055186924 -0.3927454940761768 0.865718934835315,
            0.22515640923058217 -0.21255232974401886 0.9508554561566024,
            0.19526043861741707 0.0 0.9807514267697671,
            0.22515640923058183 0.21255232974401855 0.9508554561566025,
            0.31029293055186885 0.3927454940761769 0.8657189348353153,
            0.4377087389745987 0.5131467171820037 0.7383031264125862,
            0.5880059326935916 0.555426004283448 0.5880059326935932,
            0.7383031264125851 0.5131467171820038 0.4377087389746005,
            0.865718934835316 0.392745494076174 0.3102929305518703,
            0.9508554561566026 0.21255232974401725 0.22515640923058247,
            0.9999999826318814 -1.9010864510326125e-16 1.8637659977937957e-4,
            0.9619468430855116 -0.2705476122288395 0.03823951614614972,
            0.8535806699897678 -0.4999068030160504 0.1466056892418947,
            0.6913992308566713 -0.6531597147105216 0.30878712837499156,
            0.5000931796158307 -0.7069749807478735 0.5000931796158317,
            0.30878712837498895 -0.6531597147105211 0.6913992308566727,
            0.1466056892418922 -0.49990680301605217 0.853580669989767,
            0.03823951614614931 -0.2705476122288427 0.9619468430855107,
            1.8637659977946053e-4 0.0 0.9999999826318814,
            0.0382395161461491 0.27054761222884266 0.9619468430855107,
            0.1466056892418916 0.49990680301605256 0.8535806699897669,
            0.3087871283749883 0.6531597147105218 0.6913992308566723,
            0.5000931796158301 0.706974980747874 0.5000931796158313,
            0.6913992308566709 0.6531597147105221 0.30878712837499106,
            0.8535806699897674 0.49990680301605106 0.14660568924189432,
            0.9619468430855116 0.27054761222883966 0.03823951614614969,
            0.9808186157403741 -1.9786631084247258e-16 -0.19492265906542622,
            0.9360696279983775 -0.31815329635290873 -0.15017367132342951,
            0.8086352925055226 -0.5878706374029004 -0.022739335830574504,
            0.6179163316454687 -0.7680900029688984 0.16797962502947994,
            0.3929479783374743 -0.8313746283360965 0.3929479783374757,
            0.16797962502947994 -0.7680900029688967 0.6179163316454709,
            -0.02273933583057206 -0.5878706374028992 0.8086352925055234,
            -0.1501736713234275 -0.31815329635290973 0.9360696279983773,
            -0.19492265906542627 0.0 0.9808186157403741,
            -0.1501736713234275 0.3181532963529097 0.9360696279983775,
            -0.022739335830572093 0.5878706374028992 0.8086352925055234,
            0.16797962502947963 0.7680900029688967 0.6179163316454709,
            0.392947978337474 0.8313746283360965 0.39294797833747575,
            0.6179163316454687 0.7680900029688984 0.16797962502947994,
            0.8086352925055221 0.5878706374029008 -0.02273933583057429,
            0.9360696279983773 0.3181532963529089 -0.15017367132342935,
            0.923929288243754 -1.9138374285629813e-16 -0.3825632893069983,
            0.8742038753569054 -0.3535343439202105 -0.33283787642014956,
            0.7325978800463911 -0.653246288775377 -0.19123188110963643,
            0.5206695314366945 -0.8535074078568458 0.02069646750005936,
            0.27068299946837676 -0.9238297611560286 0.27068299946837837,
            0.02069646750005877 -0.8535074078568449 0.5206695314366959,
            -0.19123188110963804 -0.6532462887753766 0.7325978800463911,
            -0.3328378764201533 -0.3535343439202104 0.8742038753569039,
            -0.382563289307003 0.0 0.9239292882437521,
            -0.3328378764201532 0.35353434392021027 0.874203875356904,
            -0.1912318811096379 0.6532462887753765 0.7325978800463914,
            0.020696467500058702 0.8535074078568448 0.520669531436696,
            0.2706829994683767 0.9238297611560284 0.27068299946837854,
            0.520669531436695 0.8535074078568454 0.020696467500059674,
            0.7325978800463914 0.653246288775377 -0.1912318811096359,
            0.8742038753569052 0.35353434392021077 -0.3328378764201494,
            0.8315085507023409 -1.8467043094550787e-16 -0.5555119531647296,
            0.7787182261169444 -0.3753250437578366 -0.5027216285793338,
            0.6283841007333983 -0.6935102519335359 -0.3523875031957883,
            0.40339318235910765 -0.9061148109384431 -0.12739658482149863,
            0.13799829876880326 -0.9807716039291879 0.1379982987688043,
            -0.12739658482150118 -0.9061148109384425 0.4033931823591079,
            -0.35238750319579165 -0.6935102519335353 0.6283841007333972,
            -0.5027216285793367 -0.3753250437578362 0.7787182261169426,
            -0.5555119531647317 0.0 0.8315085507023395,
            -0.5027216285793364 0.3753250437578357 0.778718226116943,
            -0.352387503195791 0.6935102519335349 0.628384100733398,
            -0.1273965848215 0.9061148109384423 0.40339318235910904,
            0.13799829876880426 0.9807716039291876 0.13799829876880554,
            0.40339318235910887 0.9061148109384427 -0.12739658482149804,
            0.6283841007333989 0.6935102519335357 -0.3523875031957879,
            0.7787182261169444 0.37532504375783676 -0.5027216285793334,
            0.7071067811865474 -2.092137998025479e-17 0.7071067811865477,
            0.5190413153972513 3.906455470179942e-16 -0.8547491520385914,
            0.5375639092870416 -0.3591452288359842 -0.7629152954531597,
            0.4879652194664443 -0.6932995542856772 -0.5303071493185305,
            0.2893486232659852 -0.9212749655540372 -0.2598649881332351,
            -0.002042126281901052 -0.999991807791792 -0.00349486330956113,
            -0.31221552535093416 -0.9233629766711599 0.22343294081852663,
            -0.5810764487386693 -0.7061318148888346 0.40463319280931126,
            -0.7624036581815455 -0.38196763066606565 0.5223422164776164,
            -0.8263120029004007 -1.925863086051531e-16 0.563212636455121,
            -0.7624036581815458 0.3819676306660654 0.5223422164776164,
            -0.58107644873867 0.7061318148888337 0.404633192809312,
            -0.3122155253509346 0.9233629766711596 0.2234329408185273,
            -0.0020421262819007332 0.999991807791792 -0.003494863309561222,
            0.28934862326598493 0.9212749655540373 -0.2598649881332352,
            0.4879652194664435 0.6932995542856772 -0.5303071493185312,
            0.537563909287041 0.35914522883598476 -0.7629152954531598,
            0.7225807707860743 5.895196436817006e-16 -0.6912865033328821,
            0.7167038715245632 -0.35914522883598426 -0.5977878094659099,
            0.6085917978111138 -0.6932995542856771 -0.38594267924695463,
            0.346747316098023 -0.9212749655540372 -0.17612136901076242,
            -0.0010680053316874357 -0.999991807791792 -0.0039043199043153937,
            -0.35940573969197603 -0.9233629766711597 0.13501232384282116,
            -0.6660035254647069 -0.7061318148888347 0.2404519995142109,
            -0.8716174971802889 -0.38196763066606576 0.3072192502635878,
            -0.9439262609311322 -2.0685196109442363e-16 0.3301563476969237,
            -0.871617497180289 0.38196763066606554 0.3072192502635877,
            -0.666003525464708 0.7061318148888335 0.24045199951421123,
            -0.35940573969197687 0.9233629766711595 0.13501232384282139,
            -0.0010680053316869684 0.999991807791792 -0.003904319904315604,
            0.3467473160980228 0.9212749655540373 -0.1761213690107623,
            0.6085917978111133 0.6932995542856772 -0.3859426792469553,
            0.7167038715245613 0.35914522883598465 -0.5977878094659119,
            1.0 0.0 -3.5374174360847055e-16,
            1.0 0.0 -3.5374174360847055e-16,
            0.6169637568081631 0.7869915646213483 -2.027375691384207e-16,
            0.6169637568081631 0.7869915646213483 -2.027375691384207e-16,
            0.9238795325112868 0.0 0.3826834323650896,
            0.9238795325112868 0.0 0.3826834323650896,
            0.5700001872163324 0.7869915646213488 0.23610180810020792,
            0.5700001872163324 0.7869915646213488 0.23610180810020792,
            0.7071067811865474 0.0 0.7071067811865477,
            0.7071067811865474 0.0 0.7071067811865477,
            0.43625925618537964 0.7869915646213486 0.43625925618537986,
            0.43625925618537964 0.7869915646213486 0.43625925618537986,
            0.38268343236509006 0.0 0.9238795325112866,
            0.38268343236509006 0.0 0.9238795325112866,
            0.23610180810020825 0.7869915646213488 0.5700001872163323,
            0.23610180810020825 0.7869915646213488 0.5700001872163323,
            1.4149669744338824e-17 0.0 1.0,
            1.4149669744338824e-17 0.0 1.0,
            0.0 0.7869915646213496 0.6169637568081615,
            0.0 0.7869915646213496 0.6169637568081615,
            -0.38268343236509006 0.0 0.9238795325112866,
            -0.38268343236509006 0.0 0.9238795325112866,
            -0.23610180810020825 0.7869915646213488 0.5700001872163324,
            -0.23610180810020825 0.7869915646213488 0.5700001872163324,
            -0.7071067811865472 0.0 0.7071067811865477,
            -0.7071067811865472 0.0 0.7071067811865477,
            -0.43625925618537964 0.7869915646213486 0.43625925618537986,
            -0.43625925618537964 0.7869915646213486 0.43625925618537986,
            -0.9238795325112867 0.0 0.3826834323650898,
            -0.9238795325112867 0.0 0.3826834323650898,
            -0.5700001872163324 0.7869915646213488 0.2361018081002081,
            -0.5700001872163324 0.7869915646213488 0.2361018081002081,
            -1.0 0.0 1.2734702769904938e-16,
            -1.0 0.0 1.2734702769904938e-16,
            -0.6169637568081627 0.7869915646213486 9.088235857929203e-17,
            -0.6169637568081627 0.7869915646213486 9.088235857929203e-17,
            -0.9238795325112868 0.0 -0.38268343236508956,
            -0.9238795325112868 0.0 -0.38268343236508956,
            -0.5700001872163327 0.7869915646213484 -0.23610180810020812,
            -0.5700001872163327 0.7869915646213484 -0.23610180810020812,
            -0.7071067811865477 0.0 -0.7071067811865475,
            -0.7071067811865477 0.0 -0.7071067811865475,
            -0.4362592561853803 0.7869915646213482 -0.4362592561853801,
            -0.4362592561853803 0.7869915646213482 -0.4362592561853801,
            -0.38268343236509 0.0 -0.9238795325112866,
            -0.38268343236509 0.0 -0.9238795325112866,
            -0.23610180810020873 0.786991564621348 -0.5700001872163333,
            -0.23610180810020873 0.786991564621348 -0.5700001872163333,
            -2.6884372514243763e-16 0.0 -1.0,
            -2.6884372514243763e-16 0.0 -1.0,
            -1.3981901319891082e-16 0.7869915646213482 -0.6169637568081631,
            -1.3981901319891082e-16 0.7869915646213482 -0.6169637568081631,
            0.3826834323650898 0.0 -0.9238795325112867,
            0.3826834323650898 0.0 -0.9238795325112867,
            0.2361018081002084 0.7869915646213482 -0.5700001872163329,
            0.2361018081002084 0.7869915646213482 -0.5700001872163329,
            0.7071067811865472 0.0 -0.7071067811865477,
            0.7071067811865472 0.0 -0.7071067811865477,
            0.43625925618538036 0.7869915646213478 -0.4362592561853807,
            0.43625925618538036 0.7869915646213478 -0.4362592561853807,
            0.9238795325112865 0.0 -0.3826834323650903,
            0.9238795325112865 0.0 -0.3826834323650903,
            0.5700001872163335 0.7869915646213477 -0.23610180810020906,
            0.5700001872163335 0.7869915646213477 -0.23610180810020906,
            1.0 0.0 -3.5374174360847055e-16,
            1.0 0.0 -3.5374174360847055e-16,
            0.6169637568081631 -0.7869915646213483 -2.027375691384207e-16,
            0.6169637568081631 -0.7869915646213483 -2.027375691384207e-16,
            0.9238795325112868 0.0 0.3826834323650896,
            0.9238795325112868 0.0 0.3826834323650896,
            0.5700001872163324 -0.7869915646213488 0.23610180810020792,
            0.5700001872163324 -0.7869915646213488 0.23610180810020792,
            0.7071067811865474 0.0 0.7071067811865477,
            0.7071067811865474 0.0 0.7071067811865477,
            0.43625925618537964 -0.7869915646213486 0.43625925618537986,
            0.43625925618537964 -0.7869915646213486 0.43625925618537986,
            0.38268343236509006 0.0 0.9238795325112866,
            0.38268343236509006 0.0 0.9238795325112866,
            0.23610180810020825 -0.7869915646213488 0.5700001872163323,
            0.23610180810020825 -0.7869915646213488 0.5700001872163323,
            1.4149669744338824e-17 0.0 1.0,
            1.4149669744338824e-17 0.0 1.0,
            0.0 -0.7869915646213496 0.6169637568081615,
            0.0 -0.7869915646213496 0.6169637568081615,
            -0.38268343236509006 0.0 0.9238795325112866,
            -0.38268343236509006 0.0 0.9238795325112866,
            -0.23610180810020823 -0.7869915646213488 0.5700001872163323,
            -0.23610180810020823 -0.7869915646213488 0.5700001872163323,
            -0.7071067811865472 0.0 0.7071067811865477,
            -0.7071067811865472 0.0 0.7071067811865477,
            -0.43625925618537964 -0.7869915646213486 0.43625925618537986,
            -0.43625925618537964 -0.7869915646213486 0.43625925618537986,
            -0.9238795325112867 0.0 0.3826834323650898,
            -0.9238795325112867 0.0 0.3826834323650898,
            -0.5700001872163324 -0.7869915646213488 0.2361018081002081,
            -0.5700001872163324 -0.7869915646213488 0.2361018081002081,
            -1.0 0.0 1.2734702769904938e-16,
            -1.0 0.0 1.2734702769904938e-16,
            -0.6169637568081627 -0.7869915646213486 9.088235857929203e-17,
            -0.6169637568081627 -0.7869915646213486 9.088235857929203e-17,
            -0.9238795325112868 0.0 -0.38268343236508956,
            -0.9238795325112868 0.0 -0.38268343236508956,
            -0.5700001872163327 -0.7869915646213484 -0.23610180810020812,
            -0.5700001872163327 -0.7869915646213484 -0.23610180810020812,
            -0.7071067811865477 0.0 -0.7071067811865475,
            -0.7071067811865477 0.0 -0.7071067811865475,
            -0.4362592561853803 -0.7869915646213482 -0.4362592561853801,
            -0.4362592561853803 -0.7869915646213482 -0.4362592561853801,
            -0.38268343236509 0.0 -0.9238795325112866,
            -0.38268343236509 0.0 -0.9238795325112866,
            -0.23610180810020873 -0.786991564621348 -0.5700001872163333,
            -0.23610180810020873 -0.786991564621348 -0.5700001872163333,
            -2.6884372514243763e-16 0.0 -1.0,
            -2.6884372514243763e-16 0.0 -1.0,
            -1.3981901319891082e-16 -0.7869915646213482 -0.6169637568081631,
            -1.3981901319891082e-16 -0.7869915646213482 -0.6169637568081631,
            0.3826834323650898 0.0 -0.9238795325112867,
            0.3826834323650898 0.0 -0.9238795325112867,
            0.2361018081002084 -0.7869915646213482 -0.5700001872163329,
            0.2361018081002084 -0.7869915646213482 -0.5700001872163329,
            0.7071067811865472 0.0 -0.7071067811865477,
            0.7071067811865472 0.0 -0.7071067811865477,
            0.43625925618538036 -0.7869915646213478 -0.4362592561853807,
            0.43625925618538036 -0.7869915646213478 -0.4362592561853807,
            0.9238795325112865 0.0 -0.3826834323650903,
            0.9238795325112865 0.0 -0.3826834323650903,
            0.5700001872163335 -0.7869915646213477 -0.23610180810020906,
            0.5700001872163335 -0.7869915646213477 -0.23610180810020906,
            0.6169637568081631 -0.7869915646213483 -2.027375691384207e-16,
            0.6169637568081631 -0.7869915646213483 -2.027375691384207e-16,
            0.1475340467270188 -0.9890569776591993 -3.1238465294406085e-17,
            0.1475340467270188 -0.9890569776591993 -3.1238465294406085e-17,
            0.5700001872163324 -0.7869915646213488 0.23610180810020792,
            0.5700001872163324 -0.7869915646213488 0.23610180810020792,
            0.13630368611965651 -0.9890569776591993 0.056458835392207085,
            0.13630368611965651 -0.9890569776591993 0.056458835392207085,
            0.43625925618537964 -0.7869915646213486 0.43625925618537986,
            0.43625925618537964 -0.7869915646213486 0.43625925618537986,
            0.10432232489656801 -0.9890569776591993 0.10432232489656794,
            0.10432232489656801 -0.9890569776591993 0.10432232489656794,
            0.23610180810020825 -0.7869915646213488 0.5700001872163323,
            0.23610180810020825 -0.7869915646213488 0.5700001872163323,
            0.05645883539220708 -0.9890569776591993 0.13630368611965646,
            0.05645883539220708 -0.9890569776591993 0.13630368611965646,
            0.0 -0.7869915646213496 0.6169637568081615,
            0.0 -0.7869915646213496 0.6169637568081615,
            0.0 -0.9890569776591993 0.14753404672701892,
            0.0 -0.9890569776591993 0.14753404672701892,
            -0.23610180810020823 -0.7869915646213488 0.5700001872163323,
            -0.23610180810020823 -0.7869915646213488 0.5700001872163323,
            -0.05645883539220707 -0.9890569776591993 0.13630368611965657,
            -0.05645883539220707 -0.9890569776591993 0.13630368611965657,
            -0.43625925618537964 -0.7869915646213486 0.43625925618537986,
            -0.43625925618537964 -0.7869915646213486 0.43625925618537986,
            -0.10432232489656805 -0.9890569776591993 0.10432232489656802,
            -0.10432232489656805 -0.9890569776591993 0.10432232489656802,
            -0.5700001872163324 -0.7869915646213488 0.2361018081002081,
            -0.5700001872163324 -0.7869915646213488 0.2361018081002081,
            -0.13630368611965654 -0.9890569776591993 0.05645883539220712,
            -0.13630368611965654 -0.9890569776591993 0.05645883539220712,
            -0.6169637568081627 -0.7869915646213486 9.088235857929203e-17,
            -0.6169637568081627 -0.7869915646213486 9.088235857929203e-17,
            -0.14753404672701884 -0.9890569776591993 3.297393558853976e-17,
            -0.14753404672701884 -0.9890569776591993 3.297393558853976e-17,
            -0.5700001872163327 -0.7869915646213484 -0.23610180810020812,
            -0.5700001872163327 -0.7869915646213484 -0.23610180810020812,
            -0.13630368611965654 -0.9890569776591993 -0.056458835392207044,
            -0.13630368611965654 -0.9890569776591993 -0.056458835392207044,
            -0.4362592561853803 -0.7869915646213482 -0.4362592561853801,
            -0.4362592561853803 -0.7869915646213482 -0.4362592561853801,
            -0.10432232489656802 -0.9890569776591993 -0.10432232489656797,
            -0.10432232489656802 -0.9890569776591993 -0.10432232489656797,
            -0.23610180810020873 -0.786991564621348 -0.5700001872163333,
            -0.23610180810020873 -0.786991564621348 -0.5700001872163333,
            -0.056458835392207085 -0.9890569776591993 -0.13630368611965646,
            -0.056458835392207085 -0.9890569776591993 -0.13630368611965646,
            -1.3981901319891082e-16 -0.7869915646213482 -0.6169637568081631,
            -1.3981901319891082e-16 -0.7869915646213482 -0.6169637568081631,
            0.0 -0.9890569776591994 -0.14753404672701875,
            0.0 -0.9890569776591994 -0.14753404672701875,
            0.2361018081002084 -0.7869915646213482 -0.5700001872163329,
            0.2361018081002084 -0.7869915646213482 -0.5700001872163329,
            0.05645883539220706 -0.9890569776591993 -0.13630368611965646,
            0.05645883539220706 -0.9890569776591993 -0.13630368611965646,
            0.43625925618538036 -0.7869915646213478 -0.4362592561853807,
            0.43625925618538036 -0.7869915646213478 -0.4362592561853807,
            0.10432232489656788 -0.9890569776591993 -0.10432232489656801,
            0.10432232489656788 -0.9890569776591993 -0.10432232489656801,
            0.5700001872163335 -0.7869915646213477 -0.23610180810020906,
            0.5700001872163335 -0.7869915646213477 -0.23610180810020906,
            0.1363036861196564 -0.9890569776591993 -0.056458835392207134,
            0.1363036861196564 -0.9890569776591993 -0.056458835392207134,
            0.5700001872163324 0.7869915646213488 0.23610180810020792,
            0.5700001872163324 0.7869915646213488 0.23610180810020792,
            0.13630368611965651 0.9890569776591993 0.05645883539220709,
            0.13630368611965651 0.9890569776591993 0.05645883539220709,
            0.6169637568081631 0.7869915646213483 -2.027375691384207e-16,
            0.6169637568081631 0.7869915646213483 -2.027375691384207e-16,
            0.1475340467270188 0.9890569776591993 -2.950299500027241e-17,
            0.1475340467270188 0.9890569776591993 -2.950299500027241e-17,
            0.5700001872163335 0.7869915646213477 -0.23610180810020906,
            0.5700001872163335 0.7869915646213477 -0.23610180810020906,
            0.1363036861196564 0.9890569776591993 -0.056458835392207134,
            0.1363036861196564 0.9890569776591993 -0.056458835392207134,
            0.43625925618538036 0.7869915646213478 -0.4362592561853807,
            0.43625925618538036 0.7869915646213478 -0.4362592561853807,
            0.10432232489656791 0.9890569776591993 -0.10432232489656802,
            0.10432232489656791 0.9890569776591993 -0.10432232489656802,
            0.2361018081002084 0.7869915646213482 -0.5700001872163329,
            0.2361018081002084 0.7869915646213482 -0.5700001872163329,
            0.05645883539220706 0.9890569776591993 -0.13630368611965646,
            0.05645883539220706 0.9890569776591993 -0.13630368611965646,
            -1.3981901319891082e-16 0.7869915646213482 -0.6169637568081631,
            -1.3981901319891082e-16 0.7869915646213482 -0.6169637568081631,
            0.0 0.9890569776591994 -0.14753404672701878,
            0.0 0.9890569776591994 -0.14753404672701878,
            -0.23610180810020873 0.786991564621348 -0.5700001872163333,
            -0.23610180810020873 0.786991564621348 -0.5700001872163333,
            -0.0564588353922071 0.9890569776591993 -0.13630368611965646,
            -0.0564588353922071 0.9890569776591993 -0.13630368611965646,
            -0.4362592561853803 0.7869915646213482 -0.4362592561853801,
            -0.4362592561853803 0.7869915646213482 -0.4362592561853801,
            -0.10432232489656802 0.9890569776591993 -0.10432232489656793,
            -0.10432232489656802 0.9890569776591993 -0.10432232489656793,
            -0.5700001872163327 0.7869915646213484 -0.23610180810020812,
            -0.5700001872163327 0.7869915646213484 -0.23610180810020812,
            -0.13630368611965651 0.9890569776591993 -0.05645883539220708,
            -0.13630368611965651 0.9890569776591993 -0.05645883539220708,
            -0.6169637568081627 0.7869915646213486 9.088235857929203e-17,
            -0.6169637568081627 0.7869915646213486 9.088235857929203e-17,
            -0.14753404672701884 0.9890569776591993 3.1238465294406085e-17,
            -0.14753404672701884 0.9890569776591993 3.1238465294406085e-17,
            -0.5700001872163324 0.7869915646213488 0.2361018081002081,
            -0.5700001872163324 0.7869915646213488 0.2361018081002081,
            -0.13630368611965651 0.9890569776591993 0.056458835392207155,
            -0.13630368611965651 0.9890569776591993 0.056458835392207155,
            -0.43625925618537964 0.7869915646213486 0.43625925618537986,
            -0.43625925618537964 0.7869915646213486 0.43625925618537986,
            -0.10432232489656802 0.9890569776591993 0.104322324896568,
            -0.10432232489656802 0.9890569776591993 0.104322324896568,
            -0.23610180810020825 0.7869915646213488 0.5700001872163324,
            -0.23610180810020825 0.7869915646213488 0.5700001872163324,
            -0.05645883539220707 0.9890569776591993 0.13630368611965657,
            -0.05645883539220707 0.9890569776591993 0.13630368611965657,
            0.0 0.7869915646213496 0.6169637568081615,
            0.0 0.7869915646213496 0.6169637568081615,
            1.7354702941336715e-18 0.9890569776591993 0.14753404672701892,
            1.7354702941336715e-18 0.9890569776591993 0.14753404672701892,
            0.23610180810020825 0.7869915646213488 0.5700001872163323,
            0.23610180810020825 0.7869915646213488 0.5700001872163323,
            0.056458835392207064 0.9890569776591993 0.1363036861196565,
            0.056458835392207064 0.9890569776591993 0.1363036861196565,
            0.43625925618537964 0.7869915646213486 0.43625925618537986,
            0.43625925618537964 0.7869915646213486 0.43625925618537986,
            0.10432232489656801 0.9890569776591993 0.10432232489656797,
            0.10432232489656801 0.9890569776591993 0.10432232489656797,
            0.1475340467270188 -0.9890569776591993 -3.1238465294406085e-17,
            0.1475340467270188 -0.9890569776591993 -3.1238465294406085e-17,
            0.0 -1.0 4.0756942141823996e-17,
            0.13630368611965651 -0.9890569776591993 0.056458835392207085,
            0.13630368611965651 -0.9890569776591993 0.056458835392207085,
            0.0 -1.0 4.0756942141823996e-17,
            0.10432232489656801 -0.9890569776591993 0.10432232489656794,
            0.10432232489656801 -0.9890569776591993 0.10432232489656794,
            0.0 -1.0 4.0756942141823996e-17,
            0.05645883539220708 -0.9890569776591993 0.13630368611965646,
            0.05645883539220708 -0.9890569776591993 0.13630368611965646,
            0.0 -1.0 4.0756942141823996e-17,
            0.0 -0.9890569776591993 0.14753404672701892,
            0.0 -0.9890569776591993 0.14753404672701892,
            0.0 -1.0 4.0756942141823996e-17,
            -0.05645883539220707 -0.9890569776591993 0.13630368611965657,
            -0.05645883539220707 -0.9890569776591993 0.13630368611965657,
            0.0 -1.0 4.0756942141823996e-17,
            -0.10432232489656805 -0.9890569776591993 0.10432232489656802,
            -0.10432232489656805 -0.9890569776591993 0.10432232489656802,
            0.0 -1.0 4.0756942141823996e-17,
            -0.13630368611965654 -0.9890569776591993 0.05645883539220712,
            -0.13630368611965654 -0.9890569776591993 0.05645883539220712,
            0.0 -1.0 4.0756942141823996e-17,
            -0.14753404672701884 -0.9890569776591993 3.297393558853976e-17,
            -0.14753404672701884 -0.9890569776591993 3.297393558853976e-17,
            0.0 -1.0 4.0756942141823996e-17,
            -0.13630368611965654 -0.9890569776591993 -0.056458835392207044,
            -0.13630368611965654 -0.9890569776591993 -0.056458835392207044,
            0.0 -1.0 4.0756942141823996e-17,
            -0.10432232489656802 -0.9890569776591993 -0.10432232489656797,
            -0.10432232489656802 -0.9890569776591993 -0.10432232489656797,
            0.0 -1.0 4.0756942141823996e-17,
            -0.056458835392207085 -0.9890569776591993 -0.13630368611965646,
            -0.056458835392207085 -0.9890569776591993 -0.13630368611965646,
            0.0 -1.0 4.0756942141823996e-17,
            0.0 -0.9890569776591994 -0.14753404672701875,
            0.0 -0.9890569776591994 -0.14753404672701875,
            0.0 -1.0 4.0756942141823996e-17,
            0.05645883539220706 -0.9890569776591993 -0.13630368611965646,
            0.05645883539220706 -0.9890569776591993 -0.13630368611965646,
            0.0 -1.0 4.0756942141823996e-17,
            0.10432232489656788 -0.9890569776591993 -0.10432232489656801,
            0.10432232489656788 -0.9890569776591993 -0.10432232489656801,
            0.0 -1.0 4.0756942141823996e-17,
            0.1363036861196564 -0.9890569776591993 -0.056458835392207134,
            0.1363036861196564 -0.9890569776591993 -0.056458835392207134,
            0.0 -1.0 4.0756942141823996e-17,
            0.13630368611965651 0.9890569776591993 0.05645883539220709,
            0.13630368611965651 0.9890569776591993 0.05645883539220709,
            0.0 1.0 1.445018857755578e-16,
            0.1475340467270188 0.9890569776591993 -2.950299500027241e-17,
            0.1475340467270188 0.9890569776591993 -2.950299500027241e-17,
            0.0 1.0 1.445018857755578e-16,
            0.1363036861196564 0.9890569776591993 -0.056458835392207134,
            0.1363036861196564 0.9890569776591993 -0.056458835392207134,
            0.0 1.0 1.445018857755578e-16,
            0.10432232489656791 0.9890569776591993 -0.10432232489656802,
            0.10432232489656791 0.9890569776591993 -0.10432232489656802,
            0.0 1.0 1.445018857755578e-16,
            0.05645883539220706 0.9890569776591993 -0.13630368611965646,
            0.05645883539220706 0.9890569776591993 -0.13630368611965646,
            0.0 1.0 1.445018857755578e-16,
            0.0 0.9890569776591994 -0.14753404672701878,
            0.0 0.9890569776591994 -0.14753404672701878,
            0.0 1.0 1.445018857755578e-16,
            -0.0564588353922071 0.9890569776591993 -0.13630368611965646,
            -0.0564588353922071 0.9890569776591993 -0.13630368611965646,
            0.0 1.0 1.445018857755578e-16,
            -0.10432232489656802 0.9890569776591993 -0.10432232489656793,
            -0.10432232489656802 0.9890569776591993 -0.10432232489656793,
            0.0 1.0 1.445018857755578e-16,
            -0.13630368611965651 0.9890569776591993 -0.05645883539220708,
            -0.13630368611965651 0.9890569776591993 -0.05645883539220708,
            0.0 1.0 1.445018857755578e-16,
            -0.14753404672701884 0.9890569776591993 3.1238465294406085e-17,
            -0.14753404672701884 0.9890569776591993 3.1238465294406085e-17,
            0.0 1.0 1.445018857755578e-16,
            -0.13630368611965651 0.9890569776591993 0.056458835392207155,
            -0.13630368611965651 0.9890569776591993 0.056458835392207155,
            0.0 1.0 1.445018857755578e-16,
            -0.10432232489656802 0.9890569776591993 0.104322324896568,
            -0.10432232489656802 0.9890569776591993 0.104322324896568,
            0.0 1.0 1.445018857755578e-16,
            -0.05645883539220707 0.9890569776591993 0.13630368611965657,
            -0.05645883539220707 0.9890569776591993 0.13630368611965657,
            0.0 1.0 1.445018857755578e-16,
            1.7354702941336715e-18 0.9890569776591993 0.14753404672701892,
            1.7354702941336715e-18 0.9890569776591993 0.14753404672701892,
            0.0 1.0 1.445018857755578e-16,
            0.056458835392207064 0.9890569776591993 0.1363036861196565,
            0.056458835392207064 0.9890569776591993 0.1363036861196565,
            0.0 1.0 1.445018857755578e-16,
            0.10432232489656801 0.9890569776591993 0.10432232489656797,
            0.10432232489656801 0.9890569776591993 0.10432232489656797,
            0.0 1.0 1.445018857755578e-16,
            -0.7071066875309947 -8.489801846603292e-17 -0.707106874842088,
            -0.7071066875309947 -8.489801846603292e-17 -0.707106874842088,
            -0.4030336928723932 9.858635059879497e-17 -0.9151851410559732,
            -0.4030336928723932 9.858635059879497e-17 -0.9151851410559732,
            -0.6532813959117405 -0.38268343236508756 -0.6532815689646259,
            -0.6532813959117405 -0.38268343236508756 -0.6532815689646259,
            -0.4338615218604389 -0.35646457848952834 -0.8274643098836509,
            -0.4338615218604389 -0.35646457848952834 -0.8274643098836509,
            -0.4999999337755256 -0.7071067811865444 -0.5000000662244699,
            -0.4999999337755256 -0.7071067811865444 -0.5000000662244699,
            -0.4162796220447189 -0.6902001556350076 -0.5918910553739744,
            -0.4162796220447189 -0.6902001556350076 -0.5918910553739744,
            -0.27059801423267127 -0.9238795325112861 -0.27059808591352336,
            -0.27059801423267127 -0.9238795325112861 -0.27059808591352336,
            -0.25480297590167356 -0.9200697437263559 -0.2975686645985582,
            -0.25480297590167356 -0.9200697437263559 -0.2975686645985582,
            -1.2734702769904938e-16 -1.0 -1.5564636718772703e-16,
            -1.2734702769904938e-16 -1.0 -1.5564636718772703e-16,
            0.002502233410039481 -0.9999916658031003 -0.0032260118260990537,
            0.002502233410039481 -0.9999916658031003 -0.0032260118260990537,
            0.2705980142326719 -0.9238795325112857 0.27059808591352397,
            0.2705980142326719 -0.9238795325112857 0.27059808591352397,
            0.2824394616451768 -0.9221857248655954 0.26419962028681854,
            0.2824394616451768 -0.9221857248655954 0.26419962028681854,
            0.4999999337755261 -0.7071067811865438 0.5000000662244705,
            0.4999999337755261 -0.7071067811865438 0.5000000662244705,
            0.5255269840865522 -0.7030835000848163 0.47905634418654425,
            0.5255269840865522 -0.7030835000848163 0.47905634418654425,
            0.6532813959117407 -0.3826834323650869 0.6532815689646261,
            0.6532813959117407 -0.3826834323650869 0.6532815689646261,
            0.688558155109005 -0.3791713907357789 0.6181559054804693,
            0.688558155109005 -0.3791713907357789 0.6181559054804693,
            0.7071066875309947 1.1319735795471052e-16 0.707106874842088,
            0.7071066875309947 1.1319735795471052e-16 0.707106874842088,
            0.7457287883203984 0.0 0.6662496335985414,
            0.7457287883203984 0.0 0.6662496335985414,
            0.6532813959117406 0.38268343236508695 0.6532815689646261,
            0.6532813959117406 0.38268343236508695 0.6532815689646261,
            0.6885581551090048 0.3791713907357793 0.6181559054804691,
            0.6885581551090048 0.3791713907357793 0.6181559054804691,
            0.4999999337755262 0.7071067811865436 0.5000000662244705,
            0.4999999337755262 0.7071067811865436 0.5000000662244705,
            0.5255269840865523 0.7030835000848162 0.47905634418654436,
            0.5255269840865523 0.7030835000848162 0.47905634418654436,
            0.2705980142326726 0.9238795325112853 0.2705980859135247,
            0.2705980142326726 0.9238795325112853 0.2705980859135247,
            0.28243946164517786 0.9221857248655948 0.2641996202868194,
            0.28243946164517786 0.9221857248655948 0.2641996202868194,
            -2.5469405539809887e-16 1.0 -2.5469405539809887e-16,
            -2.5469405539809887e-16 1.0 -2.5469405539809887e-16,
            0.002502233410039298 0.9999916658031003 -0.00322601182609931,
            0.002502233410039298 0.9999916658031003 -0.00322601182609931,
            -0.2705980142326716 0.923879532511286 -0.2705980859135236,
            -0.2705980142326716 0.923879532511286 -0.2705980859135236,
            -0.25480297590167356 0.9200697437263556 -0.2975686645985587,
            -0.25480297590167356 0.9200697437263556 -0.2975686645985587,
            -0.4999999337755252 0.7071067811865451 -0.5000000662244694,
            -0.4999999337755252 0.7071067811865451 -0.5000000662244694,
            -0.4162796220447166 0.6902001556350081 -0.5918910553739756,
            -0.4162796220447166 0.6902001556350081 -0.5918910553739756,
            -0.6532813959117404 0.38268343236508795 -0.6532815689646256,
            -0.6532813959117404 0.38268343236508795 -0.6532815689646256,
            -0.43386152186043525 0.35646457848952845 -0.8274643098836528,
            -0.43386152186043525 0.35646457848952845 -0.8274643098836528,
            -0.7071066875309947 -8.489801846603292e-17 -0.707106874842088,
            -0.7071066875309947 -8.489801846603292e-17 -0.707106874842088,
            -0.7730104533627359 8.488249521176883e-17 -0.6343932841636468,
            -0.7730104533627359 8.488249521176883e-17 -0.6343932841636468,
            -0.6532813959117405 -0.38268343236508756 -0.6532815689646259,
            -0.6532813959117405 -0.38268343236508756 -0.6532815689646259,
            -0.7194443381397999 -0.3808407070402309 -0.5808271689407121,
            -0.7194443381397999 -0.3808407070402309 -0.5808271689407121,
            -0.4999999337755256 -0.7071067811865444 -0.5000000662244699,
            -0.4999999337755256 -0.7071067811865444 -0.5000000662244699,
            -0.5669009479356437 -0.7037018687631913 -0.42828377873655327,
            -0.5669009479356437 -0.7037018687631913 -0.42828377873655327,
            -0.27059801423267127 -0.9238795325112861 -0.27059808591352336,
            -0.27059801423267127 -0.9238795325112861 -0.27059808591352336,
            -0.33860363109957053 -0.9194308000402822 -0.19998646190048058,
            -0.33860363109957053 -0.9194308000402822 -0.19998646190048058,
            -1.2734702769904938e-16 -1.0 -1.5564636718772703e-16,
            -1.2734702769904938e-16 -1.0 -1.5564636718772703e-16,
            -0.06930858459954348 -0.9951847266721973 0.06930858459954353,
            -0.06930858459954348 -0.9951847266721973 0.06930858459954353,
            0.2705980142326719 -0.9238795325112857 0.27059808591352397,
            0.2705980142326719 -0.9238795325112857 0.27059808591352397,
            0.19998646190048036 -0.9194308000402813 0.3386036310995735,
            0.19998646190048036 -0.9194308000402813 0.3386036310995735,
            0.4999999337755261 -0.7071067811865438 0.5000000662244705,
            0.4999999337755261 -0.7071067811865438 0.5000000662244705,
            0.42828377873655077 -0.7037018687631903 0.5669009479356469,
            0.42828377873655077 -0.7037018687631903 0.5669009479356469,
            0.6532813959117407 -0.3826834323650869 0.6532815689646261,
            0.6532813959117407 -0.3826834323650869 0.6532815689646261,
            0.5808271689407081 -0.3808407070402306 0.7194443381398031,
            0.5808271689407081 -0.3808407070402306 0.7194443381398031,
            0.7071066875309947 1.1319735795471052e-16 0.707106874842088,
            0.7071066875309947 1.1319735795471052e-16 0.707106874842088,
            0.6343932841636428 2.8294165070589593e-16 0.7730104533627391,
            0.6343932841636428 2.8294165070589593e-16 0.7730104533627391,
            0.6532813959117406 0.38268343236508695 0.6532815689646261,
            0.6532813959117406 0.38268343236508695 0.6532815689646261,
            0.5808271689407078 0.38084070704023004 0.7194443381398037,
            0.5808271689407078 0.38084070704023004 0.7194443381398037,
            0.4999999337755262 0.7071067811865436 0.5000000662244705,
            0.4999999337755262 0.7071067811865436 0.5000000662244705,
            0.4282837787365502 0.7037018687631901 0.5669009479356477,
            0.4282837787365502 0.7037018687631901 0.5669009479356477,
            0.2705980142326726 0.9238795325112853 0.2705980859135247,
            0.2705980142326726 0.9238795325112853 0.2705980859135247,
            0.199986461900478 0.919430800040281 0.33860363109957564,
            0.199986461900478 0.919430800040281 0.33860363109957564,
            -2.5469405539809887e-16 1.0 -2.5469405539809887e-16,
            -2.5469405539809887e-16 1.0 -2.5469405539809887e-16,
            -0.0693085845995469 0.9951847266721967 0.0693085845995473,
            -0.0693085845995469 0.9951847266721967 0.0693085845995473,
            -0.2705980142326716 0.923879532511286 -0.2705980859135236,
            -0.2705980142326716 0.923879532511286 -0.2705980859135236,
            -0.3386036310995719 0.9194308000402819 -0.19998646190048,
            -0.3386036310995719 0.9194308000402819 -0.19998646190048,
            -0.4999999337755252 0.7071067811865451 -0.5000000662244694,
            -0.4999999337755252 0.7071067811865451 -0.5000000662244694,
            -0.5669009479356435 0.7037018687631913 -0.4282837787365536,
            -0.5669009479356435 0.7037018687631913 -0.4282837787365536,
            -0.6532813959117404 0.38268343236508795 -0.6532815689646256,
            -0.6532813959117404 0.38268343236508795 -0.6532815689646256,
            -0.7194443381398004 0.3808407070402312 -0.5808271689407113,
            -0.7194443381398004 0.3808407070402312 -0.5808271689407113,
            -0.8066299871365371 6.33769396706539e-16 -0.5910567348843173,
            -0.8066299871365371 6.33769396706539e-16 -0.5910567348843173,
            -1.0 1.6979603693206586e-15 0.0,
            -1.0 1.6979603693206586e-15 0.0,
            -0.7894672545975456 -0.3564645784895282 -0.49967435215397743,
            -0.7894672545975456 -0.3564645784895282 -0.49967435215397743,
            -0.9238795325112865 -0.3826834323650903 0.0,
            -0.9238795325112865 -0.3826834323650903 0.0,
            -0.6564542554554981 -0.6902001556350083 -0.3044528792042835,
            -0.6564542554554981 -0.6902001556350083 -0.3044528792042835,
            -0.7071067811865465 -0.7071067811865486 0.0,
            -0.7071067811865465 -0.7071067811865486 0.0,
            -0.36945018239000216 -0.920069743726356 -0.13030053496172503,
            -0.36945018239000216 -0.920069743726356 -0.13030053496172503,
            -0.38268343236508895 -0.9238795325112872 0.0,
            -0.38268343236508895 -0.9238795325112872 0.0,
            5.539917862428052e-4 -0.9999916658031003 -0.0040449248993304175,
            5.539917862428052e-4 -0.9999916658031003 -0.0040449248993304175,
            0.0 -1.0 0.0,
            0.0 -1.0 0.0,
            0.3766995589593328 -0.9221857248655955 0.08758385201599794,
            0.3766995589593328 -0.9221857248655955 0.08758385201599794,
            0.38268343236508895 -0.9238795325112872 0.0,
            0.38268343236508895 -0.9238795325112872 0.0,
            0.6946478906864478 -0.7030835000848155 0.15211147186637175,
            0.6946478906864478 -0.7030835000848155 0.15211147186637175,
            0.7071067811865476 -0.7071067811865475 0.0,
            0.7071067811865476 -0.7071067811865475 0.0,
            0.905386807047579 -0.37917139073577877 0.19105964009095525,
            0.905386807047579 -0.37917139073577877 0.19105964009095525,
            0.9238795325112864 -0.38268343236509056 0.0,
            0.9238795325112864 -0.38268343236509056 0.0,
            0.9789448918181239 0.0 0.2041247137982113,
            0.9789448918181239 0.0 0.2041247137982113,
            1.0 0.0 0.0,
            1.0 0.0 0.0,
            0.9053868070475787 0.37917139073577927 0.19105964009095522,
            0.9053868070475787 0.37917139073577927 0.19105964009095522,
            0.9238795325112863 0.38268343236509106 0.0,
            0.9238795325112863 0.38268343236509106 0.0,
            0.6946478906864477 0.7030835000848156 0.15211147186637222,
            0.6946478906864477 0.7030835000848156 0.15211147186637222,
            0.7071067811865479 0.7071067811865471 0.0,
            0.7071067811865479 0.7071067811865471 0.0,
            0.37669955895933394 0.922185724865595 0.08758385201599884,
            0.37669955895933394 0.922185724865595 0.08758385201599884,
            0.3826834323650904 0.9238795325112865 0.0,
            0.3826834323650904 0.9238795325112865 0.0,
            5.53991786242593e-4 0.9999916658031004 -0.004044924899330323,
            5.53991786242593e-4 0.9999916658031004 -0.004044924899330323,
            -3.5374174360847055e-16 1.0 0.0,
            -3.5374174360847055e-16 1.0 0.0,
            -0.3694501823900029 0.9200697437263557 -0.13030053496172414,
            -0.3694501823900029 0.9200697437263557 -0.13030053496172414,
            -0.382683432365089 0.9238795325112871 0.0,
            -0.382683432365089 0.9238795325112871 0.0,
            -0.6564542554554977 0.6902001556350086 -0.3044528792042835,
            -0.6564542554554977 0.6902001556350086 -0.3044528792042835,
            -0.7071067811865467 0.7071067811865485 0.0,
            -0.7071067811865467 0.7071067811865485 0.0,
            -0.7894672545975417 0.35646457848952884 -0.49967435215398315,
            -0.7894672545975417 0.35646457848952884 -0.49967435215398315,
            -0.9238795325112863 0.3826834323650908 0.0,
            -0.9238795325112863 0.3826834323650908 0.0,
            -1.0 1.6979603693206586e-15 0.0,
            -1.0 1.6979603693206586e-15 0.0,
            -0.8700221846046781 1.802760775968721e-15 -0.4930125741760585,
            -0.8700221846046781 1.802760775968721e-15 -0.4930125741760585,
            -0.9238795325112865 -0.3826834323650903 0.0,
            -0.9238795325112865 -0.3826834323650903 0.0,
            -0.8037956891870184 -0.3329430758382914 -0.49301257417605876,
            -0.8037956891870184 -0.3329430758382914 -0.49301257417605876,
            -0.7071067811865465 -0.7071067811865486 0.0,
            -0.7071067811865465 -0.7071067811865486 0.0,
            -0.6151985865167011 -0.6151985865167033 -0.4930125741760582,
            -0.6151985865167011 -0.6151985865167033 -0.4930125741760582,
            -0.38268343236508895 -0.9238795325112872 0.0,
            -0.38268343236508895 -0.9238795325112872 0.0,
            -0.33294307583829075 -0.8037956891870189 -0.49301257417605826,
            -0.33294307583829075 -0.8037956891870189 -0.49301257417605826,
            0.0 -1.0 0.0,
            0.0 -1.0 0.0,
            -1.4084068562255634e-17 -0.8700221846046782 -0.4930125741760582,
            -1.4084068562255634e-17 -0.8700221846046782 -0.4930125741760582,
            0.38268343236508895 -0.9238795325112872 0.0,
            0.38268343236508895 -0.9238795325112872 0.0,
            0.33294307583829014 -0.8037956891870192 -0.4930125741760585,
            0.33294307583829014 -0.8037956891870192 -0.4930125741760585,
            0.7071067811865476 -0.7071067811865475 0.0,
            0.7071067811865476 -0.7071067811865475 0.0,
            0.6151985865167021 -0.615198586516702 -0.4930125741760585,
            0.6151985865167021 -0.615198586516702 -0.4930125741760585,
            0.9238795325112864 -0.38268343236509056 0.0,
            0.9238795325112864 -0.38268343236509056 0.0,
            0.8037956891870184 -0.33294307583829275 -0.493012574176058,
            0.8037956891870184 -0.33294307583829275 -0.493012574176058,
            1.0 0.0 0.0,
            1.0 0.0 0.0,
            0.870022184604678 1.1267254849804517e-16 -0.49301257417605865,
            0.870022184604678 1.1267254849804517e-16 -0.49301257417605865,
            0.9238795325112863 0.38268343236509106 0.0,
            0.9238795325112863 0.38268343236509106 0.0,
            0.8037956891870179 0.3329430758382934 -0.4930125741760582,
            0.8037956891870179 0.3329430758382934 -0.4930125741760582,
            0.7071067811865479 0.7071067811865471 0.0,
            0.7071067811865479 0.7071067811865471 0.0,
            0.6151985865167029 0.6151985865167012 -0.4930125741760585,
            0.6151985865167029 0.6151985865167012 -0.4930125741760585,
            0.3826834323650904 0.9238795325112865 0.0,
            0.3826834323650904 0.9238795325112865 0.0,
            0.33294307583829236 0.8037956891870182 -0.4930125741760587,
            0.33294307583829236 0.8037956891870182 -0.4930125741760587,
            -3.5374174360847055e-16 1.0 0.0,
            -3.5374174360847055e-16 1.0 0.0,
            -2.535132341206015e-16 0.8700221846046781 -0.4930125741760584,
            -2.535132341206015e-16 0.8700221846046781 -0.4930125741760584,
            -0.382683432365089 0.9238795325112871 0.0,
            -0.382683432365089 0.9238795325112871 0.0,
            -0.33294307583829125 0.8037956891870188 -0.4930125741760582,
            -0.33294307583829125 0.8037956891870188 -0.4930125741760582,
            -0.7071067811865467 0.7071067811865485 0.0,
            -0.7071067811865467 0.7071067811865485 0.0,
            -0.6151985865167018 0.6151985865167026 -0.4930125741760584,
            -0.6151985865167018 0.6151985865167026 -0.4930125741760584,
            -0.9238795325112863 0.3826834323650908 0.0,
            -0.9238795325112863 0.3826834323650908 0.0,
            -0.8037956891870184 0.332943075838292 -0.49301257417605837,
            -0.8037956891870184 0.332943075838292 -0.49301257417605837,
            -0.8700221846046781 1.802760775968721e-15 -0.4930125741760585,
            -0.8700221846046781 1.802760775968721e-15 -0.4930125741760585,
            1.6764241737296853e-16 -1.69215783479869e-17 -1.0,
            -0.8037956891870184 -0.3329430758382914 -0.49301257417605876,
            -0.8037956891870184 -0.3329430758382914 -0.49301257417605876,
            1.6764241737296853e-16 -1.69215783479869e-17 -1.0,
            -0.6151985865167011 -0.6151985865167033 -0.4930125741760582,
            -0.6151985865167011 -0.6151985865167033 -0.4930125741760582,
            1.6764241737296853e-16 -1.69215783479869e-17 -1.0,
            -0.33294307583829075 -0.8037956891870189 -0.49301257417605826,
            -0.33294307583829075 -0.8037956891870189 -0.49301257417605826,
            1.6764241737296853e-16 -1.69215783479869e-17 -1.0,
            -1.4084068562255634e-17 -0.8700221846046782 -0.4930125741760582,
            -1.4084068562255634e-17 -0.8700221846046782 -0.4930125741760582,
            1.6764241737296853e-16 -1.69215783479869e-17 -1.0,
            0.33294307583829014 -0.8037956891870192 -0.4930125741760585,
            0.33294307583829014 -0.8037956891870192 -0.4930125741760585,
            1.6764241737296853e-16 -1.69215783479869e-17 -1.0,
            0.6151985865167021 -0.615198586516702 -0.4930125741760585,
            0.6151985865167021 -0.615198586516702 -0.4930125741760585,
            1.6764241737296853e-16 -1.69215783479869e-17 -1.0,
            0.8037956891870184 -0.33294307583829275 -0.493012574176058,
            0.8037956891870184 -0.33294307583829275 -0.493012574176058,
            1.6764241737296853e-16 -1.69215783479869e-17 -1.0,
            0.870022184604678 1.1267254849804517e-16 -0.49301257417605865,
            0.870022184604678 1.1267254849804517e-16 -0.49301257417605865,
            1.6764241737296853e-16 -1.69215783479869e-17 -1.0,
            0.8037956891870179 0.3329430758382934 -0.4930125741760582,
            0.8037956891870179 0.3329430758382934 -0.4930125741760582,
            1.6764241737296853e-16 -1.69215783479869e-17 -1.0,
            0.6151985865167029 0.6151985865167012 -0.4930125741760585,
            0.6151985865167029 0.6151985865167012 -0.4930125741760585,
            1.6764241737296853e-16 -1.69215783479869e-17 -1.0,
            0.33294307583829236 0.8037956891870182 -0.4930125741760587,
            0.33294307583829236 0.8037956891870182 -0.4930125741760587,
            1.6764241737296853e-16 -1.69215783479869e-17 -1.0,
            -2.535132341206015e-16 0.8700221846046781 -0.4930125741760584,
            -2.535132341206015e-16 0.8700221846046781 -0.4930125741760584,
            1.6764241737296853e-16 -1.69215783479869e-17 -1.0,
            -0.33294307583829125 0.8037956891870188 -0.4930125741760582,
            -0.33294307583829125 0.8037956891870188 -0.4930125741760582,
            1.6764241737296853e-16 -1.69215783479869e-17 -1.0,
            -0.6151985865167018 0.6151985865167026 -0.4930125741760584,
            -0.6151985865167018 0.6151985865167026 -0.4930125741760584,
            1.6764241737296853e-16 -1.69215783479869e-17 -1.0,
            -0.8037956891870184 0.332943075838292 -0.49301257417605837,
            -0.8037956891870184 0.332943075838292 -0.49301257417605837,
            1.6764241737296853e-16 -1.69215783479869e-17 -1.0,
            0.7071067811865476 -7.074834872169412e-17 -0.7071067811865474,
            0.7071067811865476 -7.074834872169412e-17 -0.7071067811865474,
            0.4030336928723932 4.2251293113769273e-16 -0.9151851410559732,
            0.4030336928723932 4.2251293113769273e-16 -0.9151851410559732,
            0.6532814824381881 -0.3826834323650905 -0.6532814824381878,
            0.6532814824381881 -0.3826834323650905 -0.6532814824381878,
            0.4338615218604374 -0.35646457848952845 -0.8274643098836517,
            0.4338615218604374 -0.35646457848952845 -0.8274643098836517,
            0.5000000000000002 -0.7071067811865472 -0.5000000000000001,
            0.5000000000000002 -0.7071067811865472 -0.5000000000000001,
            0.4162796220447181 -0.690200155635008 -0.5918910553739745,
            0.4162796220447181 -0.690200155635008 -0.5918910553739745,
            0.2705980500730986 -0.9238795325112867 -0.27059805007309856,
            0.2705980500730986 -0.9238795325112867 -0.27059805007309856,
            0.25480297590167394 -0.9200697437263554 -0.29756866459855885,
            0.25480297590167394 -0.9200697437263554 -0.29756866459855885,
            1.414966974433882e-16 -1.0 -1.55646367187727e-16,
            1.414966974433882e-16 -1.0 -1.55646367187727e-16,
            -0.0025022334100395526 -0.9999916658031003 -0.0032260118260990975,
            -0.0025022334100395526 -0.9999916658031003 -0.0032260118260990975,
            -0.27059805007309906 -0.9238795325112864 0.27059805007309895,
            -0.27059805007309906 -0.9238795325112864 0.27059805007309895,
            -0.2824394616451775 -0.922185724865595 0.26419962028681915,
            -0.2824394616451775 -0.922185724865595 0.26419962028681915,
            -0.5000000000000003 -0.7071067811865471 0.5000000000000002,
            -0.5000000000000003 -0.7071067811865471 0.5000000000000002,
            -0.5255269840865524 -0.7030835000848163 0.4790563441865439,
            -0.5255269840865524 -0.7030835000848163 0.4790563441865439,
            -0.6532814824381882 -0.3826834323650901 0.6532814824381881,
            -0.6532814824381882 -0.3826834323650901 0.6532814824381881,
            -0.6885581551090059 -0.37917139073577893 0.6181559054804683,
            -0.6885581551090059 -0.37917139073577893 0.6181559054804683,
            -0.7071067811865476 -9.904768821037173e-17 0.7071067811865474,
            -0.7071067811865476 -9.904768821037173e-17 0.7071067811865474,
            -0.7457287883203996 -1.8386690211021395e-16 0.66624963359854,
            -0.7457287883203996 -1.8386690211021395e-16 0.66624963359854,
            -0.6532814824381884 0.3826834323650895 0.6532814824381883,
            -0.6532814824381884 0.3826834323650895 0.6532814824381883,
            -0.688558155109006 0.37917139073577877 0.6181559054804683,
            -0.688558155109006 0.37917139073577877 0.6181559054804683,
            -0.5000000000000008 0.7071067811865466 0.5000000000000006,
            -0.5000000000000008 0.7071067811865466 0.5000000000000006,
            -0.5255269840865529 0.7030835000848157 0.47905634418654447,
            -0.5255269840865529 0.7030835000848157 0.47905634418654447,
            -0.2705980500730991 0.9238795325112864 0.270598050073099,
            -0.2705980500730991 0.9238795325112864 0.270598050073099,
            -0.2824394616451778 0.9221857248655949 0.26419962028681954,
            -0.2824394616451778 0.9221857248655949 0.26419962028681954,
            2.405443856537599e-16 1.0 -2.405443856537599e-16,
            2.405443856537599e-16 1.0 -2.405443856537599e-16,
            -0.0025022334100393544 0.9999916658031003 -0.0032260118260991825,
            -0.0025022334100393544 0.9999916658031003 -0.0032260118260991825,
            0.2705980500730984 0.9238795325112868 -0.2705980500730983,
            0.2705980500730984 0.9238795325112868 -0.2705980500730983,
            0.2548029759016739 0.9200697437263556 -0.29756866459855835,
            0.2548029759016739 0.9200697437263556 -0.29756866459855835,
            0.5000000000000001 0.7071067811865476 -0.49999999999999983,
            0.5000000000000001 0.7071067811865476 -0.49999999999999983,
            0.4162796220447181 0.6902001556350083 -0.5918910553739741,
            0.4162796220447181 0.6902001556350083 -0.5918910553739741,
            0.6532814824381882 0.3826834323650904 -0.6532814824381878,
            0.6532814824381882 0.3826834323650904 -0.6532814824381878,
            0.4338615218604374 0.3564645784895289 -0.8274643098836515,
            0.4338615218604374 0.3564645784895289 -0.8274643098836515,
            0.7071067811865476 -7.074834872169412e-17 -0.7071067811865474,
            0.7071067811865476 -7.074834872169412e-17 -0.7071067811865474,
            0.773010453362736 -1.8391207295883248e-16 -0.6343932841636467,
            0.773010453362736 -1.8391207295883248e-16 -0.6343932841636467,
            0.6532814824381881 -0.3826834323650905 -0.6532814824381878,
            0.6532814824381881 -0.3826834323650905 -0.6532814824381878,
            0.7194443381398001 -0.380840707040231 -0.5808271689407117,
            0.7194443381398001 -0.380840707040231 -0.5808271689407117,
            0.5000000000000002 -0.7071067811865472 -0.5000000000000001,
            0.5000000000000002 -0.7071067811865472 -0.5000000000000001,
            0.5669009479356427 -0.7037018687631919 -0.42828377873655377,
            0.5669009479356427 -0.7037018687631919 -0.42828377873655377,
            0.2705980500730986 -0.9238795325112867 -0.27059805007309856,
            0.2705980500730986 -0.9238795325112867 -0.27059805007309856,
            0.3386036310995703 -0.9194308000402824 -0.19998646190048072,
            0.3386036310995703 -0.9194308000402824 -0.19998646190048072,
            1.414966974433882e-16 -1.0 -1.55646367187727e-16,
            1.414966974433882e-16 -1.0 -1.55646367187727e-16,
            0.06930858459954467 -0.995184726672197 0.06930858459954488,
            0.06930858459954467 -0.995184726672197 0.06930858459954488,
            -0.27059805007309906 -0.9238795325112864 0.27059805007309895,
            -0.27059805007309906 -0.9238795325112864 0.27059805007309895,
            -0.19998646190048033 -0.9194308000402812 0.33860363109957364,
            -0.19998646190048033 -0.9194308000402812 0.33860363109957364,
            -0.5000000000000003 -0.7071067811865471 0.5000000000000002,
            -0.5000000000000003 -0.7071067811865471 0.5000000000000002,
            -0.42828377873655116 -0.7037018687631907 0.5669009479356462,
            -0.42828377873655116 -0.7037018687631907 0.5669009479356462,
            -0.6532814824381882 -0.3826834323650901 0.6532814824381881,
            -0.6532814824381882 -0.3826834323650901 0.6532814824381881,
            -0.5808271689407081 -0.38084070704023065 0.7194443381398031,
            -0.5808271689407081 -0.38084070704023065 0.7194443381398031,
            -0.7071067811865476 -9.904768821037173e-17 0.7071067811865474,
            -0.7071067811865476 -9.904768821037173e-17 0.7071067811865474,
            -0.6343932841636428 0.0 0.7730104533627393,
            -0.6343932841636428 0.0 0.7730104533627393,
            -0.6532814824381884 0.3826834323650895 0.6532814824381883,
            -0.6532814824381884 0.3826834323650895 0.6532814824381883,
            -0.5808271689407078 0.3808407070402299 0.7194443381398037,
            -0.5808271689407078 0.3808407070402299 0.7194443381398037,
            -0.5000000000000008 0.7071067811865466 0.5000000000000006,
            -0.5000000000000008 0.7071067811865466 0.5000000000000006,
            -0.4282837787365502 0.7037018687631901 0.5669009479356477,
            -0.4282837787365502 0.7037018687631901 0.5669009479356477,
            -0.2705980500730991 0.9238795325112864 0.270598050073099,
            -0.2705980500730991 0.9238795325112864 0.270598050073099,
            -0.199986461900478 0.919430800040281 0.33860363109957564,
            -0.199986461900478 0.919430800040281 0.33860363109957564,
            2.405443856537599e-16 1.0 -2.405443856537599e-16,
            2.405443856537599e-16 1.0 -2.405443856537599e-16,
            0.06930858459954682 0.9951847266721967 0.06930858459954725,
            0.06930858459954682 0.9951847266721967 0.06930858459954725,
            0.2705980500730984 0.9238795325112868 -0.2705980500730983,
            0.2705980500730984 0.9238795325112868 -0.2705980500730983,
            0.3386036310995716 0.919430800040282 -0.19998646190048014,
            0.3386036310995716 0.919430800040282 -0.19998646190048014,
            0.5000000000000001 0.7071067811865476 -0.49999999999999983,
            0.5000000000000001 0.7071067811865476 -0.49999999999999983,
            0.5669009479356433 0.7037018687631914 -0.42828377873655377,
            0.5669009479356433 0.7037018687631914 -0.42828377873655377,
            0.6532814824381882 0.3826834323650904 -0.6532814824381878,
            0.6532814824381882 0.3826834323650904 -0.6532814824381878,
            0.7194443381398004 0.38084070704023104 -0.5808271689407113,
            0.7194443381398004 0.38084070704023104 -0.5808271689407113,
            0.8066299871365373 8.168583335328726e-16 -0.5910567348843169,
            0.8066299871365373 8.168583335328726e-16 -0.5910567348843169,
            1.0 1.881906075997063e-15 0.0,
            1.0 1.881906075997063e-15 0.0,
            0.7894672545975447 -0.3564645784895284 -0.4996743521539787,
            0.7894672545975447 -0.3564645784895284 -0.4996743521539787,
            0.9238795325112864 -0.3826834323650906 0.0,
            0.9238795325112864 -0.3826834323650906 0.0,
            0.6564542554554973 -0.6902001556350085 -0.3044528792042844,
            0.6564542554554973 -0.6902001556350085 -0.3044528792042844,
            0.707106781186546 -0.707106781186549 0.0,
            0.707106781186546 -0.707106781186549 0.0,
            0.3694501823900029 -0.9200697437263556 -0.13030053496172547,
            0.3694501823900029 -0.9200697437263556 -0.13030053496172547,
            0.38268343236508967 -0.9238795325112868 0.0,
            0.38268343236508967 -0.9238795325112868 0.0,
            -5.539917862429046e-4 -0.9999916658031004 -0.0040449248993302605,
            -5.539917862429046e-4 -0.9999916658031004 -0.0040449248993302605,
            1.414966974433882e-17 -1.0 0.0,
            1.414966974433882e-17 -1.0 0.0,
            -0.37669955895933427 -0.9221857248655948 0.08758385201599901,
            -0.37669955895933427 -0.9221857248655948 0.08758385201599901,
            -0.3826834323650907 -0.9238795325112864 0.0,
            -0.3826834323650907 -0.9238795325112864 0.0,
            -0.6946478906864471 -0.7030835000848165 0.152111471866371,
            -0.6946478906864471 -0.7030835000848165 0.152111471866371,
            -0.7071067811865479 -0.7071067811865471 0.0,
            -0.7071067811865479 -0.7071067811865471 0.0,
            -0.9053868070475793 -0.3791713907357791 0.19105964009095308,
            -0.9053868070475793 -0.3791713907357791 0.19105964009095308,
            -0.9238795325112862 -0.38268343236509106 0.0,
            -0.9238795325112862 -0.38268343236509106 0.0,
            -0.9789448918181244 -2.1215411781947763e-16 0.204124713798209,
            -0.9789448918181244 -2.1215411781947763e-16 0.204124713798209,
            -1.0 -1.8394570667640473e-16 0.0,
            -1.0 -1.8394570667640473e-16 0.0,
            -0.9053868070475793 0.379171390735779 0.19105964009095308,
            -0.9053868070475793 0.379171390735779 0.19105964009095308,
            -0.9238795325112863 0.3826834323650909 0.0,
            -0.9238795325112863 0.3826834323650909 0.0,
            -0.6946478906864482 0.7030835000848153 0.1521114718663708,
            -0.6946478906864482 0.7030835000848153 0.1521114718663708,
            -0.7071067811865486 0.7071067811865465 0.0,
            -0.7071067811865486 0.7071067811865465 0.0,
            -0.3766995589593353 0.9221857248655946 0.0875838520159986,
            -0.3766995589593353 0.9221857248655946 0.0875838520159986,
            -0.3826834323650912 0.9238795325112861 0.0,
            -0.3826834323650912 0.9238795325112861 0.0,
            -5.53991786242409e-4 0.9999916658031004 -0.0040449248993305814,
            -5.53991786242409e-4 0.9999916658031004 -0.0040449248993305814,
            3.9619075284148694e-16 1.0 0.0,
            3.9619075284148694e-16 1.0 0.0,
            0.3694501823900029 0.9200697437263557 -0.13030053496172436,
            0.3694501823900029 0.9200697437263557 -0.13030053496172436,
            0.38268343236508895 0.9238795325112871 0.0,
            0.38268343236508895 0.9238795325112871 0.0,
            0.6564542554554977 0.6902001556350085 -0.3044528792042837,
            0.6564542554554977 0.6902001556350085 -0.3044528792042837,
            0.7071067811865466 0.7071067811865485 0.0,
            0.7071067811865466 0.7071067811865485 0.0,
            0.7894672545975423 0.3564645784895289 -0.4996743521539821,
            0.7894672545975423 0.3564645784895289 -0.4996743521539821,
            0.9238795325112863 0.3826834323650909 0.0,
            0.9238795325112863 0.3826834323650909 0.0,
            1.0 1.881906075997063e-15 0.0,
            1.0 1.881906075997063e-15 0.0,
            0.870022184604678 1.535163473285864e-15 -0.4930125741760586,
            0.870022184604678 1.535163473285864e-15 -0.4930125741760586,
            0.9238795325112864 -0.3826834323650906 0.0,
            0.9238795325112864 -0.3826834323650906 0.0,
            0.8037956891870183 -0.3329430758382919 -0.4930125741760588,
            0.8037956891870183 -0.3329430758382919 -0.4930125741760588,
            0.707106781186546 -0.707106781186549 0.0,
            0.707106781186546 -0.707106781186549 0.0,
            0.6151985865167015 -0.6151985865167032 -0.4930125741760581,
            0.6151985865167015 -0.6151985865167032 -0.4930125741760581,
            0.38268343236508967 -0.9238795325112868 0.0,
            0.38268343236508967 -0.9238795325112868 0.0,
            0.3329430758382916 -0.8037956891870188 -0.49301257417605804,
            0.3329430758382916 -0.8037956891870188 -0.49301257417605804,
            1.414966974433882e-17 -1.0 0.0,
            1.414966974433882e-17 -1.0 0.0,
            7.042034281127818e-17 -0.8700221846046784 -0.49301257417605787,
            7.042034281127818e-17 -0.8700221846046784 -0.49301257417605787,
            -0.3826834323650907 -0.9238795325112864 0.0,
            -0.3826834323650907 -0.9238795325112864 0.0,
            -0.3329430758382928 -0.8037956891870183 -0.49301257417605815,
            -0.3329430758382928 -0.8037956891870183 -0.49301257417605815,
            -0.7071067811865479 -0.7071067811865471 0.0,
            -0.7071067811865479 -0.7071067811865471 0.0,
            -0.6151985865167037 -0.6151985865167009 -0.493012574176058,
            -0.6151985865167037 -0.6151985865167009 -0.493012574176058,
            -0.9238795325112862 -0.38268343236509106 0.0,
            -0.9238795325112862 -0.38268343236509106 0.0,
            -0.803795689187018 -0.3329430758382933 -0.4930125741760581,
            -0.803795689187018 -0.3329430758382933 -0.4930125741760581,
            -1.0 -1.8394570667640473e-16 0.0,
            -1.0 -1.8394570667640473e-16 0.0,
            -0.8700221846046778 -2.253450969960904e-16 -0.49301257417605876,
            -0.8700221846046778 -2.253450969960904e-16 -0.49301257417605876,
            -0.9238795325112863 0.3826834323650909 0.0,
            -0.9238795325112863 0.3826834323650909 0.0,
            -0.8037956891870179 0.3329430758382934 -0.49301257417605826,
            -0.8037956891870179 0.3329430758382934 -0.49301257417605826,
            -0.7071067811865486 0.7071067811865465 0.0,
            -0.7071067811865486 0.7071067811865465 0.0,
            -0.615198586516704 0.6151985865167005 -0.49301257417605837,
            -0.615198586516704 0.6151985865167005 -0.49301257417605837,
            -0.3826834323650912 0.9238795325112861 0.0,
            -0.3826834323650912 0.9238795325112861 0.0,
            -0.3329430758382934 0.8037956891870175 -0.4930125741760587,
            -0.3329430758382934 0.8037956891870175 -0.4930125741760587,
            3.9619075284148694e-16 1.0 0.0,
            3.9619075284148694e-16 1.0 0.0,
            1.5492475418481201e-16 0.8700221846046781 -0.49301257417605837,
            1.5492475418481201e-16 0.8700221846046781 -0.49301257417605837,
            0.38268343236508895 0.9238795325112871 0.0,
            0.38268343236508895 0.9238795325112871 0.0,
            0.3329430758382912 0.8037956891870187 -0.4930125741760583,
            0.3329430758382912 0.8037956891870187 -0.4930125741760583,
            0.7071067811865466 0.7071067811865485 0.0,
            0.7071067811865466 0.7071067811865485 0.0,
            0.6151985865167019 0.6151985865167023 -0.4930125741760585,
            0.6151985865167019 0.6151985865167023 -0.4930125741760585,
            0.9238795325112863 0.3826834323650909 0.0,
            0.9238795325112863 0.3826834323650909 0.0,
            0.8037956891870184 0.332943075838292 -0.4930125741760584,
            0.8037956891870184 0.332943075838292 -0.4930125741760584,
            0.870022184604678 1.535163473285864e-15 -0.4930125741760586,
            0.870022184604678 1.535163473285864e-15 -0.4930125741760586,
            -1.0058545042378126e-16 -1.6921578347986923e-17 -1.0,
            0.8037956891870183 -0.3329430758382919 -0.4930125741760588,
            0.8037956891870183 -0.3329430758382919 -0.4930125741760588,
            -1.0058545042378126e-16 -1.6921578347986923e-17 -1.0,
            0.6151985865167015 -0.6151985865167032 -0.4930125741760581,
            0.6151985865167015 -0.6151985865167032 -0.4930125741760581,
            -1.0058545042378126e-16 -1.6921578347986923e-17 -1.0,
            0.3329430758382916 -0.8037956891870188 -0.49301257417605804,
            0.3329430758382916 -0.8037956891870188 -0.49301257417605804,
            -1.0058545042378126e-16 -1.6921578347986923e-17 -1.0,
            7.042034281127818e-17 -0.8700221846046784 -0.49301257417605787,
            7.042034281127818e-17 -0.8700221846046784 -0.49301257417605787,
            -1.0058545042378126e-16 -1.6921578347986923e-17 -1.0,
            -0.3329430758382928 -0.8037956891870183 -0.49301257417605815,
            -0.3329430758382928 -0.8037956891870183 -0.49301257417605815,
            -1.0058545042378126e-16 -1.6921578347986923e-17 -1.0,
            -0.6151985865167037 -0.6151985865167009 -0.493012574176058,
            -0.6151985865167037 -0.6151985865167009 -0.493012574176058,
            -1.0058545042378126e-16 -1.6921578347986923e-17 -1.0,
            -0.803795689187018 -0.3329430758382933 -0.4930125741760581,
            -0.803795689187018 -0.3329430758382933 -0.4930125741760581,
            -1.0058545042378126e-16 -1.6921578347986923e-17 -1.0,
            -0.8700221846046778 -2.253450969960904e-16 -0.49301257417605876,
            -0.8700221846046778 -2.253450969960904e-16 -0.49301257417605876,
            -1.0058545042378126e-16 -1.6921578347986923e-17 -1.0,
            -0.8037956891870179 0.3329430758382934 -0.49301257417605826,
            -0.8037956891870179 0.3329430758382934 -0.49301257417605826,
            -1.0058545042378126e-16 -1.6921578347986923e-17 -1.0,
            -0.615198586516704 0.6151985865167005 -0.49301257417605837,
            -0.615198586516704 0.6151985865167005 -0.49301257417605837,
            -1.0058545042378126e-16 -1.6921578347986923e-17 -1.0,
            -0.3329430758382934 0.8037956891870175 -0.4930125741760587,
            -0.3329430758382934 0.8037956891870175 -0.4930125741760587,
            -1.0058545042378126e-16 -1.6921578347986923e-17 -1.0,
            1.5492475418481201e-16 0.8700221846046781 -0.49301257417605837,
            1.5492475418481201e-16 0.8700221846046781 -0.49301257417605837,
            -1.0058545042378126e-16 -1.6921578347986923e-17 -1.0,
            0.3329430758382912 0.8037956891870187 -0.4930125741760583,
            0.3329430758382912 0.8037956891870187 -0.4930125741760583,
            -1.0058545042378126e-16 -1.6921578347986923e-17 -1.0,
            0.6151985865167019 0.6151985865167023 -0.4930125741760585,
            0.6151985865167019 0.6151985865167023 -0.4930125741760585,
            -1.0058545042378126e-16 -1.6921578347986923e-17 -1.0,
            0.8037956891870184 0.332943075838292 -0.4930125741760584,
            0.8037956891870184 0.332943075838292 -0.4930125741760584,
            -1.0058545042378126e-16 -1.6921578347986923e-17 -1.0 ]
        }
        normalIndex [
          291, 295, 359, 355, -1,
          293, 352, 490, 487, -1,
          290, 354, 414, 350, -1,
          292, 486, 482, 296, -1,
          294, 299, 363, 358, -1,
          297, 483, 543, 301, -1,
          298, 303, 367, 362, -1,
          300, 542, 539, 305, -1,
          302, 307, 371, 366, -1,
          304, 538, 535, 309, -1,
          306, 311, 375, 370, -1,
          308, 534, 531, 313, -1,
          310, 315, 379, 374, -1,
          312, 530, 527, 317, -1,
          314, 319, 383, 378, -1,
          316, 526, 523, 321, -1,
          318, 323, 387, 382, -1,
          320, 522, 519, 325, -1,
          322, 327, 391, 386, -1,
          324, 518, 515, 329, -1,
          326, 331, 395, 390, -1,
          328, 514, 511, 333, -1,
          330, 335, 399, 394, -1,
          332, 510, 507, 337, -1,
          334, 339, 403, 398, -1,
          336, 506, 503, 341, -1,
          338, 343, 407, 402, -1,
          340, 502, 499, 345, -1,
          342, 347, 411, 406, -1,
          344, 498, 495, 349, -1,
          346, 351, 415, 410, -1,
          348, 494, 491, 353, -1,
          356, 360, 422, 418, -1,
          357, 419, 479, 417, -1,
          361, 364, 426, 423, -1,
          365, 368, 430, 427, -1,
          369, 372, 434, 431, -1,
          373, 376, 438, 435, -1,
          377, 380, 442, 439, -1,
          381, 384, 446, 443, -1,
          385, 388, 450, 447, -1,
          389, 392, 454, 451, -1,
          393, 396, 458, 455, -1,
          397, 400, 462, 459, -1,
          401, 404, 466, 463, -1,
          405, 408, 470, 467, -1,
          409, 412, 474, 471, -1,
          413, 416, 478, 475, -1,
          420, 424, 549, 546, -1,
          421, 547, 592, 481, -1,
          425, 428, 552, 550, -1,
          429, 432, 555, 553, -1,
          433, 436, 558, 556, -1,
          437, 440, 561, 559, -1,
          441, 444, 564, 562, -1,
          445, 448, 567, 565, -1,
          449, 452, 570, 568, -1,
          453, 456, 573, 571, -1,
          457, 460, 576, 574, -1,
          461, 464, 579, 577, -1,
          465, 468, 582, 580, -1,
          469, 472, 585, 583, -1,
          473, 476, 588, 586, -1,
          477, 480, 591, 589, -1,
          484, 488, 597, 594, -1,
          485, 595, 640, 545, -1,
          489, 492, 600, 598, -1,
          493, 496, 603, 601, -1,
          497, 500, 606, 604, -1,
          501, 504, 609, 607, -1,
          505, 508, 612, 610, -1,
          509, 512, 615, 613, -1,
          513, 516, 618, 616, -1,
          517, 520, 621, 619, -1,
          521, 524, 624, 622, -1,
          525, 528, 627, 625, -1,
          529, 532, 630, 628, -1,
          533, 536, 633, 631, -1,
          537, 540, 636, 634, -1,
          541, 544, 639, 637, -1,
          548, 551, 554, 557, 560, 563, 566, 569, 572, 575, 578, 581, 584, 587, 590, 593, -1,
          596, 599, 602, 605, 608, 611, 614, 617, 620, 623, 626, 629, 632, 635, 638, 641, -1,
          643, 647, 711, 707, -1,
          645, 705, 128, 113, -1,
          642, 706, 766, 702, -1,
          644, 113, 114, 648, -1,
          646, 651, 715, 710, -1,
          649, 114, 115, 652, -1,
          650, 655, 719, 714, -1,
          653, 115, 116, 656, -1,
          654, 659, 723, 718, -1,
          657, 116, 117, 660, -1,
          658, 663, 727, 722, -1,
          661, 117, 118, 664, -1,
          662, 667, 731, 726, -1,
          665, 118, 119, 668, -1,
          666, 671, 735, 730, -1,
          669, 119, 120, 672, -1,
          670, 675, 739, 734, -1,
          673, 120, 121, 676, -1,
          674, 679, 743, 738, -1,
          677, 121, 122, 680, -1,
          678, 683, 747, 742, -1,
          681, 122, 123, 684, -1,
          682, 687, 751, 746, -1,
          685, 123, 124, 688, -1,
          686, 691, 755, 750, -1,
          689, 124, 125, 692, -1,
          690, 695, 759, 754, -1,
          693, 125, 126, 696, -1,
          694, 699, 763, 758, -1,
          697, 126, 127, 700, -1,
          698, 703, 767, 762, -1,
          701, 127, 128, 704, -1,
          0, 1, 112, -1,
          0, 15, 31, 16, -1,
          0, 16, 17, 1, -1,
          0, 112, 15, -1,
          1, 2, 112, -1,
          1, 17, 18, 2, -1,
          2, 3, 112, -1,
          2, 18, 19, 3, -1,
          3, 4, 112, -1,
          3, 19, 20, 4, -1,
          4, 5, 112, -1,
          4, 20, 21, 5, -1,
          5, 6, 112, -1,
          5, 21, 22, 6, -1,
          6, 7, 112, -1,
          6, 22, 23, 7, -1,
          7, 8, 112, -1,
          7, 23, 24, 8, -1,
          8, 9, 112, -1,
          8, 24, 25, 9, -1,
          9, 10, 112, -1,
          9, 25, 26, 10, -1,
          10, 11, 112, -1,
          10, 26, 27, 11, -1,
          11, 12, 112, -1,
          11, 27, 28, 12, -1,
          12, 13, 112, -1,
          12, 28, 29, 13, -1,
          13, 14, 112, -1,
          13, 29, 30, 14, -1,
          14, 15, 112, -1,
          14, 30, 31, 15, -1,
          16, 31, 47, 32, -1,
          16, 32, 33, 17, -1,
          17, 33, 34, 18, -1,
          18, 34, 35, 19, -1,
          19, 35, 36, 20, -1,
          20, 36, 37, 21, -1,
          21, 37, 38, 22, -1,
          22, 38, 39, 23, -1,
          23, 39, 40, 24, -1,
          24, 40, 41, 25, -1,
          25, 41, 42, 26, -1,
          26, 42, 43, 27, -1,
          27, 43, 44, 28, -1,
          28, 44, 45, 29, -1,
          29, 45, 46, 30, -1,
          30, 46, 47, 31, -1,
          32, 47, 63, 48, -1,
          32, 48, 49, 33, -1,
          33, 49, 50, 34, -1,
          34, 50, 51, 35, -1,
          35, 51, 52, 36, -1,
          36, 52, 53, 37, -1,
          37, 53, 54, 38, -1,
          38, 54, 55, 39, -1,
          39, 55, 56, 40, -1,
          40, 56, 57, 41, -1,
          41, 57, 58, 42, -1,
          42, 58, 59, 43, -1,
          43, 59, 60, 44, -1,
          44, 60, 61, 45, -1,
          45, 61, 62, 46, -1,
          46, 62, 63, 47, -1,
          48, 63, 79, 64, -1,
          48, 64, 65, 49, -1,
          49, 65, 66, 50, -1,
          50, 66, 67, 51, -1,
          51, 67, 68, 52, -1,
          52, 68, 69, 53, -1,
          53, 69, 70, 54, -1,
          54, 70, 71, 55, -1,
          55, 71, 72, 56, -1,
          56, 72, 73, 57, -1,
          57, 73, 74, 58, -1,
          58, 74, 75, 59, -1,
          59, 75, 76, 60, -1,
          60, 76, 77, 61, -1,
          61, 77, 78, 62, -1,
          62, 78, 79, 63, -1,
          64, 79, 95, 80, -1,
          64, 80, 81, 65, -1,
          65, 81, 82, 66, -1,
          66, 82, 83, 67, -1,
          67, 83, 84, 68, -1,
          68, 84, 85, 69, -1,
          69, 85, 86, 70, -1,
          70, 86, 87, 71, -1,
          71, 87, 88, 72, -1,
          72, 88, 89, 73, -1,
          73, 89, 90, 74, -1,
          74, 90, 91, 75, -1,
          75, 91, 92, 76, -1,
          76, 92, 93, 77, -1,
          77, 93, 94, 78, -1,
          78, 94, 95, 79, -1,
          80, 95, 111, 96, -1,
          80, 96, 97, 81, -1,
          81, 97, 98, 82, -1,
          82, 98, 99, 83, -1,
          83, 99, 100, 84, -1,
          84, 100, 101, 85, -1,
          85, 101, 102, 86, -1,
          86, 102, 103, 87, -1,
          87, 103, 104, 88, -1,
          88, 104, 105, 89, -1,
          89, 105, 106, 90, -1,
          90, 106, 107, 91, -1,
          91, 107, 108, 92, -1,
          92, 108, 109, 93, -1,
          93, 109, 110, 94, -1,
          94, 110, 111, 95, -1,
          96, 111, 769, 709, -1,
          96, 708, 712, 97, -1,
          97, 713, 716, 98, -1,
          98, 717, 720, 99, -1,
          99, 721, 724, 100, -1,
          100, 725, 728, 101, -1,
          101, 729, 732, 102, -1,
          102, 733, 736, 103, -1,
          103, 737, 740, 104, -1,
          104, 741, 744, 105, -1,
          105, 745, 748, 106, -1,
          106, 749, 752, 107, -1,
          107, 753, 756, 108, -1,
          108, 757, 760, 109, -1,
          109, 761, 764, 110, -1,
          110, 765, 768, 111, -1,
          113, 128, 144, 129, -1,
          113, 129, 130, 114, -1,
          114, 130, 131, 115, -1,
          115, 131, 132, 116, -1,
          116, 132, 133, 117, -1,
          117, 133, 134, 118, -1,
          118, 134, 135, 119, -1,
          119, 135, 136, 120, -1,
          120, 136, 137, 121, -1,
          121, 137, 138, 122, -1,
          122, 138, 139, 123, -1,
          123, 139, 140, 124, -1,
          124, 140, 141, 125, -1,
          125, 141, 142, 126, -1,
          126, 142, 143, 127, -1,
          127, 143, 144, 128, -1,
          129, 144, 831, 771, -1,
          129, 770, 774, 130, -1,
          130, 775, 778, 131, -1,
          131, 779, 782, 132, -1,
          132, 783, 786, 133, -1,
          133, 787, 790, 134, -1,
          134, 791, 794, 135, -1,
          135, 795, 798, 136, -1,
          136, 799, 802, 137, -1,
          137, 803, 806, 138, -1,
          138, 807, 810, 139, -1,
          139, 811, 814, 140, -1,
          140, 815, 818, 141, -1,
          141, 819, 822, 142, -1,
          142, 823, 826, 143, -1,
          143, 827, 830, 144, -1,
          773, 833, 895, 835, -1,
          772, 834, 838, 776, -1,
          777, 839, 842, 780, -1,
          781, 843, 846, 784, -1,
          785, 847, 850, 788, -1,
          789, 851, 854, 792, -1,
          793, 855, 858, 796, -1,
          797, 859, 862, 800, -1,
          801, 863, 866, 804, -1,
          805, 867, 870, 808, -1,
          809, 871, 874, 812, -1,
          813, 875, 878, 816, -1,
          817, 879, 882, 820, -1,
          821, 883, 886, 824, -1,
          825, 887, 890, 828, -1,
          829, 891, 894, 832, -1,
          837, 897, 944, 899, -1,
          836, 898, 901, 840, -1,
          841, 902, 904, 844, -1,
          845, 905, 907, 848, -1,
          849, 908, 910, 852, -1,
          853, 911, 913, 856, -1,
          857, 914, 916, 860, -1,
          861, 917, 919, 864, -1,
          865, 920, 922, 868, -1,
          869, 923, 925, 872, -1,
          873, 926, 928, 876, -1,
          877, 929, 931, 880, -1,
          881, 932, 934, 884, -1,
          885, 935, 937, 888, -1,
          889, 938, 940, 892, -1,
          893, 941, 943, 896, -1,
          900, 945, 942, 939, 936, 933, 930, 927, 924, 921, 918, 915, 912, 909, 906, 903, -1,
          948, 952, 259, 258, -1,
          946, 1006, 1070, 1010, -1,
          947, 1011, 1015, 951, -1,
          949, 258, 273, 1009, -1,
          953, 956, 260, 259, -1,
          950, 1014, 1019, 955, -1,
          957, 960, 261, 260, -1,
          954, 1018, 1023, 959, -1,
          961, 964, 262, 261, -1,
          958, 1022, 1027, 963, -1,
          965, 968, 263, 262, -1,
          962, 1026, 1031, 967, -1,
          969, 972, 264, 263, -1,
          966, 1030, 1035, 971, -1,
          973, 976, 265, 264, -1,
          970, 1034, 1039, 975, -1,
          977, 980, 266, 265, -1,
          974, 1038, 1043, 979, -1,
          981, 984, 267, 266, -1,
          978, 1042, 1047, 983, -1,
          985, 988, 268, 267, -1,
          982, 1046, 1051, 987, -1,
          989, 992, 269, 268, -1,
          986, 1050, 1055, 991, -1,
          993, 996, 270, 269, -1,
          990, 1054, 1059, 995, -1,
          997, 1000, 271, 270, -1,
          994, 1058, 1063, 999, -1,
          1001, 1004, 272, 271, -1,
          998, 1062, 1067, 1003, -1,
          1005, 1008, 273, 272, -1,
          1002, 1066, 1071, 1007, -1,
          145, 146, 162, 161, -1,
          145, 160, 257, -1,
          145, 161, 176, 160, -1,
          145, 257, 146, -1,
          146, 147, 163, 162, -1,
          146, 257, 147, -1,
          147, 148, 164, 163, -1,
          147, 257, 148, -1,
          148, 149, 165, 164, -1,
          148, 257, 149, -1,
          149, 150, 166, 165, -1,
          149, 257, 150, -1,
          150, 151, 167, 166, -1,
          150, 257, 151, -1,
          151, 152, 168, 167, -1,
          151, 257, 152, -1,
          152, 153, 169, 168, -1,
          152, 257, 153, -1,
          153, 154, 170, 169, -1,
          153, 257, 154, -1,
          154, 155, 171, 170, -1,
          154, 257, 155, -1,
          155, 156, 172, 171, -1,
          155, 257, 156, -1,
          156, 157, 173, 172, -1,
          156, 257, 157, -1,
          157, 158, 174, 173, -1,
          157, 257, 158, -1,
          158, 159, 175, 174, -1,
          158, 257, 159, -1,
          159, 160, 176, 175, -1,
          159, 257, 160, -1,
          161, 162, 178, 177, -1,
          161, 177, 192, 176, -1,
          162, 163, 179, 178, -1,
          163, 164, 180, 179, -1,
          164, 165, 181, 180, -1,
          165, 166, 182, 181, -1,
          166, 167, 183, 182, -1,
          167, 168, 184, 183, -1,
          168, 169, 185, 184, -1,
          169, 170, 186, 185, -1,
          170, 171, 187, 186, -1,
          171, 172, 188, 187, -1,
          172, 173, 189, 188, -1,
          173, 174, 190, 189, -1,
          174, 175, 191, 190, -1,
          175, 176, 192, 191, -1,
          177, 178, 194, 193, -1,
          177, 193, 208, 192, -1,
          178, 179, 195, 194, -1,
          179, 180, 196, 195, -1,
          180, 181, 197, 196, -1,
          181, 182, 198, 197, -1,
          182, 183, 199, 198, -1,
          183, 184, 200, 199, -1,
          184, 185, 201, 200, -1,
          185, 186, 202, 201, -1,
          186, 187, 203, 202, -1,
          187, 188, 204, 203, -1,
          188, 189, 205, 204, -1,
          189, 190, 206, 205, -1,
          190, 191, 207, 206, -1,
          191, 192, 208, 207, -1,
          193, 194, 210, 209, -1,
          193, 209, 224, 208, -1,
          194, 195, 211, 210, -1,
          195, 196, 212, 211, -1,
          196, 197, 213, 212, -1,
          197, 198, 214, 213, -1,
          198, 199, 215, 214, -1,
          199, 200, 216, 215, -1,
          200, 201, 217, 216, -1,
          201, 202, 218, 217, -1,
          202, 203, 219, 218, -1,
          203, 204, 220, 219, -1,
          204, 205, 221, 220, -1,
          205, 206, 222, 221, -1,
          206, 207, 223, 222, -1,
          207, 208, 224, 223, -1,
          209, 210, 226, 225, -1,
          209, 225, 240, 224, -1,
          210, 211, 227, 226, -1,
          211, 212, 228, 227, -1,
          212, 213, 229, 228, -1,
          213, 214, 230, 229, -1,
          214, 215, 231, 230, -1,
          215, 216, 232, 231, -1,
          216, 217, 233, 232, -1,
          217, 218, 234, 233, -1,
          218, 219, 235, 234, -1,
          219, 220, 236, 235, -1,
          220, 221, 237, 236, -1,
          221, 222, 238, 237, -1,
          222, 223, 239, 238, -1,
          223, 224, 240, 239, -1,
          225, 226, 242, 241, -1,
          225, 241, 256, 240, -1,
          226, 227, 243, 242, -1,
          227, 228, 244, 243, -1,
          228, 229, 245, 244, -1,
          229, 230, 246, 245, -1,
          230, 231, 247, 246, -1,
          231, 232, 248, 247, -1,
          232, 233, 249, 248, -1,
          233, 234, 250, 249, -1,
          234, 235, 251, 250, -1,
          235, 236, 252, 251, -1,
          236, 237, 253, 252, -1,
          237, 238, 254, 253, -1,
          238, 239, 255, 254, -1,
          239, 240, 256, 255, -1,
          241, 242, 1016, 1012, -1,
          241, 1013, 1073, 256, -1,
          242, 243, 1020, 1017, -1,
          243, 244, 1024, 1021, -1,
          244, 245, 1028, 1025, -1,
          245, 246, 1032, 1029, -1,
          246, 247, 1036, 1033, -1,
          247, 248, 1040, 1037, -1,
          248, 249, 1044, 1041, -1,
          249, 250, 1048, 1045, -1,
          250, 251, 1052, 1049, -1,
          251, 252, 1056, 1053, -1,
          252, 253, 1060, 1057, -1,
          253, 254, 1064, 1061, -1,
          254, 255, 1068, 1065, -1,
          255, 256, 1072, 1069, -1,
          258, 259, 275, 274, -1,
          258, 274, 289, 273, -1,
          259, 260, 276, 275, -1,
          260, 261, 277, 276, -1,
          261, 262, 278, 277, -1,
          262, 263, 279, 278, -1,
          263, 264, 280, 279, -1,
          264, 265, 281, 280, -1,
          265, 266, 282, 281, -1,
          266, 267, 283, 282, -1,
          267, 268, 284, 283, -1,
          268, 269, 285, 284, -1,
          269, 270, 286, 285, -1,
          270, 271, 287, 286, -1,
          271, 272, 288, 287, -1,
          272, 273, 289, 288, -1,
          274, 275, 1078, 1074, -1,
          274, 1075, 1135, 289, -1,
          275, 276, 1082, 1079, -1,
          276, 277, 1086, 1083, -1,
          277, 278, 1090, 1087, -1,
          278, 279, 1094, 1091, -1,
          279, 280, 1098, 1095, -1,
          280, 281, 1102, 1099, -1,
          281, 282, 1106, 1103, -1,
          282, 283, 1110, 1107, -1,
          283, 284, 1114, 1111, -1,
          284, 285, 1118, 1115, -1,
          285, 286, 1122, 1119, -1,
          286, 287, 1126, 1123, -1,
          287, 288, 1130, 1127, -1,
          288, 289, 1134, 1131, -1,
          1076, 1080, 1142, 1138, -1,
          1077, 1139, 1199, 1137, -1,
          1081, 1084, 1146, 1143, -1,
          1085, 1088, 1150, 1147, -1,
          1089, 1092, 1154, 1151, -1,
          1093, 1096, 1158, 1155, -1,
          1097, 1100, 1162, 1159, -1,
          1101, 1104, 1166, 1163, -1,
          1105, 1108, 1170, 1167, -1,
          1109, 1112, 1174, 1171, -1,
          1113, 1116, 1178, 1175, -1,
          1117, 1120, 1182, 1179, -1,
          1121, 1124, 1186, 1183, -1,
          1125, 1128, 1190, 1187, -1,
          1129, 1132, 1194, 1191, -1,
          1133, 1136, 1198, 1195, -1,
          1140, 1144, 1205, 1202, -1,
          1141, 1203, 1248, 1201, -1,
          1145, 1148, 1208, 1206, -1,
          1149, 1152, 1211, 1209, -1,
          1153, 1156, 1214, 1212, -1,
          1157, 1160, 1217, 1215, -1,
          1161, 1164, 1220, 1218, -1,
          1165, 1168, 1223, 1221, -1,
          1169, 1172, 1226, 1224, -1,
          1173, 1176, 1229, 1227, -1,
          1177, 1180, 1232, 1230, -1,
          1181, 1184, 1235, 1233, -1,
          1185, 1188, 1238, 1236, -1,
          1189, 1192, 1241, 1239, -1,
          1193, 1196, 1244, 1242, -1,
          1197, 1200, 1247, 1245, -1,
          1204, 1207, 1210, 1213, 1216, 1219, 1222, 1225, 1228, 1231, 1234, 1237, 1240, 1243, 1246, 1249, -1 ]
      }
    }

  ]
}

