#VRML V2.0 utf8
#Exported from Wings 3D 2.4.1
DEF Cylinder7_copy8 Transform {
  children [
    Shape {
      appearance Appearance {
        material DEF pins Material {
          diffuseColor 0.6 0.6 0.6
          emissiveColor 0.0 0.0 0.0
          specularColor 0.5999999905136262 0.5999999905136262 0.5999999905136262
          ambientIntensity 1.0
          transparency 0.0
          shininess 0.5
        }
      }
      geometry IndexedFaceSet {
        normalPerVertex TRUE
        coord Coordinate {
          point [
            2.1680003346500003 -1.41730044094 1.0,
            2.1558210598518057 -1.4785297901184142 1.0,
            2.1211374196398483 -1.5304375259298477 1.0,
            2.0692296838284143 -1.5651211661418056 1.0,
            2.00800033465 -1.5773004409399998 1.0,
            1.946770985471586 -1.5651211661418056 1.0,
            1.8948632496601525 -1.5304375259298477 1.0,
            1.8601796094481942 -1.4785297901184142 1.0,
            1.84800033465 -1.41730044094 1.0,
            1.8601796094481942 -1.3560710917615855 1.0,
            1.8948632496601525 -1.3041633559501524 1.0,
            1.946770985471586 -1.269479715738194 1.0,
            2.00800033465 -1.25730044094 1.0,
            2.0692296838284143 -1.269479715738194 1.0,
            2.1211374196398483 -1.3041633559501524 1.0,
            2.1558210598518057 -1.3560710917615855 1.0,
            2.1680003346500003 -1.41730044094 -1.0,
            2.1558210598518057 -1.4785297901184142 -1.0,
            2.1211374196398483 -1.5304375259298477 -1.0,
            2.0692296838284143 -1.565121166141806 -1.0,
            2.00800033465 -1.5773004409400002 -1.0,
            1.946770985471586 -1.565121166141806 -1.0,
            1.8948632496601525 -1.5304375259298477 -1.0,
            1.8601796094481942 -1.4785297901184142 -1.0,
            1.84800033465 -1.41730044094 -1.0,
            1.8601796094481942 -1.3560710917615855 -1.0,
            1.8948632496601525 -1.3041633559501524 -1.0,
            1.946770985471586 -1.269479715738194 -1.0,
            2.00800033465 -1.25730044094 -1.0,
            2.0692296838284143 -1.269479715738194 -1.0,
            2.1211374196398483 -1.3041633559501524 -1.0,
            2.1558210598518057 -1.3560710917615855 -1.0 ]
        }
        coordIndex [
          0, 1, 17, 16, -1,
          0, 15, 14, 13, 12, 11, 10, 9, 8, 7, 6, 5, 4, 3, 2, 1, -1,
          0, 16, 31, 15, -1,
          1, 2, 18, 17, -1,
          2, 3, 19, 18, -1,
          3, 4, 20, 19, -1,
          4, 5, 21, 20, -1,
          5, 6, 22, 21, -1,
          6, 7, 23, 22, -1,
          7, 8, 24, 23, -1,
          8, 9, 25, 24, -1,
          9, 10, 26, 25, -1,
          10, 11, 27, 26, -1,
          11, 12, 28, 27, -1,
          12, 13, 29, 28, -1,
          13, 14, 30, 29, -1,
          14, 15, 31, 30, -1,
          16, 17, 18, 19, 20, 21, 22, 23, 24, 25, 26, 27, 28, 29, 30, 31, -1 ]
        normal Normal {
          vector [
            0.0 0.0 1.0,
            1.0 -6.791841477282644e-16 0.0,
            1.0 -6.791841477282644e-16 0.0,
            0.0 0.0 1.0,
            0.9238795325112877 -0.38268343236508745 0.0,
            0.9238795325112877 -0.38268343236508745 0.0,
            0.0 0.0 1.0,
            0.7071067811865492 -0.7071067811865458 4.736684041745704e-17,
            0.7071067811865492 -0.7071067811865458 4.736684041745704e-17,
            0.0 0.0 1.0,
            0.38268343236508645 -0.9238795325112882 1.5847970906027757e-16,
            0.38268343236508645 -0.9238795325112882 1.5847970906027757e-16,
            0.0 0.0 1.0,
            0.0 -1.0 2.222257372856416e-16,
            0.0 -1.0 2.222257372856416e-16,
            0.0 0.0 1.0,
            -0.38268343236508834 -0.9238795325112874 1.5847970906027792e-16,
            -0.38268343236508834 -0.9238795325112874 1.5847970906027792e-16,
            0.0 0.0 1.0,
            -0.7071067811865465 -0.7071067811865485 4.7366840417457236e-17,
            -0.7071067811865465 -0.7071067811865485 4.7366840417457236e-17,
            0.0 0.0 1.0,
            -0.9238795325112867 -0.38268343236508967 0.0,
            -0.9238795325112867 -0.38268343236508967 0.0,
            0.0 0.0 1.0,
            -1.0 -6.933338174726022e-16 0.0,
            -1.0 -6.933338174726022e-16 0.0,
            0.0 0.0 1.0,
            -0.9238795325112862 0.38268343236509084 0.0,
            -0.9238795325112862 0.38268343236509084 0.0,
            0.0 0.0 1.0,
            -0.707106781186546 0.7071067811865489 0.0,
            -0.707106781186546 0.7071067811865489 0.0,
            0.0 0.0 1.0,
            -0.38268343236508967 0.9238795325112867 0.0,
            -0.38268343236508967 0.9238795325112867 0.0,
            0.0 0.0 1.0,
            0.0 1.0 0.0,
            0.0 1.0 0.0,
            0.0 0.0 1.0,
            0.38268343236508784 0.9238795325112875 0.0,
            0.38268343236508784 0.9238795325112875 0.0,
            0.0 0.0 1.0,
            0.7071067811865489 0.7071067811865461 0.0,
            0.7071067811865489 0.7071067811865461 0.0,
            0.0 0.0 1.0,
            0.9238795325112873 0.3826834323650887 0.0,
            0.9238795325112873 0.3826834323650887 0.0,
            0.0 0.0 -1.0,
            1.0 -6.791841477282644e-16 0.0,
            1.0 -6.791841477282644e-16 0.0,
            0.0 0.0 -1.0,
            0.9238795325112877 -0.38268343236508745 0.0,
            0.9238795325112877 -0.38268343236508745 0.0,
            0.0 0.0 -1.0,
            0.7071067811865492 -0.7071067811865458 4.736684041745704e-17,
            0.7071067811865492 -0.7071067811865458 4.736684041745704e-17,
            0.0 0.0 -1.0,
            0.38268343236508645 -0.9238795325112882 1.5847970906027757e-16,
            0.38268343236508645 -0.9238795325112882 1.5847970906027757e-16,
            0.0 0.0 -1.0,
            0.0 -1.0 2.222257372856416e-16,
            0.0 -1.0 2.222257372856416e-16,
            0.0 0.0 -1.0,
            -0.38268343236508834 -0.9238795325112874 1.5847970906027792e-16,
            -0.38268343236508834 -0.9238795325112874 1.5847970906027792e-16,
            0.0 0.0 -1.0,
            -0.7071067811865465 -0.7071067811865485 4.7366840417457236e-17,
            -0.7071067811865465 -0.7071067811865485 4.7366840417457236e-17,
            0.0 0.0 -1.0,
            -0.9238795325112867 -0.38268343236508967 0.0,
            -0.9238795325112867 -0.38268343236508967 0.0,
            0.0 0.0 -1.0,
            -1.0 -6.933338174726022e-16 0.0,
            -1.0 -6.933338174726022e-16 0.0,
            0.0 0.0 -1.0,
            -0.9238795325112862 0.38268343236509084 0.0,
            -0.9238795325112862 0.38268343236509084 0.0,
            0.0 0.0 -1.0,
            -0.707106781186546 0.7071067811865489 0.0,
            -0.707106781186546 0.7071067811865489 0.0,
            0.0 0.0 -1.0,
            -0.38268343236508967 0.9238795325112867 0.0,
            -0.38268343236508967 0.9238795325112867 0.0,
            0.0 0.0 -1.0,
            0.0 1.0 0.0,
            0.0 1.0 0.0,
            0.0 0.0 -1.0,
            0.38268343236508784 0.9238795325112875 0.0,
            0.38268343236508784 0.9238795325112875 0.0,
            0.0 0.0 -1.0,
            0.7071067811865489 0.7071067811865461 0.0,
            0.7071067811865489 0.7071067811865461 0.0,
            0.0 0.0 -1.0,
            0.9238795325112873 0.3826834323650887 0.0,
            0.9238795325112873 0.3826834323650887 0.0 ]
        }
        normalIndex [
          2, 5, 53, 50, -1,
          0, 45, 42, 39, 36, 33, 30, 27, 24, 21, 18, 15, 12, 9, 6, 3, -1,
          1, 49, 94, 46, -1,
          4, 8, 56, 52, -1,
          7, 11, 59, 55, -1,
          10, 14, 62, 58, -1,
          13, 17, 65, 61, -1,
          16, 20, 68, 64, -1,
          19, 23, 71, 67, -1,
          22, 26, 74, 70, -1,
          25, 29, 77, 73, -1,
          28, 32, 80, 76, -1,
          31, 35, 83, 79, -1,
          34, 38, 86, 82, -1,
          37, 41, 89, 85, -1,
          40, 44, 92, 88, -1,
          43, 47, 95, 91, -1,
          48, 51, 54, 57, 60, 63, 66, 69, 72, 75, 78, 81, 84, 87, 90, 93, -1 ]
      }
    }

  ]
}

DEF Cylinder7 Transform {
  children [
    Shape {
      appearance Appearance {
        material USE pins
      }
      geometry IndexedFaceSet {
        normalPerVertex TRUE
        coord Coordinate {
          point [
            -1.8479998346499997 1.41730044094 1.0,
            -1.8601791094481939 1.3560710917615855 1.0,
            -1.8948627496601522 1.3041633559501524 1.0,
            -1.9467704854715853 1.269479715738194 1.0,
            -2.0079998346500005 1.25730044094 1.0,
            -2.0692291838284147 1.269479715738194 1.0,
            -2.1211369196398477 1.3041633559501524 1.0,
            -2.155820559851806 1.3560710917615855 1.0,
            -2.16799983465 1.41730044094 1.0,
            -2.155820559851806 1.4785297901184142 1.0,
            -2.1211369196398477 1.5304375259298477 1.0,
            -2.0692291838284147 1.565121166141806 1.0,
            -2.0079998346500005 1.5773004409400002 1.0,
            -1.9467704854715853 1.565121166141806 1.0,
            -1.8948627496601522 1.5304375259298477 1.0,
            -1.8601791094481939 1.4785297901184147 1.0,
            -1.8479998346499997 1.41730044094 -1.0,
            -1.8601791094481939 1.3560710917615855 -1.0,
            -1.8948627496601522 1.3041633559501524 -1.0,
            -1.9467704854715853 1.269479715738194 -1.0,
            -2.0079998346500005 1.25730044094 -1.0,
            -2.0692291838284147 1.269479715738194 -1.0,
            -2.1211369196398477 1.3041633559501524 -1.0,
            -2.155820559851806 1.3560710917615855 -1.0,
            -2.16799983465 1.41730044094 -1.0,
            -2.155820559851806 1.4785297901184142 -1.0,
            -2.1211369196398477 1.5304375259298477 -1.0,
            -2.0692291838284147 1.5651211661418056 -1.0,
            -2.0079998346500005 1.5773004409399998 -1.0,
            -1.9467704854715853 1.5651211661418056 -1.0,
            -1.8948627496601522 1.5304375259298477 -1.0,
            -1.8601791094481939 1.4785297901184142 -1.0 ]
        }
        coordIndex [
          0, 1, 17, 16, -1,
          0, 15, 14, 13, 12, 11, 10, 9, 8, 7, 6, 5, 4, 3, 2, 1, -1,
          0, 16, 31, 15, -1,
          1, 2, 18, 17, -1,
          2, 3, 19, 18, -1,
          3, 4, 20, 19, -1,
          4, 5, 21, 20, -1,
          5, 6, 22, 21, -1,
          6, 7, 23, 22, -1,
          7, 8, 24, 23, -1,
          8, 9, 25, 24, -1,
          9, 10, 26, 25, -1,
          10, 11, 27, 26, -1,
          11, 12, 28, 27, -1,
          12, 13, 29, 28, -1,
          13, 14, 30, 29, -1,
          14, 15, 31, 30, -1,
          16, 17, 18, 19, 20, 21, 22, 23, 24, 25, 26, 27, 28, 29, 30, 31, -1 ]
        normal Normal {
          vector [
            0.0 -0.0 1.0,
            1.0 3.395920738641317e-16 -1.1067018789125537e-17,
            1.0 3.395920738641317e-16 -1.1067018789125537e-17,
            0.0 -0.0 1.0,
            0.9238795325112862 -0.38268343236509084 0.0,
            0.9238795325112862 -0.38268343236509084 0.0,
            0.0 -0.0 1.0,
            0.7071067811865475 -0.7071067811865475 0.0,
            0.7071067811865475 -0.7071067811865475 0.0,
            0.0 -0.0 1.0,
            0.3826834323650899 -0.9238795325112866 0.0,
            0.3826834323650899 -0.9238795325112866 0.0,
            0.0 -0.0 1.0,
            -1.7404093785536745e-15 -1.0 0.0,
            -1.7404093785536745e-15 -1.0 0.0,
            0.0 -0.0 1.0,
            -0.38268343236509145 -0.9238795325112861 0.0,
            -0.38268343236509145 -0.9238795325112861 0.0,
            0.0 -0.0 1.0,
            -0.7071067811865475 -0.7071067811865475 0.0,
            -0.7071067811865475 -0.7071067811865475 0.0,
            0.0 -0.0 1.0,
            -0.9238795325112876 -0.3826834323650876 0.0,
            -0.9238795325112876 -0.3826834323650876 0.0,
            0.0 -0.0 1.0,
            -1.0 6.933338174726014e-16 0.0,
            -1.0 6.933338174726014e-16 0.0,
            0.0 -0.0 1.0,
            -0.9238795325112881 0.38268343236508645 0.0,
            -0.9238795325112881 0.38268343236508645 0.0,
            0.0 -0.0 1.0,
            -0.7071067811865479 0.7071067811865472 -4.736684041745751e-17,
            -0.7071067811865479 0.7071067811865472 -4.736684041745751e-17,
            0.0 -0.0 1.0,
            -0.38268343236509006 0.9238795325112866 -1.5847970906027824e-16,
            -0.38268343236509006 0.9238795325112866 -1.5847970906027824e-16,
            0.0 -0.0 1.0,
            -1.7404093785536745e-15 1.0 -2.2200439690985708e-16,
            -1.7404093785536745e-15 1.0 -2.2200439690985708e-16,
            0.0 -0.0 1.0,
            0.38268343236508856 0.9238795325112873 -1.5825836868449388e-16,
            0.38268343236508856 0.9238795325112873 -1.5825836868449388e-16,
            0.0 -0.0 1.0,
            0.7071067811865471 0.7071067811865478 -7.8797173778574e-17,
            0.7071067811865471 0.7071067811865478 -7.8797173778574e-17,
            0.0 -0.0 1.0,
            0.9238795325112865 0.3826834323650902 -4.249735215024204e-17,
            0.9238795325112865 0.3826834323650902 -4.249735215024204e-17,
            0.0 -0.0 -1.0,
            1.0 3.395920738641317e-16 -1.1067018789125537e-17,
            1.0 3.395920738641317e-16 -1.1067018789125537e-17,
            0.0 -0.0 -1.0,
            0.9238795325112862 -0.38268343236509084 0.0,
            0.9238795325112862 -0.38268343236509084 0.0,
            0.0 -0.0 -1.0,
            0.7071067811865475 -0.7071067811865475 0.0,
            0.7071067811865475 -0.7071067811865475 0.0,
            0.0 -0.0 -1.0,
            0.3826834323650899 -0.9238795325112866 0.0,
            0.3826834323650899 -0.9238795325112866 0.0,
            0.0 -0.0 -1.0,
            -1.7404093785536745e-15 -1.0 0.0,
            -1.7404093785536745e-15 -1.0 0.0,
            0.0 -0.0 -1.0,
            -0.38268343236509145 -0.9238795325112861 0.0,
            -0.38268343236509145 -0.9238795325112861 0.0,
            0.0 -0.0 -1.0,
            -0.7071067811865475 -0.7071067811865475 0.0,
            -0.7071067811865475 -0.7071067811865475 0.0,
            0.0 -0.0 -1.0,
            -0.9238795325112876 -0.3826834323650876 0.0,
            -0.9238795325112876 -0.3826834323650876 0.0,
            0.0 -0.0 -1.0,
            -1.0 6.933338174726014e-16 0.0,
            -1.0 6.933338174726014e-16 0.0,
            0.0 -0.0 -1.0,
            -0.9238795325112881 0.38268343236508645 0.0,
            -0.9238795325112881 0.38268343236508645 0.0,
            0.0 -0.0 -1.0,
            -0.7071067811865479 0.7071067811865472 -4.736684041745751e-17,
            -0.7071067811865479 0.7071067811865472 -4.736684041745751e-17,
            0.0 -0.0 -1.0,
            -0.38268343236509006 0.9238795325112866 -1.5847970906027824e-16,
            -0.38268343236509006 0.9238795325112866 -1.5847970906027824e-16,
            0.0 -0.0 -1.0,
            -1.7404093785536745e-15 1.0 -2.2200439690985708e-16,
            -1.7404093785536745e-15 1.0 -2.2200439690985708e-16,
            0.0 -0.0 -1.0,
            0.38268343236508856 0.9238795325112873 -1.5825836868449388e-16,
            0.38268343236508856 0.9238795325112873 -1.5825836868449388e-16,
            0.0 -0.0 -1.0,
            0.7071067811865471 0.7071067811865478 -7.8797173778574e-17,
            0.7071067811865471 0.7071067811865478 -7.8797173778574e-17,
            0.0 -0.0 -1.0,
            0.9238795325112865 0.3826834323650902 -4.249735215024204e-17,
            0.9238795325112865 0.3826834323650902 -4.249735215024204e-17 ]
        }
        normalIndex [
          2, 5, 53, 50, -1,
          0, 45, 42, 39, 36, 33, 30, 27, 24, 21, 18, 15, 12, 9, 6, 3, -1,
          1, 49, 94, 46, -1,
          4, 8, 56, 52, -1,
          7, 11, 59, 55, -1,
          10, 14, 62, 58, -1,
          13, 17, 65, 61, -1,
          16, 20, 68, 64, -1,
          19, 23, 71, 67, -1,
          22, 26, 74, 70, -1,
          25, 29, 77, 73, -1,
          28, 32, 80, 76, -1,
          31, 35, 83, 79, -1,
          34, 38, 86, 82, -1,
          37, 41, 89, 85, -1,
          40, 44, 92, 88, -1,
          43, 47, 95, 91, -1,
          48, 51, 54, 57, 60, 63, 66, 69, 72, 75, 78, 81, 84, 87, 90, 93, -1 ]
      }
    }

  ]
}

DEF Cylinder1 Transform {
  children [
    Shape {
      appearance Appearance {
        material DEF body Material {
          diffuseColor 0.1 0.1 1.0
          emissiveColor 0.0 0.0 0.0
          specularColor 0.1 0.1 1.0
          ambientIntensity 1.0
          transparency 0.0
          shininess 0.5
        }
      }
      geometry IndexedFaceSet {
        normalPerVertex TRUE
        coord Coordinate {
          point [
            2.9524999999991555 1.2106 3.25,
            2.727754319738794 1.2106 4.379872834057603,
            2.0877327714526843 1.2106 5.337732771452685,
            1.1298728340576047 1.2106 5.977754319738795,
            2.506480600557167e-16 1.2106 6.202499999999155,
            -1.129872834057604 1.2106 5.977754319738795,
            -2.087732771452684 1.2106 5.337732771452685,
            -2.727754319738794 1.2106 4.379872834057604,
            -2.9524999999991555 1.2106 3.2500000000000004,
            -2.727754319738794 1.2106 2.120127165942396,
            -2.0877327714526848 1.2106 1.1622672285473166,
            -1.1298728340576059 1.2106 0.5222456802612062,
            -4.725058748405884e-16 1.2106 0.2975000000008444,
            1.1298728340576052 1.2106 0.5222456802612062,
            2.087732771452684 1.2106 1.1622672285473161,
            2.7277543197387932 1.2106 2.1201271659423937,
            2.9524999999991555 -1.2106 3.25,
            2.727754319738794 -1.2106 4.379872834057603,
            2.0877327714526843 -1.2106 5.337732771452685,
            1.1298728340576047 -1.2106 5.977754319738795,
            2.506480600557167e-16 -1.2106 6.202499999999155,
            -1.129872834057604 -1.2106 5.977754319738795,
            -2.087732771452684 -1.2106 5.337732771452685,
            -2.727754319738794 -1.2106 4.379872834057604,
            -2.9524999999991555 -1.2106 3.2500000000000004,
            -2.727754319738794 -1.2106 2.120127165942396,
            -2.0877327714526848 -1.2106 1.1622672285473166,
            -1.1298728340576059 -1.2106 0.5222456802612062,
            -4.725058748405884e-16 -1.2106 0.2975000000008444,
            1.1298728340576052 -1.2106 0.5222456802612062,
            2.087732771452684 -1.2106 1.1622672285473161,
            2.7277543197387932 -1.2106 2.1201271659423937,
            2.793064999999201 -1.3106 3.25,
            2.580455586472899 -1.3106 4.318859701018493,
            1.9749952017942392 -1.3106 5.224995201794238,
            1.0688597010184941 -1.3106 5.8304555864728975,
            2.3089307180947596e-16 -1.3106 6.043064999999201,
            -1.0688597010184935 -1.3106 5.8304555864728975,
            -1.974995201794239 -1.3106 5.224995201794238,
            -2.580455586472899 -1.3106 4.318859701018493,
            -2.793064999999201 -1.3106 3.2500000000000004,
            -2.580455586472899 -1.3106 2.1811402989815067,
            -1.9749952017942398 -1.3106 1.2750047982057615,
            -1.068859701018495 -1.3106 0.6695444135271019,
            -4.532105506024287e-16 -1.3106 0.4569350000007989,
            1.0688597010184944 -1.3106 0.6695444135271015,
            1.974995201794239 -1.3106 1.2750047982057606,
            2.580455586472898 -1.3106 2.181140298981504,
            2.580455586472899 1.3106 4.318859701018493,
            2.793064999999201 1.3106 3.25,
            2.580455586472898 1.3106 2.181140298981504,
            1.974995201794239 1.3106 1.2750047982057606,
            1.0688597010184944 1.3106 0.6695444135271015,
            -4.560655249238974e-16 1.3106 0.4569350000007989,
            -1.068859701018495 1.3106 0.6695444135271019,
            -1.9749952017942398 1.3106 1.2750047982057615,
            -2.580455586472899 1.3106 2.1811402989815067,
            -2.793064999999201 1.3106 3.2500000000000004,
            -2.580455586472899 1.3106 4.318859701018493,
            -1.974995201794239 1.3106 5.224995201794238,
            -1.0688597010184935 1.3106 5.8304555864728975,
            2.280380974880073e-16 1.3106 6.043064999999201,
            1.0688597010184941 1.3106 5.8304555864728975,
            1.9749952017942392 1.3106 5.224995201794238,
            1.9551454999994402 -1.4106 3.25,
            1.8063189105310293 -1.4106 3.9982017907129452,
            1.3824966412559674 -1.4106 4.632496641255967,
            0.7482017907129458 -1.4106 5.056318910531029,
            1.4293060203461518e-16 -1.4106 5.205145499999441,
            -0.7482017907129455 -1.4106 5.056318910531029,
            -1.3824966412559672 -1.4106 4.632496641255967,
            -1.8063189105310293 -1.4106 3.9982017907129457,
            -1.9551454999994402 -1.4106 3.2500000000000004,
            -1.8063189105310293 -1.4106 2.5017982092870543,
            -1.3824966412559676 -1.4106 1.8675033587440328,
            -0.7482017907129465 -1.4106 1.4436810894689716,
            -3.359419336537181e-16 -1.4106 1.2948545000005596,
            0.748201790712946 -1.4106 1.4436810894689716,
            1.3824966412559672 -1.4106 1.8675033587440328,
            1.8063189105310287 -1.4106 2.501798209287054,
            1.8063189105310296 1.4106 3.9982017907129452,
            1.9551454999994402 1.4106 3.25,
            1.8063189105310289 1.4106 2.501798209287054,
            1.3824966412559674 1.4106 1.8675033587440328,
            0.7482017907129458 1.4106 1.4436810894689716,
            -3.855233210365582e-16 1.4106 1.2948545000005596,
            -0.7482017907129467 1.4106 1.4436810894689716,
            -1.3824966412559674 1.4106 1.8675033587440328,
            -1.8063189105310289 1.4106 2.5017982092870543,
            -1.9551454999994407 1.4106 3.2500000000000004,
            -1.8063189105310289 1.4106 3.9982017907129457,
            -1.382496641255967 1.4106 4.632496641255967,
            -0.7482017907129456 1.4106 5.056318910531029,
            9.334921465177488e-17 1.4106 5.205145499999441,
            0.7482017907129456 1.4106 5.056318910531029,
            1.3824966412559676 1.4106 4.632496641255967,
            1.6492754774163525 -1.4106 2.015380780314037,
            1.6654230670408605 -1.525405029709527 2.0315283699385445,
            1.7114075117723169 -1.6227320343559644 2.0775128146700013,
            1.7802280967503874 -1.6877638597533862 2.146333399648072,
            1.8614075117723168 -1.7106 2.227512814670001,
            1.9425869267942462 -1.6877638597533862 2.3086922296919306,
            2.011407511772317 -1.6227320343559644 2.377512814670001,
            2.057391956503773 -1.525405029709527 2.4234972594014574,
            2.0735395461282815 -1.4106 2.439644849025965,
            2.057391956503773 -1.2957949702904732 2.4234972594014574,
            2.011407511772317 -1.1984679656440358 2.377512814670001,
            1.942586926794247 -1.133436140246614 2.3086922296919306,
            1.8614075117723168 -1.1106 2.227512814670001,
            1.7802280967503874 -1.133436140246614 2.1463333996480713,
            1.7114075117723169 -1.1984679656440358 2.0775128146700013,
            1.6654230670408605 -1.2957949702904727 2.031528369938545,
            -0.3216336819395069 -1.4106 3.454123078369316,
            -0.31922685191002353 -1.432997350215103 3.457872101430626,
            -0.31237277987559287 -1.4519849068924415 3.46854841583845,
            -0.3021149361711397 -1.4646719866505213 3.4845266495052276,
            -0.2900149845130824 -1.4691270966048386 3.503374261198242,
            -0.27791503285502506 -1.4646719866505213 3.522221872891256,
            -0.2676571891505718 -1.4519849068924415 3.5382001065580346,
            -0.26080311711614157 -1.432997350215103 3.5488764209658585,
            -0.25839628708665763 -1.4106 3.5526254440271683,
            -0.26080311711614157 -1.3882026497848976 3.5488764209658585,
            -0.2676571891505718 -1.3692150931075586 3.5382001065580346,
            -0.27791503285502506 -1.3565280133494793 3.522221872891256,
            -0.2900149845130824 -1.3520729033951615 3.503374261198242,
            -0.3021149361711397 -1.3565280133494793 3.4845266495052276,
            -0.31237277987559287 -1.3692150931075586 3.46854841583845,
            -0.31922685191002353 -1.3882026497848972 3.457872101430626,
            -0.3376712504340842 -1.4106 3.3975417570326742,
            -0.33295008350338395 -1.454533982822018 3.4048957303015253,
            -0.31950533757899824 -1.4917794150219295 3.4258380743418257,
            -0.29938385335098927 -1.5166660171779824 3.4571805071162647,
            -0.27564894439136267 -1.525405029709527 3.494151427354793,
            -0.25191403543173563 -1.5166660171779824 3.53112234759332,
            -0.23179255120372688 -1.4917794150219295 3.562464780367759,
            -0.21834780527934106 -1.454533982822018 3.5834071244080605,
            -0.21362663834864104 -1.4106 3.5907610976769115,
            -0.21834780527934106 -1.3666660171779825 3.5834071244080605,
            -0.23179255120372688 -1.3294205849780707 3.562464780367759,
            -0.25191403543173563 -1.3045339828220182 3.53112234759332,
            -0.27564894439136267 -1.2957949702904732 3.494151427354793,
            -0.29938385335098927 -1.3045339828220182 3.4571805071162647,
            -0.31950533757899824 -1.3294205849780707 3.4258380743418257,
            -0.33295008350338395 -1.366666017177982 3.4048957303015253,
            -0.34236219334736073 -1.4106 3.338918855517969,
            -0.3355081213129303 -1.4743822571075444 3.349595169925793,
            -0.31598937554456297 -1.5284542437580653 3.379998741061705,
            -0.28677750814762204 -1.564583990147801 3.4255009008293213,
            -0.25231976112705423 -1.5772710699058807 3.479174357882127,
            -0.2178620141064861 -1.564583990147801 3.532847814934933,
            -0.18865014670954516 -1.5284542437580653 3.57834997470255,
            -0.16913140094117785 -1.4743822571075444 3.6087535458384616,
            -0.1622773289067475 -1.4106 3.619429860246285,
            -0.16913140094117785 -1.3468177428924561 3.6087535458384616,
            -0.18865014670954516 -1.2927457562419349 3.57834997470255,
            -0.2178620141064861 -1.2566160098521992 3.532847814934933,
            -0.25231976112705423 -1.2439289300941194 3.479174357882127,
            -0.28677750814762204 -1.2566160098521992 3.4255009008293213,
            -0.31598937554456297 -1.2927457562419349 3.379998741061705,
            -0.3355081213129303 -1.3468177428924557 3.349595169925793,
            -0.33552624037389034 -1.4106 3.2805072190543068,
            -0.32680266138020486 -1.4917794150219295 3.2940955898257576,
            -0.3019600102214959 -1.5606 3.332791995869048,
            -0.26478035533748334 -1.6065844447314568 3.3907052601478767,
            -0.22092396214984744 -1.6227320343559644 3.4590186131608425,
            -0.17706756896221176 -1.6065844447314568 3.5273319661738087,
            -0.13988791407819923 -1.5606 3.585245230452638,
            -0.11504526291949002 -1.49177941502193 3.6239416364959274,
            -0.10632168392580454 -1.4106 3.637530007267378,
            -0.11504526291949002 -1.3294205849780707 3.6239416364959274,
            -0.13988791407819923 -1.2606000000000002 3.585245230452638,
            -0.17706756896221176 -1.2146155552685438 3.5273319661738087,
            -0.22092396214984744 -1.1984679656440358 3.4590186131608425,
            -0.26478035533748334 -1.2146155552685438 3.3907052601478767,
            -0.3019600102214959 -1.2606000000000002 3.332791995869048,
            -0.32680266138020486 -1.3294205849780707 3.2940955898257576,
            -0.31742609335279737 -1.4106 3.224551574073364,
            -0.3071682496483442 -1.5060568935429628 3.2405298077401414,
            -0.2779563822514034 -1.5869813403629038 3.2860319675077583,
            -0.2342377331669213 -1.641053327013425 3.354130762029698,
            -0.18266807040746968 -1.6600408836907636 3.4344587671571056,
            -0.13109840764801828 -1.641053327013425 3.5147867722845136,
            -0.08737975856353619 -1.5869813403629038 3.5828855668064543,
            -0.058167891166595376 -1.5060568935429628 3.6283877265740707,
            -0.047910047462142225 -1.4106 3.6443659602408482,
            -0.058167891166595376 -1.3151431064570378 3.6283877265740707,
            -0.08737975856353619 -1.2342186596370963 3.5828855668064543,
            -0.13109840764801806 -1.1801466729865753 3.514786772284514,
            -0.18266807040746968 -1.1611591163092365 3.4344587671571056,
            -0.2342377331669213 -1.1801466729865753 3.354130762029698,
            -0.2779563822514034 -1.2342186596370963 3.2860319675077583,
            -0.3071682496483442 -1.3151431064570374 3.2405298077401414,
            -0.2887573307834226 -1.4106 3.17320226463147,
            -0.2773594255490992 -1.5166660171779824 3.190956326634457,
            -0.24490093759578668 -1.6065844447314568 3.2415156176444375,
            -0.1963233774774511 -1.6666660171779824 3.317182943926254,
            -0.1390222383654297 -1.6877638597533862 3.406438640979522,
            -0.08172109925340798 -1.6666660171779824 3.4956943380327887,
            -0.033143539135072286 -1.6065844447314568 3.571361664314606,
            -6.85051181759766e-4 -1.5166660171779824 3.6219209553245855,
            0.010712854052563503 -1.4106 3.6396750173275723,
            -6.85051181759766e-4 -1.3045339828220182 3.6219209553245855,
            -0.033143539135072286 -1.2146155552685438 3.571361664314606,
            -0.08172109925340787 -1.154533982822018 3.495694338032789,
            -0.1390222383654297 -1.133436140246614 3.406438640979522,
            -0.1963233774774511 -1.154533982822018 3.317182943926254,
            -0.24490093759578668 -1.2146155552685438 3.2415156176444375,
            -0.2773594255490992 -1.3045339828220177 3.190956326634457,
            -0.2506216771336801 -1.4106 3.1284326158934537,
            -0.23852172547562267 -1.52319908325536 3.1472802275864677,
            -0.20406397845505464 -1.6186559767983222 3.2009536846392743,
            -0.15249431569560323 -1.6824382339058666 3.2812816897666828,
            -0.09166375087223788 -1.7048355841209695 3.3760350323632253,
            -0.030833186048872085 -1.6824382339058666 3.470788374959767,
            0.020736476710579432 -1.6186559767983222 3.551116380087174,
            0.05519422373114735 -1.52319908325536 3.6047898371399802,
            0.06729417538920479 -1.4106 3.6236374488329948,
            0.05519422373114735 -1.2980009167446407 3.6047898371399802,
            0.020736476710579654 -1.202544023201678 3.551116380087174,
            -0.030833186048871863 -1.1387617660941338 3.4707883749597666,
            -0.09166375087223788 -1.116364415879031 3.3760350323632253,
            -0.15249431569560334 -1.1387617660941338 3.2812816897666823,
            -0.20406397845505464 -1.202544023201678 3.2009536846392743,
            -0.23852172547562267 -1.2980009167446402 3.1472802275864677,
            -0.20448466418660805 -1.4106 3.091963100353208,
            -0.19214766046130471 -1.525405029709527 3.1111799585887483,
            -0.15701484626735462 -1.6227320343559644 3.1659049408302637,
            -0.10443487408603314 -1.6877638597533862 3.2478066646146826,
            -0.042412568043311616 -1.7106 3.3444163349368,
            0.019609737999409904 -1.6877638597533862 3.441026005258918,
            0.07218971018073139 -1.6227320343559644 3.5229277290433356,
            0.1073225243746816 -1.525405029709527 3.5776527112848506,
            0.11965952809998504 -1.4106 3.5968695695203916,
            0.1073225243746816 -1.2957949702904732 3.5776527112848506,
            0.07218971018073161 -1.1984679656440358 3.5229277290433356,
            0.019609737999409904 -1.133436140246614 3.441026005258918,
            -0.042412568043311616 -1.1106 3.3444163349368,
            -0.10443487408603314 -1.133436140246614 3.2478066646146826,
            -0.15701484626735462 -1.1984679656440358 3.1659049408302637,
            -0.19214766046130471 -1.2957949702904732 3.1111799585887483,
            -0.29486580262690365 -1.4106 3.5064884310800966,
            1.6723105687556403 -1.4106 1.9948021365513466,
            1.692087246333592 -1.525405029709527 2.0062202066746533,
            1.7484064591822333 -1.6227320343559644 2.038736119373364,
            1.8326941176802944 -1.6877638597533862 2.087399621696583,
            1.9321181898909723 -1.7106 2.1448021365513465,
            2.0315422621016497 -1.6877638597533862 2.20220465140611,
            2.11582992059971 -1.6227320343559644 2.2508681537293285,
            2.172149133448352 -1.525405029709527 2.2833840664280394,
            2.1919258110263042 -1.4106 2.294802136551346,
            2.172149133448352 -1.2957949702904732 2.2833840664280394,
            2.11582992059971 -1.1984679656440358 2.2508681537293285,
            2.0315422621016497 -1.133436140246614 2.20220465140611,
            1.9321181898909723 -1.1106 2.1448021365513465,
            1.8326941176802944 -1.133436140246614 2.0873996216965827,
            1.7484064591822337 -1.1984679656440358 2.038736119373364,
            1.692087246333592 -1.2957949702904727 2.0062202066746533,
            1.6923404420042512 -1.4106 1.9805538826421465,
            1.714398459641215 -1.525405029709527 1.9864643106546023,
            1.777214379323306 -1.6227320343559644 2.0032957856052365,
            1.8712250467066558 -1.6877638597533862 2.0284858680105162,
            1.982118189890972 -1.7106 2.0581995961729023,
            2.093011333075288 -1.6877638597533862 2.0879133243352888,
            2.1870220004586383 -1.6227320343559644 2.113103406740568,
            2.2498379201407284 -1.525405029709527 2.1299348816912027,
            2.2718959377776926 -1.4106 2.1358453097036585,
            2.2498379201407284 -1.2957949702904732 2.1299348816912027,
            2.1870220004586383 -1.1984679656440358 2.113103406740568,
            2.093011333075288 -1.133436140246614 2.0879133243352888,
            1.982118189890972 -1.1106 2.0581995961729023,
            1.8712250467066558 -1.133436140246614 2.0284858680105162,
            1.777214379323306 -1.1984679656440358 2.0032957856052365,
            1.714398459641215 -1.2957949702904727 1.9864643106546023,
            1.708000094401224 -1.4106 1.9616070135439956,
            1.7308362346478376 -1.525405029709527 1.9616070135439956,
            1.7958680600452595 -1.6227320343559644 1.9616070135439956,
            1.8931950646916968 -1.6877638597533862 1.9616070135439956,
            2.0080000944012237 -1.7106 1.9616070135439956,
            2.1228051241107506 -1.6877638597533862 1.9616070135439956,
            2.2201321287571885 -1.6227320343559644 1.9616070135439956,
            2.2851639541546103 -1.525405029709527 1.9616070135439956,
            2.3080000944012244 -1.4106 1.9616070135439956,
            2.2851639541546103 -1.2957949702904732 1.9616070135439956,
            2.2201321287571885 -1.1984679656440358 1.9616070135439956,
            2.1228051241107515 -1.133436140246614 1.9616070135439956,
            2.0080000944012237 -1.1106 1.9616070135439956,
            1.8931950646916968 -1.133436140246614 1.9616070135439956,
            1.79586806004526 -1.1984679656440358 1.9616070135439956,
            1.7308362346478376 -1.2957949702904727 1.9616070135439956,
            1.708000094401224 -1.4106 0.4000000135439957,
            1.7308362346478376 -1.525405029709527 0.4000000135439955,
            1.7958680600452595 -1.6227320343559644 0.4000000135439955,
            1.8931950646916968 -1.6877638597533862 0.4000000135439955,
            2.0080000944012237 -1.7106 0.4000000135439955,
            2.1228051241107506 -1.6877638597533862 0.4000000135439955,
            2.2201321287571885 -1.6227320343559644 0.4000000135439955,
            2.2851639541546103 -1.525405029709527 0.4000000135439957,
            2.3080000944012244 -1.4106 0.4000000135439953,
            2.2851639541546103 -1.2957949702904732 0.4000000135439957,
            2.2201321287571885 -1.1984679656440358 0.4000000135439955,
            2.1228051241107515 -1.133436140246614 0.4000000135439953,
            2.0080000944012237 -1.1106 0.4000000135439955,
            1.8931950646916968 -1.133436140246614 0.4000000135439953,
            1.79586806004526 -1.1984679656440358 0.4000000135439955,
            1.7308362346478376 -1.2957949702904727 0.4000000135439957,
            1.878000095401224 -1.4106 0.10000001354399557,
            1.887895756098636 -1.4603488458247784 0.10000001354399546,
            1.9160762135540792 -1.5025238808471446 0.10000001354399546,
            1.9582512485764454 -1.5307043383025878 0.10000001354399546,
            2.0080000944012237 -1.5405999989999999 0.10000001354399546,
            2.057748940226002 -1.5307043383025878 0.10000001354399546,
            2.0999239752483687 -1.5025238808471446 0.10000001354399546,
            2.128104432703812 -1.4603488458247784 0.10000001354399568,
            2.1380000934012244 -1.4106 0.10000001354399546,
            2.128104432703812 -1.3608511541752217 0.10000001354399568,
            2.0999239752483687 -1.318676119152856 0.10000001354399546,
            2.057748940226002 -1.2904956616974124 0.10000001354399546,
            2.0080000944012237 -1.2806000010000003 0.10000001354399546,
            1.9582512485764454 -1.2904956616974124 0.10000001354399535,
            1.9160762135540792 -1.3186761191528555 0.10000001354399546,
            1.887895756098636 -1.3608511541752217 0.10000001354399568,
            -1.649275383055018 1.4106 2.015380780314037,
            -1.665422972679526 1.2957949702904732 2.0315283699385445,
            -1.7114074174109823 1.1984679656440358 2.0775128146700013,
            -1.7802280023890529 1.133436140246614 2.146333399648072,
            -1.8614074174109823 1.1106 2.227512814670001,
            -1.942586832432912 1.133436140246614 2.3086922296919306,
            -2.0114074174109824 1.1984679656440358 2.377512814670001,
            -2.057391862142439 1.2957949702904732 2.4234972594014574,
            -2.0735394517669468 1.4106 2.439644849025965,
            -2.057391862142439 1.525405029709527 2.4234972594014574,
            -2.0114074174109824 1.6227320343559644 2.377512814670001,
            -1.942586832432912 1.6877638597533862 2.3086922296919306,
            -1.8614074174109823 1.7106 2.227512814670001,
            -1.7802280023890529 1.6877638597533862 2.1463333996480713,
            -1.7114074174109823 1.6227320343559644 2.0775128146700013,
            -1.665422972679526 1.5254050297095274 2.031528369938545,
            0.321632776300841 1.4106 3.454123078369316,
            0.3192259462713577 1.3882026497848972 3.457872101430626,
            0.3123718742369269 1.3692150931075586 3.46854841583845,
            0.30211403053247377 1.3565280133494788 3.4845266495052285,
            0.29001407887441644 1.3520729033951615 3.503374261198242,
            0.2779141272163591 1.3565280133494788 3.522221872891256,
            0.26765628351190596 1.3692150931075586 3.538200106558035,
            0.2608022114774756 1.3882026497848972 3.548876420965859,
            0.2583953814479917 1.4106 3.5526254440271687,
            0.2608022114774756 1.4329973502151025 3.548876420965859,
            0.26765628351190596 1.4519849068924415 3.538200106558035,
            0.2779141272163591 1.464671986650521 3.522221872891256,
            0.29001407887441644 1.4691270966048386 3.503374261198242,
            0.30211403053247377 1.464671986650521 3.4845266495052285,
            0.3123718742369269 1.4519849068924415 3.46854841583845,
            0.3192259462713577 1.432997350215103 3.457872101430626,
            0.33767034479541824 1.4106 3.3975417570326747,
            0.3329491778647181 1.366666017177982 3.4048957303015253,
            0.3195044319403323 1.3294205849780707 3.425838074341826,
            0.29938294771232343 1.3045339828220177 3.457180507116265,
            0.2756480387526966 1.2957949702904732 3.4941514273547933,
            0.2519131297930698 1.3045339828220177 3.5311223475933207,
            0.23179164556506082 1.3294205849780707 3.562464780367759,
            0.2183468996406751 1.366666017177982 3.5834071244080614,
            0.2136257327099751 1.4106 3.5907610976769115,
            0.2183468996406751 1.4545339828220176 3.5834071244080614,
            0.23179164556506082 1.4917794150219295 3.562464780367759,
            0.2519131297930698 1.516666017177982 3.5311223475933207,
            0.2756480387526966 1.525405029709527 3.4941514273547933,
            0.29938294771232343 1.516666017177982 3.457180507116265,
            0.3195044319403323 1.4917794150219295 3.425838074341826,
            0.3329491778647181 1.454533982822018 3.4048957303015253,
            0.3423612877086948 1.4106 3.3389188555179694,
            0.33550721567426434 1.3468177428924557 3.3495951699257938,
            0.31598846990589713 1.2927457562419349 3.3799987410617054,
            0.2867766025089562 1.2566160098521992 3.425500900829322,
            0.25231885548838817 1.2439289300941194 3.479174357882128,
            0.21786110846782025 1.2566160098521992 3.5328478149349336,
            0.1886492410708791 1.2927457562419349 3.57834997470255,
            0.169130495302512 1.3468177428924557 3.6087535458384625,
            0.16227642326808145 1.4106 3.619429860246286,
            0.169130495302512 1.474382257107544 3.6087535458384625,
            0.1886492410708791 1.5284542437580653 3.57834997470255,
            0.21786110846782025 1.564583990147801 3.5328478149349336,
            0.25231885548838817 1.5772710699058807 3.479174357882128,
            0.2867766025089562 1.564583990147801 3.425500900829322,
            0.31598846990589713 1.5284542437580653 3.3799987410617054,
            0.33550721567426434 1.4743822571075444 3.3495951699257938,
            0.3355253347352246 1.4106 3.280507219054307,
            0.3268017557415388 1.3294205849780707 3.294095589825758,
            0.30195910458282993 1.2606000000000002 3.3327919958690484,
            0.2647794496988174 1.2146155552685434 3.3907052601478775,
            0.2209230565111816 1.1984679656440358 3.459018613160843,
            0.17706666332354548 1.2146155552685434 3.527331966173809,
            0.13988700843953306 1.2606000000000002 3.5852452304526383,
            0.11504435728082385 1.3294205849780703 3.6239416364959274,
            0.10632077828713848 1.4106 3.6375300072673786,
            0.11504435728082385 1.4917794150219295 3.6239416364959274,
            0.13988700843953306 1.5606 3.5852452304526383,
            0.17706666332354548 1.6065844447314563 3.527331966173809,
            0.2209230565111816 1.6227320343559644 3.459018613160843,
            0.2647794496988174 1.6065844447314563 3.3907052601478775,
            0.30195910458282993 1.5606 3.3327919958690484,
            0.3268017557415388 1.4917794150219295 3.294095589825758,
            0.31742518771413153 1.4106 3.2245515740733643,
            0.30716734400967827 1.3151431064570374 3.240529807740142,
            0.27795547661273745 1.2342186596370963 3.2860319675077583,
            0.23423682752825536 1.180146672986575 3.354130762029699,
            0.18266716476880385 1.1611591163092363 3.434458767157107,
            0.13109750200935222 1.180146672986575 3.5147867722845145,
            0.08737885292487035 1.2342186596370963 3.582885566806455,
            0.05816698552792943 1.3151431064570374 3.628387726574071,
            0.047909141823476276 1.4106 3.6443659602408482,
            0.05816698552792943 1.5060568935429623 3.628387726574071,
            0.08737885292487035 1.5869813403629038 3.582885566806455,
            0.13109750200935189 1.6410533270134247 3.5147867722845145,
            0.18266716476880385 1.6600408836907636 3.434458767157107,
            0.23423682752825536 1.6410533270134247 3.354130762029699,
            0.27795547661273745 1.5869813403629038 3.2860319675077583,
            0.30716734400967827 1.5060568935429628 3.240529807740142,
            0.2887564251447565 1.4106 3.17320226463147,
            0.27735851991043337 1.3045339828220177 3.1909563266344576,
            0.24490003195712085 1.2146155552685434 3.2415156176444375,
            0.19632247183878515 1.1545339828220178 3.317182943926254,
            0.13902133272676354 1.1334361402466138 3.406438640979522,
            0.08172019361474192 1.1545339828220178 3.4956943380327896,
            0.03314263349640634 1.2146155552685434 3.571361664314606,
            6.84145543093817e-4 1.3045339828220177 3.6219209553245855,
            -0.010713759691229563 1.4106 3.639675017327573,
            6.84145543093817e-4 1.516666017177982 3.6219209553245855,
            0.03314263349640634 1.6065844447314563 3.571361664314606,
            0.08172019361474192 1.666666017177982 3.49569433803279,
            0.13902133272676354 1.6877638597533862 3.406438640979522,
            0.19632247183878515 1.666666017177982 3.317182943926254,
            0.24490003195712085 1.6065844447314563 3.2415156176444375,
            0.27735851991043337 1.5166660171779824 3.1909563266344576,
            0.25062077149501405 1.4106 3.1284326158934537,
            0.23852081983695672 1.2980009167446402 3.1472802275864677,
            0.2040630728163889 1.202544023201678 3.2009536846392748,
            0.1524934100569374 1.1387617660941336 3.2812816897666828,
            0.09166284523357182 1.1163644158790307 3.3760350323632253,
            0.030832280410206137 1.1387617660941336 3.470788374959767,
            -0.02073738234924527 1.202544023201678 3.5511163800871746,
            -0.0551951293698133 1.2980009167446402 3.6047898371399802,
            -0.06729508102787085 1.4106 3.623637448832995,
            -0.0551951293698133 1.5231990832553595 3.6047898371399802,
            -0.020737382349245603 1.6186559767983222 3.551116380087174,
            0.030832280410205914 1.682438233905866 3.470788374959767,
            0.09166284523357182 1.704835584120969 3.3760350323632253,
            0.1524934100569374 1.682438233905866 3.2812816897666823,
            0.2040630728163889 1.6186559767983222 3.2009536846392748,
            0.23852081983695672 1.52319908325536 3.1472802275864677,
            0.2044837585479422 1.4106 3.091963100353208,
            0.19214675482263865 1.2957949702904732 3.111179958588749,
            0.15701394062868856 1.1984679656440358 3.1659049408302637,
            0.10443396844736719 1.133436140246614 3.247806664614683,
            0.042411662404645556 1.1106 3.3444163349368,
            -0.019610643638075964 1.133436140246614 3.441026005258918,
            -0.07219061581939756 1.1984679656440358 3.5229277290433356,
            -0.10732343001334754 1.2957949702904732 3.577652711284851,
            -0.1196604337386511 1.4106 3.596869569520392,
            -0.10732343001334754 1.525405029709527 3.577652711284851,
            -0.07219061581939756 1.6227320343559644 3.5229277290433356,
            -0.019610643638075964 1.6877638597533862 3.441026005258918,
            0.042411662404645556 1.7106 3.3444163349368,
            0.10443396844736719 1.6877638597533862 3.247806664614683,
            0.15701394062868856 1.6227320343559644 3.1659049408302637,
            0.19214675482263865 1.525405029709527 3.111179958588749,
            0.2948648969882377 1.4106 3.506488431080097,
            -1.6723104743943058 1.4106 1.9948021365513466,
            -1.6920871519722576 1.2957949702904732 2.0062202066746533,
            -1.7484063648208987 1.1984679656440358 2.038736119373364,
            -1.83269402331896 1.133436140246614 2.087399621696583,
            -1.9321180955296373 1.1106 2.1448021365513465,
            -2.031542167740315 1.133436140246614 2.20220465140611,
            -2.115829826238376 1.1984679656440358 2.2508681537293285,
            -2.1721490390870173 1.2957949702904732 2.2833840664280394,
            -2.1919257166649695 1.4106 2.294802136551346,
            -2.1721490390870173 1.525405029709527 2.2833840664280394,
            -2.115829826238376 1.6227320343559644 2.2508681537293285,
            -2.031542167740316 1.6877638597533862 2.20220465140611,
            -1.9321180955296373 1.7106 2.1448021365513465,
            -1.83269402331896 1.6877638597533862 2.0873996216965827,
            -1.7484063648208992 1.6227320343559644 2.038736119373364,
            -1.6920871519722576 1.5254050297095274 2.0062202066746533,
            -1.6923403476429166 1.4106 1.9805538826421465,
            -1.7143983652798804 1.2957949702904732 1.9864643106546023,
            -1.7772142849619714 1.1984679656440358 2.0032957856052365,
            -1.8712249523453213 1.133436140246614 2.0284858680105162,
            -1.9821180955296371 1.1106 2.0581995961729023,
            -2.0930112387139532 1.133436140246614 2.0879133243352888,
            -2.1870219060973035 1.1984679656440358 2.113103406740568,
            -2.2498378257793945 1.2957949702904732 2.1299348816912027,
            -2.271895843416358 1.4106 2.1358453097036585,
            -2.2498378257793945 1.525405029709527 2.1299348816912027,
            -2.1870219060973035 1.6227320343559644 2.113103406740568,
            -2.093011238713954 1.6877638597533862 2.0879133243352888,
            -1.9821180955296371 1.7106 2.0581995961729023,
            -1.8712249523453213 1.6877638597533862 2.0284858680105162,
            -1.7772142849619714 1.6227320343559644 2.0032957856052365,
            -1.7143983652798804 1.5254050297095274 1.9864643106546023,
            -1.7080000000398894 1.4106 1.9616070135439956,
            -1.7308361402865031 1.2957949702904732 1.9616070135439956,
            -1.795867965683925 1.1984679656440358 1.9616070135439956,
            -1.8931949703303623 1.133436140246614 1.9616070135439956,
            -2.00800000003989 1.1106 1.9616070135439956,
            -2.1228050297494168 1.133436140246614 1.9616070135439956,
            -2.2201320343958537 1.1984679656440358 1.9616070135439956,
            -2.2851638597932755 1.2957949702904732 1.9616070135439956,
            -2.3080000000398897 1.4106 1.9616070135439956,
            -2.2851638597932755 1.525405029709527 1.9616070135439956,
            -2.2201320343958537 1.6227320343559644 1.9616070135439956,
            -2.1228050297494168 1.6877638597533862 1.9616070135439956,
            -2.00800000003989 1.7106 1.9616070135439956,
            -1.8931949703303623 1.6877638597533862 1.9616070135439956,
            -1.7958679656839254 1.6227320343559644 1.9616070135439956,
            -1.7308361402865031 1.5254050297095274 1.9616070135439956,
            -1.7080000000398894 1.4106 0.4000000135439955,
            -1.7308361402865031 1.2957949702904732 0.4000000135439955,
            -1.795867965683925 1.1984679656440358 0.4000000135439953,
            -1.8931949703303623 1.133436140246614 0.4000000135439953,
            -2.00800000003989 1.1106 0.4000000135439955,
            -2.1228050297494168 1.133436140246614 0.4000000135439955,
            -2.2201320343958537 1.1984679656440358 0.4000000135439955,
            -2.2851638597932755 1.2957949702904732 0.4000000135439957,
            -2.3080000000398897 1.4106 0.4000000135439953,
            -2.2851638597932755 1.525405029709527 0.4000000135439957,
            -2.2201320343958537 1.6227320343559644 0.4000000135439955,
            -2.1228050297494168 1.6877638597533862 0.4000000135439953,
            -2.00800000003989 1.7106 0.4000000135439955,
            -1.8931949703303623 1.6877638597533862 0.4000000135439953,
            -1.7958679656839254 1.6227320343559644 0.4000000135439953,
            -1.7308361402865031 1.5254050297095274 0.4000000135439957,
            -1.8780000010398894 1.4106 0.10000001354399557,
            -1.8878956617373015 1.3608511541752217 0.10000001354399546,
            -1.9160761191927447 1.3186761191528555 0.10000001354399546,
            -1.9582511542151113 1.2904956616974124 0.10000001354399546,
            -2.00800000003989 1.2806000010000003 0.10000001354399546,
            -2.057748845864668 1.2904956616974124 0.10000001354399546,
            -2.099923880887034 1.3186761191528555 0.10000001354399546,
            -2.128104338342477 1.3608511541752217 0.10000001354399568,
            -2.1379999990398897 1.4106 0.10000001354399546,
            -2.128104338342477 1.4603488458247784 0.10000001354399568,
            -2.099923880887034 1.5025238808471442 0.10000001354399546,
            -2.057748845864668 1.5307043383025878 0.10000001354399546,
            -2.00800000003989 1.5405999989999999 0.10000001354399546,
            -1.9582511542151113 1.5307043383025878 0.10000001354399535,
            -1.9160761191927447 1.5025238808471446 0.10000001354399546,
            -1.8878956617373015 1.4603488458247784 0.10000001354399568 ]
        }
        coordIndex [
          0, 1, 17, 16, -1,
          0, 15, 50, 49, -1,
          0, 16, 31, 15, -1,
          0, 49, 48, 1, -1,
          1, 2, 18, 17, -1,
          1, 48, 63, 2, -1,
          2, 3, 19, 18, -1,
          2, 63, 62, 3, -1,
          3, 4, 20, 19, -1,
          3, 62, 61, 4, -1,
          4, 5, 21, 20, -1,
          4, 61, 60, 5, -1,
          5, 6, 22, 21, -1,
          5, 60, 59, 6, -1,
          6, 7, 23, 22, -1,
          6, 59, 58, 7, -1,
          7, 8, 24, 23, -1,
          7, 58, 57, 8, -1,
          8, 9, 25, 24, -1,
          8, 57, 56, 9, -1,
          9, 10, 26, 25, -1,
          9, 56, 55, 10, -1,
          10, 11, 27, 26, -1,
          10, 55, 54, 11, -1,
          11, 12, 28, 27, -1,
          11, 54, 53, 12, -1,
          12, 13, 29, 28, -1,
          12, 53, 52, 13, -1,
          13, 14, 30, 29, -1,
          13, 52, 51, 14, -1,
          14, 15, 31, 30, -1,
          14, 51, 50, 15, -1,
          16, 17, 33, 32, -1,
          16, 32, 47, 31, -1,
          17, 18, 34, 33, -1,
          18, 19, 35, 34, -1,
          19, 20, 36, 35, -1,
          20, 21, 37, 36, -1,
          21, 22, 38, 37, -1,
          22, 23, 39, 38, -1,
          23, 24, 40, 39, -1,
          24, 25, 41, 40, -1,
          25, 26, 42, 41, -1,
          26, 27, 43, 42, -1,
          27, 28, 44, 43, -1,
          28, 29, 45, 44, -1,
          29, 30, 46, 45, -1,
          30, 31, 47, 46, -1,
          32, 33, 65, 64, -1,
          32, 64, 79, 47, -1,
          33, 34, 66, 65, -1,
          34, 35, 67, 66, -1,
          35, 36, 68, 67, -1,
          36, 37, 69, 68, -1,
          37, 38, 70, 69, -1,
          38, 39, 71, 70, -1,
          39, 40, 72, 71, -1,
          40, 41, 73, 72, -1,
          41, 42, 74, 73, -1,
          42, 43, 75, 74, -1,
          43, 44, 76, 75, -1,
          44, 45, 77, 76, -1,
          45, 46, 78, 77, -1,
          46, 47, 79, 78, -1,
          48, 49, 81, 80, -1,
          48, 80, 95, 63, -1,
          49, 50, 82, 81, -1,
          50, 51, 83, 82, -1,
          51, 52, 84, 83, -1,
          52, 53, 85, 84, -1,
          53, 54, 86, 85, -1,
          54, 55, 87, 86, -1,
          55, 56, 88, 87, -1,
          56, 57, 89, 88, -1,
          57, 58, 90, 89, -1,
          58, 59, 91, 90, -1,
          59, 60, 92, 91, -1,
          60, 61, 93, 92, -1,
          61, 62, 94, 93, -1,
          62, 63, 95, 94, -1,
          64, 65, 66, 67, 68, 69, 70, 71, 72, 73, 74, 75, 76, 77, 78, 79, -1,
          80, 81, 82, 83, 84, 85, 86, 87, 88, 89, 90, 91, 92, 93, 94, 95, -1,
          96, 97, 225, 224, -1,
          96, 111, 256, 241, -1,
          96, 224, 239, 111, -1,
          96, 241, 242, 97, -1,
          97, 98, 226, 225, -1,
          97, 242, 243, 98, -1,
          98, 99, 227, 226, -1,
          98, 243, 244, 99, -1,
          99, 100, 228, 227, -1,
          99, 244, 245, 100, -1,
          100, 101, 229, 228, -1,
          100, 245, 246, 101, -1,
          101, 102, 230, 229, -1,
          101, 246, 247, 102, -1,
          102, 103, 231, 230, -1,
          102, 247, 248, 103, -1,
          103, 104, 232, 231, -1,
          103, 248, 249, 104, -1,
          104, 105, 233, 232, -1,
          104, 249, 250, 105, -1,
          105, 106, 234, 233, -1,
          105, 250, 251, 106, -1,
          106, 107, 235, 234, -1,
          106, 251, 252, 107, -1,
          107, 108, 236, 235, -1,
          107, 252, 253, 108, -1,
          108, 109, 237, 236, -1,
          108, 253, 254, 109, -1,
          109, 110, 238, 237, -1,
          109, 254, 255, 110, -1,
          110, 111, 239, 238, -1,
          110, 255, 256, 111, -1,
          112, 113, 240, -1,
          112, 127, 143, 128, -1,
          112, 128, 129, 113, -1,
          112, 240, 127, -1,
          113, 114, 240, -1,
          113, 129, 130, 114, -1,
          114, 115, 240, -1,
          114, 130, 131, 115, -1,
          115, 116, 240, -1,
          115, 131, 132, 116, -1,
          116, 117, 240, -1,
          116, 132, 133, 117, -1,
          117, 118, 240, -1,
          117, 133, 134, 118, -1,
          118, 119, 240, -1,
          118, 134, 135, 119, -1,
          119, 120, 240, -1,
          119, 135, 136, 120, -1,
          120, 121, 240, -1,
          120, 136, 137, 121, -1,
          121, 122, 240, -1,
          121, 137, 138, 122, -1,
          122, 123, 240, -1,
          122, 138, 139, 123, -1,
          123, 124, 240, -1,
          123, 139, 140, 124, -1,
          124, 125, 240, -1,
          124, 140, 141, 125, -1,
          125, 126, 240, -1,
          125, 141, 142, 126, -1,
          126, 127, 240, -1,
          126, 142, 143, 127, -1,
          128, 143, 159, 144, -1,
          128, 144, 145, 129, -1,
          129, 145, 146, 130, -1,
          130, 146, 147, 131, -1,
          131, 147, 148, 132, -1,
          132, 148, 149, 133, -1,
          133, 149, 150, 134, -1,
          134, 150, 151, 135, -1,
          135, 151, 152, 136, -1,
          136, 152, 153, 137, -1,
          137, 153, 154, 138, -1,
          138, 154, 155, 139, -1,
          139, 155, 156, 140, -1,
          140, 156, 157, 141, -1,
          141, 157, 158, 142, -1,
          142, 158, 159, 143, -1,
          144, 159, 175, 160, -1,
          144, 160, 161, 145, -1,
          145, 161, 162, 146, -1,
          146, 162, 163, 147, -1,
          147, 163, 164, 148, -1,
          148, 164, 165, 149, -1,
          149, 165, 166, 150, -1,
          150, 166, 167, 151, -1,
          151, 167, 168, 152, -1,
          152, 168, 169, 153, -1,
          153, 169, 170, 154, -1,
          154, 170, 171, 155, -1,
          155, 171, 172, 156, -1,
          156, 172, 173, 157, -1,
          157, 173, 174, 158, -1,
          158, 174, 175, 159, -1,
          160, 175, 191, 176, -1,
          160, 176, 177, 161, -1,
          161, 177, 178, 162, -1,
          162, 178, 179, 163, -1,
          163, 179, 180, 164, -1,
          164, 180, 181, 165, -1,
          165, 181, 182, 166, -1,
          166, 182, 183, 167, -1,
          167, 183, 184, 168, -1,
          168, 184, 185, 169, -1,
          169, 185, 186, 170, -1,
          170, 186, 187, 171, -1,
          171, 187, 188, 172, -1,
          172, 188, 189, 173, -1,
          173, 189, 190, 174, -1,
          174, 190, 191, 175, -1,
          176, 191, 207, 192, -1,
          176, 192, 193, 177, -1,
          177, 193, 194, 178, -1,
          178, 194, 195, 179, -1,
          179, 195, 196, 180, -1,
          180, 196, 197, 181, -1,
          181, 197, 198, 182, -1,
          182, 198, 199, 183, -1,
          183, 199, 200, 184, -1,
          184, 200, 201, 185, -1,
          185, 201, 202, 186, -1,
          186, 202, 203, 187, -1,
          187, 203, 204, 188, -1,
          188, 204, 205, 189, -1,
          189, 205, 206, 190, -1,
          190, 206, 207, 191, -1,
          192, 207, 223, 208, -1,
          192, 208, 209, 193, -1,
          193, 209, 210, 194, -1,
          194, 210, 211, 195, -1,
          195, 211, 212, 196, -1,
          196, 212, 213, 197, -1,
          197, 213, 214, 198, -1,
          198, 214, 215, 199, -1,
          199, 215, 216, 200, -1,
          200, 216, 217, 201, -1,
          201, 217, 218, 202, -1,
          202, 218, 219, 203, -1,
          203, 219, 220, 204, -1,
          204, 220, 221, 205, -1,
          205, 221, 222, 206, -1,
          206, 222, 223, 207, -1,
          208, 223, 239, 224, -1,
          208, 224, 225, 209, -1,
          209, 225, 226, 210, -1,
          210, 226, 227, 211, -1,
          211, 227, 228, 212, -1,
          212, 228, 229, 213, -1,
          213, 229, 230, 214, -1,
          214, 230, 231, 215, -1,
          215, 231, 232, 216, -1,
          216, 232, 233, 217, -1,
          217, 233, 234, 218, -1,
          218, 234, 235, 219, -1,
          219, 235, 236, 220, -1,
          220, 236, 237, 221, -1,
          221, 237, 238, 222, -1,
          222, 238, 239, 223, -1,
          241, 256, 272, 257, -1,
          241, 257, 258, 242, -1,
          242, 258, 259, 243, -1,
          243, 259, 260, 244, -1,
          244, 260, 261, 245, -1,
          245, 261, 262, 246, -1,
          246, 262, 263, 247, -1,
          247, 263, 264, 248, -1,
          248, 264, 265, 249, -1,
          249, 265, 266, 250, -1,
          250, 266, 267, 251, -1,
          251, 267, 268, 252, -1,
          252, 268, 269, 253, -1,
          253, 269, 270, 254, -1,
          254, 270, 271, 255, -1,
          255, 271, 272, 256, -1,
          257, 272, 288, 273, -1,
          257, 273, 274, 258, -1,
          258, 274, 275, 259, -1,
          259, 275, 276, 260, -1,
          260, 276, 277, 261, -1,
          261, 277, 278, 262, -1,
          262, 278, 279, 263, -1,
          263, 279, 280, 264, -1,
          264, 280, 281, 265, -1,
          265, 281, 282, 266, -1,
          266, 282, 283, 267, -1,
          267, 283, 284, 268, -1,
          268, 284, 285, 269, -1,
          269, 285, 286, 270, -1,
          270, 286, 287, 271, -1,
          271, 287, 288, 272, -1,
          273, 288, 304, 289, -1,
          273, 289, 290, 274, -1,
          274, 290, 291, 275, -1,
          275, 291, 292, 276, -1,
          276, 292, 293, 277, -1,
          277, 293, 294, 278, -1,
          278, 294, 295, 279, -1,
          279, 295, 296, 280, -1,
          280, 296, 297, 281, -1,
          281, 297, 298, 282, -1,
          282, 298, 299, 283, -1,
          283, 299, 300, 284, -1,
          284, 300, 301, 285, -1,
          285, 301, 302, 286, -1,
          286, 302, 303, 287, -1,
          287, 303, 304, 288, -1,
          289, 304, 320, 305, -1,
          289, 305, 306, 290, -1,
          290, 306, 307, 291, -1,
          291, 307, 308, 292, -1,
          292, 308, 309, 293, -1,
          293, 309, 310, 294, -1,
          294, 310, 311, 295, -1,
          295, 311, 312, 296, -1,
          296, 312, 313, 297, -1,
          297, 313, 314, 298, -1,
          298, 314, 315, 299, -1,
          299, 315, 316, 300, -1,
          300, 316, 317, 301, -1,
          301, 317, 318, 302, -1,
          302, 318, 319, 303, -1,
          303, 319, 320, 304, -1,
          305, 320, 319, 318, 317, 316, 315, 314, 313, 312, 311, 310, 309, 308, 307, 306, -1,
          321, 322, 467, 466, -1,
          321, 336, 464, 449, -1,
          321, 449, 450, 322, -1,
          321, 466, 481, 336, -1,
          322, 323, 468, 467, -1,
          322, 450, 451, 323, -1,
          323, 324, 469, 468, -1,
          323, 451, 452, 324, -1,
          324, 325, 470, 469, -1,
          324, 452, 453, 325, -1,
          325, 326, 471, 470, -1,
          325, 453, 454, 326, -1,
          326, 327, 472, 471, -1,
          326, 454, 455, 327, -1,
          327, 328, 473, 472, -1,
          327, 455, 456, 328, -1,
          328, 329, 474, 473, -1,
          328, 456, 457, 329, -1,
          329, 330, 475, 474, -1,
          329, 457, 458, 330, -1,
          330, 331, 476, 475, -1,
          330, 458, 459, 331, -1,
          331, 332, 477, 476, -1,
          331, 459, 460, 332, -1,
          332, 333, 478, 477, -1,
          332, 460, 461, 333, -1,
          333, 334, 479, 478, -1,
          333, 461, 462, 334, -1,
          334, 335, 480, 479, -1,
          334, 462, 463, 335, -1,
          335, 336, 481, 480, -1,
          335, 463, 464, 336, -1,
          337, 338, 354, 353, -1,
          337, 352, 465, -1,
          337, 353, 368, 352, -1,
          337, 465, 338, -1,
          338, 339, 355, 354, -1,
          338, 465, 339, -1,
          339, 340, 356, 355, -1,
          339, 465, 340, -1,
          340, 341, 357, 356, -1,
          340, 465, 341, -1,
          341, 342, 358, 357, -1,
          341, 465, 342, -1,
          342, 343, 359, 358, -1,
          342, 465, 343, -1,
          343, 344, 360, 359, -1,
          343, 465, 344, -1,
          344, 345, 361, 360, -1,
          344, 465, 345, -1,
          345, 346, 362, 361, -1,
          345, 465, 346, -1,
          346, 347, 363, 362, -1,
          346, 465, 347, -1,
          347, 348, 364, 363, -1,
          347, 465, 348, -1,
          348, 349, 365, 364, -1,
          348, 465, 349, -1,
          349, 350, 366, 365, -1,
          349, 465, 350, -1,
          350, 351, 367, 366, -1,
          350, 465, 351, -1,
          351, 352, 368, 367, -1,
          351, 465, 352, -1,
          353, 354, 370, 369, -1,
          353, 369, 384, 368, -1,
          354, 355, 371, 370, -1,
          355, 356, 372, 371, -1,
          356, 357, 373, 372, -1,
          357, 358, 374, 373, -1,
          358, 359, 375, 374, -1,
          359, 360, 376, 375, -1,
          360, 361, 377, 376, -1,
          361, 362, 378, 377, -1,
          362, 363, 379, 378, -1,
          363, 364, 380, 379, -1,
          364, 365, 381, 380, -1,
          365, 366, 382, 381, -1,
          366, 367, 383, 382, -1,
          367, 368, 384, 383, -1,
          369, 370, 386, 385, -1,
          369, 385, 400, 384, -1,
          370, 371, 387, 386, -1,
          371, 372, 388, 387, -1,
          372, 373, 389, 388, -1,
          373, 374, 390, 389, -1,
          374, 375, 391, 390, -1,
          375, 376, 392, 391, -1,
          376, 377, 393, 392, -1,
          377, 378, 394, 393, -1,
          378, 379, 395, 394, -1,
          379, 380, 396, 395, -1,
          380, 381, 397, 396, -1,
          381, 382, 398, 397, -1,
          382, 383, 399, 398, -1,
          383, 384, 400, 399, -1,
          385, 386, 402, 401, -1,
          385, 401, 416, 400, -1,
          386, 387, 403, 402, -1,
          387, 388, 404, 403, -1,
          388, 389, 405, 404, -1,
          389, 390, 406, 405, -1,
          390, 391, 407, 406, -1,
          391, 392, 408, 407, -1,
          392, 393, 409, 408, -1,
          393, 394, 410, 409, -1,
          394, 395, 411, 410, -1,
          395, 396, 412, 411, -1,
          396, 397, 413, 412, -1,
          397, 398, 414, 413, -1,
          398, 399, 415, 414, -1,
          399, 400, 416, 415, -1,
          401, 402, 418, 417, -1,
          401, 417, 432, 416, -1,
          402, 403, 419, 418, -1,
          403, 404, 420, 419, -1,
          404, 405, 421, 420, -1,
          405, 406, 422, 421, -1,
          406, 407, 423, 422, -1,
          407, 408, 424, 423, -1,
          408, 409, 425, 424, -1,
          409, 410, 426, 425, -1,
          410, 411, 427, 426, -1,
          411, 412, 428, 427, -1,
          412, 413, 429, 428, -1,
          413, 414, 430, 429, -1,
          414, 415, 431, 430, -1,
          415, 416, 432, 431, -1,
          417, 418, 434, 433, -1,
          417, 433, 448, 432, -1,
          418, 419, 435, 434, -1,
          419, 420, 436, 435, -1,
          420, 421, 437, 436, -1,
          421, 422, 438, 437, -1,
          422, 423, 439, 438, -1,
          423, 424, 440, 439, -1,
          424, 425, 441, 440, -1,
          425, 426, 442, 441, -1,
          426, 427, 443, 442, -1,
          427, 428, 444, 443, -1,
          428, 429, 445, 444, -1,
          429, 430, 446, 445, -1,
          430, 431, 447, 446, -1,
          431, 432, 448, 447, -1,
          433, 434, 450, 449, -1,
          433, 449, 464, 448, -1,
          434, 435, 451, 450, -1,
          435, 436, 452, 451, -1,
          436, 437, 453, 452, -1,
          437, 438, 454, 453, -1,
          438, 439, 455, 454, -1,
          439, 440, 456, 455, -1,
          440, 441, 457, 456, -1,
          441, 442, 458, 457, -1,
          442, 443, 459, 458, -1,
          443, 444, 460, 459, -1,
          444, 445, 461, 460, -1,
          445, 446, 462, 461, -1,
          446, 447, 463, 462, -1,
          447, 448, 464, 463, -1,
          466, 467, 483, 482, -1,
          466, 482, 497, 481, -1,
          467, 468, 484, 483, -1,
          468, 469, 485, 484, -1,
          469, 470, 486, 485, -1,
          470, 471, 487, 486, -1,
          471, 472, 488, 487, -1,
          472, 473, 489, 488, -1,
          473, 474, 490, 489, -1,
          474, 475, 491, 490, -1,
          475, 476, 492, 491, -1,
          476, 477, 493, 492, -1,
          477, 478, 494, 493, -1,
          478, 479, 495, 494, -1,
          479, 480, 496, 495, -1,
          480, 481, 497, 496, -1,
          482, 483, 499, 498, -1,
          482, 498, 513, 497, -1,
          483, 484, 500, 499, -1,
          484, 485, 501, 500, -1,
          485, 486, 502, 501, -1,
          486, 487, 503, 502, -1,
          487, 488, 504, 503, -1,
          488, 489, 505, 504, -1,
          489, 490, 506, 505, -1,
          490, 491, 507, 506, -1,
          491, 492, 508, 507, -1,
          492, 493, 509, 508, -1,
          493, 494, 510, 509, -1,
          494, 495, 511, 510, -1,
          495, 496, 512, 511, -1,
          496, 497, 513, 512, -1,
          498, 499, 515, 514, -1,
          498, 514, 529, 513, -1,
          499, 500, 516, 515, -1,
          500, 501, 517, 516, -1,
          501, 502, 518, 517, -1,
          502, 503, 519, 518, -1,
          503, 504, 520, 519, -1,
          504, 505, 521, 520, -1,
          505, 506, 522, 521, -1,
          506, 507, 523, 522, -1,
          507, 508, 524, 523, -1,
          508, 509, 525, 524, -1,
          509, 510, 526, 525, -1,
          510, 511, 527, 526, -1,
          511, 512, 528, 527, -1,
          512, 513, 529, 528, -1,
          514, 515, 531, 530, -1,
          514, 530, 545, 529, -1,
          515, 516, 532, 531, -1,
          516, 517, 533, 532, -1,
          517, 518, 534, 533, -1,
          518, 519, 535, 534, -1,
          519, 520, 536, 535, -1,
          520, 521, 537, 536, -1,
          521, 522, 538, 537, -1,
          522, 523, 539, 538, -1,
          523, 524, 540, 539, -1,
          524, 525, 541, 540, -1,
          525, 526, 542, 541, -1,
          526, 527, 543, 542, -1,
          527, 528, 544, 543, -1,
          528, 529, 545, 544, -1,
          530, 531, 532, 533, 534, 535, 536, 537, 538, 539, 540, 541, 542, 543, 544, 545, -1 ]
        normal Normal {
          vector [
            -0.930710495133516 -3.4894668872407766e-18 0.3657567145635547,
            -0.9226906565451947 -0.07463058518085672 0.3782488969974142,
            -0.899852088505281 -0.1378993402958759 0.413823622765359,
            -0.865671755965729 -0.18017417091146803 0.46706496235489187,
            -0.8253533047101911 -0.1950191172887191 0.5298674044474667,
            -0.7850348534546456 -0.18017417091146917 0.5926698465400511,
            -0.7508545209150872 -0.1378993402958728 0.6459111861295932,
            -0.7280159528751787 -0.07463058518085681 0.6814859118975303,
            -0.7199961142868617 2.896257516409846e-16 0.6939780943313847,
            -0.7280159528751774 0.07463058518085629 0.6814859118975318,
            -0.7508545209150868 0.13789934029587295 0.6459111861295936,
            -0.7850348534546457 0.18017417091146973 0.5926698465400508,
            -0.8253533047101929 0.19501911728871857 0.5298674044474643,
            -0.8656717559657299 0.18017417091146856 0.46706496235488987,
            -0.8998520885052805 0.1378993402958766 0.4138236227653597,
            -0.9226906565451944 0.0746305851808567 0.3782488969974149,
            -0.9841719432950714 0.0 0.17721621266352228,
            -0.9684397956363214 -0.146399378615167 0.2017215510771544,
            -0.9236384295288438 -0.2705107789498453 0.27150685068601654,
            -0.8565884468371089 -0.3534393653757242 0.37594793222997647,
            -0.77749759961632 -0.3825600123589789 0.4991445878047346,
            -0.6984067523955331 -0.35343936537572845 0.6223412433794877,
            -0.6313567697037981 -0.2705107789498453 0.7267823249234486,
            -0.5865554035963177 -0.1463993786151667 0.7965676245323141,
            -0.5708232559375682 3.7765193654311496e-16 0.8210729629459452,
            -0.5865554035963175 0.1463993786151662 0.7965676245323144,
            -0.6313567697037985 0.2705107789498448 0.7267823249234485,
            -0.6984067523955331 0.353439365375728 0.6223412433794879,
            -0.7774975996163206 0.38256001235897763 0.4991445878047348,
            -0.856588446837109 0.3534393653757237 0.37594793222997636,
            -0.9236384295288433 0.2705107789498458 0.2715068506860177,
            -0.9684397956363214 0.146399378615167 0.20172155107715442,
            -0.9998352478093613 0.0 -0.01815150787106219,
            -0.9769942721961102 -0.21255232974401725 0.017426968077765524,
            -0.9119486768395156 -0.3927454940761735 0.11874589548072394,
            -0.8146010639928285 -0.5131467171820024 0.2703803860990765,
            -0.6997717252536467 -0.555426004283448 0.4492454633062621,
            -0.5849423865144668 -0.5131467171820053 0.6281105405134442,
            -0.4875947736677799 -0.39274549407617676 0.7797450311317966,
            -0.42254917831118277 -0.21255232974401644 0.8810639585347566,
            -0.39970820269793084 3.7883082698259085e-16 0.9166424344835831,
            -0.4225491783111823 0.21255232974401583 0.8810639585347568,
            -0.48759477366778 0.3927454940761764 0.7797450311317966,
            -0.5849423865144664 0.5131467171820058 0.6281105405134443,
            -0.6997717252536466 0.555426004283448 0.449245463306262,
            -0.8146010639928284 0.5131467171820028 0.2703803860990761,
            -0.9119486768395153 0.3927454940761741 0.11874589548072444,
            -0.9769942721961102 0.21255232974401728 0.01742696807776552,
            -0.9770852613448636 0.0 -0.21284828414304766,
            -0.9480120847742547 -0.2705476122288389 -0.16756215753935952,
            -0.8652186826463 -0.49990680301605017 -0.03859817998394883,
            -0.741309599910921 -0.6531597147105217 0.15441005200174052,
            -0.5951488711759468 -0.7069749807478749 0.3820787847218663,
            -0.4489881424409739 -0.6531597147105233 0.6097475174419914,
            -0.3250790597055955 -0.499906803016054 0.8027557494276787,
            -0.2422856575776418 -0.2705476122288391 0.9317197269830898,
            -0.21321248100703205 3.802172902065222e-16 0.9770058535867766,
            -0.24228565757764148 0.2705476122288385 0.9317197269830901,
            -0.32507905970559575 0.49990680301605345 0.8027557494276789,
            -0.44898814244097374 0.6531597147105231 0.6097475174419916,
            -0.595148871175947 0.7069749807478748 0.382078784721866,
            -0.7413095999109207 0.6531597147105221 0.15441005200173993,
            -0.8652186826462995 0.4999068030160509 -0.03859817998394826,
            -0.9480120847742547 0.2705476122288389 -0.16756215753935952,
            -0.9167800384784005 0.0 -0.3993924899738883,
            -0.8825911321887164 -0.3181532963529089 -0.3461377953960209,
            -0.7852293643790612 -0.587870637402901 -0.1944812561568911,
            -0.6395171816118332 -0.7680900029688987 0.032488794414297126,
            -0.4676379428291157 -0.8313746283360971 0.3002182236067113,
            -0.2957587040464003 -0.7680900029688975 0.5679476527991226,
            -0.15004652127917484 -0.5878706374029007 0.7949177033703083,
            -0.052684753469520035 -0.31815329635290684 0.9465742426094401,
            -0.01849584717983435 3.8159931376762513e-16 0.9998289371873071,
            -0.052684753469519355 0.31815329635290657 0.9465742426094403,
            -0.15004652127917412 0.5878706374028999 0.794917703370309,
            -0.2957587040464004 0.7680900029688966 0.5679476527991237,
            -0.4676379428291168 0.8313746283360963 0.3002182236067114,
            -0.6395171816118335 0.7680900029688986 0.03248879441429649,
            -0.7852293643790604 0.587870637402902 -0.19448125615689127,
            -0.8825911321887162 0.3181532963529093 -0.3461377953960212,
            -0.8212234168739865 0.0 -0.5706067819241325,
            -0.7832324461908923 -0.3535343439202121 -0.5114297634111026,
            -0.6750433150391046 -0.653246288775378 -0.34290787249961385,
            -0.5131268378995704 -0.8535074078568453 -0.09069703942619427,
            -0.32213333064026034 -0.9238297611560276 0.20680592277062584,
            -0.1311398233809488 -0.8535074078568441 0.5043088849674416,
            0.030776653758590754 -0.6532462887753777 0.7565197180408583,
            0.13896578491037942 -0.3535343439202105 0.9250416089523479,
            0.176956755593472 3.827674857125966e-16 0.9842186274653779,
            0.13896578491037942 0.3535343439202102 0.9250416089523479,
            0.030776653758592055 0.6532462887753772 0.7565197180408587,
            -0.13113982338094649 0.8535074078568444 0.5043088849674419,
            -0.32213333064025945 0.923829761156028 0.20680592277062507,
            -0.5131268378995709 0.853507407856845 -0.09069703942619492,
            -0.6750433150391049 0.653246288775378 -0.34290787249961335,
            -0.7832324461908923 0.35353434392021255 -0.5114297634111022,
            -0.6940808236057521 0.0 -0.719897083132555,
            -0.6537482138345991 -0.37532504375783715 -0.6570725868853827,
            -0.538890658742777 -0.6935102519335365 -0.47816355819202544,
            -0.36699417990668703 -0.9061148109384429 -0.21040727485666522,
            -0.16422845798366306 -0.9807716039291878 0.10543279619964785,
            0.03853726393936056 -0.906114810938442 0.4212728672559621,
            0.210433742775451 -0.693510251933535 0.6890291505913232,
            0.32529129786727284 -0.3753250437578374 0.8679381792846784,
            0.3656239076384257 2.6990293753574203e-16 0.93076267553185,
            0.32529129786727184 0.3753250437578368 0.8679381792846791,
            0.21043374277544963 0.6935102519335347 0.6890291505913237,
            0.03853726393935981 0.9061148109384419 0.4212728672559626,
            -0.16422845798366412 0.9807716039291875 0.10543279619964889,
            -0.36699417990668887 0.9061148109384423 -0.2104072748566645,
            -0.5388906587427781 0.6935102519335364 -0.47816355819202444,
            -0.6537482138345994 0.3753250437578373 -0.6570725868853823,
            -0.8415107819453074 6.058482952615452e-17 0.5402403204776531,
            -0.6526038284208875 3.529731631117653e-17 -0.7576993091790443,
            -0.6375180182576728 -0.36685822032599563 -0.6774849242426378,
            -0.5343492616716702 -0.6965551076722816 -0.4788338422945867,
            -0.3049625467209763 -0.9215514552025025 -0.24029307212569895,
            0.0012461981337140164 -0.9999961671322545 -0.0024723897370376936,
            0.3189389708946432 -0.9231577901084271 0.21461040843069776,
            0.591394989354181 -0.7055877521934228 0.3903817241129524,
            0.7741192422055889 -0.3814704430937198 0.5051927353920739,
            0.8383526686690416 0.0 0.5451282444851818,
            0.7741192422055889 0.38147044309371975 0.5051927353920738,
            0.5913949893541813 0.7055877521934224 0.39038172411295224,
            0.31893897089464435 0.9231577901084267 0.21461040843069804,
            0.0012461981337141654 0.9999961671322544 -0.00247238973703786,
            -0.30496254672097733 0.9215514552025019 -0.2402930721257001,
            -0.5343492616716704 0.696555107672282 -0.4788338422945858,
            -0.637518018257674 0.366858220325997 -0.6774849242426361,
            -0.7225807707860752 -3.125164376143955e-16 -0.6912865033328811,
            -0.7167038715245632 -0.35914522883598354 -0.5977878094659105,
            -0.6085917978111146 -0.693299554285676 -0.3859426792469552,
            -0.3467473160980224 -0.9212749655540377 -0.17612136901076153,
            0.0010680053316873856 -0.999991807791792 -0.003904319904315395,
            0.359405739691975 -0.9233629766711603 0.13501232384282055,
            0.6660035254647075 -0.7061318148888336 0.2404519995142117,
            0.8716174971802887 -0.3819676306660661 0.3072192502635882,
            0.9439262609311323 0.0 0.33015634769692376,
            0.8716174971802887 0.38196763066606604 0.3072192502635882,
            0.6660035254647079 0.7061318148888333 0.24045199951421223,
            0.359405739691976 0.9233629766711597 0.13501232384282155,
            0.0010680053316872585 0.999991807791792 -0.003904319904315315,
            -0.34674731609802356 0.9212749655540371 -0.17612136901076259,
            -0.608591797811114 0.6932995542856767 -0.3859426792469553,
            -0.7167038715245627 0.35914522883598465 -0.5977878094659104,
            0.9307104951335153 5.234200330861165e-18 0.36575671456355646,
            0.9226906565451939 -0.07463058518085663 0.37824889699741626,
            0.899852088505285 -0.137899340295873 0.41382362276535134,
            0.8656717559657305 -0.18017417091146576 0.4670649623548896,
            0.8253533047101846 -0.1950191172887218 0.5298674044474756,
            0.7850348534546431 -0.18017417091147273 0.5926698465400533,
            0.7508545209150936 -0.1378993402958756 0.645911186129585,
            0.7280159528751823 -0.07463058518085484 0.6814859118975266,
            0.7199961142868543 3.960544917018279e-16 0.6939780943313923,
            0.7280159528751817 0.07463058518085453 0.6814859118975274,
            0.7508545209150943 0.13789934029587578 0.6459111861295842,
            0.785034853454642 0.1801741709114731 0.5926698465400548,
            0.8253533047101852 0.19501911728872115 0.529867404447475,
            0.8656717559657305 0.18017417091146617 0.4670649623548897,
            0.8998520885052843 0.1378993402958737 0.4138236227653526,
            0.922690656545194 0.0746305851808566 0.3782488969974158,
            0.9841719432950715 0.0 0.17721621266352247,
            0.9684397956363213 -0.14639937861516633 0.20172155107715511,
            0.9236384295288443 -0.2705107789498439 0.27150685068601604,
            0.8565884468371087 -0.3534393653757231 0.3759479322299778,
            0.7774975996163197 -0.38256001235897774 0.4991445878047362,
            0.6984067523955332 -0.35343936537572607 0.622341243379489,
            0.6313567697037981 -0.2705107789498491 0.7267823249234472,
            0.586555403596321 -0.14639937861516722 0.7965676245323118,
            0.5708232559375694 3.7415515935290054e-16 0.8210729629459443,
            0.5865554035963206 0.14639937861516666 0.7965676245323121,
            0.6313567697037986 0.27051077894984865 0.7267823249234467,
            0.6984067523955332 0.3534393653757256 0.622341243379489,
            0.7774975996163201 0.38256001235897635 0.49914458780473636,
            0.8565884468371089 0.35343936537572274 0.3759479322299778,
            0.9236384295288439 0.2705107789498443 0.27150685068601715,
            0.9684397956363213 0.14639937861516633 0.20172155107715511,
            0.9998352478093613 0.0 -0.018151507871061522,
            0.9769942721961102 -0.21255232974401733 0.01742696807776554,
            0.9119486768395159 -0.3927454940761731 0.11874589548072335,
            0.8146010639928286 -0.5131467171820019 0.27038038609907694,
            0.6997717252536462 -0.5554260042834478 0.449245463306263,
            0.5849423865144656 -0.5131467171820039 0.6281105405134465,
            0.4875947736677788 -0.39274549407617904 0.7797450311317959,
            0.4225491783111822 -0.2125523297440197 0.881063958534756,
            0.3997082026979282 3.7181544129772833e-16 0.9166424344835843,
            0.4225491783111819 0.2125523297440191 0.8810639585347564,
            0.487594773667779 0.3927454940761788 0.779745031131796,
            0.5849423865144652 0.5131467171820044 0.6281105405134465,
            0.6997717252536462 0.5554260042834478 0.4492454633062631,
            0.8146010639928285 0.5131467171820023 0.2703803860990765,
            0.9119486768395156 0.39274549407617376 0.11874589548072383,
            0.9769942721961102 0.21255232974401733 0.01742696807776554,
            0.9770852613448638 0.0 -0.21284828414304668,
            0.9480120847742546 -0.2705476122288395 -0.16756215753935924,
            0.8652186826463001 -0.4999068030160497 -0.038598179983949356,
            0.7413095999109216 -0.6531597147105209 0.1544100520017405,
            0.5951488711759475 -0.7069749807478732 0.3820787847218682,
            0.44898814244097496 -0.6531597147105207 0.6097475174419933,
            0.32507905970559725 -0.49990680301605195 0.8027557494276792,
            0.24228565757763962 -0.27054761222883955 0.9317197269830901,
            0.21321248100702664 3.7317622927677165e-16 0.9770058535867777,
            0.2422856575776393 0.270547612228839 0.9317197269830906,
            0.3250790597055971 0.49990680301605256 0.802755749427679,
            0.44898814244097324 0.6531597147105223 0.609747517441993,
            0.5951488711759464 0.7069749807478745 0.3820787847218677,
            0.7413095999109207 0.6531597147105221 0.15441005200173943,
            0.8652186826462995 0.49990680301605084 -0.038598179983948884,
            0.9480120847742546 0.2705476122288395 -0.16756215753935924,
            0.9167800384784007 0.0 -0.39939248997388765,
            0.8825911321887169 -0.31815329635290873 -0.34613779539602013,
            0.785229364379062 -0.5878706374029002 -0.19448125615689021,
            0.6395171816118338 -0.7680900029688984 0.03248879441429687,
            0.467637942829116 -0.8313746283360965 0.30021822360671185,
            0.2957587040464002 -0.7680900029688963 0.5679476527991244,
            0.15004652127917395 -0.5878706374028991 0.7949177033703095,
            0.052684753469520035 -0.31815329635290596 0.9465742426094405,
            0.018495847179836558 3.7453265980896546e-16 0.9998289371873071,
            0.05268475346951938 0.31815329635290573 0.9465742426094406,
            0.1500465212791736 0.5878706374028995 0.7949177033703094,
            0.2957587040463996 0.7680900029688965 0.5679476527991243,
            0.46763794282911586 0.8313746283360968 0.30021822360671185,
            0.639517181611833 0.7680900029688992 0.032488794414296036,
            0.7852293643790609 0.5878706374029018 -0.1944812561568902,
            0.8825911321887167 0.3181532963529091 -0.3461377953960204,
            0.8212234168739873 0.0 -0.5706067819241314,
            0.783232446190893 -0.35353434392021155 -0.5114297634111018,
            0.6750433150391054 -0.6532462887753775 -0.3429078724996134,
            0.5131268378995699 -0.8535074078568455 -0.09069703942619486,
            0.3221333306402578 -0.9238297611560288 0.20680592277062393,
            0.1311398233809446 -0.8535074078568451 0.5043088849674411,
            -0.03077665375859485 -0.6532462887753775 0.7565197180408584,
            -0.138965784910381 -0.35353434392021205 0.925041608952347,
            -0.17695675559347154 3.615026253952305e-16 0.9842186274653779,
            -0.13896578491038158 0.35353434392021227 0.9250416089523468,
            -0.030776653758595847 0.6532462887753775 0.7565197180408582,
            0.13113982338094382 0.8535074078568451 0.5043088849674413,
            0.32213333064025756 0.923829761156029 0.20680592277062343,
            0.5131268378995698 0.8535074078568456 -0.09069703942619504,
            0.6750433150391053 0.6532462887753783 -0.34290787249961246,
            0.7832324461908929 0.35353434392021205 -0.5114297634111016,
            0.6940808236057509 0.0 -0.7198970831325561,
            0.6537482138345975 -0.3753250437578376 -0.6570725868853842,
            0.5388906587427761 -0.6935102519335364 -0.47816355819202677,
            0.3669941799066868 -0.9061148109384428 -0.2104072748566657,
            0.16422845798366273 -0.9807716039291878 0.1054327961996475,
            -0.038537263939361854 -0.9061148109384422 0.42127286725596164,
            -0.21043374277545102 -0.6935102519335347 0.6890291505913234,
            -0.3252912978672718 -0.3753250437578387 0.8679381792846783,
            -0.3656239076384257 2.628002286532226e-16 0.9307626755318501,
            -0.32529129786727085 0.3753250437578389 0.8679381792846785,
            -0.21043374277544957 0.6935102519335344 0.689029150591324,
            -0.03853726393936069 0.906114810938442 0.421272867255962,
            0.16422845798366398 0.9807716039291876 0.10543279619964822,
            0.3669941799066883 0.9061148109384426 -0.2104072748566639,
            0.5388906587427772 0.6935102519335367 -0.4781635581920251,
            0.6537482138345978 0.37532504375783776 -0.6570725868853836,
            0.8415107819453078 6.341793306514737e-17 0.5402403204776524,
            0.6526038284208875 3.529731631117653e-17 -0.7576993091790443,
            0.6375180182576728 -0.36685822032599563 -0.6774849242426378,
            0.5343492616716702 -0.6965551076722816 -0.4788338422945867,
            0.30496254672097717 -0.921551455202502 -0.2402930721256995,
            -0.0012461981337137551 -0.9999961671322544 -0.002472389737037999,
            -0.3189389708946435 -0.9231577901084272 0.21461040843069748,
            -0.5913949893541808 -0.7055877521934233 0.39038172411295186,
            -0.7741192422055894 -0.3814704430937183 0.5051927353920741,
            -0.8383526686690416 0.0 0.545128244485182,
            -0.7741192422055894 0.3814704430937183 0.5051927353920741,
            -0.5913949893541813 0.7055877521934223 0.39038172411295263,
            -0.3189389708946432 0.9231577901084272 0.21461040843069776,
            -0.0012461981337134075 0.9999961671322544 -0.0024723897370380896,
            0.30496254672097683 0.9215514552025023 -0.2402930721256996,
            0.5343492616716704 0.696555107672282 -0.4788338422945858,
            0.637518018257674 0.366858220325997 -0.6774849242426361,
            0.7225807707860752 -3.125164376143955e-16 -0.6912865033328811,
            0.7167038715245632 -0.35914522883598354 -0.5977878094659105,
            0.6085917978111146 -0.693299554285676 -0.3859426792469552,
            0.34674731609802323 -0.9212749655540372 -0.17612136901076222,
            -0.0010680053316871735 -0.999991807791792 -0.003904319904315441,
            -0.35940573969197576 -0.92336297667116 0.13501232384282125,
            -0.6660035254647073 -0.7061318148888343 0.24045199951421106,
            -0.8716174971802891 -0.38196763066606537 0.30721925026358776,
            -0.9439262609311323 0.0 0.33015634769692365,
            -0.8716174971802891 0.3819676306660653 0.30721925026358776,
            -0.6660035254647084 0.7061318148888333 0.24045199951421103,
            -0.35940573969197587 0.9233629766711599 0.13501232384282058,
            -0.0010680053316867695 0.999991807791792 -0.0039043199043158378,
            0.3467473160980228 0.9212749655540373 -0.17612136901076259,
            0.608591797811114 0.6932995542856767 -0.3859426792469553,
            0.7167038715245627 0.35914522883598465 -0.5977878094659104,
            1.0 0.0 -1.1319735795471057e-16,
            1.0 0.0 -1.1319735795471057e-16,
            0.5313475336396974 0.8471539402582099 -6.279788221467176e-17,
            0.5313475336396974 0.8471539402582099 -6.279788221467176e-17,
            0.9238795325112868 0.0 0.38268343236508956,
            0.9238795325112868 0.0 0.38268343236508956,
            0.4909011109800684 0.8471539402582101 0.20333789795196414,
            0.4909011109800684 0.8471539402582101 0.20333789795196414,
            0.7071067811865479 0.0 0.7071067811865472,
            0.7071067811865479 0.0 0.7071067811865472,
            0.3757194442033759 0.8471539402582112 0.3757194442033754,
            0.3757194442033759 0.8471539402582112 0.3757194442033754,
            0.38268343236508956 0.0 0.9238795325112868,
            0.38268343236508956 0.0 0.9238795325112868,
            0.2033378979519634 0.8471539402582114 0.4909011109800666,
            0.2033378979519634 0.8471539402582114 0.4909011109800666,
            -1.4149669744338818e-17 0.0 1.0,
            -1.4149669744338818e-17 0.0 1.0,
            -1.3955084936593724e-17 0.8471539402582108 0.5313475336396959,
            -1.3955084936593724e-17 0.8471539402582108 0.5313475336396959,
            -0.3826834323650895 0.0 0.9238795325112868,
            -0.3826834323650895 0.0 0.9238795325112868,
            -0.2033378979519634 0.8471539402582114 0.4909011109800666,
            -0.2033378979519634 0.8471539402582114 0.4909011109800666,
            -0.7071067811865475 0.0 0.7071067811865475,
            -0.7071067811865475 0.0 0.7071067811865475,
            -0.37571944420337566 0.8471539402582113 0.37571944420337544,
            -0.37571944420337566 0.8471539402582113 0.37571944420337544,
            -0.9238795325112867 0.0 0.3826834323650899,
            -0.9238795325112867 0.0 0.3826834323650899,
            -0.49090111098006817 0.8471539402582103 0.20333789795196414,
            -0.49090111098006817 0.8471539402582103 0.20333789795196414,
            -1.0 0.0 7.074834872169411e-17,
            -1.0 0.0 7.074834872169411e-17,
            -0.5313475336396974 0.8471539402582099 4.8842797278078036e-17,
            -0.5313475336396974 0.8471539402582099 4.8842797278078036e-17,
            -0.9238795325112867 0.0 -0.3826834323650898,
            -0.9238795325112867 0.0 -0.3826834323650898,
            -0.4909011109800689 0.8471539402582098 -0.20333789795196447,
            -0.4909011109800689 0.8471539402582098 -0.20333789795196447,
            -0.7071067811865479 0.0 -0.7071067811865471,
            -0.7071067811865479 0.0 -0.7071067811865471,
            -0.3757194442033774 0.8471539402582099 -0.375719444203377,
            -0.3757194442033774 0.8471539402582099 -0.375719444203377,
            -0.3826834323650903 0.0 -0.9238795325112865,
            -0.3826834323650903 0.0 -0.9238795325112865,
            -0.20333789795196455 0.8471539402582101 -0.49090111098006833,
            -0.20333789795196455 0.8471539402582101 -0.49090111098006833,
            -1.414966974433882e-17 0.0 -1.0,
            -1.414966974433882e-17 0.0 -1.0,
            -1.3955084936593724e-17 0.84715394025821 -0.5313475336396972,
            -1.3955084936593724e-17 0.84715394025821 -0.5313475336396972,
            0.3826834323650901 0.0 -0.9238795325112866,
            0.3826834323650901 0.0 -0.9238795325112866,
            0.20333789795196475 0.8471539402582097 -0.490901110980069,
            0.20333789795196475 0.8471539402582097 -0.490901110980069,
            0.7071067811865475 0.0 -0.7071067811865476,
            0.7071067811865475 0.0 -0.7071067811865476,
            0.37571944420337766 0.8471539402582094 -0.3757194442033777,
            0.37571944420337766 0.8471539402582094 -0.3757194442033777,
            0.9238795325112865 0.0 -0.3826834323650903,
            0.9238795325112865 0.0 -0.3826834323650903,
            0.49090111098006906 0.8471539402582096 -0.2033378979519649,
            0.49090111098006906 0.8471539402582096 -0.2033378979519649,
            1.0 0.0 -1.1319735795471057e-16,
            1.0 0.0 -1.1319735795471057e-16,
            0.5313475336396974 -0.8471539402582099 -6.279788221467176e-17,
            0.5313475336396974 -0.8471539402582099 -6.279788221467176e-17,
            0.9238795325112868 0.0 0.38268343236508956,
            0.9238795325112868 0.0 0.38268343236508956,
            0.4909011109800684 -0.8471539402582101 0.20333789795196414,
            0.4909011109800684 -0.8471539402582101 0.20333789795196414,
            0.7071067811865479 0.0 0.7071067811865472,
            0.7071067811865479 0.0 0.7071067811865472,
            0.3757194442033759 -0.8471539402582112 0.3757194442033754,
            0.3757194442033759 -0.8471539402582112 0.3757194442033754,
            0.38268343236508956 0.0 0.9238795325112868,
            0.38268343236508956 0.0 0.9238795325112868,
            0.2033378979519634 -0.8471539402582114 0.4909011109800666,
            0.2033378979519634 -0.8471539402582114 0.4909011109800666,
            -1.4149669744338818e-17 0.0 1.0,
            -1.4149669744338818e-17 0.0 1.0,
            -1.3955084936593724e-17 -0.8471539402582108 0.5313475336396959,
            -1.3955084936593724e-17 -0.8471539402582108 0.5313475336396959,
            -0.3826834323650895 0.0 0.9238795325112868,
            -0.3826834323650895 0.0 0.9238795325112868,
            -0.2033378979519634 -0.8471539402582114 0.4909011109800666,
            -0.2033378979519634 -0.8471539402582114 0.4909011109800666,
            -0.7071067811865475 0.0 0.7071067811865475,
            -0.7071067811865475 0.0 0.7071067811865475,
            -0.37571944420337566 -0.8471539402582113 0.37571944420337544,
            -0.37571944420337566 -0.8471539402582113 0.37571944420337544,
            -0.9238795325112867 0.0 0.3826834323650899,
            -0.9238795325112867 0.0 0.3826834323650899,
            -0.49090111098006817 -0.8471539402582103 0.20333789795196414,
            -0.49090111098006817 -0.8471539402582103 0.20333789795196414,
            -1.0 0.0 7.074834872169411e-17,
            -1.0 0.0 7.074834872169411e-17,
            -0.5313475336396974 -0.8471539402582099 4.8842797278078036e-17,
            -0.5313475336396974 -0.8471539402582099 4.8842797278078036e-17,
            -0.9238795325112867 0.0 -0.3826834323650898,
            -0.9238795325112867 0.0 -0.3826834323650898,
            -0.4909011109800689 -0.8471539402582098 -0.20333789795196447,
            -0.4909011109800689 -0.8471539402582098 -0.20333789795196447,
            -0.7071067811865479 0.0 -0.7071067811865471,
            -0.7071067811865479 0.0 -0.7071067811865471,
            -0.3757194442033774 -0.8471539402582099 -0.375719444203377,
            -0.3757194442033774 -0.8471539402582099 -0.375719444203377,
            -0.3826834323650903 0.0 -0.9238795325112865,
            -0.3826834323650903 0.0 -0.9238795325112865,
            -0.20333789795196455 -0.8471539402582101 -0.49090111098006833,
            -0.20333789795196455 -0.8471539402582101 -0.49090111098006833,
            -1.414966974433882e-17 0.0 -1.0,
            -1.414966974433882e-17 0.0 -1.0,
            -1.3955084936593724e-17 -0.84715394025821 -0.5313475336396972,
            -1.3955084936593724e-17 -0.84715394025821 -0.5313475336396972,
            0.3826834323650901 0.0 -0.9238795325112866,
            0.3826834323650901 0.0 -0.9238795325112866,
            0.20333789795196475 -0.8471539402582097 -0.490901110980069,
            0.20333789795196475 -0.8471539402582097 -0.490901110980069,
            0.7071067811865475 0.0 -0.7071067811865476,
            0.7071067811865475 0.0 -0.7071067811865476,
            0.37571944420337766 -0.8471539402582094 -0.3757194442033777,
            0.37571944420337766 -0.8471539402582094 -0.3757194442033777,
            0.9238795325112865 0.0 -0.3826834323650903,
            0.9238795325112865 0.0 -0.3826834323650903,
            0.49090111098006906 -0.8471539402582096 -0.2033378979519649,
            0.49090111098006906 -0.8471539402582096 -0.2033378979519649,
            0.5313475336396974 -0.8471539402582099 -6.279788221467176e-17,
            0.5313475336396974 -0.8471539402582099 -6.279788221467176e-17,
            0.11850228801860561 -0.9929537792537754 -2.0822463979992377e-17,
            0.11850228801860561 -0.9929537792537754 -2.0822463979992377e-17,
            0.4909011109800684 -0.8471539402582101 0.20333789795196414,
            0.4909011109800684 -0.8471539402582101 0.20333789795196414,
            0.10948183845614726 -0.9929537792537755 0.04534886232207649,
            0.10948183845614726 -0.9929537792537755 0.04534886232207649,
            0.3757194442033759 -0.8471539402582112 0.3757194442033754,
            0.3757194442033759 -0.8471539402582112 0.3757194442033754,
            0.0837937714440775 -0.9929537792537755 0.0837937714440775,
            0.0837937714440775 -0.9929537792537755 0.0837937714440775,
            0.2033378979519634 -0.8471539402582114 0.4909011109800666,
            0.2033378979519634 -0.8471539402582114 0.4909011109800666,
            0.045348862322076584 -0.9929537792537754 0.10948183845614731,
            0.045348862322076584 -0.9929537792537754 0.10948183845614731,
            -1.3955084936593724e-17 -0.8471539402582108 0.5313475336396959,
            -1.3955084936593724e-17 -0.8471539402582108 0.5313475336396959,
            -1.7352053316660313e-18 -0.9929537792537754 0.11850228801860571,
            -1.7352053316660313e-18 -0.9929537792537754 0.11850228801860571,
            -0.2033378979519634 -0.8471539402582114 0.4909011109800666,
            -0.2033378979519634 -0.8471539402582114 0.4909011109800666,
            -0.04534886232207658 -0.9929537792537754 0.10948183845614733,
            -0.04534886232207658 -0.9929537792537754 0.10948183845614733,
            -0.37571944420337566 -0.8471539402582113 0.37571944420337544,
            -0.37571944420337566 -0.8471539402582113 0.37571944420337544,
            -0.0837937714440775 -0.9929537792537755 0.08379377144407753,
            -0.0837937714440775 -0.9929537792537755 0.08379377144407753,
            -0.49090111098006817 -0.8471539402582103 0.20333789795196414,
            -0.49090111098006817 -0.8471539402582103 0.20333789795196414,
            -0.10948183845614726 -0.9929537792537755 0.045348862322076515,
            -0.10948183845614726 -0.9929537792537755 0.045348862322076515,
            -0.5313475336396974 -0.8471539402582099 4.8842797278078036e-17,
            -0.5313475336396974 -0.8471539402582099 4.8842797278078036e-17,
            -0.11850228801860563 -0.9929537792537754 1.561684798499428e-17,
            -0.11850228801860563 -0.9929537792537754 1.561684798499428e-17,
            -0.4909011109800689 -0.8471539402582098 -0.20333789795196447,
            -0.4909011109800689 -0.8471539402582098 -0.20333789795196447,
            -0.10948183845614726 -0.9929537792537755 -0.045348862322076446,
            -0.10948183845614726 -0.9929537792537755 -0.045348862322076446,
            -0.3757194442033774 -0.8471539402582099 -0.375719444203377,
            -0.3757194442033774 -0.8471539402582099 -0.375719444203377,
            -0.08379377144407746 -0.9929537792537755 -0.08379377144407743,
            -0.08379377144407746 -0.9929537792537755 -0.08379377144407743,
            -0.20333789795196455 -0.8471539402582101 -0.49090111098006833,
            -0.20333789795196455 -0.8471539402582101 -0.49090111098006833,
            -0.04534886232207652 -0.9929537792537754 -0.10948183845614722,
            -0.04534886232207652 -0.9929537792537754 -0.10948183845614722,
            -1.3955084936593724e-17 -0.84715394025821 -0.5313475336396972,
            -1.3955084936593724e-17 -0.84715394025821 -0.5313475336396972,
            -2.4292874643324442e-17 -0.9929537792537755 -0.11850228801860559,
            -2.4292874643324442e-17 -0.9929537792537755 -0.11850228801860559,
            0.20333789795196475 -0.8471539402582097 -0.490901110980069,
            0.20333789795196475 -0.8471539402582097 -0.490901110980069,
            0.04534886232207647 -0.9929537792537755 -0.10948183845614719,
            0.04534886232207647 -0.9929537792537755 -0.10948183845614719,
            0.37571944420337766 -0.8471539402582094 -0.3757194442033777,
            0.37571944420337766 -0.8471539402582094 -0.3757194442033777,
            0.08379377144407736 -0.9929537792537755 -0.0837937714440774,
            0.08379377144407736 -0.9929537792537755 -0.0837937714440774,
            0.49090111098006906 -0.8471539402582096 -0.2033378979519649,
            0.49090111098006906 -0.8471539402582096 -0.2033378979519649,
            0.10948183845614719 -0.9929537792537755 -0.04534886232207649,
            0.10948183845614719 -0.9929537792537755 -0.04534886232207649,
            0.4909011109800684 0.8471539402582101 0.20333789795196414,
            0.4909011109800684 0.8471539402582101 0.20333789795196414,
            0.10948183845614728 0.9929537792537755 0.04534886232207649,
            0.10948183845614728 0.9929537792537755 0.04534886232207649,
            0.5313475336396974 0.8471539402582099 -6.279788221467176e-17,
            0.5313475336396974 0.8471539402582099 -6.279788221467176e-17,
            0.11850228801860563 0.9929537792537754 -2.602807997499047e-17,
            0.11850228801860563 0.9929537792537754 -2.602807997499047e-17,
            0.49090111098006906 0.8471539402582096 -0.2033378979519649,
            0.49090111098006906 0.8471539402582096 -0.2033378979519649,
            0.1094818384561472 0.9929537792537755 -0.045348862322076494,
            0.1094818384561472 0.9929537792537755 -0.045348862322076494,
            0.37571944420337766 0.8471539402582094 -0.3757194442033777,
            0.37571944420337766 0.8471539402582094 -0.3757194442033777,
            0.08379377144407736 0.9929537792537755 -0.08379377144407742,
            0.08379377144407736 0.9929537792537755 -0.08379377144407742,
            0.20333789795196475 0.8471539402582097 -0.490901110980069,
            0.20333789795196475 0.8471539402582097 -0.490901110980069,
            0.04534886232207646 0.9929537792537755 -0.10948183845614719,
            0.04534886232207646 0.9929537792537755 -0.10948183845614719,
            -1.3955084936593724e-17 0.84715394025821 -0.5313475336396972,
            -1.3955084936593724e-17 0.84715394025821 -0.5313475336396972,
            -2.255766931165841e-17 0.9929537792537755 -0.11850228801860561,
            -2.255766931165841e-17 0.9929537792537755 -0.11850228801860561,
            -0.20333789795196455 0.8471539402582101 -0.49090111098006833,
            -0.20333789795196455 0.8471539402582101 -0.49090111098006833,
            -0.04534886232207652 0.9929537792537754 -0.10948183845614722,
            -0.04534886232207652 0.9929537792537754 -0.10948183845614722,
            -0.3757194442033774 0.8471539402582099 -0.375719444203377,
            -0.3757194442033774 0.8471539402582099 -0.375719444203377,
            -0.08379377144407744 0.9929537792537755 -0.08379377144407742,
            -0.08379377144407744 0.9929537792537755 -0.08379377144407742,
            -0.4909011109800689 0.8471539402582098 -0.20333789795196447,
            -0.4909011109800689 0.8471539402582098 -0.20333789795196447,
            -0.10948183845614724 0.9929537792537755 -0.045348862322076466,
            -0.10948183845614724 0.9929537792537755 -0.045348862322076466,
            -0.5313475336396974 0.8471539402582099 4.8842797278078036e-17,
            -0.5313475336396974 0.8471539402582099 4.8842797278078036e-17,
            -0.11850228801860563 0.9929537792537754 1.214643732166222e-17,
            -0.11850228801860563 0.9929537792537754 1.214643732166222e-17,
            -0.49090111098006817 0.8471539402582103 0.20333789795196414,
            -0.49090111098006817 0.8471539402582103 0.20333789795196414,
            -0.10948183845614723 0.9929537792537754 0.04534886232207653,
            -0.10948183845614723 0.9929537792537754 0.04534886232207653,
            -0.37571944420337566 0.8471539402582113 0.37571944420337544,
            -0.37571944420337566 0.8471539402582113 0.37571944420337544,
            -0.0837937714440775 0.9929537792537755 0.08379377144407751,
            -0.0837937714440775 0.9929537792537755 0.08379377144407751,
            -0.2033378979519634 0.8471539402582114 0.4909011109800666,
            -0.2033378979519634 0.8471539402582114 0.4909011109800666,
            -0.045348862322076584 0.9929537792537754 0.10948183845614733,
            -0.045348862322076584 0.9929537792537754 0.10948183845614733,
            -1.3955084936593724e-17 0.8471539402582108 0.5313475336396959,
            -1.3955084936593724e-17 0.8471539402582108 0.5313475336396959,
            -3.4704106633320626e-18 0.9929537792537754 0.11850228801860573,
            -3.4704106633320626e-18 0.9929537792537754 0.11850228801860573,
            0.2033378979519634 0.8471539402582114 0.4909011109800666,
            0.2033378979519634 0.8471539402582114 0.4909011109800666,
            0.04534886232207657 0.9929537792537754 0.10948183845614731,
            0.04534886232207657 0.9929537792537754 0.10948183845614731,
            0.3757194442033759 0.8471539402582112 0.3757194442033754,
            0.3757194442033759 0.8471539402582112 0.3757194442033754,
            0.0837937714440775 0.9929537792537755 0.0837937714440775,
            0.0837937714440775 0.9929537792537755 0.0837937714440775,
            0.11850228801860561 -0.9929537792537754 -2.0822463979992377e-17,
            0.11850228801860561 -0.9929537792537754 -2.0822463979992377e-17,
            0.0 -1.0 -6.403629397035574e-17,
            0.10948183845614726 -0.9929537792537755 0.04534886232207649,
            0.10948183845614726 -0.9929537792537755 0.04534886232207649,
            0.0 -1.0 -6.403629397035574e-17,
            0.0837937714440775 -0.9929537792537755 0.0837937714440775,
            0.0837937714440775 -0.9929537792537755 0.0837937714440775,
            0.0 -1.0 -6.403629397035574e-17,
            0.045348862322076584 -0.9929537792537754 0.10948183845614731,
            0.045348862322076584 -0.9929537792537754 0.10948183845614731,
            0.0 -1.0 -6.403629397035574e-17,
            -1.7352053316660313e-18 -0.9929537792537754 0.11850228801860571,
            -1.7352053316660313e-18 -0.9929537792537754 0.11850228801860571,
            0.0 -1.0 -6.403629397035574e-17,
            -0.04534886232207658 -0.9929537792537754 0.10948183845614733,
            -0.04534886232207658 -0.9929537792537754 0.10948183845614733,
            0.0 -1.0 -6.403629397035574e-17,
            -0.0837937714440775 -0.9929537792537755 0.08379377144407753,
            -0.0837937714440775 -0.9929537792537755 0.08379377144407753,
            0.0 -1.0 -6.403629397035574e-17,
            -0.10948183845614726 -0.9929537792537755 0.045348862322076515,
            -0.10948183845614726 -0.9929537792537755 0.045348862322076515,
            0.0 -1.0 -6.403629397035574e-17,
            -0.11850228801860563 -0.9929537792537754 1.561684798499428e-17,
            -0.11850228801860563 -0.9929537792537754 1.561684798499428e-17,
            0.0 -1.0 -6.403629397035574e-17,
            -0.10948183845614726 -0.9929537792537755 -0.045348862322076446,
            -0.10948183845614726 -0.9929537792537755 -0.045348862322076446,
            0.0 -1.0 -6.403629397035574e-17,
            -0.08379377144407746 -0.9929537792537755 -0.08379377144407743,
            -0.08379377144407746 -0.9929537792537755 -0.08379377144407743,
            0.0 -1.0 -6.403629397035574e-17,
            -0.04534886232207652 -0.9929537792537754 -0.10948183845614722,
            -0.04534886232207652 -0.9929537792537754 -0.10948183845614722,
            0.0 -1.0 -6.403629397035574e-17,
            -2.4292874643324442e-17 -0.9929537792537755 -0.11850228801860559,
            -2.4292874643324442e-17 -0.9929537792537755 -0.11850228801860559,
            0.0 -1.0 -6.403629397035574e-17,
            0.04534886232207647 -0.9929537792537755 -0.10948183845614719,
            0.04534886232207647 -0.9929537792537755 -0.10948183845614719,
            0.0 -1.0 -6.403629397035574e-17,
            0.08379377144407736 -0.9929537792537755 -0.0837937714440774,
            0.08379377144407736 -0.9929537792537755 -0.0837937714440774,
            0.0 -1.0 -6.403629397035574e-17,
            0.10948183845614719 -0.9929537792537755 -0.04534886232207649,
            0.10948183845614719 -0.9929537792537755 -0.04534886232207649,
            0.0 -1.0 -6.403629397035574e-17,
            0.10948183845614728 0.9929537792537755 0.04534886232207649,
            0.10948183845614728 0.9929537792537755 0.04534886232207649,
            0.0 1.0 2.6088860506441233e-17,
            0.11850228801860563 0.9929537792537754 -2.602807997499047e-17,
            0.11850228801860563 0.9929537792537754 -2.602807997499047e-17,
            0.0 1.0 2.6088860506441233e-17,
            0.1094818384561472 0.9929537792537755 -0.045348862322076494,
            0.1094818384561472 0.9929537792537755 -0.045348862322076494,
            0.0 1.0 2.6088860506441233e-17,
            0.08379377144407736 0.9929537792537755 -0.08379377144407742,
            0.08379377144407736 0.9929537792537755 -0.08379377144407742,
            0.0 1.0 2.6088860506441233e-17,
            0.04534886232207646 0.9929537792537755 -0.10948183845614719,
            0.04534886232207646 0.9929537792537755 -0.10948183845614719,
            0.0 1.0 2.6088860506441233e-17,
            -2.255766931165841e-17 0.9929537792537755 -0.11850228801860561,
            -2.255766931165841e-17 0.9929537792537755 -0.11850228801860561,
            0.0 1.0 2.6088860506441233e-17,
            -0.04534886232207652 0.9929537792537754 -0.10948183845614722,
            -0.04534886232207652 0.9929537792537754 -0.10948183845614722,
            0.0 1.0 2.6088860506441233e-17,
            -0.08379377144407744 0.9929537792537755 -0.08379377144407742,
            -0.08379377144407744 0.9929537792537755 -0.08379377144407742,
            0.0 1.0 2.6088860506441233e-17,
            -0.10948183845614724 0.9929537792537755 -0.045348862322076466,
            -0.10948183845614724 0.9929537792537755 -0.045348862322076466,
            0.0 1.0 2.6088860506441233e-17,
            -0.11850228801860563 0.9929537792537754 1.214643732166222e-17,
            -0.11850228801860563 0.9929537792537754 1.214643732166222e-17,
            0.0 1.0 2.6088860506441233e-17,
            -0.10948183845614723 0.9929537792537754 0.04534886232207653,
            -0.10948183845614723 0.9929537792537754 0.04534886232207653,
            0.0 1.0 2.6088860506441233e-17,
            -0.0837937714440775 0.9929537792537755 0.08379377144407751,
            -0.0837937714440775 0.9929537792537755 0.08379377144407751,
            0.0 1.0 2.6088860506441233e-17,
            -0.045348862322076584 0.9929537792537754 0.10948183845614733,
            -0.045348862322076584 0.9929537792537754 0.10948183845614733,
            0.0 1.0 2.6088860506441233e-17,
            -3.4704106633320626e-18 0.9929537792537754 0.11850228801860573,
            -3.4704106633320626e-18 0.9929537792537754 0.11850228801860573,
            0.0 1.0 2.6088860506441233e-17,
            0.04534886232207657 0.9929537792537754 0.10948183845614731,
            0.04534886232207657 0.9929537792537754 0.10948183845614731,
            0.0 1.0 2.6088860506441233e-17,
            0.0837937714440775 0.9929537792537755 0.0837937714440775,
            0.0837937714440775 0.9929537792537755 0.0837937714440775,
            0.0 1.0 2.6088860506441233e-17,
            -0.5023563613328618 6.787437369282587e-16 -0.8646606769296307,
            -0.5023563613328618 6.787437369282587e-16 -0.8646606769296307,
            -0.6783643670737758 3.817107020781592e-16 -0.7347256532098192,
            -0.6783643670737758 3.817107020781592e-16 -0.7347256532098192,
            -0.4654311194105457 -0.3774940482280141 -0.8005448873340408,
            -0.4654311194105457 -0.3774940482280141 -0.8005448873340408,
            -0.64164960450927 -0.3771550808004566 -0.6678621340213101,
            -0.64164960450927 -0.3771550808004566 -0.6678621340213101,
            -0.3587252605338426 -0.7014876686638046 -0.6158175364241806,
            -0.3587252605338426 -0.7014876686638046 -0.6158175364241806,
            -0.5130895101158179 -0.702409123103348 -0.4933159012137109,
            -0.5130895101158179 -0.702409123103348 -0.4933159012137109,
            -0.19558595374281795 -0.9217334382171923 -0.33489342121162335,
            -0.19558595374281795 -0.9217334382171923 -0.33489342121162335,
            -0.28659564938335974 -0.9224001272546446 -0.2589226506027345,
            -0.28659564938335974 -0.9224001272546446 -0.2589226506027345,
            1.3090831450672153e-4 -0.9999999860013715 -1.0421261903207634e-4,
            1.3090831450672153e-4 -0.9999999860013715 -1.0421261903207634e-4,
            9.104743742443677e-4 -0.9999988876155017 -0.0011814415656222735,
            9.104743742443677e-4 -0.9999988876155017 -0.0011814415656222735,
            0.19679604136673812 -0.9218050911456827 0.3339860656378958,
            0.19679604136673812 -0.9218050911456827 0.3339860656378958,
            0.2961884819588372 -0.9226958516351814 0.24678887440512146,
            0.2961884819588372 -0.9226958516351814 0.24678887440512146,
            0.362303090030776 -0.7017722713730697 0.6133939599360544,
            0.362303090030776 -0.7017722713730697 0.6133939599360544,
            0.5478223137092828 -0.7040864794255796 0.4518328696457365,
            0.5478223137092828 -0.7040864794255796 0.4518328696457365,
            0.4714838011704725 -0.37782155815615376 0.7968399434179353,
            0.4714838011704725 -0.37782155815615376 0.7968399434179353,
            0.7153651985978461 -0.37993442535394173 0.5864319782089259,
            0.7153651985978461 -0.37993442535394173 0.5864319782089259,
            0.5094644510864778 0.0 0.8604917042477248,
            0.5094644510864778 0.0 0.8604917042477248,
            0.7739603594646326 0.0 0.6332340499194407,
            0.7739603594646326 0.0 0.6332340499194407,
            0.4714838011704725 0.37782155815615376 0.7968399434179353,
            0.4714838011704725 0.37782155815615376 0.7968399434179353,
            0.7153651985978461 0.37993442535394173 0.5864319782089259,
            0.7153651985978461 0.37993442535394173 0.5864319782089259,
            0.36230309003077615 0.7017722713730694 0.6133939599360548,
            0.36230309003077615 0.7017722713730694 0.6133939599360548,
            0.5478223137092837 0.704086479425579 0.4518328696457364,
            0.5478223137092837 0.704086479425579 0.4518328696457364,
            0.19679604136673864 0.9218050911456822 0.33398606563789673,
            0.19679604136673864 0.9218050911456822 0.33398606563789673,
            0.29618848195883873 0.9226958516351809 0.24678887440512157,
            0.29618848195883873 0.9226958516351809 0.24678887440512157,
            1.3090831450666496e-4 0.9999999860013715 -1.0421261903214718e-4,
            1.3090831450666496e-4 0.9999999860013715 -1.0421261903214718e-4,
            9.104743742445096e-4 0.9999988876155018 -0.0011814415656225146,
            9.104743742445096e-4 0.9999988876155018 -0.0011814415656225146,
            -0.19558595374281854 0.9217334382171917 -0.3348934212116244,
            -0.19558595374281854 0.9217334382171917 -0.3348934212116244,
            -0.28659564938336063 0.9224001272546439 -0.25892265060273617,
            -0.28659564938336063 0.9224001272546439 -0.25892265060273617,
            -0.35872526053384274 0.7014876686638044 -0.6158175364241807,
            -0.35872526053384274 0.7014876686638044 -0.6158175364241807,
            -0.5130895101158175 0.7024091231033479 -0.49331590121371144,
            -0.5130895101158175 0.7024091231033479 -0.49331590121371144,
            -0.46543111941054555 0.3774940482280149 -0.8005448873340406,
            -0.46543111941054555 0.3774940482280149 -0.8005448873340406,
            -0.6416496045092713 0.3771550808004579 -0.6678621340213081,
            -0.6416496045092713 0.3771550808004579 -0.6678621340213081,
            -0.5023563613328618 6.787437369282587e-16 -0.8646606769296307,
            -0.5023563613328618 6.787437369282587e-16 -0.8646606769296307,
            -0.6201213960746264 0.0 -0.7845058662180013,
            -0.6201213960746264 0.0 -0.7845058662180013,
            -0.4654311194105457 -0.3774940482280141 -0.8005448873340408,
            -0.4654311194105457 -0.3774940482280141 -0.8005448873340408,
            -0.5791960704735616 -0.3808407070402303 -0.7207581201825496,
            -0.5791960704735616 -0.3808407070402303 -0.7207581201825496,
            -0.3587252605338426 -0.7014876686638046 -0.6158175364241806,
            -0.3587252605338426 -0.7014876686638046 -0.6158175364241806,
            -0.4626506035041238 -0.7037018687631926 -0.5392198985353381,
            -0.4626506035041238 -0.7037018687631926 -0.5392198985353381,
            -0.19558595374281795 -0.9217334382171923 -0.33489342121162335,
            -0.19558595374281795 -0.9217334382171923 -0.33489342121162335,
            -0.2882279860251205 -0.9194308000402822 -0.2675287498740824,
            -0.2882279860251205 -0.9194308000402822 -0.2675287498740824,
            1.3090831450672153e-4 -0.9999999860013715 -1.0421261903207634e-4,
            1.3090831450672153e-4 -0.9999999860013715 -1.0421261903207634e-4,
            -0.0824824804027672 -0.9951847266721974 0.052952811303942464,
            -0.0824824804027672 -0.9951847266721974 0.052952811303942464,
            0.19679604136673812 -0.9218050911456827 0.3339860656378958,
            0.19679604136673812 -0.9218050911456827 0.3339860656378958,
            0.12326302521958202 -0.9194308000402814 0.3734343724819728,
            0.12326302521958202 -0.9194308000402814 0.3734343724819728,
            0.362303090030776 -0.7017722713730697 0.6133939599360544,
            0.362303090030776 -0.7017722713730697 0.6133939599360544,
            0.297685642698577 -0.7037018687631899 0.6451255211432342,
            0.297685642698577 -0.7037018687631899 0.6451255211432342,
            0.4714838011704725 -0.37782155815615376 0.7968399434179353,
            0.4714838011704725 -0.37782155815615376 0.7968399434179353,
            0.4142311096680116 -0.3808407070402313 0.8266637427904435,
            0.4142311096680116 -0.3808407070402313 0.8266637427904435,
            0.5094644510864778 0.0 0.8604917042477248,
            0.5094644510864778 0.0 0.8604917042477248,
            0.4551564352690781 1.5561790788824286e-16 0.8904114888258942,
            0.4551564352690781 1.5561790788824286e-16 0.8904114888258942,
            0.4714838011704725 0.37782155815615376 0.7968399434179353,
            0.4714838011704725 0.37782155815615376 0.7968399434179353,
            0.4142311096680105 0.38084070704023065 0.8266637427904443,
            0.4142311096680105 0.38084070704023065 0.8266637427904443,
            0.36230309003077615 0.7017722713730694 0.6133939599360548,
            0.36230309003077615 0.7017722713730694 0.6133939599360548,
            0.2976856426985746 0.7037018687631899 0.6451255211432354,
            0.2976856426985746 0.7037018687631899 0.6451255211432354,
            0.19679604136673864 0.9218050911456822 0.33398606563789673,
            0.19679604136673864 0.9218050911456822 0.33398606563789673,
            0.12326302521957777 0.9194308000402811 0.37343437248197503,
            0.12326302521957777 0.9194308000402811 0.37343437248197503,
            1.3090831450666496e-4 0.9999999860013715 -1.0421261903214718e-4,
            1.3090831450666496e-4 0.9999999860013715 -1.0421261903214718e-4,
            -0.08248248040277187 0.9951847266721968 0.052952811303945836,
            -0.08248248040277187 0.9951847266721968 0.052952811303945836,
            -0.19558595374281854 0.9217334382171917 -0.3348934212116244,
            -0.19558595374281854 0.9217334382171917 -0.3348934212116244,
            -0.2882279860251226 0.919430800040282 -0.26752874987408143,
            -0.2882279860251226 0.919430800040282 -0.26752874987408143,
            -0.35872526053384274 0.7014876686638044 -0.6158175364241807,
            -0.35872526053384274 0.7014876686638044 -0.6158175364241807,
            -0.4626506035041237 0.7037018687631926 -0.5392198985353384,
            -0.4626506035041237 0.7037018687631926 -0.5392198985353384,
            -0.46543111941054555 0.3774940482280149 -0.8005448873340406,
            -0.46543111941054555 0.3774940482280149 -0.8005448873340406,
            -0.5791960704735616 0.3808407070402303 -0.7207581201825496,
            -0.5791960704735616 0.3808407070402303 -0.7207581201825496,
            -0.806629987136538 -3.098428161676414e-16 -0.5910567348843161,
            -0.806629987136538 -3.098428161676414e-16 -0.5910567348843161,
            -1.0 -3.8204108309714803e-16 0.0,
            -1.0 -3.8204108309714803e-16 0.0,
            -0.7894672545975451 -0.3564645784895283 -0.4996743521539782,
            -0.7894672545975451 -0.3564645784895283 -0.4996743521539782,
            -0.9238795325112872 -0.38268343236508884 0.0,
            -0.9238795325112872 -0.38268343236508884 0.0,
            -0.6564542554554995 -0.6902001556350075 -0.3044528792042822,
            -0.6564542554554995 -0.6902001556350075 -0.3044528792042822,
            -0.7071067811865475 -0.7071067811865475 0.0,
            -0.7071067811865475 -0.7071067811865475 0.0,
            -0.3694501823900025 -0.920069743726356 -0.13030053496172428,
            -0.3694501823900025 -0.920069743726356 -0.13030053496172428,
            -0.38268343236508884 -0.9238795325112872 0.0,
            -0.38268343236508884 -0.9238795325112872 0.0,
            5.53991786242876e-4 -0.9999916658031003 -0.004044924899330559,
            5.53991786242876e-4 -0.9999916658031003 -0.004044924899330559,
            0.0 -1.0 0.0,
            0.0 -1.0 0.0,
            0.37669955895933255 -0.9221857248655957 0.0875838520159972,
            0.37669955895933255 -0.9221857248655957 0.0875838520159972,
            0.3826834323650879 -0.9238795325112875 0.0,
            0.3826834323650879 -0.9238795325112875 0.0,
            0.6946478906864477 -0.7030835000848158 0.15211147186637147,
            0.6946478906864477 -0.7030835000848158 0.15211147186637147,
            0.7071067811865468 -0.7071067811865482 0.0,
            0.7071067811865468 -0.7071067811865482 0.0,
            0.9053868070475789 -0.3791713907357788 0.19105964009095544,
            0.9053868070475789 -0.3791713907357788 0.19105964009095544,
            0.9238795325112864 -0.38268343236509056 0.0,
            0.9238795325112864 -0.38268343236509056 0.0,
            0.9789448918181239 0.0 0.2041247137982115,
            0.9789448918181239 0.0 0.2041247137982115,
            1.0 0.0 0.0,
            1.0 0.0 0.0,
            0.9053868070475789 0.3791713907357788 0.19105964009095544,
            0.9053868070475789 0.3791713907357788 0.19105964009095544,
            0.9238795325112864 0.38268343236509056 0.0,
            0.9238795325112864 0.38268343236509056 0.0,
            0.6946478906864482 0.7030835000848149 0.1521114718663725,
            0.6946478906864482 0.7030835000848149 0.1521114718663725,
            0.7071067811865483 0.7071067811865467 0.0,
            0.7071067811865483 0.7071067811865467 0.0,
            0.37669955895933377 0.922185724865595 0.08758385201599876,
            0.37669955895933377 0.922185724865595 0.08758385201599876,
            0.38268343236508995 0.9238795325112866 0.0,
            0.38268343236508995 0.9238795325112866 0.0,
            5.539917862424655e-4 0.9999916658031004 -0.004044924899330301,
            5.539917862424655e-4 0.9999916658031004 -0.004044924899330301,
            -7.499324964499574e-16 1.0 0.0,
            -7.499324964499574e-16 1.0 0.0,
            -0.3694501823900036 0.9200697437263554 -0.13030053496172572,
            -0.3694501823900036 0.9200697437263554 -0.13030053496172572,
            -0.3826834323650906 0.9238795325112864 0.0,
            -0.3826834323650906 0.9238795325112864 0.0,
            -0.6564542554554977 0.690200155635008 -0.30445287920428504,
            -0.6564542554554977 0.690200155635008 -0.30445287920428504,
            -0.7071067811865465 0.7071067811865487 0.0,
            -0.7071067811865465 0.7071067811865487 0.0,
            -0.7894672545975434 0.3564645784895291 -0.4996743521539802,
            -0.7894672545975434 0.3564645784895291 -0.4996743521539802,
            -0.9238795325112863 0.38268343236509095 0.0,
            -0.9238795325112863 0.38268343236509095 0.0,
            -1.0 -3.8204108309714803e-16 0.0,
            -1.0 -3.8204108309714803e-16 0.0,
            -0.8700221846046783 3.8026985118090204e-16 -0.49301257417605804,
            -0.8700221846046783 3.8026985118090204e-16 -0.49301257417605804,
            -0.9238795325112872 -0.38268343236508884 0.0,
            -0.9238795325112872 -0.38268343236508884 0.0,
            -0.8037956891870192 -0.3329430758382902 -0.4930125741760582,
            -0.8037956891870192 -0.3329430758382902 -0.4930125741760582,
            -0.7071067811865475 -0.7071067811865475 0.0,
            -0.7071067811865475 -0.7071067811865475 0.0,
            -0.6151985865167022 -0.6151985865167022 -0.49301257417605815,
            -0.6151985865167022 -0.6151985865167022 -0.49301257417605815,
            -0.38268343236508884 -0.9238795325112872 0.0,
            -0.38268343236508884 -0.9238795325112872 0.0,
            -0.33294307583829064 -0.803795689187019 -0.4930125741760582,
            -0.33294307583829064 -0.803795689187019 -0.4930125741760582,
            0.0 -1.0 0.0,
            0.0 -1.0 0.0,
            0.0 -0.8700221846046783 -0.4930125741760581,
            0.0 -0.8700221846046783 -0.4930125741760581,
            0.3826834323650879 -0.9238795325112875 0.0,
            0.3826834323650879 -0.9238795325112875 0.0,
            0.3329430758382896 -0.8037956891870196 -0.4930125741760581,
            0.3329430758382896 -0.8037956891870196 -0.4930125741760581,
            0.7071067811865468 -0.7071067811865482 0.0,
            0.7071067811865468 -0.7071067811865482 0.0,
            0.6151985865167017 -0.6151985865167027 -0.49301257417605826,
            0.6151985865167017 -0.6151985865167027 -0.49301257417605826,
            0.9238795325112864 -0.38268343236509056 0.0,
            0.9238795325112864 -0.38268343236509056 0.0,
            0.8037956891870182 -0.3329430758382932 -0.4930125741760579,
            0.8037956891870182 -0.3329430758382932 -0.4930125741760579,
            1.0 0.0 0.0,
            1.0 0.0 0.0,
            0.8700221846046778 0.0 -0.49301257417605876,
            0.8700221846046778 0.0 -0.49301257417605876,
            0.9238795325112864 0.38268343236509056 0.0,
            0.9238795325112864 0.38268343236509056 0.0,
            0.8037956891870178 0.33294307583829363 -0.49301257417605815,
            0.8037956891870178 0.33294307583829363 -0.49301257417605815,
            0.7071067811865483 0.7071067811865467 0.0,
            0.7071067811865483 0.7071067811865467 0.0,
            0.615198586516703 0.6151985865167011 -0.49301257417605865,
            0.615198586516703 0.6151985865167011 -0.49301257417605865,
            0.38268343236508995 0.9238795325112866 0.0,
            0.38268343236508995 0.9238795325112866 0.0,
            0.3329430758382914 0.8037956891870183 -0.4930125741760592,
            0.3329430758382914 0.8037956891870183 -0.4930125741760592,
            -7.499324964499574e-16 1.0 0.0,
            -7.499324964499574e-16 1.0 0.0,
            -2.5351323412060144e-16 0.8700221846046781 -0.4930125741760586,
            -2.5351323412060144e-16 0.8700221846046781 -0.4930125741760586,
            -0.3826834323650906 0.9238795325112864 0.0,
            -0.3826834323650906 0.9238795325112864 0.0,
            -0.33294307583829175 0.8037956891870186 -0.4930125741760583,
            -0.33294307583829175 0.8037956891870186 -0.4930125741760583,
            -0.7071067811865465 0.7071067811865487 0.0,
            -0.7071067811865465 0.7071067811865487 0.0,
            -0.6151985865167025 0.6151985865167023 -0.49301257417605776,
            -0.6151985865167025 0.6151985865167023 -0.49301257417605776,
            -0.9238795325112863 0.38268343236509095 0.0,
            -0.9238795325112863 0.38268343236509095 0.0,
            -0.8037956891870187 0.3329430758382915 -0.49301257417605826,
            -0.8037956891870187 0.3329430758382915 -0.49301257417605826,
            -0.8700221846046783 3.8026985118090204e-16 -0.49301257417605804,
            -0.8700221846046783 3.8026985118090204e-16 -0.49301257417605804,
            1.5087817563567135e-16 -1.6921578347988294e-17 -1.0,
            -0.8037956891870192 -0.3329430758382902 -0.4930125741760582,
            -0.8037956891870192 -0.3329430758382902 -0.4930125741760582,
            1.5087817563567135e-16 -1.6921578347988294e-17 -1.0,
            -0.6151985865167022 -0.6151985865167022 -0.49301257417605815,
            -0.6151985865167022 -0.6151985865167022 -0.49301257417605815,
            1.5087817563567135e-16 -1.6921578347988294e-17 -1.0,
            -0.33294307583829064 -0.803795689187019 -0.4930125741760582,
            -0.33294307583829064 -0.803795689187019 -0.4930125741760582,
            1.5087817563567135e-16 -1.6921578347988294e-17 -1.0,
            0.0 -0.8700221846046783 -0.4930125741760581,
            0.0 -0.8700221846046783 -0.4930125741760581,
            1.5087817563567135e-16 -1.6921578347988294e-17 -1.0,
            0.3329430758382896 -0.8037956891870196 -0.4930125741760581,
            0.3329430758382896 -0.8037956891870196 -0.4930125741760581,
            1.5087817563567135e-16 -1.6921578347988294e-17 -1.0,
            0.6151985865167017 -0.6151985865167027 -0.49301257417605826,
            0.6151985865167017 -0.6151985865167027 -0.49301257417605826,
            1.5087817563567135e-16 -1.6921578347988294e-17 -1.0,
            0.8037956891870182 -0.3329430758382932 -0.4930125741760579,
            0.8037956891870182 -0.3329430758382932 -0.4930125741760579,
            1.5087817563567135e-16 -1.6921578347988294e-17 -1.0,
            0.8700221846046778 0.0 -0.49301257417605876,
            0.8700221846046778 0.0 -0.49301257417605876,
            1.5087817563567135e-16 -1.6921578347988294e-17 -1.0,
            0.8037956891870178 0.33294307583829363 -0.49301257417605815,
            0.8037956891870178 0.33294307583829363 -0.49301257417605815,
            1.5087817563567135e-16 -1.6921578347988294e-17 -1.0,
            0.615198586516703 0.6151985865167011 -0.49301257417605865,
            0.615198586516703 0.6151985865167011 -0.49301257417605865,
            1.5087817563567135e-16 -1.6921578347988294e-17 -1.0,
            0.3329430758382914 0.8037956891870183 -0.4930125741760592,
            0.3329430758382914 0.8037956891870183 -0.4930125741760592,
            1.5087817563567135e-16 -1.6921578347988294e-17 -1.0,
            -2.5351323412060144e-16 0.8700221846046781 -0.4930125741760586,
            -2.5351323412060144e-16 0.8700221846046781 -0.4930125741760586,
            1.5087817563567135e-16 -1.6921578347988294e-17 -1.0,
            -0.33294307583829175 0.8037956891870186 -0.4930125741760583,
            -0.33294307583829175 0.8037956891870186 -0.4930125741760583,
            1.5087817563567135e-16 -1.6921578347988294e-17 -1.0,
            -0.6151985865167025 0.6151985865167023 -0.49301257417605776,
            -0.6151985865167025 0.6151985865167023 -0.49301257417605776,
            1.5087817563567135e-16 -1.6921578347988294e-17 -1.0,
            -0.8037956891870187 0.3329430758382915 -0.49301257417605826,
            -0.8037956891870187 0.3329430758382915 -0.49301257417605826,
            1.5087817563567135e-16 -1.6921578347988294e-17 -1.0,
            0.5023565637297314 4.666363197530252e-16 -0.8646605593397079,
            0.5023565637297314 4.666363197530252e-16 -0.8646605593397079,
            0.6783643670737758 3.817107020781592e-16 -0.7347256532098192,
            0.6783643670737758 3.817107020781592e-16 -0.7347256532098192,
            0.4654313043379049 -0.37749405889516363 -0.8005447747885006,
            0.4654313043379049 -0.37749405889516363 -0.8005447747885006,
            0.64164960450927 -0.3771550808004566 -0.6678621340213101,
            0.64164960450927 -0.3771550808004566 -0.6678621340213101,
            0.3587253981295834 -0.7014876802745562 -0.6158174430460653,
            0.3587253981295834 -0.7014876802745562 -0.6158174430460653,
            0.5130895101158179 -0.702409123103348 -0.4933159012137109,
            0.5130895101158179 -0.702409123103348 -0.4933159012137109,
            0.19558602593209215 -0.9217334426710951 -0.334893366792748,
            0.19558602593209215 -0.9217334426710951 -0.334893366792748,
            0.2865956493833607 -0.9224001272546443 -0.25892265060273506,
            0.2865956493833607 -0.9224001272546443 -0.25892265060273506,
            -1.3090815417152662e-4 -0.9999999860014056 -1.0421249332237446e-4,
            -1.3090815417152662e-4 -0.9999999860014056 -1.0421249332237446e-4,
            -9.104743742442407e-4 -0.9999988876155018 -0.001181441565622628,
            -9.104743742442407e-4 -0.9999988876155018 -0.001181441565622628,
            -0.1967961120580502 -0.9218050954010761 0.3339860122392079,
            -0.1967961120580502 -0.9218050954010761 0.3339860122392079,
            -0.2961884819588377 -0.9226958516351813 0.24678887440512162,
            -0.2961884819588377 -0.9226958516351813 0.24678887440512162,
            -0.3623032231177488 -0.7017722822037514 0.6133938689366147,
            -0.3623032231177488 -0.7017722822037514 0.6133938689366147,
            -0.5478223137092826 -0.7040864794255797 0.45183286964573655,
            -0.5478223137092826 -0.7040864794255797 0.45183286964573655,
            -0.47148397835639283 -0.3778215679347196 0.7968398339419149,
            -0.47148397835639283 -0.3778215679347196 0.7968398339419149,
            -0.7153651985978472 -0.3799344253539405 0.5864319782089257,
            -0.7153651985978472 -0.3799344253539405 0.5864319782089257,
            -0.5094646443425762 0.0 0.8604915898281007,
            -0.5094646443425762 0.0 0.8604915898281007,
            -0.7739603594646337 0.0 0.6332340499194392,
            -0.7739603594646337 0.0 0.6332340499194392,
            -0.47148397835639283 0.3778215679347196 0.7968398339419149,
            -0.47148397835639283 0.3778215679347196 0.7968398339419149,
            -0.7153651985978472 0.3799344253539405 0.5864319782089257,
            -0.7153651985978472 0.3799344253539405 0.5864319782089257,
            -0.3623032231177488 0.7017722822037514 0.6133938689366147,
            -0.3623032231177488 0.7017722822037514 0.6133938689366147,
            -0.5478223137092826 0.7040864794255791 0.4518328696457373,
            -0.5478223137092826 0.7040864794255791 0.4518328696457373,
            -0.19679611205804975 0.9218050954010764 0.3339860122392071,
            -0.19679611205804975 0.9218050954010764 0.3339860122392071,
            -0.2961884819588368 0.9226958516351814 0.24678887440512207,
            -0.2961884819588368 0.9226958516351814 0.24678887440512207,
            -1.3090815417160444e-4 0.9999999860014056 -1.0421249332221866e-4,
            -1.3090815417160444e-4 0.9999999860014056 -1.0421249332221866e-4,
            -9.104743742440279e-4 0.9999988876155017 -0.0011814415656224292,
            -9.104743742440279e-4 0.9999988876155017 -0.0011814415656224292,
            0.19558602593209184 0.9217334426710954 -0.33489336679274745,
            0.19558602593209184 0.9217334426710954 -0.33489336679274745,
            0.28659564938336013 0.9224001272546443 -0.2589226506027355,
            0.28659564938336013 0.9224001272546443 -0.2589226506027355,
            0.35872539812958365 0.7014876802745558 -0.6158174430460657,
            0.35872539812958365 0.7014876802745558 -0.6158174430460657,
            0.5130895101158175 0.7024091231033479 -0.49331590121371144,
            0.5130895101158175 0.7024091231033479 -0.49331590121371144,
            0.4654313043379048 0.37749405889516385 -0.8005447747885006,
            0.4654313043379048 0.37749405889516385 -0.8005447747885006,
            0.6416496045092713 0.3771550808004579 -0.6678621340213081,
            0.6416496045092713 0.3771550808004579 -0.6678621340213081,
            0.5023565637297314 4.666363197530252e-16 -0.8646605593397079,
            0.5023565637297314 4.666363197530252e-16 -0.8646605593397079,
            0.6201213960746221 0.0 -0.7845058662180047,
            0.6201213960746221 0.0 -0.7845058662180047,
            0.4654313043379049 -0.37749405889516363 -0.8005447747885006,
            0.4654313043379049 -0.37749405889516363 -0.8005447747885006,
            0.5791960704735575 -0.38084070704023126 -0.7207581201825524,
            0.5791960704735575 -0.38084070704023126 -0.7207581201825524,
            0.3587253981295834 -0.7014876802745562 -0.6158174430460653,
            0.3587253981295834 -0.7014876802745562 -0.6158174430460653,
            0.4626506035041218 -0.7037018687631923 -0.5392198985353405,
            0.4626506035041218 -0.7037018687631923 -0.5392198985353405,
            0.19558602593209215 -0.9217334426710951 -0.334893366792748,
            0.19558602593209215 -0.9217334426710951 -0.334893366792748,
            0.2882279860251207 -0.9194308000402822 -0.2675287498740828,
            0.2882279860251207 -0.9194308000402822 -0.2675287498740828,
            -1.3090815417152662e-4 -0.9999999860014056 -1.0421249332237446e-4,
            -1.3090815417152662e-4 -0.9999999860014056 -1.0421249332237446e-4,
            0.08248248040276855 -0.9951847266721973 0.052952811303943366,
            0.08248248040276855 -0.9951847266721973 0.052952811303943366,
            -0.1967961120580502 -0.9218050954010761 0.3339860122392079,
            -0.1967961120580502 -0.9218050954010761 0.3339860122392079,
            -0.1232630252195817 -0.9194308000402813 0.373434372481973,
            -0.1232630252195817 -0.9194308000402813 0.373434372481973,
            -0.3623032231177488 -0.7017722822037514 0.6133938689366147,
            -0.3623032231177488 -0.7017722822037514 0.6133938689366147,
            -0.29768564269857695 -0.7037018687631901 0.6451255211432341,
            -0.29768564269857695 -0.7037018687631901 0.6451255211432341,
            -0.47148397835639283 -0.3778215679347196 0.7968398339419149,
            -0.47148397835639283 -0.3778215679347196 0.7968398339419149,
            -0.41423110966800947 -0.38084070704023215 0.8266637427904442,
            -0.41423110966800947 -0.38084070704023215 0.8266637427904442,
            -0.5094646443425762 0.0 0.8604915898281007,
            -0.5094646443425762 0.0 0.8604915898281007,
            -0.45515643526907507 1.697649904235377e-16 0.8904114888258957,
            -0.45515643526907507 1.697649904235377e-16 0.8904114888258957,
            -0.47148397835639283 0.3778215679347196 0.7968398339419149,
            -0.47148397835639283 0.3778215679347196 0.7968398339419149,
            -0.4142311096680074 0.3808407070402322 0.8266637427904452,
            -0.4142311096680074 0.3808407070402322 0.8266637427904452,
            -0.3623032231177488 0.7017722822037514 0.6133938689366147,
            -0.3623032231177488 0.7017722822037514 0.6133938689366147,
            -0.2976856426985732 0.7037018687631901 0.6451255211432356,
            -0.2976856426985732 0.7037018687631901 0.6451255211432356,
            -0.19679611205804975 0.9218050954010764 0.3339860122392071,
            -0.19679611205804975 0.9218050954010764 0.3339860122392071,
            -0.1232630252195771 0.9194308000402812 0.37343437248197486,
            -0.1232630252195771 0.9194308000402812 0.37343437248197486,
            -1.3090815417160444e-4 0.9999999860014056 -1.0421249332221866e-4,
            -1.3090815417160444e-4 0.9999999860014056 -1.0421249332221866e-4,
            0.08248248040277302 0.9951847266721967 0.052952811303946336,
            0.08248248040277302 0.9951847266721967 0.052952811303946336,
            0.19558602593209184 0.9217334426710954 -0.33489336679274745,
            0.19558602593209184 0.9217334426710954 -0.33489336679274745,
            0.2882279860251229 0.9194308000402822 -0.26752874987408015,
            0.2882279860251229 0.9194308000402822 -0.26752874987408015,
            0.35872539812958365 0.7014876802745558 -0.6158174430460657,
            0.35872539812958365 0.7014876802745558 -0.6158174430460657,
            0.46265060350412235 0.7037018687631925 -0.5392198985353398,
            0.46265060350412235 0.7037018687631925 -0.5392198985353398,
            0.4654313043379048 0.37749405889516385 -0.8005447747885006,
            0.4654313043379048 0.37749405889516385 -0.8005447747885006,
            0.5791960704735575 0.38084070704023126 -0.7207581201825524,
            0.5791960704735575 0.38084070704023126 -0.7207581201825524,
            0.806629987136538 -3.098428161676414e-16 -0.5910567348843161,
            0.806629987136538 -3.098428161676414e-16 -0.5910567348843161,
            1.0 -3.8204108309714803e-16 0.0,
            1.0 -3.8204108309714803e-16 0.0,
            0.7894672545975451 -0.3564645784895283 -0.4996743521539782,
            0.7894672545975451 -0.3564645784895283 -0.4996743521539782,
            0.9238795325112871 -0.3826834323650889 0.0,
            0.9238795325112871 -0.3826834323650889 0.0,
            0.6564542554554995 -0.6902001556350075 -0.3044528792042822,
            0.6564542554554995 -0.6902001556350075 -0.3044528792042822,
            0.7071067811865475 -0.7071067811865475 0.0,
            0.7071067811865475 -0.7071067811865475 0.0,
            0.36945018239000316 -0.9200697437263556 -0.13030053496172514,
            0.36945018239000316 -0.9200697437263556 -0.13030053496172514,
            0.38268343236508917 -0.9238795325112871 0.0,
            0.38268343236508917 -0.9238795325112871 0.0,
            -5.539917862428478e-4 -0.9999916658031004 -0.004044924899330391,
            -5.539917862428478e-4 -0.9999916658031004 -0.004044924899330391,
            -5.518371200292139e-16 -1.0 0.0,
            -5.518371200292139e-16 -1.0 0.0,
            -0.376699558959334 -0.9221857248655949 0.0875838520159993,
            -0.376699558959334 -0.9221857248655949 0.0875838520159993,
            -0.38268343236509067 -0.9238795325112864 0.0,
            -0.38268343236509067 -0.9238795325112864 0.0,
            -0.6946478906864474 -0.7030835000848161 0.1521114718663712,
            -0.6946478906864474 -0.7030835000848161 0.1521114718663712,
            -0.7071067811865483 -0.7071067811865467 0.0,
            -0.7071067811865483 -0.7071067811865467 0.0,
            -0.9053868070475795 -0.37917139073577877 0.1910596400909532,
            -0.9053868070475795 -0.37917139073577877 0.1910596400909532,
            -0.9238795325112864 -0.38268343236509056 0.0,
            -0.9238795325112864 -0.38268343236509056 0.0,
            -0.9789448918181244 0.0 0.20412471379820912,
            -0.9789448918181244 0.0 0.20412471379820912,
            -1.0 0.0 0.0,
            -1.0 0.0 0.0,
            -0.9053868070475795 0.37917139073577877 0.1910596400909532,
            -0.9053868070475795 0.37917139073577877 0.1910596400909532,
            -0.9238795325112864 0.38268343236509056 0.0,
            -0.9238795325112864 0.38268343236509056 0.0,
            -0.6946478906864484 0.7030835000848152 0.1521114718663705,
            -0.6946478906864484 0.7030835000848152 0.1521114718663705,
            -0.7071067811865483 0.7071067811865467 0.0,
            -0.7071067811865483 0.7071067811865467 0.0,
            -0.37669955895933394 0.9221857248655951 0.08758385201599798,
            -0.37669955895933394 0.9221857248655951 0.08758385201599798,
            -0.3826834323650898 0.9238795325112866 0.0,
            -0.3826834323650898 0.9238795325112866 0.0,
            -5.539917862425219e-4 0.9999916658031003 -0.004044924899330803,
            -5.539917862425219e-4 0.9999916658031003 -0.004044924899330803,
            -5.659867897735526e-16 1.0 0.0,
            -5.659867897735526e-16 1.0 0.0,
            0.36945018239000255 0.9200697437263557 -0.13030053496172606,
            0.36945018239000255 0.9200697437263557 -0.13030053496172606,
            0.3826834323650893 0.923879532511287 0.0,
            0.3826834323650893 0.923879532511287 0.0,
            0.6564542554554977 0.690200155635008 -0.30445287920428504,
            0.6564542554554977 0.690200155635008 -0.30445287920428504,
            0.7071067811865465 0.7071067811865487 0.0,
            0.7071067811865465 0.7071067811865487 0.0,
            0.7894672545975434 0.3564645784895291 -0.4996743521539802,
            0.7894672545975434 0.3564645784895291 -0.4996743521539802,
            0.9238795325112863 0.38268343236509095 0.0,
            0.9238795325112863 0.38268343236509095 0.0,
            1.0 -3.8204108309714803e-16 0.0,
            1.0 -3.8204108309714803e-16 0.0,
            0.8700221846046782 3.239335769318796e-16 -0.49301257417605826,
            0.8700221846046782 3.239335769318796e-16 -0.49301257417605826,
            0.9238795325112871 -0.3826834323650889 0.0,
            0.9238795325112871 -0.3826834323650889 0.0,
            0.8037956891870192 -0.33294307583829025 -0.49301257417605837,
            0.8037956891870192 -0.33294307583829025 -0.49301257417605837,
            0.7071067811865475 -0.7071067811865475 0.0,
            0.7071067811865475 -0.7071067811865475 0.0,
            0.6151985865167019 -0.6151985865167022 -0.4930125741760586,
            0.6151985865167019 -0.6151985865167022 -0.4930125741760586,
            0.38268343236508917 -0.9238795325112871 0.0,
            0.38268343236508917 -0.9238795325112871 0.0,
            0.3329430758382898 -0.8037956891870192 -0.4930125741760587,
            0.3329430758382898 -0.8037956891870192 -0.4930125741760587,
            -5.518371200292139e-16 -1.0 0.0,
            -5.518371200292139e-16 -1.0 0.0,
            -8.027919080485711e-16 -0.8700221846046781 -0.4930125741760585,
            -8.027919080485711e-16 -0.8700221846046781 -0.4930125741760585,
            -0.38268343236509067 -0.9238795325112864 0.0,
            -0.38268343236509067 -0.9238795325112864 0.0,
            -0.3329430758382923 -0.8037956891870183 -0.49301257417605837,
            -0.3329430758382923 -0.8037956891870183 -0.49301257417605837,
            -0.7071067811865483 -0.7071067811865467 0.0,
            -0.7071067811865483 -0.7071067811865467 0.0,
            -0.6151985865167037 -0.6151985865167009 -0.4930125741760581,
            -0.6151985865167037 -0.6151985865167009 -0.4930125741760581,
            -0.9238795325112864 -0.38268343236509056 0.0,
            -0.9238795325112864 -0.38268343236509056 0.0,
            -0.8037956891870182 -0.3329430758382932 -0.4930125741760579,
            -0.8037956891870182 -0.3329430758382932 -0.4930125741760579,
            -1.0 0.0 0.0,
            -1.0 0.0 0.0,
            -0.8700221846046778 0.0 -0.49301257417605876,
            -0.8700221846046778 0.0 -0.49301257417605876,
            -0.9238795325112864 0.38268343236509056 0.0,
            -0.9238795325112864 0.38268343236509056 0.0,
            -0.8037956891870178 0.33294307583829363 -0.49301257417605815,
            -0.8037956891870178 0.33294307583829363 -0.49301257417605815,
            -0.7071067811865483 0.7071067811865467 0.0,
            -0.7071067811865483 0.7071067811865467 0.0,
            -0.615198586516704 0.6151985865167005 -0.4930125741760583,
            -0.615198586516704 0.6151985865167005 -0.4930125741760583,
            -0.3826834323650898 0.9238795325112866 0.0,
            -0.3826834323650898 0.9238795325112866 0.0,
            -0.3329430758382926 0.8037956891870178 -0.4930125741760588,
            -0.3329430758382926 0.8037956891870178 -0.4930125741760588,
            -5.659867897735526e-16 1.0 0.0,
            -5.659867897735526e-16 1.0 0.0,
            -6.47867153863759e-16 0.8700221846046783 -0.49301257417605815,
            -6.47867153863759e-16 0.8700221846046783 -0.49301257417605815,
            0.3826834323650893 0.923879532511287 0.0,
            0.3826834323650893 0.923879532511287 0.0,
            0.3329430758382898 0.8037956891870193 -0.4930125741760584,
            0.3329430758382898 0.8037956891870193 -0.4930125741760584,
            0.7071067811865465 0.7071067811865487 0.0,
            0.7071067811865465 0.7071067811865487 0.0,
            0.6151985865167019 0.6151985865167026 -0.49301257417605815,
            0.6151985865167019 0.6151985865167026 -0.49301257417605815,
            0.9238795325112863 0.38268343236509095 0.0,
            0.9238795325112863 0.38268343236509095 0.0,
            0.8037956891870186 0.3329430758382914 -0.49301257417605837,
            0.8037956891870186 0.3329430758382914 -0.49301257417605837,
            0.8700221846046782 3.239335769318796e-16 -0.49301257417605826,
            0.8700221846046782 3.239335769318796e-16 -0.49301257417605826,
            -8.382120868648417e-17 -1.6921578347988787e-17 -1.0,
            0.8037956891870192 -0.33294307583829025 -0.49301257417605837,
            0.8037956891870192 -0.33294307583829025 -0.49301257417605837,
            -8.382120868648417e-17 -1.6921578347988787e-17 -1.0,
            0.6151985865167019 -0.6151985865167022 -0.4930125741760586,
            0.6151985865167019 -0.6151985865167022 -0.4930125741760586,
            -8.382120868648417e-17 -1.6921578347988787e-17 -1.0,
            0.3329430758382898 -0.8037956891870192 -0.4930125741760587,
            0.3329430758382898 -0.8037956891870192 -0.4930125741760587,
            -8.382120868648417e-17 -1.6921578347988787e-17 -1.0,
            -8.027919080485711e-16 -0.8700221846046781 -0.4930125741760585,
            -8.027919080485711e-16 -0.8700221846046781 -0.4930125741760585,
            -8.382120868648417e-17 -1.6921578347988787e-17 -1.0,
            -0.3329430758382923 -0.8037956891870183 -0.49301257417605837,
            -0.3329430758382923 -0.8037956891870183 -0.49301257417605837,
            -8.382120868648417e-17 -1.6921578347988787e-17 -1.0,
            -0.6151985865167037 -0.6151985865167009 -0.4930125741760581,
            -0.6151985865167037 -0.6151985865167009 -0.4930125741760581,
            -8.382120868648417e-17 -1.6921578347988787e-17 -1.0,
            -0.8037956891870182 -0.3329430758382932 -0.4930125741760579,
            -0.8037956891870182 -0.3329430758382932 -0.4930125741760579,
            -8.382120868648417e-17 -1.6921578347988787e-17 -1.0,
            -0.8700221846046778 0.0 -0.49301257417605876,
            -0.8700221846046778 0.0 -0.49301257417605876,
            -8.382120868648417e-17 -1.6921578347988787e-17 -1.0,
            -0.8037956891870178 0.33294307583829363 -0.49301257417605815,
            -0.8037956891870178 0.33294307583829363 -0.49301257417605815,
            -8.382120868648417e-17 -1.6921578347988787e-17 -1.0,
            -0.615198586516704 0.6151985865167005 -0.4930125741760583,
            -0.615198586516704 0.6151985865167005 -0.4930125741760583,
            -8.382120868648417e-17 -1.6921578347988787e-17 -1.0,
            -0.3329430758382926 0.8037956891870178 -0.4930125741760588,
            -0.3329430758382926 0.8037956891870178 -0.4930125741760588,
            -8.382120868648417e-17 -1.6921578347988787e-17 -1.0,
            -6.47867153863759e-16 0.8700221846046783 -0.49301257417605815,
            -6.47867153863759e-16 0.8700221846046783 -0.49301257417605815,
            -8.382120868648417e-17 -1.6921578347988787e-17 -1.0,
            0.3329430758382898 0.8037956891870193 -0.4930125741760584,
            0.3329430758382898 0.8037956891870193 -0.4930125741760584,
            -8.382120868648417e-17 -1.6921578347988787e-17 -1.0,
            0.6151985865167019 0.6151985865167026 -0.49301257417605815,
            0.6151985865167019 0.6151985865167026 -0.49301257417605815,
            -8.382120868648417e-17 -1.6921578347988787e-17 -1.0,
            0.8037956891870186 0.3329430758382914 -0.49301257417605837,
            0.8037956891870186 0.3329430758382914 -0.49301257417605837,
            -8.382120868648417e-17 -1.6921578347988787e-17 -1.0 ]
        }
        normalIndex [
          291, 295, 359, 355, -1,
          293, 352, 490, 487, -1,
          290, 354, 414, 350, -1,
          292, 486, 482, 296, -1,
          294, 299, 363, 358, -1,
          297, 483, 543, 301, -1,
          298, 303, 367, 362, -1,
          300, 542, 539, 305, -1,
          302, 307, 371, 366, -1,
          304, 538, 535, 309, -1,
          306, 311, 375, 370, -1,
          308, 534, 531, 313, -1,
          310, 315, 379, 374, -1,
          312, 530, 527, 317, -1,
          314, 319, 383, 378, -1,
          316, 526, 523, 321, -1,
          318, 323, 387, 382, -1,
          320, 522, 519, 325, -1,
          322, 327, 391, 386, -1,
          324, 518, 515, 329, -1,
          326, 331, 395, 390, -1,
          328, 514, 511, 333, -1,
          330, 335, 399, 394, -1,
          332, 510, 507, 337, -1,
          334, 339, 403, 398, -1,
          336, 506, 503, 341, -1,
          338, 343, 407, 402, -1,
          340, 502, 499, 345, -1,
          342, 347, 411, 406, -1,
          344, 498, 495, 349, -1,
          346, 351, 415, 410, -1,
          348, 494, 491, 353, -1,
          356, 360, 422, 418, -1,
          357, 419, 479, 417, -1,
          361, 364, 426, 423, -1,
          365, 368, 430, 427, -1,
          369, 372, 434, 431, -1,
          373, 376, 438, 435, -1,
          377, 380, 442, 439, -1,
          381, 384, 446, 443, -1,
          385, 388, 450, 447, -1,
          389, 392, 454, 451, -1,
          393, 396, 458, 455, -1,
          397, 400, 462, 459, -1,
          401, 404, 466, 463, -1,
          405, 408, 470, 467, -1,
          409, 412, 474, 471, -1,
          413, 416, 478, 475, -1,
          420, 424, 549, 546, -1,
          421, 547, 592, 481, -1,
          425, 428, 552, 550, -1,
          429, 432, 555, 553, -1,
          433, 436, 558, 556, -1,
          437, 440, 561, 559, -1,
          441, 444, 564, 562, -1,
          445, 448, 567, 565, -1,
          449, 452, 570, 568, -1,
          453, 456, 573, 571, -1,
          457, 460, 576, 574, -1,
          461, 464, 579, 577, -1,
          465, 468, 582, 580, -1,
          469, 472, 585, 583, -1,
          473, 476, 588, 586, -1,
          477, 480, 591, 589, -1,
          484, 488, 597, 594, -1,
          485, 595, 640, 545, -1,
          489, 492, 600, 598, -1,
          493, 496, 603, 601, -1,
          497, 500, 606, 604, -1,
          501, 504, 609, 607, -1,
          505, 508, 612, 610, -1,
          509, 512, 615, 613, -1,
          513, 516, 618, 616, -1,
          517, 520, 621, 619, -1,
          521, 524, 624, 622, -1,
          525, 528, 627, 625, -1,
          529, 532, 630, 628, -1,
          533, 536, 633, 631, -1,
          537, 540, 636, 634, -1,
          541, 544, 639, 637, -1,
          548, 551, 554, 557, 560, 563, 566, 569, 572, 575, 578, 581, 584, 587, 590, 593, -1,
          596, 599, 602, 605, 608, 611, 614, 617, 620, 623, 626, 629, 632, 635, 638, 641, -1,
          643, 647, 711, 707, -1,
          645, 705, 128, 113, -1,
          642, 706, 766, 702, -1,
          644, 113, 114, 648, -1,
          646, 651, 715, 710, -1,
          649, 114, 115, 652, -1,
          650, 655, 719, 714, -1,
          653, 115, 116, 656, -1,
          654, 659, 723, 718, -1,
          657, 116, 117, 660, -1,
          658, 663, 727, 722, -1,
          661, 117, 118, 664, -1,
          662, 667, 731, 726, -1,
          665, 118, 119, 668, -1,
          666, 671, 735, 730, -1,
          669, 119, 120, 672, -1,
          670, 675, 739, 734, -1,
          673, 120, 121, 676, -1,
          674, 679, 743, 738, -1,
          677, 121, 122, 680, -1,
          678, 683, 747, 742, -1,
          681, 122, 123, 684, -1,
          682, 687, 751, 746, -1,
          685, 123, 124, 688, -1,
          686, 691, 755, 750, -1,
          689, 124, 125, 692, -1,
          690, 695, 759, 754, -1,
          693, 125, 126, 696, -1,
          694, 699, 763, 758, -1,
          697, 126, 127, 700, -1,
          698, 703, 767, 762, -1,
          701, 127, 128, 704, -1,
          0, 1, 112, -1,
          0, 15, 31, 16, -1,
          0, 16, 17, 1, -1,
          0, 112, 15, -1,
          1, 2, 112, -1,
          1, 17, 18, 2, -1,
          2, 3, 112, -1,
          2, 18, 19, 3, -1,
          3, 4, 112, -1,
          3, 19, 20, 4, -1,
          4, 5, 112, -1,
          4, 20, 21, 5, -1,
          5, 6, 112, -1,
          5, 21, 22, 6, -1,
          6, 7, 112, -1,
          6, 22, 23, 7, -1,
          7, 8, 112, -1,
          7, 23, 24, 8, -1,
          8, 9, 112, -1,
          8, 24, 25, 9, -1,
          9, 10, 112, -1,
          9, 25, 26, 10, -1,
          10, 11, 112, -1,
          10, 26, 27, 11, -1,
          11, 12, 112, -1,
          11, 27, 28, 12, -1,
          12, 13, 112, -1,
          12, 28, 29, 13, -1,
          13, 14, 112, -1,
          13, 29, 30, 14, -1,
          14, 15, 112, -1,
          14, 30, 31, 15, -1,
          16, 31, 47, 32, -1,
          16, 32, 33, 17, -1,
          17, 33, 34, 18, -1,
          18, 34, 35, 19, -1,
          19, 35, 36, 20, -1,
          20, 36, 37, 21, -1,
          21, 37, 38, 22, -1,
          22, 38, 39, 23, -1,
          23, 39, 40, 24, -1,
          24, 40, 41, 25, -1,
          25, 41, 42, 26, -1,
          26, 42, 43, 27, -1,
          27, 43, 44, 28, -1,
          28, 44, 45, 29, -1,
          29, 45, 46, 30, -1,
          30, 46, 47, 31, -1,
          32, 47, 63, 48, -1,
          32, 48, 49, 33, -1,
          33, 49, 50, 34, -1,
          34, 50, 51, 35, -1,
          35, 51, 52, 36, -1,
          36, 52, 53, 37, -1,
          37, 53, 54, 38, -1,
          38, 54, 55, 39, -1,
          39, 55, 56, 40, -1,
          40, 56, 57, 41, -1,
          41, 57, 58, 42, -1,
          42, 58, 59, 43, -1,
          43, 59, 60, 44, -1,
          44, 60, 61, 45, -1,
          45, 61, 62, 46, -1,
          46, 62, 63, 47, -1,
          48, 63, 79, 64, -1,
          48, 64, 65, 49, -1,
          49, 65, 66, 50, -1,
          50, 66, 67, 51, -1,
          51, 67, 68, 52, -1,
          52, 68, 69, 53, -1,
          53, 69, 70, 54, -1,
          54, 70, 71, 55, -1,
          55, 71, 72, 56, -1,
          56, 72, 73, 57, -1,
          57, 73, 74, 58, -1,
          58, 74, 75, 59, -1,
          59, 75, 76, 60, -1,
          60, 76, 77, 61, -1,
          61, 77, 78, 62, -1,
          62, 78, 79, 63, -1,
          64, 79, 95, 80, -1,
          64, 80, 81, 65, -1,
          65, 81, 82, 66, -1,
          66, 82, 83, 67, -1,
          67, 83, 84, 68, -1,
          68, 84, 85, 69, -1,
          69, 85, 86, 70, -1,
          70, 86, 87, 71, -1,
          71, 87, 88, 72, -1,
          72, 88, 89, 73, -1,
          73, 89, 90, 74, -1,
          74, 90, 91, 75, -1,
          75, 91, 92, 76, -1,
          76, 92, 93, 77, -1,
          77, 93, 94, 78, -1,
          78, 94, 95, 79, -1,
          80, 95, 111, 96, -1,
          80, 96, 97, 81, -1,
          81, 97, 98, 82, -1,
          82, 98, 99, 83, -1,
          83, 99, 100, 84, -1,
          84, 100, 101, 85, -1,
          85, 101, 102, 86, -1,
          86, 102, 103, 87, -1,
          87, 103, 104, 88, -1,
          88, 104, 105, 89, -1,
          89, 105, 106, 90, -1,
          90, 106, 107, 91, -1,
          91, 107, 108, 92, -1,
          92, 108, 109, 93, -1,
          93, 109, 110, 94, -1,
          94, 110, 111, 95, -1,
          96, 111, 769, 709, -1,
          96, 708, 712, 97, -1,
          97, 713, 716, 98, -1,
          98, 717, 720, 99, -1,
          99, 721, 724, 100, -1,
          100, 725, 728, 101, -1,
          101, 729, 732, 102, -1,
          102, 733, 736, 103, -1,
          103, 737, 740, 104, -1,
          104, 741, 744, 105, -1,
          105, 745, 748, 106, -1,
          106, 749, 752, 107, -1,
          107, 753, 756, 108, -1,
          108, 757, 760, 109, -1,
          109, 761, 764, 110, -1,
          110, 765, 768, 111, -1,
          113, 128, 144, 129, -1,
          113, 129, 130, 114, -1,
          114, 130, 131, 115, -1,
          115, 131, 132, 116, -1,
          116, 132, 133, 117, -1,
          117, 133, 134, 118, -1,
          118, 134, 135, 119, -1,
          119, 135, 136, 120, -1,
          120, 136, 137, 121, -1,
          121, 137, 138, 122, -1,
          122, 138, 139, 123, -1,
          123, 139, 140, 124, -1,
          124, 140, 141, 125, -1,
          125, 141, 142, 126, -1,
          126, 142, 143, 127, -1,
          127, 143, 144, 128, -1,
          129, 144, 831, 771, -1,
          129, 770, 774, 130, -1,
          130, 775, 778, 131, -1,
          131, 779, 782, 132, -1,
          132, 783, 786, 133, -1,
          133, 787, 790, 134, -1,
          134, 791, 794, 135, -1,
          135, 795, 798, 136, -1,
          136, 799, 802, 137, -1,
          137, 803, 806, 138, -1,
          138, 807, 810, 139, -1,
          139, 811, 814, 140, -1,
          140, 815, 818, 141, -1,
          141, 819, 822, 142, -1,
          142, 823, 826, 143, -1,
          143, 827, 830, 144, -1,
          773, 833, 895, 835, -1,
          772, 834, 838, 776, -1,
          777, 839, 842, 780, -1,
          781, 843, 846, 784, -1,
          785, 847, 850, 788, -1,
          789, 851, 854, 792, -1,
          793, 855, 858, 796, -1,
          797, 859, 862, 800, -1,
          801, 863, 866, 804, -1,
          805, 867, 870, 808, -1,
          809, 871, 874, 812, -1,
          813, 875, 878, 816, -1,
          817, 879, 882, 820, -1,
          821, 883, 886, 824, -1,
          825, 887, 890, 828, -1,
          829, 891, 894, 832, -1,
          837, 897, 944, 899, -1,
          836, 898, 901, 840, -1,
          841, 902, 904, 844, -1,
          845, 905, 907, 848, -1,
          849, 908, 910, 852, -1,
          853, 911, 913, 856, -1,
          857, 914, 916, 860, -1,
          861, 917, 919, 864, -1,
          865, 920, 922, 868, -1,
          869, 923, 925, 872, -1,
          873, 926, 928, 876, -1,
          877, 929, 931, 880, -1,
          881, 932, 934, 884, -1,
          885, 935, 937, 888, -1,
          889, 938, 940, 892, -1,
          893, 941, 943, 896, -1,
          900, 945, 942, 939, 936, 933, 930, 927, 924, 921, 918, 915, 912, 909, 906, 903, -1,
          948, 952, 259, 258, -1,
          946, 1006, 1070, 1010, -1,
          947, 1011, 1015, 951, -1,
          949, 258, 273, 1009, -1,
          953, 956, 260, 259, -1,
          950, 1014, 1019, 955, -1,
          957, 960, 261, 260, -1,
          954, 1018, 1023, 959, -1,
          961, 964, 262, 261, -1,
          958, 1022, 1027, 963, -1,
          965, 968, 263, 262, -1,
          962, 1026, 1031, 967, -1,
          969, 972, 264, 263, -1,
          966, 1030, 1035, 971, -1,
          973, 976, 265, 264, -1,
          970, 1034, 1039, 975, -1,
          977, 980, 266, 265, -1,
          974, 1038, 1043, 979, -1,
          981, 984, 267, 266, -1,
          978, 1042, 1047, 983, -1,
          985, 988, 268, 267, -1,
          982, 1046, 1051, 987, -1,
          989, 992, 269, 268, -1,
          986, 1050, 1055, 991, -1,
          993, 996, 270, 269, -1,
          990, 1054, 1059, 995, -1,
          997, 1000, 271, 270, -1,
          994, 1058, 1063, 999, -1,
          1001, 1004, 272, 271, -1,
          998, 1062, 1067, 1003, -1,
          1005, 1008, 273, 272, -1,
          1002, 1066, 1071, 1007, -1,
          145, 146, 162, 161, -1,
          145, 160, 257, -1,
          145, 161, 176, 160, -1,
          145, 257, 146, -1,
          146, 147, 163, 162, -1,
          146, 257, 147, -1,
          147, 148, 164, 163, -1,
          147, 257, 148, -1,
          148, 149, 165, 164, -1,
          148, 257, 149, -1,
          149, 150, 166, 165, -1,
          149, 257, 150, -1,
          150, 151, 167, 166, -1,
          150, 257, 151, -1,
          151, 152, 168, 167, -1,
          151, 257, 152, -1,
          152, 153, 169, 168, -1,
          152, 257, 153, -1,
          153, 154, 170, 169, -1,
          153, 257, 154, -1,
          154, 155, 171, 170, -1,
          154, 257, 155, -1,
          155, 156, 172, 171, -1,
          155, 257, 156, -1,
          156, 157, 173, 172, -1,
          156, 257, 157, -1,
          157, 158, 174, 173, -1,
          157, 257, 158, -1,
          158, 159, 175, 174, -1,
          158, 257, 159, -1,
          159, 160, 176, 175, -1,
          159, 257, 160, -1,
          161, 162, 178, 177, -1,
          161, 177, 192, 176, -1,
          162, 163, 179, 178, -1,
          163, 164, 180, 179, -1,
          164, 165, 181, 180, -1,
          165, 166, 182, 181, -1,
          166, 167, 183, 182, -1,
          167, 168, 184, 183, -1,
          168, 169, 185, 184, -1,
          169, 170, 186, 185, -1,
          170, 171, 187, 186, -1,
          171, 172, 188, 187, -1,
          172, 173, 189, 188, -1,
          173, 174, 190, 189, -1,
          174, 175, 191, 190, -1,
          175, 176, 192, 191, -1,
          177, 178, 194, 193, -1,
          177, 193, 208, 192, -1,
          178, 179, 195, 194, -1,
          179, 180, 196, 195, -1,
          180, 181, 197, 196, -1,
          181, 182, 198, 197, -1,
          182, 183, 199, 198, -1,
          183, 184, 200, 199, -1,
          184, 185, 201, 200, -1,
          185, 186, 202, 201, -1,
          186, 187, 203, 202, -1,
          187, 188, 204, 203, -1,
          188, 189, 205, 204, -1,
          189, 190, 206, 205, -1,
          190, 191, 207, 206, -1,
          191, 192, 208, 207, -1,
          193, 194, 210, 209, -1,
          193, 209, 224, 208, -1,
          194, 195, 211, 210, -1,
          195, 196, 212, 211, -1,
          196, 197, 213, 212, -1,
          197, 198, 214, 213, -1,
          198, 199, 215, 214, -1,
          199, 200, 216, 215, -1,
          200, 201, 217, 216, -1,
          201, 202, 218, 217, -1,
          202, 203, 219, 218, -1,
          203, 204, 220, 219, -1,
          204, 205, 221, 220, -1,
          205, 206, 222, 221, -1,
          206, 207, 223, 222, -1,
          207, 208, 224, 223, -1,
          209, 210, 226, 225, -1,
          209, 225, 240, 224, -1,
          210, 211, 227, 226, -1,
          211, 212, 228, 227, -1,
          212, 213, 229, 228, -1,
          213, 214, 230, 229, -1,
          214, 215, 231, 230, -1,
          215, 216, 232, 231, -1,
          216, 217, 233, 232, -1,
          217, 218, 234, 233, -1,
          218, 219, 235, 234, -1,
          219, 220, 236, 235, -1,
          220, 221, 237, 236, -1,
          221, 222, 238, 237, -1,
          222, 223, 239, 238, -1,
          223, 224, 240, 239, -1,
          225, 226, 242, 241, -1,
          225, 241, 256, 240, -1,
          226, 227, 243, 242, -1,
          227, 228, 244, 243, -1,
          228, 229, 245, 244, -1,
          229, 230, 246, 245, -1,
          230, 231, 247, 246, -1,
          231, 232, 248, 247, -1,
          232, 233, 249, 248, -1,
          233, 234, 250, 249, -1,
          234, 235, 251, 250, -1,
          235, 236, 252, 251, -1,
          236, 237, 253, 252, -1,
          237, 238, 254, 253, -1,
          238, 239, 255, 254, -1,
          239, 240, 256, 255, -1,
          241, 242, 1016, 1012, -1,
          241, 1013, 1073, 256, -1,
          242, 243, 1020, 1017, -1,
          243, 244, 1024, 1021, -1,
          244, 245, 1028, 1025, -1,
          245, 246, 1032, 1029, -1,
          246, 247, 1036, 1033, -1,
          247, 248, 1040, 1037, -1,
          248, 249, 1044, 1041, -1,
          249, 250, 1048, 1045, -1,
          250, 251, 1052, 1049, -1,
          251, 252, 1056, 1053, -1,
          252, 253, 1060, 1057, -1,
          253, 254, 1064, 1061, -1,
          254, 255, 1068, 1065, -1,
          255, 256, 1072, 1069, -1,
          258, 259, 275, 274, -1,
          258, 274, 289, 273, -1,
          259, 260, 276, 275, -1,
          260, 261, 277, 276, -1,
          261, 262, 278, 277, -1,
          262, 263, 279, 278, -1,
          263, 264, 280, 279, -1,
          264, 265, 281, 280, -1,
          265, 266, 282, 281, -1,
          266, 267, 283, 282, -1,
          267, 268, 284, 283, -1,
          268, 269, 285, 284, -1,
          269, 270, 286, 285, -1,
          270, 271, 287, 286, -1,
          271, 272, 288, 287, -1,
          272, 273, 289, 288, -1,
          274, 275, 1078, 1074, -1,
          274, 1075, 1135, 289, -1,
          275, 276, 1082, 1079, -1,
          276, 277, 1086, 1083, -1,
          277, 278, 1090, 1087, -1,
          278, 279, 1094, 1091, -1,
          279, 280, 1098, 1095, -1,
          280, 281, 1102, 1099, -1,
          281, 282, 1106, 1103, -1,
          282, 283, 1110, 1107, -1,
          283, 284, 1114, 1111, -1,
          284, 285, 1118, 1115, -1,
          285, 286, 1122, 1119, -1,
          286, 287, 1126, 1123, -1,
          287, 288, 1130, 1127, -1,
          288, 289, 1134, 1131, -1,
          1076, 1080, 1142, 1138, -1,
          1077, 1139, 1199, 1137, -1,
          1081, 1084, 1146, 1143, -1,
          1085, 1088, 1150, 1147, -1,
          1089, 1092, 1154, 1151, -1,
          1093, 1096, 1158, 1155, -1,
          1097, 1100, 1162, 1159, -1,
          1101, 1104, 1166, 1163, -1,
          1105, 1108, 1170, 1167, -1,
          1109, 1112, 1174, 1171, -1,
          1113, 1116, 1178, 1175, -1,
          1117, 1120, 1182, 1179, -1,
          1121, 1124, 1186, 1183, -1,
          1125, 1128, 1190, 1187, -1,
          1129, 1132, 1194, 1191, -1,
          1133, 1136, 1198, 1195, -1,
          1140, 1144, 1205, 1202, -1,
          1141, 1203, 1248, 1201, -1,
          1145, 1148, 1208, 1206, -1,
          1149, 1152, 1211, 1209, -1,
          1153, 1156, 1214, 1212, -1,
          1157, 1160, 1217, 1215, -1,
          1161, 1164, 1220, 1218, -1,
          1165, 1168, 1223, 1221, -1,
          1169, 1172, 1226, 1224, -1,
          1173, 1176, 1229, 1227, -1,
          1177, 1180, 1232, 1230, -1,
          1181, 1184, 1235, 1233, -1,
          1185, 1188, 1238, 1236, -1,
          1189, 1192, 1241, 1239, -1,
          1193, 1196, 1244, 1242, -1,
          1197, 1200, 1247, 1245, -1,
          1204, 1207, 1210, 1213, 1216, 1219, 1222, 1225, 1228, 1231, 1234, 1237, 1240, 1243, 1246, 1249, -1 ]
      }
    }

  ]
}

