#VRML V2.0 utf8
#Exported from Wings 3D 2.2.9
DEF Cylinder7_copy8 Transform {
  children [
    Shape {
      appearance Appearance {
        material DEF pins Material {
          diffuseColor 0.6 0.6 0.6
          emissiveColor 0.0 0.0 0.0
          specularColor 0.5999999905136262 0.5999999905136262 0.5999999905136262
          ambientIntensity 1.0
          transparency 0.0
          shininess 0.5
        }
      }
      geometry IndexedFaceSet {
        normalPerVertex TRUE
        coord Coordinate { point [
          2.2859998346499997 -1.22050044094 0.6,
          2.2738205598518055 -1.2817297901184144 0.6,
          2.2391369196398476 -1.3336375259298476 0.6,
          2.187229183828414 -1.3683211661418058 0.6,
          2.12599983465 -1.38050044094 0.6,
          2.0647704854715854 -1.3683211661418058 0.6,
          2.0128627496601523 -1.3336375259298476 0.6,
          1.978179109448194 -1.2817297901184144 0.6,
          1.9659998346500003 -1.22050044094 0.6,
          1.978179109448194 -1.1592710917615856 0.6,
          2.0128627496601523 -1.1073633559501523 0.6,
          2.0647704854715854 -1.072679715738194 0.6,
          2.12599983465 -1.0605004409399998 0.6,
          2.187229183828414 -1.072679715738194 0.6,
          2.2391369196398476 -1.1073633559501523 0.6,
          2.2738205598518055 -1.1592710917615854 0.6,
          2.2859998346499997 -1.22050044094 -1.0,
          2.2738205598518055 -1.2817297901184144 -1.0,
          2.2391369196398476 -1.3336375259298476 -1.0,
          2.187229183828414 -1.368321166141806 -1.0,
          2.12599983465 -1.3805004409400001 -1.0,
          2.0647704854715854 -1.368321166141806 -1.0,
          2.0128627496601523 -1.3336375259298476 -1.0,
          1.978179109448194 -1.2817297901184144 -1.0,
          1.9659998346500003 -1.22050044094 -1.0,
          1.978179109448194 -1.1592710917615856 -1.0,
          2.0128627496601523 -1.1073633559501523 -1.0,
          2.0647704854715854 -1.0726797157381942 -1.0,
          2.12599983465 -1.06050044094 -1.0,
          2.187229183828414 -1.0726797157381942 -1.0,
          2.2391369196398476 -1.1073633559501523 -1.0,
          2.2738205598518055 -1.1592710917615856 -1.0 ] }
        coordIndex [
          0, 1, 17, 16, -1,
          0, 15, 14, 13, 12, 11, 10, 9, 8, 7, 6, 5, 4, 3, 2, 1, -1,
          0, 16, 31, 15, -1,
          1, 2, 18, 17, -1,
          2, 3, 19, 18, -1,
          3, 4, 20, 19, -1,
          4, 5, 21, 20, -1,
          5, 6, 22, 21, -1,
          6, 7, 23, 22, -1,
          7, 8, 24, 23, -1,
          8, 9, 25, 24, -1,
          9, 10, 26, 25, -1,
          10, 11, 27, 26, -1,
          11, 12, 28, 27, -1,
          12, 13, 29, 28, -1,
          13, 14, 30, 29, -1,
          14, 15, 31, 30, -1,
          16, 17, 18, 19, 20, 21, 22, 23, 24, 25, 26, 27, 28, 29, 30, 31, -1 ]
        normal Normal { vector [
          0.0 0.0 1.0,
          1.0 -1.8394570667640468e-16 -6.916886743203448e-18,
          1.0 -1.8394570667640468e-16 -6.916886743203448e-18,
          0.0 0.0 1.0,
          0.9238795325112876 -0.3826834323650875 0.0,
          0.9238795325112876 -0.3826834323650875 0.0,
          0.0 0.0 1.0,
          0.7071067811865485 -0.7071067811865467 2.932759979118262e-17,
          0.7071067811865485 -0.7071067811865467 2.932759979118262e-17,
          0.0 0.0 1.0,
          0.382683432365089 -0.9238795325112871 9.877314269294554e-17,
          0.382683432365089 -0.9238795325112871 9.877314269294554e-17,
          0.0 0.0 1.0,
          6.933338174726022e-16 -1.0 1.3889108580352546e-16,
          6.933338174726022e-16 -1.0 1.3889108580352546e-16,
          0.0 0.0 1.0,
          -0.3826834323650902 -0.9238795325112866 9.877314269294528e-17,
          -0.3826834323650902 -0.9238795325112866 9.877314269294528e-17,
          0.0 0.0 1.0,
          -0.7071067811865477 -0.7071067811865474 2.9327599791182763e-17,
          -0.7071067811865477 -0.7071067811865474 2.9327599791182763e-17,
          0.0 0.0 1.0,
          -0.9238795325112878 -0.38268343236508706 0.0,
          -0.9238795325112878 -0.38268343236508706 0.0,
          0.0 0.0 1.0,
          -1.0 0.0 0.0,
          -1.0 0.0 0.0,
          0.0 0.0 1.0,
          -0.9238795325112878 0.38268343236508706 0.0,
          -0.9238795325112878 0.38268343236508706 0.0,
          0.0 0.0 1.0,
          -0.7071067811865477 0.7071067811865474 -2.9327599791182763e-17,
          -0.7071067811865477 0.7071067811865474 -2.9327599791182763e-17,
          0.0 0.0 1.0,
          -0.3826834323650902 0.9238795325112866 -9.877314269294528e-17,
          -0.3826834323650902 0.9238795325112866 -9.877314269294528e-17,
          0.0 0.0 1.0,
          6.933338174726022e-16 1.0 -1.3889108580352546e-16,
          6.933338174726022e-16 1.0 -1.3889108580352546e-16,
          0.0 0.0 1.0,
          0.382683432365089 0.9238795325112871 -9.877314269294554e-17,
          0.382683432365089 0.9238795325112871 -9.877314269294554e-17,
          0.0 0.0 1.0,
          0.7071067811865481 0.707106781186547 -4.92482336116087e-17,
          0.7071067811865481 0.707106781186547 -4.92482336116087e-17,
          0.0 0.0 1.0,
          0.9238795325112875 0.3826834323650878 -2.6837520563629495e-17,
          0.9238795325112875 0.3826834323650878 -2.6837520563629495e-17,
          0.0 0.0 -1.0,
          1.0 -1.8394570667640468e-16 -6.916886743203448e-18,
          1.0 -1.8394570667640468e-16 -6.916886743203448e-18,
          0.0 0.0 -1.0,
          0.9238795325112876 -0.3826834323650875 0.0,
          0.9238795325112876 -0.3826834323650875 0.0,
          0.0 0.0 -1.0,
          0.7071067811865485 -0.7071067811865467 2.932759979118262e-17,
          0.7071067811865485 -0.7071067811865467 2.932759979118262e-17,
          0.0 0.0 -1.0,
          0.382683432365089 -0.9238795325112871 9.877314269294554e-17,
          0.382683432365089 -0.9238795325112871 9.877314269294554e-17,
          0.0 0.0 -1.0,
          6.933338174726022e-16 -1.0 1.3889108580352546e-16,
          6.933338174726022e-16 -1.0 1.3889108580352546e-16,
          0.0 0.0 -1.0,
          -0.3826834323650902 -0.9238795325112866 9.877314269294528e-17,
          -0.3826834323650902 -0.9238795325112866 9.877314269294528e-17,
          0.0 0.0 -1.0,
          -0.7071067811865477 -0.7071067811865474 2.9327599791182763e-17,
          -0.7071067811865477 -0.7071067811865474 2.9327599791182763e-17,
          0.0 0.0 -1.0,
          -0.9238795325112878 -0.38268343236508706 0.0,
          -0.9238795325112878 -0.38268343236508706 0.0,
          0.0 0.0 -1.0,
          -1.0 0.0 0.0,
          -1.0 0.0 0.0,
          0.0 0.0 -1.0,
          -0.9238795325112878 0.38268343236508706 0.0,
          -0.9238795325112878 0.38268343236508706 0.0,
          0.0 0.0 -1.0,
          -0.7071067811865477 0.7071067811865474 -2.9327599791182763e-17,
          -0.7071067811865477 0.7071067811865474 -2.9327599791182763e-17,
          0.0 0.0 -1.0,
          -0.3826834323650902 0.9238795325112866 -9.877314269294528e-17,
          -0.3826834323650902 0.9238795325112866 -9.877314269294528e-17,
          0.0 0.0 -1.0,
          6.933338174726022e-16 1.0 -1.3889108580352546e-16,
          6.933338174726022e-16 1.0 -1.3889108580352546e-16,
          0.0 0.0 -1.0,
          0.382683432365089 0.9238795325112871 -9.877314269294554e-17,
          0.382683432365089 0.9238795325112871 -9.877314269294554e-17,
          0.0 0.0 -1.0,
          0.7071067811865481 0.707106781186547 -4.92482336116087e-17,
          0.7071067811865481 0.707106781186547 -4.92482336116087e-17,
          0.0 0.0 -1.0,
          0.9238795325112875 0.3826834323650878 -2.6837520563629495e-17,
          0.9238795325112875 0.3826834323650878 -2.6837520563629495e-17 ] }
        normalIndex [
          2, 5, 53, 50, -1,
          0, 45, 42, 39, 36, 33, 30, 27, 24, 21, 18, 15, 12, 9, 6, 3, -1,
          1, 49, 94, 46, -1,
          4, 8, 56, 52, -1,
          7, 11, 59, 55, -1,
          10, 14, 62, 58, -1,
          13, 17, 65, 61, -1,
          16, 20, 68, 64, -1,
          19, 23, 71, 67, -1,
          22, 26, 74, 70, -1,
          25, 29, 77, 73, -1,
          28, 32, 80, 76, -1,
          31, 35, 83, 79, -1,
          34, 38, 86, 82, -1,
          37, 41, 89, 85, -1,
          40, 44, 92, 88, -1,
          43, 47, 95, 91, -1,
          48, 51, 54, 57, 60, 63, 66, 69, 72, 75, 78, 81, 84, 87, 90, 93, -1 ]
      }
    }
  ]
}

DEF Cylinder7 Transform {
  children [
    Shape {
      appearance Appearance {
        material USE pins
      }
      geometry IndexedFaceSet {
        normalPerVertex TRUE
        coord Coordinate { point [
          -1.9659998346499998 1.22050044094 0.6,
          -1.978179109448194 1.1592710917615856 0.6,
          -2.0128627496601523 1.1073633559501523 0.6,
          -2.0647704854715854 1.0726797157381942 0.6,
          -2.12599983465 1.06050044094 0.6,
          -2.187229183828414 1.0726797157381942 0.6,
          -2.2391369196398476 1.1073633559501523 0.6,
          -2.2738205598518055 1.1592710917615856 0.6,
          -2.2859998346499997 1.22050044094 0.6,
          -2.2738205598518055 1.2817297901184144 0.6,
          -2.2391369196398476 1.3336375259298476 0.6,
          -2.187229183828414 1.368321166141806 0.6,
          -2.12599983465 1.3805004409400001 0.6,
          -2.0647704854715854 1.368321166141806 0.6,
          -2.0128627496601523 1.3336375259298476 0.6,
          -1.978179109448194 1.2817297901184146 0.6,
          -1.9659998346499998 1.22050044094 -1.0,
          -1.978179109448194 1.1592710917615856 -1.0,
          -2.0128627496601523 1.1073633559501523 -1.0,
          -2.0647704854715854 1.072679715738194 -1.0,
          -2.12599983465 1.0605004409399998 -1.0,
          -2.187229183828414 1.072679715738194 -1.0,
          -2.2391369196398476 1.1073633559501523 -1.0,
          -2.2738205598518055 1.1592710917615856 -1.0,
          -2.2859998346499997 1.22050044094 -1.0,
          -2.2738205598518055 1.2817297901184144 -1.0,
          -2.2391369196398476 1.3336375259298476 -1.0,
          -2.187229183828414 1.3683211661418058 -1.0,
          -2.12599983465 1.38050044094 -1.0,
          -2.0647704854715854 1.3683211661418058 -1.0,
          -2.0128627496601523 1.3336375259298476 -1.0,
          -1.978179109448194 1.2817297901184144 -1.0 ] }
        coordIndex [
          0, 1, 17, 16, -1,
          0, 15, 14, 13, 12, 11, 10, 9, 8, 7, 6, 5, 4, 3, 2, 1, -1,
          0, 16, 31, 15, -1,
          1, 2, 18, 17, -1,
          2, 3, 19, 18, -1,
          3, 4, 20, 19, -1,
          4, 5, 21, 20, -1,
          5, 6, 22, 21, -1,
          6, 7, 23, 22, -1,
          7, 8, 24, 23, -1,
          8, 9, 25, 24, -1,
          9, 10, 26, 25, -1,
          10, 11, 27, 26, -1,
          11, 12, 28, 27, -1,
          12, 13, 29, 28, -1,
          13, 14, 30, 29, -1,
          14, 15, 31, 30, -1,
          16, 17, 18, 19, 20, 21, 22, 23, 24, 25, 26, 27, 28, 29, 30, 31, -1 ]
        normal Normal { vector [
          0.0 -0.0 1.0,
          1.0 -1.8394570667640468e-16 -6.916886743203448e-18,
          1.0 -1.8394570667640468e-16 -6.916886743203448e-18,
          0.0 -0.0 1.0,
          0.9238795325112865 -0.3826834323650902 0.0,
          0.9238795325112865 -0.3826834323650902 0.0,
          0.0 -0.0 1.0,
          0.7071067811865477 -0.7071067811865474 2.9327599791182763e-17,
          0.7071067811865477 -0.7071067811865474 2.9327599791182763e-17,
          0.0 -0.0 1.0,
          0.3826834323650902 -0.9238795325112866 9.877314269294528e-17,
          0.3826834323650902 -0.9238795325112866 9.877314269294528e-17,
          0.0 -0.0 1.0,
          -6.933338174726022e-16 -1.0 1.3889108580352546e-16,
          -6.933338174726022e-16 -1.0 1.3889108580352546e-16,
          0.0 -0.0 1.0,
          -0.382683432365089 -0.9238795325112871 9.877314269294554e-17,
          -0.382683432365089 -0.9238795325112871 9.877314269294554e-17,
          0.0 -0.0 1.0,
          -0.7071067811865485 -0.7071067811865467 2.932759979118262e-17,
          -0.7071067811865485 -0.7071067811865467 2.932759979118262e-17,
          0.0 -0.0 1.0,
          -0.9238795325112876 -0.3826834323650875 0.0,
          -0.9238795325112876 -0.3826834323650875 0.0,
          0.0 -0.0 1.0,
          -1.0 0.0 0.0,
          -1.0 0.0 0.0,
          0.0 -0.0 1.0,
          -0.9238795325112876 0.3826834323650875 0.0,
          -0.9238795325112876 0.3826834323650875 0.0,
          0.0 -0.0 1.0,
          -0.7071067811865485 0.7071067811865467 -2.932759979118262e-17,
          -0.7071067811865485 0.7071067811865467 -2.932759979118262e-17,
          0.0 -0.0 1.0,
          -0.382683432365089 0.9238795325112871 -9.877314269294554e-17,
          -0.382683432365089 0.9238795325112871 -9.877314269294554e-17,
          0.0 -0.0 1.0,
          -6.933338174726022e-16 1.0 -1.3889108580352546e-16,
          -6.933338174726022e-16 1.0 -1.3889108580352546e-16,
          0.0 -0.0 1.0,
          0.3826834323650902 0.9238795325112866 -9.877314269294528e-17,
          0.3826834323650902 0.9238795325112866 -9.877314269294528e-17,
          0.0 -0.0 1.0,
          0.7071067811865474 0.7071067811865477 -4.8694882672152454e-17,
          0.7071067811865474 0.7071067811865477 -4.8694882672152454e-17,
          0.0 -0.0 1.0,
          0.9238795325112865 0.3826834323650906 -2.628416962417316e-17,
          0.9238795325112865 0.3826834323650906 -2.628416962417316e-17,
          0.0 -0.0 -1.0,
          1.0 -1.8394570667640468e-16 -6.916886743203448e-18,
          1.0 -1.8394570667640468e-16 -6.916886743203448e-18,
          0.0 -0.0 -1.0,
          0.9238795325112865 -0.3826834323650902 0.0,
          0.9238795325112865 -0.3826834323650902 0.0,
          0.0 -0.0 -1.0,
          0.7071067811865477 -0.7071067811865474 2.9327599791182763e-17,
          0.7071067811865477 -0.7071067811865474 2.9327599791182763e-17,
          0.0 -0.0 -1.0,
          0.3826834323650902 -0.9238795325112866 9.877314269294528e-17,
          0.3826834323650902 -0.9238795325112866 9.877314269294528e-17,
          0.0 -0.0 -1.0,
          -6.933338174726022e-16 -1.0 1.3889108580352546e-16,
          -6.933338174726022e-16 -1.0 1.3889108580352546e-16,
          0.0 -0.0 -1.0,
          -0.382683432365089 -0.9238795325112871 9.877314269294554e-17,
          -0.382683432365089 -0.9238795325112871 9.877314269294554e-17,
          0.0 -0.0 -1.0,
          -0.7071067811865485 -0.7071067811865467 2.932759979118262e-17,
          -0.7071067811865485 -0.7071067811865467 2.932759979118262e-17,
          0.0 -0.0 -1.0,
          -0.9238795325112876 -0.3826834323650875 0.0,
          -0.9238795325112876 -0.3826834323650875 0.0,
          0.0 -0.0 -1.0,
          -1.0 0.0 0.0,
          -1.0 0.0 0.0,
          0.0 -0.0 -1.0,
          -0.9238795325112876 0.3826834323650875 0.0,
          -0.9238795325112876 0.3826834323650875 0.0,
          0.0 -0.0 -1.0,
          -0.7071067811865485 0.7071067811865467 -2.932759979118262e-17,
          -0.7071067811865485 0.7071067811865467 -2.932759979118262e-17,
          0.0 -0.0 -1.0,
          -0.382683432365089 0.9238795325112871 -9.877314269294554e-17,
          -0.382683432365089 0.9238795325112871 -9.877314269294554e-17,
          0.0 -0.0 -1.0,
          -6.933338174726022e-16 1.0 -1.3889108580352546e-16,
          -6.933338174726022e-16 1.0 -1.3889108580352546e-16,
          0.0 -0.0 -1.0,
          0.3826834323650902 0.9238795325112866 -9.877314269294528e-17,
          0.3826834323650902 0.9238795325112866 -9.877314269294528e-17,
          0.0 -0.0 -1.0,
          0.7071067811865474 0.7071067811865477 -4.8694882672152454e-17,
          0.7071067811865474 0.7071067811865477 -4.8694882672152454e-17,
          0.0 -0.0 -1.0,
          0.9238795325112865 0.3826834323650906 -2.628416962417316e-17,
          0.9238795325112865 0.3826834323650906 -2.628416962417316e-17 ] }
        normalIndex [
          2, 5, 53, 50, -1,
          0, 45, 42, 39, 36, 33, 30, 27, 24, 21, 18, 15, 12, 9, 6, 3, -1,
          1, 49, 94, 46, -1,
          4, 8, 56, 52, -1,
          7, 11, 59, 55, -1,
          10, 14, 62, 58, -1,
          13, 17, 65, 61, -1,
          16, 20, 68, 64, -1,
          19, 23, 71, 67, -1,
          22, 26, 74, 70, -1,
          25, 29, 77, 73, -1,
          28, 32, 80, 76, -1,
          31, 35, 83, 79, -1,
          34, 38, 86, 82, -1,
          37, 41, 89, 85, -1,
          40, 44, 92, 88, -1,
          43, 47, 95, 91, -1,
          48, 51, 54, 57, 60, 63, 66, 69, 72, 75, 78, 81, 84, 87, 90, 93, -1 ]
      }
    }
  ]
}

DEF Cylinder1 Transform {
  children [
    Shape {
      appearance Appearance {
        material DEF body Material {
          diffuseColor 0.1 0.1 1.0
          emissiveColor 0.0 0.0 0.0
          specularColor 0.1 0.1 1.0
          ambientIntensity 1.0
          transparency 0.0
          shininess 0.5
        }
      }
      geometry IndexedFaceSet {
        normalPerVertex TRUE
        coord Coordinate { point [
          2.1312499999978693 1.0205 2.8,
          1.9690182536627112 1.0205 3.6155940652272816,
          1.5070213274023225 1.0205 4.307021327402323,
          0.8155940652272823 1.0205 4.769018253662711,
          1.6432853231545853e-16 1.0205 4.9312499999978705,
          -0.8155940652272821 1.0205 4.769018253662711,
          -1.5070213274023223 1.0205 4.307021327402323,
          -1.9690182536627112 1.0205 3.6155940652272816,
          -2.131249999997869 1.0205 2.8000000000000007,
          -1.9690182536627112 1.0205 1.984405934772718,
          -1.507021327402323 1.0205 1.2929786725976775,
          -0.8155940652272833 1.0205 0.8309817463372895,
          -3.5767716582057883e-16 1.0205 0.6687500000021305,
          0.8155940652272826 1.0205 0.8309817463372886,
          1.5070213274023223 1.0205 1.2929786725976768,
          1.9690182536627108 1.0205 1.9844059347727163,
          2.1312499999978693 -1.0205 2.8,
          1.9690182536627112 -1.0205 3.6155940652272816,
          1.5070213274023225 -1.0205 4.307021327402323,
          0.8155940652272823 -1.0205 4.769018253662711,
          1.6432853231545853e-16 -1.0205 4.9312499999978705,
          -0.8155940652272821 -1.0205 4.769018253662711,
          -1.5070213274023223 -1.0205 4.307021327402323,
          -1.9690182536627112 -1.0205 3.6155940652272816,
          -2.131249999997869 -1.0205 2.8000000000000007,
          -1.9690182536627112 -1.0205 1.984405934772718,
          -1.507021327402323 -1.0205 1.2929786725976775,
          -0.8155940652272833 -1.0205 0.8309817463372895,
          -3.5767716582057883e-16 -1.0205 0.6687500000021305,
          0.8155940652272826 -1.0205 0.8309817463372886,
          1.5070213274023223 -1.0205 1.2929786725976768,
          1.9690182536627108 -1.0205 1.9844059347727163,
          2.0161624999979844 -1.1205 2.8,
          1.8626912679649246 -1.1205 3.571551985705008,
          1.4256421757225972 -1.1205 4.225642175722598,
          0.771551985705009 -1.1205 4.6626912679649255,
          1.5006847517751759e-16 -1.1205 4.816162499997984,
          -0.7715519857050088 -1.1205 4.6626912679649255,
          -1.4256421757225968 -1.1205 4.225642175722598,
          -1.8626912679649246 -1.1205 3.571551985705008,
          -2.016162499997984 -1.1205 2.8000000000000007,
          -1.8626912679649246 -1.1205 2.028448014294992,
          -1.4256421757225974 -1.1205 1.3743578242774028,
          -0.7715519857050098 -1.1205 0.9373087320350755,
          -3.437489152591737e-16 -1.1205 0.7838375000020159,
          0.7715519857050093 -1.1205 0.9373087320350755,
          1.425642175722597 -1.1205 1.3743578242774022,
          1.8626912679649241 -1.1205 2.028448014294989,
          1.8626912679649246 1.1205 3.571551985705008,
          2.0161624999979844 1.1205 2.8,
          1.8626912679649241 1.1205 2.028448014294989,
          1.425642175722597 1.1205 1.3743578242774022,
          0.7715519857050093 1.1205 0.9373087320350755,
          -3.45809766748632e-16 1.1205 0.7838375000020159,
          -0.7715519857050098 1.1205 0.9373087320350755,
          -1.4256421757225974 1.1205 1.3743578242774028,
          -1.8626912679649246 1.1205 2.028448014294992,
          -2.016162499997984 1.1205 2.8000000000000007,
          -1.8626912679649246 1.1205 3.571551985705008,
          -1.4256421757225968 1.1205 4.225642175722598,
          -0.7715519857050088 1.1205 4.6626912679649255,
          1.4800762368805923e-16 1.1205 4.816162499997984,
          0.771551985705009 1.1205 4.6626912679649255,
          1.4256421757225972 1.1205 4.225642175722598,
          1.4113137499985888 -1.2205 2.8,
          1.3038838875754473 -1.2205 3.340086389993506,
          0.9979495230058179 -1.2205 3.7979495230058173,
          0.5400863899935063 -1.2205 4.103883887575447,
          8.657312760510839e-17 -1.2205 4.211313749998588,
          -0.540086389993506 -1.2205 4.103883887575447,
          -0.9979495230058179 -1.2205 3.7979495230058182,
          -1.3038838875754473 -1.2205 3.340086389993506,
          -1.4113137499985886 -1.2205 2.8000000000000007,
          -1.3038838875754473 -1.2205 2.259913610006494,
          -0.9979495230058182 -1.2205 1.8020504769941819,
          -0.5400863899935069 -1.2205 1.4961161124245528,
          -2.590990457005755e-16 -1.2205 1.3886862500014117,
          0.5400863899935066 -1.2205 1.4961161124245528,
          0.9979495230058176 -1.2205 1.8020504769941819,
          1.3038838875754468 -1.2205 2.259913610006493,
          1.3038838875754475 1.2205 3.340086389993506,
          1.4113137499985888 1.2205 2.8,
          1.303883887575447 1.2205 2.259913610006493,
          0.9979495230058179 1.2205 1.8020504769941819,
          0.5400863899935063 1.2205 1.4961161124245528,
          -2.948891665675028e-16 1.2205 1.3886862500014117,
          -0.540086389993507 1.2205 1.4961161124245528,
          -0.9979495230058181 1.2205 1.8020504769941819,
          -1.303883887575447 1.2205 2.259913610006494,
          -1.411313749998589 1.2205 2.8000000000000007,
          -1.303883887575447 1.2205 3.340086389993506,
          -0.9979495230058177 1.2205 3.7979495230058182,
          -0.5400863899935062 1.2205 4.103883887575447,
          5.0783006738181034e-17 1.2205 4.211313749998588,
          0.5400863899935062 1.2205 4.103883887575447,
          0.997949523005818 1.2205 3.7979495230058173,
          1.7672749774163523 -1.2205 0.6084607803140368,
          1.7834225670408603 -1.3353050297095268 0.6246083699385446,
          1.8294070117723167 -1.4326320343559642 0.670592814670001,
          1.8982275967503872 -1.497663859753386 0.7394133996480715,
          1.9794070117723166 -1.5204999999999997 0.8205928146700011,
          2.060586426794246 -1.497663859753386 0.9017722296919307,
          2.1294070117723165 -1.4326320343559642 0.9705928146700012,
          2.175391456503773 -1.3353050297095268 1.0165772594014575,
          2.191539046128281 -1.2205 1.032724849025965,
          2.175391456503773 -1.105694970290473 1.0165772594014575,
          2.1294070117723165 -1.0083679656440359 0.9705928146700012,
          2.0605864267942464 -0.943336140246614 0.9017722296919307,
          1.9794070117723166 -0.9205000000000001 0.8205928146700011,
          1.8982275967503872 -0.943336140246614 0.7394133996480715,
          1.8294070117723167 -1.0083679656440356 0.6705928146700012,
          1.7834225670408603 -1.1056949702904728 0.6246083699385446,
          -0.31505388373065335 -1.2205 3.032283396388088,
          -0.31190364527102377 -1.2428973502151028 3.0354336348477178,
          -0.3029325251406312 -1.2618849068924414 3.0444047549781104,
          -0.28950629505592107 -1.2745719866505212 3.0578309850628207,
          -0.2736689768382119 -1.2790270966048385 3.07366830328053,
          -0.2578316586205027 -1.2745719866505212 3.0895056214982395,
          -0.2444054285357926 -1.2618849068924414 3.102931851582949,
          -0.23543430840540003 -1.2428973502151028 3.1119029717133415,
          -0.23228406994577044 -1.2205 3.115053210172971,
          -0.23543430840540003 -1.1981026497848974 3.1119029717133415,
          -0.2444054285357926 -1.1791150931075587 3.102931851582949,
          -0.2578316586205027 -1.166428013349479 3.0895056214982395,
          -0.2736689768382119 -1.1619729033951616 3.07366830328053,
          -0.28950629505592107 -1.166428013349479 3.0578309850628207,
          -0.3029325251406312 -1.1791150931075587 3.0444047549781104,
          -0.31190364527102377 -1.1981026497848972 3.0354336348477178,
          -0.34277685979327566 -1.2205 2.980417356191735,
          -0.336597444771346 -1.264433982822018 2.986596771213664,
          -0.3189999596261095 -1.3016794150219293 3.0041942563589004,
          -0.29266346194932824 -1.3265660171779823 3.0305307540356816,
          -0.26159744477134605 -1.3353050297095268 3.0615967712136642,
          -0.23053142759336387 -1.3265660171779823 3.092662788391646,
          -0.2041949299165826 -1.3016794150219293 3.1189992860684272,
          -0.1865974447713461 -1.264433982822018 3.1365967712136644,
          -0.18041802974941645 -1.2205 3.1427761862355936,
          -0.1865974447713461 -1.1765660171779824 3.1365967712136644,
          -0.2041949299165826 -1.1393205849780705 3.1189992860684272,
          -0.23053142759336387 -1.114433982822018 3.092662788391646,
          -0.26159744477134605 -1.1056949702904733 3.0615967712136642,
          -0.29266346194932824 -1.114433982822018 3.0305307540356816,
          -0.3189999596261095 -1.1393205849780705 3.0041942563589004,
          -0.336597444771346 -1.1765660171779821 2.986596771213664,
          -0.35984858416085874 -1.2205 2.9241394230870466,
          -0.35087746403046594 -1.2842822571075443 2.933110543217439,
          -0.32532987535573366 -1.338354243758065 2.9586581318921716,
          -0.2870952069229218 -1.3744839901478008 2.996892800324983,
          -0.24199434040279333 -1.3871710699058806 3.0419936668451113,
          -0.19689347388266487 -1.3744839901478008 3.0870945333652395,
          -0.158658805449853 -1.338354243758065 3.125329201798052,
          -0.13311121677512072 -1.2842822571075443 3.1508767904727844,
          -0.12414009664472792 -1.2205 3.159847910603177,
          -0.13311121677512072 -1.156717742892456 3.1508767904727844,
          -0.158658805449853 -1.1026457562419347 3.125329201798052,
          -0.19689347388266487 -1.066516009852199 3.0870945333652395,
          -0.24199434040279333 -1.0538289300941195 3.0419936668451113,
          -0.2870952069229218 -1.066516009852199 2.996892800324983,
          -0.32532987535573366 -1.1026457562419347 2.9586581318921716,
          -0.35087746403046594 -1.1567177428924558 2.933110543217439,
          -0.3656130000398894 -1.2205 2.865612326482208,
          -0.3541949299165825 -1.3016794150219293 2.877030396605515,
          -0.3216790172178716 -1.3704999999999998 2.9095463093042264,
          -0.2730155148946529 -1.4164844447314566 2.9582098116274445,
          -0.21561300003988948 -1.4326320343559642 3.0156123264822075,
          -0.15821048518512604 -1.4164844447314566 3.0730148413369713,
          -0.10954698286190734 -1.3704999999999998 3.1216783436601894,
          -0.07703107016319644 -1.3016794150219297 3.1541942563589007,
          -0.06561300003988957 -1.2205 3.165612326482208,
          -0.07703107016319644 -1.1393205849780705 3.1541942563589007,
          -0.10954698286190734 -1.0705000000000002 3.1216783436601894,
          -0.15821048518512604 -1.0245155552685437 3.0730148413369713,
          -0.21561300003988948 -1.0083679656440359 3.0156123264822075,
          -0.2730155148946529 -1.0245155552685437 2.9582098116274445,
          -0.3216790172178716 -1.0705000000000002 2.9095463093042264,
          -0.3541949299165825 -1.1393205849780705 2.877030396605515,
          -0.3598485841608585 -1.2205 2.8070852298773694,
          -0.3464223540761484 -1.3159568935429626 2.8205114599620797,
          -0.30818768564333654 -1.3968813403629037 2.858746128394892,
          -0.2509654605331859 -1.450953327013425 2.9159683535050425,
          -0.18346724379795476 -1.4699408836907635 2.9834665702402727,
          -0.1159690270627236 -1.450953327013425 3.050964786975504,
          -0.05874680195257298 -1.3968813403629037 3.1081870120856543,
          -0.02051213351976111 -1.3159568935429626 3.1464216805184666,
          -0.007085903435051 -1.2205 3.159847910603177,
          -0.02051213351976111 -1.1250431064570376 3.1464216805184666,
          -0.05874680195257298 -1.0441186596370964 3.1081870120856543,
          -0.11596902706272338 -0.9900466729865753 3.050964786975504,
          -0.18346724379795476 -0.9710591163092366 2.9834665702402727,
          -0.2509654605331859 -0.9900466729865753 2.9159683535050425,
          -0.30818768564333654 -1.0441186596370964 2.858746128394892,
          -0.3464223540761484 -1.1250431064570374 2.8205114599620797,
          -0.34277685979327543 -1.2205 2.750807296772681,
          -0.32785843223980105 -1.3265660171779823 2.7657257243261553,
          -0.285374344938512 -1.4164844447314566 2.808209811627445,
          -0.2217924150618189 -1.4765660171779822 2.871791741504138,
          -0.14679241506181895 -1.497663859753386 2.9467917415041383,
          -0.07179241506181899 -1.4765660171779822 3.0217917415041375,
          -0.008210485185125904 -1.4164844447314566 3.0853736713808306,
          0.03427360211616315 -1.3265660171779823 3.1278577586821195,
          0.04919202966963754 -1.2205 3.1427761862355936,
          0.03427360211616315 -1.114433982822018 3.1278577586821195,
          -0.008210485185125904 -1.0245155552685437 3.0853736713808306,
          -0.07179241506181877 -0.9644339828220181 3.0217917415041375,
          -0.14679241506181895 -0.943336140246614 2.9467917415041383,
          -0.2217924150618189 -0.9644339828220181 2.871791741504138,
          -0.285374344938512 -1.0245155552685437 2.808209811627445,
          -0.32785843223980105 -1.1144339828220178 2.7657257243261553,
          -0.31505388373065313 -1.2205 2.698941256576327,
          -0.29921656551294395 -1.3330990832553598 2.7147785747940363,
          -0.2541156989928155 -1.428555976798322 2.7598794413141645,
          -0.18661748225758434 -1.4923382339058664 2.8273776580493966,
          -0.10699790693233102 -1.5147355841209693 2.90699723337465,
          -0.0273783316070777 -1.4923382339058664 2.9866168086999023,
          0.040119885128153454 -1.428555976798322 3.0541150254351335,
          0.08522075164828191 -1.3330990832553598 3.0992158919552617,
          0.10105806986599108 -1.2205 3.115053210172971,
          0.08522075164828191 -1.1079009167446405 3.0992158919552617,
          0.040119885128153676 -1.012444023201678 3.0541150254351335,
          -0.027378331607077477 -0.9486617660941339 2.9866168086999023,
          -0.10699790693233102 -0.926264415879031 2.90699723337465,
          -0.18661748225758457 -0.9486617660941339 2.8273776580493957,
          -0.2541156989928155 -1.012444023201678 2.7598794413141645,
          -0.29921656551294395 -1.1079009167446403 2.7147785747940363,
          -0.27774503439585385 -1.2205 2.6534802921262433,
          -0.26159744477134605 -1.3353050297095268 2.6696278817507517,
          -0.21561300003988948 -1.4326320343559642 2.7156123264822076,
          -0.14679241506181917 -1.497663859753386 2.7844329114602786,
          -0.06561300003988957 -1.5204999999999997 2.865612326482208,
          0.015566414982040033 -1.497663859753386 2.9467917415041383,
          0.08438699996011034 -1.4326320343559642 3.0156123264822075,
          0.13037144469156692 -1.3353050297095268 3.0615967712136642,
          0.14651903431607471 -1.2205 3.077744360838172,
          0.13037144469156692 -1.1056949702904733 3.0615967712136642,
          0.08438699996011056 -1.0083679656440359 3.0156123264822075,
          0.015566414982040033 -0.943336140246614 2.9467917415041383,
          -0.06561300003988957 -0.9205000000000001 2.865612326482208,
          -0.14679241506181917 -0.943336140246614 2.7844329114602786,
          -0.21561300003988948 -1.0083679656440359 2.7156123264822076,
          -0.26159744477134605 -1.105694970290473 2.6696278817507517,
          -0.2777450343958541 -1.2205 3.077744360838172,
          1.7903100687556401 -1.2205 0.5998821365513464,
          1.810086746333592 -1.3353050297095268 0.6113002066746532,
          1.866405959182233 -1.4326320343559642 0.6438161193733641,
          1.9506936176802943 -1.497663859753386 0.6924796216965831,
          2.0501176898909717 -1.5204999999999997 0.7498821365513463,
          2.149541762101649 -1.497663859753386 0.8072846514061097,
          2.23382942059971 -1.4326320343559642 0.8559481537293286,
          2.2901486334483514 -1.3353050297095268 0.8884640664280395,
          2.3099253110263036 -1.2205 0.8998821365513462,
          2.2901486334483514 -1.105694970290473 0.8884640664280395,
          2.23382942059971 -1.0083679656440359 0.8559481537293286,
          2.1495417621016495 -0.943336140246614 0.8072846514061099,
          2.0501176898909717 -0.9205000000000001 0.7498821365513463,
          1.9506936176802943 -0.943336140246614 0.6924796216965828,
          1.8664059591822335 -1.0083679656440356 0.6438161193733644,
          1.810086746333592 -1.1056949702904728 0.6113002066746535,
          1.810339942004251 -1.2205 0.5856338826421463,
          1.8323979596412148 -1.3353050297095268 0.591544310654602,
          1.8952138793233058 -1.4326320343559642 0.6083757856052366,
          1.9892245467066556 -1.497663859753386 0.6335658680105162,
          2.1001176898909715 -1.5204999999999997 0.6632795961729024,
          2.2110108330752873 -1.497663859753386 0.6929933243352887,
          2.3050215004586376 -1.4326320343559642 0.7181834067405682,
          2.367837420140728 -1.3353050297095268 0.7350148816912029,
          2.389895437777692 -1.2205 0.7409253097036587,
          2.367837420140728 -1.105694970290473 0.7350148816912029,
          2.3050215004586376 -1.0083679656440359 0.7181834067405682,
          2.211010833075288 -0.943336140246614 0.6929933243352887,
          2.1001176898909715 -0.9205000000000001 0.6632795961729024,
          1.9892245467066556 -0.943336140246614 0.633565868010516,
          1.8952138793233058 -1.0083679656440356 0.6083757856052366,
          1.8323979596412148 -1.1056949702904728 0.5915443106546022,
          1.8259995944012237 -1.2205 0.5666870135439956,
          1.8488357346478375 -1.3353050297095268 0.5666870135439954,
          1.9138675600452593 -1.4326320343559642 0.5666870135439954,
          2.0111945646916967 -1.497663859753386 0.5666870135439954,
          2.1259995944012235 -1.5204999999999997 0.5666870135439954,
          2.2408046241107504 -1.497663859753386 0.5666870135439954,
          2.338131628757188 -1.4326320343559642 0.5666870135439954,
          2.4031634541546096 -1.3353050297095268 0.5666870135439956,
          2.425999594401224 -1.2205 0.5666870135439954,
          2.4031634541546096 -1.105694970290473 0.5666870135439956,
          2.338131628757188 -1.0083679656440359 0.5666870135439954,
          2.240804624110751 -0.943336140246614 0.5666870135439954,
          2.1259995944012235 -0.9205000000000001 0.5666870135439954,
          2.0111945646916967 -0.943336140246614 0.5666870135439954,
          1.9138675600452597 -1.0083679656440356 0.5666870135439954,
          1.8488357346478375 -1.1056949702904728 0.5666870135439956,
          1.8259995944012237 -1.2205 0.40000001354399567,
          1.8488357346478375 -1.3353050297095268 0.40000001354399556,
          1.9138675600452593 -1.4326320343559642 0.40000001354399556,
          2.0111945646916967 -1.497663859753386 0.40000001354399556,
          2.1259995944012235 -1.5204999999999997 0.40000001354399556,
          2.2408046241107504 -1.497663859753386 0.40000001354399556,
          2.338131628757188 -1.4326320343559642 0.40000001354399556,
          2.4031634541546096 -1.3353050297095268 0.40000001354399567,
          2.425999594401224 -1.2205 0.40000001354399545,
          2.4031634541546096 -1.105694970290473 0.40000001354399567,
          2.338131628757188 -1.0083679656440359 0.40000001354399556,
          2.240804624110751 -0.943336140246614 0.40000001354399545,
          2.1259995944012235 -0.9205000000000001 0.40000001354399556,
          2.0111945646916967 -0.943336140246614 0.40000001354399545,
          1.9138675600452597 -1.0083679656440356 0.40000001354399556,
          1.8488357346478375 -1.1056949702904728 0.40000001354399567,
          1.9959995954012237 -1.2205 0.10000001354399561,
          2.005895256098636 -1.2702488458247783 0.1000000135439955,
          2.034075713554079 -1.3124238808471445 0.1000000135439955,
          2.076250748576445 -1.3406043383025876 0.1000000135439955,
          2.1259995944012235 -1.3504999989999997 0.1000000135439955,
          2.175748440226002 -1.3406043383025876 0.1000000135439955,
          2.217923475248368 -1.3124238808471445 0.1000000135439955,
          2.2461039327038113 -1.2702488458247783 0.10000001354399572,
          2.255999593401224 -1.2205 0.1000000135439955,
          2.2461039327038113 -1.1707511541752218 0.10000001354399572,
          2.217923475248368 -1.1285761191528558 0.1000000135439955,
          2.175748440226002 -1.1003956616974124 0.1000000135439955,
          2.1259995944012235 -1.090500001 0.1000000135439955,
          2.076250748576445 -1.1003956616974124 0.10000001354399539,
          2.034075713554079 -1.1285761191528556 0.1000000135439955,
          2.005895256098636 -1.1707511541752218 0.10000001354399572,
          -1.767275383055018 1.2205000000000001 0.6084607803140368,
          -1.783422972679526 1.105694970290473 0.6246083699385446,
          -1.8294074174109825 1.0083679656440359 0.670592814670001,
          -1.898228002389053 0.943336140246614 0.7394133996480715,
          -1.9794074174109824 0.9205000000000001 0.8205928146700011,
          -2.0605868324329117 0.943336140246614 0.9017722296919307,
          -2.1294074174109823 1.0083679656440359 0.9705928146700012,
          -2.1753918621424386 1.105694970290473 1.0165772594014575,
          -2.1915394517669466 1.2205 1.032724849025965,
          -2.1753918621424386 1.335305029709527 1.0165772594014575,
          -2.1294074174109823 1.4326320343559642 0.9705928146700012,
          -2.060586832432912 1.497663859753386 0.9017722296919307,
          -1.9794074174109824 1.5205 0.8205928146700011,
          -1.898228002389053 1.497663859753386 0.7394133996480715,
          -1.8294074174109825 1.4326320343559644 0.6705928146700012,
          -1.783422972679526 1.3353050297095272 0.6246083699385446,
          0.31505297809198757 1.2205 3.032283396388088,
          0.311902739632358 1.1981026497848972 3.0354336348477178,
          0.3029316195019654 1.1791150931075585 3.0444047549781104,
          0.2895053894172553 1.1664280133494789 3.0578309850628207,
          0.2736680711995461 1.1619729033951616 3.07366830328053,
          0.25783075298183694 1.1664280133494789 3.0895056214982395,
          0.24440452289712683 1.1791150931075585 3.102931851582949,
          0.23543340276673425 1.1981026497848972 3.1119029717133415,
          0.23228316430710466 1.2205 3.115053210172971,
          0.23543340276673425 1.2428973502151026 3.1119029717133415,
          0.24440452289712683 1.2618849068924414 3.102931851582949,
          0.25783075298183694 1.274571986650521 3.0895056214982395,
          0.2736680711995461 1.2790270966048385 3.07366830328053,
          0.2895053894172553 1.274571986650521 3.0578309850628207,
          0.3029316195019654 1.2618849068924414 3.0444047549781104,
          0.311902739632358 1.2428973502151028 3.0354336348477178,
          0.3427759541546099 1.2205 2.980417356191735,
          0.33659653913268023 1.1765660171779821 2.986596771213664,
          0.3189990539874437 1.1393205849780705 3.0041942563589004,
          0.29266255631066246 1.1144339828220178 3.0305307540356816,
          0.2615965391326803 1.105694970290473 3.0615967712136642,
          0.2305305219546981 1.1144339828220178 3.092662788391646,
          0.20419402427791683 1.1393205849780705 3.1189992860684272,
          0.18659653913268032 1.1765660171779821 3.1365967712136644,
          0.18041712411075067 1.2205 3.1427761862355936,
          0.18659653913268032 1.2644339828220177 3.1365967712136644,
          0.20419402427791683 1.3016794150219295 3.1189992860684272,
          0.2305305219546981 1.326566017177982 3.092662788391646,
          0.2615965391326803 1.3353050297095268 3.0615967712136642,
          0.29266255631066246 1.326566017177982 3.0305307540356816,
          0.3189990539874437 1.3016794150219295 3.0041942563589004,
          0.33659653913268023 1.264433982822018 2.986596771213664,
          0.35984767852219296 1.2205 2.9241394230870466,
          0.35087655839180015 1.1567177428924558 2.933110543217439,
          0.3253289697170679 1.1026457562419347 2.9586581318921716,
          0.287094301284256 1.066516009852199 2.996892800324983,
          0.24199343476412755 1.0538289300941193 3.0419936668451113,
          0.1968925682439991 1.066516009852199 3.0870945333652395,
          0.1586578998111871 1.1026457562419347 3.125329201798052,
          0.13311031113645483 1.1567177428924558 3.1508767904727844,
          0.12413919100606202 1.2205 3.159847910603177,
          0.13311031113645483 1.284282257107544 3.1508767904727844,
          0.1586578998111871 1.3383542437580653 3.125329201798052,
          0.1968925682439991 1.374483990147801 3.0870945333652395,
          0.24199343476412755 1.3871710699058806 3.0419936668451113,
          0.287094301284256 1.374483990147801 2.996892800324983,
          0.3253289697170679 1.3383542437580653 2.9586581318921716,
          0.35087655839180015 1.2842822571075443 2.933110543217439,
          0.3656120944012236 1.2205 2.865612326482208,
          0.35419402427791674 1.1393205849780705 2.877030396605515,
          0.32167811157920584 1.0705 2.9095463093042264,
          0.27301460925598714 1.0245155552685434 2.9582098116274445,
          0.2156120944012237 1.0083679656440356 3.0156123264822075,
          0.15820957954646014 1.0245155552685434 3.0730148413369713,
          0.10954607722324144 1.0705 3.1216783436601894,
          0.07703016452453054 1.1393205849780703 3.1541942563589007,
          0.06561209440122368 1.2205 3.165612326482208,
          0.07703016452453054 1.3016794150219295 3.1541942563589007,
          0.10954607722324144 1.3704999999999998 3.1216783436601894,
          0.15820957954646014 1.4164844447314564 3.0730148413369713,
          0.2156120944012237 1.4326320343559642 3.0156123264822075,
          0.27301460925598714 1.4164844447314564 2.9582098116274445,
          0.32167811157920584 1.3704999999999998 2.9095463093042264,
          0.35419402427791674 1.3016794150219295 2.877030396605515,
          0.35984767852219274 1.2205 2.8070852298773694,
          0.3464214484374826 1.1250431064570374 2.8205114599620797,
          0.30818678000467076 1.0441186596370962 2.858746128394892,
          0.25096455489452013 0.9900466729865751 2.9159683535050425,
          0.18346633815928898 0.9710591163092364 2.9834665702402727,
          0.11596812142405771 0.9900466729865751 3.050964786975504,
          0.05874589631390709 1.0441186596370962 3.1081870120856543,
          0.020511227881095273 1.1250431064570374 3.1464216805184666,
          0.007084997796385162 1.2205 3.159847910603177,
          0.020511227881095273 1.3159568935429624 3.1464216805184666,
          0.05874589631390709 1.3968813403629037 3.1081870120856543,
          0.11596812142405749 1.4509533270134247 3.050964786975504,
          0.18346633815928898 1.4699408836907635 2.9834665702402727,
          0.25096455489452013 1.4509533270134247 2.9159683535050425,
          0.30818678000467076 1.3968813403629037 2.858746128394892,
          0.3464214484374826 1.3159568935429626 2.8205114599620797,
          0.34277595415460965 1.2205 2.750807296772681,
          0.32785752660113526 1.1144339828220178 2.7657257243261553,
          0.2853734392998462 1.0245155552685434 2.808209811627445,
          0.22179150942315312 0.9644339828220179 2.871791741504138,
          0.14679150942315305 0.9433361402466138 2.9467917415041383,
          0.0717915094231531 0.9644339828220179 3.0217917415041375,
          0.008209579546460066 1.0245155552685434 3.0853736713808306,
          -0.03427450775482899 1.1144339828220178 3.1278577586821195,
          -0.049192935308303376 1.2205 3.1427761862355936,
          -0.03427450775482899 1.326566017177982 3.1278577586821195,
          0.008209579546460066 1.4164844447314564 3.0853736713808306,
          0.07179150942315288 1.476566017177982 3.0217917415041375,
          0.14679150942315305 1.497663859753386 2.9467917415041383,
          0.22179150942315312 1.476566017177982 2.871791741504138,
          0.2853734392998462 1.4164844447314564 2.808209811627445,
          0.32785752660113526 1.3265660171779823 2.7657257243261553,
          0.31505297809198735 1.2205 2.698941256576327,
          0.2992156598742782 1.1079009167446403 2.7147785747940363,
          0.2541147933541497 1.0124440232016778 2.7598794413141645,
          0.18661657661891856 0.9486617660941337 2.8273776580493966,
          0.10699700129366513 0.9262644158790307 2.90699723337465,
          0.02737742596841186 0.9486617660941337 2.9866168086999023,
          -0.04012079076681929 1.0124440232016778 3.0541150254351335,
          -0.08522165728694775 1.1079009167446403 3.0992158919552617,
          -0.10105897550465692 1.2205 3.115053210172971,
          -0.08522165728694775 1.3330990832553595 3.0992158919552617,
          -0.040120790766819514 1.428555976798322 3.0541150254351335,
          0.02737742596841164 1.4923382339058662 2.9866168086999023,
          0.10699700129366513 1.514735584120969 2.90699723337465,
          0.18661657661891878 1.4923382339058662 2.8273776580493957,
          0.2541147933541497 1.428555976798322 2.7598794413141645,
          0.2992156598742782 1.3330990832553598 2.7147785747940363,
          0.27774412875718807 1.2205 2.6534802921262433,
          0.2615965391326803 1.105694970290473 2.6696278817507517,
          0.2156120944012237 1.0083679656440359 2.7156123264822076,
          0.14679150942315328 0.943336140246614 2.7844329114602786,
          0.06561209440122368 0.9205000000000001 2.865612326482208,
          -0.015567320620705871 0.943336140246614 2.9467917415041383,
          -0.08438790559877618 1.0083679656440359 3.0156123264822075,
          -0.13037235033023276 1.105694970290473 3.0615967712136642,
          -0.14651993995474055 1.2205 3.077744360838172,
          -0.13037235033023276 1.3353050297095268 3.0615967712136642,
          -0.0843879055987764 1.4326320343559642 3.0156123264822075,
          -0.015567320620705871 1.497663859753386 2.9467917415041383,
          0.06561209440122368 1.5205 2.865612326482208,
          0.14679150942315328 1.497663859753386 2.7844329114602786,
          0.2156120944012237 1.4326320343559642 2.7156123264822076,
          0.2615965391326803 1.335305029709527 2.6696278817507517,
          0.2777441287571883 1.2205 3.077744360838172,
          -1.790310474394306 1.2205000000000001 0.5998821365513464,
          -1.8100871519722577 1.105694970290473 0.6113002066746532,
          -1.8664063648208988 1.0083679656440359 0.6438161193733641,
          -1.95069402331896 0.943336140246614 0.6924796216965831,
          -2.0501180955296374 0.9205000000000001 0.7498821365513463,
          -2.149542167740315 0.943336140246614 0.8072846514061097,
          -2.2338298262383756 1.0083679656440359 0.8559481537293286,
          -2.290149039087017 1.105694970290473 0.8884640664280395,
          -2.3099257166649694 1.2205 0.8998821365513462,
          -2.290149039087017 1.335305029709527 0.8884640664280395,
          -2.2338298262383756 1.4326320343559642 0.8559481537293286,
          -2.1495421677403153 1.497663859753386 0.8072846514061099,
          -2.0501180955296374 1.5205 0.7498821365513463,
          -1.95069402331896 1.497663859753386 0.6924796216965828,
          -1.8664063648208993 1.4326320343559644 0.6438161193733644,
          -1.8100871519722577 1.3353050297095272 0.6113002066746535,
          -1.8103403476429167 1.2205000000000001 0.5856338826421463,
          -1.8323983652798805 1.105694970290473 0.591544310654602,
          -1.8952142849619715 1.0083679656440359 0.6083757856052366,
          -1.9892249523453214 0.943336140246614 0.6335658680105162,
          -2.1001180955296372 0.9205000000000001 0.6632795961729024,
          -2.211011238713953 0.943336140246614 0.6929933243352887,
          -2.3050219060973034 1.0083679656440359 0.7181834067405682,
          -2.367837825779394 1.105694970290473 0.7350148816912029,
          -2.3898958434163577 1.2205 0.7409253097036587,
          -2.367837825779394 1.335305029709527 0.7350148816912029,
          -2.3050219060973034 1.4326320343559642 0.7181834067405682,
          -2.2110112387139536 1.497663859753386 0.6929933243352887,
          -2.1001180955296372 1.5205 0.6632795961729024,
          -1.9892249523453214 1.497663859753386 0.633565868010516,
          -1.8952142849619715 1.4326320343559644 0.6083757856052366,
          -1.8323983652798805 1.3353050297095272 0.5915443106546022,
          -1.8260000000398895 1.2205000000000001 0.5666870135439956,
          -1.8488361402865032 1.105694970290473 0.5666870135439954,
          -1.913867965683925 1.0083679656440359 0.5666870135439954,
          -2.0111949703303624 0.943336140246614 0.5666870135439954,
          -2.1260000000398893 0.9205000000000001 0.5666870135439954,
          -2.240805029749416 0.943336140246614 0.5666870135439954,
          -2.3381320343958536 1.0083679656440359 0.5666870135439954,
          -2.4031638597932754 1.105694970290473 0.5666870135439956,
          -2.4260000000398896 1.2205 0.5666870135439954,
          -2.4031638597932754 1.335305029709527 0.5666870135439956,
          -2.3381320343958536 1.4326320343559642 0.5666870135439954,
          -2.2408050297494166 1.497663859753386 0.5666870135439954,
          -2.1260000000398893 1.5205 0.5666870135439954,
          -2.0111949703303624 1.497663859753386 0.5666870135439954,
          -1.9138679656839255 1.4326320343559644 0.5666870135439954,
          -1.8488361402865032 1.3353050297095272 0.5666870135439956,
          -1.8260000000398895 1.2205000000000001 0.4000000135439956,
          -1.8488361402865032 1.105694970290473 0.4000000135439956,
          -1.913867965683925 1.0083679656440359 0.4000000135439954,
          -2.0111949703303624 0.943336140246614 0.4000000135439954,
          -2.1260000000398893 0.9205000000000001 0.4000000135439956,
          -2.240805029749416 0.943336140246614 0.4000000135439956,
          -2.3381320343958536 1.0083679656440359 0.4000000135439956,
          -2.4031638597932754 1.105694970290473 0.4000000135439956,
          -2.4260000000398896 1.2205 0.4000000135439954,
          -2.4031638597932754 1.335305029709527 0.4000000135439956,
          -2.3381320343958536 1.4326320343559642 0.4000000135439956,
          -2.2408050297494166 1.497663859753386 0.4000000135439954,
          -2.1260000000398893 1.5205 0.4000000135439956,
          -2.0111949703303624 1.497663859753386 0.4000000135439954,
          -1.9138679656839255 1.4326320343559644 0.4000000135439954,
          -1.8488361402865032 1.3353050297095272 0.4000000135439956,
          -1.9960000010398895 1.2205 0.10000001354399561,
          -2.0058956617373016 1.1707511541752218 0.1000000135439955,
          -2.034076119192745 1.1285761191528556 0.1000000135439955,
          -2.076251154215111 1.1003956616974122 0.1000000135439955,
          -2.1260000000398893 1.090500001 0.1000000135439955,
          -2.1757488458646677 1.1003956616974122 0.1000000135439955,
          -2.217923880887034 1.1285761191528556 0.1000000135439955,
          -2.246104338342477 1.1707511541752218 0.10000001354399572,
          -2.2559999990398896 1.2205 0.1000000135439955,
          -2.246104338342477 1.2702488458247783 0.10000001354399572,
          -2.217923880887034 1.3124238808471442 0.1000000135439955,
          -2.1757488458646677 1.3406043383025876 0.1000000135439955,
          -2.1260000000398893 1.350499999 0.1000000135439955,
          -2.076251154215111 1.3406043383025876 0.10000001354399539,
          -2.034076119192745 1.3124238808471445 0.1000000135439955,
          -2.0058956617373016 1.2702488458247783 0.10000001354399572 ] }
        coordIndex [
          0, 1, 17, 16, -1,
          0, 15, 50, 49, -1,
          0, 16, 31, 15, -1,
          0, 49, 48, 1, -1,
          1, 2, 18, 17, -1,
          1, 48, 63, 2, -1,
          2, 3, 19, 18, -1,
          2, 63, 62, 3, -1,
          3, 4, 20, 19, -1,
          3, 62, 61, 4, -1,
          4, 5, 21, 20, -1,
          4, 61, 60, 5, -1,
          5, 6, 22, 21, -1,
          5, 60, 59, 6, -1,
          6, 7, 23, 22, -1,
          6, 59, 58, 7, -1,
          7, 8, 24, 23, -1,
          7, 58, 57, 8, -1,
          8, 9, 25, 24, -1,
          8, 57, 56, 9, -1,
          9, 10, 26, 25, -1,
          9, 56, 55, 10, -1,
          10, 11, 27, 26, -1,
          10, 55, 54, 11, -1,
          11, 12, 28, 27, -1,
          11, 54, 53, 12, -1,
          12, 13, 29, 28, -1,
          12, 53, 52, 13, -1,
          13, 14, 30, 29, -1,
          13, 52, 51, 14, -1,
          14, 15, 31, 30, -1,
          14, 51, 50, 15, -1,
          16, 17, 33, 32, -1,
          16, 32, 47, 31, -1,
          17, 18, 34, 33, -1,
          18, 19, 35, 34, -1,
          19, 20, 36, 35, -1,
          20, 21, 37, 36, -1,
          21, 22, 38, 37, -1,
          22, 23, 39, 38, -1,
          23, 24, 40, 39, -1,
          24, 25, 41, 40, -1,
          25, 26, 42, 41, -1,
          26, 27, 43, 42, -1,
          27, 28, 44, 43, -1,
          28, 29, 45, 44, -1,
          29, 30, 46, 45, -1,
          30, 31, 47, 46, -1,
          32, 33, 65, 64, -1,
          32, 64, 79, 47, -1,
          33, 34, 66, 65, -1,
          34, 35, 67, 66, -1,
          35, 36, 68, 67, -1,
          36, 37, 69, 68, -1,
          37, 38, 70, 69, -1,
          38, 39, 71, 70, -1,
          39, 40, 72, 71, -1,
          40, 41, 73, 72, -1,
          41, 42, 74, 73, -1,
          42, 43, 75, 74, -1,
          43, 44, 76, 75, -1,
          44, 45, 77, 76, -1,
          45, 46, 78, 77, -1,
          46, 47, 79, 78, -1,
          48, 49, 81, 80, -1,
          48, 80, 95, 63, -1,
          49, 50, 82, 81, -1,
          50, 51, 83, 82, -1,
          51, 52, 84, 83, -1,
          52, 53, 85, 84, -1,
          53, 54, 86, 85, -1,
          54, 55, 87, 86, -1,
          55, 56, 88, 87, -1,
          56, 57, 89, 88, -1,
          57, 58, 90, 89, -1,
          58, 59, 91, 90, -1,
          59, 60, 92, 91, -1,
          60, 61, 93, 92, -1,
          61, 62, 94, 93, -1,
          62, 63, 95, 94, -1,
          64, 65, 66, 67, 68, 69, 70, 71, 72, 73, 74, 75, 76, 77, 78, 79, -1,
          80, 81, 82, 83, 84, 85, 86, 87, 88, 89, 90, 91, 92, 93, 94, 95, -1,
          96, 97, 225, 224, -1,
          96, 111, 256, 241, -1,
          96, 224, 239, 111, -1,
          96, 241, 242, 97, -1,
          97, 98, 226, 225, -1,
          97, 242, 243, 98, -1,
          98, 99, 227, 226, -1,
          98, 243, 244, 99, -1,
          99, 100, 228, 227, -1,
          99, 244, 245, 100, -1,
          100, 101, 229, 228, -1,
          100, 245, 246, 101, -1,
          101, 102, 230, 229, -1,
          101, 246, 247, 102, -1,
          102, 103, 231, 230, -1,
          102, 247, 248, 103, -1,
          103, 104, 232, 231, -1,
          103, 248, 249, 104, -1,
          104, 105, 233, 232, -1,
          104, 249, 250, 105, -1,
          105, 106, 234, 233, -1,
          105, 250, 251, 106, -1,
          106, 107, 235, 234, -1,
          106, 251, 252, 107, -1,
          107, 108, 236, 235, -1,
          107, 252, 253, 108, -1,
          108, 109, 237, 236, -1,
          108, 253, 254, 109, -1,
          109, 110, 238, 237, -1,
          109, 254, 255, 110, -1,
          110, 111, 239, 238, -1,
          110, 255, 256, 111, -1,
          112, 113, 240, -1,
          112, 127, 143, 128, -1,
          112, 128, 129, 113, -1,
          112, 240, 127, -1,
          113, 114, 240, -1,
          113, 129, 130, 114, -1,
          114, 115, 240, -1,
          114, 130, 131, 115, -1,
          115, 116, 240, -1,
          115, 131, 132, 116, -1,
          116, 117, 240, -1,
          116, 132, 133, 117, -1,
          117, 118, 240, -1,
          117, 133, 134, 118, -1,
          118, 119, 240, -1,
          118, 134, 135, 119, -1,
          119, 120, 240, -1,
          119, 135, 136, 120, -1,
          120, 121, 240, -1,
          120, 136, 137, 121, -1,
          121, 122, 240, -1,
          121, 137, 138, 122, -1,
          122, 123, 240, -1,
          122, 138, 139, 123, -1,
          123, 124, 240, -1,
          123, 139, 140, 124, -1,
          124, 125, 240, -1,
          124, 140, 141, 125, -1,
          125, 126, 240, -1,
          125, 141, 142, 126, -1,
          126, 127, 240, -1,
          126, 142, 143, 127, -1,
          128, 143, 159, 144, -1,
          128, 144, 145, 129, -1,
          129, 145, 146, 130, -1,
          130, 146, 147, 131, -1,
          131, 147, 148, 132, -1,
          132, 148, 149, 133, -1,
          133, 149, 150, 134, -1,
          134, 150, 151, 135, -1,
          135, 151, 152, 136, -1,
          136, 152, 153, 137, -1,
          137, 153, 154, 138, -1,
          138, 154, 155, 139, -1,
          139, 155, 156, 140, -1,
          140, 156, 157, 141, -1,
          141, 157, 158, 142, -1,
          142, 158, 159, 143, -1,
          144, 159, 175, 160, -1,
          144, 160, 161, 145, -1,
          145, 161, 162, 146, -1,
          146, 162, 163, 147, -1,
          147, 163, 164, 148, -1,
          148, 164, 165, 149, -1,
          149, 165, 166, 150, -1,
          150, 166, 167, 151, -1,
          151, 167, 168, 152, -1,
          152, 168, 169, 153, -1,
          153, 169, 170, 154, -1,
          154, 170, 171, 155, -1,
          155, 171, 172, 156, -1,
          156, 172, 173, 157, -1,
          157, 173, 174, 158, -1,
          158, 174, 175, 159, -1,
          160, 175, 191, 176, -1,
          160, 176, 177, 161, -1,
          161, 177, 178, 162, -1,
          162, 178, 179, 163, -1,
          163, 179, 180, 164, -1,
          164, 180, 181, 165, -1,
          165, 181, 182, 166, -1,
          166, 182, 183, 167, -1,
          167, 183, 184, 168, -1,
          168, 184, 185, 169, -1,
          169, 185, 186, 170, -1,
          170, 186, 187, 171, -1,
          171, 187, 188, 172, -1,
          172, 188, 189, 173, -1,
          173, 189, 190, 174, -1,
          174, 190, 191, 175, -1,
          176, 191, 207, 192, -1,
          176, 192, 193, 177, -1,
          177, 193, 194, 178, -1,
          178, 194, 195, 179, -1,
          179, 195, 196, 180, -1,
          180, 196, 197, 181, -1,
          181, 197, 198, 182, -1,
          182, 198, 199, 183, -1,
          183, 199, 200, 184, -1,
          184, 200, 201, 185, -1,
          185, 201, 202, 186, -1,
          186, 202, 203, 187, -1,
          187, 203, 204, 188, -1,
          188, 204, 205, 189, -1,
          189, 205, 206, 190, -1,
          190, 206, 207, 191, -1,
          192, 207, 223, 208, -1,
          192, 208, 209, 193, -1,
          193, 209, 210, 194, -1,
          194, 210, 211, 195, -1,
          195, 211, 212, 196, -1,
          196, 212, 213, 197, -1,
          197, 213, 214, 198, -1,
          198, 214, 215, 199, -1,
          199, 215, 216, 200, -1,
          200, 216, 217, 201, -1,
          201, 217, 218, 202, -1,
          202, 218, 219, 203, -1,
          203, 219, 220, 204, -1,
          204, 220, 221, 205, -1,
          205, 221, 222, 206, -1,
          206, 222, 223, 207, -1,
          208, 223, 239, 224, -1,
          208, 224, 225, 209, -1,
          209, 225, 226, 210, -1,
          210, 226, 227, 211, -1,
          211, 227, 228, 212, -1,
          212, 228, 229, 213, -1,
          213, 229, 230, 214, -1,
          214, 230, 231, 215, -1,
          215, 231, 232, 216, -1,
          216, 232, 233, 217, -1,
          217, 233, 234, 218, -1,
          218, 234, 235, 219, -1,
          219, 235, 236, 220, -1,
          220, 236, 237, 221, -1,
          221, 237, 238, 222, -1,
          222, 238, 239, 223, -1,
          241, 256, 272, 257, -1,
          241, 257, 258, 242, -1,
          242, 258, 259, 243, -1,
          243, 259, 260, 244, -1,
          244, 260, 261, 245, -1,
          245, 261, 262, 246, -1,
          246, 262, 263, 247, -1,
          247, 263, 264, 248, -1,
          248, 264, 265, 249, -1,
          249, 265, 266, 250, -1,
          250, 266, 267, 251, -1,
          251, 267, 268, 252, -1,
          252, 268, 269, 253, -1,
          253, 269, 270, 254, -1,
          254, 270, 271, 255, -1,
          255, 271, 272, 256, -1,
          257, 272, 288, 273, -1,
          257, 273, 274, 258, -1,
          258, 274, 275, 259, -1,
          259, 275, 276, 260, -1,
          260, 276, 277, 261, -1,
          261, 277, 278, 262, -1,
          262, 278, 279, 263, -1,
          263, 279, 280, 264, -1,
          264, 280, 281, 265, -1,
          265, 281, 282, 266, -1,
          266, 282, 283, 267, -1,
          267, 283, 284, 268, -1,
          268, 284, 285, 269, -1,
          269, 285, 286, 270, -1,
          270, 286, 287, 271, -1,
          271, 287, 288, 272, -1,
          273, 288, 304, 289, -1,
          273, 289, 290, 274, -1,
          274, 290, 291, 275, -1,
          275, 291, 292, 276, -1,
          276, 292, 293, 277, -1,
          277, 293, 294, 278, -1,
          278, 294, 295, 279, -1,
          279, 295, 296, 280, -1,
          280, 296, 297, 281, -1,
          281, 297, 298, 282, -1,
          282, 298, 299, 283, -1,
          283, 299, 300, 284, -1,
          284, 300, 301, 285, -1,
          285, 301, 302, 286, -1,
          286, 302, 303, 287, -1,
          287, 303, 304, 288, -1,
          289, 304, 320, 305, -1,
          289, 305, 306, 290, -1,
          290, 306, 307, 291, -1,
          291, 307, 308, 292, -1,
          292, 308, 309, 293, -1,
          293, 309, 310, 294, -1,
          294, 310, 311, 295, -1,
          295, 311, 312, 296, -1,
          296, 312, 313, 297, -1,
          297, 313, 314, 298, -1,
          298, 314, 315, 299, -1,
          299, 315, 316, 300, -1,
          300, 316, 317, 301, -1,
          301, 317, 318, 302, -1,
          302, 318, 319, 303, -1,
          303, 319, 320, 304, -1,
          305, 320, 319, 318, 317, 316, 315, 314, 313, 312, 311, 310, 309, 308, 307, 306, -1,
          321, 322, 467, 466, -1,
          321, 336, 464, 449, -1,
          321, 449, 450, 322, -1,
          321, 466, 481, 336, -1,
          322, 323, 468, 467, -1,
          322, 450, 451, 323, -1,
          323, 324, 469, 468, -1,
          323, 451, 452, 324, -1,
          324, 325, 470, 469, -1,
          324, 452, 453, 325, -1,
          325, 326, 471, 470, -1,
          325, 453, 454, 326, -1,
          326, 327, 472, 471, -1,
          326, 454, 455, 327, -1,
          327, 328, 473, 472, -1,
          327, 455, 456, 328, -1,
          328, 329, 474, 473, -1,
          328, 456, 457, 329, -1,
          329, 330, 475, 474, -1,
          329, 457, 458, 330, -1,
          330, 331, 476, 475, -1,
          330, 458, 459, 331, -1,
          331, 332, 477, 476, -1,
          331, 459, 460, 332, -1,
          332, 333, 478, 477, -1,
          332, 460, 461, 333, -1,
          333, 334, 479, 478, -1,
          333, 461, 462, 334, -1,
          334, 335, 480, 479, -1,
          334, 462, 463, 335, -1,
          335, 336, 481, 480, -1,
          335, 463, 464, 336, -1,
          337, 338, 354, 353, -1,
          337, 352, 465, -1,
          337, 353, 368, 352, -1,
          337, 465, 338, -1,
          338, 339, 355, 354, -1,
          338, 465, 339, -1,
          339, 340, 356, 355, -1,
          339, 465, 340, -1,
          340, 341, 357, 356, -1,
          340, 465, 341, -1,
          341, 342, 358, 357, -1,
          341, 465, 342, -1,
          342, 343, 359, 358, -1,
          342, 465, 343, -1,
          343, 344, 360, 359, -1,
          343, 465, 344, -1,
          344, 345, 361, 360, -1,
          344, 465, 345, -1,
          345, 346, 362, 361, -1,
          345, 465, 346, -1,
          346, 347, 363, 362, -1,
          346, 465, 347, -1,
          347, 348, 364, 363, -1,
          347, 465, 348, -1,
          348, 349, 365, 364, -1,
          348, 465, 349, -1,
          349, 350, 366, 365, -1,
          349, 465, 350, -1,
          350, 351, 367, 366, -1,
          350, 465, 351, -1,
          351, 352, 368, 367, -1,
          351, 465, 352, -1,
          353, 354, 370, 369, -1,
          353, 369, 384, 368, -1,
          354, 355, 371, 370, -1,
          355, 356, 372, 371, -1,
          356, 357, 373, 372, -1,
          357, 358, 374, 373, -1,
          358, 359, 375, 374, -1,
          359, 360, 376, 375, -1,
          360, 361, 377, 376, -1,
          361, 362, 378, 377, -1,
          362, 363, 379, 378, -1,
          363, 364, 380, 379, -1,
          364, 365, 381, 380, -1,
          365, 366, 382, 381, -1,
          366, 367, 383, 382, -1,
          367, 368, 384, 383, -1,
          369, 370, 386, 385, -1,
          369, 385, 400, 384, -1,
          370, 371, 387, 386, -1,
          371, 372, 388, 387, -1,
          372, 373, 389, 388, -1,
          373, 374, 390, 389, -1,
          374, 375, 391, 390, -1,
          375, 376, 392, 391, -1,
          376, 377, 393, 392, -1,
          377, 378, 394, 393, -1,
          378, 379, 395, 394, -1,
          379, 380, 396, 395, -1,
          380, 381, 397, 396, -1,
          381, 382, 398, 397, -1,
          382, 383, 399, 398, -1,
          383, 384, 400, 399, -1,
          385, 386, 402, 401, -1,
          385, 401, 416, 400, -1,
          386, 387, 403, 402, -1,
          387, 388, 404, 403, -1,
          388, 389, 405, 404, -1,
          389, 390, 406, 405, -1,
          390, 391, 407, 406, -1,
          391, 392, 408, 407, -1,
          392, 393, 409, 408, -1,
          393, 394, 410, 409, -1,
          394, 395, 411, 410, -1,
          395, 396, 412, 411, -1,
          396, 397, 413, 412, -1,
          397, 398, 414, 413, -1,
          398, 399, 415, 414, -1,
          399, 400, 416, 415, -1,
          401, 402, 418, 417, -1,
          401, 417, 432, 416, -1,
          402, 403, 419, 418, -1,
          403, 404, 420, 419, -1,
          404, 405, 421, 420, -1,
          405, 406, 422, 421, -1,
          406, 407, 423, 422, -1,
          407, 408, 424, 423, -1,
          408, 409, 425, 424, -1,
          409, 410, 426, 425, -1,
          410, 411, 427, 426, -1,
          411, 412, 428, 427, -1,
          412, 413, 429, 428, -1,
          413, 414, 430, 429, -1,
          414, 415, 431, 430, -1,
          415, 416, 432, 431, -1,
          417, 418, 434, 433, -1,
          417, 433, 448, 432, -1,
          418, 419, 435, 434, -1,
          419, 420, 436, 435, -1,
          420, 421, 437, 436, -1,
          421, 422, 438, 437, -1,
          422, 423, 439, 438, -1,
          423, 424, 440, 439, -1,
          424, 425, 441, 440, -1,
          425, 426, 442, 441, -1,
          426, 427, 443, 442, -1,
          427, 428, 444, 443, -1,
          428, 429, 445, 444, -1,
          429, 430, 446, 445, -1,
          430, 431, 447, 446, -1,
          431, 432, 448, 447, -1,
          433, 434, 450, 449, -1,
          433, 449, 464, 448, -1,
          434, 435, 451, 450, -1,
          435, 436, 452, 451, -1,
          436, 437, 453, 452, -1,
          437, 438, 454, 453, -1,
          438, 439, 455, 454, -1,
          439, 440, 456, 455, -1,
          440, 441, 457, 456, -1,
          441, 442, 458, 457, -1,
          442, 443, 459, 458, -1,
          443, 444, 460, 459, -1,
          444, 445, 461, 460, -1,
          445, 446, 462, 461, -1,
          446, 447, 463, 462, -1,
          447, 448, 464, 463, -1,
          466, 467, 483, 482, -1,
          466, 482, 497, 481, -1,
          467, 468, 484, 483, -1,
          468, 469, 485, 484, -1,
          469, 470, 486, 485, -1,
          470, 471, 487, 486, -1,
          471, 472, 488, 487, -1,
          472, 473, 489, 488, -1,
          473, 474, 490, 489, -1,
          474, 475, 491, 490, -1,
          475, 476, 492, 491, -1,
          476, 477, 493, 492, -1,
          477, 478, 494, 493, -1,
          478, 479, 495, 494, -1,
          479, 480, 496, 495, -1,
          480, 481, 497, 496, -1,
          482, 483, 499, 498, -1,
          482, 498, 513, 497, -1,
          483, 484, 500, 499, -1,
          484, 485, 501, 500, -1,
          485, 486, 502, 501, -1,
          486, 487, 503, 502, -1,
          487, 488, 504, 503, -1,
          488, 489, 505, 504, -1,
          489, 490, 506, 505, -1,
          490, 491, 507, 506, -1,
          491, 492, 508, 507, -1,
          492, 493, 509, 508, -1,
          493, 494, 510, 509, -1,
          494, 495, 511, 510, -1,
          495, 496, 512, 511, -1,
          496, 497, 513, 512, -1,
          498, 499, 515, 514, -1,
          498, 514, 529, 513, -1,
          499, 500, 516, 515, -1,
          500, 501, 517, 516, -1,
          501, 502, 518, 517, -1,
          502, 503, 519, 518, -1,
          503, 504, 520, 519, -1,
          504, 505, 521, 520, -1,
          505, 506, 522, 521, -1,
          506, 507, 523, 522, -1,
          507, 508, 524, 523, -1,
          508, 509, 525, 524, -1,
          509, 510, 526, 525, -1,
          510, 511, 527, 526, -1,
          511, 512, 528, 527, -1,
          512, 513, 529, 528, -1,
          514, 515, 531, 530, -1,
          514, 530, 545, 529, -1,
          515, 516, 532, 531, -1,
          516, 517, 533, 532, -1,
          517, 518, 534, 533, -1,
          518, 519, 535, 534, -1,
          519, 520, 536, 535, -1,
          520, 521, 537, 536, -1,
          521, 522, 538, 537, -1,
          522, 523, 539, 538, -1,
          523, 524, 540, 539, -1,
          524, 525, 541, 540, -1,
          525, 526, 542, 541, -1,
          526, 527, 543, 542, -1,
          527, 528, 544, 543, -1,
          528, 529, 545, 544, -1,
          530, 531, 532, 533, 534, 535, 536, 537, 538, 539, 540, 541, 542, 543, 544, 545, -1 ]
        normal Normal { vector [
          -0.8314292761645089 1.5702600992583506e-16 0.5556305955727786,
          -0.8209323139148058 -0.0746305851808579 0.56612755782248,
          -0.7910394945130029 -0.13789934029586737 0.5960203772242836,
          -0.746301728733951 -0.18017417091146362 0.6407581430033354,
          -0.6935299358686465 -0.19501911728871796 0.6935299358686402,
          -0.640758143003336 -0.18017417091146104 0.7463017287339513,
          -0.5960203772242808 -0.1378993402958649 0.7910394945130055,
          -0.5661275578224834 -0.07463058518085701 0.8209323139148036,
          -0.5556305955727797 3.1754148673891085e-16 0.8314292761645082,
          -0.5661275578224841 0.0746305851808569 0.820932313914803,
          -0.596020377224279 0.13789934029586515 0.7910394945130067,
          -0.6407581430033362 0.18017417091146123 0.746301728733951,
          -0.6935299358686484 0.19501911728871768 0.6935299358686385,
          -0.7463017287339496 0.18017417091146404 0.6407581430033369,
          -0.7910394945130025 0.13789934029586756 0.5960203772242841,
          -0.8209323139148027 0.07463058518085827 0.5661275578224844,
          -0.9238284034419029 1.888259682715574e-16 0.3828068455422194,
          -0.9032369964875048 -0.146399378615167 0.40339825249661704,
          -0.8445976306715499 -0.27051077894984304 0.46203761831257123,
          -0.756837617872342 -0.3534393653757255 0.5497976311117785,
          -0.6533176244920598 -0.3825600123589815 0.6533176244920599,
          -0.5497976311117766 -0.35343936537572723 0.7568376178723425,
          -0.4620376183125717 -0.2705107789498459 0.8445976306715487,
          -0.40339825249661954 -0.14639937861516542 0.9032369964875039,
          -0.3828068455422195 3.7415515935290054e-16 0.923828403441903,
          -0.40339825249661926 0.14639937861516492 0.903236996487504,
          -0.46203761831257234 0.2705107789498452 0.8445976306715486,
          -0.5497976311117774 0.3534393653757269 0.7568376178723423,
          -0.65331762449206 0.38256001235898063 0.6533176244920601,
          -0.7568376178723417 0.3534393653757251 0.549797631111779,
          -0.8445976306715495 0.2705107789498429 0.4620376183125721,
          -0.9032369964875049 0.14639937861516683 0.403398252496617,
          -0.980751426769767 1.262769423275304e-16 0.19526043861741768,
          -0.9508554561566025 -0.21255232974401755 0.22515640923058247,
          -0.8657189348353161 -0.39274549407617365 0.31029293055187024,
          -0.7383031264125857 -0.5131467171820031 0.4377087389746005,
          -0.5880059326935919 -0.5554260042834476 0.5880059326935934,
          -0.43770873897459917 -0.5131467171820029 0.7383031264125866,
          -0.3102929305518697 -0.39274549407617704 0.8657189348353149,
          -0.22515640923058272 -0.21255232974401908 0.9508554561566023,
          -0.1952604386174173 3.7883082698259095e-16 0.980751426769767,
          -0.2251564092305822 0.21255232974401866 0.9508554561566025,
          -0.31029293055186924 0.3927454940761769 0.8657189348353151,
          -0.43770873897459905 0.5131467171820036 0.7383031264125861,
          -0.5880059326935917 0.5554260042834479 0.5880059326935932,
          -0.7383031264125851 0.5131467171820038 0.4377087389746005,
          -0.865718934835316 0.392745494076174 0.3102929305518703,
          -0.9508554561566025 0.21255232974401744 0.22515640923058247,
          -0.9999999826318814 9.857485301650582e-17 1.8637659977940418e-4,
          -0.9619468430855116 -0.27054761222883955 0.03823951614614986,
          -0.853580669989768 -0.49990680301605 0.14660568924189468,
          -0.6913992308566714 -0.6531597147105213 0.3087871283749921,
          -0.500093179615831 -0.7069749807478731 0.5000931796158318,
          -0.3087871283749898 -0.6531597147105207 0.6913992308566728,
          -0.14660568924189238 -0.4999068030160521 0.8535806699897671,
          -0.038239516146149524 -0.27054761222884305 0.9619468430855106,
          -1.8637659977949574e-4 3.731762292767721e-16 0.9999999826318814,
          -0.038239516146149156 0.2705476122288428 0.9619468430855107,
          -0.14660568924189168 0.49990680301605256 0.8535806699897669,
          -0.3087871283749887 0.6531597147105219 0.6913992308566722,
          -0.5000931796158303 0.706974980747874 0.5000931796158312,
          -0.6913992308566709 0.6531597147105221 0.30878712837499106,
          -0.8535806699897674 0.49990680301605106 0.14660568924189432,
          -0.9619468430855115 0.27054761222883983 0.03823951614614972,
          -0.9808186157403742 1.6253304104917393e-16 -0.19492265906542616,
          -0.9360696279983776 -0.3181532963529086 -0.15017367132342893,
          -0.8086352925055229 -0.5878706374028998 -0.022739335830574043,
          -0.6179163316454688 -0.7680900029688983 0.1679796250294806,
          -0.39294797833747436 -0.8313746283360965 0.3929479783374755,
          -0.1679796250294807 -0.7680900029688966 0.6179163316454708,
          0.022739335830571708 -0.5878706374028989 0.8086352925055237,
          0.1501736713234271 -0.3181532963529098 0.9360696279983775,
          0.19492265906542625 3.74532659808966e-16 0.9808186157403741,
          0.15017367132342743 0.3181532963529099 0.9360696279983773,
          0.02273933583057206 0.5878706374028992 0.8086352925055234,
          -0.16797962502947977 0.7680900029688967 0.6179163316454708,
          -0.3929479783374743 0.8313746283360964 0.3929479783374757,
          -0.6179163316454688 0.7680900029688984 0.16797962502947997,
          -0.8086352925055221 0.5878706374029008 -0.02273933583057429,
          -0.9360696279983773 0.3181532963529091 -0.15017367132342932,
          -0.923929288243754 1.9138374285629813e-16 -0.3825632893069983,
          -0.8742038753569054 -0.35353434392021055 -0.33283787642014956,
          -0.7325978800463911 -0.6532462887753769 -0.1912318811096366,
          -0.5206695314366947 -0.8535074078568456 0.020696467500059917,
          -0.2706829994683775 -0.9238297611560281 0.270682999468379,
          -0.020696467500059438 -0.8535074078568449 0.520669531436696,
          0.1912318811096381 -0.6532462887753766 0.7325978800463911,
          0.3328378764201532 -0.3535343439202104 0.8742038753569039,
          0.382563289307003 3.75679198940141e-16 0.9239292882437521,
          0.33283787642015317 0.3535343439202105 0.874203875356904,
          0.19123188110963785 0.6532462887753765 0.7325978800463914,
          -0.02069646750005878 0.8535074078568449 0.520669531436696,
          -0.27068299946837693 0.9238297611560284 0.27068299946837854,
          -0.5206695314366951 0.8535074078568453 0.020696467500059657,
          -0.7325978800463914 0.653246288775377 -0.1912318811096359,
          -0.8742038753569051 0.3535343439202109 -0.33283787642014934,
          -0.8315085507023408 1.349514687678711e-16 -0.5555119531647296,
          -0.7787182261169442 -0.3753250437578366 -0.5027216285793341,
          -0.6283841007333985 -0.6935102519335358 -0.3523875031957885,
          -0.4033931823591078 -0.906114810938443 -0.12739658482149857,
          -0.13799829876880332 -0.9807716039291879 0.1379982987688042,
          0.1273965848215011 -0.9061148109384426 0.4033931823591079,
          0.352387503195792 -0.6935102519335353 0.6283841007333971,
          0.5027216285793369 -0.3753250437578363 0.7787182261169424,
          0.5555119531647317 3.267246085958982e-16 0.8315085507023394,
          0.5027216285793364 0.37532504375783593 0.7787182261169429,
          0.3523875031957909 0.6935102519335349 0.6283841007333981,
          0.12739658482149996 0.9061148109384423 0.4033931823591091,
          -0.13799829876880437 0.9807716039291876 0.1379982987688055,
          -0.4033931823591091 0.9061148109384426 -0.12739658482149802,
          -0.6283841007333991 0.6935102519335355 -0.3523875031957878,
          -0.7787182261169444 0.37532504375783693 -0.5027216285793334,
          -0.7071067811865475 1.8611310940768316e-16 0.7071067811865475,
          -0.5190413153972514 3.1961908392381364e-16 -0.8547491520385914,
          -0.5375639092870416 -0.3591452288359835 -0.76291529545316,
          -0.487965219466444 -0.6932995542856761 -0.5303071493185321,
          -0.2893486232659844 -0.9212749655540377 -0.25986498813323455,
          0.0020421262819008317 -0.999991807791792 -0.003494863309561072,
          0.3122155253509333 -0.9233629766711602 0.22343294081852647,
          0.5810764487386694 -0.7061318148888343 0.40463319280931187,
          0.7624036581815453 -0.3819676306660658 0.5223422164776166,
          0.8263120029004005 0.0 0.5632126364551214,
          0.762403658181545 0.38196763066606626 0.5223422164776166,
          0.5810764487386696 0.7061318148888338 0.40463319280931215,
          0.3122155253509345 0.9233629766711596 0.22343294081852733,
          0.0020421262819005637 0.999991807791792 -0.003494863309561236,
          -0.28934862326598537 0.9212749655540373 -0.25986498813323466,
          -0.48796521946644394 0.6932995542856771 -0.5303071493185308,
          -0.5375639092870405 0.35914522883598504 -0.7629152954531601,
          -0.7225807707860745 4.758773027310113e-16 -0.6912865033328818,
          -0.7167038715245629 -0.35914522883598377 -0.5977878094659106,
          -0.6085917978111146 -0.6932995542856765 -0.38594267924695475,
          -0.3467473160980226 -0.9212749655540375 -0.17612136901076178,
          0.0010680053316872015 -0.999991807791792 -0.0039043199043153937,
          0.3594057396919748 -0.9233629766711603 0.13501232384282072,
          0.6660035254647072 -0.7061318148888341 0.24045199951421126,
          0.8716174971802889 -0.38196763066606565 0.3072192502635879,
          0.9439262609311323 0.0 0.3301563476969236,
          0.8716174971802887 0.3819676306660662 0.3072192502635879,
          0.6660035254647078 0.7061318148888338 0.2404519995142114,
          0.3594057396919763 0.9233629766711597 0.1350123238428212,
          0.0010680053316869259 0.999991807791792 -0.003904319904315593,
          -0.34674731609802345 0.9212749655540371 -0.17612136901076214,
          -0.6085917978111144 0.6932995542856769 -0.3859426792469543,
          -0.7167038715245628 0.359145228835985 -0.59778780946591,
          0.8314292761645089 -1.5702600992583506e-16 0.5556305955727786,
          0.8209323139148047 -0.07463058518085793 0.5661275578224817,
          0.7910394945130053 -0.13789934029586676 0.5960203772242806,
          0.746301728733948 -0.18017417091146376 0.640758143003339,
          0.6935299358686475 -0.19501911728871732 0.6935299358686394,
          0.6407581430033387 -0.18017417091146115 0.7463017287339488,
          0.5960203772242796 -0.13789934029586504 0.7910394945130065,
          0.5661275578224826 -0.07463058518085658 0.820932313914804,
          0.5556305955727747 -1.9192067879824266e-17 0.8314292761645115,
          0.566127557822482 0.0746305851808564 0.8209323139148046,
          0.5960203772242797 0.1378993402958649 0.7910394945130063,
          0.640758143003336 0.18017417091146137 0.746301728733951,
          0.6935299358686478 0.1950191172887173 0.6935299358686392,
          0.7463017287339504 0.18017417091146345 0.6407581430033362,
          0.7910394945130038 0.13789934029586692 0.5960203772242826,
          0.8209323139148058 0.07463058518085791 0.56612755782248,
          0.9238284034419029 -1.888259682715574e-16 0.3828068455422194,
          0.9032369964875049 -0.14639937861516672 0.40339825249661676,
          0.8445976306715498 -0.2705107789498429 0.4620376183125716,
          0.7568376178723418 -0.35343936537572523 0.5497976311117786,
          0.65331762449206 -0.38256001235898063 0.65331762449206,
          0.5497976311117767 -0.353439365375727 0.7568376178723426,
          0.4620376183125717 -0.27051077894984565 0.8445976306715488,
          0.4033982524966191 -0.1463993786151652 0.9032369964875041,
          0.38280684554221933 0.0 0.9238284034419031,
          0.403398252496619 0.1463993786151648 0.9032369964875042,
          0.46203761831257206 0.2705107789498454 0.8445976306715487,
          0.5497976311117773 0.35343936537572684 0.7568376178723423,
          0.65331762449206 0.38256001235898063 0.6533176244920601,
          0.7568376178723417 0.3534393653757251 0.549797631111779,
          0.8445976306715495 0.2705107789498429 0.4620376183125721,
          0.9032369964875049 0.14639937861516666 0.403398252496617,
          0.980751426769767 -1.894154134912956e-16 0.19526043861741774,
          0.9508554561566026 -0.21255232974401722 0.2251564092305826,
          0.8657189348353163 -0.3927454940761735 0.3102929305518705,
          0.7383031264125857 -0.5131467171820033 0.4377087389746003,
          0.5880059326935918 -0.5554260042834478 0.5880059326935932,
          0.4377087389745986 -0.5131467171820031 0.7383031264125867,
          0.31029293055186924 -0.3927454940761768 0.865718934835315,
          0.22515640923058217 -0.21255232974401886 0.9508554561566024,
          0.19526043861741707 0.0 0.9807514267697671,
          0.22515640923058183 0.21255232974401855 0.9508554561566025,
          0.31029293055186885 0.3927454940761769 0.8657189348353153,
          0.4377087389745987 0.5131467171820037 0.7383031264125862,
          0.5880059326935916 0.555426004283448 0.5880059326935932,
          0.7383031264125851 0.5131467171820038 0.4377087389746005,
          0.865718934835316 0.392745494076174 0.3102929305518703,
          0.9508554561566026 0.21255232974401725 0.22515640923058247,
          0.9999999826318814 -1.9010864510326125e-16 1.8637659977937957e-4,
          0.9619468430855116 -0.2705476122288395 0.03823951614614972,
          0.8535806699897678 -0.4999068030160504 0.1466056892418947,
          0.6913992308566713 -0.6531597147105216 0.30878712837499156,
          0.5000931796158307 -0.7069749807478735 0.5000931796158317,
          0.30878712837498895 -0.6531597147105211 0.6913992308566727,
          0.1466056892418922 -0.49990680301605217 0.853580669989767,
          0.03823951614614931 -0.2705476122288427 0.9619468430855107,
          1.8637659977946053e-4 0.0 0.9999999826318814,
          0.0382395161461491 0.27054761222884266 0.9619468430855107,
          0.1466056892418916 0.49990680301605256 0.8535806699897669,
          0.3087871283749883 0.6531597147105218 0.6913992308566723,
          0.5000931796158301 0.706974980747874 0.5000931796158313,
          0.6913992308566709 0.6531597147105221 0.30878712837499106,
          0.8535806699897674 0.49990680301605106 0.14660568924189432,
          0.9619468430855116 0.27054761222883966 0.03823951614614969,
          0.9808186157403741 -1.9786631084247258e-16 -0.19492265906542622,
          0.9360696279983775 -0.31815329635290873 -0.15017367132342951,
          0.8086352925055226 -0.5878706374029004 -0.022739335830574504,
          0.6179163316454687 -0.7680900029688984 0.16797962502947994,
          0.3929479783374743 -0.8313746283360965 0.3929479783374757,
          0.16797962502947994 -0.7680900029688967 0.6179163316454709,
          -0.02273933583057206 -0.5878706374028992 0.8086352925055234,
          -0.1501736713234275 -0.31815329635290973 0.9360696279983773,
          -0.19492265906542627 0.0 0.9808186157403741,
          -0.1501736713234275 0.3181532963529097 0.9360696279983775,
          -0.022739335830572093 0.5878706374028992 0.8086352925055234,
          0.16797962502947963 0.7680900029688967 0.6179163316454709,
          0.392947978337474 0.8313746283360965 0.39294797833747575,
          0.6179163316454687 0.7680900029688984 0.16797962502947994,
          0.8086352925055221 0.5878706374029008 -0.02273933583057429,
          0.9360696279983773 0.3181532963529089 -0.15017367132342935,
          0.923929288243754 -1.9138374285629813e-16 -0.3825632893069983,
          0.8742038753569054 -0.3535343439202105 -0.33283787642014956,
          0.7325978800463911 -0.653246288775377 -0.19123188110963643,
          0.5206695314366945 -0.8535074078568458 0.02069646750005936,
          0.27068299946837676 -0.9238297611560286 0.27068299946837837,
          0.02069646750005877 -0.8535074078568449 0.5206695314366959,
          -0.19123188110963804 -0.6532462887753766 0.7325978800463911,
          -0.3328378764201533 -0.3535343439202104 0.8742038753569039,
          -0.382563289307003 0.0 0.9239292882437521,
          -0.3328378764201532 0.35353434392021027 0.874203875356904,
          -0.1912318811096379 0.6532462887753765 0.7325978800463914,
          0.020696467500058702 0.8535074078568448 0.520669531436696,
          0.2706829994683767 0.9238297611560284 0.27068299946837854,
          0.520669531436695 0.8535074078568454 0.020696467500059674,
          0.7325978800463914 0.653246288775377 -0.1912318811096359,
          0.8742038753569052 0.35353434392021077 -0.3328378764201494,
          0.8315085507023409 -1.8467043094550787e-16 -0.5555119531647296,
          0.7787182261169444 -0.3753250437578366 -0.5027216285793338,
          0.6283841007333983 -0.6935102519335359 -0.3523875031957883,
          0.40339318235910765 -0.9061148109384431 -0.12739658482149863,
          0.13799829876880326 -0.9807716039291879 0.1379982987688043,
          -0.12739658482150118 -0.9061148109384425 0.4033931823591079,
          -0.35238750319579165 -0.6935102519335353 0.6283841007333972,
          -0.5027216285793367 -0.3753250437578362 0.7787182261169426,
          -0.5555119531647317 0.0 0.8315085507023395,
          -0.5027216285793364 0.3753250437578357 0.778718226116943,
          -0.352387503195791 0.6935102519335349 0.628384100733398,
          -0.1273965848215 0.9061148109384423 0.40339318235910904,
          0.13799829876880426 0.9807716039291876 0.13799829876880554,
          0.40339318235910887 0.9061148109384427 -0.12739658482149804,
          0.6283841007333989 0.6935102519335357 -0.3523875031957879,
          0.7787182261169444 0.37532504375783676 -0.5027216285793334,
          0.7071067811865475 -5.884138119446659e-17 0.7071067811865476,
          0.5190413153972514 4.829799490404295e-16 -0.8547491520385914,
          0.5375639092870415 -0.3591452288359838 -0.76291529545316,
          0.4879652194664439 -0.6932995542856767 -0.5303071493185317,
          0.28934862326598504 -0.9212749655540372 -0.25986498813323505,
          -0.00204212628190084 -0.999991807791792 -0.0034948633095611163,
          -0.312215525350934 -0.9233629766711599 0.22343294081852696,
          -0.5810764487386689 -0.7061318148888347 0.4046331928093117,
          -0.7624036581815451 -0.3819676306660663 0.5223422164776165,
          -0.8263120029004005 -1.9258630860515322e-16 0.5632126364551214,
          -0.7624036581815451 0.3819676306660661 0.5223422164776166,
          -0.5810764487386696 0.7061318148888338 0.40463319280931215,
          -0.3122155253509345 0.9233629766711596 0.22343294081852733,
          -0.0020421262819005637 0.999991807791792 -0.003494863309561236,
          0.28934862326598537 0.9212749655540373 -0.25986498813323466,
          0.48796521946644394 0.6932995542856771 -0.5303071493185308,
          0.5375639092870405 0.35914522883598504 -0.7629152954531601,
          0.7225807707860745 6.321355215382089e-16 -0.6912865033328818,
          0.7167038715245627 -0.35914522883598415 -0.5977878094659105,
          0.6085917978111143 -0.6932995542856768 -0.3859426792469546,
          0.3467473160980234 -0.9212749655540371 -0.1761213690107621,
          -0.0010680053316872234 -0.999991807791792 -0.003904319904315436,
          -0.3594057396919757 -0.92336297667116 0.13501232384282102,
          -0.666003525464707 -0.7061318148888346 0.24045199951421117,
          -0.8716174971802887 -0.3819676306660662 0.3072192502635878,
          -0.9439262609311323 -1.997191348497884e-16 0.3301563476969236,
          -0.8716174971802888 0.381967630666066 0.3072192502635879,
          -0.6660035254647078 0.7061318148888338 0.2404519995142114,
          -0.3594057396919763 0.9233629766711597 0.1350123238428212,
          -0.0010680053316869259 0.999991807791792 -0.003904319904315593,
          0.34674731609802345 0.9212749655540371 -0.17612136901076214,
          0.6085917978111144 0.6932995542856769 -0.3859426792469543,
          0.7167038715245628 0.359145228835985 -0.59778780946591,
          1.0 0.0 -4.244900923301646e-17,
          1.0 0.0 -4.244900923301646e-17,
          0.6558944945170171 0.7548525763765178 -4.198619437180241e-17,
          0.6558944945170171 0.7548525763765178 -4.198619437180241e-17,
          0.9238795325112867 0.0 0.3826834323650897,
          0.9238795325112867 0.0 0.3826834323650897,
          0.605967498971109 0.7548525763765174 0.2509999564311378,
          0.605967498971109 0.7548525763765174 0.2509999564311378,
          0.7071067811865477 0.0 0.7071067811865475,
          0.7071067811865477 0.0 0.7071067811865475,
          0.4637874448159068 0.7548525763765165 0.46378744481590656,
          0.4637874448159068 0.7548525763765165 0.46378744481590656,
          0.38268343236509056 0.0 0.9238795325112864,
          0.38268343236509056 0.0 0.9238795325112864,
          0.25099995643113826 0.7548525763765174 0.6059674989711088,
          0.25099995643113826 0.7548525763765174 0.6059674989711088,
          0.0 0.0 1.0,
          0.0 0.0 1.0,
          0.0 0.7548525763765189 0.6558944945170156,
          0.0 0.7548525763765189 0.6558944945170156,
          -0.38268343236509056 0.0 0.9238795325112864,
          -0.38268343236509056 0.0 0.9238795325112864,
          -0.2509999564311382 0.7548525763765175 0.6059674989711086,
          -0.2509999564311382 0.7548525763765175 0.6059674989711086,
          -0.7071067811865475 0.0 0.7071067811865475,
          -0.7071067811865475 0.0 0.7071067811865475,
          -0.46378744481590656 0.7548525763765167 0.46378744481590645,
          -0.46378744481590656 0.7548525763765167 0.46378744481590645,
          -0.9238795325112867 0.0 0.3826834323650897,
          -0.9238795325112867 0.0 0.3826834323650897,
          -0.6059674989711088 0.7548525763765176 0.25099995643113776,
          -0.6059674989711088 0.7548525763765176 0.25099995643113776,
          -1.0 0.0 1.9809537642074347e-16,
          -1.0 0.0 1.9809537642074347e-16,
          -0.6558944945170171 0.7548525763765178 1.2595858311540722e-16,
          -0.6558944945170171 0.7548525763765178 1.2595858311540722e-16,
          -0.9238795325112868 0.0 -0.38268343236508945,
          -0.9238795325112868 0.0 -0.38268343236508945,
          -0.6059674989711085 0.7548525763765179 -0.25099995643113726,
          -0.6059674989711085 0.7548525763765179 -0.25099995643113726,
          -0.7071067811865477 0.0 -0.7071067811865474,
          -0.7071067811865477 0.0 -0.7071067811865474,
          -0.46378744481590595 0.7548525763765175 -0.4637874448159057,
          -0.46378744481590595 0.7548525763765175 -0.4637874448159057,
          -0.38268343236509034 0.0 -0.9238795325112865,
          -0.38268343236509034 0.0 -0.9238795325112865,
          -0.2509999564311382 0.7548525763765171 -0.605967498971109,
          -0.2509999564311382 0.7548525763765171 -0.605967498971109,
          -5.093881107961976e-16 0.0 -1.0,
          -5.093881107961976e-16 0.0 -1.0,
          -3.0789875872655097e-16 0.7548525763765181 -0.6558944945170166,
          -3.0789875872655097e-16 0.7548525763765181 -0.6558944945170166,
          0.3826834323650899 0.0 -0.9238795325112866,
          0.3826834323650899 0.0 -0.9238795325112866,
          0.2509999564311376 0.7548525763765183 -0.6059674989711079,
          0.2509999564311376 0.7548525763765183 -0.6059674989711079,
          0.7071067811865474 0.0 -0.7071067811865477,
          0.7071067811865474 0.0 -0.7071067811865477,
          0.46378744481590584 0.7548525763765175 -0.463787444815906,
          0.46378744481590584 0.7548525763765175 -0.463787444815906,
          0.9238795325112865 0.0 -0.3826834323650902,
          0.9238795325112865 0.0 -0.3826834323650902,
          0.6059674989711088 0.7548525763765174 -0.2509999564311382,
          0.6059674989711088 0.7548525763765174 -0.2509999564311382,
          1.0 0.0 -4.244900923301646e-17,
          1.0 0.0 -4.244900923301646e-17,
          0.6558944945170171 -0.7548525763765178 -4.198619437180241e-17,
          0.6558944945170171 -0.7548525763765178 -4.198619437180241e-17,
          0.9238795325112867 0.0 0.3826834323650897,
          0.9238795325112867 0.0 0.3826834323650897,
          0.605967498971109 -0.7548525763765174 0.2509999564311378,
          0.605967498971109 -0.7548525763765174 0.2509999564311378,
          0.7071067811865477 0.0 0.7071067811865475,
          0.7071067811865477 0.0 0.7071067811865475,
          0.4637874448159068 -0.7548525763765165 0.46378744481590656,
          0.4637874448159068 -0.7548525763765165 0.46378744481590656,
          0.38268343236509056 0.0 0.9238795325112864,
          0.38268343236509056 0.0 0.9238795325112864,
          0.25099995643113826 -0.7548525763765174 0.6059674989711088,
          0.25099995643113826 -0.7548525763765174 0.6059674989711088,
          0.0 0.0 1.0,
          0.0 0.0 1.0,
          0.0 -0.7548525763765189 0.6558944945170156,
          0.0 -0.7548525763765189 0.6558944945170156,
          -0.38268343236509056 0.0 0.9238795325112864,
          -0.38268343236509056 0.0 0.9238795325112864,
          -0.2509999564311382 -0.7548525763765175 0.6059674989711086,
          -0.2509999564311382 -0.7548525763765175 0.6059674989711086,
          -0.7071067811865475 0.0 0.7071067811865475,
          -0.7071067811865475 0.0 0.7071067811865475,
          -0.46378744481590656 -0.7548525763765167 0.46378744481590645,
          -0.46378744481590656 -0.7548525763765167 0.46378744481590645,
          -0.9238795325112867 0.0 0.3826834323650897,
          -0.9238795325112867 0.0 0.3826834323650897,
          -0.6059674989711088 -0.7548525763765176 0.25099995643113776,
          -0.6059674989711088 -0.7548525763765176 0.25099995643113776,
          -1.0 0.0 1.9809537642074347e-16,
          -1.0 0.0 1.9809537642074347e-16,
          -0.6558944945170171 -0.7548525763765178 1.2595858311540722e-16,
          -0.6558944945170171 -0.7548525763765178 1.2595858311540722e-16,
          -0.9238795325112868 0.0 -0.38268343236508945,
          -0.9238795325112868 0.0 -0.38268343236508945,
          -0.6059674989711085 -0.7548525763765179 -0.25099995643113726,
          -0.6059674989711085 -0.7548525763765179 -0.25099995643113726,
          -0.7071067811865477 0.0 -0.7071067811865474,
          -0.7071067811865477 0.0 -0.7071067811865474,
          -0.46378744481590595 -0.7548525763765175 -0.4637874448159057,
          -0.46378744481590595 -0.7548525763765175 -0.4637874448159057,
          -0.38268343236509034 0.0 -0.9238795325112865,
          -0.38268343236509034 0.0 -0.9238795325112865,
          -0.2509999564311382 -0.7548525763765171 -0.605967498971109,
          -0.2509999564311382 -0.7548525763765171 -0.605967498971109,
          -5.093881107961976e-16 0.0 -1.0,
          -5.093881107961976e-16 0.0 -1.0,
          -3.0789875872655097e-16 -0.7548525763765181 -0.6558944945170166,
          -3.0789875872655097e-16 -0.7548525763765181 -0.6558944945170166,
          0.3826834323650899 0.0 -0.9238795325112866,
          0.3826834323650899 0.0 -0.9238795325112866,
          0.2509999564311376 -0.7548525763765183 -0.6059674989711079,
          0.2509999564311376 -0.7548525763765183 -0.6059674989711079,
          0.7071067811865474 0.0 -0.7071067811865477,
          0.7071067811865474 0.0 -0.7071067811865477,
          0.46378744481590584 -0.7548525763765175 -0.463787444815906,
          0.46378744481590584 -0.7548525763765175 -0.463787444815906,
          0.9238795325112865 0.0 -0.3826834323650902,
          0.9238795325112865 0.0 -0.3826834323650902,
          0.6059674989711088 -0.7548525763765174 -0.2509999564311382,
          0.6059674989711088 -0.7548525763765174 -0.2509999564311382,
          0.6558944945170171 -0.7548525763765178 -4.198619437180241e-17,
          0.6558944945170171 -0.7548525763765178 -4.198619437180241e-17,
          0.1631162913873704 -0.9866068495018826 -2.0827636033708463e-17,
          0.1631162913873704 -0.9866068495018826 -2.0827636033708463e-17,
          0.605967498971109 -0.7548525763765174 0.2509999564311378,
          0.605967498971109 -0.7548525763765174 0.2509999564311378,
          0.1506998030319386 -0.9866068495018826 0.06242190226278302,
          0.1506998030319386 -0.9866068495018826 0.06242190226278302,
          0.4637874448159068 -0.7548525763765165 0.46378744481590656,
          0.4637874448159068 -0.7548525763765165 0.46378744481590656,
          0.11534063576201037 -0.9866068495018826 0.11534063576201026,
          0.11534063576201037 -0.9866068495018826 0.11534063576201026,
          0.25099995643113826 -0.7548525763765174 0.6059674989711088,
          0.25099995643113826 -0.7548525763765174 0.6059674989711088,
          0.06242190226278288 -0.9866068495018827 0.1506998030319384,
          0.06242190226278288 -0.9866068495018827 0.1506998030319384,
          0.0 -0.7548525763765189 0.6558944945170156,
          0.0 -0.7548525763765189 0.6558944945170156,
          -3.471272672284743e-18 -0.9866068495018826 0.16311629138737022,
          -3.471272672284743e-18 -0.9866068495018826 0.16311629138737022,
          -0.2509999564311382 -0.7548525763765175 0.6059674989711086,
          -0.2509999564311382 -0.7548525763765175 0.6059674989711086,
          -0.06242190226278285 -0.9866068495018826 0.15069980303193845,
          -0.06242190226278285 -0.9866068495018826 0.15069980303193845,
          -0.46378744481590656 -0.7548525763765167 0.46378744481590645,
          -0.46378744481590656 -0.7548525763765167 0.46378744481590645,
          -0.11534063576201041 -0.9866068495018826 0.11534063576201035,
          -0.11534063576201041 -0.9866068495018826 0.11534063576201035,
          -0.6059674989711088 -0.7548525763765176 0.25099995643113776,
          -0.6059674989711088 -0.7548525763765176 0.25099995643113776,
          -0.1506998030319387 -0.9866068495018826 0.062421902262783026,
          -0.1506998030319387 -0.9866068495018826 0.062421902262783026,
          -0.6558944945170171 -0.7548525763765178 1.2595858311540722e-16,
          -0.6558944945170171 -0.7548525763765178 1.2595858311540722e-16,
          -0.16311629138737047 -0.9866068495018826 3.124145405056269e-17,
          -0.16311629138737047 -0.9866068495018826 3.124145405056269e-17,
          -0.6059674989711085 -0.7548525763765179 -0.25099995643113726,
          -0.6059674989711085 -0.7548525763765179 -0.25099995643113726,
          -0.15069980303193872 -0.9866068495018826 -0.062421902262783005,
          -0.15069980303193872 -0.9866068495018826 -0.062421902262783005,
          -0.46378744481590595 -0.7548525763765175 -0.4637874448159057,
          -0.46378744481590595 -0.7548525763765175 -0.4637874448159057,
          -0.11534063576201058 -0.9866068495018826 -0.11534063576201045,
          -0.11534063576201058 -0.9866068495018826 -0.11534063576201045,
          -0.2509999564311382 -0.7548525763765171 -0.605967498971109,
          -0.2509999564311382 -0.7548525763765171 -0.605967498971109,
          -0.06242190226278303 -0.9866068495018826 -0.1506998030319386,
          -0.06242190226278303 -0.9866068495018826 -0.1506998030319386,
          -3.0789875872655097e-16 -0.7548525763765181 -0.6558944945170166,
          -3.0789875872655097e-16 -0.7548525763765181 -0.6558944945170166,
          0.0 -0.9866068495018826 -0.16311629138737038,
          0.0 -0.9866068495018826 -0.16311629138737038,
          0.2509999564311376 -0.7548525763765183 -0.6059674989711079,
          0.2509999564311376 -0.7548525763765183 -0.6059674989711079,
          0.06242190226278299 -0.9866068495018826 -0.1506998030319386,
          0.06242190226278299 -0.9866068495018826 -0.1506998030319386,
          0.46378744481590584 -0.7548525763765175 -0.463787444815906,
          0.46378744481590584 -0.7548525763765175 -0.463787444815906,
          0.11534063576201038 -0.9866068495018826 -0.11534063576201047,
          0.11534063576201038 -0.9866068495018826 -0.11534063576201047,
          0.6059674989711088 -0.7548525763765174 -0.2509999564311382,
          0.6059674989711088 -0.7548525763765174 -0.2509999564311382,
          0.1506998030319385 -0.9866068495018826 -0.0624219022627831,
          0.1506998030319385 -0.9866068495018826 -0.0624219022627831,
          0.605967498971109 0.7548525763765174 0.2509999564311378,
          0.605967498971109 0.7548525763765174 0.2509999564311378,
          0.1506998030319386 0.9866068495018826 0.062421902262783026,
          0.1506998030319386 0.9866068495018826 0.062421902262783026,
          0.6558944945170171 0.7548525763765178 -4.198619437180241e-17,
          0.6558944945170171 0.7548525763765178 -4.198619437180241e-17,
          0.1631162913873704 0.9866068495018826 -6.942545344569488e-18,
          0.1631162913873704 0.9866068495018826 -6.942545344569488e-18,
          0.6059674989711088 0.7548525763765174 -0.2509999564311382,
          0.6059674989711088 0.7548525763765174 -0.2509999564311382,
          0.15069980303193853 0.9866068495018826 -0.062421902262783095,
          0.15069980303193853 0.9866068495018826 -0.062421902262783095,
          0.46378744481590584 0.7548525763765175 -0.463787444815906,
          0.46378744481590584 0.7548525763765175 -0.463787444815906,
          0.11534063576201037 0.9866068495018826 -0.11534063576201048,
          0.11534063576201037 0.9866068495018826 -0.11534063576201048,
          0.2509999564311376 0.7548525763765183 -0.6059674989711079,
          0.2509999564311376 0.7548525763765183 -0.6059674989711079,
          0.06242190226278298 0.9866068495018826 -0.1506998030319386,
          0.06242190226278298 0.9866068495018826 -0.1506998030319386,
          -3.0789875872655097e-16 0.7548525763765181 -0.6558944945170166,
          -3.0789875872655097e-16 0.7548525763765181 -0.6558944945170166,
          0.0 0.9866068495018826 -0.16311629138737038,
          0.0 0.9866068495018826 -0.16311629138737038,
          -0.2509999564311382 0.7548525763765171 -0.605967498971109,
          -0.2509999564311382 0.7548525763765171 -0.605967498971109,
          -0.06242190226278305 0.9866068495018826 -0.1506998030319386,
          -0.06242190226278305 0.9866068495018826 -0.1506998030319386,
          -0.46378744481590595 0.7548525763765175 -0.4637874448159057,
          -0.46378744481590595 0.7548525763765175 -0.4637874448159057,
          -0.11534063576201056 0.9866068495018826 -0.11534063576201042,
          -0.11534063576201056 0.9866068495018826 -0.11534063576201042,
          -0.6059674989711085 0.7548525763765179 -0.25099995643113726,
          -0.6059674989711085 0.7548525763765179 -0.25099995643113726,
          -0.15069980303193872 0.9866068495018826 -0.06242190226278303,
          -0.15069980303193872 0.9866068495018826 -0.06242190226278303,
          -0.6558944945170171 0.7548525763765178 1.2595858311540722e-16,
          -0.6558944945170171 0.7548525763765178 1.2595858311540722e-16,
          -0.16311629138737047 0.9866068495018826 3.818399939513218e-17,
          -0.16311629138737047 0.9866068495018826 3.818399939513218e-17,
          -0.6059674989711088 0.7548525763765176 0.25099995643113776,
          -0.6059674989711088 0.7548525763765176 0.25099995643113776,
          -0.15069980303193867 0.9866068495018826 0.06242190226278306,
          -0.15069980303193867 0.9866068495018826 0.06242190226278306,
          -0.46378744481590656 0.7548525763765167 0.46378744481590645,
          -0.46378744481590656 0.7548525763765167 0.46378744481590645,
          -0.11534063576201041 0.9866068495018826 0.11534063576201035,
          -0.11534063576201041 0.9866068495018826 0.11534063576201035,
          -0.2509999564311382 0.7548525763765175 0.6059674989711086,
          -0.2509999564311382 0.7548525763765175 0.6059674989711086,
          -0.06242190226278287 0.9866068495018826 0.15069980303193845,
          -0.06242190226278287 0.9866068495018826 0.15069980303193845,
          0.0 0.7548525763765189 0.6558944945170156,
          0.0 0.7548525763765189 0.6558944945170156,
          0.0 0.9866068495018826 0.1631162913873702,
          0.0 0.9866068495018826 0.1631162913873702,
          0.25099995643113826 0.7548525763765174 0.6059674989711088,
          0.25099995643113826 0.7548525763765174 0.6059674989711088,
          0.062421902262782866 0.9866068495018827 0.15069980303193836,
          0.062421902262782866 0.9866068495018827 0.15069980303193836,
          0.4637874448159068 0.7548525763765165 0.46378744481590656,
          0.4637874448159068 0.7548525763765165 0.46378744481590656,
          0.11534063576201037 0.9866068495018826 0.11534063576201026,
          0.11534063576201037 0.9866068495018826 0.11534063576201026,
          0.1631162913873704 -0.9866068495018826 -2.0827636033708463e-17,
          0.1631162913873704 -0.9866068495018826 -2.0827636033708463e-17,
          0.0 -1.0 6.372377288111886e-17,
          0.1506998030319386 -0.9866068495018826 0.06242190226278302,
          0.1506998030319386 -0.9866068495018826 0.06242190226278302,
          0.0 -1.0 6.372377288111886e-17,
          0.11534063576201037 -0.9866068495018826 0.11534063576201026,
          0.11534063576201037 -0.9866068495018826 0.11534063576201026,
          0.0 -1.0 6.372377288111886e-17,
          0.06242190226278288 -0.9866068495018827 0.1506998030319384,
          0.06242190226278288 -0.9866068495018827 0.1506998030319384,
          0.0 -1.0 6.372377288111886e-17,
          -3.471272672284743e-18 -0.9866068495018826 0.16311629138737022,
          -3.471272672284743e-18 -0.9866068495018826 0.16311629138737022,
          0.0 -1.0 6.372377288111886e-17,
          -0.06242190226278285 -0.9866068495018826 0.15069980303193845,
          -0.06242190226278285 -0.9866068495018826 0.15069980303193845,
          0.0 -1.0 6.372377288111886e-17,
          -0.11534063576201041 -0.9866068495018826 0.11534063576201035,
          -0.11534063576201041 -0.9866068495018826 0.11534063576201035,
          0.0 -1.0 6.372377288111886e-17,
          -0.1506998030319387 -0.9866068495018826 0.062421902262783026,
          -0.1506998030319387 -0.9866068495018826 0.062421902262783026,
          0.0 -1.0 6.372377288111886e-17,
          -0.16311629138737047 -0.9866068495018826 3.124145405056269e-17,
          -0.16311629138737047 -0.9866068495018826 3.124145405056269e-17,
          0.0 -1.0 6.372377288111886e-17,
          -0.15069980303193872 -0.9866068495018826 -0.062421902262783005,
          -0.15069980303193872 -0.9866068495018826 -0.062421902262783005,
          0.0 -1.0 6.372377288111886e-17,
          -0.11534063576201058 -0.9866068495018826 -0.11534063576201045,
          -0.11534063576201058 -0.9866068495018826 -0.11534063576201045,
          0.0 -1.0 6.372377288111886e-17,
          -0.06242190226278303 -0.9866068495018826 -0.1506998030319386,
          -0.06242190226278303 -0.9866068495018826 -0.1506998030319386,
          0.0 -1.0 6.372377288111886e-17,
          0.0 -0.9866068495018826 -0.16311629138737038,
          0.0 -0.9866068495018826 -0.16311629138737038,
          0.0 -1.0 6.372377288111886e-17,
          0.06242190226278299 -0.9866068495018826 -0.1506998030319386,
          0.06242190226278299 -0.9866068495018826 -0.1506998030319386,
          0.0 -1.0 6.372377288111886e-17,
          0.11534063576201038 -0.9866068495018826 -0.11534063576201047,
          0.11534063576201038 -0.9866068495018826 -0.11534063576201047,
          0.0 -1.0 6.372377288111886e-17,
          0.1506998030319385 -0.9866068495018826 -0.0624219022627831,
          0.1506998030319385 -0.9866068495018826 -0.0624219022627831,
          0.0 -1.0 6.372377288111886e-17,
          0.1506998030319386 0.9866068495018826 0.062421902262783026,
          0.1506998030319386 0.9866068495018826 0.062421902262783026,
          0.0 1.0 3.186188644055942e-17,
          0.1631162913873704 0.9866068495018826 -6.942545344569488e-18,
          0.1631162913873704 0.9866068495018826 -6.942545344569488e-18,
          0.0 1.0 3.186188644055942e-17,
          0.15069980303193853 0.9866068495018826 -0.062421902262783095,
          0.15069980303193853 0.9866068495018826 -0.062421902262783095,
          0.0 1.0 3.186188644055942e-17,
          0.11534063576201037 0.9866068495018826 -0.11534063576201048,
          0.11534063576201037 0.9866068495018826 -0.11534063576201048,
          0.0 1.0 3.186188644055942e-17,
          0.06242190226278298 0.9866068495018826 -0.1506998030319386,
          0.06242190226278298 0.9866068495018826 -0.1506998030319386,
          0.0 1.0 3.186188644055942e-17,
          0.0 0.9866068495018826 -0.16311629138737038,
          0.0 0.9866068495018826 -0.16311629138737038,
          0.0 1.0 3.186188644055942e-17,
          -0.06242190226278305 0.9866068495018826 -0.1506998030319386,
          -0.06242190226278305 0.9866068495018826 -0.1506998030319386,
          0.0 1.0 3.186188644055942e-17,
          -0.11534063576201056 0.9866068495018826 -0.11534063576201042,
          -0.11534063576201056 0.9866068495018826 -0.11534063576201042,
          0.0 1.0 3.186188644055942e-17,
          -0.15069980303193872 0.9866068495018826 -0.06242190226278303,
          -0.15069980303193872 0.9866068495018826 -0.06242190226278303,
          0.0 1.0 3.186188644055942e-17,
          -0.16311629138737047 0.9866068495018826 3.818399939513218e-17,
          -0.16311629138737047 0.9866068495018826 3.818399939513218e-17,
          0.0 1.0 3.186188644055942e-17,
          -0.15069980303193867 0.9866068495018826 0.06242190226278306,
          -0.15069980303193867 0.9866068495018826 0.06242190226278306,
          0.0 1.0 3.186188644055942e-17,
          -0.11534063576201041 0.9866068495018826 0.11534063576201035,
          -0.11534063576201041 0.9866068495018826 0.11534063576201035,
          0.0 1.0 3.186188644055942e-17,
          -0.06242190226278287 0.9866068495018826 0.15069980303193845,
          -0.06242190226278287 0.9866068495018826 0.15069980303193845,
          0.0 1.0 3.186188644055942e-17,
          0.0 0.9866068495018826 0.1631162913873702,
          0.0 0.9866068495018826 0.1631162913873702,
          0.0 1.0 3.186188644055942e-17,
          0.062421902262782866 0.9866068495018827 0.15069980303193836,
          0.062421902262782866 0.9866068495018827 0.15069980303193836,
          0.0 1.0 3.186188644055942e-17,
          0.11534063576201037 0.9866068495018826 0.11534063576201026,
          0.11534063576201037 0.9866068495018826 0.11534063576201026,
          0.0 1.0 3.186188644055942e-17,
          -0.7071066947440059 -9.904768821037175e-17 -0.7071068676290786,
          -0.7071066947440059 -9.904768821037175e-17 -0.7071068676290786,
          -0.40303369287239016 8.450258622753855e-17 -0.9151851410559745,
          -0.40303369287239016 8.450258622753855e-17 -0.9151851410559745,
          -0.6532814025756941 -0.3826834323650872 -0.6532815623006742,
          -0.6532814025756941 -0.3826834323650872 -0.6532815623006742,
          -0.4338615218604376 -0.3564645784895278 -0.8274643098836519,
          -0.4338615218604376 -0.3564645784895278 -0.8274643098836519,
          -0.4999999388758949 -0.7071067811865442 -0.5000000611241021,
          -0.4999999388758949 -0.7071067811865442 -0.5000000611241021,
          -0.41627962204471886 -0.6902001556350075 -0.5918910553739747,
          -0.41627962204471886 -0.6902001556350075 -0.5918910553739747,
          -0.27059801699297104 -0.9238795325112861 -0.270598083153224,
          -0.27059801699297104 -0.9238795325112861 -0.270598083153224,
          -0.2548029759016731 -0.9200697437263561 -0.29756866459855774,
          -0.2548029759016731 -0.9200697437263561 -0.29756866459855774,
          -1.2734702769904936e-16 -1.0 -1.2734702769904936e-16,
          -1.2734702769904936e-16 -1.0 -1.2734702769904936e-16,
          0.002502233410039396 -0.9999916658031003 -0.003226011826099153,
          0.002502233410039396 -0.9999916658031003 -0.003226011826099153,
          0.27059801699297176 -0.9238795325112857 0.2705980831532247,
          0.27059801699297176 -0.9238795325112857 0.2705980831532247,
          0.2824394616451768 -0.9221857248655954 0.26419962028681854,
          0.2824394616451768 -0.9221857248655954 0.26419962028681854,
          0.49999993887589517 -0.707106781186544 0.5000000611241024,
          0.49999993887589517 -0.707106781186544 0.5000000611241024,
          0.5255269840865522 -0.7030835000848162 0.4790563441865444,
          0.5255269840865522 -0.7030835000848162 0.4790563441865444,
          0.653281402575694 -0.38268343236508734 0.6532815623006742,
          0.653281402575694 -0.38268343236508734 0.6532815623006742,
          0.6885581551090048 -0.3791713907357788 0.6181559054804695,
          0.6885581551090048 -0.3791713907357788 0.6181559054804695,
          0.7071066947440059 9.904768821037171e-17 0.7071068676290786,
          0.7071066947440059 9.904768821037171e-17 0.7071068676290786,
          0.745728788320398 0.0 0.6662496335985417,
          0.745728788320398 0.0 0.6662496335985417,
          0.6532814025756939 0.38268343236508773 0.6532815623006739,
          0.6532814025756939 0.38268343236508773 0.6532815623006739,
          0.6885581551090045 0.37917139073577927 0.6181559054804694,
          0.6885581551090045 0.37917139073577927 0.6181559054804694,
          0.49999993887589506 0.7071067811865441 0.5000000611241022,
          0.49999993887589506 0.7071067811865441 0.5000000611241022,
          0.5255269840865523 0.7030835000848159 0.47905634418654475,
          0.5255269840865523 0.7030835000848159 0.47905634418654475,
          0.2705980169929723 0.9238795325112853 0.2705980831532253,
          0.2705980169929723 0.9238795325112853 0.2705980831532253,
          0.28243946164517775 0.9221857248655948 0.2641996202868197,
          0.28243946164517775 0.9221857248655948 0.2641996202868197,
          -1.131973579547106e-16 1.0 -1.2734702769904943e-16,
          -1.131973579547106e-16 1.0 -1.2734702769904943e-16,
          0.0025022334100391137 0.9999916658031003 -0.0032260118260992532,
          0.0025022334100391137 0.9999916658031003 -0.0032260118260992532,
          -0.2705980169929716 0.9238795325112857 -0.27059808315322464,
          -0.2705980169929716 0.9238795325112857 -0.27059808315322464,
          -0.25480297590167367 0.9200697437263555 -0.2975686645985586,
          -0.25480297590167367 0.9200697437263555 -0.2975686645985586,
          -0.4999999388758944 0.707106781186545 -0.5000000611241016,
          -0.4999999388758944 0.707106781186545 -0.5000000611241016,
          -0.4162796220447164 0.6902001556350079 -0.5918910553739757,
          -0.4162796220447164 0.6902001556350079 -0.5918910553739757,
          -0.6532814025756938 0.3826834323650881 -0.6532815623006738,
          -0.6532814025756938 0.3826834323650881 -0.6532815623006738,
          -0.43386152186043353 0.35646457848952856 -0.8274643098836537,
          -0.43386152186043353 0.35646457848952856 -0.8274643098836537,
          -0.7071066947440059 -9.904768821037175e-17 -0.7071068676290786,
          -0.7071066947440059 -9.904768821037175e-17 -0.7071068676290786,
          -0.7730104533627359 8.488249521176883e-17 -0.6343932841636468,
          -0.7730104533627359 8.488249521176883e-17 -0.6343932841636468,
          -0.6532814025756941 -0.3826834323650872 -0.6532815623006742,
          -0.6532814025756941 -0.3826834323650872 -0.6532815623006742,
          -0.7194443381397999 -0.3808407070402309 -0.5808271689407121,
          -0.7194443381397999 -0.3808407070402309 -0.5808271689407121,
          -0.4999999388758949 -0.7071067811865442 -0.5000000611241021,
          -0.4999999388758949 -0.7071067811865442 -0.5000000611241021,
          -0.5669009479356437 -0.7037018687631913 -0.42828377873655327,
          -0.5669009479356437 -0.7037018687631913 -0.42828377873655327,
          -0.27059801699297104 -0.9238795325112861 -0.270598083153224,
          -0.27059801699297104 -0.9238795325112861 -0.270598083153224,
          -0.33860363109957053 -0.9194308000402822 -0.19998646190048058,
          -0.33860363109957053 -0.9194308000402822 -0.19998646190048058,
          -1.2734702769904936e-16 -1.0 -1.2734702769904936e-16,
          -1.2734702769904936e-16 -1.0 -1.2734702769904936e-16,
          -0.06930858459954348 -0.9951847266721973 0.06930858459954353,
          -0.06930858459954348 -0.9951847266721973 0.06930858459954353,
          0.27059801699297176 -0.9238795325112857 0.2705980831532247,
          0.27059801699297176 -0.9238795325112857 0.2705980831532247,
          0.19998646190048036 -0.9194308000402813 0.3386036310995735,
          0.19998646190048036 -0.9194308000402813 0.3386036310995735,
          0.49999993887589517 -0.707106781186544 0.5000000611241024,
          0.49999993887589517 -0.707106781186544 0.5000000611241024,
          0.42828377873655077 -0.7037018687631903 0.5669009479356469,
          0.42828377873655077 -0.7037018687631903 0.5669009479356469,
          0.653281402575694 -0.38268343236508734 0.6532815623006742,
          0.653281402575694 -0.38268343236508734 0.6532815623006742,
          0.5808271689407081 -0.3808407070402306 0.7194443381398031,
          0.5808271689407081 -0.3808407070402306 0.7194443381398031,
          0.7071066947440059 9.904768821037171e-17 0.7071068676290786,
          0.7071066947440059 9.904768821037171e-17 0.7071068676290786,
          0.6343932841636428 2.8294165070589593e-16 0.7730104533627391,
          0.6343932841636428 2.8294165070589593e-16 0.7730104533627391,
          0.6532814025756939 0.38268343236508773 0.6532815623006739,
          0.6532814025756939 0.38268343236508773 0.6532815623006739,
          0.5808271689407078 0.38084070704023004 0.7194443381398037,
          0.5808271689407078 0.38084070704023004 0.7194443381398037,
          0.49999993887589506 0.7071067811865441 0.5000000611241022,
          0.49999993887589506 0.7071067811865441 0.5000000611241022,
          0.4282837787365502 0.7037018687631901 0.5669009479356477,
          0.4282837787365502 0.7037018687631901 0.5669009479356477,
          0.2705980169929723 0.9238795325112853 0.2705980831532253,
          0.2705980169929723 0.9238795325112853 0.2705980831532253,
          0.199986461900478 0.919430800040281 0.33860363109957564,
          0.199986461900478 0.919430800040281 0.33860363109957564,
          -1.131973579547106e-16 1.0 -1.2734702769904943e-16,
          -1.131973579547106e-16 1.0 -1.2734702769904943e-16,
          -0.0693085845995469 0.9951847266721967 0.0693085845995473,
          -0.0693085845995469 0.9951847266721967 0.0693085845995473,
          -0.2705980169929716 0.9238795325112857 -0.27059808315322464,
          -0.2705980169929716 0.9238795325112857 -0.27059808315322464,
          -0.3386036310995719 0.9194308000402819 -0.19998646190048,
          -0.3386036310995719 0.9194308000402819 -0.19998646190048,
          -0.4999999388758944 0.707106781186545 -0.5000000611241016,
          -0.4999999388758944 0.707106781186545 -0.5000000611241016,
          -0.5669009479356435 0.7037018687631913 -0.4282837787365536,
          -0.5669009479356435 0.7037018687631913 -0.4282837787365536,
          -0.6532814025756938 0.3826834323650881 -0.6532815623006738,
          -0.6532814025756938 0.3826834323650881 -0.6532815623006738,
          -0.7194443381398004 0.3808407070402312 -0.5808271689407113,
          -0.7194443381398004 0.3808407070402312 -0.5808271689407113,
          -0.8066299871365359 3.943454023951799e-16 -0.5910567348843189,
          -0.8066299871365359 3.943454023951799e-16 -0.5910567348843189,
          -1.0 -1.9809537642074342e-16 0.0,
          -1.0 -1.9809537642074342e-16 0.0,
          -0.7894672545975445 -0.3564645784895282 -0.49967435215397926,
          -0.7894672545975445 -0.3564645784895282 -0.49967435215397926,
          -0.9238795325112872 -0.38268343236508884 0.0,
          -0.9238795325112872 -0.38268343236508884 0.0,
          -0.6564542554554997 -0.6902001556350078 -0.3044528792042812,
          -0.6564542554554997 -0.6902001556350078 -0.3044528792042812,
          -0.7071067811865475 -0.7071067811865475 0.0,
          -0.7071067811865475 -0.7071067811865475 0.0,
          -0.3694501823900027 -0.920069743726356 -0.1303005349617241,
          -0.3694501823900027 -0.920069743726356 -0.1303005349617241,
          -0.38268343236508884 -0.9238795325112872 0.0,
          -0.38268343236508884 -0.9238795325112872 0.0,
          5.539917862427202e-4 -0.9999916658031003 -0.004044924899330434,
          5.539917862427202e-4 -0.9999916658031003 -0.004044924899330434,
          0.0 -1.0 0.0,
          0.0 -1.0 0.0,
          0.3766995589593328 -0.9221857248655955 0.08758385201599794,
          0.3766995589593328 -0.9221857248655955 0.08758385201599794,
          0.38268343236508884 -0.9238795325112872 0.0,
          0.38268343236508884 -0.9238795325112872 0.0,
          0.6946478906864475 -0.703083500084816 0.15211147186637108,
          0.6946478906864475 -0.703083500084816 0.15211147186637108,
          0.7071067811865475 -0.7071067811865475 0.0,
          0.7071067811865475 -0.7071067811865475 0.0,
          0.9053868070475792 -0.37917139073577877 0.19105964009095414,
          0.9053868070475792 -0.37917139073577877 0.19105964009095414,
          0.9238795325112864 -0.3826834323650906 0.0,
          0.9238795325112864 -0.3826834323650906 0.0,
          0.9789448918181242 0.0 0.20412471379821007,
          0.9789448918181242 0.0 0.20412471379821007,
          1.0 0.0 0.0,
          1.0 0.0 0.0,
          0.905386807047579 0.37917139073577927 0.19105964009095408,
          0.905386807047579 0.37917139073577927 0.19105964009095408,
          0.9238795325112863 0.38268343236509106 0.0,
          0.9238795325112863 0.38268343236509106 0.0,
          0.6946478906864478 0.7030835000848156 0.15211147186637125,
          0.6946478906864478 0.7030835000848156 0.15211147186637125,
          0.7071067811865479 0.7071067811865471 0.0,
          0.7071067811865479 0.7071067811865471 0.0,
          0.3766995589593343 0.9221857248655948 0.08758385201599829,
          0.3766995589593343 0.9221857248655948 0.08758385201599829,
          0.3826834323650903 0.9238795325112865 0.0,
          0.3826834323650903 0.9238795325112865 0.0,
          5.539917862424232e-4 0.9999916658031004 -0.004044924899330603,
          5.539917862424232e-4 0.9999916658031004 -0.004044924899330603,
          -3.8204108309714813e-16 1.0 0.0,
          -3.8204108309714813e-16 1.0 0.0,
          -0.3694501823900032 0.9200697437263555 -0.13030053496172558,
          -0.3694501823900032 0.9200697437263555 -0.13030053496172558,
          -0.3826834323650899 0.9238795325112867 0.0,
          -0.3826834323650899 0.9238795325112867 0.0,
          -0.656454255455498 0.690200155635008 -0.30445287920428427,
          -0.656454255455498 0.690200155635008 -0.30445287920428427,
          -0.7071067811865461 0.7071067811865488 0.0,
          -0.7071067811865461 0.7071067811865488 0.0,
          -0.789467254597543 0.3564645784895289 -0.49967435215398115,
          -0.789467254597543 0.3564645784895289 -0.49967435215398115,
          -0.9238795325112864 0.3826834323650907 0.0,
          -0.9238795325112864 0.3826834323650907 0.0,
          -1.0 -1.9809537642074342e-16 0.0,
          -1.0 -1.9809537642074342e-16 0.0,
          -0.8700221846046783 5.070264682412029e-16 -0.4930125741760582,
          -0.8700221846046783 5.070264682412029e-16 -0.4930125741760582,
          -0.9238795325112872 -0.38268343236508884 0.0,
          -0.9238795325112872 -0.38268343236508884 0.0,
          -0.8037956891870192 -0.33294307583829036 -0.49301257417605826,
          -0.8037956891870192 -0.33294307583829036 -0.49301257417605826,
          -0.7071067811865475 -0.7071067811865475 0.0,
          -0.7071067811865475 -0.7071067811865475 0.0,
          -0.6151985865167022 -0.6151985865167022 -0.49301257417605815,
          -0.6151985865167022 -0.6151985865167022 -0.49301257417605815,
          -0.38268343236508884 -0.9238795325112872 0.0,
          -0.38268343236508884 -0.9238795325112872 0.0,
          -0.33294307583829064 -0.803795689187019 -0.4930125741760582,
          -0.33294307583829064 -0.803795689187019 -0.4930125741760582,
          0.0 -1.0 0.0,
          0.0 -1.0 0.0,
          0.0 -0.8700221846046783 -0.4930125741760581,
          0.0 -0.8700221846046783 -0.4930125741760581,
          0.38268343236508884 -0.9238795325112872 0.0,
          0.38268343236508884 -0.9238795325112872 0.0,
          0.33294307583829064 -0.803795689187019 -0.4930125741760582,
          0.33294307583829064 -0.803795689187019 -0.4930125741760582,
          0.7071067811865475 -0.7071067811865475 0.0,
          0.7071067811865475 -0.7071067811865475 0.0,
          0.6151985865167026 -0.6151985865167019 -0.4930125741760582,
          0.6151985865167026 -0.6151985865167019 -0.4930125741760582,
          0.9238795325112864 -0.3826834323650906 0.0,
          0.9238795325112864 -0.3826834323650906 0.0,
          0.8037956891870183 -0.33294307583829297 -0.493012574176058,
          0.8037956891870183 -0.33294307583829297 -0.493012574176058,
          1.0 0.0 0.0,
          1.0 0.0 0.0,
          0.870022184604678 1.1267254849804517e-16 -0.49301257417605865,
          0.870022184604678 1.1267254849804517e-16 -0.49301257417605865,
          0.9238795325112863 0.38268343236509106 0.0,
          0.9238795325112863 0.38268343236509106 0.0,
          0.8037956891870178 0.3329430758382936 -0.4930125741760582,
          0.8037956891870178 0.3329430758382936 -0.4930125741760582,
          0.7071067811865479 0.7071067811865471 0.0,
          0.7071067811865479 0.7071067811865471 0.0,
          0.615198586516703 0.6151985865167013 -0.4930125741760584,
          0.615198586516703 0.6151985865167013 -0.4930125741760584,
          0.3826834323650903 0.9238795325112865 0.0,
          0.3826834323650903 0.9238795325112865 0.0,
          0.3329430758382924 0.8037956891870182 -0.49301257417605865,
          0.3329430758382924 0.8037956891870182 -0.49301257417605865,
          -3.8204108309714813e-16 1.0 0.0,
          -3.8204108309714813e-16 1.0 0.0,
          -8.450441137353382e-17 0.8700221846046781 -0.4930125741760583,
          -8.450441137353382e-17 0.8700221846046781 -0.4930125741760583,
          -0.3826834323650899 0.9238795325112867 0.0,
          -0.3826834323650899 0.9238795325112867 0.0,
          -0.3329430758382919 0.8037956891870186 -0.49301257417605815,
          -0.3329430758382919 0.8037956891870186 -0.49301257417605815,
          -0.7071067811865461 0.7071067811865488 0.0,
          -0.7071067811865461 0.7071067811865488 0.0,
          -0.615198586516702 0.6151985865167025 -0.493012574176058,
          -0.615198586516702 0.6151985865167025 -0.493012574176058,
          -0.9238795325112864 0.3826834323650907 0.0,
          -0.9238795325112864 0.3826834323650907 0.0,
          -0.8037956891870186 0.3329430758382916 -0.49301257417605837,
          -0.8037956891870186 0.3329430758382916 -0.49301257417605837,
          -0.8700221846046783 5.070264682412029e-16 -0.4930125741760582,
          -0.8700221846046783 5.070264682412029e-16 -0.4930125741760582,
          1.6764241737296858e-16 -1.6921578347986904e-17 -1.0,
          -0.8037956891870192 -0.33294307583829036 -0.49301257417605826,
          -0.8037956891870192 -0.33294307583829036 -0.49301257417605826,
          1.6764241737296858e-16 -1.6921578347986904e-17 -1.0,
          -0.6151985865167022 -0.6151985865167022 -0.49301257417605815,
          -0.6151985865167022 -0.6151985865167022 -0.49301257417605815,
          1.6764241737296858e-16 -1.6921578347986904e-17 -1.0,
          -0.33294307583829064 -0.803795689187019 -0.4930125741760582,
          -0.33294307583829064 -0.803795689187019 -0.4930125741760582,
          1.6764241737296858e-16 -1.6921578347986904e-17 -1.0,
          0.0 -0.8700221846046783 -0.4930125741760581,
          0.0 -0.8700221846046783 -0.4930125741760581,
          1.6764241737296858e-16 -1.6921578347986904e-17 -1.0,
          0.33294307583829064 -0.803795689187019 -0.4930125741760582,
          0.33294307583829064 -0.803795689187019 -0.4930125741760582,
          1.6764241737296858e-16 -1.6921578347986904e-17 -1.0,
          0.6151985865167026 -0.6151985865167019 -0.4930125741760582,
          0.6151985865167026 -0.6151985865167019 -0.4930125741760582,
          1.6764241737296858e-16 -1.6921578347986904e-17 -1.0,
          0.8037956891870183 -0.33294307583829297 -0.493012574176058,
          0.8037956891870183 -0.33294307583829297 -0.493012574176058,
          1.6764241737296858e-16 -1.6921578347986904e-17 -1.0,
          0.870022184604678 1.1267254849804517e-16 -0.49301257417605865,
          0.870022184604678 1.1267254849804517e-16 -0.49301257417605865,
          1.6764241737296858e-16 -1.6921578347986904e-17 -1.0,
          0.8037956891870178 0.3329430758382936 -0.4930125741760582,
          0.8037956891870178 0.3329430758382936 -0.4930125741760582,
          1.6764241737296858e-16 -1.6921578347986904e-17 -1.0,
          0.615198586516703 0.6151985865167013 -0.4930125741760584,
          0.615198586516703 0.6151985865167013 -0.4930125741760584,
          1.6764241737296858e-16 -1.6921578347986904e-17 -1.0,
          0.3329430758382924 0.8037956891870182 -0.49301257417605865,
          0.3329430758382924 0.8037956891870182 -0.49301257417605865,
          1.6764241737296858e-16 -1.6921578347986904e-17 -1.0,
          -8.450441137353382e-17 0.8700221846046781 -0.4930125741760583,
          -8.450441137353382e-17 0.8700221846046781 -0.4930125741760583,
          1.6764241737296858e-16 -1.6921578347986904e-17 -1.0,
          -0.3329430758382919 0.8037956891870186 -0.49301257417605815,
          -0.3329430758382919 0.8037956891870186 -0.49301257417605815,
          1.6764241737296858e-16 -1.6921578347986904e-17 -1.0,
          -0.615198586516702 0.6151985865167025 -0.493012574176058,
          -0.615198586516702 0.6151985865167025 -0.493012574176058,
          1.6764241737296858e-16 -1.6921578347986904e-17 -1.0,
          -0.8037956891870186 0.3329430758382916 -0.49301257417605837,
          -0.8037956891870186 0.3329430758382916 -0.49301257417605837,
          1.6764241737296858e-16 -1.6921578347986904e-17 -1.0,
          0.7071067811865475 -9.904768821037181e-17 -0.7071067811865474,
          0.7071067811865475 -9.904768821037181e-17 -0.7071067811865474,
          0.40303369287239016 2.5350775868261566e-16 -0.9151851410559745,
          0.40303369287239016 2.5350775868261566e-16 -0.9151851410559745,
          0.653281482438188 -0.382683432365091 -0.6532814824381877,
          0.653281482438188 -0.382683432365091 -0.6532814824381877,
          0.4338615218604374 -0.35646457848952806 -0.8274643098836518,
          0.4338615218604374 -0.35646457848952806 -0.8274643098836518,
          0.5000000000000001 -0.7071067811865476 -0.4999999999999999,
          0.5000000000000001 -0.7071067811865476 -0.4999999999999999,
          0.41627962204471874 -0.6902001556350078 -0.5918910553739744,
          0.41627962204471874 -0.6902001556350078 -0.5918910553739744,
          0.27059805007309834 -0.9238795325112868 -0.27059805007309823,
          0.27059805007309834 -0.9238795325112868 -0.27059805007309823,
          0.2548029759016737 -0.9200697437263556 -0.2975686645985584,
          0.2548029759016737 -0.9200697437263556 -0.2975686645985584,
          4.244900923301646e-17 -1.0 -5.659867897735527e-17,
          4.244900923301646e-17 -1.0 -5.659867897735527e-17,
          -0.0025022334100394113 -0.9999916658031003 -0.003226011826099197,
          -0.0025022334100394113 -0.9999916658031003 -0.003226011826099197,
          -0.27059805007309934 -0.9238795325112862 0.27059805007309917,
          -0.27059805007309934 -0.9238795325112862 0.27059805007309917,
          -0.2824394616451774 -0.922185724865595 0.26419962028681915,
          -0.2824394616451774 -0.922185724865595 0.26419962028681915,
          -0.5000000000000002 -0.7071067811865474 0.49999999999999994,
          -0.5000000000000002 -0.7071067811865474 0.49999999999999994,
          -0.5255269840865519 -0.7030835000848166 0.47905634418654425,
          -0.5255269840865519 -0.7030835000848166 0.47905634418654425,
          -0.6532814824381883 -0.38268343236509006 0.6532814824381881,
          -0.6532814824381883 -0.38268343236509006 0.6532814824381881,
          -0.6885581551090045 -0.37917139073577927 0.6181559054804694,
          -0.6885581551090045 -0.37917139073577927 0.6181559054804694,
          -0.7071067811865476 -9.904768821037171e-17 0.7071067811865474,
          -0.7071067811865476 -9.904768821037171e-17 0.7071067811865474,
          -0.745728788320398 -1.9801050996484581e-16 0.6662496335985417,
          -0.745728788320398 -1.9801050996484581e-16 0.6662496335985417,
          -0.6532814824381885 0.3826834323650892 0.6532814824381883,
          -0.6532814824381885 0.3826834323650892 0.6532814824381883,
          -0.6885581551090045 0.37917139073577905 0.6181559054804694,
          -0.6885581551090045 0.37917139073577905 0.6181559054804694,
          -0.5000000000000007 0.7071067811865467 0.5000000000000004,
          -0.5000000000000007 0.7071067811865467 0.5000000000000004,
          -0.5255269840865523 0.7030835000848159 0.47905634418654475,
          -0.5255269840865523 0.7030835000848159 0.47905634418654475,
          -0.27059805007309945 0.9238795325112862 0.2705980500730993,
          -0.27059805007309945 0.9238795325112862 0.2705980500730993,
          -0.28243946164517775 0.9221857248655948 0.2641996202868197,
          -0.28243946164517775 0.9221857248655948 0.2641996202868197,
          1.2734702769904938e-16 1.0 -1.414966974433882e-16,
          1.2734702769904938e-16 1.0 -1.414966974433882e-16,
          -0.0025022334100391137 0.9999916658031003 -0.0032260118260992532,
          -0.0025022334100391137 0.9999916658031003 -0.0032260118260992532,
          0.2705980500730983 0.923879532511287 -0.2705980500730982,
          0.2705980500730983 0.923879532511287 -0.2705980500730982,
          0.25480297590167367 0.9200697437263555 -0.2975686645985586,
          0.25480297590167367 0.9200697437263555 -0.2975686645985586,
          0.4999999999999998 0.707106781186548 -0.49999999999999956,
          0.4999999999999998 0.707106781186548 -0.49999999999999956,
          0.4162796220447164 0.6902001556350079 -0.5918910553739757,
          0.4162796220447164 0.6902001556350079 -0.5918910553739757,
          0.6532814824381878 0.3826834323650915 -0.6532814824381876,
          0.6532814824381878 0.3826834323650915 -0.6532814824381876,
          0.43386152186043353 0.35646457848952856 -0.8274643098836537,
          0.43386152186043353 0.35646457848952856 -0.8274643098836537,
          0.7071067811865475 -9.904768821037181e-17 -0.7071067811865474,
          0.7071067811865475 -9.904768821037181e-17 -0.7071067811865474,
          0.773010453362736 -1.8391207295883248e-16 -0.6343932841636467,
          0.773010453362736 -1.8391207295883248e-16 -0.6343932841636467,
          0.653281482438188 -0.382683432365091 -0.6532814824381877,
          0.653281482438188 -0.382683432365091 -0.6532814824381877,
          0.7194443381398001 -0.380840707040231 -0.5808271689407117,
          0.7194443381398001 -0.380840707040231 -0.5808271689407117,
          0.5000000000000001 -0.7071067811865476 -0.4999999999999999,
          0.5000000000000001 -0.7071067811865476 -0.4999999999999999,
          0.5669009479356427 -0.7037018687631919 -0.42828377873655377,
          0.5669009479356427 -0.7037018687631919 -0.42828377873655377,
          0.27059805007309834 -0.9238795325112868 -0.27059805007309823,
          0.27059805007309834 -0.9238795325112868 -0.27059805007309823,
          0.3386036310995703 -0.9194308000402824 -0.19998646190048072,
          0.3386036310995703 -0.9194308000402824 -0.19998646190048072,
          4.244900923301646e-17 -1.0 -5.659867897735527e-17,
          4.244900923301646e-17 -1.0 -5.659867897735527e-17,
          0.06930858459954467 -0.995184726672197 0.06930858459954488,
          0.06930858459954467 -0.995184726672197 0.06930858459954488,
          -0.27059805007309934 -0.9238795325112862 0.27059805007309917,
          -0.27059805007309934 -0.9238795325112862 0.27059805007309917,
          -0.19998646190048033 -0.9194308000402812 0.33860363109957364,
          -0.19998646190048033 -0.9194308000402812 0.33860363109957364,
          -0.5000000000000002 -0.7071067811865474 0.49999999999999994,
          -0.5000000000000002 -0.7071067811865474 0.49999999999999994,
          -0.42828377873655116 -0.7037018687631907 0.5669009479356462,
          -0.42828377873655116 -0.7037018687631907 0.5669009479356462,
          -0.6532814824381883 -0.38268343236509006 0.6532814824381881,
          -0.6532814824381883 -0.38268343236509006 0.6532814824381881,
          -0.5808271689407081 -0.38084070704023065 0.7194443381398031,
          -0.5808271689407081 -0.38084070704023065 0.7194443381398031,
          -0.7071067811865476 -9.904768821037171e-17 0.7071067811865474,
          -0.7071067811865476 -9.904768821037171e-17 0.7071067811865474,
          -0.6343932841636428 0.0 0.7730104533627393,
          -0.6343932841636428 0.0 0.7730104533627393,
          -0.6532814824381885 0.3826834323650892 0.6532814824381883,
          -0.6532814824381885 0.3826834323650892 0.6532814824381883,
          -0.5808271689407078 0.3808407070402299 0.7194443381398037,
          -0.5808271689407078 0.3808407070402299 0.7194443381398037,
          -0.5000000000000007 0.7071067811865467 0.5000000000000004,
          -0.5000000000000007 0.7071067811865467 0.5000000000000004,
          -0.4282837787365502 0.7037018687631901 0.5669009479356477,
          -0.4282837787365502 0.7037018687631901 0.5669009479356477,
          -0.27059805007309945 0.9238795325112862 0.2705980500730993,
          -0.27059805007309945 0.9238795325112862 0.2705980500730993,
          -0.199986461900478 0.919430800040281 0.33860363109957564,
          -0.199986461900478 0.919430800040281 0.33860363109957564,
          1.2734702769904938e-16 1.0 -1.414966974433882e-16,
          1.2734702769904938e-16 1.0 -1.414966974433882e-16,
          0.06930858459954682 0.9951847266721967 0.06930858459954725,
          0.06930858459954682 0.9951847266721967 0.06930858459954725,
          0.2705980500730983 0.923879532511287 -0.2705980500730982,
          0.2705980500730983 0.923879532511287 -0.2705980500730982,
          0.3386036310995716 0.919430800040282 -0.19998646190048014,
          0.3386036310995716 0.919430800040282 -0.19998646190048014,
          0.4999999999999998 0.707106781186548 -0.49999999999999956,
          0.4999999999999998 0.707106781186548 -0.49999999999999956,
          0.5669009479356433 0.7037018687631914 -0.42828377873655377,
          0.5669009479356433 0.7037018687631914 -0.42828377873655377,
          0.6532814824381878 0.3826834323650915 -0.6532814824381876,
          0.6532814824381878 0.3826834323650915 -0.6532814824381876,
          0.7194443381398004 0.38084070704023104 -0.5808271689407113,
          0.7194443381398004 0.38084070704023104 -0.5808271689407113,
          0.8066299871365358 5.492668104790005e-16 -0.591056734884319,
          0.8066299871365358 5.492668104790005e-16 -0.591056734884319,
          1.0 1.4149669744338815e-17 0.0,
          1.0 1.4149669744338815e-17 0.0,
          0.7894672545975443 -0.35646457848952856 -0.4996743521539793,
          0.7894672545975443 -0.35646457848952856 -0.4996743521539793,
          0.923879532511287 -0.38268343236508917 0.0,
          0.923879532511287 -0.38268343236508917 0.0,
          0.6564542554554994 -0.6902001556350081 -0.3044528792042811,
          0.6564542554554994 -0.6902001556350081 -0.3044528792042811,
          0.707106781186547 -0.7071067811865479 0.0,
          0.707106781186547 -0.7071067811865479 0.0,
          0.36945018239000355 -0.9200697437263555 -0.1303005349617244,
          0.36945018239000355 -0.9200697437263555 -0.1303005349617244,
          0.3826834323650897 -0.9238795325112868 0.0,
          0.3826834323650897 -0.9238795325112868 0.0,
          -5.53991786242763e-4 -0.9999916658031004 -0.004044924899330472,
          -5.53991786242763e-4 -0.9999916658031004 -0.004044924899330472,
          1.414966974433882e-17 -1.0 0.0,
          1.414966974433882e-17 -1.0 0.0,
          -0.37669955895933377 -0.9221857248655951 0.08758385201599816,
          -0.37669955895933377 -0.9221857248655951 0.08758385201599816,
          -0.3826834323650897 -0.9238795325112868 0.0,
          -0.3826834323650897 -0.9238795325112868 0.0,
          -0.6946478906864471 -0.7030835000848165 0.15211147186637106,
          -0.6946478906864471 -0.7030835000848165 0.15211147186637106,
          -0.7071067811865471 -0.7071067811865479 0.0,
          -0.7071067811865471 -0.7071067811865479 0.0,
          -0.905386807047579 -0.37917139073577927 0.19105964009095408,
          -0.905386807047579 -0.37917139073577927 0.19105964009095408,
          -0.9238795325112863 -0.38268343236509106 0.0,
          -0.9238795325112863 -0.38268343236509106 0.0,
          -0.9789448918181242 -2.1215411781947768e-16 0.20412471379821,
          -0.9789448918181242 -2.1215411781947768e-16 0.20412471379821,
          -1.0 -1.8394570667640473e-16 0.0,
          -1.0 -1.8394570667640473e-16 0.0,
          -0.9053868070475791 0.37917139073577905 0.19105964009095408,
          -0.9053868070475791 0.37917139073577905 0.19105964009095408,
          -0.9238795325112863 0.3826834323650908 0.0,
          -0.9238795325112863 0.3826834323650908 0.0,
          -0.6946478906864478 0.7030835000848156 0.15211147186637125,
          -0.6946478906864478 0.7030835000848156 0.15211147186637125,
          -0.7071067811865479 0.7071067811865471 0.0,
          -0.7071067811865479 0.7071067811865471 0.0,
          -0.3766995589593343 0.9221857248655948 0.08758385201599829,
          -0.3766995589593343 0.9221857248655948 0.08758385201599829,
          -0.3826834323650904 0.9238795325112865 0.0,
          -0.3826834323650904 0.9238795325112865 0.0,
          -5.539917862424232e-4 0.9999916658031004 -0.004044924899330603,
          -5.539917862424232e-4 0.9999916658031004 -0.004044924899330603,
          3.96190752841487e-16 1.0 0.0,
          3.96190752841487e-16 1.0 0.0,
          0.3694501823900032 0.9200697437263555 -0.13030053496172558,
          0.3694501823900032 0.9200697437263555 -0.13030053496172558,
          0.38268343236508995 0.9238795325112866 0.0,
          0.38268343236508995 0.9238795325112866 0.0,
          0.656454255455498 0.690200155635008 -0.30445287920428427,
          0.656454255455498 0.690200155635008 -0.30445287920428427,
          0.7071067811865462 0.7071067811865488 0.0,
          0.7071067811865462 0.7071067811865488 0.0,
          0.789467254597543 0.3564645784895289 -0.49967435215398115,
          0.789467254597543 0.3564645784895289 -0.49967435215398115,
          0.9238795325112863 0.3826834323650906 0.0,
          0.9238795325112863 0.3826834323650906 0.0,
          1.0 1.4149669744338815e-17 0.0,
          1.0 1.4149669744338815e-17 0.0,
          0.8700221846046782 1.9717695987157885e-16 -0.4930125741760582,
          0.8700221846046782 1.9717695987157885e-16 -0.4930125741760582,
          0.923879532511287 -0.38268343236508917 0.0,
          0.923879532511287 -0.38268343236508917 0.0,
          0.803795689187019 -0.3329430758382904 -0.4930125741760583,
          0.803795689187019 -0.3329430758382904 -0.4930125741760583,
          0.707106781186547 -0.7071067811865479 0.0,
          0.707106781186547 -0.7071067811865479 0.0,
          0.6151985865167026 -0.6151985865167019 -0.49301257417605815,
          0.6151985865167026 -0.6151985865167019 -0.49301257417605815,
          0.3826834323650897 -0.9238795325112868 0.0,
          0.3826834323650897 -0.9238795325112868 0.0,
          0.3329430758382913 -0.8037956891870188 -0.4930125741760581,
          0.3329430758382913 -0.8037956891870188 -0.4930125741760581,
          1.414966974433882e-17 -1.0 0.0,
          1.414966974433882e-17 -1.0 0.0,
          -3.521017140563909e-16 -0.8700221846046784 -0.4930125741760579,
          -3.521017140563909e-16 -0.8700221846046784 -0.4930125741760579,
          -0.3826834323650897 -0.9238795325112868 0.0,
          -0.3826834323650897 -0.9238795325112868 0.0,
          -0.3329430758382917 -0.8037956891870188 -0.49301257417605787,
          -0.3329430758382917 -0.8037956891870188 -0.49301257417605787,
          -0.7071067811865471 -0.7071067811865479 0.0,
          -0.7071067811865471 -0.7071067811865479 0.0,
          -0.6151985865167027 -0.615198586516702 -0.49301257417605804,
          -0.6151985865167027 -0.615198586516702 -0.49301257417605804,
          -0.9238795325112863 -0.38268343236509106 0.0,
          -0.9238795325112863 -0.38268343236509106 0.0,
          -0.803795689187018 -0.33294307583829347 -0.4930125741760582,
          -0.803795689187018 -0.33294307583829347 -0.4930125741760582,
          -1.0 -1.8394570667640473e-16 0.0,
          -1.0 -1.8394570667640473e-16 0.0,
          -0.8700221846046777 -2.1126102843383472e-16 -0.49301257417605887,
          -0.8700221846046777 -2.1126102843383472e-16 -0.49301257417605887,
          -0.9238795325112863 0.3826834323650908 0.0,
          -0.9238795325112863 0.3826834323650908 0.0,
          -0.8037956891870178 0.33294307583829347 -0.4930125741760582,
          -0.8037956891870178 0.33294307583829347 -0.4930125741760582,
          -0.7071067811865479 0.7071067811865471 0.0,
          -0.7071067811865479 0.7071067811865471 0.0,
          -0.615198586516703 0.6151985865167013 -0.49301257417605837,
          -0.615198586516703 0.6151985865167013 -0.49301257417605837,
          -0.3826834323650904 0.9238795325112865 0.0,
          -0.3826834323650904 0.9238795325112865 0.0,
          -0.3329430758382924 0.803795689187018 -0.4930125741760586,
          -0.3329430758382924 0.803795689187018 -0.4930125741760586,
          3.96190752841487e-16 1.0 0.0,
          3.96190752841487e-16 1.0 0.0,
          7.042034281127818e-17 0.8700221846046782 -0.4930125741760583,
          7.042034281127818e-17 0.8700221846046782 -0.4930125741760583,
          0.38268343236508995 0.9238795325112866 0.0,
          0.38268343236508995 0.9238795325112866 0.0,
          0.3329430758382916 0.8037956891870187 -0.4930125741760582,
          0.3329430758382916 0.8037956891870187 -0.4930125741760582,
          0.7071067811865462 0.7071067811865488 0.0,
          0.7071067811865462 0.7071067811865488 0.0,
          0.6151985865167021 0.6151985865167026 -0.49301257417605815,
          0.6151985865167021 0.6151985865167026 -0.49301257417605815,
          0.9238795325112863 0.3826834323650906 0.0,
          0.9238795325112863 0.3826834323650906 0.0,
          0.8037956891870187 0.33294307583829125 -0.49301257417605854,
          0.8037956891870187 0.33294307583829125 -0.49301257417605854,
          0.8700221846046782 1.9717695987157885e-16 -0.4930125741760582,
          0.8700221846046782 1.9717695987157885e-16 -0.4930125741760582,
          -1.0058545042378104e-16 -1.692157834798689e-17 -1.0,
          0.803795689187019 -0.3329430758382904 -0.4930125741760583,
          0.803795689187019 -0.3329430758382904 -0.4930125741760583,
          -1.0058545042378104e-16 -1.692157834798689e-17 -1.0,
          0.6151985865167026 -0.6151985865167019 -0.49301257417605815,
          0.6151985865167026 -0.6151985865167019 -0.49301257417605815,
          -1.0058545042378104e-16 -1.692157834798689e-17 -1.0,
          0.3329430758382913 -0.8037956891870188 -0.4930125741760581,
          0.3329430758382913 -0.8037956891870188 -0.4930125741760581,
          -1.0058545042378104e-16 -1.692157834798689e-17 -1.0,
          -3.521017140563909e-16 -0.8700221846046784 -0.4930125741760579,
          -3.521017140563909e-16 -0.8700221846046784 -0.4930125741760579,
          -1.0058545042378104e-16 -1.692157834798689e-17 -1.0,
          -0.3329430758382917 -0.8037956891870188 -0.49301257417605787,
          -0.3329430758382917 -0.8037956891870188 -0.49301257417605787,
          -1.0058545042378104e-16 -1.692157834798689e-17 -1.0,
          -0.6151985865167027 -0.615198586516702 -0.49301257417605804,
          -0.6151985865167027 -0.615198586516702 -0.49301257417605804,
          -1.0058545042378104e-16 -1.692157834798689e-17 -1.0,
          -0.803795689187018 -0.33294307583829347 -0.4930125741760582,
          -0.803795689187018 -0.33294307583829347 -0.4930125741760582,
          -1.0058545042378104e-16 -1.692157834798689e-17 -1.0,
          -0.8700221846046777 -2.1126102843383472e-16 -0.49301257417605887,
          -0.8700221846046777 -2.1126102843383472e-16 -0.49301257417605887,
          -1.0058545042378104e-16 -1.692157834798689e-17 -1.0,
          -0.8037956891870178 0.33294307583829347 -0.4930125741760582,
          -0.8037956891870178 0.33294307583829347 -0.4930125741760582,
          -1.0058545042378104e-16 -1.692157834798689e-17 -1.0,
          -0.615198586516703 0.6151985865167013 -0.49301257417605837,
          -0.615198586516703 0.6151985865167013 -0.49301257417605837,
          -1.0058545042378104e-16 -1.692157834798689e-17 -1.0,
          -0.3329430758382924 0.803795689187018 -0.4930125741760586,
          -0.3329430758382924 0.803795689187018 -0.4930125741760586,
          -1.0058545042378104e-16 -1.692157834798689e-17 -1.0,
          7.042034281127818e-17 0.8700221846046782 -0.4930125741760583,
          7.042034281127818e-17 0.8700221846046782 -0.4930125741760583,
          -1.0058545042378104e-16 -1.692157834798689e-17 -1.0,
          0.3329430758382916 0.8037956891870187 -0.4930125741760582,
          0.3329430758382916 0.8037956891870187 -0.4930125741760582,
          -1.0058545042378104e-16 -1.692157834798689e-17 -1.0,
          0.6151985865167021 0.6151985865167026 -0.49301257417605815,
          0.6151985865167021 0.6151985865167026 -0.49301257417605815,
          -1.0058545042378104e-16 -1.692157834798689e-17 -1.0,
          0.8037956891870187 0.33294307583829125 -0.49301257417605854,
          0.8037956891870187 0.33294307583829125 -0.49301257417605854,
          -1.0058545042378104e-16 -1.692157834798689e-17 -1.0 ] }
        normalIndex [
          291, 295, 359, 355, -1,
          293, 352, 490, 487, -1,
          290, 354, 414, 350, -1,
          292, 486, 482, 296, -1,
          294, 299, 363, 358, -1,
          297, 483, 543, 301, -1,
          298, 303, 367, 362, -1,
          300, 542, 539, 305, -1,
          302, 307, 371, 366, -1,
          304, 538, 535, 309, -1,
          306, 311, 375, 370, -1,
          308, 534, 531, 313, -1,
          310, 315, 379, 374, -1,
          312, 530, 527, 317, -1,
          314, 319, 383, 378, -1,
          316, 526, 523, 321, -1,
          318, 323, 387, 382, -1,
          320, 522, 519, 325, -1,
          322, 327, 391, 386, -1,
          324, 518, 515, 329, -1,
          326, 331, 395, 390, -1,
          328, 514, 511, 333, -1,
          330, 335, 399, 394, -1,
          332, 510, 507, 337, -1,
          334, 339, 403, 398, -1,
          336, 506, 503, 341, -1,
          338, 343, 407, 402, -1,
          340, 502, 499, 345, -1,
          342, 347, 411, 406, -1,
          344, 498, 495, 349, -1,
          346, 351, 415, 410, -1,
          348, 494, 491, 353, -1,
          356, 360, 422, 418, -1,
          357, 419, 479, 417, -1,
          361, 364, 426, 423, -1,
          365, 368, 430, 427, -1,
          369, 372, 434, 431, -1,
          373, 376, 438, 435, -1,
          377, 380, 442, 439, -1,
          381, 384, 446, 443, -1,
          385, 388, 450, 447, -1,
          389, 392, 454, 451, -1,
          393, 396, 458, 455, -1,
          397, 400, 462, 459, -1,
          401, 404, 466, 463, -1,
          405, 408, 470, 467, -1,
          409, 412, 474, 471, -1,
          413, 416, 478, 475, -1,
          420, 424, 549, 546, -1,
          421, 547, 592, 481, -1,
          425, 428, 552, 550, -1,
          429, 432, 555, 553, -1,
          433, 436, 558, 556, -1,
          437, 440, 561, 559, -1,
          441, 444, 564, 562, -1,
          445, 448, 567, 565, -1,
          449, 452, 570, 568, -1,
          453, 456, 573, 571, -1,
          457, 460, 576, 574, -1,
          461, 464, 579, 577, -1,
          465, 468, 582, 580, -1,
          469, 472, 585, 583, -1,
          473, 476, 588, 586, -1,
          477, 480, 591, 589, -1,
          484, 488, 597, 594, -1,
          485, 595, 640, 545, -1,
          489, 492, 600, 598, -1,
          493, 496, 603, 601, -1,
          497, 500, 606, 604, -1,
          501, 504, 609, 607, -1,
          505, 508, 612, 610, -1,
          509, 512, 615, 613, -1,
          513, 516, 618, 616, -1,
          517, 520, 621, 619, -1,
          521, 524, 624, 622, -1,
          525, 528, 627, 625, -1,
          529, 532, 630, 628, -1,
          533, 536, 633, 631, -1,
          537, 540, 636, 634, -1,
          541, 544, 639, 637, -1,
          548, 551, 554, 557, 560, 563, 566, 569, 572, 575, 578, 581, 584, 587, 590, 593, -1,
          596, 599, 602, 605, 608, 611, 614, 617, 620, 623, 626, 629, 632, 635, 638, 641, -1,
          643, 647, 711, 707, -1,
          645, 705, 128, 113, -1,
          642, 706, 766, 702, -1,
          644, 113, 114, 648, -1,
          646, 651, 715, 710, -1,
          649, 114, 115, 652, -1,
          650, 655, 719, 714, -1,
          653, 115, 116, 656, -1,
          654, 659, 723, 718, -1,
          657, 116, 117, 660, -1,
          658, 663, 727, 722, -1,
          661, 117, 118, 664, -1,
          662, 667, 731, 726, -1,
          665, 118, 119, 668, -1,
          666, 671, 735, 730, -1,
          669, 119, 120, 672, -1,
          670, 675, 739, 734, -1,
          673, 120, 121, 676, -1,
          674, 679, 743, 738, -1,
          677, 121, 122, 680, -1,
          678, 683, 747, 742, -1,
          681, 122, 123, 684, -1,
          682, 687, 751, 746, -1,
          685, 123, 124, 688, -1,
          686, 691, 755, 750, -1,
          689, 124, 125, 692, -1,
          690, 695, 759, 754, -1,
          693, 125, 126, 696, -1,
          694, 699, 763, 758, -1,
          697, 126, 127, 700, -1,
          698, 703, 767, 762, -1,
          701, 127, 128, 704, -1,
          0, 1, 112, -1,
          0, 15, 31, 16, -1,
          0, 16, 17, 1, -1,
          0, 112, 15, -1,
          1, 2, 112, -1,
          1, 17, 18, 2, -1,
          2, 3, 112, -1,
          2, 18, 19, 3, -1,
          3, 4, 112, -1,
          3, 19, 20, 4, -1,
          4, 5, 112, -1,
          4, 20, 21, 5, -1,
          5, 6, 112, -1,
          5, 21, 22, 6, -1,
          6, 7, 112, -1,
          6, 22, 23, 7, -1,
          7, 8, 112, -1,
          7, 23, 24, 8, -1,
          8, 9, 112, -1,
          8, 24, 25, 9, -1,
          9, 10, 112, -1,
          9, 25, 26, 10, -1,
          10, 11, 112, -1,
          10, 26, 27, 11, -1,
          11, 12, 112, -1,
          11, 27, 28, 12, -1,
          12, 13, 112, -1,
          12, 28, 29, 13, -1,
          13, 14, 112, -1,
          13, 29, 30, 14, -1,
          14, 15, 112, -1,
          14, 30, 31, 15, -1,
          16, 31, 47, 32, -1,
          16, 32, 33, 17, -1,
          17, 33, 34, 18, -1,
          18, 34, 35, 19, -1,
          19, 35, 36, 20, -1,
          20, 36, 37, 21, -1,
          21, 37, 38, 22, -1,
          22, 38, 39, 23, -1,
          23, 39, 40, 24, -1,
          24, 40, 41, 25, -1,
          25, 41, 42, 26, -1,
          26, 42, 43, 27, -1,
          27, 43, 44, 28, -1,
          28, 44, 45, 29, -1,
          29, 45, 46, 30, -1,
          30, 46, 47, 31, -1,
          32, 47, 63, 48, -1,
          32, 48, 49, 33, -1,
          33, 49, 50, 34, -1,
          34, 50, 51, 35, -1,
          35, 51, 52, 36, -1,
          36, 52, 53, 37, -1,
          37, 53, 54, 38, -1,
          38, 54, 55, 39, -1,
          39, 55, 56, 40, -1,
          40, 56, 57, 41, -1,
          41, 57, 58, 42, -1,
          42, 58, 59, 43, -1,
          43, 59, 60, 44, -1,
          44, 60, 61, 45, -1,
          45, 61, 62, 46, -1,
          46, 62, 63, 47, -1,
          48, 63, 79, 64, -1,
          48, 64, 65, 49, -1,
          49, 65, 66, 50, -1,
          50, 66, 67, 51, -1,
          51, 67, 68, 52, -1,
          52, 68, 69, 53, -1,
          53, 69, 70, 54, -1,
          54, 70, 71, 55, -1,
          55, 71, 72, 56, -1,
          56, 72, 73, 57, -1,
          57, 73, 74, 58, -1,
          58, 74, 75, 59, -1,
          59, 75, 76, 60, -1,
          60, 76, 77, 61, -1,
          61, 77, 78, 62, -1,
          62, 78, 79, 63, -1,
          64, 79, 95, 80, -1,
          64, 80, 81, 65, -1,
          65, 81, 82, 66, -1,
          66, 82, 83, 67, -1,
          67, 83, 84, 68, -1,
          68, 84, 85, 69, -1,
          69, 85, 86, 70, -1,
          70, 86, 87, 71, -1,
          71, 87, 88, 72, -1,
          72, 88, 89, 73, -1,
          73, 89, 90, 74, -1,
          74, 90, 91, 75, -1,
          75, 91, 92, 76, -1,
          76, 92, 93, 77, -1,
          77, 93, 94, 78, -1,
          78, 94, 95, 79, -1,
          80, 95, 111, 96, -1,
          80, 96, 97, 81, -1,
          81, 97, 98, 82, -1,
          82, 98, 99, 83, -1,
          83, 99, 100, 84, -1,
          84, 100, 101, 85, -1,
          85, 101, 102, 86, -1,
          86, 102, 103, 87, -1,
          87, 103, 104, 88, -1,
          88, 104, 105, 89, -1,
          89, 105, 106, 90, -1,
          90, 106, 107, 91, -1,
          91, 107, 108, 92, -1,
          92, 108, 109, 93, -1,
          93, 109, 110, 94, -1,
          94, 110, 111, 95, -1,
          96, 111, 769, 709, -1,
          96, 708, 712, 97, -1,
          97, 713, 716, 98, -1,
          98, 717, 720, 99, -1,
          99, 721, 724, 100, -1,
          100, 725, 728, 101, -1,
          101, 729, 732, 102, -1,
          102, 733, 736, 103, -1,
          103, 737, 740, 104, -1,
          104, 741, 744, 105, -1,
          105, 745, 748, 106, -1,
          106, 749, 752, 107, -1,
          107, 753, 756, 108, -1,
          108, 757, 760, 109, -1,
          109, 761, 764, 110, -1,
          110, 765, 768, 111, -1,
          113, 128, 144, 129, -1,
          113, 129, 130, 114, -1,
          114, 130, 131, 115, -1,
          115, 131, 132, 116, -1,
          116, 132, 133, 117, -1,
          117, 133, 134, 118, -1,
          118, 134, 135, 119, -1,
          119, 135, 136, 120, -1,
          120, 136, 137, 121, -1,
          121, 137, 138, 122, -1,
          122, 138, 139, 123, -1,
          123, 139, 140, 124, -1,
          124, 140, 141, 125, -1,
          125, 141, 142, 126, -1,
          126, 142, 143, 127, -1,
          127, 143, 144, 128, -1,
          129, 144, 831, 771, -1,
          129, 770, 774, 130, -1,
          130, 775, 778, 131, -1,
          131, 779, 782, 132, -1,
          132, 783, 786, 133, -1,
          133, 787, 790, 134, -1,
          134, 791, 794, 135, -1,
          135, 795, 798, 136, -1,
          136, 799, 802, 137, -1,
          137, 803, 806, 138, -1,
          138, 807, 810, 139, -1,
          139, 811, 814, 140, -1,
          140, 815, 818, 141, -1,
          141, 819, 822, 142, -1,
          142, 823, 826, 143, -1,
          143, 827, 830, 144, -1,
          773, 833, 895, 835, -1,
          772, 834, 838, 776, -1,
          777, 839, 842, 780, -1,
          781, 843, 846, 784, -1,
          785, 847, 850, 788, -1,
          789, 851, 854, 792, -1,
          793, 855, 858, 796, -1,
          797, 859, 862, 800, -1,
          801, 863, 866, 804, -1,
          805, 867, 870, 808, -1,
          809, 871, 874, 812, -1,
          813, 875, 878, 816, -1,
          817, 879, 882, 820, -1,
          821, 883, 886, 824, -1,
          825, 887, 890, 828, -1,
          829, 891, 894, 832, -1,
          837, 897, 944, 899, -1,
          836, 898, 901, 840, -1,
          841, 902, 904, 844, -1,
          845, 905, 907, 848, -1,
          849, 908, 910, 852, -1,
          853, 911, 913, 856, -1,
          857, 914, 916, 860, -1,
          861, 917, 919, 864, -1,
          865, 920, 922, 868, -1,
          869, 923, 925, 872, -1,
          873, 926, 928, 876, -1,
          877, 929, 931, 880, -1,
          881, 932, 934, 884, -1,
          885, 935, 937, 888, -1,
          889, 938, 940, 892, -1,
          893, 941, 943, 896, -1,
          900, 945, 942, 939, 936, 933, 930, 927, 924, 921, 918, 915, 912, 909, 906, 903, -1,
          948, 952, 259, 258, -1,
          946, 1006, 1070, 1010, -1,
          947, 1011, 1015, 951, -1,
          949, 258, 273, 1009, -1,
          953, 956, 260, 259, -1,
          950, 1014, 1019, 955, -1,
          957, 960, 261, 260, -1,
          954, 1018, 1023, 959, -1,
          961, 964, 262, 261, -1,
          958, 1022, 1027, 963, -1,
          965, 968, 263, 262, -1,
          962, 1026, 1031, 967, -1,
          969, 972, 264, 263, -1,
          966, 1030, 1035, 971, -1,
          973, 976, 265, 264, -1,
          970, 1034, 1039, 975, -1,
          977, 980, 266, 265, -1,
          974, 1038, 1043, 979, -1,
          981, 984, 267, 266, -1,
          978, 1042, 1047, 983, -1,
          985, 988, 268, 267, -1,
          982, 1046, 1051, 987, -1,
          989, 992, 269, 268, -1,
          986, 1050, 1055, 991, -1,
          993, 996, 270, 269, -1,
          990, 1054, 1059, 995, -1,
          997, 1000, 271, 270, -1,
          994, 1058, 1063, 999, -1,
          1001, 1004, 272, 271, -1,
          998, 1062, 1067, 1003, -1,
          1005, 1008, 273, 272, -1,
          1002, 1066, 1071, 1007, -1,
          145, 146, 162, 161, -1,
          145, 160, 257, -1,
          145, 161, 176, 160, -1,
          145, 257, 146, -1,
          146, 147, 163, 162, -1,
          146, 257, 147, -1,
          147, 148, 164, 163, -1,
          147, 257, 148, -1,
          148, 149, 165, 164, -1,
          148, 257, 149, -1,
          149, 150, 166, 165, -1,
          149, 257, 150, -1,
          150, 151, 167, 166, -1,
          150, 257, 151, -1,
          151, 152, 168, 167, -1,
          151, 257, 152, -1,
          152, 153, 169, 168, -1,
          152, 257, 153, -1,
          153, 154, 170, 169, -1,
          153, 257, 154, -1,
          154, 155, 171, 170, -1,
          154, 257, 155, -1,
          155, 156, 172, 171, -1,
          155, 257, 156, -1,
          156, 157, 173, 172, -1,
          156, 257, 157, -1,
          157, 158, 174, 173, -1,
          157, 257, 158, -1,
          158, 159, 175, 174, -1,
          158, 257, 159, -1,
          159, 160, 176, 175, -1,
          159, 257, 160, -1,
          161, 162, 178, 177, -1,
          161, 177, 192, 176, -1,
          162, 163, 179, 178, -1,
          163, 164, 180, 179, -1,
          164, 165, 181, 180, -1,
          165, 166, 182, 181, -1,
          166, 167, 183, 182, -1,
          167, 168, 184, 183, -1,
          168, 169, 185, 184, -1,
          169, 170, 186, 185, -1,
          170, 171, 187, 186, -1,
          171, 172, 188, 187, -1,
          172, 173, 189, 188, -1,
          173, 174, 190, 189, -1,
          174, 175, 191, 190, -1,
          175, 176, 192, 191, -1,
          177, 178, 194, 193, -1,
          177, 193, 208, 192, -1,
          178, 179, 195, 194, -1,
          179, 180, 196, 195, -1,
          180, 181, 197, 196, -1,
          181, 182, 198, 197, -1,
          182, 183, 199, 198, -1,
          183, 184, 200, 199, -1,
          184, 185, 201, 200, -1,
          185, 186, 202, 201, -1,
          186, 187, 203, 202, -1,
          187, 188, 204, 203, -1,
          188, 189, 205, 204, -1,
          189, 190, 206, 205, -1,
          190, 191, 207, 206, -1,
          191, 192, 208, 207, -1,
          193, 194, 210, 209, -1,
          193, 209, 224, 208, -1,
          194, 195, 211, 210, -1,
          195, 196, 212, 211, -1,
          196, 197, 213, 212, -1,
          197, 198, 214, 213, -1,
          198, 199, 215, 214, -1,
          199, 200, 216, 215, -1,
          200, 201, 217, 216, -1,
          201, 202, 218, 217, -1,
          202, 203, 219, 218, -1,
          203, 204, 220, 219, -1,
          204, 205, 221, 220, -1,
          205, 206, 222, 221, -1,
          206, 207, 223, 222, -1,
          207, 208, 224, 223, -1,
          209, 210, 226, 225, -1,
          209, 225, 240, 224, -1,
          210, 211, 227, 226, -1,
          211, 212, 228, 227, -1,
          212, 213, 229, 228, -1,
          213, 214, 230, 229, -1,
          214, 215, 231, 230, -1,
          215, 216, 232, 231, -1,
          216, 217, 233, 232, -1,
          217, 218, 234, 233, -1,
          218, 219, 235, 234, -1,
          219, 220, 236, 235, -1,
          220, 221, 237, 236, -1,
          221, 222, 238, 237, -1,
          222, 223, 239, 238, -1,
          223, 224, 240, 239, -1,
          225, 226, 242, 241, -1,
          225, 241, 256, 240, -1,
          226, 227, 243, 242, -1,
          227, 228, 244, 243, -1,
          228, 229, 245, 244, -1,
          229, 230, 246, 245, -1,
          230, 231, 247, 246, -1,
          231, 232, 248, 247, -1,
          232, 233, 249, 248, -1,
          233, 234, 250, 249, -1,
          234, 235, 251, 250, -1,
          235, 236, 252, 251, -1,
          236, 237, 253, 252, -1,
          237, 238, 254, 253, -1,
          238, 239, 255, 254, -1,
          239, 240, 256, 255, -1,
          241, 242, 1016, 1012, -1,
          241, 1013, 1073, 256, -1,
          242, 243, 1020, 1017, -1,
          243, 244, 1024, 1021, -1,
          244, 245, 1028, 1025, -1,
          245, 246, 1032, 1029, -1,
          246, 247, 1036, 1033, -1,
          247, 248, 1040, 1037, -1,
          248, 249, 1044, 1041, -1,
          249, 250, 1048, 1045, -1,
          250, 251, 1052, 1049, -1,
          251, 252, 1056, 1053, -1,
          252, 253, 1060, 1057, -1,
          253, 254, 1064, 1061, -1,
          254, 255, 1068, 1065, -1,
          255, 256, 1072, 1069, -1,
          258, 259, 275, 274, -1,
          258, 274, 289, 273, -1,
          259, 260, 276, 275, -1,
          260, 261, 277, 276, -1,
          261, 262, 278, 277, -1,
          262, 263, 279, 278, -1,
          263, 264, 280, 279, -1,
          264, 265, 281, 280, -1,
          265, 266, 282, 281, -1,
          266, 267, 283, 282, -1,
          267, 268, 284, 283, -1,
          268, 269, 285, 284, -1,
          269, 270, 286, 285, -1,
          270, 271, 287, 286, -1,
          271, 272, 288, 287, -1,
          272, 273, 289, 288, -1,
          274, 275, 1078, 1074, -1,
          274, 1075, 1135, 289, -1,
          275, 276, 1082, 1079, -1,
          276, 277, 1086, 1083, -1,
          277, 278, 1090, 1087, -1,
          278, 279, 1094, 1091, -1,
          279, 280, 1098, 1095, -1,
          280, 281, 1102, 1099, -1,
          281, 282, 1106, 1103, -1,
          282, 283, 1110, 1107, -1,
          283, 284, 1114, 1111, -1,
          284, 285, 1118, 1115, -1,
          285, 286, 1122, 1119, -1,
          286, 287, 1126, 1123, -1,
          287, 288, 1130, 1127, -1,
          288, 289, 1134, 1131, -1,
          1076, 1080, 1142, 1138, -1,
          1077, 1139, 1199, 1137, -1,
          1081, 1084, 1146, 1143, -1,
          1085, 1088, 1150, 1147, -1,
          1089, 1092, 1154, 1151, -1,
          1093, 1096, 1158, 1155, -1,
          1097, 1100, 1162, 1159, -1,
          1101, 1104, 1166, 1163, -1,
          1105, 1108, 1170, 1167, -1,
          1109, 1112, 1174, 1171, -1,
          1113, 1116, 1178, 1175, -1,
          1117, 1120, 1182, 1179, -1,
          1121, 1124, 1186, 1183, -1,
          1125, 1128, 1190, 1187, -1,
          1129, 1132, 1194, 1191, -1,
          1133, 1136, 1198, 1195, -1,
          1140, 1144, 1205, 1202, -1,
          1141, 1203, 1248, 1201, -1,
          1145, 1148, 1208, 1206, -1,
          1149, 1152, 1211, 1209, -1,
          1153, 1156, 1214, 1212, -1,
          1157, 1160, 1217, 1215, -1,
          1161, 1164, 1220, 1218, -1,
          1165, 1168, 1223, 1221, -1,
          1169, 1172, 1226, 1224, -1,
          1173, 1176, 1229, 1227, -1,
          1177, 1180, 1232, 1230, -1,
          1181, 1184, 1235, 1233, -1,
          1185, 1188, 1238, 1236, -1,
          1189, 1192, 1241, 1239, -1,
          1193, 1196, 1244, 1242, -1,
          1197, 1200, 1247, 1245, -1,
          1204, 1207, 1210, 1213, 1216, 1219, 1222, 1225, 1228, 1231, 1234, 1237, 1240, 1243, 1246, 1249, -1 ]
      }
    }
  ]
}

