#VRML V2.0 utf8
#Exported from Wings 3D 2.4.1
DEF Cylinder7_copy16 Transform {
  children [
    Shape {
      appearance Appearance {
        material DEF pins Material {
          diffuseColor 0.6 0.6 0.6
          emissiveColor 0.0 0.0 0.0
          specularColor 0.5999999905136262 0.5999999905136262 0.5999999905136262
          ambientIntensity 1.0
          transparency 0.0
          shininess 0.5
        }
      }
      geometry IndexedFaceSet {
        normalPerVertex TRUE
        coord Coordinate {
          point [
            2.3600000725897696 -0.8660001795180756 0.6,
            2.3721793473879638 -0.8047708303396612 0.6,
            2.4068629875999217 -0.752863094528228 0.6,
            2.458770723411355 -0.7181794543162698 0.6,
            2.5200000725897693 -0.7060001795180757 0.6,
            2.581229421768184 -0.7181794543162698 0.6,
            2.633137157579617 -0.752863094528228 0.6,
            2.6678207977915753 -0.8047708303396612 0.6,
            2.6800000725897695 -0.8660001795180756 0.6,
            2.6678207977915753 -0.92722952869649 0.6,
            2.633137157579617 -0.9791372645079233 0.6,
            2.581229421768184 -1.0138209047198816 0.6,
            2.5200000725897693 -1.0260001795180758 0.6,
            2.458770723411355 -1.0138209047198816 0.6,
            2.4068629875999217 -0.9791372645079233 0.6,
            2.3721793473879638 -0.9272295286964902 0.6,
            2.3600000725897696 -0.8660001795180756 -1.0,
            2.3721793473879638 -0.8047708303396612 -1.0,
            2.4068629875999217 -0.752863094528228 -1.0,
            2.458770723411355 -0.7181794543162696 -1.0,
            2.5200000725897693 -0.7060001795180755 -1.0,
            2.581229421768184 -0.7181794543162696 -1.0,
            2.633137157579617 -0.752863094528228 -1.0,
            2.6678207977915753 -0.8047708303396612 -1.0,
            2.6800000725897695 -0.8660001795180756 -1.0,
            2.6678207977915753 -0.92722952869649 -1.0,
            2.633137157579617 -0.9791372645079233 -1.0,
            2.581229421768184 -1.0138209047198814 -1.0,
            2.5200000725897693 -1.0260001795180755 -1.0,
            2.458770723411355 -1.0138209047198814 -1.0,
            2.4068629875999217 -0.9791372645079233 -1.0,
            2.3721793473879638 -0.92722952869649 -1.0 ]
        }
        coordIndex [
          0, 1, 17, 16, -1,
          0, 15, 14, 13, 12, 11, 10, 9, 8, 7, 6, 5, 4, 3, 2, 1, -1,
          0, 16, 31, 15, -1,
          1, 2, 18, 17, -1,
          2, 3, 19, 18, -1,
          3, 4, 20, 19, -1,
          4, 5, 21, 20, -1,
          5, 6, 22, 21, -1,
          6, 7, 23, 22, -1,
          7, 8, 24, 23, -1,
          8, 9, 25, 24, -1,
          9, 10, 26, 25, -1,
          10, 11, 27, 26, -1,
          11, 12, 28, 27, -1,
          12, 13, 29, 28, -1,
          13, 14, 30, 29, -1,
          14, 15, 31, 30, -1,
          16, 17, 18, 19, 20, 21, 22, 23, 24, 25, 26, 27, 28, 29, 30, 31, -1 ]
        normal Normal {
          vector [
            0.0 0.0 1.0,
            -1.0 1.8394570667640468e-16 -6.916886743203448e-18,
            -1.0 1.8394570667640468e-16 -6.916886743203448e-18,
            0.0 0.0 1.0,
            -0.9238795325112876 0.3826834323650875 0.0,
            -0.9238795325112876 0.3826834323650875 0.0,
            0.0 0.0 1.0,
            -0.7071067811865485 0.7071067811865467 2.932759979118262e-17,
            -0.7071067811865485 0.7071067811865467 2.932759979118262e-17,
            0.0 0.0 1.0,
            -0.382683432365089 0.9238795325112871 9.877314269294554e-17,
            -0.382683432365089 0.9238795325112871 9.877314269294554e-17,
            0.0 0.0 1.0,
            -6.933338174726022e-16 1.0 1.3889108580352546e-16,
            -6.933338174726022e-16 1.0 1.3889108580352546e-16,
            0.0 0.0 1.0,
            0.3826834323650902 0.9238795325112866 9.877314269294528e-17,
            0.3826834323650902 0.9238795325112866 9.877314269294528e-17,
            0.0 0.0 1.0,
            0.7071067811865477 0.7071067811865474 2.9327599791182763e-17,
            0.7071067811865477 0.7071067811865474 2.9327599791182763e-17,
            0.0 0.0 1.0,
            0.9238795325112865 0.3826834323650902 0.0,
            0.9238795325112865 0.3826834323650902 0.0,
            0.0 0.0 1.0,
            1.0 0.0 0.0,
            1.0 0.0 0.0,
            0.0 0.0 1.0,
            0.9238795325112865 -0.3826834323650902 0.0,
            0.9238795325112865 -0.3826834323650902 0.0,
            0.0 0.0 1.0,
            0.7071067811865477 -0.7071067811865474 -2.9327599791182763e-17,
            0.7071067811865477 -0.7071067811865474 -2.9327599791182763e-17,
            0.0 0.0 1.0,
            0.3826834323650902 -0.9238795325112866 -9.877314269294528e-17,
            0.3826834323650902 -0.9238795325112866 -9.877314269294528e-17,
            0.0 0.0 1.0,
            -6.933338174726022e-16 -1.0 -1.3889108580352546e-16,
            -6.933338174726022e-16 -1.0 -1.3889108580352546e-16,
            0.0 0.0 1.0,
            -0.382683432365089 -0.9238795325112871 -9.877314269294554e-17,
            -0.382683432365089 -0.9238795325112871 -9.877314269294554e-17,
            0.0 0.0 1.0,
            -0.7071067811865481 -0.707106781186547 -4.92482336116087e-17,
            -0.7071067811865481 -0.707106781186547 -4.92482336116087e-17,
            0.0 0.0 1.0,
            -0.9238795325112875 -0.3826834323650878 -2.6837520563629495e-17,
            -0.9238795325112875 -0.3826834323650878 -2.6837520563629495e-17,
            0.0 0.0 -1.0,
            -1.0 1.8394570667640468e-16 -6.916886743203448e-18,
            -1.0 1.8394570667640468e-16 -6.916886743203448e-18,
            0.0 0.0 -1.0,
            -0.9238795325112876 0.3826834323650875 0.0,
            -0.9238795325112876 0.3826834323650875 0.0,
            0.0 0.0 -1.0,
            -0.7071067811865485 0.7071067811865467 2.932759979118262e-17,
            -0.7071067811865485 0.7071067811865467 2.932759979118262e-17,
            0.0 0.0 -1.0,
            -0.382683432365089 0.9238795325112871 9.877314269294554e-17,
            -0.382683432365089 0.9238795325112871 9.877314269294554e-17,
            0.0 0.0 -1.0,
            -6.933338174726022e-16 1.0 1.3889108580352546e-16,
            -6.933338174726022e-16 1.0 1.3889108580352546e-16,
            0.0 0.0 -1.0,
            0.3826834323650902 0.9238795325112866 9.877314269294528e-17,
            0.3826834323650902 0.9238795325112866 9.877314269294528e-17,
            0.0 0.0 -1.0,
            0.7071067811865477 0.7071067811865474 2.9327599791182763e-17,
            0.7071067811865477 0.7071067811865474 2.9327599791182763e-17,
            0.0 0.0 -1.0,
            0.9238795325112865 0.3826834323650902 0.0,
            0.9238795325112865 0.3826834323650902 0.0,
            0.0 0.0 -1.0,
            1.0 0.0 0.0,
            1.0 0.0 0.0,
            0.0 0.0 -1.0,
            0.9238795325112865 -0.3826834323650902 0.0,
            0.9238795325112865 -0.3826834323650902 0.0,
            0.0 0.0 -1.0,
            0.7071067811865477 -0.7071067811865474 -2.9327599791182763e-17,
            0.7071067811865477 -0.7071067811865474 -2.9327599791182763e-17,
            0.0 0.0 -1.0,
            0.3826834323650902 -0.9238795325112866 -9.877314269294528e-17,
            0.3826834323650902 -0.9238795325112866 -9.877314269294528e-17,
            0.0 0.0 -1.0,
            -6.933338174726022e-16 -1.0 -1.3889108580352546e-16,
            -6.933338174726022e-16 -1.0 -1.3889108580352546e-16,
            0.0 0.0 -1.0,
            -0.382683432365089 -0.9238795325112871 -9.877314269294554e-17,
            -0.382683432365089 -0.9238795325112871 -9.877314269294554e-17,
            0.0 0.0 -1.0,
            -0.7071067811865481 -0.707106781186547 -4.92482336116087e-17,
            -0.7071067811865481 -0.707106781186547 -4.92482336116087e-17,
            0.0 0.0 -1.0,
            -0.9238795325112875 -0.3826834323650878 -2.6837520563629495e-17,
            -0.9238795325112875 -0.3826834323650878 -2.6837520563629495e-17 ]
        }
        normalIndex [
          2, 5, 53, 50, -1,
          0, 45, 42, 39, 36, 33, 30, 27, 24, 21, 18, 15, 12, 9, 6, 3, -1,
          1, 49, 94, 46, -1,
          4, 8, 56, 52, -1,
          7, 11, 59, 55, -1,
          10, 14, 62, 58, -1,
          13, 17, 65, 61, -1,
          16, 20, 68, 64, -1,
          19, 23, 71, 67, -1,
          22, 26, 74, 70, -1,
          25, 29, 77, 73, -1,
          28, 32, 80, 76, -1,
          31, 35, 83, 79, -1,
          34, 38, 86, 82, -1,
          37, 41, 89, 85, -1,
          40, 44, 92, 88, -1,
          43, 47, 95, 91, -1,
          48, 51, 54, 57, 60, 63, 66, 69, 72, 75, 78, 81, 84, 87, 90, 93, -1 ]
      }
    }
    ,
    Shape {
      appearance Appearance {
        material DEF body Material {
          diffuseColor 0.1 0.1 1.0
          emissiveColor 0.0 0.0 0.0
          specularColor 0.1 0.1 1.0
          ambientIntensity 1.0
          transparency 0.0
          shininess 0.5
        }
      }
      geometry IndexedFaceSet {
        normalPerVertex TRUE
        coord Coordinate {
          point [
            2.2199997379597143 -0.8659997385780756 0.9753870067719979,
            2.242835878206328 -0.7511947088685487 0.9753870067719976,
            2.3078677036037503 -0.6538677042221115 0.9753870067719976,
            2.4051947082501877 -0.5888358788246899 0.9753870067719976,
            2.5199997379597145 -0.5659997385780757 0.9753870067719976,
            2.6348047676692414 -0.5888358788246899 0.9753870067719976,
            2.7321317723156784 -0.6538677042221115 0.9753870067719976,
            2.7971635977131 -0.7511947088685487 0.9753870067719979,
            2.8199997379597144 -0.8659997385780756 0.9753870067719976,
            2.7971635977131 -0.9808047682876024 0.9753870067719979,
            2.7321317723156784 -1.0781317729340398 0.9753870067719976,
            2.6348047676692414 -1.1431635983314616 0.9753870067719976,
            2.5199997379597145 -1.1659997385780756 0.9753870067719976,
            2.405194708250187 -1.1431635983314616 0.9753870067719976,
            2.3078677036037503 -1.0781317729340398 0.9753870067719976,
            2.2428358782063285 -0.9808047682876029 0.9753870067719979,
            2.220000237979659 -0.8659997385780758 0.4000000135439956,
            2.2428363782262726 -0.7511947088685487 0.4000000135439956,
            2.307868203623695 -0.6538677042221117 0.4000000135439954,
            2.4051952082701322 -0.5888358788246899 0.4000000135439954,
            2.520000237979659 -0.565999738578076 0.4000000135439956,
            2.634805267689186 -0.5888358788246899 0.4000000135439956,
            2.732132272335623 -0.6538677042221117 0.4000000135439956,
            2.7971640977330448 -0.7511947088685487 0.4000000135439956,
            2.820000237979659 -0.8659997385780756 0.4000000135439954,
            2.7971640977330448 -0.9808047682876027 0.4000000135439956,
            2.732132272335623 -1.0781317729340398 0.4000000135439956,
            2.6348052676891864 -1.1431635983314616 0.4000000135439954,
            2.520000237979659 -1.1659997385780756 0.4000000135439956,
            2.4051952082701322 -1.1431635983314616 0.4000000135439954,
            2.307868203623695 -1.07813177293404 0.4000000135439954,
            2.242836378226273 -0.9808047682876029 0.4000000135439956,
            2.390000238979659 -0.8659997385780756 0.10000001354399557,
            2.399895899677071 -0.8162508927532974 0.10000001354399546,
            2.4280763571325146 -0.7740758577309312 0.10000001354399546,
            2.4702513921548808 -0.7458954002754878 0.10000001354399546,
            2.5200002379796587 -0.7359997395780757 0.10000001354399546,
            2.569749083804437 -0.7458954002754878 0.10000001354399546,
            2.611924118826803 -0.7740758577309312 0.10000001354399546,
            2.6401045762822464 -0.8162508927532974 0.10000001354399568,
            2.650000236979659 -0.8659997385780756 0.10000001354399546,
            2.6401045762822464 -0.9157485844028539 0.10000001354399568,
            2.611924118826803 -0.9579236194252199 0.10000001354399546,
            2.5697490838044375 -0.9861040768806633 0.10000001354399546,
            2.5200002379796587 -0.9959997375780756 0.10000001354399546,
            2.4702513921548808 -0.9861040768806633 0.10000001354399535,
            2.4280763571325146 -0.9579236194252201 0.10000001354399546,
            2.399895899677071 -0.9157485844028539 0.10000001354399568,
            2.2470466200197916 -0.761296368232631 0.9880535110571662,
            2.224557412056052 -0.8750458454601893 1.0040839852731476,
            2.2470466200197916 -0.9874181349181097 1.027924879449281,
            2.311090465863709 -1.081305574193762 1.0559466335654935,
            2.4069388546169757 -1.1424146517491873 1.083883189575426,
            2.5199997379597145 -1.161442064481738 1.1074814600720768,
            2.633060621302454 -1.1354910612868097 1.1231488222911858,
            2.72890901005572 -1.0685124471544005 1.1285000623598858,
            2.7929528558996375 -0.9707031089235205 1.1227205024868294,
            2.8154420638633773 -0.8569536316959618 1.106690028270848,
            2.7929528558996375 -0.7445813422380423 1.082849134094715,
            2.72890901005572 -0.6506939029623893 1.0548273799785022,
            2.633060621302454 -0.5895848254069644 1.0268908239685697,
            2.5199997379597145 -0.5705574126744135 1.0032925534719186,
            2.4069388546169757 -0.5965084158693417 0.9876251912528096,
            2.311090465863709 -0.6634870300017512 0.9822739511841097,
            2.248993875817093 -0.7689514914854849 1.0028122875029726,
            2.224062666820556 -0.8789096186122527 1.0342658921408034,
            2.2420702853547154 -0.9848195548761314 1.0807470197441436,
            2.300275234737213 -1.0705574725569058 1.135179339987854,
            2.389816339053743 -1.12307055090384 1.1892760255450434,
            2.4970617768642467 -1.1343641497708525 1.2348013464273042,
            2.605684402444389 -1.1027189211071697 1.2648244852183748,
            2.699147405716146 -1.0329525641121255 1.2747746911977438,
            2.763221891675627 -0.9356863742046133 1.263137135703896,
            2.788153100672164 -0.8257282470778453 1.2316835310660652,
            2.770145482138004 -0.7198183108139675 1.1852024034627258,
            2.7119405327555075 -0.6340803931331922 1.1307700832190142,
            2.6223994284389773 -0.5815673147862583 1.0766733976618252,
            2.515153990628474 -0.5702737159192457 1.0311480767795642,
            2.4065313650483318 -0.6019189445829283 1.001124937988494,
            2.313068361776575 -0.6716853015779729 0.9911747320091244,
            1.512609230776476 0.1001726825378246 2.6642621272025924,
            1.408167818662521 -0.05837120701142015 2.683231342657565,
            1.3675299479981655 -0.23760295422805164 2.7345007182172294,
            1.3968823662088452 -0.41023615033817384 2.8102649562106734,
            1.4917564337023161 -0.5499889561578362 2.8989896382079223,
            1.6377084337382604 -0.6355852738633387 2.9871672356661403,
            1.8125184973693813 -0.6539938400165693 3.0613735087042255,
            1.9895733770650132 -0.6024121172947663 3.1103112249336706,
            2.141918072397977 -0.4886929553928444 3.126530060680042,
            2.246359484511931 -0.33014906584359943 3.1075608452250703,
            2.286997355176286 -0.1509173186269676 3.056291469665406,
            2.2576449369656055 0.02171587748315318 2.980527231671963,
            2.162770869472136 0.16146868330281713 2.891802549674713,
            2.016818869436192 0.24706500100831938 2.803624952216495,
            1.8420088058050719 0.26547356716155 2.72941867917841,
            1.66495392610944 0.21389184443974738 2.6804809629489648 ]
        }
        coordIndex [
          0, 1, 17, 16, -1,
          0, 15, 50, 49, -1,
          0, 16, 31, 15, -1,
          0, 49, 48, 1, -1,
          1, 2, 18, 17, -1,
          1, 48, 63, 2, -1,
          2, 3, 19, 18, -1,
          2, 63, 62, 3, -1,
          3, 4, 20, 19, -1,
          3, 62, 61, 4, -1,
          4, 5, 21, 20, -1,
          4, 61, 60, 5, -1,
          5, 6, 22, 21, -1,
          5, 60, 59, 6, -1,
          6, 7, 23, 22, -1,
          6, 59, 58, 7, -1,
          7, 8, 24, 23, -1,
          7, 58, 57, 8, -1,
          8, 9, 25, 24, -1,
          8, 57, 56, 9, -1,
          9, 10, 26, 25, -1,
          9, 56, 55, 10, -1,
          10, 11, 27, 26, -1,
          10, 55, 54, 11, -1,
          11, 12, 28, 27, -1,
          11, 54, 53, 12, -1,
          12, 13, 29, 28, -1,
          12, 53, 52, 13, -1,
          13, 14, 30, 29, -1,
          13, 52, 51, 14, -1,
          14, 15, 31, 30, -1,
          14, 51, 50, 15, -1,
          16, 17, 33, 32, -1,
          16, 32, 47, 31, -1,
          17, 18, 34, 33, -1,
          18, 19, 35, 34, -1,
          19, 20, 36, 35, -1,
          20, 21, 37, 36, -1,
          21, 22, 38, 37, -1,
          22, 23, 39, 38, -1,
          23, 24, 40, 39, -1,
          24, 25, 41, 40, -1,
          25, 26, 42, 41, -1,
          26, 27, 43, 42, -1,
          27, 28, 44, 43, -1,
          28, 29, 45, 44, -1,
          29, 30, 46, 45, -1,
          30, 31, 47, 46, -1,
          32, 33, 34, 35, 36, 37, 38, 39, 40, 41, 42, 43, 44, 45, 46, 47, -1,
          48, 49, 65, 64, -1,
          48, 64, 79, 63, -1,
          49, 50, 66, 65, -1,
          50, 51, 67, 66, -1,
          51, 52, 68, 67, -1,
          52, 53, 69, 68, -1,
          53, 54, 70, 69, -1,
          54, 55, 71, 70, -1,
          55, 56, 72, 71, -1,
          56, 57, 73, 72, -1,
          57, 58, 74, 73, -1,
          58, 59, 75, 74, -1,
          59, 60, 76, 75, -1,
          60, 61, 77, 76, -1,
          61, 62, 78, 77, -1,
          62, 63, 79, 78, -1,
          64, 65, 82, 81, -1,
          64, 81, 80, 79, -1,
          65, 66, 83, 82, -1,
          66, 67, 84, 83, -1,
          67, 68, 85, 84, -1,
          68, 69, 86, 85, -1,
          69, 70, 87, 86, -1,
          70, 71, 88, 87, -1,
          71, 72, 89, 88, -1,
          72, 73, 90, 89, -1,
          73, 74, 91, 90, -1,
          74, 75, 92, 91, -1,
          75, 76, 93, 92, -1,
          76, 77, 94, 93, -1,
          77, 78, 95, 94, -1,
          78, 79, 80, 95, -1,
          80, 81, 82, 83, 84, 85, 86, 87, 88, 89, 90, 91, 92, 93, 94, 95, -1 ]
        normal Normal {
          vector [
            -0.8462027899674398 0.35821733975608067 0.39448849888101634,
            -0.9950371624535266 0.01009139773245229 0.0989909542748204,
            -0.9209127116271946 -0.38968042484463955 -0.008303255767991348,
            -0.697127987615938 -0.7169195124991496 0.006243515078396122,
            -0.3710702562416745 -0.9265194877338379 0.06219729722555939,
            0.008861548884058275 -0.9925027529780092 0.12190060821196991,
            0.38676002192171144 -0.9073213360270518 0.16487776876584384,
            0.7062103318474275 -0.6847585121224735 0.17992428204042551,
            0.9189976849844977 -0.35878516307439534 0.16345171076135404,
            0.9926319900771969 0.021390668208187556 0.1192651314885907,
            0.9150687813942121 0.39899532035458435 0.05875252890603374,
            0.6955929422641628 0.7184317221791199 0.0025138096644527256,
            0.3617266886320279 0.9322102643923893 -0.011739918772272451,
            -0.03981680527844055 0.9945436041330672 0.09642427855798315,
            -0.38255688493894274 0.8360577799324561 0.39326532824573457,
            -0.5875501588236255 0.5715669309766764 0.572796695416651,
            -0.9301163269751538 0.34400223153591647 -0.12863157852004473,
            -0.9770013421727615 -0.05573126392166382 -0.2058212904786977,
            -0.885891115162567 -0.4366743209767618 -0.15656458563643116,
            -0.6724663248093199 -0.7393525726322175 -0.03386466210621315,
            -0.3614970033800467 -0.9261783752322214 0.10730113605852046,
            0.0038430801540404076 -0.9727268830978314 0.23192162821459242,
            0.36991102205341736 -0.8737733073223873 0.31573096644816595,
            0.6822466932396064 -0.6452048171477948 0.3438752586228082,
            0.8941259493733997 -0.3217113740012942 0.3115133680844467,
            0.9733634109305505 0.048293430742456185 0.22412365963629985,
            0.9070262025925138 0.4097252341991895 0.09710149468995521,
            0.7032922086119705 0.7094799318891991 -0.04492544437391724,
            0.389051180573683 0.9059847748939818 -0.1668255572582474,
            0.003467024792799555 0.9768757024282319 -0.2137798908794619,
            -0.3931880300304026 0.9097707456225849 -0.1331178554895527,
            -0.7249304162711536 0.6872447014284921 -0.04658982639369264,
            -0.7245601904772567 0.6823954059170931 -0.09669043571526233,
            -0.9216554556060799 0.3832013476141611 -0.06089292519037351,
            -0.9983446896057383 0.04496646528012163 0.035859416284058844,
            -0.9429526517894185 -0.2808160463565124 0.17883692178071303,
            -0.7639122777845837 -0.544548753124877 0.3462725621820343,
            -0.4884808415284402 -0.7060807411624335 0.5126757790447833,
            -0.1585902823987946 -0.7408202295815844 0.652713191050525,
            0.17553655244222777 -0.6434784461847587 0.7450653716636854,
            0.46303188125738365 -0.42887479508865767 0.7756725385605128,
            0.6601271463862074 -0.12968073678572473 0.7398750280356233,
            0.736816380385865 0.20855414554831603 0.643122686561191,
            0.6814243425695464 0.5343366571849453 0.5001451810645384,
            0.5023839685647132 0.7980693639533092 0.33270954066321806,
            0.22695253230856646 0.9596013519908688 0.16630632380046667,
            -0.10293802682107778 0.9943408404100197 0.026268911794725316,
            -0.4370648616621012 0.8969990570131937 -0.06608326881843503,
            -0.9999999999996224 -1.655511360087618e-15 -8.690150289180557e-7,
            -0.9999999999996224 -1.655511360087618e-15 -8.690150289180557e-7,
            -0.9824700453407973 0.009011965647863714 0.18620256304147192,
            -0.9824700453407973 0.009011965647863714 0.18620256304147192,
            -0.9238795325109846 0.3826834323649771 -8.028651987379123e-7,
            -0.9238795325109846 0.3826834323649771 -8.028651987379123e-7,
            -0.8036301333600221 0.3280107342363858 0.4965758421243025,
            -0.8036301333600221 0.3280107342363858 0.4965758421243025,
            -0.7071067811864019 0.7071067811864261 -6.144864200413178e-7,
            -0.7071067811864019 0.7071067811864261 -6.144864200413178e-7,
            -0.5290215224117866 0.5219643854866619 0.6690959640504843,
            -0.5290215224117866 0.5219643854866619 0.6690959640504843,
            -0.38268343236505925 0.9238795325112396 -3.325576542224598e-7,
            -0.38268343236505925 0.9238795325112396 -3.325576542224598e-7,
            -0.3393799862643268 0.7989971589892421 0.4964118903192642,
            -0.3393799862643268 0.7989971589892421 0.4964118903192642,
            0.0 1.0 -1.9203267226602048e-16,
            0.0 1.0 -1.9203267226602048e-16,
            -0.023667744413940896 0.9822403038805083 0.18612851288043705,
            -0.023667744413940896 0.9822403038805083 0.18612851288043705,
            0.38268343236506014 0.9238795325112392 3.325576538662976e-7,
            0.38268343236506014 0.9238795325112392 3.325576538662976e-7,
            0.3673702709661309 0.9292931417991163 0.0381227047230263,
            0.3673702709661309 0.9292931417991163 0.0381227047230263,
            0.7071067811864038 0.7071067811864241 6.144864197655803e-7,
            0.7071067811864038 0.7071067811864241 6.144864197655803e-7,
            0.701288293646719 0.7128635023117867 0.0045117918664837105,
            0.701288293646719 0.7128635023117867 0.0045117918664837105,
            0.9238795325109844 0.3826834323649773 8.028651986082493e-7,
            0.9238795325109844 0.3826834323649773 8.028651986082493e-7,
            0.9222245821275792 0.38641586790622284 0.01358665337353793,
            0.9222245821275792 0.38641586790622284 0.01358665337353793,
            0.9999999999996225 9.904768821037037e-17 8.690150289393937e-7,
            0.9999999999996225 9.904768821037037e-17 8.690150289393937e-7,
            0.9994107094436802 0.0033456658845722217 0.034161972558224334,
            0.9994107094436802 0.0033456658845722217 0.034161972558224334,
            0.9238795325109846 -0.38268343236497665 8.028651987395526e-7,
            0.9238795325109846 -0.38268343236497665 8.028651987395526e-7,
            0.9245221355047366 -0.3776566131753439 0.05132546625886778,
            0.9245221355047366 -0.3776566131753439 0.05132546625886778,
            0.7071067811864048 -0.7071067811864232 6.144864200675799e-7,
            0.7071067811864048 -0.7071067811864232 6.144864200675799e-7,
            0.7112662100032342 -0.7005433107470576 0.057787959603939947,
            0.7112662100032342 -0.7005433107470576 0.057787959603939947,
            0.38268343236506047 -0.923879532511239 3.3255765419127615e-7,
            0.38268343236506047 -0.923879532511239 3.3255765419127615e-7,
            0.39166813681440327 -0.9186740388160226 0.05132329889817115,
            0.39166813681440327 -0.9186740388160226 0.05132329889817115,
            0.0 -1.0 0.0,
            0.0 -1.0 0.0,
            0.011883336226380367 -0.9993457391795604 0.03415962388242561,
            0.011883336226380367 -0.9993457391795604 0.03415962388242561,
            -0.38268343236505914 -0.9238795325112397 -3.3255765410921015e-7,
            -0.38268343236505914 -0.9238795325112397 -3.3255765410921015e-7,
            -0.37227944612354286 -0.9280212513857379 0.013585689912451203,
            -0.37227944612354286 -0.9280212513857379 0.013585689912451203,
            -0.7071067811864034 -0.7071067811864247 -6.14486419873906e-7,
            -0.7071067811864034 -0.7071067811864247 -6.14486419873906e-7,
            -0.7020515675900243 -0.7121118167091358 0.004511867418668221,
            -0.7020515675900243 -0.7121118167091358 0.004511867418668221,
            -0.9238795325109845 -0.3826834323649771 -8.028651985885524e-7,
            -0.9238795325109845 -0.3826834323649771 -8.028651985885524e-7,
            -0.9235906531918404 -0.38147914000926836 0.038130972639817455,
            -0.9235906531918404 -0.38147914000926836 0.038130972639817455,
            -0.9999999999996224 -1.655511360087618e-15 -8.690150289180557e-7,
            -0.9999999999996224 -1.655511360087618e-15 -8.690150289180557e-7,
            -0.8700221846046784 -1.352070581976541e-15 -0.49301257417605804,
            -0.8700221846046784 -1.352070581976541e-15 -0.49301257417605804,
            -0.9238795325109846 0.3826834323649771 -8.028651987379123e-7,
            -0.9238795325109846 0.3826834323649771 -8.028651987379123e-7,
            -0.8037956891870182 0.3329430758382925 -0.49301257417605837,
            -0.8037956891870182 0.3329430758382925 -0.49301257417605837,
            -0.7071067811864019 0.7071067811864261 -6.144864200413178e-7,
            -0.7071067811864019 0.7071067811864261 -6.144864200413178e-7,
            -0.6151985865167012 0.6151985865167038 -0.4930125741760576,
            -0.6151985865167012 0.6151985865167038 -0.4930125741760576,
            -0.38268343236505925 0.9238795325112396 -3.325576542224598e-7,
            -0.38268343236505925 0.9238795325112396 -3.325576542224598e-7,
            -0.3329430758382917 0.803795689187019 -0.4930125741760575,
            -0.3329430758382917 0.803795689187019 -0.4930125741760575,
            0.0 1.0 -1.9203267226602048e-16,
            0.0 1.0 -1.9203267226602048e-16,
            9.858847993578946e-17 0.8700221846046786 -0.4930125741760575,
            9.858847993578946e-17 0.8700221846046786 -0.4930125741760575,
            0.38268343236506014 0.9238795325112392 3.325576538662976e-7,
            0.38268343236506014 0.9238795325112392 3.325576538662976e-7,
            0.3329430758382923 0.8037956891870187 -0.49301257417605765,
            0.3329430758382923 0.8037956891870187 -0.49301257417605765,
            0.7071067811864038 0.7071067811864241 6.144864197655803e-7,
            0.7071067811864038 0.7071067811864241 6.144864197655803e-7,
            0.6151985865167029 0.6151985865167019 -0.4930125741760577,
            0.6151985865167029 0.6151985865167019 -0.4930125741760577,
            0.9238795325109844 0.3826834323649773 8.028651986082493e-7,
            0.9238795325109844 0.3826834323649773 8.028651986082493e-7,
            0.8037956891870179 0.3329430758382938 -0.49301257417605804,
            0.8037956891870179 0.3329430758382938 -0.49301257417605804,
            0.9999999999996225 9.904768821037037e-17 8.690150289393937e-7,
            0.9999999999996225 9.904768821037037e-17 8.690150289393937e-7,
            0.8700221846046778 2.253450969960904e-16 -0.49301257417605876,
            0.8700221846046778 2.253450969960904e-16 -0.49301257417605876,
            0.9238795325109846 -0.38268343236497665 8.028651987395526e-7,
            0.9238795325109846 -0.38268343236497665 8.028651987395526e-7,
            0.8037956891870178 -0.33294307583829347 -0.4930125741760582,
            0.8037956891870178 -0.33294307583829347 -0.4930125741760582,
            0.7071067811864048 -0.7071067811864232 6.144864200675799e-7,
            0.7071067811864048 -0.7071067811864232 6.144864200675799e-7,
            0.615198586516704 -0.6151985865167006 -0.49301257417605826,
            0.615198586516704 -0.6151985865167006 -0.49301257417605826,
            0.38268343236506047 -0.923879532511239 3.3255765419127615e-7,
            0.38268343236506047 -0.923879532511239 3.3255765419127615e-7,
            0.3329430758382934 -0.8037956891870176 -0.49301257417605876,
            0.3329430758382934 -0.8037956891870176 -0.49301257417605876,
            0.0 -1.0 0.0,
            0.0 -1.0 0.0,
            -5.492786739279698e-16 -0.8700221846046782 -0.49301257417605826,
            -5.492786739279698e-16 -0.8700221846046782 -0.49301257417605826,
            -0.38268343236505914 -0.9238795325112397 -3.3255765410921015e-7,
            -0.38268343236505914 -0.9238795325112397 -3.3255765410921015e-7,
            -0.3329430758382912 -0.8037956891870189 -0.4930125741760581,
            -0.3329430758382912 -0.8037956891870189 -0.4930125741760581,
            -0.7071067811864034 -0.7071067811864247 -6.14486419873906e-7,
            -0.7071067811864034 -0.7071067811864247 -6.14486419873906e-7,
            -0.6151985865167016 -0.6151985865167029 -0.49301257417605826,
            -0.6151985865167016 -0.6151985865167029 -0.49301257417605826,
            -0.9238795325109845 -0.3826834323649771 -8.028651985885524e-7,
            -0.9238795325109845 -0.3826834323649771 -8.028651985885524e-7,
            -0.8037956891870184 -0.3329430758382924 -0.4930125741760581,
            -0.8037956891870184 -0.3329430758382924 -0.4930125741760581,
            -0.8700221846046784 -1.352070581976541e-15 -0.49301257417605804,
            -0.8700221846046784 -1.352070581976541e-15 -0.49301257417605804,
            1.0058545042378115e-16 1.6921578347985e-17 -1.0,
            -0.8037956891870182 0.3329430758382925 -0.49301257417605837,
            -0.8037956891870182 0.3329430758382925 -0.49301257417605837,
            1.0058545042378115e-16 1.6921578347985e-17 -1.0,
            -0.6151985865167012 0.6151985865167038 -0.4930125741760576,
            -0.6151985865167012 0.6151985865167038 -0.4930125741760576,
            1.0058545042378115e-16 1.6921578347985e-17 -1.0,
            -0.3329430758382917 0.803795689187019 -0.4930125741760575,
            -0.3329430758382917 0.803795689187019 -0.4930125741760575,
            1.0058545042378115e-16 1.6921578347985e-17 -1.0,
            9.858847993578946e-17 0.8700221846046786 -0.4930125741760575,
            9.858847993578946e-17 0.8700221846046786 -0.4930125741760575,
            1.0058545042378115e-16 1.6921578347985e-17 -1.0,
            0.3329430758382923 0.8037956891870187 -0.49301257417605765,
            0.3329430758382923 0.8037956891870187 -0.49301257417605765,
            1.0058545042378115e-16 1.6921578347985e-17 -1.0,
            0.6151985865167029 0.6151985865167019 -0.4930125741760577,
            0.6151985865167029 0.6151985865167019 -0.4930125741760577,
            1.0058545042378115e-16 1.6921578347985e-17 -1.0,
            0.8037956891870179 0.3329430758382938 -0.49301257417605804,
            0.8037956891870179 0.3329430758382938 -0.49301257417605804,
            1.0058545042378115e-16 1.6921578347985e-17 -1.0,
            0.8700221846046778 2.253450969960904e-16 -0.49301257417605876,
            0.8700221846046778 2.253450969960904e-16 -0.49301257417605876,
            1.0058545042378115e-16 1.6921578347985e-17 -1.0,
            0.8037956891870178 -0.33294307583829347 -0.4930125741760582,
            0.8037956891870178 -0.33294307583829347 -0.4930125741760582,
            1.0058545042378115e-16 1.6921578347985e-17 -1.0,
            0.615198586516704 -0.6151985865167006 -0.49301257417605826,
            0.615198586516704 -0.6151985865167006 -0.49301257417605826,
            1.0058545042378115e-16 1.6921578347985e-17 -1.0,
            0.3329430758382934 -0.8037956891870176 -0.49301257417605876,
            0.3329430758382934 -0.8037956891870176 -0.49301257417605876,
            1.0058545042378115e-16 1.6921578347985e-17 -1.0,
            -5.492786739279698e-16 -0.8700221846046782 -0.49301257417605826,
            -5.492786739279698e-16 -0.8700221846046782 -0.49301257417605826,
            1.0058545042378115e-16 1.6921578347985e-17 -1.0,
            -0.3329430758382912 -0.8037956891870189 -0.4930125741760581,
            -0.3329430758382912 -0.8037956891870189 -0.4930125741760581,
            1.0058545042378115e-16 1.6921578347985e-17 -1.0,
            -0.6151985865167016 -0.6151985865167029 -0.49301257417605826,
            -0.6151985865167016 -0.6151985865167029 -0.49301257417605826,
            1.0058545042378115e-16 1.6921578347985e-17 -1.0,
            -0.8037956891870184 -0.3329430758382924 -0.4930125741760581,
            -0.8037956891870184 -0.3329430758382924 -0.4930125741760581,
            1.0058545042378115e-16 1.6921578347985e-17 -1.0 ]
        }
        normalIndex [
          48, 52, 116, 112, -1,
          51, 110, 2, 1, -1,
          49, 113, 173, 109, -1,
          50, 1, 0, 54, -1,
          53, 56, 120, 117, -1,
          55, 0, 15, 59, -1,
          57, 60, 124, 121, -1,
          58, 15, 14, 63, -1,
          61, 64, 128, 125, -1,
          62, 14, 13, 67, -1,
          65, 68, 132, 129, -1,
          66, 13, 12, 71, -1,
          69, 72, 136, 133, -1,
          70, 12, 11, 75, -1,
          73, 76, 140, 137, -1,
          74, 11, 10, 79, -1,
          77, 80, 144, 141, -1,
          78, 10, 9, 83, -1,
          81, 84, 148, 145, -1,
          82, 9, 8, 87, -1,
          85, 88, 152, 149, -1,
          86, 8, 7, 91, -1,
          89, 92, 156, 153, -1,
          90, 7, 6, 95, -1,
          93, 96, 160, 157, -1,
          94, 6, 5, 99, -1,
          97, 100, 164, 161, -1,
          98, 5, 4, 103, -1,
          101, 104, 168, 165, -1,
          102, 4, 3, 107, -1,
          105, 108, 172, 169, -1,
          106, 3, 2, 111, -1,
          114, 118, 179, 176, -1,
          115, 177, 222, 175, -1,
          119, 122, 182, 180, -1,
          123, 126, 185, 183, -1,
          127, 130, 188, 186, -1,
          131, 134, 191, 189, -1,
          135, 138, 194, 192, -1,
          139, 142, 197, 195, -1,
          143, 146, 200, 198, -1,
          147, 150, 203, 201, -1,
          151, 154, 206, 204, -1,
          155, 158, 209, 207, -1,
          159, 162, 212, 210, -1,
          163, 166, 215, 213, -1,
          167, 170, 218, 216, -1,
          171, 174, 221, 219, -1,
          178, 181, 184, 187, 190, 193, 196, 199, 202, 205, 208, 211, 214, 217, 220, 223, -1,
          0, 1, 17, 16, -1,
          0, 16, 31, 15, -1,
          1, 2, 18, 17, -1,
          2, 3, 19, 18, -1,
          3, 4, 20, 19, -1,
          4, 5, 21, 20, -1,
          5, 6, 22, 21, -1,
          6, 7, 23, 22, -1,
          7, 8, 24, 23, -1,
          8, 9, 25, 24, -1,
          9, 10, 26, 25, -1,
          10, 11, 27, 26, -1,
          11, 12, 28, 27, -1,
          12, 13, 29, 28, -1,
          13, 14, 30, 29, -1,
          14, 15, 31, 30, -1,
          16, 17, 34, 33, -1,
          16, 33, 32, 31, -1,
          17, 18, 35, 34, -1,
          18, 19, 36, 35, -1,
          19, 20, 37, 36, -1,
          20, 21, 38, 37, -1,
          21, 22, 39, 38, -1,
          22, 23, 40, 39, -1,
          23, 24, 41, 40, -1,
          24, 25, 42, 41, -1,
          25, 26, 43, 42, -1,
          26, 27, 44, 43, -1,
          27, 28, 45, 44, -1,
          28, 29, 46, 45, -1,
          29, 30, 47, 46, -1,
          30, 31, 32, 47, -1,
          32, 33, 34, 35, 36, 37, 38, 39, 40, 41, 42, 43, 44, 45, 46, 47, -1 ]
      }
    }

  ]
}

DEF Cylinder7 Transform {
  children [
    Shape {
      appearance Appearance {
        material USE pins
      }
      geometry IndexedFaceSet {
        normalPerVertex TRUE
        coord Coordinate {
          point [
            -2.35999983465 0.86600044094 0.6,
            -2.372179109448194 0.8047710917615856 0.6,
            -2.4068627496601525 0.7528633559501523 0.6,
            -2.4587704854715855 0.7181797157381942 0.6,
            -2.51999983465 0.70600044094 0.6,
            -2.5812291838284143 0.7181797157381942 0.6,
            -2.6331369196398478 0.7528633559501523 0.6,
            -2.6678205598518057 0.8047710917615856 0.6,
            -2.67999983465 0.86600044094 0.6,
            -2.6678205598518057 0.9272297901184143 0.6,
            -2.6331369196398478 0.9791375259298476 0.6,
            -2.5812291838284143 1.013821166141806 0.6,
            -2.51999983465 1.02600044094 0.6,
            -2.4587704854715855 1.013821166141806 0.6,
            -2.4068627496601525 0.9791375259298476 0.6,
            -2.372179109448194 0.9272297901184146 0.6,
            -2.35999983465 0.86600044094 -1.0,
            -2.372179109448194 0.8047710917615856 -1.0,
            -2.4068627496601525 0.7528633559501523 -1.0,
            -2.4587704854715855 0.718179715738194 -1.0,
            -2.51999983465 0.7060004409399998 -1.0,
            -2.5812291838284143 0.718179715738194 -1.0,
            -2.6331369196398478 0.7528633559501523 -1.0,
            -2.6678205598518057 0.8047710917615856 -1.0,
            -2.67999983465 0.86600044094 -1.0,
            -2.6678205598518057 0.9272297901184143 -1.0,
            -2.6331369196398478 0.9791375259298476 -1.0,
            -2.5812291838284143 1.0138211661418057 -1.0,
            -2.51999983465 1.0260004409399999 -1.0,
            -2.4587704854715855 1.0138211661418057 -1.0,
            -2.4068627496601525 0.9791375259298476 -1.0,
            -2.372179109448194 0.9272297901184143 -1.0 ]
        }
        coordIndex [
          0, 1, 17, 16, -1,
          0, 15, 14, 13, 12, 11, 10, 9, 8, 7, 6, 5, 4, 3, 2, 1, -1,
          0, 16, 31, 15, -1,
          1, 2, 18, 17, -1,
          2, 3, 19, 18, -1,
          3, 4, 20, 19, -1,
          4, 5, 21, 20, -1,
          5, 6, 22, 21, -1,
          6, 7, 23, 22, -1,
          7, 8, 24, 23, -1,
          8, 9, 25, 24, -1,
          9, 10, 26, 25, -1,
          10, 11, 27, 26, -1,
          11, 12, 28, 27, -1,
          12, 13, 29, 28, -1,
          13, 14, 30, 29, -1,
          14, 15, 31, 30, -1,
          16, 17, 18, 19, 20, 21, 22, 23, 24, 25, 26, 27, 28, 29, 30, 31, -1 ]
        normal Normal {
          vector [
            0.0 -0.0 1.0,
            1.0 -1.8394570667640468e-16 -6.916886743203448e-18,
            1.0 -1.8394570667640468e-16 -6.916886743203448e-18,
            0.0 -0.0 1.0,
            0.9238795325112865 -0.3826834323650902 0.0,
            0.9238795325112865 -0.3826834323650902 0.0,
            0.0 -0.0 1.0,
            0.7071067811865477 -0.7071067811865474 2.9327599791182763e-17,
            0.7071067811865477 -0.7071067811865474 2.9327599791182763e-17,
            0.0 -0.0 1.0,
            0.3826834323650902 -0.9238795325112866 9.877314269294528e-17,
            0.3826834323650902 -0.9238795325112866 9.877314269294528e-17,
            0.0 -0.0 1.0,
            -6.933338174726022e-16 -1.0 1.3889108580352546e-16,
            -6.933338174726022e-16 -1.0 1.3889108580352546e-16,
            0.0 -0.0 1.0,
            -0.382683432365089 -0.9238795325112871 9.877314269294554e-17,
            -0.382683432365089 -0.9238795325112871 9.877314269294554e-17,
            0.0 -0.0 1.0,
            -0.7071067811865485 -0.7071067811865467 2.932759979118262e-17,
            -0.7071067811865485 -0.7071067811865467 2.932759979118262e-17,
            0.0 -0.0 1.0,
            -0.9238795325112876 -0.3826834323650875 0.0,
            -0.9238795325112876 -0.3826834323650875 0.0,
            0.0 -0.0 1.0,
            -1.0 0.0 0.0,
            -1.0 0.0 0.0,
            0.0 -0.0 1.0,
            -0.9238795325112876 0.3826834323650875 0.0,
            -0.9238795325112876 0.3826834323650875 0.0,
            0.0 -0.0 1.0,
            -0.7071067811865485 0.7071067811865467 -2.932759979118262e-17,
            -0.7071067811865485 0.7071067811865467 -2.932759979118262e-17,
            0.0 -0.0 1.0,
            -0.382683432365089 0.9238795325112871 -9.877314269294554e-17,
            -0.382683432365089 0.9238795325112871 -9.877314269294554e-17,
            0.0 -0.0 1.0,
            -6.933338174726022e-16 1.0 -1.3889108580352546e-16,
            -6.933338174726022e-16 1.0 -1.3889108580352546e-16,
            0.0 -0.0 1.0,
            0.3826834323650902 0.9238795325112866 -9.877314269294528e-17,
            0.3826834323650902 0.9238795325112866 -9.877314269294528e-17,
            0.0 -0.0 1.0,
            0.7071067811865474 0.7071067811865477 -4.8694882672152454e-17,
            0.7071067811865474 0.7071067811865477 -4.8694882672152454e-17,
            0.0 -0.0 1.0,
            0.9238795325112865 0.3826834323650906 -2.628416962417316e-17,
            0.9238795325112865 0.3826834323650906 -2.628416962417316e-17,
            0.0 -0.0 -1.0,
            1.0 -1.8394570667640468e-16 -6.916886743203448e-18,
            1.0 -1.8394570667640468e-16 -6.916886743203448e-18,
            0.0 -0.0 -1.0,
            0.9238795325112865 -0.3826834323650902 0.0,
            0.9238795325112865 -0.3826834323650902 0.0,
            0.0 -0.0 -1.0,
            0.7071067811865477 -0.7071067811865474 2.9327599791182763e-17,
            0.7071067811865477 -0.7071067811865474 2.9327599791182763e-17,
            0.0 -0.0 -1.0,
            0.3826834323650902 -0.9238795325112866 9.877314269294528e-17,
            0.3826834323650902 -0.9238795325112866 9.877314269294528e-17,
            0.0 -0.0 -1.0,
            -6.933338174726022e-16 -1.0 1.3889108580352546e-16,
            -6.933338174726022e-16 -1.0 1.3889108580352546e-16,
            0.0 -0.0 -1.0,
            -0.382683432365089 -0.9238795325112871 9.877314269294554e-17,
            -0.382683432365089 -0.9238795325112871 9.877314269294554e-17,
            0.0 -0.0 -1.0,
            -0.7071067811865485 -0.7071067811865467 2.932759979118262e-17,
            -0.7071067811865485 -0.7071067811865467 2.932759979118262e-17,
            0.0 -0.0 -1.0,
            -0.9238795325112876 -0.3826834323650875 0.0,
            -0.9238795325112876 -0.3826834323650875 0.0,
            0.0 -0.0 -1.0,
            -1.0 0.0 0.0,
            -1.0 0.0 0.0,
            0.0 -0.0 -1.0,
            -0.9238795325112876 0.3826834323650875 0.0,
            -0.9238795325112876 0.3826834323650875 0.0,
            0.0 -0.0 -1.0,
            -0.7071067811865485 0.7071067811865467 -2.932759979118262e-17,
            -0.7071067811865485 0.7071067811865467 -2.932759979118262e-17,
            0.0 -0.0 -1.0,
            -0.382683432365089 0.9238795325112871 -9.877314269294554e-17,
            -0.382683432365089 0.9238795325112871 -9.877314269294554e-17,
            0.0 -0.0 -1.0,
            -6.933338174726022e-16 1.0 -1.3889108580352546e-16,
            -6.933338174726022e-16 1.0 -1.3889108580352546e-16,
            0.0 -0.0 -1.0,
            0.3826834323650902 0.9238795325112866 -9.877314269294528e-17,
            0.3826834323650902 0.9238795325112866 -9.877314269294528e-17,
            0.0 -0.0 -1.0,
            0.7071067811865474 0.7071067811865477 -4.8694882672152454e-17,
            0.7071067811865474 0.7071067811865477 -4.8694882672152454e-17,
            0.0 -0.0 -1.0,
            0.9238795325112865 0.3826834323650906 -2.628416962417316e-17,
            0.9238795325112865 0.3826834323650906 -2.628416962417316e-17 ]
        }
        normalIndex [
          2, 5, 53, 50, -1,
          0, 45, 42, 39, 36, 33, 30, 27, 24, 21, 18, 15, 12, 9, 6, 3, -1,
          1, 49, 94, 46, -1,
          4, 8, 56, 52, -1,
          7, 11, 59, 55, -1,
          10, 14, 62, 58, -1,
          13, 17, 65, 61, -1,
          16, 20, 68, 64, -1,
          19, 23, 71, 67, -1,
          22, 26, 74, 70, -1,
          25, 29, 77, 73, -1,
          28, 32, 80, 76, -1,
          31, 35, 83, 79, -1,
          34, 38, 86, 82, -1,
          37, 41, 89, 85, -1,
          40, 44, 92, 88, -1,
          43, 47, 95, 91, -1,
          48, 51, 54, 57, 60, 63, 66, 69, 72, 75, 78, 81, 84, 87, 90, 93, -1 ]
      }
    }
    ,
    Shape {
      appearance Appearance {
        material USE body
      }
      geometry IndexedFaceSet {
        normalPerVertex TRUE
        coord Coordinate {
          point [
            -2.2199995000199446 0.8659999999999999 0.9753870067719979,
            -2.242835640266559 0.751194970290473 0.9753870067719976,
            -2.3078674656639806 0.6538679656440358 0.9753870067719976,
            -2.405194470310418 0.588836140246614 0.9753870067719976,
            -2.519999500019945 0.5660000000000001 0.9753870067719976,
            -2.6348045297294718 0.588836140246614 0.9753870067719976,
            -2.732131534375909 0.6538679656440358 0.9753870067719976,
            -2.7971633597733305 0.751194970290473 0.9753870067719979,
            -2.8199995000199447 0.8659999999999999 0.9753870067719976,
            -2.7971633597733305 0.9808050297095268 0.9753870067719979,
            -2.732131534375909 1.0781320343559642 0.9753870067719976,
            -2.634804529729472 1.143163859753386 0.9753870067719976,
            -2.519999500019945 1.166 0.9753870067719976,
            -2.405194470310418 1.143163859753386 0.9753870067719976,
            -2.3078674656639806 1.0781320343559642 0.9753870067719976,
            -2.242835640266559 0.9808050297095272 0.9753870067719979,
            -2.2200000000398896 0.8660000000000001 0.4000000135439956,
            -2.2428361402865034 0.751194970290473 0.4000000135439956,
            -2.307867965683925 0.653867965644036 0.4000000135439954,
            -2.4051949703303626 0.5888361402466142 0.4000000135439954,
            -2.5200000000398894 0.5660000000000003 0.4000000135439956,
            -2.6348050297494163 0.5888361402466142 0.4000000135439956,
            -2.7321320343958537 0.653867965644036 0.4000000135439956,
            -2.797163859793275 0.751194970290473 0.4000000135439956,
            -2.8200000000398893 0.8659999999999999 0.4000000135439954,
            -2.797163859793275 0.980805029709527 0.4000000135439956,
            -2.7321320343958537 1.0781320343559642 0.4000000135439956,
            -2.6348050297494168 1.143163859753386 0.4000000135439954,
            -2.5200000000398894 1.166 0.4000000135439956,
            -2.4051949703303626 1.143163859753386 0.4000000135439954,
            -2.3078679656839256 1.0781320343559644 0.4000000135439954,
            -2.2428361402865034 0.9808050297095272 0.4000000135439956,
            -2.3900000010398896 0.8659999999999999 0.10000001354399557,
            -2.3998956617373017 0.8162511541752218 0.10000001354399546,
            -2.428076119192745 0.7740761191528556 0.10000001354399546,
            -2.470251154215111 0.7458956616974122 0.10000001354399546,
            -2.5200000000398894 0.7360000010000001 0.10000001354399546,
            -2.569748845864668 0.7458956616974122 0.10000001354399546,
            -2.611923880887034 0.7740761191528556 0.10000001354399546,
            -2.640104338342477 0.8162511541752218 0.10000001354399568,
            -2.6499999990398897 0.8659999999999999 0.10000001354399546,
            -2.640104338342477 0.9157488458247782 0.10000001354399568,
            -2.611923880887034 0.9579238808471442 0.10000001354399546,
            -2.569748845864668 0.9861043383025876 0.10000001354399546,
            -2.5200000000398894 0.9959999989999999 0.10000001354399546,
            -2.470251154215111 0.9861043383025876 0.10000001354399535,
            -2.428076119192745 0.9579238808471444 0.10000001354399546,
            -2.3998956617373017 0.9157488458247782 0.10000001354399568,
            -2.247046382080022 0.7612966296545554 0.9880535110571662,
            -2.224557174116282 0.8750461068821136 1.0040839852731476,
            -2.247046382080022 0.987418396340034 1.027924879449281,
            -2.3110902279239394 1.0813058356156864 1.0559466335654935,
            -2.406938616677206 1.1424149131711117 1.083883189575426,
            -2.5199995000199453 1.1614423259036624 1.1074814600720768,
            -2.6330603833626847 1.135491322708734 1.1231488222911858,
            -2.728908772115951 1.0685127085763249 1.1285000623598858,
            -2.792952617959868 0.9707033703454448 1.1227205024868294,
            -2.8154418259236076 0.8569538931178862 1.106690028270848,
            -2.792952617959868 0.7445816036599666 1.082849134094715,
            -2.728908772115951 0.6506941643843136 1.0548273799785022,
            -2.633060383362684 0.5895850868288885 1.0268908239685697,
            -2.5199995000199453 0.5705576740963378 1.0032925534719186,
            -2.4069386166772064 0.596508677291266 0.9876251912528096,
            -2.3110902279239394 0.6634872914236754 0.9822739511841097,
            -2.2489936378773234 0.7689517529074092 1.0028122875029726,
            -2.224062428880787 0.878909880034177 1.0342658921408034,
            -2.2420700474149458 0.9848198162980557 1.0807470197441436,
            -2.3002749967974436 1.0705577339788301 1.135179339987854,
            -2.3898161011139734 1.1230708123257642 1.1892760255450434,
            -2.497061538924477 1.1343644111927769 1.2348013464273042,
            -2.60568416450462 1.102719182529094 1.2648244852183748,
            -2.6991471677763763 1.0329528255340499 1.2747746911977438,
            -2.7632216537358576 0.9356866356265376 1.263137135703896,
            -2.7881528627323946 0.8257285084997696 1.2316835310660652,
            -2.770145244198235 0.7198185722358919 1.1852024034627258,
            -2.7119402948157383 0.6340806545551165 1.1307700832190142,
            -2.622399190499208 0.5815675762081827 1.0766733976618252,
            -2.5151537526887044 0.57027397734117 1.0311480767795642,
            -2.4065311271085625 0.6019192060048526 1.001124937988494,
            -2.313068123836805 0.6716855629998972 0.9911747320091244,
            -1.5126089928367064 -0.10017242111590083 2.6642621272025924,
            -1.4081675807227512 0.05837146843334373 2.6832313426575647,
            -1.3675297100583965 0.23760321564997522 2.7345007182172294,
            -1.3968821282690755 0.41023641176009745 2.810264956210674,
            -1.4917561957625471 0.5499892175797597 2.8989896382079214,
            -1.6377081957984905 0.6355855352852624 2.9871672356661403,
            -1.8125182594296114 0.653994101438493 3.0613735087042255,
            -1.9895731391252442 0.60241237871669 3.1103112249336706,
            -2.1419178344582073 0.48869321681476796 3.126530060680042,
            -2.246359246572162 0.33014932726552304 3.1075608452250703,
            -2.286997117236517 0.15091758004889116 3.056291469665406,
            -2.2576446990258368 -0.021715616061229626 2.9805272316719624,
            -2.1627706315323674 -0.16146842188089336 2.891802549674712,
            -2.016818631496423 -0.24706473958639555 2.8036249522164947,
            -1.8420085678653022 -0.26547330573962613 2.729418679178409,
            -1.664953688169671 -0.21389158301782354 2.6804809629489648 ]
        }
        coordIndex [
          0, 1, 17, 16, -1,
          0, 15, 50, 49, -1,
          0, 16, 31, 15, -1,
          0, 49, 48, 1, -1,
          1, 2, 18, 17, -1,
          1, 48, 63, 2, -1,
          2, 3, 19, 18, -1,
          2, 63, 62, 3, -1,
          3, 4, 20, 19, -1,
          3, 62, 61, 4, -1,
          4, 5, 21, 20, -1,
          4, 61, 60, 5, -1,
          5, 6, 22, 21, -1,
          5, 60, 59, 6, -1,
          6, 7, 23, 22, -1,
          6, 59, 58, 7, -1,
          7, 8, 24, 23, -1,
          7, 58, 57, 8, -1,
          8, 9, 25, 24, -1,
          8, 57, 56, 9, -1,
          9, 10, 26, 25, -1,
          9, 56, 55, 10, -1,
          10, 11, 27, 26, -1,
          10, 55, 54, 11, -1,
          11, 12, 28, 27, -1,
          11, 54, 53, 12, -1,
          12, 13, 29, 28, -1,
          12, 53, 52, 13, -1,
          13, 14, 30, 29, -1,
          13, 52, 51, 14, -1,
          14, 15, 31, 30, -1,
          14, 51, 50, 15, -1,
          16, 17, 33, 32, -1,
          16, 32, 47, 31, -1,
          17, 18, 34, 33, -1,
          18, 19, 35, 34, -1,
          19, 20, 36, 35, -1,
          20, 21, 37, 36, -1,
          21, 22, 38, 37, -1,
          22, 23, 39, 38, -1,
          23, 24, 40, 39, -1,
          24, 25, 41, 40, -1,
          25, 26, 42, 41, -1,
          26, 27, 43, 42, -1,
          27, 28, 44, 43, -1,
          28, 29, 45, 44, -1,
          29, 30, 46, 45, -1,
          30, 31, 47, 46, -1,
          32, 33, 34, 35, 36, 37, 38, 39, 40, 41, 42, 43, 44, 45, 46, 47, -1,
          48, 49, 65, 64, -1,
          48, 64, 79, 63, -1,
          49, 50, 66, 65, -1,
          50, 51, 67, 66, -1,
          51, 52, 68, 67, -1,
          52, 53, 69, 68, -1,
          53, 54, 70, 69, -1,
          54, 55, 71, 70, -1,
          55, 56, 72, 71, -1,
          56, 57, 73, 72, -1,
          57, 58, 74, 73, -1,
          58, 59, 75, 74, -1,
          59, 60, 76, 75, -1,
          60, 61, 77, 76, -1,
          61, 62, 78, 77, -1,
          62, 63, 79, 78, -1,
          64, 65, 82, 81, -1,
          64, 81, 80, 79, -1,
          65, 66, 83, 82, -1,
          66, 67, 84, 83, -1,
          67, 68, 85, 84, -1,
          68, 69, 86, 85, -1,
          69, 70, 87, 86, -1,
          70, 71, 88, 87, -1,
          71, 72, 89, 88, -1,
          72, 73, 90, 89, -1,
          73, 74, 91, 90, -1,
          74, 75, 92, 91, -1,
          75, 76, 93, 92, -1,
          76, 77, 94, 93, -1,
          77, 78, 95, 94, -1,
          78, 79, 80, 95, -1,
          80, 81, 82, 83, 84, 85, 86, 87, 88, 89, 90, 91, 92, 93, 94, 95, -1 ]
        normal Normal {
          vector [
            0.8462027899674408 -0.35821733975608117 0.39448849888101395,
            0.9950371624535264 -0.01009139773245359 0.09899095427482185,
            0.9209127116271949 0.38968042484463883 -0.008303255767989291,
            0.697127987615938 0.7169195124991496 0.00624351507839677,
            0.3710702562416745 0.926519487733838 0.06219729722555925,
            -0.008861548884058176 0.9925027529780092 0.12190060821196982,
            -0.3867600219217115 0.9073213360270518 0.16487776876584403,
            -0.7062103318474281 0.6847585121224727 0.1799242820404257,
            -0.9189976849844981 0.3587851630743949 0.16345171076135323,
            -0.9926319900771972 -0.021390668208187115 0.11926513148858911,
            -0.9150687813942128 -0.39899532035458285 0.05875252890603259,
            -0.6955929422641637 -0.718431722179119 0.00251380966445233,
            -0.36172668863202695 -0.9322102643923896 -0.011739918772272187,
            0.03981680527844114 -0.994543604133067 0.09642427855798517,
            0.38255688493894086 -0.8360577799324547 0.3932653282457396,
            0.5875501588236253 -0.5715669309766757 0.5727966954166518,
            0.9301163269751547 -0.34400223153591575 -0.12863157852004098,
            0.9770013421727622 0.05573126392166342 -0.2058212904786939,
            0.8858911151625679 0.4366743209767611 -0.1565645856364292,
            0.6724663248093202 0.7393525726322171 -0.03386466210621209,
            0.36149700338004753 0.926178375232221 0.10730113605852049,
            -0.003843080154040152 0.9727268830978314 0.23192162821459245,
            -0.3699110220534177 0.8737733073223871 0.3157309664481664,
            -0.6822466932396064 0.6452048171477944 0.3438752586228085,
            -0.8941259493733998 0.32171137400129474 0.31151336808444613,
            -0.9733634109305509 -0.04829343074245551 0.22412365963629835,
            -0.9070262025925143 -0.4097252341991886 0.09710149468995395,
            -0.7032922086119707 -0.7094799318891989 -0.04492544437391809,
            -0.3890511805736823 -0.905984774893982 -0.16682555725824724,
            -0.0034670247927987862 -0.9768757024282319 -0.2137798908794623,
            0.39318803003040176 -0.9097707456225853 -0.1331178554895521,
            0.7249304162711526 -0.6872447014284935 -0.046589826393689984,
            0.7245601904772553 -0.6823954059170946 -0.09669043571526266,
            0.9216554556060802 -0.3832013476141602 -0.06089292519037327,
            0.9983446896057383 -0.04496646528012109 0.03585941628405888,
            0.9429526517894186 0.2808160463565117 0.17883692178071323,
            0.763912277784584 0.5445487531248765 0.3462725621820343,
            0.48848084152844123 0.7060807411624329 0.5126757790447832,
            0.15859028239879489 0.7408202295815842 0.6527131910505252,
            -0.17553655244222838 0.6434784461847581 0.7450653716636858,
            -0.463031881257384 0.4288747950886574 0.7756725385605127,
            -0.6601271463862072 0.12968073678572511 0.7398750280356234,
            -0.7368163803858653 -0.20855414554831583 0.643122686561191,
            -0.6814243425695468 -0.5343366571849449 0.5001451810645381,
            -0.502383968564713 -0.7980693639533097 0.3327095406632173,
            -0.2269525323085662 -0.959601351990869 0.166306323800466,
            0.10293802682107817 -0.9943408404100197 0.026268911794724795,
            0.43706486166210057 -0.8969990570131939 -0.06608326881843547,
            0.9999999999996224 -1.8394570667640202e-16 -8.690150293054037e-7,
            0.9999999999996224 -1.8394570667640202e-16 -8.690150293054037e-7,
            0.9824700453407982 -0.009011965647864578 0.18620256304146734,
            0.9824700453407982 -0.009011965647864578 0.18620256304146734,
            0.9238795325109849 -0.38268343236497643 -8.028651989315865e-7,
            0.9238795325109849 -0.38268343236497643 -8.028651989315865e-7,
            0.8036301333600278 -0.3280107342363885 0.49657584212429173,
            0.8036301333600278 -0.3280107342363885 0.49657584212429173,
            0.7071067811864034 -0.7071067811864247 -6.144864201233838e-7,
            0.7071067811864034 -0.7071067811864247 -6.144864201233838e-7,
            0.5290215224117897 -0.5219643854866621 0.6690959640504817,
            0.5290215224117897 -0.5219643854866621 0.6690959640504817,
            0.3826834323650592 -0.9238795325112397 -3.32557654401362e-7,
            0.3826834323650592 -0.9238795325112397 -3.32557654401362e-7,
            0.3393799862643244 -0.7989971589892385 0.49641189031927174,
            0.3393799862643244 -0.7989971589892385 0.49641189031927174,
            1.4149669744339025e-17 -1.0 -3.8406537152039415e-16,
            1.4149669744339025e-17 -1.0 -3.8406537152039415e-16,
            0.023667744413941205 -0.9822403038805075 0.18612851288044133,
            0.023667744413941205 -0.9822403038805075 0.18612851288044133,
            -0.3826834323650592 -0.9238795325112397 3.325576536890357e-7,
            -0.3826834323650592 -0.9238795325112397 3.325576536890357e-7,
            -0.36737027096613006 -0.9292931417991167 0.03812270472302579,
            -0.36737027096613006 -0.9292931417991167 0.03812270472302579,
            -0.7071067811864044 -0.7071067811864236 6.144864196867977e-7,
            -0.7071067811864044 -0.7071067811864236 6.144864196867977e-7,
            -0.7012882936467201 -0.7128635023117857 0.004511791866483807,
            -0.7012882936467201 -0.7128635023117857 0.004511791866483807,
            -0.9238795325109851 -0.3826834323649758 8.028651986115323e-7,
            -0.9238795325109851 -0.3826834323649758 8.028651986115323e-7,
            -0.9222245821275797 -0.3864158679062213 0.013586653373538031,
            -0.9222245821275797 -0.3864158679062213 0.013586653373538031,
            -0.9999999999996225 -9.904768821037037e-17 8.690150289393937e-7,
            -0.9999999999996225 -9.904768821037037e-17 8.690150289393937e-7,
            -0.9994107094436802 -0.0033456658845722217 0.034161972558224334,
            -0.9994107094436802 -0.0033456658845722217 0.034161972558224334,
            -0.9238795325109854 0.3826834323649753 8.028651987395532e-7,
            -0.9238795325109854 0.3826834323649753 8.028651987395532e-7,
            -0.9245221355047372 0.3776566131753425 0.051325466258867705,
            -0.9245221355047372 0.3776566131753425 0.051325466258867705,
            -0.7071067811864055 0.7071067811864225 6.144864199592545e-7,
            -0.7071067811864055 0.7071067811864225 6.144864199592545e-7,
            -0.7112662100032353 0.7005433107470566 0.05778795960393989,
            -0.7112662100032353 0.7005433107470566 0.05778795960393989,
            -0.3826834323650598 0.9238795325112394 3.3255765404519945e-7,
            -0.3826834323650598 0.9238795325112394 3.3255765404519945e-7,
            -0.391668136814403 0.9186740388160226 0.05132329889817099,
            -0.391668136814403 0.9186740388160226 0.05132329889817099,
            3.537417436084756e-16 1.0 1.640999830503063e-18,
            3.537417436084756e-16 1.0 1.640999830503063e-18,
            -0.011883336226380183 0.9993457391795604 0.03415962388242545,
            -0.011883336226380183 0.9993457391795604 0.03415962388242545,
            0.3826834323650593 0.9238795325112397 -3.32557654069819e-7,
            0.3826834323650593 0.9238795325112397 -3.32557654069819e-7,
            0.3722794461235423 0.9280212513857381 0.013585689912450525,
            0.3722794461235423 0.9280212513857381 0.013585689912450525,
            0.7071067811864028 0.7071067811864252 -6.14486420038036e-7,
            0.7071067811864028 0.7071067811864252 -6.14486420038036e-7,
            0.702051567590024 0.7121118167091363 0.004511867418667546,
            0.702051567590024 0.7121118167091363 0.004511867418667546,
            0.9238795325109846 0.382683432364977 -8.028651989463571e-7,
            0.9238795325109846 0.382683432364977 -8.028651989463571e-7,
            0.9235906531918404 0.38147914000926836 0.038130972639817455,
            0.9235906531918404 0.38147914000926836 0.038130972639817455,
            0.9999999999996224 -1.8394570667640202e-16 -8.690150293054037e-7,
            0.9999999999996224 -1.8394570667640202e-16 -8.690150293054037e-7,
            0.8700221846046782 2.112610284338345e-16 -0.4930125741760582,
            0.8700221846046782 2.112610284338345e-16 -0.4930125741760582,
            0.9238795325109849 -0.38268343236497643 -8.028651989315865e-7,
            0.9238795325109849 -0.38268343236497643 -8.028651989315865e-7,
            0.803795689187019 -0.33294307583829086 -0.49301257417605826,
            0.803795689187019 -0.33294307583829086 -0.49301257417605826,
            0.7071067811864034 -0.7071067811864247 -6.144864201233838e-7,
            0.7071067811864034 -0.7071067811864247 -6.144864201233838e-7,
            0.6151985865167025 -0.6151985865167023 -0.4930125741760578,
            0.6151985865167025 -0.6151985865167023 -0.4930125741760578,
            0.3826834323650592 -0.9238795325112397 -3.32557654401362e-7,
            0.3826834323650592 -0.9238795325112397 -3.32557654401362e-7,
            0.3329430758382914 -0.8037956891870192 -0.4930125741760576,
            0.3329430758382914 -0.8037956891870192 -0.4930125741760576,
            1.4149669744339025e-17 -1.0 -3.8406537152039415e-16,
            1.4149669744339025e-17 -1.0 -3.8406537152039415e-16,
            -3.5210171405639084e-16 -0.8700221846046787 -0.4930125741760573,
            -3.5210171405639084e-16 -0.8700221846046787 -0.4930125741760573,
            -0.3826834323650592 -0.9238795325112397 3.325576536890357e-7,
            -0.3826834323650592 -0.9238795325112397 3.325576536890357e-7,
            -0.33294307583829186 -0.803795689187019 -0.49301257417605737,
            -0.33294307583829186 -0.803795689187019 -0.49301257417605737,
            -0.7071067811864044 -0.7071067811864236 6.144864196867977e-7,
            -0.7071067811864044 -0.7071067811864236 6.144864196867977e-7,
            -0.6151985865167032 -0.6151985865167017 -0.49301257417605754,
            -0.6151985865167032 -0.6151985865167017 -0.49301257417605754,
            -0.9238795325109851 -0.3826834323649758 8.028651986115323e-7,
            -0.9238795325109851 -0.3826834323649758 8.028651986115323e-7,
            -0.8037956891870187 -0.332943075838293 -0.4930125741760573,
            -0.8037956891870187 -0.332943075838293 -0.4930125741760573,
            -0.9999999999996225 -9.904768821037037e-17 8.690150289393937e-7,
            -0.9999999999996225 -9.904768821037037e-17 8.690150289393937e-7,
            -0.8700221846046784 -1.9717695987157905e-16 -0.4930125741760578,
            -0.8700221846046784 -1.9717695987157905e-16 -0.4930125741760578,
            -0.9238795325109854 0.3826834323649753 8.028651987395532e-7,
            -0.9238795325109854 0.3826834323649753 8.028651987395532e-7,
            -0.8037956891870187 0.33294307583829275 -0.49301257417605754,
            -0.8037956891870187 0.33294307583829275 -0.49301257417605754,
            -0.7071067811864055 0.7071067811864225 6.144864199592545e-7,
            -0.7071067811864055 0.7071067811864225 6.144864199592545e-7,
            -0.6151985865167038 0.6151985865167007 -0.4930125741760582,
            -0.6151985865167038 0.6151985865167007 -0.4930125741760582,
            -0.3826834323650598 0.9238795325112394 3.3255765404519945e-7,
            -0.3826834323650598 0.9238795325112394 3.3255765404519945e-7,
            -0.3329430758382924 0.8037956891870182 -0.49301257417605854,
            -0.3329430758382924 0.8037956891870182 -0.49301257417605854,
            3.537417436084756e-16 1.0 1.640999830503063e-18,
            3.537417436084756e-16 1.0 1.640999830503063e-18,
            8.450441137353383e-17 0.8700221846046782 -0.49301257417605826,
            8.450441137353383e-17 0.8700221846046782 -0.49301257417605826,
            0.3826834323650593 0.9238795325112397 -3.32557654069819e-7,
            0.3826834323650593 0.9238795325112397 -3.32557654069819e-7,
            0.3329430758382915 0.8037956891870187 -0.4930125741760581,
            0.3329430758382915 0.8037956891870187 -0.4930125741760581,
            0.7071067811864028 0.7071067811864252 -6.14486420038036e-7,
            0.7071067811864028 0.7071067811864252 -6.14486420038036e-7,
            0.615198586516702 0.6151985865167026 -0.49301257417605804,
            0.615198586516702 0.6151985865167026 -0.49301257417605804,
            0.9238795325109846 0.382683432364977 -8.028651989463571e-7,
            0.9238795325109846 0.382683432364977 -8.028651989463571e-7,
            0.8037956891870187 0.33294307583829125 -0.4930125741760584,
            0.8037956891870187 0.33294307583829125 -0.4930125741760584,
            0.8700221846046782 2.112610284338345e-16 -0.4930125741760582,
            0.8700221846046782 2.112610284338345e-16 -0.4930125741760582,
            -1.0058545042378111e-16 -1.6921578347986898e-17 -1.0,
            0.803795689187019 -0.33294307583829086 -0.49301257417605826,
            0.803795689187019 -0.33294307583829086 -0.49301257417605826,
            -1.0058545042378111e-16 -1.6921578347986898e-17 -1.0,
            0.6151985865167025 -0.6151985865167023 -0.4930125741760578,
            0.6151985865167025 -0.6151985865167023 -0.4930125741760578,
            -1.0058545042378111e-16 -1.6921578347986898e-17 -1.0,
            0.3329430758382914 -0.8037956891870192 -0.4930125741760576,
            0.3329430758382914 -0.8037956891870192 -0.4930125741760576,
            -1.0058545042378111e-16 -1.6921578347986898e-17 -1.0,
            -3.5210171405639084e-16 -0.8700221846046787 -0.4930125741760573,
            -3.5210171405639084e-16 -0.8700221846046787 -0.4930125741760573,
            -1.0058545042378111e-16 -1.6921578347986898e-17 -1.0,
            -0.33294307583829186 -0.803795689187019 -0.49301257417605737,
            -0.33294307583829186 -0.803795689187019 -0.49301257417605737,
            -1.0058545042378111e-16 -1.6921578347986898e-17 -1.0,
            -0.6151985865167032 -0.6151985865167017 -0.49301257417605754,
            -0.6151985865167032 -0.6151985865167017 -0.49301257417605754,
            -1.0058545042378111e-16 -1.6921578347986898e-17 -1.0,
            -0.8037956891870187 -0.332943075838293 -0.4930125741760573,
            -0.8037956891870187 -0.332943075838293 -0.4930125741760573,
            -1.0058545042378111e-16 -1.6921578347986898e-17 -1.0,
            -0.8700221846046784 -1.9717695987157905e-16 -0.4930125741760578,
            -0.8700221846046784 -1.9717695987157905e-16 -0.4930125741760578,
            -1.0058545042378111e-16 -1.6921578347986898e-17 -1.0,
            -0.8037956891870187 0.33294307583829275 -0.49301257417605754,
            -0.8037956891870187 0.33294307583829275 -0.49301257417605754,
            -1.0058545042378111e-16 -1.6921578347986898e-17 -1.0,
            -0.6151985865167038 0.6151985865167007 -0.4930125741760582,
            -0.6151985865167038 0.6151985865167007 -0.4930125741760582,
            -1.0058545042378111e-16 -1.6921578347986898e-17 -1.0,
            -0.3329430758382924 0.8037956891870182 -0.49301257417605854,
            -0.3329430758382924 0.8037956891870182 -0.49301257417605854,
            -1.0058545042378111e-16 -1.6921578347986898e-17 -1.0,
            8.450441137353383e-17 0.8700221846046782 -0.49301257417605826,
            8.450441137353383e-17 0.8700221846046782 -0.49301257417605826,
            -1.0058545042378111e-16 -1.6921578347986898e-17 -1.0,
            0.3329430758382915 0.8037956891870187 -0.4930125741760581,
            0.3329430758382915 0.8037956891870187 -0.4930125741760581,
            -1.0058545042378111e-16 -1.6921578347986898e-17 -1.0,
            0.615198586516702 0.6151985865167026 -0.49301257417605804,
            0.615198586516702 0.6151985865167026 -0.49301257417605804,
            -1.0058545042378111e-16 -1.6921578347986898e-17 -1.0,
            0.8037956891870187 0.33294307583829125 -0.4930125741760584,
            0.8037956891870187 0.33294307583829125 -0.4930125741760584,
            -1.0058545042378111e-16 -1.6921578347986898e-17 -1.0 ]
        }
        normalIndex [
          48, 52, 116, 112, -1,
          51, 110, 2, 1, -1,
          49, 113, 173, 109, -1,
          50, 1, 0, 54, -1,
          53, 56, 120, 117, -1,
          55, 0, 15, 59, -1,
          57, 60, 124, 121, -1,
          58, 15, 14, 63, -1,
          61, 64, 128, 125, -1,
          62, 14, 13, 67, -1,
          65, 68, 132, 129, -1,
          66, 13, 12, 71, -1,
          69, 72, 136, 133, -1,
          70, 12, 11, 75, -1,
          73, 76, 140, 137, -1,
          74, 11, 10, 79, -1,
          77, 80, 144, 141, -1,
          78, 10, 9, 83, -1,
          81, 84, 148, 145, -1,
          82, 9, 8, 87, -1,
          85, 88, 152, 149, -1,
          86, 8, 7, 91, -1,
          89, 92, 156, 153, -1,
          90, 7, 6, 95, -1,
          93, 96, 160, 157, -1,
          94, 6, 5, 99, -1,
          97, 100, 164, 161, -1,
          98, 5, 4, 103, -1,
          101, 104, 168, 165, -1,
          102, 4, 3, 107, -1,
          105, 108, 172, 169, -1,
          106, 3, 2, 111, -1,
          114, 118, 179, 176, -1,
          115, 177, 222, 175, -1,
          119, 122, 182, 180, -1,
          123, 126, 185, 183, -1,
          127, 130, 188, 186, -1,
          131, 134, 191, 189, -1,
          135, 138, 194, 192, -1,
          139, 142, 197, 195, -1,
          143, 146, 200, 198, -1,
          147, 150, 203, 201, -1,
          151, 154, 206, 204, -1,
          155, 158, 209, 207, -1,
          159, 162, 212, 210, -1,
          163, 166, 215, 213, -1,
          167, 170, 218, 216, -1,
          171, 174, 221, 219, -1,
          178, 181, 184, 187, 190, 193, 196, 199, 202, 205, 208, 211, 214, 217, 220, 223, -1,
          0, 1, 17, 16, -1,
          0, 16, 31, 15, -1,
          1, 2, 18, 17, -1,
          2, 3, 19, 18, -1,
          3, 4, 20, 19, -1,
          4, 5, 21, 20, -1,
          5, 6, 22, 21, -1,
          6, 7, 23, 22, -1,
          7, 8, 24, 23, -1,
          8, 9, 25, 24, -1,
          9, 10, 26, 25, -1,
          10, 11, 27, 26, -1,
          11, 12, 28, 27, -1,
          12, 13, 29, 28, -1,
          13, 14, 30, 29, -1,
          14, 15, 31, 30, -1,
          16, 17, 34, 33, -1,
          16, 33, 32, 31, -1,
          17, 18, 35, 34, -1,
          18, 19, 36, 35, -1,
          19, 20, 37, 36, -1,
          20, 21, 38, 37, -1,
          21, 22, 39, 38, -1,
          22, 23, 40, 39, -1,
          23, 24, 41, 40, -1,
          24, 25, 42, 41, -1,
          25, 26, 43, 42, -1,
          26, 27, 44, 43, -1,
          27, 28, 45, 44, -1,
          28, 29, 46, 45, -1,
          29, 30, 47, 46, -1,
          30, 31, 32, 47, -1,
          32, 33, 34, 35, 36, 37, 38, 39, 40, 41, 42, 43, 44, 45, 46, 47, -1 ]
      }
    }

  ]
}

DEF Cylinder1 Transform {
  children [
    Shape {
      appearance Appearance {
        material USE body
      }
      geometry IndexedFaceSet {
        normalPerVertex TRUE
        coord Coordinate {
          point [
            3.424999999956349 0.4700000000000001 3.6250000000000004,
            3.1642873988108278 0.4700000000000001 4.935690755833727,
            2.421840725533059 0.4700000000000001 6.04684072553306,
            1.310690755833728 0.4700000000000001 6.789287398810829,
            2.916755835199604e-16 0.4700000000000001 7.049999999956348,
            -1.3106907558337275 0.4700000000000001 6.789287398810829,
            -2.4218407255330585 0.4700000000000001 6.04684072553306,
            -3.1642873988108278 0.4700000000000001 4.935690755833727,
            -3.424999999956348 0.4700000000000001 3.6250000000000018,
            -3.1642873988108278 0.4700000000000001 2.3143092441662723,
            -2.4218407255330594 0.4700000000000001 1.2031592744669417,
            -1.3106907558337295 0.4700000000000001 0.46071260118917223,
            -5.47207473885285e-16 0.4700000000000001 0.20000000004365226,
            1.3106907558337284 0.4700000000000001 0.46071260118917223,
            2.4218407255330585 0.4700000000000001 1.2031592744669404,
            3.1642873988108273 0.4700000000000001 2.31430924416627,
            3.424999999956349 -0.4700000000000001 3.6250000000000004,
            3.1642873988108278 -0.4700000000000001 4.935690755833727,
            2.421840725533059 -0.4700000000000001 6.04684072553306,
            1.310690755833728 -0.4700000000000001 6.789287398810829,
            2.916755835199604e-16 -0.4700000000000001 7.049999999956348,
            -1.3106907558337275 -0.4700000000000001 6.789287398810829,
            -2.4218407255330585 -0.4700000000000001 6.04684072553306,
            -3.1642873988108278 -0.4700000000000001 4.935690755833727,
            -3.424999999956348 -0.4700000000000001 3.6250000000000018,
            -3.1642873988108278 -0.4700000000000001 2.3143092441662723,
            -2.4218407255330594 -0.4700000000000001 1.2031592744669417,
            -1.3106907558337295 -0.4700000000000001 0.46071260118917223,
            -5.47207473885285e-16 -0.4700000000000001 0.20000000004365226,
            1.3106907558337284 -0.4700000000000001 0.46071260118917223,
            2.4218407255330585 -0.4700000000000001 1.2031592744669404,
            3.1642873988108273 -0.4700000000000001 2.31430924416627,
            3.2400499999587065 -0.5700000000000001 3.6250000000000004,
            2.993415879275043 -0.5700000000000001 4.864913455018707,
            2.291061326354274 -0.5700000000000001 5.916061326354274,
            1.2399134550187068 -0.5700000000000001 6.618415879275043,
            2.687591280610165e-16 -0.5700000000000001 6.865049999958706,
            -1.2399134550187063 -0.5700000000000001 6.618415879275043,
            -2.2910613263542725 -0.5700000000000001 5.916061326354274,
            -2.993415879275043 -0.5700000000000001 4.864913455018707,
            -3.240049999958705 -0.5700000000000001 3.6250000000000018,
            -2.993415879275043 -0.5700000000000001 2.3850865449812937,
            -2.2910613263542743 -0.5700000000000001 1.333938673645727,
            -1.2399134550187079 -0.5700000000000001 0.6315841207249574,
            -5.248242442443455e-16 -0.5700000000000001 0.3849500000412941,
            1.239913455018707 -0.5700000000000001 0.6315841207249561,
            2.291061326354273 -0.5700000000000001 1.3339386736457262,
            2.9934158792750423 -0.5700000000000001 2.3850865449812906,
            2.993415879275043 0.5700000000000001 4.864913455018707,
            3.2400499999587065 0.5700000000000001 3.6250000000000004,
            2.9934158792750423 0.5700000000000001 2.3850865449812906,
            2.291061326354273 0.5700000000000001 1.3339386736457262,
            1.239913455018707 0.5700000000000001 0.6315841207249561,
            -5.28136111154052e-16 0.5700000000000001 0.3849500000412941,
            -1.2399134550187079 0.5700000000000001 0.6315841207249574,
            -2.2910613263542743 0.5700000000000001 1.333938673645727,
            -2.993415879275043 0.5700000000000001 2.3850865449812937,
            -3.240049999958705 0.5700000000000001 3.6250000000000018,
            -2.993415879275043 0.5700000000000001 4.864913455018707,
            -2.2910613263542725 0.5700000000000001 5.916061326354274,
            -1.2399134550187063 0.5700000000000001 6.618415879275043,
            2.6544726115131e-16 0.5700000000000001 6.865049999958706,
            1.2399134550187068 0.5700000000000001 6.618415879275043,
            2.291061326354274 0.5700000000000001 5.916061326354274,
            2.2680349999710936 -0.6699999999999997 3.6250000000000004,
            2.0953911154925304 -0.6699999999999997 4.492939418513095,
            1.6037429284479912 -0.6699999999999997 5.228742928447991,
            0.8679394185130946 -0.6699999999999997 5.72039111549253,
            1.6671968386960426e-16 -0.6699999999999997 5.8930349999710945,
            -0.8679394185130941 -0.6699999999999997 5.72039111549253,
            -1.6037429284479912 -0.6699999999999997 5.228742928447993,
            -2.0953911154925304 -0.6699999999999997 4.492939418513095,
            -2.268034999971093 -0.6699999999999997 3.6250000000000018,
            -2.0953911154925304 -0.6699999999999997 2.757060581486906,
            -1.6037429284479916 -0.6699999999999997 2.021257071552008,
            -0.8679394185130955 -0.6699999999999997 1.5296088845074705,
            -3.887886767441491e-16 -0.6699999999999997 1.3569650000289062,
            0.8679394185130949 -0.6699999999999997 1.5296088845074705,
            1.6037429284479907 -0.6699999999999997 2.021257071552008,
            2.09539111549253 -0.6699999999999997 2.7570605814869045,
            2.095391115492531 0.6699999999999997 4.492939418513095,
            2.2680349999710936 0.6699999999999997 3.6250000000000004,
            2.09539111549253 0.6699999999999997 2.7570605814869045,
            1.6037429284479912 0.6699999999999997 2.021257071552008,
            0.8679394185130946 0.6699999999999997 1.5296088845074705,
            -4.463047654093862e-16 0.6699999999999997 1.3569650000289062,
            -0.8679394185130956 0.6699999999999997 1.5296088845074705,
            -1.6037429284479916 0.6699999999999997 2.021257071552008,
            -2.09539111549253 0.6699999999999997 2.757060581486906,
            -2.268034999971094 0.6699999999999997 3.6250000000000018,
            -2.09539111549253 0.6699999999999997 4.492939418513095,
            -1.6037429284479907 0.6699999999999997 5.228742928447993,
            -0.8679394185130944 0.6699999999999997 5.72039111549253,
            1.0920359520436725e-16 0.6699999999999997 5.8930349999710945,
            0.8679394185130944 0.6699999999999997 5.72039111549253,
            1.6037429284479912 0.6699999999999997 5.228742928447991 ]
        }
        coordIndex [
          0, 1, 17, 16, -1,
          0, 15, 50, 49, -1,
          0, 16, 31, 15, -1,
          0, 49, 48, 1, -1,
          1, 2, 18, 17, -1,
          1, 48, 63, 2, -1,
          2, 3, 19, 18, -1,
          2, 63, 62, 3, -1,
          3, 4, 20, 19, -1,
          3, 62, 61, 4, -1,
          4, 5, 21, 20, -1,
          4, 61, 60, 5, -1,
          5, 6, 22, 21, -1,
          5, 60, 59, 6, -1,
          6, 7, 23, 22, -1,
          6, 59, 58, 7, -1,
          7, 8, 24, 23, -1,
          7, 58, 57, 8, -1,
          8, 9, 25, 24, -1,
          8, 57, 56, 9, -1,
          9, 10, 26, 25, -1,
          9, 56, 55, 10, -1,
          10, 11, 27, 26, -1,
          10, 55, 54, 11, -1,
          11, 12, 28, 27, -1,
          11, 54, 53, 12, -1,
          12, 13, 29, 28, -1,
          12, 53, 52, 13, -1,
          13, 14, 30, 29, -1,
          13, 52, 51, 14, -1,
          14, 15, 31, 30, -1,
          14, 51, 50, 15, -1,
          16, 17, 33, 32, -1,
          16, 32, 47, 31, -1,
          17, 18, 34, 33, -1,
          18, 19, 35, 34, -1,
          19, 20, 36, 35, -1,
          20, 21, 37, 36, -1,
          21, 22, 38, 37, -1,
          22, 23, 39, 38, -1,
          23, 24, 40, 39, -1,
          24, 25, 41, 40, -1,
          25, 26, 42, 41, -1,
          26, 27, 43, 42, -1,
          27, 28, 44, 43, -1,
          28, 29, 45, 44, -1,
          29, 30, 46, 45, -1,
          30, 31, 47, 46, -1,
          32, 33, 65, 64, -1,
          32, 64, 79, 47, -1,
          33, 34, 66, 65, -1,
          34, 35, 67, 66, -1,
          35, 36, 68, 67, -1,
          36, 37, 69, 68, -1,
          37, 38, 70, 69, -1,
          38, 39, 71, 70, -1,
          39, 40, 72, 71, -1,
          40, 41, 73, 72, -1,
          41, 42, 74, 73, -1,
          42, 43, 75, 74, -1,
          43, 44, 76, 75, -1,
          44, 45, 77, 76, -1,
          45, 46, 78, 77, -1,
          46, 47, 79, 78, -1,
          48, 49, 81, 80, -1,
          48, 80, 95, 63, -1,
          49, 50, 82, 81, -1,
          50, 51, 83, 82, -1,
          51, 52, 84, 83, -1,
          52, 53, 85, 84, -1,
          53, 54, 86, 85, -1,
          54, 55, 87, 86, -1,
          55, 56, 88, 87, -1,
          56, 57, 89, 88, -1,
          57, 58, 90, 89, -1,
          58, 59, 91, 90, -1,
          59, 60, 92, 91, -1,
          60, 61, 93, 92, -1,
          61, 62, 94, 93, -1,
          62, 63, 95, 94, -1,
          64, 65, 66, 67, 68, 69, 70, 71, 72, 73, 74, 75, 76, 77, 78, 79, -1,
          80, 81, 82, 83, 84, 85, 86, 87, 88, 89, 90, 91, 92, 93, 94, 95, -1 ]
        normal Normal {
          vector [
            1.0 0.0 8.489801846603295e-17,
            1.0 0.0 8.489801846603295e-17,
            0.4756165101928945 0.8796527355905467 4.878914116402884e-17,
            0.4756165101928945 0.8796527355905467 4.878914116402884e-17,
            0.9238795325112867 0.0 0.3826834323650897,
            0.9238795325112867 0.0 0.3826834323650897,
            0.4394123590916612 0.8796527355905466 0.18201055861012264,
            0.4394123590916612 0.8796527355905466 0.18201055861012264,
            0.7071067811865478 0.0 0.7071067811865472,
            0.7071067811865478 0.0 0.7071067811865472,
            0.33631165960167597 0.8796527355905471 0.3363116596016757,
            0.33631165960167597 0.8796527355905471 0.3363116596016757,
            0.3826834323650893 0.0 0.923879532511287,
            0.3826834323650893 0.0 0.923879532511287,
            0.18201055861012208 0.8796527355905471 0.4394123590916604,
            0.18201055861012208 0.8796527355905471 0.4394123590916604,
            0.0 0.0 1.0,
            0.0 0.0 1.0,
            0.0 0.8796527355905468 0.4756165101928943,
            0.0 0.8796527355905468 0.4756165101928943,
            -0.3826834323650893 0.0 0.923879532511287,
            -0.3826834323650893 0.0 0.923879532511287,
            -0.18201055861012197 0.8796527355905474 0.43941235909166015,
            -0.18201055861012197 0.8796527355905474 0.43941235909166015,
            -0.7071067811865477 0.0 0.7071067811865475,
            -0.7071067811865477 0.0 0.7071067811865475,
            -0.3363116596016755 0.8796527355905475 0.33631165960167547,
            -0.3363116596016755 0.8796527355905475 0.33631165960167547,
            -0.9238795325112868 0.0 0.3826834323650897,
            -0.9238795325112868 0.0 0.3826834323650897,
            -0.43941235909166065 0.879652735590547 0.18201055861012244,
            -0.43941235909166065 0.879652735590547 0.18201055861012244,
            -1.0 0.0 2.9714306463111525e-16,
            -1.0 0.0 2.9714306463111525e-16,
            -0.4756165101928943 0.8796527355905469 1.4636742349208653e-16,
            -0.4756165101928943 0.8796527355905469 1.4636742349208653e-16,
            -0.9238795325112868 0.0 -0.38268343236508956,
            -0.9238795325112868 0.0 -0.38268343236508956,
            -0.43941235909166076 0.8796527355905469 -0.1820105586101223,
            -0.43941235909166076 0.8796527355905469 -0.1820105586101223,
            -0.7071067811865479 0.0 -0.7071067811865472,
            -0.7071067811865479 0.0 -0.7071067811865472,
            -0.33631165960167614 0.8796527355905471 -0.3363116596016758,
            -0.33631165960167614 0.8796527355905471 -0.3363116596016758,
            -0.38268343236508995 0.0 -0.9238795325112867,
            -0.38268343236508995 0.0 -0.9238795325112867,
            -0.18201055861012247 0.8796527355905469 -0.43941235909166065,
            -0.18201055861012247 0.8796527355905469 -0.43941235909166065,
            1.4149669744338818e-17 0.0 -1.0,
            1.4149669744338818e-17 0.0 -1.0,
            2.0909631927440933e-17 0.8796527355905462 -0.4756165101928954,
            2.0909631927440933e-17 0.8796527355905462 -0.4756165101928954,
            0.3826834323650895 0.0 -0.9238795325112868,
            0.3826834323650895 0.0 -0.9238795325112868,
            0.18201055861012264 0.8796527355905464 -0.4394123590916617,
            0.18201055861012264 0.8796527355905464 -0.4394123590916617,
            0.7071067811865474 0.0 -0.7071067811865477,
            0.7071067811865474 0.0 -0.7071067811865477,
            0.33631165960167586 0.879652735590547 -0.3363116596016761,
            0.33631165960167586 0.879652735590547 -0.3363116596016761,
            0.9238795325112865 0.0 -0.3826834323650902,
            0.9238795325112865 0.0 -0.3826834323650902,
            0.4394123590916605 0.879652735590547 -0.18201055861012266,
            0.4394123590916605 0.879652735590547 -0.18201055861012266,
            1.0 0.0 8.489801846603295e-17,
            1.0 0.0 8.489801846603295e-17,
            0.4756165101928945 -0.8796527355905467 4.878914116402884e-17,
            0.4756165101928945 -0.8796527355905467 4.878914116402884e-17,
            0.9238795325112867 0.0 0.3826834323650897,
            0.9238795325112867 0.0 0.3826834323650897,
            0.4394123590916612 -0.8796527355905466 0.18201055861012264,
            0.4394123590916612 -0.8796527355905466 0.18201055861012264,
            0.7071067811865478 0.0 0.7071067811865472,
            0.7071067811865478 0.0 0.7071067811865472,
            0.33631165960167597 -0.8796527355905471 0.3363116596016757,
            0.33631165960167597 -0.8796527355905471 0.3363116596016757,
            0.3826834323650893 0.0 0.923879532511287,
            0.3826834323650893 0.0 0.923879532511287,
            0.18201055861012208 -0.8796527355905471 0.4394123590916604,
            0.18201055861012208 -0.8796527355905471 0.4394123590916604,
            0.0 0.0 1.0,
            0.0 0.0 1.0,
            0.0 -0.8796527355905468 0.4756165101928943,
            0.0 -0.8796527355905468 0.4756165101928943,
            -0.3826834323650893 0.0 0.923879532511287,
            -0.3826834323650893 0.0 0.923879532511287,
            -0.18201055861012197 -0.8796527355905474 0.43941235909166015,
            -0.18201055861012197 -0.8796527355905474 0.43941235909166015,
            -0.7071067811865477 0.0 0.7071067811865475,
            -0.7071067811865477 0.0 0.7071067811865475,
            -0.3363116596016755 -0.8796527355905475 0.33631165960167547,
            -0.3363116596016755 -0.8796527355905475 0.33631165960167547,
            -0.9238795325112868 0.0 0.3826834323650897,
            -0.9238795325112868 0.0 0.3826834323650897,
            -0.43941235909166065 -0.879652735590547 0.18201055861012244,
            -0.43941235909166065 -0.879652735590547 0.18201055861012244,
            -1.0 0.0 2.9714306463111525e-16,
            -1.0 0.0 2.9714306463111525e-16,
            -0.4756165101928943 -0.8796527355905469 1.4636742349208653e-16,
            -0.4756165101928943 -0.8796527355905469 1.4636742349208653e-16,
            -0.9238795325112868 0.0 -0.38268343236508956,
            -0.9238795325112868 0.0 -0.38268343236508956,
            -0.43941235909166076 -0.8796527355905469 -0.1820105586101223,
            -0.43941235909166076 -0.8796527355905469 -0.1820105586101223,
            -0.7071067811865479 0.0 -0.7071067811865472,
            -0.7071067811865479 0.0 -0.7071067811865472,
            -0.33631165960167614 -0.8796527355905471 -0.3363116596016758,
            -0.33631165960167614 -0.8796527355905471 -0.3363116596016758,
            -0.38268343236508995 0.0 -0.9238795325112867,
            -0.38268343236508995 0.0 -0.9238795325112867,
            -0.18201055861012247 -0.8796527355905469 -0.43941235909166065,
            -0.18201055861012247 -0.8796527355905469 -0.43941235909166065,
            1.4149669744338818e-17 0.0 -1.0,
            1.4149669744338818e-17 0.0 -1.0,
            2.0909631927440933e-17 -0.8796527355905462 -0.4756165101928954,
            2.0909631927440933e-17 -0.8796527355905462 -0.4756165101928954,
            0.3826834323650895 0.0 -0.9238795325112868,
            0.3826834323650895 0.0 -0.9238795325112868,
            0.18201055861012264 -0.8796527355905464 -0.4394123590916617,
            0.18201055861012264 -0.8796527355905464 -0.4394123590916617,
            0.7071067811865474 0.0 -0.7071067811865477,
            0.7071067811865474 0.0 -0.7071067811865477,
            0.33631165960167586 -0.879652735590547 -0.3363116596016761,
            0.33631165960167586 -0.879652735590547 -0.3363116596016761,
            0.9238795325112865 0.0 -0.3826834323650902,
            0.9238795325112865 0.0 -0.3826834323650902,
            0.4394123590916605 -0.879652735590547 -0.18201055861012266,
            0.4394123590916605 -0.879652735590547 -0.18201055861012266,
            0.4756165101928945 -0.8796527355905467 4.878914116402884e-17,
            0.4756165101928945 -0.8796527355905467 4.878914116402884e-17,
            0.10233891349438339 -0.9947495899897568 -8.67541430697504e-18,
            0.10233891349438339 -0.9947495899897568 -8.67541430697504e-18,
            0.4394123590916612 -0.8796527355905466 0.18201055861012264,
            0.4394123590916612 -0.8796527355905466 0.18201055861012264,
            0.09454882755690396 -0.9947495899897568 0.03916340668054468,
            0.09454882755690396 -0.9947495899897568 0.03916340668054468,
            0.33631165960167597 -0.8796527355905471 0.3363116596016757,
            0.33631165960167597 -0.8796527355905471 0.3363116596016757,
            0.07236453971114198 -0.9947495899897567 0.07236453971114198,
            0.07236453971114198 -0.9947495899897567 0.07236453971114198,
            0.18201055861012208 -0.8796527355905471 0.4394123590916604,
            0.18201055861012208 -0.8796527355905471 0.4394123590916604,
            0.0391634066805447 -0.9947495899897568 0.09454882755690401,
            0.0391634066805447 -0.9947495899897568 0.09454882755690401,
            0.0 -0.8796527355905468 0.4756165101928943,
            0.0 -0.8796527355905468 0.4756165101928943,
            0.0 -0.9947495899897568 0.1023389134943835,
            0.0 -0.9947495899897568 0.1023389134943835,
            -0.18201055861012197 -0.8796527355905474 0.43941235909166015,
            -0.18201055861012197 -0.8796527355905474 0.43941235909166015,
            -0.039163406680544695 -0.9947495899897567 0.09454882755690405,
            -0.039163406680544695 -0.9947495899897567 0.09454882755690405,
            -0.3363116596016755 -0.8796527355905475 0.33631165960167547,
            -0.3363116596016755 -0.8796527355905475 0.33631165960167547,
            -0.07236453971114201 -0.9947495899897567 0.07236453971114208,
            -0.07236453971114201 -0.9947495899897567 0.07236453971114208,
            -0.43941235909166065 -0.879652735590547 0.18201055861012244,
            -0.43941235909166065 -0.879652735590547 0.18201055861012244,
            -0.09454882755690404 -0.9947495899897568 0.03916340668054469,
            -0.09454882755690404 -0.9947495899897568 0.03916340668054469,
            -0.4756165101928943 -0.8796527355905469 1.4636742349208653e-16,
            -0.4756165101928943 -0.8796527355905469 1.4636742349208653e-16,
            -0.10233891349438347 -0.9947495899897568 2.9496408643715135e-17,
            -0.10233891349438347 -0.9947495899897568 2.9496408643715135e-17,
            -0.43941235909166076 -0.8796527355905469 -0.1820105586101223,
            -0.43941235909166076 -0.8796527355905469 -0.1820105586101223,
            -0.09454882755690402 -0.9947495899897568 -0.039163406680544625,
            -0.09454882755690402 -0.9947495899897568 -0.039163406680544625,
            -0.33631165960167614 -0.8796527355905471 -0.3363116596016758,
            -0.33631165960167614 -0.8796527355905471 -0.3363116596016758,
            -0.07236453971114203 -0.9947495899897567 -0.072364539711142,
            -0.07236453971114203 -0.9947495899897567 -0.072364539711142,
            -0.18201055861012247 -0.8796527355905469 -0.43941235909166065,
            -0.18201055861012247 -0.8796527355905469 -0.43941235909166065,
            -0.03916340668054471 -0.9947495899897568 -0.09454882755690397,
            -0.03916340668054471 -0.9947495899897568 -0.09454882755690397,
            2.0909631927440933e-17 -0.8796527355905462 -0.4756165101928954,
            2.0909631927440933e-17 -0.8796527355905462 -0.4756165101928954,
            -3.8171822950690174e-17 -0.9947495899897568 -0.10233891349438336,
            -3.8171822950690174e-17 -0.9947495899897568 -0.10233891349438336,
            0.18201055861012264 -0.8796527355905464 -0.4394123590916617,
            0.18201055861012264 -0.8796527355905464 -0.4394123590916617,
            0.03916340668054467 -0.9947495899897568 -0.0945488275569039,
            0.03916340668054467 -0.9947495899897568 -0.0945488275569039,
            0.33631165960167586 -0.879652735590547 -0.3363116596016761,
            0.33631165960167586 -0.879652735590547 -0.3363116596016761,
            0.07236453971114197 -0.9947495899897567 -0.072364539711142,
            0.07236453971114197 -0.9947495899897567 -0.072364539711142,
            0.4394123590916605 -0.879652735590547 -0.18201055861012266,
            0.4394123590916605 -0.879652735590547 -0.18201055861012266,
            0.09454882755690393 -0.9947495899897568 -0.03916340668054472,
            0.09454882755690393 -0.9947495899897568 -0.03916340668054472,
            0.4394123590916612 0.8796527355905466 0.18201055861012264,
            0.4394123590916612 0.8796527355905466 0.18201055861012264,
            0.09454882755690398 0.9947495899897568 0.03916340668054468,
            0.09454882755690398 0.9947495899897568 0.03916340668054468,
            0.4756165101928945 0.8796527355905467 4.878914116402884e-17,
            0.4756165101928945 0.8796527355905467 4.878914116402884e-17,
            0.10233891349438341 0.9947495899897568 -1.735082861395008e-17,
            0.10233891349438341 0.9947495899897568 -1.735082861395008e-17,
            0.4394123590916605 0.879652735590547 -0.18201055861012266,
            0.4394123590916605 0.879652735590547 -0.18201055861012266,
            0.09454882755690396 0.9947495899897568 -0.03916340668054472,
            0.09454882755690396 0.9947495899897568 -0.03916340668054472,
            0.33631165960167586 0.879652735590547 -0.3363116596016761,
            0.33631165960167586 0.879652735590547 -0.3363116596016761,
            0.07236453971114197 0.9947495899897567 -0.07236453971114201,
            0.07236453971114197 0.9947495899897567 -0.07236453971114201,
            0.18201055861012264 0.8796527355905464 -0.4394123590916617,
            0.18201055861012264 0.8796527355905464 -0.4394123590916617,
            0.03916340668054466 0.9947495899897568 -0.09454882755690393,
            0.03916340668054466 0.9947495899897568 -0.09454882755690393,
            2.0909631927440933e-17 0.8796527355905462 -0.4756165101928954,
            2.0909631927440933e-17 0.8796527355905462 -0.4756165101928954,
            -3.643674008929517e-17 0.9947495899897568 -0.10233891349438337,
            -3.643674008929517e-17 0.9947495899897568 -0.10233891349438337,
            -0.18201055861012247 0.8796527355905469 -0.43941235909166065,
            -0.18201055861012247 0.8796527355905469 -0.43941235909166065,
            -0.03916340668054471 0.9947495899897568 -0.09454882755690398,
            -0.03916340668054471 0.9947495899897568 -0.09454882755690398,
            -0.33631165960167614 0.8796527355905471 -0.3363116596016758,
            -0.33631165960167614 0.8796527355905471 -0.3363116596016758,
            -0.07236453971114201 0.9947495899897567 -0.07236453971114198,
            -0.07236453971114201 0.9947495899897567 -0.07236453971114198,
            -0.43941235909166076 0.8796527355905469 -0.1820105586101223,
            -0.43941235909166076 0.8796527355905469 -0.1820105586101223,
            -0.09454882755690402 0.9947495899897568 -0.03916340668054464,
            -0.09454882755690402 0.9947495899897568 -0.03916340668054464,
            -0.4756165101928943 0.8796527355905469 1.4636742349208653e-16,
            -0.4756165101928943 0.8796527355905469 1.4636742349208653e-16,
            -0.10233891349438347 0.9947495899897568 2.602624292092512e-17,
            -0.10233891349438347 0.9947495899897568 2.602624292092512e-17,
            -0.43941235909166065 0.879652735590547 0.18201055861012244,
            -0.43941235909166065 0.879652735590547 0.18201055861012244,
            -0.09454882755690401 0.9947495899897568 0.03916340668054471,
            -0.09454882755690401 0.9947495899897568 0.03916340668054471,
            -0.3363116596016755 0.8796527355905475 0.33631165960167547,
            -0.3363116596016755 0.8796527355905475 0.33631165960167547,
            -0.07236453971114201 0.9947495899897567 0.07236453971114207,
            -0.07236453971114201 0.9947495899897567 0.07236453971114207,
            -0.18201055861012197 0.8796527355905474 0.43941235909166015,
            -0.18201055861012197 0.8796527355905474 0.43941235909166015,
            -0.0391634066805447 0.9947495899897567 0.09454882755690405,
            -0.0391634066805447 0.9947495899897567 0.09454882755690405,
            0.0 0.8796527355905468 0.4756165101928943,
            0.0 0.8796527355905468 0.4756165101928943,
            0.0 0.9947495899897568 0.1023389134943835,
            0.0 0.9947495899897568 0.1023389134943835,
            0.18201055861012208 0.8796527355905471 0.4394123590916604,
            0.18201055861012208 0.8796527355905471 0.4394123590916604,
            0.039163406680544695 0.9947495899897568 0.094548827556904,
            0.039163406680544695 0.9947495899897568 0.094548827556904,
            0.33631165960167597 0.8796527355905471 0.3363116596016757,
            0.33631165960167597 0.8796527355905471 0.3363116596016757,
            0.07236453971114197 0.9947495899897567 0.072364539711142,
            0.07236453971114197 0.9947495899897567 0.072364539711142,
            0.10233891349438339 -0.9947495899897568 -8.67541430697504e-18,
            0.10233891349438339 -0.9947495899897568 -8.67541430697504e-18,
            0.0 -1.0 8.81233687311553e-19,
            0.09454882755690396 -0.9947495899897568 0.03916340668054468,
            0.09454882755690396 -0.9947495899897568 0.03916340668054468,
            0.0 -1.0 8.81233687311553e-19,
            0.07236453971114198 -0.9947495899897567 0.07236453971114198,
            0.07236453971114198 -0.9947495899897567 0.07236453971114198,
            0.0 -1.0 8.81233687311553e-19,
            0.0391634066805447 -0.9947495899897568 0.09454882755690401,
            0.0391634066805447 -0.9947495899897568 0.09454882755690401,
            0.0 -1.0 8.81233687311553e-19,
            0.0 -0.9947495899897568 0.1023389134943835,
            0.0 -0.9947495899897568 0.1023389134943835,
            0.0 -1.0 8.81233687311553e-19,
            -0.039163406680544695 -0.9947495899897567 0.09454882755690405,
            -0.039163406680544695 -0.9947495899897567 0.09454882755690405,
            0.0 -1.0 8.81233687311553e-19,
            -0.07236453971114201 -0.9947495899897567 0.07236453971114208,
            -0.07236453971114201 -0.9947495899897567 0.07236453971114208,
            0.0 -1.0 8.81233687311553e-19,
            -0.09454882755690404 -0.9947495899897568 0.03916340668054469,
            -0.09454882755690404 -0.9947495899897568 0.03916340668054469,
            0.0 -1.0 8.81233687311553e-19,
            -0.10233891349438347 -0.9947495899897568 2.9496408643715135e-17,
            -0.10233891349438347 -0.9947495899897568 2.9496408643715135e-17,
            0.0 -1.0 8.81233687311553e-19,
            -0.09454882755690402 -0.9947495899897568 -0.039163406680544625,
            -0.09454882755690402 -0.9947495899897568 -0.039163406680544625,
            0.0 -1.0 8.81233687311553e-19,
            -0.07236453971114203 -0.9947495899897567 -0.072364539711142,
            -0.07236453971114203 -0.9947495899897567 -0.072364539711142,
            0.0 -1.0 8.81233687311553e-19,
            -0.03916340668054471 -0.9947495899897568 -0.09454882755690397,
            -0.03916340668054471 -0.9947495899897568 -0.09454882755690397,
            0.0 -1.0 8.81233687311553e-19,
            -3.8171822950690174e-17 -0.9947495899897568 -0.10233891349438336,
            -3.8171822950690174e-17 -0.9947495899897568 -0.10233891349438336,
            0.0 -1.0 8.81233687311553e-19,
            0.03916340668054467 -0.9947495899897568 -0.0945488275569039,
            0.03916340668054467 -0.9947495899897568 -0.0945488275569039,
            0.0 -1.0 8.81233687311553e-19,
            0.07236453971114197 -0.9947495899897567 -0.072364539711142,
            0.07236453971114197 -0.9947495899897567 -0.072364539711142,
            0.0 -1.0 8.81233687311553e-19,
            0.09454882755690393 -0.9947495899897568 -0.03916340668054472,
            0.09454882755690393 -0.9947495899897568 -0.03916340668054472,
            0.0 -1.0 8.81233687311553e-19,
            0.09454882755690398 0.9947495899897568 0.03916340668054468,
            0.09454882755690398 0.9947495899897568 0.03916340668054468,
            0.0 1.0 -5.639895598793939e-17,
            0.10233891349438341 0.9947495899897568 -1.735082861395008e-17,
            0.10233891349438341 0.9947495899897568 -1.735082861395008e-17,
            0.0 1.0 -5.639895598793939e-17,
            0.09454882755690396 0.9947495899897568 -0.03916340668054472,
            0.09454882755690396 0.9947495899897568 -0.03916340668054472,
            0.0 1.0 -5.639895598793939e-17,
            0.07236453971114197 0.9947495899897567 -0.07236453971114201,
            0.07236453971114197 0.9947495899897567 -0.07236453971114201,
            0.0 1.0 -5.639895598793939e-17,
            0.03916340668054466 0.9947495899897568 -0.09454882755690393,
            0.03916340668054466 0.9947495899897568 -0.09454882755690393,
            0.0 1.0 -5.639895598793939e-17,
            -3.643674008929517e-17 0.9947495899897568 -0.10233891349438337,
            -3.643674008929517e-17 0.9947495899897568 -0.10233891349438337,
            0.0 1.0 -5.639895598793939e-17,
            -0.03916340668054471 0.9947495899897568 -0.09454882755690398,
            -0.03916340668054471 0.9947495899897568 -0.09454882755690398,
            0.0 1.0 -5.639895598793939e-17,
            -0.07236453971114201 0.9947495899897567 -0.07236453971114198,
            -0.07236453971114201 0.9947495899897567 -0.07236453971114198,
            0.0 1.0 -5.639895598793939e-17,
            -0.09454882755690402 0.9947495899897568 -0.03916340668054464,
            -0.09454882755690402 0.9947495899897568 -0.03916340668054464,
            0.0 1.0 -5.639895598793939e-17,
            -0.10233891349438347 0.9947495899897568 2.602624292092512e-17,
            -0.10233891349438347 0.9947495899897568 2.602624292092512e-17,
            0.0 1.0 -5.639895598793939e-17,
            -0.09454882755690401 0.9947495899897568 0.03916340668054471,
            -0.09454882755690401 0.9947495899897568 0.03916340668054471,
            0.0 1.0 -5.639895598793939e-17,
            -0.07236453971114201 0.9947495899897567 0.07236453971114207,
            -0.07236453971114201 0.9947495899897567 0.07236453971114207,
            0.0 1.0 -5.639895598793939e-17,
            -0.0391634066805447 0.9947495899897567 0.09454882755690405,
            -0.0391634066805447 0.9947495899897567 0.09454882755690405,
            0.0 1.0 -5.639895598793939e-17,
            0.0 0.9947495899897568 0.1023389134943835,
            0.0 0.9947495899897568 0.1023389134943835,
            0.0 1.0 -5.639895598793939e-17,
            0.039163406680544695 0.9947495899897568 0.094548827556904,
            0.039163406680544695 0.9947495899897568 0.094548827556904,
            0.0 1.0 -5.639895598793939e-17,
            0.07236453971114197 0.9947495899897567 0.072364539711142,
            0.07236453971114197 0.9947495899897567 0.072364539711142,
            0.0 1.0 -5.639895598793939e-17 ]
        }
        normalIndex [
          1, 5, 69, 65, -1,
          3, 62, 200, 197, -1,
          0, 64, 124, 60, -1,
          2, 196, 192, 6, -1,
          4, 9, 73, 68, -1,
          7, 193, 253, 11, -1,
          8, 13, 77, 72, -1,
          10, 252, 249, 15, -1,
          12, 17, 81, 76, -1,
          14, 248, 245, 19, -1,
          16, 21, 85, 80, -1,
          18, 244, 241, 23, -1,
          20, 25, 89, 84, -1,
          22, 240, 237, 27, -1,
          24, 29, 93, 88, -1,
          26, 236, 233, 31, -1,
          28, 33, 97, 92, -1,
          30, 232, 229, 35, -1,
          32, 37, 101, 96, -1,
          34, 228, 225, 39, -1,
          36, 41, 105, 100, -1,
          38, 224, 221, 43, -1,
          40, 45, 109, 104, -1,
          42, 220, 217, 47, -1,
          44, 49, 113, 108, -1,
          46, 216, 213, 51, -1,
          48, 53, 117, 112, -1,
          50, 212, 209, 55, -1,
          52, 57, 121, 116, -1,
          54, 208, 205, 59, -1,
          56, 61, 125, 120, -1,
          58, 204, 201, 63, -1,
          66, 70, 132, 128, -1,
          67, 129, 189, 127, -1,
          71, 74, 136, 133, -1,
          75, 78, 140, 137, -1,
          79, 82, 144, 141, -1,
          83, 86, 148, 145, -1,
          87, 90, 152, 149, -1,
          91, 94, 156, 153, -1,
          95, 98, 160, 157, -1,
          99, 102, 164, 161, -1,
          103, 106, 168, 165, -1,
          107, 110, 172, 169, -1,
          111, 114, 176, 173, -1,
          115, 118, 180, 177, -1,
          119, 122, 184, 181, -1,
          123, 126, 188, 185, -1,
          130, 134, 259, 256, -1,
          131, 257, 302, 191, -1,
          135, 138, 262, 260, -1,
          139, 142, 265, 263, -1,
          143, 146, 268, 266, -1,
          147, 150, 271, 269, -1,
          151, 154, 274, 272, -1,
          155, 158, 277, 275, -1,
          159, 162, 280, 278, -1,
          163, 166, 283, 281, -1,
          167, 170, 286, 284, -1,
          171, 174, 289, 287, -1,
          175, 178, 292, 290, -1,
          179, 182, 295, 293, -1,
          183, 186, 298, 296, -1,
          187, 190, 301, 299, -1,
          194, 198, 307, 304, -1,
          195, 305, 350, 255, -1,
          199, 202, 310, 308, -1,
          203, 206, 313, 311, -1,
          207, 210, 316, 314, -1,
          211, 214, 319, 317, -1,
          215, 218, 322, 320, -1,
          219, 222, 325, 323, -1,
          223, 226, 328, 326, -1,
          227, 230, 331, 329, -1,
          231, 234, 334, 332, -1,
          235, 238, 337, 335, -1,
          239, 242, 340, 338, -1,
          243, 246, 343, 341, -1,
          247, 250, 346, 344, -1,
          251, 254, 349, 347, -1,
          258, 261, 264, 267, 270, 273, 276, 279, 282, 285, 288, 291, 294, 297, 300, 303, -1,
          306, 309, 312, 315, 318, 321, 324, 327, 330, 333, 336, 339, 342, 345, 348, 351, -1 ]
      }
    }

  ]
}

