#VRML V2.0 utf8
#Exported from Wings 3D 2.4.1
DEF Cylinder7_copy8 Transform {
  children [
    Shape {
      appearance Appearance {
        material DEF pins Material {
          diffuseColor 0.6 0.6 0.6
          emissiveColor 0.0 0.0 0.0
          specularColor 0.5999999905136262 0.5999999905136262 0.5999999905136262
          ambientIntensity 1.0
          transparency 0.0
          shininess 0.5
        }
      }
      geometry IndexedFaceSet {
        normalPerVertex TRUE
        coord Coordinate {
          point [
            1.3800003346500003 -1.41730044094 1.0,
            1.3678210598518057 -1.4785297901184142 1.0,
            1.3331374196398482 -1.5304375259298477 1.0,
            1.2812296838284143 -1.5651211661418056 1.0,
            1.2200003346500001 -1.5773004409399998 1.0,
            1.158770985471586 -1.5651211661418056 1.0,
            1.1068632496601525 -1.5304375259298477 1.0,
            1.0721796094481941 -1.4785297901184142 1.0,
            1.06000033465 -1.41730044094 1.0,
            1.0721796094481941 -1.3560710917615855 1.0,
            1.1068632496601525 -1.3041633559501524 1.0,
            1.158770985471586 -1.269479715738194 1.0,
            1.2200003346500001 -1.25730044094 1.0,
            1.2812296838284143 -1.269479715738194 1.0,
            1.3331374196398482 -1.3041633559501524 1.0,
            1.3678210598518057 -1.3560710917615855 1.0,
            1.3800003346500003 -1.41730044094 -1.0,
            1.3678210598518057 -1.4785297901184142 -1.0,
            1.3331374196398482 -1.5304375259298477 -1.0,
            1.2812296838284143 -1.565121166141806 -1.0,
            1.2200003346500001 -1.5773004409400002 -1.0,
            1.158770985471586 -1.565121166141806 -1.0,
            1.1068632496601525 -1.5304375259298477 -1.0,
            1.0721796094481941 -1.4785297901184142 -1.0,
            1.06000033465 -1.41730044094 -1.0,
            1.0721796094481941 -1.3560710917615855 -1.0,
            1.1068632496601525 -1.3041633559501524 -1.0,
            1.158770985471586 -1.269479715738194 -1.0,
            1.2200003346500001 -1.25730044094 -1.0,
            1.2812296838284143 -1.269479715738194 -1.0,
            1.3331374196398482 -1.3041633559501524 -1.0,
            1.3678210598518057 -1.3560710917615855 -1.0 ]
        }
        coordIndex [
          0, 1, 17, 16, -1,
          0, 15, 14, 13, 12, 11, 10, 9, 8, 7, 6, 5, 4, 3, 2, 1, -1,
          0, 16, 31, 15, -1,
          1, 2, 18, 17, -1,
          2, 3, 19, 18, -1,
          3, 4, 20, 19, -1,
          4, 5, 21, 20, -1,
          5, 6, 22, 21, -1,
          6, 7, 23, 22, -1,
          7, 8, 24, 23, -1,
          8, 9, 25, 24, -1,
          9, 10, 26, 25, -1,
          10, 11, 27, 26, -1,
          11, 12, 28, 27, -1,
          12, 13, 29, 28, -1,
          13, 14, 30, 29, -1,
          14, 15, 31, 30, -1,
          16, 17, 18, 19, 20, 21, 22, 23, 24, 25, 26, 27, 28, 29, 30, 31, -1 ]
        normal Normal {
          vector [
            0.0 0.0 1.0,
            1.0 -6.791841477282644e-16 0.0,
            1.0 -6.791841477282644e-16 0.0,
            0.0 0.0 1.0,
            0.9238795325112877 -0.38268343236508745 0.0,
            0.9238795325112877 -0.38268343236508745 0.0,
            0.0 0.0 1.0,
            0.7071067811865492 -0.7071067811865458 4.736684041745704e-17,
            0.7071067811865492 -0.7071067811865458 4.736684041745704e-17,
            0.0 0.0 1.0,
            0.38268343236508645 -0.9238795325112882 1.5847970906027757e-16,
            0.38268343236508645 -0.9238795325112882 1.5847970906027757e-16,
            0.0 0.0 1.0,
            0.0 -1.0 2.222257372856416e-16,
            0.0 -1.0 2.222257372856416e-16,
            0.0 0.0 1.0,
            -0.38268343236508834 -0.9238795325112874 1.5847970906027792e-16,
            -0.38268343236508834 -0.9238795325112874 1.5847970906027792e-16,
            0.0 0.0 1.0,
            -0.7071067811865465 -0.7071067811865485 4.7366840417457236e-17,
            -0.7071067811865465 -0.7071067811865485 4.7366840417457236e-17,
            0.0 0.0 1.0,
            -0.9238795325112867 -0.38268343236508967 0.0,
            -0.9238795325112867 -0.38268343236508967 0.0,
            0.0 0.0 1.0,
            -1.0 -6.933338174726022e-16 0.0,
            -1.0 -6.933338174726022e-16 0.0,
            0.0 0.0 1.0,
            -0.9238795325112862 0.38268343236509084 0.0,
            -0.9238795325112862 0.38268343236509084 0.0,
            0.0 0.0 1.0,
            -0.707106781186546 0.7071067811865489 0.0,
            -0.707106781186546 0.7071067811865489 0.0,
            0.0 0.0 1.0,
            -0.38268343236508967 0.9238795325112867 0.0,
            -0.38268343236508967 0.9238795325112867 0.0,
            0.0 0.0 1.0,
            0.0 1.0 0.0,
            0.0 1.0 0.0,
            0.0 0.0 1.0,
            0.38268343236508784 0.9238795325112875 0.0,
            0.38268343236508784 0.9238795325112875 0.0,
            0.0 0.0 1.0,
            0.7071067811865489 0.7071067811865461 0.0,
            0.7071067811865489 0.7071067811865461 0.0,
            0.0 0.0 1.0,
            0.9238795325112873 0.3826834323650887 0.0,
            0.9238795325112873 0.3826834323650887 0.0,
            0.0 0.0 -1.0,
            1.0 -6.791841477282644e-16 0.0,
            1.0 -6.791841477282644e-16 0.0,
            0.0 0.0 -1.0,
            0.9238795325112877 -0.38268343236508745 0.0,
            0.9238795325112877 -0.38268343236508745 0.0,
            0.0 0.0 -1.0,
            0.7071067811865492 -0.7071067811865458 4.736684041745704e-17,
            0.7071067811865492 -0.7071067811865458 4.736684041745704e-17,
            0.0 0.0 -1.0,
            0.38268343236508645 -0.9238795325112882 1.5847970906027757e-16,
            0.38268343236508645 -0.9238795325112882 1.5847970906027757e-16,
            0.0 0.0 -1.0,
            0.0 -1.0 2.222257372856416e-16,
            0.0 -1.0 2.222257372856416e-16,
            0.0 0.0 -1.0,
            -0.38268343236508834 -0.9238795325112874 1.5847970906027792e-16,
            -0.38268343236508834 -0.9238795325112874 1.5847970906027792e-16,
            0.0 0.0 -1.0,
            -0.7071067811865465 -0.7071067811865485 4.7366840417457236e-17,
            -0.7071067811865465 -0.7071067811865485 4.7366840417457236e-17,
            0.0 0.0 -1.0,
            -0.9238795325112867 -0.38268343236508967 0.0,
            -0.9238795325112867 -0.38268343236508967 0.0,
            0.0 0.0 -1.0,
            -1.0 -6.933338174726022e-16 0.0,
            -1.0 -6.933338174726022e-16 0.0,
            0.0 0.0 -1.0,
            -0.9238795325112862 0.38268343236509084 0.0,
            -0.9238795325112862 0.38268343236509084 0.0,
            0.0 0.0 -1.0,
            -0.707106781186546 0.7071067811865489 0.0,
            -0.707106781186546 0.7071067811865489 0.0,
            0.0 0.0 -1.0,
            -0.38268343236508967 0.9238795325112867 0.0,
            -0.38268343236508967 0.9238795325112867 0.0,
            0.0 0.0 -1.0,
            0.0 1.0 0.0,
            0.0 1.0 0.0,
            0.0 0.0 -1.0,
            0.38268343236508784 0.9238795325112875 0.0,
            0.38268343236508784 0.9238795325112875 0.0,
            0.0 0.0 -1.0,
            0.7071067811865489 0.7071067811865461 0.0,
            0.7071067811865489 0.7071067811865461 0.0,
            0.0 0.0 -1.0,
            0.9238795325112873 0.3826834323650887 0.0,
            0.9238795325112873 0.3826834323650887 0.0 ]
        }
        normalIndex [
          2, 5, 53, 50, -1,
          0, 45, 42, 39, 36, 33, 30, 27, 24, 21, 18, 15, 12, 9, 6, 3, -1,
          1, 49, 94, 46, -1,
          4, 8, 56, 52, -1,
          7, 11, 59, 55, -1,
          10, 14, 62, 58, -1,
          13, 17, 65, 61, -1,
          16, 20, 68, 64, -1,
          19, 23, 71, 67, -1,
          22, 26, 74, 70, -1,
          25, 29, 77, 73, -1,
          28, 32, 80, 76, -1,
          31, 35, 83, 79, -1,
          34, 38, 86, 82, -1,
          37, 41, 89, 85, -1,
          40, 44, 92, 88, -1,
          43, 47, 95, 91, -1,
          48, 51, 54, 57, 60, 63, 66, 69, 72, 75, 78, 81, 84, 87, 90, 93, -1 ]
      }
    }

  ]
}

DEF Cylinder7 Transform {
  children [
    Shape {
      appearance Appearance {
        material USE pins
      }
      geometry IndexedFaceSet {
        normalPerVertex TRUE
        coord Coordinate {
          point [
            -1.0599998346499997 1.41730044094 1.0,
            -1.0721791094481938 1.3560710917615855 1.0,
            -1.1068627496601522 1.3041633559501524 1.0,
            -1.1587704854715852 1.269479715738194 1.0,
            -1.2199998346500005 1.25730044094 1.0,
            -1.2812291838284147 1.269479715738194 1.0,
            -1.3331369196398477 1.3041633559501524 1.0,
            -1.367820559851806 1.3560710917615855 1.0,
            -1.3799998346499998 1.41730044094 1.0,
            -1.367820559851806 1.4785297901184142 1.0,
            -1.3331369196398477 1.5304375259298477 1.0,
            -1.2812291838284147 1.565121166141806 1.0,
            -1.2199998346500005 1.5773004409400002 1.0,
            -1.1587704854715852 1.565121166141806 1.0,
            -1.1068627496601522 1.5304375259298477 1.0,
            -1.0721791094481938 1.4785297901184147 1.0,
            -1.0599998346499997 1.41730044094 -1.0,
            -1.0721791094481938 1.3560710917615855 -1.0,
            -1.1068627496601522 1.3041633559501524 -1.0,
            -1.1587704854715852 1.269479715738194 -1.0,
            -1.2199998346500005 1.25730044094 -1.0,
            -1.2812291838284147 1.269479715738194 -1.0,
            -1.3331369196398477 1.3041633559501524 -1.0,
            -1.367820559851806 1.3560710917615855 -1.0,
            -1.3799998346499998 1.41730044094 -1.0,
            -1.367820559851806 1.4785297901184142 -1.0,
            -1.3331369196398477 1.5304375259298477 -1.0,
            -1.2812291838284147 1.5651211661418056 -1.0,
            -1.2199998346500005 1.5773004409399998 -1.0,
            -1.1587704854715852 1.5651211661418056 -1.0,
            -1.1068627496601522 1.5304375259298477 -1.0,
            -1.0721791094481938 1.4785297901184142 -1.0 ]
        }
        coordIndex [
          0, 1, 17, 16, -1,
          0, 15, 14, 13, 12, 11, 10, 9, 8, 7, 6, 5, 4, 3, 2, 1, -1,
          0, 16, 31, 15, -1,
          1, 2, 18, 17, -1,
          2, 3, 19, 18, -1,
          3, 4, 20, 19, -1,
          4, 5, 21, 20, -1,
          5, 6, 22, 21, -1,
          6, 7, 23, 22, -1,
          7, 8, 24, 23, -1,
          8, 9, 25, 24, -1,
          9, 10, 26, 25, -1,
          10, 11, 27, 26, -1,
          11, 12, 28, 27, -1,
          12, 13, 29, 28, -1,
          13, 14, 30, 29, -1,
          14, 15, 31, 30, -1,
          16, 17, 18, 19, 20, 21, 22, 23, 24, 25, 26, 27, 28, 29, 30, 31, -1 ]
        normal Normal {
          vector [
            0.0 -0.0 1.0,
            1.0 3.395920738641317e-16 -1.1067018789125537e-17,
            1.0 3.395920738641317e-16 -1.1067018789125537e-17,
            0.0 -0.0 1.0,
            0.9238795325112862 -0.38268343236509084 0.0,
            0.9238795325112862 -0.38268343236509084 0.0,
            0.0 -0.0 1.0,
            0.7071067811865475 -0.7071067811865475 0.0,
            0.7071067811865475 -0.7071067811865475 0.0,
            0.0 -0.0 1.0,
            0.3826834323650899 -0.9238795325112866 0.0,
            0.3826834323650899 -0.9238795325112866 0.0,
            0.0 -0.0 1.0,
            -1.7404093785536745e-15 -1.0 0.0,
            -1.7404093785536745e-15 -1.0 0.0,
            0.0 -0.0 1.0,
            -0.38268343236509145 -0.9238795325112861 0.0,
            -0.38268343236509145 -0.9238795325112861 0.0,
            0.0 -0.0 1.0,
            -0.7071067811865475 -0.7071067811865475 0.0,
            -0.7071067811865475 -0.7071067811865475 0.0,
            0.0 -0.0 1.0,
            -0.9238795325112876 -0.3826834323650876 0.0,
            -0.9238795325112876 -0.3826834323650876 0.0,
            0.0 -0.0 1.0,
            -1.0 6.933338174726014e-16 0.0,
            -1.0 6.933338174726014e-16 0.0,
            0.0 -0.0 1.0,
            -0.9238795325112881 0.38268343236508645 0.0,
            -0.9238795325112881 0.38268343236508645 0.0,
            0.0 -0.0 1.0,
            -0.7071067811865479 0.7071067811865472 -4.736684041745751e-17,
            -0.7071067811865479 0.7071067811865472 -4.736684041745751e-17,
            0.0 -0.0 1.0,
            -0.38268343236509006 0.9238795325112866 -1.5847970906027824e-16,
            -0.38268343236509006 0.9238795325112866 -1.5847970906027824e-16,
            0.0 -0.0 1.0,
            -1.7404093785536745e-15 1.0 -2.2200439690985708e-16,
            -1.7404093785536745e-15 1.0 -2.2200439690985708e-16,
            0.0 -0.0 1.0,
            0.38268343236508856 0.9238795325112873 -1.5825836868449388e-16,
            0.38268343236508856 0.9238795325112873 -1.5825836868449388e-16,
            0.0 -0.0 1.0,
            0.7071067811865471 0.7071067811865478 -7.8797173778574e-17,
            0.7071067811865471 0.7071067811865478 -7.8797173778574e-17,
            0.0 -0.0 1.0,
            0.9238795325112865 0.3826834323650902 -4.249735215024204e-17,
            0.9238795325112865 0.3826834323650902 -4.249735215024204e-17,
            0.0 -0.0 -1.0,
            1.0 3.395920738641317e-16 -1.1067018789125537e-17,
            1.0 3.395920738641317e-16 -1.1067018789125537e-17,
            0.0 -0.0 -1.0,
            0.9238795325112862 -0.38268343236509084 0.0,
            0.9238795325112862 -0.38268343236509084 0.0,
            0.0 -0.0 -1.0,
            0.7071067811865475 -0.7071067811865475 0.0,
            0.7071067811865475 -0.7071067811865475 0.0,
            0.0 -0.0 -1.0,
            0.3826834323650899 -0.9238795325112866 0.0,
            0.3826834323650899 -0.9238795325112866 0.0,
            0.0 -0.0 -1.0,
            -1.7404093785536745e-15 -1.0 0.0,
            -1.7404093785536745e-15 -1.0 0.0,
            0.0 -0.0 -1.0,
            -0.38268343236509145 -0.9238795325112861 0.0,
            -0.38268343236509145 -0.9238795325112861 0.0,
            0.0 -0.0 -1.0,
            -0.7071067811865475 -0.7071067811865475 0.0,
            -0.7071067811865475 -0.7071067811865475 0.0,
            0.0 -0.0 -1.0,
            -0.9238795325112876 -0.3826834323650876 0.0,
            -0.9238795325112876 -0.3826834323650876 0.0,
            0.0 -0.0 -1.0,
            -1.0 6.933338174726014e-16 0.0,
            -1.0 6.933338174726014e-16 0.0,
            0.0 -0.0 -1.0,
            -0.9238795325112881 0.38268343236508645 0.0,
            -0.9238795325112881 0.38268343236508645 0.0,
            0.0 -0.0 -1.0,
            -0.7071067811865479 0.7071067811865472 -4.736684041745751e-17,
            -0.7071067811865479 0.7071067811865472 -4.736684041745751e-17,
            0.0 -0.0 -1.0,
            -0.38268343236509006 0.9238795325112866 -1.5847970906027824e-16,
            -0.38268343236509006 0.9238795325112866 -1.5847970906027824e-16,
            0.0 -0.0 -1.0,
            -1.7404093785536745e-15 1.0 -2.2200439690985708e-16,
            -1.7404093785536745e-15 1.0 -2.2200439690985708e-16,
            0.0 -0.0 -1.0,
            0.38268343236508856 0.9238795325112873 -1.5825836868449388e-16,
            0.38268343236508856 0.9238795325112873 -1.5825836868449388e-16,
            0.0 -0.0 -1.0,
            0.7071067811865471 0.7071067811865478 -7.8797173778574e-17,
            0.7071067811865471 0.7071067811865478 -7.8797173778574e-17,
            0.0 -0.0 -1.0,
            0.9238795325112865 0.3826834323650902 -4.249735215024204e-17,
            0.9238795325112865 0.3826834323650902 -4.249735215024204e-17 ]
        }
        normalIndex [
          2, 5, 53, 50, -1,
          0, 45, 42, 39, 36, 33, 30, 27, 24, 21, 18, 15, 12, 9, 6, 3, -1,
          1, 49, 94, 46, -1,
          4, 8, 56, 52, -1,
          7, 11, 59, 55, -1,
          10, 14, 62, 58, -1,
          13, 17, 65, 61, -1,
          16, 20, 68, 64, -1,
          19, 23, 71, 67, -1,
          22, 26, 74, 70, -1,
          25, 29, 77, 73, -1,
          28, 32, 80, 76, -1,
          31, 35, 83, 79, -1,
          34, 38, 86, 82, -1,
          37, 41, 89, 85, -1,
          40, 44, 92, 88, -1,
          43, 47, 95, 91, -1,
          48, 51, 54, 57, 60, 63, 66, 69, 72, 75, 78, 81, 84, 87, 90, 93, -1 ]
      }
    }

  ]
}

DEF Cylinder1 Transform {
  children [
    Shape {
      appearance Appearance {
        material DEF body Material {
          diffuseColor 0.1 0.1 1.0
          emissiveColor 0.0 0.0 0.0
          specularColor 0.1 0.1 1.0
          ambientIntensity 1.0
          transparency 0.0
          shininess 0.5
        }
      }
      geometry IndexedFaceSet {
        normalPerVertex TRUE
        coord Coordinate {
          point [
            2.558999999996061 1.2106 2.65,
            2.364207723692744 1.2106 3.6292869034207564,
            1.8094862530535898 1.2106 4.459486253053591,
            0.9792869034207575 1.2106 5.014207723692745,
            2.0799452605238874e-16 1.2106 5.2089999999960614,
            -0.9792869034207573 1.2106 5.014207723692745,
            -1.8094862530535896 1.2106 4.459486253053591,
            -2.364207723692744 1.2106 3.6292869034207573,
            -2.558999999996061 1.2106 2.6500000000000004,
            -2.364207723692744 1.2106 1.670713096579243,
            -1.8094862530535902 1.2106 0.8405137469464108,
            -0.9792869034207587 1.2106 0.28579227630725645,
            -4.187797057502618e-16 1.2106 0.09100000000393882,
            0.979286903420758 1.2106 0.28579227630725645,
            1.8094862530535896 1.2106 0.8405137469464103,
            2.364207723692743 1.2106 1.670713096579241,
            2.558999999996061 -1.2106 2.65,
            2.364207723692744 -1.2106 3.6292869034207564,
            1.8094862530535898 -1.2106 4.459486253053591,
            0.9792869034207575 -1.2106 5.014207723692745,
            2.0799452605238874e-16 -1.2106 5.2089999999960614,
            -0.9792869034207573 -1.2106 5.014207723692745,
            -1.8094862530535896 -1.2106 4.459486253053591,
            -2.364207723692744 -1.2106 3.6292869034207573,
            -2.558999999996061 -1.2106 2.6500000000000004,
            -2.364207723692744 -1.2106 1.670713096579243,
            -1.8094862530535902 -1.2106 0.8405137469464108,
            -0.9792869034207587 -1.2106 0.28579227630725645,
            -4.187797057502618e-16 -1.2106 0.09100000000393882,
            0.979286903420758 -1.2106 0.28579227630725645,
            1.8094862530535896 -1.2106 0.8405137469464103,
            2.364207723692743 -1.2106 1.670713096579241,
            2.4208139999962737 -1.3106 2.65,
            2.2365405066133355 -1.3106 3.576405410636036,
            1.711773995388696 -1.3106 4.361773995388695,
            0.9264054106360367 -1.3106 4.8865405066133345,
            1.9087242108301816e-16 -1.3106 5.070813999996274,
            -0.9264054106360364 -1.3106 4.8865405066133345,
            -1.7117739953886957 -1.3106 4.361773995388695,
            -2.2365405066133355 -1.3106 3.576405410636036,
            -2.4208139999962737 -1.3106 2.6500000000000004,
            -2.2365405066133355 -1.3106 1.7235945893639641,
            -1.7117739953886963 -1.3106 0.9382260046113047,
            -0.9264054106360377 -1.3106 0.4134594933866653,
            -4.020560022022893e-16 -1.3106 0.22918600000372624,
            0.9264054106360369 -1.3106 0.4134594933866649,
            1.7117739953886957 -1.3106 0.9382260046113042,
            2.2365405066133346 -1.3106 1.7235945893639617,
            2.2365405066133355 1.3106 3.576405410636036,
            2.4208139999962737 1.3106 2.65,
            2.2365405066133346 1.3106 1.7235945893639617,
            1.7117739953886957 1.3106 0.9382260046113042,
            0.9264054106360369 1.3106 0.4134594933866649,
            -4.045304744422991e-16 1.3106 0.22918600000372624,
            -0.9264054106360377 1.3106 0.4134594933866653,
            -1.7117739953886963 1.3106 0.9382260046113047,
            -2.2365405066133355 1.3106 1.7235945893639641,
            -2.4208139999962737 1.3106 2.6500000000000004,
            -2.2365405066133355 1.3106 3.576405410636036,
            -1.7117739953886957 1.3106 4.361773995388695,
            -0.9264054106360364 1.3106 4.8865405066133345,
            1.8839794884300827e-16 1.3106 5.070813999996274,
            0.9264054106360367 1.3106 4.8865405066133345,
            1.711773995388696 1.3106 4.361773995388695,
            1.6945697999973912 -1.4106 2.65,
            1.565578354629335 -1.4106 3.298483787445225,
            1.198241796772087 -1.4106 3.8482417967720868,
            0.6484837874452257 -1.4106 4.2155783546293355,
            1.1463331518849261e-16 -1.4106 4.344569799997392,
            -0.6484837874452254 -1.4106 4.2155783546293355,
            -1.1982417967720869 -1.4106 3.848241796772087,
            -1.565578354629335 -1.4106 3.2984837874452255,
            -1.6945697999973912 -1.4106 2.6500000000000004,
            -1.565578354629335 -1.4106 2.0015162125547743,
            -1.1982417967720873 -1.4106 1.4517582032279133,
            -0.6484837874452263 -1.4106 1.0844216453706659,
            -3.004165811112226e-16 -1.4106 0.9554302000026087,
            0.6484837874452258 -1.4106 1.0844216453706659,
            1.1982417967720869 -1.4106 1.4517582032279133,
            1.5655783546293343 -1.4106 2.001516212554774,
            1.5655783546293351 1.4106 3.298483787445225,
            1.6945697999973912 1.4106 2.65,
            1.5655783546293345 1.4106 2.001516212554774,
            1.198241796772087 1.4106 1.4517582032279133,
            0.6484837874452257 1.4106 1.0844216453706659,
            -3.4338991567939493e-16 1.4106 0.9554302000026087,
            -0.6484837874452265 1.4106 1.0844216453706659,
            -1.198241796772087 1.4106 1.4517582032279133,
            -1.5655783546293345 1.4106 2.0015162125547743,
            -1.6945697999973917 1.4106 2.6500000000000004,
            -1.5655783546293345 1.4106 3.2984837874452255,
            -1.1982417967720866 1.4106 3.848241796772087,
            -0.6484837874452255 1.4106 4.2155783546293355,
            7.16599806203201e-17 1.4106 4.344569799997392,
            0.6484837874452255 1.4106 4.2155783546293355,
            1.1982417967720873 1.4106 3.8482417967720868,
            0.8612754774163524 -1.4106 1.4153807803140368,
            0.8774230670408604 -1.525405029709527 1.4315283699385446,
            0.9234075117723167 -1.6227320343559644 1.4775128146700012,
            0.9922280967503873 -1.6877638597533862 1.5463333996480717,
            1.0734075117723167 -1.7106 1.627512814670001,
            1.1545869267942461 -1.6877638597533862 1.7086922296919305,
            1.223407511772317 -1.6227320343559644 1.777512814670001,
            1.269391956503773 -1.525405029709527 1.8234972594014573,
            1.2855395461282815 -1.4106 1.839644849025965,
            1.269391956503773 -1.2957949702904732 1.8234972594014573,
            1.223407511772317 -1.1984679656440358 1.777512814670001,
            1.154586926794247 -1.133436140246614 1.7086922296919305,
            1.0734075117723167 -1.1106 1.627512814670001,
            0.9922280967503873 -1.133436140246614 1.5463333996480715,
            0.9234075117723167 -1.1984679656440358 1.4775128146700012,
            0.8774230670408604 -1.2957949702904727 1.4315283699385448,
            -0.317081109060078 -1.4106 2.8760075469263224,
            -0.3140885199760654 -1.432997350215103 2.8793079128574437,
            -0.30556634728418025 -1.4519849068924415 2.888706559855686,
            -0.29281201452307465 -1.4646719866505213 2.9027726291145126,
            -0.2777672532373124 -1.4691270966048386 2.9193646890985057,
            -0.26272249195155023 -1.4646719866505213 2.9359567490824974,
            -0.24996815919044435 -1.4519849068924415 2.950022818341326,
            -0.2414459864985597 -1.432997350215103 2.9594214653395676,
            -0.23845339741454658 -1.4106 2.9627218312706884,
            -0.2414459864985597 -1.3882026497848976 2.9594214653395676,
            -0.24996815919044435 -1.3692150931075586 2.950022818341326,
            -0.26272249195155023 -1.3565280133494793 2.9359567490824974,
            -0.2777672532373124 -1.3520729033951615 2.9193646890985057,
            -0.29281201452307465 -1.3565280133494793 2.9027726291145126,
            -0.30556634728418025 -1.3692150931075586 2.888706559855686,
            -0.3140885199760654 -1.3882026497848972 2.8793079128574437,
            -0.3422373435729931 -1.4106 2.822849166659898,
            -0.33636716892520246 -1.454533982822018 2.8293230673102743,
            -0.3196503258586922 -1.4917794150219295 2.847759176573437,
            -0.2946318021917781 -1.5166660171779824 2.8753507639378184,
            -0.2651204413592662 -1.525405029709527 2.907897260345553,
            -0.23560908052675397 -1.5166660171779824 2.940443756753286,
            -0.21059055685984007 -1.4917794150219295 2.9680353441176677,
            -0.19387371379332963 -1.454533982822018 2.986471453380831,
            -0.18800353914553913 -1.4106 2.992945354031208,
            -0.19387371379332963 -1.3666660171779825 2.986471453380831,
            -0.21059055685984007 -1.3294205849780707 2.9680353441176677,
            -0.23560908052675397 -1.3045339828220182 2.940443756753286,
            -0.2651204413592662 -1.2957949702904732 2.907897260345553,
            -0.2946318021917781 -1.3045339828220182 2.8753507639378184,
            -0.3196503258586922 -1.3294205849780707 2.847759176573437,
            -0.33636716892520246 -1.366666017177982 2.8293230673102743,
            -0.35653952256959925 -1.4106 2.7658044718726744,
            -0.3480173498777143 -1.4743822571075444 2.775203118870916,
            -0.3237482553407108 -1.5284542437580653 2.8019682010591067,
            -0.287426988601958 -1.564583990147801 2.842024977300169,
            -0.24458313326932798 -1.5772710699058807 2.8892751665269807,
            -0.20173927793669766 -1.564583990147801 2.9365253557537927,
            -0.16541801119794475 -1.5284542437580653 2.976582131994855,
            -0.14114891666094126 -1.4743822571075444 3.0033472141830453,
            -0.1326267439690565 -1.4106 3.0127458611812865,
            -0.14114891666094126 -1.3468177428924561 3.0033472141830453,
            -0.16541801119794475 -1.2927457562419349 2.976582131994855,
            -0.20173927793669766 -1.2566160098521992 2.9365253557537927,
            -0.24458313326932798 -1.2439289300941194 2.8892751665269807,
            -0.287426988601958 -1.2566160098521992 2.842024977300169,
            -0.3237482553407108 -1.2927457562419349 2.8019682010591067,
            -0.3480173498777143 -1.3468177428924557 2.775203118870916,
            -0.3594380213318115 -1.4106 2.70706565819429,
            -0.3485913529130917 -1.4917794150219295 2.7190278668070764,
            -0.31770265459838704 -1.5606 2.7530933548218353,
            -0.2714744506993647 -1.6065844447314568 2.804075960492732,
            -0.21694456619993863 -1.6227320343559644 2.8642140442648465,
            -0.1624146817005126 -1.6065844447314568 2.9243521280369613,
            -0.11618647780149016 -1.5606 2.975334733707858,
            -0.08529777948678546 -1.49177941502193 3.009400221722616,
            -0.07445111106806573 -1.4106 3.021362430335403,
            -0.08529777948678546 -1.3294205849780707 3.009400221722616,
            -0.11618647780149016 -1.2606000000000002 2.975334733707858,
            -0.1624146817005126 -1.2146155552685438 2.9243521280369613,
            -0.21694456619993863 -1.1984679656440358 2.8642140442648465,
            -0.2714744506993647 -1.2146155552685438 2.804075960492732,
            -0.31770265459838704 -1.2606000000000002 2.7530933548218353,
            -0.3485913529130917 -1.3294205849780707 2.7190278668070764,
            -0.35082145217769517 -1.4106 2.648890025293299,
            -0.33806711941658957 -1.5060568935429628 2.662956094552126,
            -0.30174585267783677 -1.5869813403629038 2.703012870793189,
            -0.2473872355693088 -1.641053327013425 2.7629620729493634,
            -0.18326687478368808 -1.6600408836907636 2.8336769784332443,
            -0.11914651399806742 -1.641053327013425 2.9043918839171257,
            -0.06478789688953934 -1.5869813403629038 2.9643410860733015,
            -0.028466630150786598 -1.5060568935429628 3.0043978623143635,
            -0.01571229738968094 -1.4106 3.0184639315731907,
            -0.028466630150786598 -1.3151431064570378 3.0043978623143635,
            -0.06478789688953934 -1.2342186596370963 2.9643410860733015,
            -0.11914651399806714 -1.1801466729865753 2.904391883917126,
            -0.18326687478368808 -1.1611591163092365 2.8336769784332443,
            -0.2473872355693088 -1.1801466729865753 2.7629620729493634,
            -0.30174585267783677 -1.2342186596370963 2.703012870793189,
            -0.33806711941658957 -1.3151431064570374 2.662956094552126,
            -0.331020945027615 -1.4106 2.5935132301168156,
            -0.31684908977942094 -1.5166660171779824 2.6091426088684093,
            -0.2764910605281886 -1.6065844447314568 2.6536513138889317,
            -0.21609100138097237 -1.6666660171779824 2.7202632983114228,
            -0.14484427381503595 -1.6877638597533862 2.7988374913467013,
            -0.07359754624909942 -1.6666660171779824 2.8774116843819786,
            -0.01319748710188301 -1.6065844447314568 2.94402366880447,
            0.02716054214934921 -1.5166660171779824 2.988532373824992,
            0.04133239739754313 -1.4106 3.004161752576585,
            0.02716054214934921 -1.3045339828220182 2.988532373824992,
            -0.01319748710188301 -1.2146155552685438 2.94402366880447,
            -0.0735975462490992 -1.154533982822018 2.877411684381979,
            -0.14484427381503595 -1.133436140246614 2.7988374913467013,
            -0.21609100138097237 -1.154533982822018 2.7202632983114228,
            -0.2764910605281886 -1.2146155552685438 2.6536513138889317,
            -0.31684908977942094 -1.3045339828220177 2.6091426088684093,
            -0.30079742226709627 -1.4106 2.543063371847809,
            -0.285752660981334 -1.52319908325536 2.5596554318318008,
            -0.2429088056487037 -1.6186559767983222 2.6069056210586132,
            -0.17878844486308298 -1.6824382339058666 2.677620526542495,
            -0.10315332230156465 -1.7048355841209695 2.7610344449557402,
            -0.027518199740045934 -1.6824382339058666 2.8444483633689845,
            0.03660216104557468 -1.6186559767983222 2.915163268852865,
            0.07944601637820481 -1.52319908325536 2.962413458079677,
            0.09449077766396707 -1.4106 2.97900551806367,
            0.07944601637820481 -1.2980009167446407 2.962413458079677,
            0.0366021610455749 -1.202544023201678 2.915163268852865,
            -0.027518199740045823 -1.1387617660941338 2.844448363368984,
            -0.10315332230156465 -1.116364415879031 2.7610344449557402,
            -0.17878844486308315 -1.1387617660941338 2.6776205265424946,
            -0.2429088056487037 -1.202544023201678 2.6069056210586132,
            -0.285752660981334 -1.2980009167446402 2.5596554318318008,
            -0.2613123569262786 -1.4106 2.499479210246949,
            -0.24597285134196076 -1.525405029709527 2.5163963279030885,
            -0.20228963526125476 -1.6227320343559644 2.5645722030624167,
            -0.13691308234310828 -1.6877638597533862 2.63667249544732,
            -0.05979618012938159 -1.7106 2.721720589132974,
            0.017320722084345208 -1.6877638597533862 2.8067686828186282,
            0.08269727500249135 -1.6227320343559644 2.8788689752035306,
            0.1263804910831975 -1.525405029709527 2.927044850362858,
            0.14171999666751556 -1.4106 2.9439619680189986,
            0.1263804910831975 -1.2957949702904732 2.927044850362858,
            0.08269727500249158 -1.1984679656440358 2.8788689752035306,
            0.017320722084345208 -1.133436140246614 2.8067686828186282,
            -0.05979618012938159 -1.1106 2.721720589132974,
            -0.13691308234310828 -1.133436140246614 2.63667249544732,
            -0.20228963526125476 -1.1984679656440358 2.5645722030624167,
            -0.24597285134196076 -1.2957949702904732 2.5163963279030885,
            -0.28203755901540684 -1.4106 2.9232367659298713,
            0.8843105687556402 -1.4106 1.3948021365513465,
            0.9040872463335919 -1.525405029709527 1.4062202066746532,
            0.9604064591822331 -1.6227320343559644 1.438736119373364,
            1.0446941176802944 -1.6877638597533862 1.487399621696583,
            1.1441181898909722 -1.7106 1.5448021365513465,
            1.2435422621016496 -1.6877638597533862 1.60220465140611,
            1.32782992059971 -1.6227320343559644 1.6508681537293284,
            1.384149133448352 -1.525405029709527 1.6833840664280393,
            1.4039258110263042 -1.4106 1.694802136551346,
            1.384149133448352 -1.2957949702904732 1.6833840664280393,
            1.32782992059971 -1.1984679656440358 1.6508681537293284,
            1.2435422621016496 -1.133436140246614 1.60220465140611,
            1.1441181898909722 -1.1106 1.5448021365513465,
            1.0446941176802944 -1.133436140246614 1.4873996216965828,
            0.9604064591822336 -1.1984679656440358 1.4387361193733643,
            0.9040872463335919 -1.2957949702904727 1.4062202066746534,
            0.904340442004251 -1.4106 1.3805538826421464,
            0.9263984596412148 -1.525405029709527 1.3864643106546022,
            0.9892143793233058 -1.6227320343559644 1.4032957856052366,
            1.0832250467066558 -1.6877638597533862 1.4284858680105161,
            1.194118189890972 -1.7106 1.4581995961729024,
            1.305011333075288 -1.6877638597533862 1.4879133243352887,
            1.3990220004586382 -1.6227320343559644 1.5131034067405682,
            1.4618379201407283 -1.525405029709527 1.5299348816912028,
            1.4838959377776926 -1.4106 1.5358453097036586,
            1.4618379201407283 -1.2957949702904732 1.5299348816912028,
            1.3990220004586382 -1.1984679656440358 1.5131034067405682,
            1.305011333075288 -1.133436140246614 1.4879133243352887,
            1.194118189890972 -1.1106 1.4581995961729024,
            1.0832250467066558 -1.133436140246614 1.4284858680105161,
            0.9892143793233058 -1.1984679656440358 1.4032957856052366,
            0.9263984596412148 -1.2957949702904727 1.3864643106546022,
            0.9200000944012238 -1.4106 1.3616070135439955,
            0.9428362346478375 -1.525405029709527 1.3616070135439955,
            1.0078680600452594 -1.6227320343559644 1.3616070135439955,
            1.1051950646916968 -1.6877638597533862 1.3616070135439955,
            1.2200000944012237 -1.7106 1.3616070135439955,
            1.3348051241107506 -1.6877638597533862 1.3616070135439955,
            1.4321321287571884 -1.6227320343559644 1.3616070135439955,
            1.4971639541546102 -1.525405029709527 1.3616070135439957,
            1.5200000944012244 -1.4106 1.3616070135439955,
            1.4971639541546102 -1.2957949702904732 1.3616070135439957,
            1.4321321287571884 -1.1984679656440358 1.3616070135439955,
            1.3348051241107515 -1.133436140246614 1.3616070135439955,
            1.2200000944012237 -1.1106 1.3616070135439955,
            1.1051950646916968 -1.133436140246614 1.3616070135439955,
            1.0078680600452599 -1.1984679656440358 1.3616070135439955,
            0.9428362346478375 -1.2957949702904727 1.3616070135439957,
            0.9200000944012238 -1.4106 0.4000000135439956,
            0.9428362346478375 -1.525405029709527 0.4000000135439955,
            1.0078680600452594 -1.6227320343559644 0.4000000135439955,
            1.1051950646916968 -1.6877638597533862 0.4000000135439955,
            1.2200000944012237 -1.7106 0.4000000135439955,
            1.3348051241107506 -1.6877638597533862 0.4000000135439955,
            1.4321321287571884 -1.6227320343559644 0.4000000135439955,
            1.4971639541546102 -1.525405029709527 0.4000000135439956,
            1.5200000944012244 -1.4106 0.4000000135439954,
            1.4971639541546102 -1.2957949702904732 0.4000000135439956,
            1.4321321287571884 -1.1984679656440358 0.4000000135439955,
            1.3348051241107515 -1.133436140246614 0.4000000135439954,
            1.2200000944012237 -1.1106 0.4000000135439955,
            1.1051950646916968 -1.133436140246614 0.4000000135439954,
            1.0078680600452599 -1.1984679656440358 0.4000000135439955,
            0.9428362346478375 -1.2957949702904727 0.4000000135439956,
            1.090000095401224 -1.4106 0.10000001354399557,
            1.099895756098636 -1.4603488458247784 0.10000001354399546,
            1.1280762135540792 -1.5025238808471446 0.10000001354399546,
            1.1702512485764454 -1.5307043383025878 0.10000001354399546,
            1.2200000944012237 -1.5405999989999999 0.10000001354399546,
            1.269748940226002 -1.5307043383025878 0.10000001354399546,
            1.3119239752483687 -1.5025238808471446 0.10000001354399546,
            1.3401044327038119 -1.4603488458247784 0.10000001354399568,
            1.3500000934012244 -1.4106 0.10000001354399546,
            1.3401044327038119 -1.3608511541752217 0.10000001354399568,
            1.3119239752483687 -1.318676119152856 0.10000001354399546,
            1.269748940226002 -1.2904956616974124 0.10000001354399546,
            1.2200000944012237 -1.2806000010000003 0.10000001354399546,
            1.1702512485764454 -1.2904956616974124 0.10000001354399535,
            1.1280762135540792 -1.3186761191528555 0.10000001354399546,
            1.099895756098636 -1.3608511541752217 0.10000001354399568,
            -0.8612753830550179 1.4106 1.4153807803140368,
            -0.877422972679526 1.2957949702904732 1.4315283699385446,
            -0.9234074174109823 1.1984679656440358 1.4775128146700012,
            -0.9922280023890528 1.133436140246614 1.5463333996480717,
            -1.0734074174109822 1.1106 1.627512814670001,
            -1.154586832432912 1.133436140246614 1.7086922296919305,
            -1.2234074174109824 1.1984679656440358 1.777512814670001,
            -1.2693918621424392 1.2957949702904732 1.8234972594014573,
            -1.2855394517669467 1.4106 1.839644849025965,
            -1.2693918621424392 1.525405029709527 1.8234972594014573,
            -1.2234074174109824 1.6227320343559644 1.777512814670001,
            -1.154586832432912 1.6877638597533862 1.7086922296919305,
            -1.0734074174109822 1.7106 1.627512814670001,
            -0.9922280023890528 1.6877638597533862 1.5463333996480715,
            -0.9234074174109823 1.6227320343559644 1.4775128146700012,
            -0.877422972679526 1.5254050297095274 1.4315283699385448,
            0.317080203421412 1.4106 2.8760075469263224,
            0.3140876143373995 1.3882026497848972 2.8793079128574437,
            0.30556544164551425 1.3692150931075586 2.888706559855686,
            0.29281110888440853 1.3565280133494788 2.9027726291145135,
            0.2777663475986464 1.3520729033951615 2.9193646890985057,
            0.2627215863128842 1.3565280133494788 2.9359567490824974,
            0.24996725355177846 1.3692150931075586 2.9500228183413264,
            0.24144508085989358 1.3882026497848972 2.959421465339568,
            0.23845249177588052 1.4106 2.962721831270689,
            0.24144508085989358 1.4329973502151025 2.959421465339568,
            0.24996725355177846 1.4519849068924415 2.9500228183413264,
            0.2627215863128842 1.464671986650521 2.9359567490824974,
            0.2777663475986464 1.4691270966048386 2.9193646890985057,
            0.29281110888440853 1.464671986650521 2.9027726291145135,
            0.30556544164551425 1.4519849068924415 2.888706559855686,
            0.3140876143373995 1.432997350215103 2.8793079128574437,
            0.342236437934327 1.4106 2.8228491666598985,
            0.33636626328653657 1.366666017177982 2.8293230673102743,
            0.3196494202200262 1.3294205849780707 2.8477591765734376,
            0.29463089655311214 1.3045339828220177 2.875350763937819,
            0.26511953572060004 1.2957949702904732 2.9078972603455533,
            0.23560817488808805 1.3045339828220177 2.9404437567532864,
            0.210589651221174 1.3294205849780707 2.9680353441176677,
            0.19387280815466346 1.366666017177982 2.986471453380832,
            0.18800263350687318 1.4106 2.992945354031208,
            0.19387280815466346 1.4545339828220176 2.986471453380832,
            0.210589651221174 1.4917794150219295 2.9680353441176677,
            0.23560817488808805 1.516666017177982 2.9404437567532864,
            0.26511953572060004 1.525405029709527 2.9078972603455533,
            0.29463089655311214 1.516666017177982 2.875350763937819,
            0.3196494202200262 1.4917794150219295 2.8477591765734376,
            0.33636626328653657 1.454533982822018 2.8293230673102743,
            0.3565386169309332 1.4106 2.765804471872675,
            0.3480164442390482 1.3468177428924557 2.775203118870917,
            0.32374734970204483 1.2927457562419349 2.801968201059107,
            0.287426082963292 1.2566160098521992 2.8420249773001696,
            0.2445822276306617 1.2439289300941194 2.889275166526981,
            0.2017383722980317 1.2566160098521992 2.936525355753793,
            0.16541710555927858 1.2927457562419349 2.976582131994855,
            0.1411480110222752 1.3468177428924557 3.003347214183046,
            0.1326258383303902 1.4106 3.0127458611812874,
            0.1411480110222752 1.474382257107544 3.003347214183046,
            0.16541710555927858 1.5284542437580653 2.976582131994855,
            0.2017383722980317 1.564583990147801 2.936525355753793,
            0.2445822276306617 1.5772710699058807 2.889275166526981,
            0.287426082963292 1.564583990147801 2.8420249773001696,
            0.32374734970204483 1.5284542437580653 2.801968201059107,
            0.3480164442390482 1.4743822571075444 2.775203118870917,
            0.3594371156931457 1.4106 2.7070656581942902,
            0.34859044727442556 1.3294205849780707 2.719027866807077,
            0.31770174895972103 1.2606000000000002 2.7530933548218357,
            0.27147354506069854 1.2146155552685434 2.804075960492733,
            0.21694366056127262 1.1984679656440358 2.864214044264847,
            0.16241377606184626 1.2146155552685434 2.9243521280369618,
            0.11618557216282388 1.2606000000000002 2.9753347337078586,
            0.08529687384811924 1.3294205849780703 3.009400221722616,
            0.07445020542939951 1.4106 3.0213624303354036,
            0.08529687384811924 1.4917794150219295 3.009400221722616,
            0.11618557216282388 1.5606 2.9753347337078586,
            0.16241377606184626 1.6065844447314563 2.9243521280369618,
            0.21694366056127262 1.6227320343559644 2.864214044264847,
            0.27147354506069854 1.6065844447314563 2.804075960492733,
            0.31770174895972103 1.5606 2.7530933548218357,
            0.34859044727442556 1.4917794150219295 2.719027866807077,
            0.3508205465390292 1.4106 2.6488900252932996,
            0.3380662137779235 1.3151431064570374 2.6629560945521265,
            0.30174494703917076 1.2342186596370963 2.703012870793189,
            0.24738632993064263 1.180146672986575 2.7629620729493642,
            0.18326596914502197 1.1611591163092363 2.8336769784332456,
            0.11914560835940113 1.180146672986575 2.9043918839171265,
            0.06478699125087328 1.2342186596370963 2.9643410860733024,
            0.028465724512120483 1.3151431064570374 3.004397862314364,
            0.01571139175101499 1.4106 3.0184639315731907,
            0.028465724512120483 1.5060568935429623 3.004397862314364,
            0.06478699125087328 1.5869813403629038 2.9643410860733024,
            0.1191456083594008 1.6410533270134247 2.9043918839171265,
            0.18326596914502197 1.6600408836907636 2.8336769784332456,
            0.24738632993064263 1.6410533270134247 2.7629620729493642,
            0.30174494703917076 1.5869813403629038 2.703012870793189,
            0.3380662137779235 1.5060568935429628 2.6629560945521265,
            0.33102003938894886 1.4106 2.5935132301168156,
            0.31684818414075494 1.3045339828220177 2.6091426088684098,
            0.27649015488952267 1.2146155552685434 2.6536513138889317,
            0.21609009574230637 1.1545339828220178 2.7202632983114228,
            0.14484336817636972 1.1334361402466138 2.7988374913467013,
            0.07359664061043314 1.1545339828220178 2.8774116843819795,
            0.013196581463217005 1.2146155552685434 2.94402366880447,
            -0.027161447788015214 1.3045339828220177 2.988532373824992,
            -0.0413333030362093 1.4106 3.004161752576586,
            -0.027161447788015214 1.516666017177982 2.988532373824992,
            0.013196581463217005 1.6065844447314563 2.94402366880447,
            0.07359664061043314 1.666666017177982 2.87741168438198,
            0.14484336817636972 1.6877638597533862 2.7988374913467013,
            0.21609009574230637 1.666666017177982 2.7202632983114228,
            0.27649015488952267 1.6065844447314563 2.6536513138889317,
            0.31684818414075494 1.5166660171779824 2.6091426088684098,
            0.3007965166284302 1.4106 2.543063371847809,
            0.285751755342668 1.2980009167446402 2.5596554318318008,
            0.24290790001003787 1.202544023201678 2.606905621058614,
            0.17878753922441715 1.1387617660941336 2.677620526542495,
            0.10315241666289854 1.1163644158790307 2.7610344449557402,
            0.02751729410137993 1.1387617660941336 2.8444483633689845,
            -0.036603066684240626 1.202544023201678 2.9151632688528655,
            -0.07944692201687076 1.2980009167446402 2.962413458079677,
            -0.09449168330263324 1.4106 2.9790055180636705,
            -0.07944692201687076 1.5231990832553595 2.962413458079677,
            -0.03660306668424085 1.6186559767983222 2.915163268852865,
            0.027517294101379763 1.682438233905866 2.8444483633689845,
            0.10315241666289854 1.704835584120969 2.7610344449557402,
            0.17878753922441715 1.682438233905866 2.6776205265424946,
            0.24290790001003787 1.6186559767983222 2.606905621058614,
            0.285751755342668 1.52319908325536 2.5596554318318008,
            0.2613114512876127 1.4106 2.499479210246949,
            0.24597194570329456 1.2957949702904732 2.5163963279030894,
            0.2022887296225886 1.1984679656440358 2.5645722030624167,
            0.13691217670444222 1.133436140246614 2.6366724954473204,
            0.05979527449071553 1.1106 2.721720589132974,
            -0.017321627723011268 1.133436140246614 2.8067686828186282,
            -0.08269818064115764 1.1984679656440358 2.8788689752035306,
            -0.12638139672186355 1.2957949702904732 2.9270448503628583,
            -0.14172090230618173 1.4106 2.943961968018999,
            -0.12638139672186355 1.525405029709527 2.9270448503628583,
            -0.08269818064115764 1.6227320343559644 2.8788689752035306,
            -0.017321627723011268 1.6877638597533862 2.8067686828186282,
            0.05979527449071553 1.7106 2.721720589132974,
            0.13691217670444222 1.6877638597533862 2.6366724954473204,
            0.2022887296225886 1.6227320343559644 2.5645722030624167,
            0.24597194570329456 1.525405029709527 2.5163963279030894,
            0.2820366533767407 1.4106 2.9232367659298717,
            -0.8843104743943058 1.4106 1.3948021365513465,
            -0.9040871519722575 1.2957949702904732 1.4062202066746532,
            -0.9604063648208987 1.1984679656440358 1.438736119373364,
            -1.0446940233189599 1.133436140246614 1.487399621696583,
            -1.1441180955296373 1.1106 1.5448021365513465,
            -1.243542167740315 1.133436140246614 1.60220465140611,
            -1.327829826238376 1.1984679656440358 1.6508681537293284,
            -1.3841490390870173 1.2957949702904732 1.6833840664280393,
            -1.4039257166649695 1.4106 1.694802136551346,
            -1.3841490390870173 1.525405029709527 1.6833840664280393,
            -1.327829826238376 1.6227320343559644 1.6508681537293284,
            -1.2435421677403158 1.6877638597533862 1.60220465140611,
            -1.1441180955296373 1.7106 1.5448021365513465,
            -1.0446940233189599 1.6877638597533862 1.4873996216965828,
            -0.9604063648208991 1.6227320343559644 1.4387361193733643,
            -0.9040871519722575 1.5254050297095274 1.4062202066746534,
            -0.9043403476429166 1.4106 1.3805538826421464,
            -0.9263983652798804 1.2957949702904732 1.3864643106546022,
            -0.9892142849619714 1.1984679656440358 1.4032957856052366,
            -1.0832249523453212 1.133436140246614 1.4284858680105161,
            -1.194118095529637 1.1106 1.4581995961729024,
            -1.3050112387139532 1.133436140246614 1.4879133243352887,
            -1.3990219060973035 1.1984679656440358 1.5131034067405682,
            -1.4618378257793945 1.2957949702904732 1.5299348816912028,
            -1.4838958434163578 1.4106 1.5358453097036586,
            -1.4618378257793945 1.525405029709527 1.5299348816912028,
            -1.3990219060973035 1.6227320343559644 1.5131034067405682,
            -1.305011238713954 1.6877638597533862 1.4879133243352887,
            -1.194118095529637 1.7106 1.4581995961729024,
            -1.0832249523453212 1.6877638597533862 1.4284858680105161,
            -0.9892142849619714 1.6227320343559644 1.4032957856052366,
            -0.9263983652798804 1.5254050297095274 1.3864643106546022,
            -0.9200000000398894 1.4106 1.3616070135439955,
            -0.9428361402865031 1.2957949702904732 1.3616070135439955,
            -1.007867965683925 1.1984679656440358 1.3616070135439955,
            -1.1051949703303623 1.133436140246614 1.3616070135439955,
            -1.2200000000398898 1.1106 1.3616070135439955,
            -1.3348050297494167 1.133436140246614 1.3616070135439955,
            -1.4321320343958537 1.1984679656440358 1.3616070135439955,
            -1.4971638597932755 1.2957949702904732 1.3616070135439957,
            -1.5200000000398897 1.4106 1.3616070135439955,
            -1.4971638597932755 1.525405029709527 1.3616070135439957,
            -1.4321320343958537 1.6227320343559644 1.3616070135439955,
            -1.3348050297494167 1.6877638597533862 1.3616070135439955,
            -1.2200000000398898 1.7106 1.3616070135439955,
            -1.1051949703303623 1.6877638597533862 1.3616070135439955,
            -1.0078679656839253 1.6227320343559644 1.3616070135439955,
            -0.9428361402865031 1.5254050297095274 1.3616070135439957,
            -0.9200000000398894 1.4106 0.4000000135439955,
            -0.9428361402865031 1.2957949702904732 0.4000000135439955,
            -1.007867965683925 1.1984679656440358 0.4000000135439954,
            -1.1051949703303623 1.133436140246614 0.4000000135439954,
            -1.2200000000398898 1.1106 0.4000000135439955,
            -1.3348050297494167 1.133436140246614 0.4000000135439955,
            -1.4321320343958537 1.1984679656440358 0.4000000135439955,
            -1.4971638597932755 1.2957949702904732 0.4000000135439956,
            -1.5200000000398897 1.4106 0.4000000135439954,
            -1.4971638597932755 1.525405029709527 0.4000000135439956,
            -1.4321320343958537 1.6227320343559644 0.4000000135439955,
            -1.3348050297494167 1.6877638597533862 0.4000000135439954,
            -1.2200000000398898 1.7106 0.4000000135439955,
            -1.1051949703303623 1.6877638597533862 0.4000000135439953,
            -1.0078679656839253 1.6227320343559644 0.4000000135439954,
            -0.9428361402865031 1.5254050297095274 0.4000000135439956,
            -1.0900000010398894 1.4106 0.10000001354399557,
            -1.0998956617373015 1.3608511541752217 0.10000001354399546,
            -1.1280761191927446 1.3186761191528555 0.10000001354399546,
            -1.1702511542151113 1.2904956616974124 0.10000001354399546,
            -1.2200000000398898 1.2806000010000003 0.10000001354399546,
            -1.2697488458646682 1.2904956616974124 0.10000001354399546,
            -1.311923880887034 1.3186761191528555 0.10000001354399546,
            -1.340104338342477 1.3608511541752217 0.10000001354399568,
            -1.3499999990398897 1.4106 0.10000001354399546,
            -1.340104338342477 1.4603488458247784 0.10000001354399568,
            -1.311923880887034 1.5025238808471442 0.10000001354399546,
            -1.2697488458646682 1.5307043383025878 0.10000001354399546,
            -1.2200000000398898 1.5405999989999999 0.10000001354399546,
            -1.1702511542151113 1.5307043383025878 0.10000001354399535,
            -1.1280761191927446 1.5025238808471446 0.10000001354399546,
            -1.0998956617373015 1.4603488458247784 0.10000001354399568 ]
        }
        coordIndex [
          0, 1, 17, 16, -1,
          0, 15, 50, 49, -1,
          0, 16, 31, 15, -1,
          0, 49, 48, 1, -1,
          1, 2, 18, 17, -1,
          1, 48, 63, 2, -1,
          2, 3, 19, 18, -1,
          2, 63, 62, 3, -1,
          3, 4, 20, 19, -1,
          3, 62, 61, 4, -1,
          4, 5, 21, 20, -1,
          4, 61, 60, 5, -1,
          5, 6, 22, 21, -1,
          5, 60, 59, 6, -1,
          6, 7, 23, 22, -1,
          6, 59, 58, 7, -1,
          7, 8, 24, 23, -1,
          7, 58, 57, 8, -1,
          8, 9, 25, 24, -1,
          8, 57, 56, 9, -1,
          9, 10, 26, 25, -1,
          9, 56, 55, 10, -1,
          10, 11, 27, 26, -1,
          10, 55, 54, 11, -1,
          11, 12, 28, 27, -1,
          11, 54, 53, 12, -1,
          12, 13, 29, 28, -1,
          12, 53, 52, 13, -1,
          13, 14, 30, 29, -1,
          13, 52, 51, 14, -1,
          14, 15, 31, 30, -1,
          14, 51, 50, 15, -1,
          16, 17, 33, 32, -1,
          16, 32, 47, 31, -1,
          17, 18, 34, 33, -1,
          18, 19, 35, 34, -1,
          19, 20, 36, 35, -1,
          20, 21, 37, 36, -1,
          21, 22, 38, 37, -1,
          22, 23, 39, 38, -1,
          23, 24, 40, 39, -1,
          24, 25, 41, 40, -1,
          25, 26, 42, 41, -1,
          26, 27, 43, 42, -1,
          27, 28, 44, 43, -1,
          28, 29, 45, 44, -1,
          29, 30, 46, 45, -1,
          30, 31, 47, 46, -1,
          32, 33, 65, 64, -1,
          32, 64, 79, 47, -1,
          33, 34, 66, 65, -1,
          34, 35, 67, 66, -1,
          35, 36, 68, 67, -1,
          36, 37, 69, 68, -1,
          37, 38, 70, 69, -1,
          38, 39, 71, 70, -1,
          39, 40, 72, 71, -1,
          40, 41, 73, 72, -1,
          41, 42, 74, 73, -1,
          42, 43, 75, 74, -1,
          43, 44, 76, 75, -1,
          44, 45, 77, 76, -1,
          45, 46, 78, 77, -1,
          46, 47, 79, 78, -1,
          48, 49, 81, 80, -1,
          48, 80, 95, 63, -1,
          49, 50, 82, 81, -1,
          50, 51, 83, 82, -1,
          51, 52, 84, 83, -1,
          52, 53, 85, 84, -1,
          53, 54, 86, 85, -1,
          54, 55, 87, 86, -1,
          55, 56, 88, 87, -1,
          56, 57, 89, 88, -1,
          57, 58, 90, 89, -1,
          58, 59, 91, 90, -1,
          59, 60, 92, 91, -1,
          60, 61, 93, 92, -1,
          61, 62, 94, 93, -1,
          62, 63, 95, 94, -1,
          64, 65, 66, 67, 68, 69, 70, 71, 72, 73, 74, 75, 76, 77, 78, 79, -1,
          80, 81, 82, 83, 84, 85, 86, 87, 88, 89, 90, 91, 92, 93, 94, 95, -1,
          96, 97, 225, 224, -1,
          96, 111, 256, 241, -1,
          96, 224, 239, 111, -1,
          96, 241, 242, 97, -1,
          97, 98, 226, 225, -1,
          97, 242, 243, 98, -1,
          98, 99, 227, 226, -1,
          98, 243, 244, 99, -1,
          99, 100, 228, 227, -1,
          99, 244, 245, 100, -1,
          100, 101, 229, 228, -1,
          100, 245, 246, 101, -1,
          101, 102, 230, 229, -1,
          101, 246, 247, 102, -1,
          102, 103, 231, 230, -1,
          102, 247, 248, 103, -1,
          103, 104, 232, 231, -1,
          103, 248, 249, 104, -1,
          104, 105, 233, 232, -1,
          104, 249, 250, 105, -1,
          105, 106, 234, 233, -1,
          105, 250, 251, 106, -1,
          106, 107, 235, 234, -1,
          106, 251, 252, 107, -1,
          107, 108, 236, 235, -1,
          107, 252, 253, 108, -1,
          108, 109, 237, 236, -1,
          108, 253, 254, 109, -1,
          109, 110, 238, 237, -1,
          109, 254, 255, 110, -1,
          110, 111, 239, 238, -1,
          110, 255, 256, 111, -1,
          112, 113, 240, -1,
          112, 127, 143, 128, -1,
          112, 128, 129, 113, -1,
          112, 240, 127, -1,
          113, 114, 240, -1,
          113, 129, 130, 114, -1,
          114, 115, 240, -1,
          114, 130, 131, 115, -1,
          115, 116, 240, -1,
          115, 131, 132, 116, -1,
          116, 117, 240, -1,
          116, 132, 133, 117, -1,
          117, 118, 240, -1,
          117, 133, 134, 118, -1,
          118, 119, 240, -1,
          118, 134, 135, 119, -1,
          119, 120, 240, -1,
          119, 135, 136, 120, -1,
          120, 121, 240, -1,
          120, 136, 137, 121, -1,
          121, 122, 240, -1,
          121, 137, 138, 122, -1,
          122, 123, 240, -1,
          122, 138, 139, 123, -1,
          123, 124, 240, -1,
          123, 139, 140, 124, -1,
          124, 125, 240, -1,
          124, 140, 141, 125, -1,
          125, 126, 240, -1,
          125, 141, 142, 126, -1,
          126, 127, 240, -1,
          126, 142, 143, 127, -1,
          128, 143, 159, 144, -1,
          128, 144, 145, 129, -1,
          129, 145, 146, 130, -1,
          130, 146, 147, 131, -1,
          131, 147, 148, 132, -1,
          132, 148, 149, 133, -1,
          133, 149, 150, 134, -1,
          134, 150, 151, 135, -1,
          135, 151, 152, 136, -1,
          136, 152, 153, 137, -1,
          137, 153, 154, 138, -1,
          138, 154, 155, 139, -1,
          139, 155, 156, 140, -1,
          140, 156, 157, 141, -1,
          141, 157, 158, 142, -1,
          142, 158, 159, 143, -1,
          144, 159, 175, 160, -1,
          144, 160, 161, 145, -1,
          145, 161, 162, 146, -1,
          146, 162, 163, 147, -1,
          147, 163, 164, 148, -1,
          148, 164, 165, 149, -1,
          149, 165, 166, 150, -1,
          150, 166, 167, 151, -1,
          151, 167, 168, 152, -1,
          152, 168, 169, 153, -1,
          153, 169, 170, 154, -1,
          154, 170, 171, 155, -1,
          155, 171, 172, 156, -1,
          156, 172, 173, 157, -1,
          157, 173, 174, 158, -1,
          158, 174, 175, 159, -1,
          160, 175, 191, 176, -1,
          160, 176, 177, 161, -1,
          161, 177, 178, 162, -1,
          162, 178, 179, 163, -1,
          163, 179, 180, 164, -1,
          164, 180, 181, 165, -1,
          165, 181, 182, 166, -1,
          166, 182, 183, 167, -1,
          167, 183, 184, 168, -1,
          168, 184, 185, 169, -1,
          169, 185, 186, 170, -1,
          170, 186, 187, 171, -1,
          171, 187, 188, 172, -1,
          172, 188, 189, 173, -1,
          173, 189, 190, 174, -1,
          174, 190, 191, 175, -1,
          176, 191, 207, 192, -1,
          176, 192, 193, 177, -1,
          177, 193, 194, 178, -1,
          178, 194, 195, 179, -1,
          179, 195, 196, 180, -1,
          180, 196, 197, 181, -1,
          181, 197, 198, 182, -1,
          182, 198, 199, 183, -1,
          183, 199, 200, 184, -1,
          184, 200, 201, 185, -1,
          185, 201, 202, 186, -1,
          186, 202, 203, 187, -1,
          187, 203, 204, 188, -1,
          188, 204, 205, 189, -1,
          189, 205, 206, 190, -1,
          190, 206, 207, 191, -1,
          192, 207, 223, 208, -1,
          192, 208, 209, 193, -1,
          193, 209, 210, 194, -1,
          194, 210, 211, 195, -1,
          195, 211, 212, 196, -1,
          196, 212, 213, 197, -1,
          197, 213, 214, 198, -1,
          198, 214, 215, 199, -1,
          199, 215, 216, 200, -1,
          200, 216, 217, 201, -1,
          201, 217, 218, 202, -1,
          202, 218, 219, 203, -1,
          203, 219, 220, 204, -1,
          204, 220, 221, 205, -1,
          205, 221, 222, 206, -1,
          206, 222, 223, 207, -1,
          208, 223, 239, 224, -1,
          208, 224, 225, 209, -1,
          209, 225, 226, 210, -1,
          210, 226, 227, 211, -1,
          211, 227, 228, 212, -1,
          212, 228, 229, 213, -1,
          213, 229, 230, 214, -1,
          214, 230, 231, 215, -1,
          215, 231, 232, 216, -1,
          216, 232, 233, 217, -1,
          217, 233, 234, 218, -1,
          218, 234, 235, 219, -1,
          219, 235, 236, 220, -1,
          220, 236, 237, 221, -1,
          221, 237, 238, 222, -1,
          222, 238, 239, 223, -1,
          241, 256, 272, 257, -1,
          241, 257, 258, 242, -1,
          242, 258, 259, 243, -1,
          243, 259, 260, 244, -1,
          244, 260, 261, 245, -1,
          245, 261, 262, 246, -1,
          246, 262, 263, 247, -1,
          247, 263, 264, 248, -1,
          248, 264, 265, 249, -1,
          249, 265, 266, 250, -1,
          250, 266, 267, 251, -1,
          251, 267, 268, 252, -1,
          252, 268, 269, 253, -1,
          253, 269, 270, 254, -1,
          254, 270, 271, 255, -1,
          255, 271, 272, 256, -1,
          257, 272, 288, 273, -1,
          257, 273, 274, 258, -1,
          258, 274, 275, 259, -1,
          259, 275, 276, 260, -1,
          260, 276, 277, 261, -1,
          261, 277, 278, 262, -1,
          262, 278, 279, 263, -1,
          263, 279, 280, 264, -1,
          264, 280, 281, 265, -1,
          265, 281, 282, 266, -1,
          266, 282, 283, 267, -1,
          267, 283, 284, 268, -1,
          268, 284, 285, 269, -1,
          269, 285, 286, 270, -1,
          270, 286, 287, 271, -1,
          271, 287, 288, 272, -1,
          273, 288, 304, 289, -1,
          273, 289, 290, 274, -1,
          274, 290, 291, 275, -1,
          275, 291, 292, 276, -1,
          276, 292, 293, 277, -1,
          277, 293, 294, 278, -1,
          278, 294, 295, 279, -1,
          279, 295, 296, 280, -1,
          280, 296, 297, 281, -1,
          281, 297, 298, 282, -1,
          282, 298, 299, 283, -1,
          283, 299, 300, 284, -1,
          284, 300, 301, 285, -1,
          285, 301, 302, 286, -1,
          286, 302, 303, 287, -1,
          287, 303, 304, 288, -1,
          289, 304, 320, 305, -1,
          289, 305, 306, 290, -1,
          290, 306, 307, 291, -1,
          291, 307, 308, 292, -1,
          292, 308, 309, 293, -1,
          293, 309, 310, 294, -1,
          294, 310, 311, 295, -1,
          295, 311, 312, 296, -1,
          296, 312, 313, 297, -1,
          297, 313, 314, 298, -1,
          298, 314, 315, 299, -1,
          299, 315, 316, 300, -1,
          300, 316, 317, 301, -1,
          301, 317, 318, 302, -1,
          302, 318, 319, 303, -1,
          303, 319, 320, 304, -1,
          305, 320, 319, 318, 317, 316, 315, 314, 313, 312, 311, 310, 309, 308, 307, 306, -1,
          321, 322, 467, 466, -1,
          321, 336, 464, 449, -1,
          321, 449, 450, 322, -1,
          321, 466, 481, 336, -1,
          322, 323, 468, 467, -1,
          322, 450, 451, 323, -1,
          323, 324, 469, 468, -1,
          323, 451, 452, 324, -1,
          324, 325, 470, 469, -1,
          324, 452, 453, 325, -1,
          325, 326, 471, 470, -1,
          325, 453, 454, 326, -1,
          326, 327, 472, 471, -1,
          326, 454, 455, 327, -1,
          327, 328, 473, 472, -1,
          327, 455, 456, 328, -1,
          328, 329, 474, 473, -1,
          328, 456, 457, 329, -1,
          329, 330, 475, 474, -1,
          329, 457, 458, 330, -1,
          330, 331, 476, 475, -1,
          330, 458, 459, 331, -1,
          331, 332, 477, 476, -1,
          331, 459, 460, 332, -1,
          332, 333, 478, 477, -1,
          332, 460, 461, 333, -1,
          333, 334, 479, 478, -1,
          333, 461, 462, 334, -1,
          334, 335, 480, 479, -1,
          334, 462, 463, 335, -1,
          335, 336, 481, 480, -1,
          335, 463, 464, 336, -1,
          337, 338, 354, 353, -1,
          337, 352, 465, -1,
          337, 353, 368, 352, -1,
          337, 465, 338, -1,
          338, 339, 355, 354, -1,
          338, 465, 339, -1,
          339, 340, 356, 355, -1,
          339, 465, 340, -1,
          340, 341, 357, 356, -1,
          340, 465, 341, -1,
          341, 342, 358, 357, -1,
          341, 465, 342, -1,
          342, 343, 359, 358, -1,
          342, 465, 343, -1,
          343, 344, 360, 359, -1,
          343, 465, 344, -1,
          344, 345, 361, 360, -1,
          344, 465, 345, -1,
          345, 346, 362, 361, -1,
          345, 465, 346, -1,
          346, 347, 363, 362, -1,
          346, 465, 347, -1,
          347, 348, 364, 363, -1,
          347, 465, 348, -1,
          348, 349, 365, 364, -1,
          348, 465, 349, -1,
          349, 350, 366, 365, -1,
          349, 465, 350, -1,
          350, 351, 367, 366, -1,
          350, 465, 351, -1,
          351, 352, 368, 367, -1,
          351, 465, 352, -1,
          353, 354, 370, 369, -1,
          353, 369, 384, 368, -1,
          354, 355, 371, 370, -1,
          355, 356, 372, 371, -1,
          356, 357, 373, 372, -1,
          357, 358, 374, 373, -1,
          358, 359, 375, 374, -1,
          359, 360, 376, 375, -1,
          360, 361, 377, 376, -1,
          361, 362, 378, 377, -1,
          362, 363, 379, 378, -1,
          363, 364, 380, 379, -1,
          364, 365, 381, 380, -1,
          365, 366, 382, 381, -1,
          366, 367, 383, 382, -1,
          367, 368, 384, 383, -1,
          369, 370, 386, 385, -1,
          369, 385, 400, 384, -1,
          370, 371, 387, 386, -1,
          371, 372, 388, 387, -1,
          372, 373, 389, 388, -1,
          373, 374, 390, 389, -1,
          374, 375, 391, 390, -1,
          375, 376, 392, 391, -1,
          376, 377, 393, 392, -1,
          377, 378, 394, 393, -1,
          378, 379, 395, 394, -1,
          379, 380, 396, 395, -1,
          380, 381, 397, 396, -1,
          381, 382, 398, 397, -1,
          382, 383, 399, 398, -1,
          383, 384, 400, 399, -1,
          385, 386, 402, 401, -1,
          385, 401, 416, 400, -1,
          386, 387, 403, 402, -1,
          387, 388, 404, 403, -1,
          388, 389, 405, 404, -1,
          389, 390, 406, 405, -1,
          390, 391, 407, 406, -1,
          391, 392, 408, 407, -1,
          392, 393, 409, 408, -1,
          393, 394, 410, 409, -1,
          394, 395, 411, 410, -1,
          395, 396, 412, 411, -1,
          396, 397, 413, 412, -1,
          397, 398, 414, 413, -1,
          398, 399, 415, 414, -1,
          399, 400, 416, 415, -1,
          401, 402, 418, 417, -1,
          401, 417, 432, 416, -1,
          402, 403, 419, 418, -1,
          403, 404, 420, 419, -1,
          404, 405, 421, 420, -1,
          405, 406, 422, 421, -1,
          406, 407, 423, 422, -1,
          407, 408, 424, 423, -1,
          408, 409, 425, 424, -1,
          409, 410, 426, 425, -1,
          410, 411, 427, 426, -1,
          411, 412, 428, 427, -1,
          412, 413, 429, 428, -1,
          413, 414, 430, 429, -1,
          414, 415, 431, 430, -1,
          415, 416, 432, 431, -1,
          417, 418, 434, 433, -1,
          417, 433, 448, 432, -1,
          418, 419, 435, 434, -1,
          419, 420, 436, 435, -1,
          420, 421, 437, 436, -1,
          421, 422, 438, 437, -1,
          422, 423, 439, 438, -1,
          423, 424, 440, 439, -1,
          424, 425, 441, 440, -1,
          425, 426, 442, 441, -1,
          426, 427, 443, 442, -1,
          427, 428, 444, 443, -1,
          428, 429, 445, 444, -1,
          429, 430, 446, 445, -1,
          430, 431, 447, 446, -1,
          431, 432, 448, 447, -1,
          433, 434, 450, 449, -1,
          433, 449, 464, 448, -1,
          434, 435, 451, 450, -1,
          435, 436, 452, 451, -1,
          436, 437, 453, 452, -1,
          437, 438, 454, 453, -1,
          438, 439, 455, 454, -1,
          439, 440, 456, 455, -1,
          440, 441, 457, 456, -1,
          441, 442, 458, 457, -1,
          442, 443, 459, 458, -1,
          443, 444, 460, 459, -1,
          444, 445, 461, 460, -1,
          445, 446, 462, 461, -1,
          446, 447, 463, 462, -1,
          447, 448, 464, 463, -1,
          466, 467, 483, 482, -1,
          466, 482, 497, 481, -1,
          467, 468, 484, 483, -1,
          468, 469, 485, 484, -1,
          469, 470, 486, 485, -1,
          470, 471, 487, 486, -1,
          471, 472, 488, 487, -1,
          472, 473, 489, 488, -1,
          473, 474, 490, 489, -1,
          474, 475, 491, 490, -1,
          475, 476, 492, 491, -1,
          476, 477, 493, 492, -1,
          477, 478, 494, 493, -1,
          478, 479, 495, 494, -1,
          479, 480, 496, 495, -1,
          480, 481, 497, 496, -1,
          482, 483, 499, 498, -1,
          482, 498, 513, 497, -1,
          483, 484, 500, 499, -1,
          484, 485, 501, 500, -1,
          485, 486, 502, 501, -1,
          486, 487, 503, 502, -1,
          487, 488, 504, 503, -1,
          488, 489, 505, 504, -1,
          489, 490, 506, 505, -1,
          490, 491, 507, 506, -1,
          491, 492, 508, 507, -1,
          492, 493, 509, 508, -1,
          493, 494, 510, 509, -1,
          494, 495, 511, 510, -1,
          495, 496, 512, 511, -1,
          496, 497, 513, 512, -1,
          498, 499, 515, 514, -1,
          498, 514, 529, 513, -1,
          499, 500, 516, 515, -1,
          500, 501, 517, 516, -1,
          501, 502, 518, 517, -1,
          502, 503, 519, 518, -1,
          503, 504, 520, 519, -1,
          504, 505, 521, 520, -1,
          505, 506, 522, 521, -1,
          506, 507, 523, 522, -1,
          507, 508, 524, 523, -1,
          508, 509, 525, 524, -1,
          509, 510, 526, 525, -1,
          510, 511, 527, 526, -1,
          511, 512, 528, 527, -1,
          512, 513, 529, 528, -1,
          514, 515, 531, 530, -1,
          514, 530, 545, 529, -1,
          515, 516, 532, 531, -1,
          516, 517, 533, 532, -1,
          517, 518, 534, 533, -1,
          518, 519, 535, 534, -1,
          519, 520, 536, 535, -1,
          520, 521, 537, 536, -1,
          521, 522, 538, 537, -1,
          522, 523, 539, 538, -1,
          523, 524, 540, 539, -1,
          524, 525, 541, 540, -1,
          525, 526, 542, 541, -1,
          526, 527, 543, 542, -1,
          527, 528, 544, 543, -1,
          528, 529, 545, 544, -1,
          530, 531, 532, 533, 534, 535, 536, 537, 538, 539, 540, 541, 542, 543, 544, 545, -1 ]
        normal Normal {
          vector [
            -0.8575790904835905 2.2681534767065063e-17 0.5143521202107926,
            -0.8476074343545917 -0.074630585180858 0.5253493247186951,
            -0.8192105602199492 -0.13789934029587492 0.5566667135459776,
            -0.7767116347483691 -0.1801741709114697 0.6035364981365092,
            -0.7265807340891607 -0.19501911728871998 0.6588231786620631,
            -0.6764498334299587 -0.18017417091147317 0.7141098591876073,
            -0.6339509079583745 -0.13789934029587642 0.7609796437781463,
            -0.6055540338237279 -0.07463058518085404 0.792297032605433,
            -0.595582377694739 2.983494188590867e-16 0.8032942371133265,
            -0.6055540338237265 0.07463058518085372 0.7922970326054342,
            -0.633950907958376 0.1378993402958764 0.7609796437781452,
            -0.6764498334299585 0.18017417091147359 0.7141098591876073,
            -0.7265807340891574 0.19501911728872015 0.6588231786620667,
            -0.7767116347483695 0.18017417091147014 0.6035364981365086,
            -0.8192105602199512 0.137899340295875 0.5566667135459744,
            -0.8476074343545927 0.07463058518085802 0.5253493247186938,
            -0.9414255054890344 0.0 0.3372210219050945,
            -0.9218645673359762 -0.14639937861516786 0.35879373103713263,
            -0.8661597283902602 -0.27051077894984515 0.42022760902498846,
            -0.7827915454157511 -0.35343936537572423 0.5121699048445011,
            -0.6844520685358492 -0.3825600123589779 0.6206232374161443,
            -0.5861125916559506 -0.35343936537572884 0.7290765699877804,
            -0.5027444086814419 -0.27051077894984654 0.8210188658072936,
            -0.44703956973571995 -0.14639937861516752 0.8824527437951538,
            -0.4274786315826619 3.7765193654311515e-16 0.904025452927192,
            -0.4470395697357195 0.14639937861516697 0.882452743795154,
            -0.5027444086814424 0.2705107789498461 0.8210188658072933,
            -0.5861125916559508 0.35343936537572845 0.7290765699877805,
            -0.6844520685358495 0.38256001235897663 0.6206232374161448,
            -0.7827915454157512 0.35343936537572385 0.512169904844501,
            -0.8661597283902596 0.2705107789498456 0.4202276090249895,
            -0.9218645673359762 0.14639937861516786 0.3587937310371326,
            -0.9891189717406627 0.0 0.14711784304663425,
            -0.9607191040927244 -0.21255232974401775 0.1784385332591123,
            -0.8798431235528685 -0.3927454940761732 0.26763231273445737,
            -0.7588036650156978 -0.5131467171820019 0.4011202370911732,
            -0.6160278888180697 -0.5554260042834475 0.5585799799169996,
            -0.47325211262044437 -0.5131467171820049 0.7160397227428222,
            -0.3522126540832728 -0.39274549407617665 0.8495276470995378,
            -0.2713366735434129 -0.21255232974401664 0.9387214265748844,
            -0.24293680589547395 3.7883082698259065e-16 0.9700421167873614,
            -0.2713366735434125 0.21255232974401608 0.9387214265748847,
            -0.35221265408327285 0.3927454940761764 0.8495276470995379,
            -0.473252112620444 0.5131467171820052 0.7160397227428222,
            -0.6160278888180697 0.5554260042834475 0.5585799799169995,
            -0.7588036650156978 0.5131467171820022 0.4011202370911728,
            -0.8798431235528681 0.3927454940761737 0.2676323127344578,
            -0.9607191040927244 0.21255232974401775 0.1784385332591123,
            -0.998815224448045 0.0 -0.04866361485546911,
            -0.9626664022308615 -0.2705476122288391 -0.008797018424603065,
            -0.8597232660719872 -0.49990680301605006 0.10473344295298972,
            -0.7056579752697573 -0.6531597147105218 0.2746437856887657,
            -0.523925573743471 -0.7069749807478756 0.47506670034229465,
            -0.3421931722171862 -0.6531597147105237 0.6754896149958239,
            -0.18812788141495726 -0.49990680301605406 0.8453999577315982,
            -0.08518474525608541 -0.2705476122288392 0.9589304191091914,
            -0.049035923038902224 3.731762292767717e-16 0.998797015540056,
            -0.08518474525608502 0.27054761222883855 0.9589304191091917,
            -0.1881278814149575 0.4999068030160534 0.8453999577315984,
            -0.34219317221718615 0.6531597147105235 0.675489614995824,
            -0.5239255737434713 0.7069749807478755 0.4750667003422946,
            -0.7056579752697569 0.6531597147105221 0.274643785688765,
            -0.8597232660719867 0.4999068030160508 0.1047334429529902,
            -0.9626664022308615 0.2705476122288391 -0.008797018424603065,
            -0.9701257259969205 0.0 -0.24260271177162893,
            -0.9276161401501809 -0.31815329635290873 -0.19572117042532264,
            -0.8065590817047724 -0.5878706374029009 -0.062213836074149494,
            -0.6253843904240424 -0.7680900029688987 0.13759400987392592,
            -0.41167427070281454 -0.8313746283360971 0.37328343413594234,
            -0.19796415098158968 -0.7680900029688972 0.6089728583979569,
            -0.01678945970086373 -0.5878706374029 0.8087807043460304,
            0.10426759874454412 -0.3181532963529067 0.9422880386972055,
            0.14677718459128575 3.674660058503057e-16 0.9891695800435109,
            0.10426759874454479 0.3181532963529065 0.9422880386972055,
            -0.01678945970086288 0.5878706374028992 0.8087807043460311,
            -0.19796415098158965 0.7680900029688963 0.608972858397958,
            -0.41167427070281565 0.8313746283360962 0.3732834341359426,
            -0.6253843904240427 0.7680900029688986 0.1375940098739253,
            -0.8065590817047718 0.5878706374029019 -0.06221383607414975,
            -0.9276161401501807 0.3181532963529091 -0.195721170425323,
            -0.904138114952464 0.0 -0.4272402943194905,
            -0.856901142351757 -0.35353434392021155 -0.3751451717737542,
            -0.7223816254238701 -0.6532462887753782 -0.22679081430067394,
            -0.5210589411986201 -0.8535074078568453 -0.00476282798992557,
            -0.2835826433546212 -0.9238297611560273 0.25713703893139006,
            -0.04610634551062138 -0.853507407856844 0.5190369058527016,
            0.15521633871463283 -0.6532462887753779 0.7410648921634461,
            0.2897358556425202 -0.3535343439202106 0.8894192496365272,
            0.3369728282432256 3.615026253952301e-16 0.9415143721822634,
            0.2897358556425201 0.3535343439202104 0.8894192496365272,
            0.1552163387146342 0.6532462887753773 0.7410648921634464,
            -0.046106345510619054 0.8535074078568442 0.5190369058527015,
            -0.28358264335462047 0.9238297611560279 0.25713703893138906,
            -0.5210589411986207 0.853507407856845 -0.004762827989926146,
            -0.7223816254238703 0.653246288775378 -0.2267908143006734,
            -0.8569011423517569 0.35353434392021216 -0.37514517177375406,
            -0.8033792126625695 0.0 -0.5954677494723537,
            -0.7532307076778628 -0.3753250437578363 -0.5401616540807799,
            -0.6104198480103312 -0.6935102519335368 -0.382663219578426,
            -0.3966882924606917 -0.9061148109384429 -0.1469501548914141,
            -0.14457473288000014 -0.9807716039291878 0.13109236262591628,
            0.10753882670069141 -0.906114810938442 0.409134880143248,
            0.32127038225033183 -0.6935102519335352 0.6448479448302601,
            0.4640812419178631 -0.375325043757838 0.8023463793326114,
            0.51422974690257 2.6990293753574213e-16 0.8576524747241849,
            0.4640812419178621 0.37532504375783743 0.8023463793326123,
            0.3212703822503306 0.6935102519335349 0.6448479448302611,
            0.10753882670069075 0.9061148109384419 0.40913488014324856,
            -0.14457473288000106 0.9807716039291876 0.13109236262591736,
            -0.3966882924606934 0.9061148109384424 -0.1469501548914131,
            -0.6104198480103321 0.6935102519335365 -0.38266321957842475,
            -0.753230707677863 0.37532504375783654 -0.5401616540807795,
            -0.7408045962867514 7.08275884748209e-17 0.6717205893229886,
            -0.652603828420888 2.5414067744047103e-16 -0.7576993091790437,
            -0.6375180182576732 -0.36685822032599574 -0.6774849242426375,
            -0.5343492616716702 -0.6965551076722815 -0.478833842294587,
            -0.304962546720976 -0.9215514552025026 -0.24029307212569911,
            0.0012461981337140943 -0.9999961671322545 -0.002472389737037676,
            0.3189389708946431 -0.9231577901084272 0.2146104084306978,
            0.5913949893541809 -0.7055877521934227 0.3903817241129525,
            0.7741192422055888 -0.3814704430937198 0.505192735392074,
            0.8383526686690415 0.0 0.5451282444851822,
            0.7741192422055888 0.3814704430937198 0.505192735392074,
            0.5913949893541812 0.7055877521934225 0.3903817241129524,
            0.3189389708946443 0.9231577901084267 0.2146104084306981,
            0.0012461981337141582 0.9999961671322544 -0.002472389737037871,
            -0.3049625467209771 0.921551455202502 -0.24029307212570009,
            -0.5343492616716701 0.6965551076722823 -0.47883384229458603,
            -0.6375180182576737 0.3668582203259976 -0.677484924242636,
            -0.7225807707860754 2.130793892825424e-17 -0.691286503332881,
            -0.7167038715245627 -0.3591452288359837 -0.5977878094659107,
            -0.6085917978111142 -0.6932995542856762 -0.3859426792469556,
            -0.34674731609802223 -0.9212749655540378 -0.17612136901076167,
            0.0010680053316874563 -0.999991807791792 -0.003904319904315367,
            0.35940573969197487 -0.9233629766711603 0.13501232384282055,
            0.6660035254647074 -0.7061318148888338 0.24045199951421184,
            0.8716174971802886 -0.3819676306660661 0.3072192502635884,
            0.9439262609311322 0.0 0.33015634769692404,
            0.8716174971802886 0.3819676306660661 0.3072192502635884,
            0.6660035254647076 0.7061318148888334 0.2404519995142123,
            0.3594057396919759 0.9233629766711597 0.13501232384282158,
            0.0010680053316872939 0.999991807791792 -0.0039043199043152727,
            -0.34674731609802356 0.9212749655540371 -0.17612136901076242,
            -0.608591797811114 0.6932995542856768 -0.385942679246955,
            -0.7167038715245627 0.3591452288359851 -0.5977878094659099,
            0.8575790904835897 -2.0936801323444674e-17 0.5143521202107939,
            0.8476074343545955 -0.07463058518085727 0.5253493247186894,
            0.8192105602199555 -0.13789934029587222 0.5566667135459687,
            0.776711634748367 -0.18017417091146756 0.6035364981365126,
            0.7265807340891559 -0.19501911728872134 0.6588231786620681,
            0.6764498334299549 -0.1801741709114764 0.7141098591876102,
            0.6339509079583774 -0.13789934029587853 0.7609796437781436,
            0.6055540338237295 -0.07463058518085232 0.792297032605432,
            0.5955823776947261 3.227756870697716e-16 0.803294237113336,
            0.6055540338237307 0.07463058518085192 0.7922970326054312,
            0.6339509079583802 0.13789934029587866 0.7609796437781412,
            0.6764498334299538 0.180174170911477 0.714109859187611,
            0.7265807340891567 0.19501911728872062 0.6588231786620673,
            0.7767116347483678 0.18017417091146815 0.6035364981365113,
            0.8192105602199538 0.13789934029587342 0.5566667135459712,
            0.8476074343545944 0.07463058518085725 0.5253493247186909,
            0.9414255054890343 0.0 0.33722102190509484,
            0.9218645673359761 -0.14639937861516658 0.3587937310371333,
            0.8661597283902609 -0.27051077894984354 0.4202276090249881,
            0.7827915454157502 -0.35343936537572407 0.5121699048445026,
            0.6844520685358483 -0.382560012358978 0.6206232374161456,
            0.5861125916559509 -0.35343936537572723 0.7290765699877809,
            0.5027444086814421 -0.2705107789498502 0.8210188658072921,
            0.4470395697357232 -0.14639937861516802 0.8824527437951522,
            0.42747863158266364 3.7415515935290074e-16 0.9040254529271913,
            0.4470395697357227 0.14639937861516744 0.8824527437951524,
            0.5027444086814427 0.27051077894984976 0.8210188658072919,
            0.5861125916559509 0.3534393653757269 0.729076569987781,
            0.6844520685358486 0.38256001235897685 0.6206232374161458,
            0.7827915454157505 0.35343936537572374 0.5121699048445026,
            0.8661597283902602 0.270510778949844 0.42022760902498923,
            0.9218645673359761 0.14639937861516655 0.35879373103713325,
            0.9891189717406625 0.0 0.14711784304663536,
            0.9607191040927244 -0.21255232974401742 0.17843853325911269,
            0.8798431235528686 -0.392745494076173 0.2676323127344572,
            0.7588036650156972 -0.5131467171820021 0.4011202370911744,
            0.6160278888180692 -0.5554260042834477 0.5585799799169999,
            0.47325211262044364 -0.5131467171820039 0.7160397227428235,
            0.35221265408327196 -0.3927454940761788 0.8495276470995371,
            0.2713366735434125 -0.21255232974401986 0.9387214265748838,
            0.24293680589547126 3.718154412977282e-16 0.970042116787362,
            0.2713366735434121 0.21255232974401933 0.938721426574884,
            0.35221265408327196 0.3927454940761786 0.8495276470995371,
            0.47325211262044314 0.5131467171820041 0.7160397227428235,
            0.6160278888180692 0.5554260042834477 0.5585799799169999,
            0.7588036650156972 0.5131467171820026 0.40112023709117395,
            0.8798431235528683 0.39274549407617354 0.2676323127344576,
            0.9607191040927244 0.2125523297440174 0.17843853325911266,
            0.998815224448045 0.0 -0.0486636148554682,
            0.9626664022308614 -0.27054761222883955 -0.008797018424602891,
            0.8597232660719873 -0.49990680301604995 0.10473344295298943,
            0.7056579752697575 -0.653159714710521 0.2746437856887665,
            0.5239255737434722 -0.7069749807478733 0.47506670034229687,
            0.34219317221718787 -0.6531597147105209 0.6754896149958258,
            0.18812788141495893 -0.49990680301605184 0.845399957731599,
            0.08518474525608313 -0.27054761222883966 0.9589304191091915,
            0.049035923038896645 3.6613516834702126e-16 0.9987970155400563,
            0.08518474525608274 0.27054761222883905 0.9589304191091916,
            0.18812788141495876 0.4999068030160523 0.8453999577315988,
            0.34219317221718637 0.6531597147105224 0.6754896149958252,
            0.5239255737434712 0.7069749807478746 0.47506670034229614,
            0.7056579752697568 0.6531597147105223 0.27464378568876535,
            0.8597232660719867 0.499906803016051 0.10473344295298981,
            0.9626664022308614 0.2705476122288395 -0.00879701842460289,
            0.9701257259969205 0.0 -0.24260271177162882,
            0.9276161401501809 -0.31815329635290873 -0.19572117042532247,
            0.8065590817047728 -0.5878706374029006 -0.062213836074148925,
            0.6253843904240427 -0.7680900029688984 0.1375940098739257,
            0.4116742707028149 -0.8313746283360964 0.3732834341359429,
            0.19796415098158912 -0.7680900029688961 0.6089728583979584,
            0.016789459700862253 -0.5878706374028986 0.8087807043460316,
            -0.10426759874454442 -0.31815329635290585 0.9422880386972057,
            -0.1467771845912838 3.6746600585030574e-16 0.9891695800435112,
            -0.10426759874454512 0.3181532963529057 0.9422880386972057,
            0.0167894597008619 0.5878706374028988 0.8087807043460313,
            0.19796415098158862 0.7680900029688961 0.6089728583979584,
            0.4116742707028148 0.8313746283360965 0.3732834341359428,
            0.6253843904240421 0.7680900029688991 0.13759400987392473,
            0.8065590817047718 0.5878706374029019 -0.062213836074149036,
            0.9276161401501808 0.3181532963529092 -0.1957211704253228,
            0.9041381149524647 0.0 -0.4272402943194891,
            0.8569011423517573 -0.3535343439202115 -0.3751451717737537,
            0.7223816254238704 -0.6532462887753776 -0.2267908143006738,
            0.5210589411986197 -0.8535074078568455 -0.004762827989926346,
            0.2835826433546191 -0.9238297611560287 0.25713703893138784,
            0.046106345510617285 -0.853507407856845 0.5190369058527003,
            -0.1552163387146371 -0.6532462887753777 0.7410648921634455,
            -0.2897358556425217 -0.35353434392021227 0.889419249636526,
            -0.3369728282432252 3.68590912167686e-16 0.9415143721822635,
            -0.2897358556425222 0.3535343439202125 0.8894192496365257,
            -0.15521633871463802 0.6532462887753775 0.7410648921634454,
            0.046106345510616556 0.853507407856845 0.5190369058527005,
            0.2835826433546189 0.9238297611560289 0.2571370389313872,
            0.5210589411986197 0.8535074078568455 -0.0047628279899266275,
            0.7223816254238701 0.6532462887753784 -0.22679081430067285,
            0.8569011423517572 0.353534343920212 -0.3751451717737535,
            0.8033792126625687 0.0 -0.5954677494723549,
            0.7532307076778616 -0.37532504375783726 -0.5401616540807811,
            0.6104198480103307 -0.6935102519335365 -0.38266321957842714,
            0.39668829246069215 -0.9061148109384427 -0.14695015489141475,
            0.14457473287999992 -0.9807716039291879 0.13109236262591592,
            -0.10753882670069266 -0.9061148109384424 0.4091348801432473,
            -0.32127038225033183 -0.6935102519335349 0.6448479448302605,
            -0.4640812419178617 -0.3753250437578393 0.8023463793326115,
            -0.5142297469025697 2.699029375357422e-16 0.8576524747241852,
            -0.46408124191786077 0.3753250437578395 0.802346379332612,
            -0.3212703822503305 0.6935102519335345 0.6448479448302615,
            -0.1075388267006915 0.9061148109384422 0.40913488014324795,
            0.144574732880001 0.9807716039291877 0.13109236262591673,
            0.3966882924606932 0.9061148109384425 -0.14695015489141267,
            0.6104198480103316 0.6935102519335368 -0.3826632195784253,
            0.7532307076778618 0.3753250437578374 -0.5401616540807805,
            0.7408045962867514 1.4775724611054954e-16 0.6717205893229887,
            0.652603828420888 2.5414067744047103e-16 -0.7576993091790437,
            0.6375180182576732 -0.36685822032599574 -0.6774849242426375,
            0.5343492616716703 -0.6965551076722815 -0.478833842294587,
            0.30496254672097717 -0.921551455202502 -0.24029307212569975,
            -0.0012461981337137974 -0.9999961671322544 -0.0024723897370379916,
            -0.3189389708946434 -0.9231577901084272 0.2146104084306975,
            -0.5913949893541806 -0.7055877521934233 0.39038172411295197,
            -0.7741192422055893 -0.3814704430937183 0.5051927353920744,
            -0.8383526686690413 0.0 0.5451282444851823,
            -0.7741192422055893 0.3814704430937183 0.5051927353920744,
            -0.5913949893541812 0.7055877521934223 0.39038172411295274,
            -0.318938970894643 0.9231577901084272 0.21461040843069776,
            -0.001246198133713365 0.9999961671322544 -0.0024723897370381,
            0.30496254672097683 0.9215514552025021 -0.24029307212569964,
            0.5343492616716702 0.6965551076722822 -0.47883384229458603,
            0.6375180182576737 0.3668582203259976 -0.677484924242636,
            0.7225807707860754 2.130793892825424e-17 -0.691286503332881,
            0.7167038715245629 -0.3591452288359837 -0.5977878094659105,
            0.6085917978111144 -0.6932995542856762 -0.3859426792469553,
            0.3467473160980233 -0.9212749655540371 -0.17612136901076236,
            -0.0010680053316872444 -0.999991807791792 -0.003904319904315422,
            -0.3594057396919757 -0.9233629766711599 0.13501232384282125,
            -0.6660035254647072 -0.7061318148888344 0.24045199951421112,
            -0.871617497180289 -0.38196763066606526 0.30721925026358793,
            -0.9439262609311322 0.0 0.3301563476969239,
            -0.871617497180289 0.38196763066606526 0.30721925026358793,
            -0.6660035254647082 0.7061318148888334 0.24045199951421112,
            -0.3594057396919757 0.92336297667116 0.1350123238428206,
            -0.001068005331686812 0.999991807791792 -0.003904319904315789,
            0.34674731609802306 0.9212749655540373 -0.17612136901076245,
            0.6085917978111144 0.6932995542856766 -0.38594267924695475,
            0.7167038715245628 0.35914522883598504 -0.5977878094659097,
            1.0 0.0 -2.1224504616508233e-16,
            1.0 0.0 -2.1224504616508233e-16,
            0.5862570162718878 0.8101251205042241 -1.1876055166322948e-16,
            0.5862570162718878 0.8101251205042241 -1.1876055166322948e-16,
            0.9238795325112868 0.0 0.3826834323650894,
            0.9238795325112868 0.0 0.3826834323650894,
            0.5416308581247333 0.8101251205042241 0.22435084723504212,
            0.5416308581247333 0.8101251205042241 0.22435084723504212,
            0.7071067811865479 0.0 0.7071067811865472,
            0.7071067811865479 0.0 0.7071067811865472,
            0.4145463117240428 0.8101251205042255 0.41454631172404227,
            0.4145463117240428 0.8101251205042255 0.41454631172404227,
            0.38268343236508967 0.0 0.9238795325112868,
            0.38268343236508967 0.0 0.9238795325112868,
            0.22435084723504106 0.8101251205042265 0.5416308581247303,
            0.22435084723504106 0.8101251205042265 0.5416308581247303,
            1.4149669744338818e-17 0.0 1.0,
            1.4149669744338818e-17 0.0 1.0,
            1.397182960743876e-17 0.8101251205042264 0.5862570162718845,
            1.397182960743876e-17 0.8101251205042264 0.5862570162718845,
            -0.38268343236508967 0.0 0.9238795325112868,
            -0.38268343236508967 0.0 0.9238795325112868,
            -0.22435084723504103 0.8101251205042266 0.5416308581247303,
            -0.22435084723504103 0.8101251205042266 0.5416308581247303,
            -0.7071067811865476 0.0 0.7071067811865474,
            -0.7071067811865476 0.0 0.7071067811865474,
            -0.4145463117240424 0.8101251205042258 0.41454631172404205,
            -0.4145463117240424 0.8101251205042258 0.41454631172404205,
            -0.9238795325112867 0.0 0.3826834323650897,
            -0.9238795325112867 0.0 0.3826834323650897,
            -0.5416308581247329 0.8101251205042246 0.22435084723504198,
            -0.5416308581247329 0.8101251205042246 0.22435084723504198,
            -1.0 0.0 5.659867897735527e-17,
            -1.0 0.0 5.659867897735527e-17,
            -0.5862570162718875 0.8101251205042241 2.7943659214877523e-17,
            -0.5862570162718875 0.8101251205042241 2.7943659214877523e-17,
            -0.9238795325112868 0.0 -0.38268343236508967,
            -0.9238795325112868 0.0 -0.38268343236508967,
            -0.5416308581247333 0.8101251205042241 -0.22435084723504214,
            -0.5416308581247333 0.8101251205042241 -0.22435084723504214,
            -0.7071067811865478 0.0 -0.7071067811865471,
            -0.7071067811865478 0.0 -0.7071067811865471,
            -0.4145463117240439 0.8101251205042244 -0.41454631172404355,
            -0.4145463117240439 0.8101251205042244 -0.41454631172404355,
            -0.3826834323650902 0.0 -0.9238795325112865,
            -0.3826834323650902 0.0 -0.9238795325112865,
            -0.22435084723504228 0.8101251205042245 -0.5416308581247328,
            -0.22435084723504228 0.8101251205042245 -0.5416308581247328,
            -2.829933948867764e-17 0.0 -1.0,
            -2.829933948867764e-17 0.0 -1.0,
            0.0 0.8101251205042245 -0.5862570162718873,
            0.0 0.8101251205042245 -0.5862570162718873,
            0.38268343236509 0.0 -0.9238795325112866,
            0.38268343236509 0.0 -0.9238795325112866,
            0.2243508472350424 0.8101251205042241 -0.5416308581247332,
            0.2243508472350424 0.8101251205042241 -0.5416308581247332,
            0.7071067811865475 0.0 -0.7071067811865475,
            0.7071067811865475 0.0 -0.7071067811865475,
            0.41454631172404405 0.810125120504224 -0.41454631172404405,
            0.41454631172404405 0.810125120504224 -0.41454631172404405,
            0.9238795325112865 0.0 -0.38268343236509017,
            0.9238795325112865 0.0 -0.38268343236509017,
            0.5416308581247334 0.810125120504224 -0.22435084723504267,
            0.5416308581247334 0.810125120504224 -0.22435084723504267,
            1.0 0.0 -2.1224504616508233e-16,
            1.0 0.0 -2.1224504616508233e-16,
            0.5862570162718878 -0.8101251205042241 -1.1876055166322948e-16,
            0.5862570162718878 -0.8101251205042241 -1.1876055166322948e-16,
            0.9238795325112868 0.0 0.3826834323650894,
            0.9238795325112868 0.0 0.3826834323650894,
            0.5416308581247333 -0.8101251205042241 0.22435084723504212,
            0.5416308581247333 -0.8101251205042241 0.22435084723504212,
            0.7071067811865479 0.0 0.7071067811865472,
            0.7071067811865479 0.0 0.7071067811865472,
            0.4145463117240428 -0.8101251205042255 0.41454631172404227,
            0.4145463117240428 -0.8101251205042255 0.41454631172404227,
            0.38268343236508967 0.0 0.9238795325112868,
            0.38268343236508967 0.0 0.9238795325112868,
            0.22435084723504106 -0.8101251205042265 0.5416308581247303,
            0.22435084723504106 -0.8101251205042265 0.5416308581247303,
            1.4149669744338818e-17 0.0 1.0,
            1.4149669744338818e-17 0.0 1.0,
            1.397182960743876e-17 -0.8101251205042264 0.5862570162718845,
            1.397182960743876e-17 -0.8101251205042264 0.5862570162718845,
            -0.38268343236508967 0.0 0.9238795325112868,
            -0.38268343236508967 0.0 0.9238795325112868,
            -0.22435084723504103 -0.8101251205042266 0.5416308581247303,
            -0.22435084723504103 -0.8101251205042266 0.5416308581247303,
            -0.7071067811865476 0.0 0.7071067811865474,
            -0.7071067811865476 0.0 0.7071067811865474,
            -0.4145463117240424 -0.8101251205042258 0.41454631172404205,
            -0.4145463117240424 -0.8101251205042258 0.41454631172404205,
            -0.9238795325112867 0.0 0.3826834323650897,
            -0.9238795325112867 0.0 0.3826834323650897,
            -0.5416308581247329 -0.8101251205042246 0.22435084723504198,
            -0.5416308581247329 -0.8101251205042246 0.22435084723504198,
            -1.0 0.0 5.659867897735527e-17,
            -1.0 0.0 5.659867897735527e-17,
            -0.5862570162718875 -0.8101251205042241 2.7943659214877523e-17,
            -0.5862570162718875 -0.8101251205042241 2.7943659214877523e-17,
            -0.9238795325112868 0.0 -0.38268343236508967,
            -0.9238795325112868 0.0 -0.38268343236508967,
            -0.5416308581247333 -0.8101251205042241 -0.22435084723504214,
            -0.5416308581247333 -0.8101251205042241 -0.22435084723504214,
            -0.7071067811865478 0.0 -0.7071067811865471,
            -0.7071067811865478 0.0 -0.7071067811865471,
            -0.4145463117240439 -0.8101251205042244 -0.41454631172404355,
            -0.4145463117240439 -0.8101251205042244 -0.41454631172404355,
            -0.3826834323650902 0.0 -0.9238795325112865,
            -0.3826834323650902 0.0 -0.9238795325112865,
            -0.22435084723504228 -0.8101251205042245 -0.5416308581247328,
            -0.22435084723504228 -0.8101251205042245 -0.5416308581247328,
            -2.829933948867764e-17 0.0 -1.0,
            -2.829933948867764e-17 0.0 -1.0,
            0.0 -0.8101251205042245 -0.5862570162718873,
            0.0 -0.8101251205042245 -0.5862570162718873,
            0.38268343236509 0.0 -0.9238795325112866,
            0.38268343236509 0.0 -0.9238795325112866,
            0.2243508472350424 -0.8101251205042241 -0.5416308581247332,
            0.2243508472350424 -0.8101251205042241 -0.5416308581247332,
            0.7071067811865475 0.0 -0.7071067811865475,
            0.7071067811865475 0.0 -0.7071067811865475,
            0.41454631172404405 -0.810125120504224 -0.41454631172404405,
            0.41454631172404405 -0.810125120504224 -0.41454631172404405,
            0.9238795325112865 0.0 -0.38268343236509017,
            0.9238795325112865 0.0 -0.38268343236509017,
            0.5416308581247334 -0.810125120504224 -0.22435084723504267,
            0.5416308581247334 -0.810125120504224 -0.22435084723504267,
            0.5862570162718878 -0.8101251205042241 -1.1876055166322948e-16,
            0.5862570162718878 -0.8101251205042241 -1.1876055166322948e-16,
            0.1364076695775096 -0.990652788660302 -4.164868603324899e-17,
            0.1364076695775096 -0.990652788660302 -4.164868603324899e-17,
            0.5416308581247333 -0.8101251205042241 0.22435084723504212,
            0.5416308581247333 -0.8101251205042241 0.22435084723504212,
            0.1260242540002236 -0.9906527886603019 0.05220095519484439,
            0.1260242540002236 -0.9906527886603019 0.05220095519484439,
            0.4145463117240428 -0.8101251205042255 0.41454631172404227,
            0.4145463117240428 -0.8101251205042255 0.41454631172404227,
            0.096454788164111 -0.990652788660302 0.096454788164111,
            0.096454788164111 -0.990652788660302 0.096454788164111,
            0.22435084723504106 -0.8101251205042265 0.5416308581247303,
            0.22435084723504106 -0.8101251205042265 0.5416308581247303,
            0.052200955194844495 -0.9906527886603019 0.12602425400022374,
            0.052200955194844495 -0.9906527886603019 0.12602425400022374,
            1.397182960743876e-17 -0.8101251205042264 0.5862570162718845,
            1.397182960743876e-17 -0.8101251205042264 0.5862570162718845,
            0.0 -0.9906527886603019 0.13640766957750974,
            0.0 -0.9906527886603019 0.13640766957750974,
            -0.22435084723504103 -0.8101251205042266 0.5416308581247303,
            -0.22435084723504103 -0.8101251205042266 0.5416308581247303,
            -0.052200955194844495 -0.9906527886603019 0.12602425400022377,
            -0.052200955194844495 -0.9906527886603019 0.12602425400022377,
            -0.4145463117240424 -0.8101251205042258 0.41454631172404205,
            -0.4145463117240424 -0.8101251205042258 0.41454631172404205,
            -0.096454788164111 -0.990652788660302 0.09645478816411106,
            -0.096454788164111 -0.990652788660302 0.09645478816411106,
            -0.5416308581247329 -0.8101251205042246 0.22435084723504198,
            -0.5416308581247329 -0.8101251205042246 0.22435084723504198,
            -0.1260242540002236 -0.990652788660302 0.052200955194844426,
            -0.1260242540002236 -0.990652788660302 0.052200955194844426,
            -0.5862570162718875 -0.8101251205042241 2.7943659214877523e-17,
            -0.5862570162718875 -0.8101251205042241 2.7943659214877523e-17,
            -0.13640766957750958 -0.990652788660302 5.206085754156124e-18,
            -0.13640766957750958 -0.990652788660302 5.206085754156124e-18,
            -0.5416308581247333 -0.8101251205042241 -0.22435084723504214,
            -0.5416308581247333 -0.8101251205042241 -0.22435084723504214,
            -0.12602425400022363 -0.9906527886603019 -0.052200955194844384,
            -0.12602425400022363 -0.9906527886603019 -0.052200955194844384,
            -0.4145463117240439 -0.8101251205042244 -0.41454631172404355,
            -0.4145463117240439 -0.8101251205042244 -0.41454631172404355,
            -0.09645478816411097 -0.990652788660302 -0.09645478816411093,
            -0.09645478816411097 -0.990652788660302 -0.09645478816411093,
            -0.22435084723504228 -0.8101251205042245 -0.5416308581247328,
            -0.22435084723504228 -0.8101251205042245 -0.5416308581247328,
            -0.052200955194844446 -0.990652788660302 -0.1260242540002236,
            -0.052200955194844446 -0.990652788660302 -0.1260242540002236,
            0.0 -0.8101251205042245 -0.5862570162718873,
            0.0 -0.8101251205042245 -0.5862570162718873,
            -2.95011526068847e-17 -0.990652788660302 -0.13640766957750952,
            -2.95011526068847e-17 -0.990652788660302 -0.13640766957750952,
            0.2243508472350424 -0.8101251205042241 -0.5416308581247332,
            0.2243508472350424 -0.8101251205042241 -0.5416308581247332,
            0.05220095519484441 -0.990652788660302 -0.12602425400022357,
            0.05220095519484441 -0.990652788660302 -0.12602425400022357,
            0.41454631172404405 -0.810125120504224 -0.41454631172404405,
            0.41454631172404405 -0.810125120504224 -0.41454631172404405,
            0.09645478816411089 -0.990652788660302 -0.09645478816411092,
            0.09645478816411089 -0.990652788660302 -0.09645478816411092,
            0.5416308581247334 -0.810125120504224 -0.22435084723504267,
            0.5416308581247334 -0.810125120504224 -0.22435084723504267,
            0.12602425400022357 -0.990652788660302 -0.052200955194844446,
            0.12602425400022357 -0.990652788660302 -0.052200955194844446,
            0.5416308581247333 0.8101251205042241 0.22435084723504212,
            0.5416308581247333 0.8101251205042241 0.22435084723504212,
            0.12602425400022363 0.9906527886603019 0.052200955194844384,
            0.12602425400022363 0.9906527886603019 0.052200955194844384,
            0.5862570162718878 0.8101251205042241 -1.1876055166322948e-16,
            0.5862570162718878 0.8101251205042241 -1.1876055166322948e-16,
            0.1364076695775096 0.990652788660302 -3.991332411519695e-17,
            0.1364076695775096 0.990652788660302 -3.991332411519695e-17,
            0.5416308581247334 0.810125120504224 -0.22435084723504267,
            0.5416308581247334 0.810125120504224 -0.22435084723504267,
            0.12602425400022357 0.990652788660302 -0.05220095519484444,
            0.12602425400022357 0.990652788660302 -0.05220095519484444,
            0.41454631172404405 0.810125120504224 -0.41454631172404405,
            0.41454631172404405 0.810125120504224 -0.41454631172404405,
            0.0964547881641109 0.990652788660302 -0.09645478816411095,
            0.0964547881641109 0.990652788660302 -0.09645478816411095,
            0.2243508472350424 0.8101251205042241 -0.5416308581247332,
            0.2243508472350424 0.8101251205042241 -0.5416308581247332,
            0.05220095519484441 0.990652788660302 -0.12602425400022357,
            0.05220095519484441 0.990652788660302 -0.12602425400022357,
            0.0 0.8101251205042245 -0.5862570162718873,
            0.0 0.8101251205042245 -0.5862570162718873,
            -2.6030428770780615e-17 0.990652788660302 -0.13640766957750952,
            -2.6030428770780615e-17 0.990652788660302 -0.13640766957750952,
            -0.22435084723504228 0.8101251205042245 -0.5416308581247328,
            -0.22435084723504228 0.8101251205042245 -0.5416308581247328,
            -0.05220095519484445 0.990652788660302 -0.12602425400022357,
            -0.05220095519484445 0.990652788660302 -0.12602425400022357,
            -0.4145463117240439 0.8101251205042244 -0.41454631172404355,
            -0.4145463117240439 0.8101251205042244 -0.41454631172404355,
            -0.09645478816411096 0.990652788660302 -0.0964547881641109,
            -0.09645478816411096 0.990652788660302 -0.0964547881641109,
            -0.5416308581247333 0.8101251205042241 -0.22435084723504214,
            -0.5416308581247333 0.8101251205042241 -0.22435084723504214,
            -0.1260242540002236 0.990652788660302 -0.0522009551948444,
            -0.1260242540002236 0.990652788660302 -0.0522009551948444,
            -0.5862570162718875 0.8101251205042241 2.7943659214877523e-17,
            -0.5862570162718875 0.8101251205042241 2.7943659214877523e-17,
            -0.13640766957750955 0.990652788660302 1.0412171508312247e-17,
            -0.13640766957750955 0.990652788660302 1.0412171508312247e-17,
            -0.5416308581247329 0.8101251205042246 0.22435084723504198,
            -0.5416308581247329 0.8101251205042246 0.22435084723504198,
            -0.1260242540002236 0.990652788660302 0.052200955194844446,
            -0.1260242540002236 0.990652788660302 0.052200955194844446,
            -0.4145463117240424 0.8101251205042258 0.41454631172404205,
            -0.4145463117240424 0.8101251205042258 0.41454631172404205,
            -0.09645478816411099 0.990652788660302 0.09645478816411102,
            -0.09645478816411099 0.990652788660302 0.09645478816411102,
            -0.22435084723504103 0.8101251205042266 0.5416308581247303,
            -0.22435084723504103 0.8101251205042266 0.5416308581247303,
            -0.052200955194844495 0.9906527886603019 0.12602425400022377,
            -0.052200955194844495 0.9906527886603019 0.12602425400022377,
            1.397182960743876e-17 0.8101251205042264 0.5862570162718845,
            1.397182960743876e-17 0.8101251205042264 0.5862570162718845,
            3.4707238361040814e-18 0.9906527886603019 0.13640766957750977,
            3.4707238361040814e-18 0.9906527886603019 0.13640766957750977,
            0.22435084723504106 0.8101251205042265 0.5416308581247303,
            0.22435084723504106 0.8101251205042265 0.5416308581247303,
            0.052200955194844495 0.9906527886603019 0.1260242540002237,
            0.052200955194844495 0.9906527886603019 0.1260242540002237,
            0.4145463117240428 0.8101251205042255 0.41454631172404227,
            0.4145463117240428 0.8101251205042255 0.41454631172404227,
            0.09645478816411102 0.990652788660302 0.09645478816411099,
            0.09645478816411102 0.990652788660302 0.09645478816411099,
            0.1364076695775096 -0.990652788660302 -4.164868603324899e-17,
            0.1364076695775096 -0.990652788660302 -4.164868603324899e-17,
            0.0 -1.0 -6.94583315751311e-17,
            0.1260242540002236 -0.9906527886603019 0.05220095519484439,
            0.1260242540002236 -0.9906527886603019 0.05220095519484439,
            0.0 -1.0 -6.94583315751311e-17,
            0.096454788164111 -0.990652788660302 0.096454788164111,
            0.096454788164111 -0.990652788660302 0.096454788164111,
            0.0 -1.0 -6.94583315751311e-17,
            0.052200955194844495 -0.9906527886603019 0.12602425400022374,
            0.052200955194844495 -0.9906527886603019 0.12602425400022374,
            0.0 -1.0 -6.94583315751311e-17,
            0.0 -0.9906527886603019 0.13640766957750974,
            0.0 -0.9906527886603019 0.13640766957750974,
            0.0 -1.0 -6.94583315751311e-17,
            -0.052200955194844495 -0.9906527886603019 0.12602425400022377,
            -0.052200955194844495 -0.9906527886603019 0.12602425400022377,
            0.0 -1.0 -6.94583315751311e-17,
            -0.096454788164111 -0.990652788660302 0.09645478816411106,
            -0.096454788164111 -0.990652788660302 0.09645478816411106,
            0.0 -1.0 -6.94583315751311e-17,
            -0.1260242540002236 -0.990652788660302 0.052200955194844426,
            -0.1260242540002236 -0.990652788660302 0.052200955194844426,
            0.0 -1.0 -6.94583315751311e-17,
            -0.13640766957750958 -0.990652788660302 5.206085754156124e-18,
            -0.13640766957750958 -0.990652788660302 5.206085754156124e-18,
            0.0 -1.0 -6.94583315751311e-17,
            -0.12602425400022363 -0.9906527886603019 -0.052200955194844384,
            -0.12602425400022363 -0.9906527886603019 -0.052200955194844384,
            0.0 -1.0 -6.94583315751311e-17,
            -0.09645478816411097 -0.990652788660302 -0.09645478816411093,
            -0.09645478816411097 -0.990652788660302 -0.09645478816411093,
            0.0 -1.0 -6.94583315751311e-17,
            -0.052200955194844446 -0.990652788660302 -0.1260242540002236,
            -0.052200955194844446 -0.990652788660302 -0.1260242540002236,
            0.0 -1.0 -6.94583315751311e-17,
            -2.95011526068847e-17 -0.990652788660302 -0.13640766957750952,
            -2.95011526068847e-17 -0.990652788660302 -0.13640766957750952,
            0.0 -1.0 -6.94583315751311e-17,
            0.05220095519484441 -0.990652788660302 -0.12602425400022357,
            0.05220095519484441 -0.990652788660302 -0.12602425400022357,
            0.0 -1.0 -6.94583315751311e-17,
            0.09645478816411089 -0.990652788660302 -0.09645478816411092,
            0.09645478816411089 -0.990652788660302 -0.09645478816411092,
            0.0 -1.0 -6.94583315751311e-17,
            0.12602425400022357 -0.990652788660302 -0.052200955194844446,
            0.12602425400022357 -0.990652788660302 -0.052200955194844446,
            0.0 -1.0 -6.94583315751311e-17,
            0.12602425400022363 0.9906527886603019 0.052200955194844384,
            0.12602425400022363 0.9906527886603019 0.052200955194844384,
            0.0 1.0 -5.998674090579501e-17,
            0.1364076695775096 0.990652788660302 -3.991332411519695e-17,
            0.1364076695775096 0.990652788660302 -3.991332411519695e-17,
            0.0 1.0 -5.998674090579501e-17,
            0.12602425400022357 0.990652788660302 -0.05220095519484444,
            0.12602425400022357 0.990652788660302 -0.05220095519484444,
            0.0 1.0 -5.998674090579501e-17,
            0.0964547881641109 0.990652788660302 -0.09645478816411095,
            0.0964547881641109 0.990652788660302 -0.09645478816411095,
            0.0 1.0 -5.998674090579501e-17,
            0.05220095519484441 0.990652788660302 -0.12602425400022357,
            0.05220095519484441 0.990652788660302 -0.12602425400022357,
            0.0 1.0 -5.998674090579501e-17,
            -2.6030428770780615e-17 0.990652788660302 -0.13640766957750952,
            -2.6030428770780615e-17 0.990652788660302 -0.13640766957750952,
            0.0 1.0 -5.998674090579501e-17,
            -0.05220095519484445 0.990652788660302 -0.12602425400022357,
            -0.05220095519484445 0.990652788660302 -0.12602425400022357,
            0.0 1.0 -5.998674090579501e-17,
            -0.09645478816411096 0.990652788660302 -0.0964547881641109,
            -0.09645478816411096 0.990652788660302 -0.0964547881641109,
            0.0 1.0 -5.998674090579501e-17,
            -0.1260242540002236 0.990652788660302 -0.0522009551948444,
            -0.1260242540002236 0.990652788660302 -0.0522009551948444,
            0.0 1.0 -5.998674090579501e-17,
            -0.13640766957750955 0.990652788660302 1.0412171508312247e-17,
            -0.13640766957750955 0.990652788660302 1.0412171508312247e-17,
            0.0 1.0 -5.998674090579501e-17,
            -0.1260242540002236 0.990652788660302 0.052200955194844446,
            -0.1260242540002236 0.990652788660302 0.052200955194844446,
            0.0 1.0 -5.998674090579501e-17,
            -0.09645478816411099 0.990652788660302 0.09645478816411102,
            -0.09645478816411099 0.990652788660302 0.09645478816411102,
            0.0 1.0 -5.998674090579501e-17,
            -0.052200955194844495 0.9906527886603019 0.12602425400022377,
            -0.052200955194844495 0.9906527886603019 0.12602425400022377,
            0.0 1.0 -5.998674090579501e-17,
            3.4707238361040814e-18 0.9906527886603019 0.13640766957750977,
            3.4707238361040814e-18 0.9906527886603019 0.13640766957750977,
            0.0 1.0 -5.998674090579501e-17,
            0.052200955194844495 0.9906527886603019 0.1260242540002237,
            0.052200955194844495 0.9906527886603019 0.1260242540002237,
            0.0 1.0 -5.998674090579501e-17,
            0.09645478816411102 0.990652788660302 0.09645478816411099,
            0.09645478816411102 0.990652788660302 0.09645478816411099,
            0.0 1.0 -5.998674090579501e-17,
            -0.6946658429338394 1.1319596682199491e-16 -0.7193325841785693,
            -0.6946658429338394 1.1319596682199491e-16 -0.7193325841785693,
            -0.6783643670737757 3.1102353502664834e-16 -0.7347256532098194,
            -0.6783643670737757 3.1102353502664834e-16 -0.7347256532098194,
            -0.641812663149567 -0.38258598012091977 -0.6646085112573985,
            -0.641812663149567 -0.38258598012091977 -0.6646085112573985,
            -0.6416496045092713 -0.3771550808004568 -0.6678621340213088,
            -0.6416496045092713 -0.3771550808004568 -0.6678621340213088,
            -0.49126769795901915 -0.7070013114146229 -0.5087289991734788,
            -0.49126769795901915 -0.7070013114146229 -0.5087289991734788,
            -0.5130895101158184 -0.7024091231033478 -0.49331590121371055,
            -0.5130895101158184 -0.7024091231033478 -0.49331590121371055,
            -0.26589562256812 -0.9238391788742712 -0.27535556917560994,
            -0.26589562256812 -0.9238391788742712 -0.27535556917560994,
            -0.2865956493833596 -0.9224001272546447 -0.2589226506027346,
            -0.2865956493833596 -0.9224001272546447 -0.2589226506027346,
            -1.7774235194751901e-6 -0.9999999999969864 1.6935121322700033e-6,
            -1.7774235194751901e-6 -0.9999999999969864 1.6935121322700033e-6,
            9.104743742444243e-4 -0.9999988876155017 -0.0011814415656222735,
            9.104743742444243e-4 -0.9999988876155017 -0.0011814415656222735,
            0.26587945256404727 -0.923839228194789 0.2753710172706982,
            0.26587945256404727 -0.923839228194789 0.2753710172706982,
            0.2961884819588372 -0.9226958516351814 0.24678887440512146,
            0.2961884819588372 -0.9226958516351814 0.24678887440512146,
            0.4912211649455011 -0.707001509999189 0.5087736549473169,
            0.4912211649455011 -0.707001509999189 0.5087736549473169,
            0.5478223137092828 -0.7040864794255796 0.4518328696457365,
            0.5478223137092828 -0.7040864794255796 0.4518328696457365,
            0.6417358981197621 -0.38258621160210604 0.6646825014669567,
            0.6417358981197621 -0.38258621160210604 0.6646825014669567,
            0.7153651985978461 -0.37993442535394173 0.5864319782089259,
            0.7153651985978461 -0.37993442535394173 0.5864319782089259,
            0.6945765937401694 0.0 0.719418762215932,
            0.6945765937401694 0.0 0.719418762215932,
            0.7739603594646326 0.0 0.6332340499194407,
            0.7739603594646326 0.0 0.6332340499194407,
            0.6417358981197623 0.3825862116021054 0.6646825014669568,
            0.6417358981197623 0.3825862116021054 0.6646825014669568,
            0.7153651985978461 0.37993442535394173 0.5864319782089259,
            0.7153651985978461 0.37993442535394173 0.5864319782089259,
            0.49122116494550166 0.7070015099991883 0.5087736549473175,
            0.49122116494550166 0.7070015099991883 0.5087736549473175,
            0.5478223137092837 0.704086479425579 0.4518328696457364,
            0.5478223137092837 0.704086479425579 0.4518328696457364,
            0.2658794525640478 0.9238392281947886 0.2753710172706989,
            0.2658794525640478 0.9238392281947886 0.2753710172706989,
            0.29618848195883873 0.9226958516351809 0.24678887440512157,
            0.29618848195883873 0.9226958516351809 0.24678887440512157,
            -1.7774235195883893e-6 0.9999999999969864 1.6935121321709547e-6,
            -1.7774235195883893e-6 0.9999999999969864 1.6935121321709547e-6,
            9.104743742444813e-4 0.9999988876155018 -0.0011814415656225996,
            9.104743742444813e-4 0.9999988876155018 -0.0011814415656225996,
            -0.2658956225681206 0.9238391788742709 -0.27535556917561055,
            -0.2658956225681206 0.9238391788742709 -0.27535556917561055,
            -0.28659564938336013 0.922400127254644 -0.2589226506027364,
            -0.28659564938336013 0.922400127254644 -0.2589226506027364,
            -0.4912676979590192 0.7070013114146227 -0.5087289991734788,
            -0.4912676979590192 0.7070013114146227 -0.5087289991734788,
            -0.513089510115816 0.702409123103348 -0.49331590121371277,
            -0.513089510115816 0.702409123103348 -0.49331590121371277,
            -0.6418126631495669 0.3825859801209199 -0.6646085112573985,
            -0.6418126631495669 0.3825859801209199 -0.6646085112573985,
            -0.6416496045092692 0.3771550808004581 -0.66786213402131,
            -0.6416496045092692 0.3771550808004581 -0.66786213402131,
            -0.6946658429338394 1.1319596682199491e-16 -0.7193325841785693,
            -0.6946658429338394 1.1319596682199491e-16 -0.7193325841785693,
            -0.7410976191565093 0.0 -0.6713972884072094,
            -0.7410976191565093 0.0 -0.6713972884072094,
            -0.641812663149567 -0.38258598012091977 -0.6646085112573985,
            -0.641812663149567 -0.38258598012091977 -0.6646085112573985,
            -0.69021214691579 -0.3808407070402293 -0.6152784313715166,
            -0.69021214691579 -0.3808407070402293 -0.6152784313715166,
            -0.49126769795901915 -0.7070013114146229 -0.5087289991734788,
            -0.49126769795901915 -0.7070013114146229 -0.5087289991734788,
            -0.5453025820643225 -0.7037018687631929 -0.4554654475294181,
            -0.5453025820643225 -0.7037018687631929 -0.4554654475294181,
            -0.26589562256812 -0.9238391788742712 -0.27535556917560994,
            -0.26589562256812 -0.9238391788742712 -0.27535556917560994,
            -0.32843009224226793 -0.9194308000402823 -0.21628841496257217,
            -0.32843009224226793 -0.9194308000402823 -0.21628841496257217,
            -1.7774235194751901e-6 -0.9999999999969864 1.6935121322700033e-6,
            -1.7774235194751901e-6 -0.9999999999969864 1.6935121322700033e-6,
            -0.07261154807101812 -0.9951847266721974 0.0658401312659234,
            -0.07261154807101812 -0.9951847266721974 0.0658401312659234,
            0.26587945256404727 -0.923839228194789 0.2753710172706982,
            0.26587945256404727 -0.923839228194789 0.2753710172706982,
            0.18320699610022892 -0.9194308000402814 0.3479686774944244,
            0.18320699610022892 -0.9194308000402814 0.3479686774944244,
            0.4912211649455011 -0.707001509999189 0.5087736549473169,
            0.4912211649455011 -0.707001509999189 0.5087736549473169,
            0.4000794859222774 -0.7037018687631899 0.5871457100612765,
            0.4000794859222774 -0.7037018687631899 0.5871457100612765,
            0.6417358981197621 -0.38258621160210604 0.6646825014669567,
            0.6417358981197621 -0.38258621160210604 0.6646825014669567,
            0.5449890507737419 -0.38084070704023193 0.7469586939033724,
            0.5449890507737419 -0.38084070704023193 0.7469586939033724,
            0.6945765937401694 0.0 0.719418762215932,
            0.6945765937401694 0.0 0.719418762215932,
            0.5958745230144636 1.839120729588325e-16 0.8030775509390643,
            0.5958745230144636 1.839120729588325e-16 0.8030775509390643,
            0.6417358981197623 0.3825862116021054 0.6646825014669568,
            0.6417358981197623 0.3825862116021054 0.6646825014669568,
            0.544989050773741 0.38084070704023115 0.7469586939033734,
            0.544989050773741 0.38084070704023115 0.7469586939033734,
            0.49122116494550166 0.7070015099991883 0.5087736549473175,
            0.49122116494550166 0.7070015099991883 0.5087736549473175,
            0.40007948592227527 0.7037018687631899 0.587145710061278,
            0.40007948592227527 0.7037018687631899 0.587145710061278,
            0.2658794525640478 0.9238392281947886 0.2753710172706989,
            0.2658794525640478 0.9238392281947886 0.2753710172706989,
            0.1832069961002251 0.9194308000402811 0.34796867749442706,
            0.1832069961002251 0.9194308000402811 0.34796867749442706,
            -1.7774235195883893e-6 0.9999999999969864 1.6935121321709547e-6,
            -1.7774235195883893e-6 0.9999999999969864 1.6935121321709547e-6,
            -0.07261154807102214 0.9951847266721968 0.06584013126592746,
            -0.07261154807102214 0.9951847266721968 0.06584013126592746,
            -0.2658956225681206 0.9238391788742709 -0.27535556917561055,
            -0.2658956225681206 0.9238391788742709 -0.27535556917561055,
            -0.32843009224226993 0.9194308000402819 -0.2162884149625709,
            -0.32843009224226993 0.9194308000402819 -0.2162884149625709,
            -0.4912676979590192 0.7070013114146227 -0.5087289991734788,
            -0.4912676979590192 0.7070013114146227 -0.5087289991734788,
            -0.5453025820643222 0.7037018687631929 -0.45546544752941825,
            -0.5453025820643222 0.7037018687631929 -0.45546544752941825,
            -0.6418126631495669 0.3825859801209199 -0.6646085112573985,
            -0.6418126631495669 0.3825859801209199 -0.6646085112573985,
            -0.69021214691579 0.3808407070402293 -0.6152784313715166,
            -0.69021214691579 0.3808407070402293 -0.6152784313715166,
            -0.8066299871365372 -1.5492140808382068e-16 -0.591056734884317,
            -0.8066299871365372 -1.5492140808382068e-16 -0.591056734884317,
            -1.0 -3.6789141335280917e-16 0.0,
            -1.0 -3.6789141335280917e-16 0.0,
            -0.789467254597545 -0.35646457848952867 -0.4996743521539782,
            -0.789467254597545 -0.35646457848952867 -0.4996743521539782,
            -0.9238795325112871 -0.38268343236508917 0.0,
            -0.9238795325112871 -0.38268343236508917 0.0,
            -0.6564542554554992 -0.6902001556350077 -0.3044528792042822,
            -0.6564542554554992 -0.6902001556350077 -0.3044528792042822,
            -0.7071067811865472 -0.7071067811865477 0.0,
            -0.7071067811865472 -0.7071067811865477 0.0,
            -0.3694501823900024 -0.920069743726356 -0.13030053496172428,
            -0.3694501823900024 -0.920069743726356 -0.13030053496172428,
            -0.38268343236508884 -0.9238795325112872 0.0,
            -0.38268343236508884 -0.9238795325112872 0.0,
            5.539917862429185e-4 -0.9999916658031003 -0.004044924899330534,
            5.539917862429185e-4 -0.9999916658031003 -0.004044924899330534,
            0.0 -1.0 0.0,
            0.0 -1.0 0.0,
            0.37669955895933255 -0.9221857248655957 0.08758385201599711,
            0.37669955895933255 -0.9221857248655957 0.08758385201599711,
            0.38268343236508784 -0.9238795325112875 0.0,
            0.38268343236508784 -0.9238795325112875 0.0,
            0.6946478906864476 -0.7030835000848158 0.15211147186637142,
            0.6946478906864476 -0.7030835000848158 0.15211147186637142,
            0.7071067811865468 -0.7071067811865482 0.0,
            0.7071067811865468 -0.7071067811865482 0.0,
            0.9053868070475789 -0.3791713907357789 0.19105964009095538,
            0.9053868070475789 -0.3791713907357789 0.19105964009095538,
            0.9238795325112864 -0.38268343236509056 0.0,
            0.9238795325112864 -0.38268343236509056 0.0,
            0.9789448918181239 0.0 0.20412471379821143,
            0.9789448918181239 0.0 0.20412471379821143,
            1.0 0.0 0.0,
            1.0 0.0 0.0,
            0.9053868070475789 0.3791713907357789 0.19105964009095538,
            0.9053868070475789 0.3791713907357789 0.19105964009095538,
            0.9238795325112864 0.38268343236509056 0.0,
            0.9238795325112864 0.38268343236509056 0.0,
            0.6946478906864482 0.703083500084815 0.15211147186637242,
            0.6946478906864482 0.703083500084815 0.15211147186637242,
            0.7071067811865483 0.7071067811865467 0.0,
            0.7071067811865483 0.7071067811865467 0.0,
            0.37669955895933377 0.922185724865595 0.08758385201599869,
            0.37669955895933377 0.922185724865595 0.08758385201599869,
            0.38268343236509 0.9238795325112866 0.0,
            0.38268343236509 0.9238795325112866 0.0,
            5.539917862425222e-4 0.9999916658031004 -0.0040449248993302805,
            5.539917862425222e-4 0.9999916658031004 -0.0040449248993302805,
            -7.357828267056185e-16 1.0 0.0,
            -7.357828267056185e-16 1.0 0.0,
            -0.36945018239000355 0.9200697437263554 -0.13030053496172572,
            -0.36945018239000355 0.9200697437263554 -0.13030053496172572,
            -0.3826834323650907 0.9238795325112864 0.0,
            -0.3826834323650907 0.9238795325112864 0.0,
            -0.6564542554554975 0.690200155635008 -0.3044528792042856,
            -0.6564542554554975 0.690200155635008 -0.3044528792042856,
            -0.7071067811865461 0.7071067811865489 0.0,
            -0.7071067811865461 0.7071067811865489 0.0,
            -0.7894672545975424 0.3564645784895294 -0.4996743521539816,
            -0.7894672545975424 0.3564645784895294 -0.4996743521539816,
            -0.9238795325112862 0.3826834323650913 0.0,
            -0.9238795325112862 0.3826834323650913 0.0,
            -1.0 -3.6789141335280917e-16 0.0,
            -1.0 -3.6789141335280917e-16 0.0,
            -0.8700221846046782 1.9717695987157885e-16 -0.4930125741760583,
            -0.8700221846046782 1.9717695987157885e-16 -0.4930125741760583,
            -0.9238795325112871 -0.38268343236508917 0.0,
            -0.9238795325112871 -0.38268343236508917 0.0,
            -0.8037956891870189 -0.3329430758382906 -0.49301257417605837,
            -0.8037956891870189 -0.3329430758382906 -0.49301257417605837,
            -0.7071067811865472 -0.7071067811865477 0.0,
            -0.7071067811865472 -0.7071067811865477 0.0,
            -0.6151985865167021 -0.6151985865167025 -0.4930125741760581,
            -0.6151985865167021 -0.6151985865167025 -0.4930125741760581,
            -0.38268343236508884 -0.9238795325112872 0.0,
            -0.38268343236508884 -0.9238795325112872 0.0,
            -0.33294307583829064 -0.803795689187019 -0.4930125741760582,
            -0.33294307583829064 -0.803795689187019 -0.4930125741760582,
            0.0 -1.0 0.0,
            0.0 -1.0 0.0,
            0.0 -0.8700221846046783 -0.4930125741760581,
            0.0 -0.8700221846046783 -0.4930125741760581,
            0.38268343236508784 -0.9238795325112875 0.0,
            0.38268343236508784 -0.9238795325112875 0.0,
            0.3329430758382896 -0.8037956891870196 -0.4930125741760581,
            0.3329430758382896 -0.8037956891870196 -0.4930125741760581,
            0.7071067811865468 -0.7071067811865482 0.0,
            0.7071067811865468 -0.7071067811865482 0.0,
            0.6151985865167016 -0.6151985865167028 -0.49301257417605826,
            0.6151985865167016 -0.6151985865167028 -0.49301257417605826,
            0.9238795325112864 -0.38268343236509056 0.0,
            0.9238795325112864 -0.38268343236509056 0.0,
            0.8037956891870183 -0.33294307583829297 -0.493012574176058,
            0.8037956891870183 -0.33294307583829297 -0.493012574176058,
            1.0 0.0 0.0,
            1.0 0.0 0.0,
            0.870022184604678 0.0 -0.4930125741760586,
            0.870022184604678 0.0 -0.4930125741760586,
            0.9238795325112864 0.38268343236509056 0.0,
            0.9238795325112864 0.38268343236509056 0.0,
            0.8037956891870179 0.33294307583829347 -0.49301257417605815,
            0.8037956891870179 0.33294307583829347 -0.49301257417605815,
            0.7071067811865483 0.7071067811865467 0.0,
            0.7071067811865483 0.7071067811865467 0.0,
            0.6151985865167027 0.6151985865167012 -0.49301257417605865,
            0.6151985865167027 0.6151985865167012 -0.49301257417605865,
            0.38268343236509 0.9238795325112866 0.0,
            0.38268343236509 0.9238795325112866 0.0,
            0.3329430758382914 0.8037956891870183 -0.4930125741760591,
            0.3329430758382914 0.8037956891870183 -0.4930125741760591,
            -7.357828267056185e-16 1.0 0.0,
            -7.357828267056185e-16 1.0 0.0,
            -2.6759730268285706e-16 0.8700221846046781 -0.4930125741760585,
            -2.6759730268285706e-16 0.8700221846046781 -0.4930125741760585,
            -0.3826834323650907 0.9238795325112864 0.0,
            -0.3826834323650907 0.9238795325112864 0.0,
            -0.3329430758382918 0.8037956891870186 -0.4930125741760583,
            -0.3329430758382918 0.8037956891870186 -0.4930125741760583,
            -0.7071067811865461 0.7071067811865489 0.0,
            -0.7071067811865461 0.7071067811865489 0.0,
            -0.6151985865167021 0.6151985865167027 -0.4930125741760578,
            -0.6151985865167021 0.6151985865167027 -0.4930125741760578,
            -0.9238795325112862 0.3826834323650913 0.0,
            -0.9238795325112862 0.3826834323650913 0.0,
            -0.8037956891870185 0.3329430758382918 -0.49301257417605854,
            -0.8037956891870185 0.3329430758382918 -0.49301257417605854,
            -0.8700221846046782 1.9717695987157885e-16 -0.4930125741760583,
            -0.8700221846046782 1.9717695987157885e-16 -0.4930125741760583,
            1.5087817563567135e-16 -1.6921578347988294e-17 -1.0,
            -0.8037956891870189 -0.3329430758382906 -0.49301257417605837,
            -0.8037956891870189 -0.3329430758382906 -0.49301257417605837,
            1.5087817563567135e-16 -1.6921578347988294e-17 -1.0,
            -0.6151985865167021 -0.6151985865167025 -0.4930125741760581,
            -0.6151985865167021 -0.6151985865167025 -0.4930125741760581,
            1.5087817563567135e-16 -1.6921578347988294e-17 -1.0,
            -0.33294307583829064 -0.803795689187019 -0.4930125741760582,
            -0.33294307583829064 -0.803795689187019 -0.4930125741760582,
            1.5087817563567135e-16 -1.6921578347988294e-17 -1.0,
            0.0 -0.8700221846046783 -0.4930125741760581,
            0.0 -0.8700221846046783 -0.4930125741760581,
            1.5087817563567135e-16 -1.6921578347988294e-17 -1.0,
            0.3329430758382896 -0.8037956891870196 -0.4930125741760581,
            0.3329430758382896 -0.8037956891870196 -0.4930125741760581,
            1.5087817563567135e-16 -1.6921578347988294e-17 -1.0,
            0.6151985865167016 -0.6151985865167028 -0.49301257417605826,
            0.6151985865167016 -0.6151985865167028 -0.49301257417605826,
            1.5087817563567135e-16 -1.6921578347988294e-17 -1.0,
            0.8037956891870183 -0.33294307583829297 -0.493012574176058,
            0.8037956891870183 -0.33294307583829297 -0.493012574176058,
            1.5087817563567135e-16 -1.6921578347988294e-17 -1.0,
            0.870022184604678 0.0 -0.4930125741760586,
            0.870022184604678 0.0 -0.4930125741760586,
            1.5087817563567135e-16 -1.6921578347988294e-17 -1.0,
            0.8037956891870179 0.33294307583829347 -0.49301257417605815,
            0.8037956891870179 0.33294307583829347 -0.49301257417605815,
            1.5087817563567135e-16 -1.6921578347988294e-17 -1.0,
            0.6151985865167027 0.6151985865167012 -0.49301257417605865,
            0.6151985865167027 0.6151985865167012 -0.49301257417605865,
            1.5087817563567135e-16 -1.6921578347988294e-17 -1.0,
            0.3329430758382914 0.8037956891870183 -0.4930125741760591,
            0.3329430758382914 0.8037956891870183 -0.4930125741760591,
            1.5087817563567135e-16 -1.6921578347988294e-17 -1.0,
            -2.6759730268285706e-16 0.8700221846046781 -0.4930125741760585,
            -2.6759730268285706e-16 0.8700221846046781 -0.4930125741760585,
            1.5087817563567135e-16 -1.6921578347988294e-17 -1.0,
            -0.3329430758382918 0.8037956891870186 -0.4930125741760583,
            -0.3329430758382918 0.8037956891870186 -0.4930125741760583,
            1.5087817563567135e-16 -1.6921578347988294e-17 -1.0,
            -0.6151985865167021 0.6151985865167027 -0.4930125741760578,
            -0.6151985865167021 0.6151985865167027 -0.4930125741760578,
            1.5087817563567135e-16 -1.6921578347988294e-17 -1.0,
            -0.8037956891870185 0.3329430758382918 -0.49301257417605854,
            -0.8037956891870185 0.3329430758382918 -0.49301257417605854,
            1.5087817563567135e-16 -1.6921578347988294e-17 -1.0,
            0.694666163014109 1.1319596680859927e-16 -0.7193322750740823,
            0.694666163014109 1.1319596680859927e-16 -0.7193322750740823,
            0.6783643670737757 3.1102353502664834e-16 -0.7347256532098194,
            0.6783643670737757 3.1102353502664834e-16 -0.7347256532098194,
            0.6418129589611912 -0.3825859791839731 -0.6646082261312457,
            0.6418129589611912 -0.3825859791839731 -0.6646082261312457,
            0.6416496045092713 -0.3771550808004568 -0.6678621340213088,
            0.6416496045092713 -0.3771550808004568 -0.6678621340213088,
            0.49126792448552203 -0.7070013104035868 -0.5087287818271132,
            0.49126792448552203 -0.7070013104035868 -0.5087287818271132,
            0.5130895101158185 -0.7024091231033478 -0.4933159012137105,
            0.5130895101158185 -0.7024091231033478 -0.4933159012137105,
            0.26589574515190456 -0.9238391784889873 -0.2753554520958436,
            0.26589574515190456 -0.9238391784889873 -0.2753554520958436,
            0.2865956493833607 -0.9224001272546443 -0.25892265060273506,
            0.2865956493833607 -0.9224001272546443 -0.25892265060273506,
            1.777537423729083e-6 -0.999999999996986 1.6936207156918758e-6,
            1.777537423729083e-6 -0.999999999996986 1.6936207156918758e-6,
            -9.104743742442407e-4 -0.9999988876155018 -0.001181441565622628,
            -9.104743742442407e-4 -0.9999988876155018 -0.001181441565622628,
            -0.265879574112946 -0.9238392278158053 0.2753709011827775,
            -0.265879574112946 -0.9238392278158053 0.2753709011827775,
            -0.2961884819588377 -0.9226958516351813 0.24678887440512162,
            -0.2961884819588377 -0.9226958516351813 0.24678887440512162,
            -0.491221388500375 -0.7070015090135212 0.5087734404746062,
            -0.491221388500375 -0.7070015090135212 0.5087734404746062,
            -0.5478223137092826 -0.7040864794255797 0.45183286964573655,
            -0.5478223137092826 -0.7040864794255797 0.45183286964573655,
            -0.6417361890395746 -0.3825862106947279 0.6646822211126251,
            -0.6417361890395746 -0.3825862106947279 0.6646822211126251,
            -0.7153651985978472 -0.3799344253539405 0.5864319782089257,
            -0.7153651985978472 -0.3799344253539405 0.5864319782089257,
            -0.6945769081381089 0.0 0.7194184586742997,
            -0.6945769081381089 0.0 0.7194184586742997,
            -0.7739603594646337 0.0 0.6332340499194392,
            -0.7739603594646337 0.0 0.6332340499194392,
            -0.6417361890395746 0.3825862106947279 0.6646822211126251,
            -0.6417361890395746 0.3825862106947279 0.6646822211126251,
            -0.7153651985978472 0.3799344253539405 0.5864319782089257,
            -0.7153651985978472 0.3799344253539405 0.5864319782089257,
            -0.491221388500375 0.7070015090135212 0.5087734404746062,
            -0.491221388500375 0.7070015090135212 0.5087734404746062,
            -0.5478223137092826 0.7040864794255791 0.4518328696457373,
            -0.5478223137092826 0.7040864794255791 0.4518328696457373,
            -0.2658795741129454 0.9238392278158057 0.2753709011827769,
            -0.2658795741129454 0.9238392278158057 0.2753709011827769,
            -0.2961884819588368 0.9226958516351814 0.24678887440512207,
            -0.2961884819588368 0.9226958516351814 0.24678887440512207,
            1.777537423686633e-6 0.999999999996986 1.6936207157484746e-6,
            1.777537423686633e-6 0.999999999996986 1.6936207157484746e-6,
            -9.104743742439288e-4 0.9999988876155017 -0.001181441565622514,
            -9.104743742439288e-4 0.9999988876155017 -0.001181441565622514,
            0.26589574515190406 0.9238391784889876 -0.27535545209584306,
            0.26589574515190406 0.9238391784889876 -0.27535545209584306,
            0.2865956493833599 0.9224001272546443 -0.2589226506027357,
            0.2865956493833599 0.9224001272546443 -0.2589226506027357,
            0.49126792448552203 0.7070013104035868 -0.5087287818271131,
            0.49126792448552203 0.7070013104035868 -0.5087287818271131,
            0.5130895101158162 0.702409123103348 -0.4933159012137127,
            0.5130895101158162 0.702409123103348 -0.4933159012137127,
            0.6418129589611911 0.38258597918397336 -0.6646082261312456,
            0.6418129589611911 0.38258597918397336 -0.6646082261312456,
            0.6416496045092692 0.3771550808004581 -0.66786213402131,
            0.6416496045092692 0.3771550808004581 -0.66786213402131,
            0.694666163014109 1.1319596680859927e-16 -0.7193322750740823,
            0.694666163014109 1.1319596680859927e-16 -0.7193322750740823,
            0.7410976191565058 0.0 -0.6713972884072132,
            0.7410976191565058 0.0 -0.6713972884072132,
            0.6418129589611912 -0.3825859791839731 -0.6646082261312457,
            0.6418129589611912 -0.3825859791839731 -0.6646082261312457,
            0.6902121469157869 -0.3808407070402308 -0.6152784313715192,
            0.6902121469157869 -0.3808407070402308 -0.6152784313715192,
            0.49126792448552203 -0.7070013104035868 -0.5087287818271132,
            0.49126792448552203 -0.7070013104035868 -0.5087287818271132,
            0.5453025820643215 -0.7037018687631925 -0.4554654475294197,
            0.5453025820643215 -0.7037018687631925 -0.4554654475294197,
            0.26589574515190456 -0.9238391784889873 -0.2753554520958436,
            0.26589574515190456 -0.9238391784889873 -0.2753554520958436,
            0.32843009224226866 -0.919430800040282 -0.21628841496257264,
            0.32843009224226866 -0.919430800040282 -0.21628841496257264,
            1.777537423729083e-6 -0.999999999996986 1.6936207156918758e-6,
            1.777537423729083e-6 -0.999999999996986 1.6936207156918758e-6,
            0.07261154807101929 -0.9951847266721973 0.06584013126592451,
            0.07261154807101929 -0.9951847266721973 0.06584013126592451,
            -0.265879574112946 -0.9238392278158053 0.2753709011827775,
            -0.265879574112946 -0.9238392278158053 0.2753709011827775,
            -0.18320699610022853 -0.9194308000402814 0.34796867749442467,
            -0.18320699610022853 -0.9194308000402814 0.34796867749442467,
            -0.491221388500375 -0.7070015090135212 0.5087734404746062,
            -0.491221388500375 -0.7070015090135212 0.5087734404746062,
            -0.40007948592227677 -0.7037018687631901 0.5871457100612767,
            -0.40007948592227677 -0.7037018687631901 0.5871457100612767,
            -0.6417361890395746 -0.3825862106947279 0.6646822211126251,
            -0.6417361890395746 -0.3825862106947279 0.6646822211126251,
            -0.5449890507737395 -0.3808407070402326 0.7469586939033739,
            -0.5449890507737395 -0.3808407070402326 0.7469586939033739,
            -0.6945769081381089 0.0 0.7194184586742997,
            -0.6945769081381089 0.0 0.7194184586742997,
            -0.5958745230144608 1.6976499042353778e-16 0.8030775509390665,
            -0.5958745230144608 1.6976499042353778e-16 0.8030775509390665,
            -0.6417361890395746 0.3825862106947279 0.6646822211126251,
            -0.6417361890395746 0.3825862106947279 0.6646822211126251,
            -0.5449890507737376 0.38084070704023265 0.7469586939033751,
            -0.5449890507737376 0.38084070704023265 0.7469586939033751,
            -0.491221388500375 0.7070015090135212 0.5087734404746062,
            -0.491221388500375 0.7070015090135212 0.5087734404746062,
            -0.4000794859222736 0.7037018687631901 0.5871457100612789,
            -0.4000794859222736 0.7037018687631901 0.5871457100612789,
            -0.2658795741129454 0.9238392278158057 0.2753709011827769,
            -0.2658795741129454 0.9238392278158057 0.2753709011827769,
            -0.18320699610022434 0.9194308000402813 0.3479686774944271,
            -0.18320699610022434 0.9194308000402813 0.3479686774944271,
            1.777537423686633e-6 0.999999999996986 1.6936207157484746e-6,
            1.777537423686633e-6 0.999999999996986 1.6936207157484746e-6,
            0.07261154807102324 0.9951847266721967 0.06584013126592818,
            0.07261154807102324 0.9951847266721967 0.06584013126592818,
            0.26589574515190406 0.9238391784889876 -0.27535545209584306,
            0.26589574515190406 0.9238391784889876 -0.27535545209584306,
            0.3284300922422706 0.919430800040282 -0.21628841496256943,
            0.3284300922422706 0.919430800040282 -0.21628841496256943,
            0.49126792448552203 0.7070013104035868 -0.5087287818271131,
            0.49126792448552203 0.7070013104035868 -0.5087287818271131,
            0.5453025820643219 0.7037018687631927 -0.4554654475294188,
            0.5453025820643219 0.7037018687631927 -0.4554654475294188,
            0.6418129589611911 0.38258597918397336 -0.6646082261312456,
            0.6418129589611911 0.38258597918397336 -0.6646082261312456,
            0.6902121469157869 0.3808407070402308 -0.6152784313715192,
            0.6902121469157869 0.3808407070402308 -0.6152784313715192,
            0.8066299871365372 -1.5492140808382068e-16 -0.591056734884317,
            0.8066299871365372 -1.5492140808382068e-16 -0.591056734884317,
            1.0 -3.8204108309714803e-16 0.0,
            1.0 -3.8204108309714803e-16 0.0,
            0.7894672545975453 -0.35646457848952867 -0.4996743521539777,
            0.7894672545975453 -0.35646457848952867 -0.4996743521539777,
            0.9238795325112872 -0.38268343236508884 0.0,
            0.9238795325112872 -0.38268343236508884 0.0,
            0.6564542554554997 -0.6902001556350077 -0.30445287920428143,
            0.6564542554554997 -0.6902001556350077 -0.30445287920428143,
            0.7071067811865475 -0.7071067811865475 0.0,
            0.7071067811865475 -0.7071067811865475 0.0,
            0.36945018239000316 -0.9200697437263556 -0.13030053496172492,
            0.36945018239000316 -0.9200697437263556 -0.13030053496172492,
            0.38268343236508917 -0.9238795325112871 0.0,
            0.38268343236508917 -0.9238795325112871 0.0,
            -5.539917862429045e-4 -0.9999916658031004 -0.004044924899330362,
            -5.539917862429045e-4 -0.9999916658031004 -0.004044924899330362,
            -5.659867897735527e-16 -1.0 0.0,
            -5.659867897735527e-16 -1.0 0.0,
            -0.376699558959334 -0.9221857248655949 0.08758385201599922,
            -0.376699558959334 -0.9221857248655949 0.08758385201599922,
            -0.38268343236509067 -0.9238795325112864 0.0,
            -0.38268343236509067 -0.9238795325112864 0.0,
            -0.6946478906864473 -0.7030835000848161 0.15211147186637106,
            -0.6946478906864473 -0.7030835000848161 0.15211147186637106,
            -0.7071067811865483 -0.7071067811865467 0.0,
            -0.7071067811865483 -0.7071067811865467 0.0,
            -0.9053868070475795 -0.37917139073577866 0.19105964009095308,
            -0.9053868070475795 -0.37917139073577866 0.19105964009095308,
            -0.9238795325112864 -0.38268343236509056 0.0,
            -0.9238795325112864 -0.38268343236509056 0.0,
            -0.9789448918181245 0.0 0.20412471379820904,
            -0.9789448918181245 0.0 0.20412471379820904,
            -1.0 0.0 0.0,
            -1.0 0.0 0.0,
            -0.9053868070475795 0.37917139073577866 0.19105964009095308,
            -0.9053868070475795 0.37917139073577866 0.19105964009095308,
            -0.9238795325112864 0.38268343236509056 0.0,
            -0.9238795325112864 0.38268343236509056 0.0,
            -0.6946478906864483 0.7030835000848155 0.1521114718663704,
            -0.6946478906864483 0.7030835000848155 0.1521114718663704,
            -0.7071067811865483 0.7071067811865467 0.0,
            -0.7071067811865483 0.7071067811865467 0.0,
            -0.37669955895933394 0.9221857248655951 0.08758385201599792,
            -0.37669955895933394 0.9221857248655951 0.08758385201599792,
            -0.38268343236508984 0.9238795325112866 0.0,
            -0.38268343236508984 0.9238795325112866 0.0,
            -5.539917862425927e-4 0.9999916658031003 -0.0040449248993307705,
            -5.539917862425927e-4 0.9999916658031003 -0.0040449248993307705,
            -5.518371200292137e-16 1.0 0.0,
            -5.518371200292137e-16 1.0 0.0,
            0.3694501823900026 0.9200697437263557 -0.13030053496172586,
            0.3694501823900026 0.9200697437263557 -0.13030053496172586,
            0.38268343236508934 0.9238795325112868 0.0,
            0.38268343236508934 0.9238795325112868 0.0,
            0.656454255455498 0.6902001556350079 -0.3044528792042849,
            0.656454255455498 0.6902001556350079 -0.3044528792042849,
            0.7071067811865465 0.7071067811865487 0.0,
            0.7071067811865465 0.7071067811865487 0.0,
            0.7894672545975427 0.35646457848952934 -0.4996743521539811,
            0.7894672545975427 0.35646457848952934 -0.4996743521539811,
            0.9238795325112863 0.382683432365091 0.0,
            0.9238795325112863 0.382683432365091 0.0,
            1.0 -3.8204108309714803e-16 0.0,
            1.0 -3.8204108309714803e-16 0.0,
            0.8700221846046782 2.112610284338345e-16 -0.4930125741760582,
            0.8700221846046782 2.112610284338345e-16 -0.4930125741760582,
            0.9238795325112872 -0.38268343236508884 0.0,
            0.9238795325112872 -0.38268343236508884 0.0,
            0.8037956891870192 -0.33294307583829036 -0.4930125741760583,
            0.8037956891870192 -0.33294307583829036 -0.4930125741760583,
            0.7071067811865475 -0.7071067811865475 0.0,
            0.7071067811865475 -0.7071067811865475 0.0,
            0.6151985865167018 -0.6151985865167025 -0.4930125741760584,
            0.6151985865167018 -0.6151985865167025 -0.4930125741760584,
            0.38268343236508917 -0.9238795325112871 0.0,
            0.38268343236508917 -0.9238795325112871 0.0,
            0.33294307583828997 -0.8037956891870192 -0.49301257417605854,
            0.33294307583828997 -0.8037956891870192 -0.49301257417605854,
            -5.659867897735527e-16 -1.0 0.0,
            -5.659867897735527e-16 -1.0 0.0,
            -6.337830853015036e-16 -0.8700221846046781 -0.4930125741760585,
            -6.337830853015036e-16 -0.8700221846046781 -0.4930125741760585,
            -0.38268343236509067 -0.9238795325112864 0.0,
            -0.38268343236509067 -0.9238795325112864 0.0,
            -0.3329430758382923 -0.8037956891870183 -0.49301257417605837,
            -0.3329430758382923 -0.8037956891870183 -0.49301257417605837,
            -0.7071067811865483 -0.7071067811865467 0.0,
            -0.7071067811865483 -0.7071067811865467 0.0,
            -0.6151985865167036 -0.615198586516701 -0.4930125741760581,
            -0.6151985865167036 -0.615198586516701 -0.4930125741760581,
            -0.9238795325112864 -0.38268343236509056 0.0,
            -0.9238795325112864 -0.38268343236509056 0.0,
            -0.8037956891870183 -0.33294307583829297 -0.493012574176058,
            -0.8037956891870183 -0.33294307583829297 -0.493012574176058,
            -1.0 0.0 0.0,
            -1.0 0.0 0.0,
            -0.870022184604678 0.0 -0.4930125741760586,
            -0.870022184604678 0.0 -0.4930125741760586,
            -0.9238795325112864 0.38268343236509056 0.0,
            -0.9238795325112864 0.38268343236509056 0.0,
            -0.8037956891870179 0.33294307583829347 -0.49301257417605815,
            -0.8037956891870179 0.33294307583829347 -0.49301257417605815,
            -0.7071067811865483 0.7071067811865467 0.0,
            -0.7071067811865483 0.7071067811865467 0.0,
            -0.6151985865167038 0.6151985865167007 -0.49301257417605837,
            -0.6151985865167038 0.6151985865167007 -0.49301257417605837,
            -0.38268343236508984 0.9238795325112866 0.0,
            -0.38268343236508984 0.9238795325112866 0.0,
            -0.33294307583829263 0.8037956891870179 -0.49301257417605876,
            -0.33294307583829263 0.8037956891870179 -0.49301257417605876,
            -5.518371200292137e-16 1.0 0.0,
            -5.518371200292137e-16 1.0 0.0,
            -8.168759766108266e-16 0.8700221846046783 -0.49301257417605815,
            -8.168759766108266e-16 0.8700221846046783 -0.49301257417605815,
            0.38268343236508934 0.9238795325112868 0.0,
            0.38268343236508934 0.9238795325112868 0.0,
            0.3329430758382901 0.8037956891870192 -0.4930125741760585,
            0.3329430758382901 0.8037956891870192 -0.4930125741760585,
            0.7071067811865465 0.7071067811865487 0.0,
            0.7071067811865465 0.7071067811865487 0.0,
            0.6151985865167019 0.6151985865167028 -0.4930125741760581,
            0.6151985865167019 0.6151985865167028 -0.4930125741760581,
            0.9238795325112863 0.382683432365091 0.0,
            0.9238795325112863 0.382683432365091 0.0,
            0.8037956891870186 0.3329430758382916 -0.4930125741760584,
            0.8037956891870186 0.3329430758382916 -0.4930125741760584,
            0.8700221846046782 2.112610284338345e-16 -0.4930125741760582,
            0.8700221846046782 2.112610284338345e-16 -0.4930125741760582,
            -8.382120868648417e-17 -1.6921578347988787e-17 -1.0,
            0.8037956891870192 -0.33294307583829036 -0.4930125741760583,
            0.8037956891870192 -0.33294307583829036 -0.4930125741760583,
            -8.382120868648417e-17 -1.6921578347988787e-17 -1.0,
            0.6151985865167018 -0.6151985865167025 -0.4930125741760584,
            0.6151985865167018 -0.6151985865167025 -0.4930125741760584,
            -8.382120868648417e-17 -1.6921578347988787e-17 -1.0,
            0.33294307583828997 -0.8037956891870192 -0.49301257417605854,
            0.33294307583828997 -0.8037956891870192 -0.49301257417605854,
            -8.382120868648417e-17 -1.6921578347988787e-17 -1.0,
            -6.337830853015036e-16 -0.8700221846046781 -0.4930125741760585,
            -6.337830853015036e-16 -0.8700221846046781 -0.4930125741760585,
            -8.382120868648417e-17 -1.6921578347988787e-17 -1.0,
            -0.3329430758382923 -0.8037956891870183 -0.49301257417605837,
            -0.3329430758382923 -0.8037956891870183 -0.49301257417605837,
            -8.382120868648417e-17 -1.6921578347988787e-17 -1.0,
            -0.6151985865167036 -0.615198586516701 -0.4930125741760581,
            -0.6151985865167036 -0.615198586516701 -0.4930125741760581,
            -8.382120868648417e-17 -1.6921578347988787e-17 -1.0,
            -0.8037956891870183 -0.33294307583829297 -0.493012574176058,
            -0.8037956891870183 -0.33294307583829297 -0.493012574176058,
            -8.382120868648417e-17 -1.6921578347988787e-17 -1.0,
            -0.870022184604678 0.0 -0.4930125741760586,
            -0.870022184604678 0.0 -0.4930125741760586,
            -8.382120868648417e-17 -1.6921578347988787e-17 -1.0,
            -0.8037956891870179 0.33294307583829347 -0.49301257417605815,
            -0.8037956891870179 0.33294307583829347 -0.49301257417605815,
            -8.382120868648417e-17 -1.6921578347988787e-17 -1.0,
            -0.6151985865167038 0.6151985865167007 -0.49301257417605837,
            -0.6151985865167038 0.6151985865167007 -0.49301257417605837,
            -8.382120868648417e-17 -1.6921578347988787e-17 -1.0,
            -0.33294307583829263 0.8037956891870179 -0.49301257417605876,
            -0.33294307583829263 0.8037956891870179 -0.49301257417605876,
            -8.382120868648417e-17 -1.6921578347988787e-17 -1.0,
            -8.168759766108266e-16 0.8700221846046783 -0.49301257417605815,
            -8.168759766108266e-16 0.8700221846046783 -0.49301257417605815,
            -8.382120868648417e-17 -1.6921578347988787e-17 -1.0,
            0.3329430758382901 0.8037956891870192 -0.4930125741760585,
            0.3329430758382901 0.8037956891870192 -0.4930125741760585,
            -8.382120868648417e-17 -1.6921578347988787e-17 -1.0,
            0.6151985865167019 0.6151985865167028 -0.4930125741760581,
            0.6151985865167019 0.6151985865167028 -0.4930125741760581,
            -8.382120868648417e-17 -1.6921578347988787e-17 -1.0,
            0.8037956891870186 0.3329430758382916 -0.4930125741760584,
            0.8037956891870186 0.3329430758382916 -0.4930125741760584,
            -8.382120868648417e-17 -1.6921578347988787e-17 -1.0 ]
        }
        normalIndex [
          291, 295, 359, 355, -1,
          293, 352, 490, 487, -1,
          290, 354, 414, 350, -1,
          292, 486, 482, 296, -1,
          294, 299, 363, 358, -1,
          297, 483, 543, 301, -1,
          298, 303, 367, 362, -1,
          300, 542, 539, 305, -1,
          302, 307, 371, 366, -1,
          304, 538, 535, 309, -1,
          306, 311, 375, 370, -1,
          308, 534, 531, 313, -1,
          310, 315, 379, 374, -1,
          312, 530, 527, 317, -1,
          314, 319, 383, 378, -1,
          316, 526, 523, 321, -1,
          318, 323, 387, 382, -1,
          320, 522, 519, 325, -1,
          322, 327, 391, 386, -1,
          324, 518, 515, 329, -1,
          326, 331, 395, 390, -1,
          328, 514, 511, 333, -1,
          330, 335, 399, 394, -1,
          332, 510, 507, 337, -1,
          334, 339, 403, 398, -1,
          336, 506, 503, 341, -1,
          338, 343, 407, 402, -1,
          340, 502, 499, 345, -1,
          342, 347, 411, 406, -1,
          344, 498, 495, 349, -1,
          346, 351, 415, 410, -1,
          348, 494, 491, 353, -1,
          356, 360, 422, 418, -1,
          357, 419, 479, 417, -1,
          361, 364, 426, 423, -1,
          365, 368, 430, 427, -1,
          369, 372, 434, 431, -1,
          373, 376, 438, 435, -1,
          377, 380, 442, 439, -1,
          381, 384, 446, 443, -1,
          385, 388, 450, 447, -1,
          389, 392, 454, 451, -1,
          393, 396, 458, 455, -1,
          397, 400, 462, 459, -1,
          401, 404, 466, 463, -1,
          405, 408, 470, 467, -1,
          409, 412, 474, 471, -1,
          413, 416, 478, 475, -1,
          420, 424, 549, 546, -1,
          421, 547, 592, 481, -1,
          425, 428, 552, 550, -1,
          429, 432, 555, 553, -1,
          433, 436, 558, 556, -1,
          437, 440, 561, 559, -1,
          441, 444, 564, 562, -1,
          445, 448, 567, 565, -1,
          449, 452, 570, 568, -1,
          453, 456, 573, 571, -1,
          457, 460, 576, 574, -1,
          461, 464, 579, 577, -1,
          465, 468, 582, 580, -1,
          469, 472, 585, 583, -1,
          473, 476, 588, 586, -1,
          477, 480, 591, 589, -1,
          484, 488, 597, 594, -1,
          485, 595, 640, 545, -1,
          489, 492, 600, 598, -1,
          493, 496, 603, 601, -1,
          497, 500, 606, 604, -1,
          501, 504, 609, 607, -1,
          505, 508, 612, 610, -1,
          509, 512, 615, 613, -1,
          513, 516, 618, 616, -1,
          517, 520, 621, 619, -1,
          521, 524, 624, 622, -1,
          525, 528, 627, 625, -1,
          529, 532, 630, 628, -1,
          533, 536, 633, 631, -1,
          537, 540, 636, 634, -1,
          541, 544, 639, 637, -1,
          548, 551, 554, 557, 560, 563, 566, 569, 572, 575, 578, 581, 584, 587, 590, 593, -1,
          596, 599, 602, 605, 608, 611, 614, 617, 620, 623, 626, 629, 632, 635, 638, 641, -1,
          643, 647, 711, 707, -1,
          645, 705, 128, 113, -1,
          642, 706, 766, 702, -1,
          644, 113, 114, 648, -1,
          646, 651, 715, 710, -1,
          649, 114, 115, 652, -1,
          650, 655, 719, 714, -1,
          653, 115, 116, 656, -1,
          654, 659, 723, 718, -1,
          657, 116, 117, 660, -1,
          658, 663, 727, 722, -1,
          661, 117, 118, 664, -1,
          662, 667, 731, 726, -1,
          665, 118, 119, 668, -1,
          666, 671, 735, 730, -1,
          669, 119, 120, 672, -1,
          670, 675, 739, 734, -1,
          673, 120, 121, 676, -1,
          674, 679, 743, 738, -1,
          677, 121, 122, 680, -1,
          678, 683, 747, 742, -1,
          681, 122, 123, 684, -1,
          682, 687, 751, 746, -1,
          685, 123, 124, 688, -1,
          686, 691, 755, 750, -1,
          689, 124, 125, 692, -1,
          690, 695, 759, 754, -1,
          693, 125, 126, 696, -1,
          694, 699, 763, 758, -1,
          697, 126, 127, 700, -1,
          698, 703, 767, 762, -1,
          701, 127, 128, 704, -1,
          0, 1, 112, -1,
          0, 15, 31, 16, -1,
          0, 16, 17, 1, -1,
          0, 112, 15, -1,
          1, 2, 112, -1,
          1, 17, 18, 2, -1,
          2, 3, 112, -1,
          2, 18, 19, 3, -1,
          3, 4, 112, -1,
          3, 19, 20, 4, -1,
          4, 5, 112, -1,
          4, 20, 21, 5, -1,
          5, 6, 112, -1,
          5, 21, 22, 6, -1,
          6, 7, 112, -1,
          6, 22, 23, 7, -1,
          7, 8, 112, -1,
          7, 23, 24, 8, -1,
          8, 9, 112, -1,
          8, 24, 25, 9, -1,
          9, 10, 112, -1,
          9, 25, 26, 10, -1,
          10, 11, 112, -1,
          10, 26, 27, 11, -1,
          11, 12, 112, -1,
          11, 27, 28, 12, -1,
          12, 13, 112, -1,
          12, 28, 29, 13, -1,
          13, 14, 112, -1,
          13, 29, 30, 14, -1,
          14, 15, 112, -1,
          14, 30, 31, 15, -1,
          16, 31, 47, 32, -1,
          16, 32, 33, 17, -1,
          17, 33, 34, 18, -1,
          18, 34, 35, 19, -1,
          19, 35, 36, 20, -1,
          20, 36, 37, 21, -1,
          21, 37, 38, 22, -1,
          22, 38, 39, 23, -1,
          23, 39, 40, 24, -1,
          24, 40, 41, 25, -1,
          25, 41, 42, 26, -1,
          26, 42, 43, 27, -1,
          27, 43, 44, 28, -1,
          28, 44, 45, 29, -1,
          29, 45, 46, 30, -1,
          30, 46, 47, 31, -1,
          32, 47, 63, 48, -1,
          32, 48, 49, 33, -1,
          33, 49, 50, 34, -1,
          34, 50, 51, 35, -1,
          35, 51, 52, 36, -1,
          36, 52, 53, 37, -1,
          37, 53, 54, 38, -1,
          38, 54, 55, 39, -1,
          39, 55, 56, 40, -1,
          40, 56, 57, 41, -1,
          41, 57, 58, 42, -1,
          42, 58, 59, 43, -1,
          43, 59, 60, 44, -1,
          44, 60, 61, 45, -1,
          45, 61, 62, 46, -1,
          46, 62, 63, 47, -1,
          48, 63, 79, 64, -1,
          48, 64, 65, 49, -1,
          49, 65, 66, 50, -1,
          50, 66, 67, 51, -1,
          51, 67, 68, 52, -1,
          52, 68, 69, 53, -1,
          53, 69, 70, 54, -1,
          54, 70, 71, 55, -1,
          55, 71, 72, 56, -1,
          56, 72, 73, 57, -1,
          57, 73, 74, 58, -1,
          58, 74, 75, 59, -1,
          59, 75, 76, 60, -1,
          60, 76, 77, 61, -1,
          61, 77, 78, 62, -1,
          62, 78, 79, 63, -1,
          64, 79, 95, 80, -1,
          64, 80, 81, 65, -1,
          65, 81, 82, 66, -1,
          66, 82, 83, 67, -1,
          67, 83, 84, 68, -1,
          68, 84, 85, 69, -1,
          69, 85, 86, 70, -1,
          70, 86, 87, 71, -1,
          71, 87, 88, 72, -1,
          72, 88, 89, 73, -1,
          73, 89, 90, 74, -1,
          74, 90, 91, 75, -1,
          75, 91, 92, 76, -1,
          76, 92, 93, 77, -1,
          77, 93, 94, 78, -1,
          78, 94, 95, 79, -1,
          80, 95, 111, 96, -1,
          80, 96, 97, 81, -1,
          81, 97, 98, 82, -1,
          82, 98, 99, 83, -1,
          83, 99, 100, 84, -1,
          84, 100, 101, 85, -1,
          85, 101, 102, 86, -1,
          86, 102, 103, 87, -1,
          87, 103, 104, 88, -1,
          88, 104, 105, 89, -1,
          89, 105, 106, 90, -1,
          90, 106, 107, 91, -1,
          91, 107, 108, 92, -1,
          92, 108, 109, 93, -1,
          93, 109, 110, 94, -1,
          94, 110, 111, 95, -1,
          96, 111, 769, 709, -1,
          96, 708, 712, 97, -1,
          97, 713, 716, 98, -1,
          98, 717, 720, 99, -1,
          99, 721, 724, 100, -1,
          100, 725, 728, 101, -1,
          101, 729, 732, 102, -1,
          102, 733, 736, 103, -1,
          103, 737, 740, 104, -1,
          104, 741, 744, 105, -1,
          105, 745, 748, 106, -1,
          106, 749, 752, 107, -1,
          107, 753, 756, 108, -1,
          108, 757, 760, 109, -1,
          109, 761, 764, 110, -1,
          110, 765, 768, 111, -1,
          113, 128, 144, 129, -1,
          113, 129, 130, 114, -1,
          114, 130, 131, 115, -1,
          115, 131, 132, 116, -1,
          116, 132, 133, 117, -1,
          117, 133, 134, 118, -1,
          118, 134, 135, 119, -1,
          119, 135, 136, 120, -1,
          120, 136, 137, 121, -1,
          121, 137, 138, 122, -1,
          122, 138, 139, 123, -1,
          123, 139, 140, 124, -1,
          124, 140, 141, 125, -1,
          125, 141, 142, 126, -1,
          126, 142, 143, 127, -1,
          127, 143, 144, 128, -1,
          129, 144, 831, 771, -1,
          129, 770, 774, 130, -1,
          130, 775, 778, 131, -1,
          131, 779, 782, 132, -1,
          132, 783, 786, 133, -1,
          133, 787, 790, 134, -1,
          134, 791, 794, 135, -1,
          135, 795, 798, 136, -1,
          136, 799, 802, 137, -1,
          137, 803, 806, 138, -1,
          138, 807, 810, 139, -1,
          139, 811, 814, 140, -1,
          140, 815, 818, 141, -1,
          141, 819, 822, 142, -1,
          142, 823, 826, 143, -1,
          143, 827, 830, 144, -1,
          773, 833, 895, 835, -1,
          772, 834, 838, 776, -1,
          777, 839, 842, 780, -1,
          781, 843, 846, 784, -1,
          785, 847, 850, 788, -1,
          789, 851, 854, 792, -1,
          793, 855, 858, 796, -1,
          797, 859, 862, 800, -1,
          801, 863, 866, 804, -1,
          805, 867, 870, 808, -1,
          809, 871, 874, 812, -1,
          813, 875, 878, 816, -1,
          817, 879, 882, 820, -1,
          821, 883, 886, 824, -1,
          825, 887, 890, 828, -1,
          829, 891, 894, 832, -1,
          837, 897, 944, 899, -1,
          836, 898, 901, 840, -1,
          841, 902, 904, 844, -1,
          845, 905, 907, 848, -1,
          849, 908, 910, 852, -1,
          853, 911, 913, 856, -1,
          857, 914, 916, 860, -1,
          861, 917, 919, 864, -1,
          865, 920, 922, 868, -1,
          869, 923, 925, 872, -1,
          873, 926, 928, 876, -1,
          877, 929, 931, 880, -1,
          881, 932, 934, 884, -1,
          885, 935, 937, 888, -1,
          889, 938, 940, 892, -1,
          893, 941, 943, 896, -1,
          900, 945, 942, 939, 936, 933, 930, 927, 924, 921, 918, 915, 912, 909, 906, 903, -1,
          948, 952, 259, 258, -1,
          946, 1006, 1070, 1010, -1,
          947, 1011, 1015, 951, -1,
          949, 258, 273, 1009, -1,
          953, 956, 260, 259, -1,
          950, 1014, 1019, 955, -1,
          957, 960, 261, 260, -1,
          954, 1018, 1023, 959, -1,
          961, 964, 262, 261, -1,
          958, 1022, 1027, 963, -1,
          965, 968, 263, 262, -1,
          962, 1026, 1031, 967, -1,
          969, 972, 264, 263, -1,
          966, 1030, 1035, 971, -1,
          973, 976, 265, 264, -1,
          970, 1034, 1039, 975, -1,
          977, 980, 266, 265, -1,
          974, 1038, 1043, 979, -1,
          981, 984, 267, 266, -1,
          978, 1042, 1047, 983, -1,
          985, 988, 268, 267, -1,
          982, 1046, 1051, 987, -1,
          989, 992, 269, 268, -1,
          986, 1050, 1055, 991, -1,
          993, 996, 270, 269, -1,
          990, 1054, 1059, 995, -1,
          997, 1000, 271, 270, -1,
          994, 1058, 1063, 999, -1,
          1001, 1004, 272, 271, -1,
          998, 1062, 1067, 1003, -1,
          1005, 1008, 273, 272, -1,
          1002, 1066, 1071, 1007, -1,
          145, 146, 162, 161, -1,
          145, 160, 257, -1,
          145, 161, 176, 160, -1,
          145, 257, 146, -1,
          146, 147, 163, 162, -1,
          146, 257, 147, -1,
          147, 148, 164, 163, -1,
          147, 257, 148, -1,
          148, 149, 165, 164, -1,
          148, 257, 149, -1,
          149, 150, 166, 165, -1,
          149, 257, 150, -1,
          150, 151, 167, 166, -1,
          150, 257, 151, -1,
          151, 152, 168, 167, -1,
          151, 257, 152, -1,
          152, 153, 169, 168, -1,
          152, 257, 153, -1,
          153, 154, 170, 169, -1,
          153, 257, 154, -1,
          154, 155, 171, 170, -1,
          154, 257, 155, -1,
          155, 156, 172, 171, -1,
          155, 257, 156, -1,
          156, 157, 173, 172, -1,
          156, 257, 157, -1,
          157, 158, 174, 173, -1,
          157, 257, 158, -1,
          158, 159, 175, 174, -1,
          158, 257, 159, -1,
          159, 160, 176, 175, -1,
          159, 257, 160, -1,
          161, 162, 178, 177, -1,
          161, 177, 192, 176, -1,
          162, 163, 179, 178, -1,
          163, 164, 180, 179, -1,
          164, 165, 181, 180, -1,
          165, 166, 182, 181, -1,
          166, 167, 183, 182, -1,
          167, 168, 184, 183, -1,
          168, 169, 185, 184, -1,
          169, 170, 186, 185, -1,
          170, 171, 187, 186, -1,
          171, 172, 188, 187, -1,
          172, 173, 189, 188, -1,
          173, 174, 190, 189, -1,
          174, 175, 191, 190, -1,
          175, 176, 192, 191, -1,
          177, 178, 194, 193, -1,
          177, 193, 208, 192, -1,
          178, 179, 195, 194, -1,
          179, 180, 196, 195, -1,
          180, 181, 197, 196, -1,
          181, 182, 198, 197, -1,
          182, 183, 199, 198, -1,
          183, 184, 200, 199, -1,
          184, 185, 201, 200, -1,
          185, 186, 202, 201, -1,
          186, 187, 203, 202, -1,
          187, 188, 204, 203, -1,
          188, 189, 205, 204, -1,
          189, 190, 206, 205, -1,
          190, 191, 207, 206, -1,
          191, 192, 208, 207, -1,
          193, 194, 210, 209, -1,
          193, 209, 224, 208, -1,
          194, 195, 211, 210, -1,
          195, 196, 212, 211, -1,
          196, 197, 213, 212, -1,
          197, 198, 214, 213, -1,
          198, 199, 215, 214, -1,
          199, 200, 216, 215, -1,
          200, 201, 217, 216, -1,
          201, 202, 218, 217, -1,
          202, 203, 219, 218, -1,
          203, 204, 220, 219, -1,
          204, 205, 221, 220, -1,
          205, 206, 222, 221, -1,
          206, 207, 223, 222, -1,
          207, 208, 224, 223, -1,
          209, 210, 226, 225, -1,
          209, 225, 240, 224, -1,
          210, 211, 227, 226, -1,
          211, 212, 228, 227, -1,
          212, 213, 229, 228, -1,
          213, 214, 230, 229, -1,
          214, 215, 231, 230, -1,
          215, 216, 232, 231, -1,
          216, 217, 233, 232, -1,
          217, 218, 234, 233, -1,
          218, 219, 235, 234, -1,
          219, 220, 236, 235, -1,
          220, 221, 237, 236, -1,
          221, 222, 238, 237, -1,
          222, 223, 239, 238, -1,
          223, 224, 240, 239, -1,
          225, 226, 242, 241, -1,
          225, 241, 256, 240, -1,
          226, 227, 243, 242, -1,
          227, 228, 244, 243, -1,
          228, 229, 245, 244, -1,
          229, 230, 246, 245, -1,
          230, 231, 247, 246, -1,
          231, 232, 248, 247, -1,
          232, 233, 249, 248, -1,
          233, 234, 250, 249, -1,
          234, 235, 251, 250, -1,
          235, 236, 252, 251, -1,
          236, 237, 253, 252, -1,
          237, 238, 254, 253, -1,
          238, 239, 255, 254, -1,
          239, 240, 256, 255, -1,
          241, 242, 1016, 1012, -1,
          241, 1013, 1073, 256, -1,
          242, 243, 1020, 1017, -1,
          243, 244, 1024, 1021, -1,
          244, 245, 1028, 1025, -1,
          245, 246, 1032, 1029, -1,
          246, 247, 1036, 1033, -1,
          247, 248, 1040, 1037, -1,
          248, 249, 1044, 1041, -1,
          249, 250, 1048, 1045, -1,
          250, 251, 1052, 1049, -1,
          251, 252, 1056, 1053, -1,
          252, 253, 1060, 1057, -1,
          253, 254, 1064, 1061, -1,
          254, 255, 1068, 1065, -1,
          255, 256, 1072, 1069, -1,
          258, 259, 275, 274, -1,
          258, 274, 289, 273, -1,
          259, 260, 276, 275, -1,
          260, 261, 277, 276, -1,
          261, 262, 278, 277, -1,
          262, 263, 279, 278, -1,
          263, 264, 280, 279, -1,
          264, 265, 281, 280, -1,
          265, 266, 282, 281, -1,
          266, 267, 283, 282, -1,
          267, 268, 284, 283, -1,
          268, 269, 285, 284, -1,
          269, 270, 286, 285, -1,
          270, 271, 287, 286, -1,
          271, 272, 288, 287, -1,
          272, 273, 289, 288, -1,
          274, 275, 1078, 1074, -1,
          274, 1075, 1135, 289, -1,
          275, 276, 1082, 1079, -1,
          276, 277, 1086, 1083, -1,
          277, 278, 1090, 1087, -1,
          278, 279, 1094, 1091, -1,
          279, 280, 1098, 1095, -1,
          280, 281, 1102, 1099, -1,
          281, 282, 1106, 1103, -1,
          282, 283, 1110, 1107, -1,
          283, 284, 1114, 1111, -1,
          284, 285, 1118, 1115, -1,
          285, 286, 1122, 1119, -1,
          286, 287, 1126, 1123, -1,
          287, 288, 1130, 1127, -1,
          288, 289, 1134, 1131, -1,
          1076, 1080, 1142, 1138, -1,
          1077, 1139, 1199, 1137, -1,
          1081, 1084, 1146, 1143, -1,
          1085, 1088, 1150, 1147, -1,
          1089, 1092, 1154, 1151, -1,
          1093, 1096, 1158, 1155, -1,
          1097, 1100, 1162, 1159, -1,
          1101, 1104, 1166, 1163, -1,
          1105, 1108, 1170, 1167, -1,
          1109, 1112, 1174, 1171, -1,
          1113, 1116, 1178, 1175, -1,
          1117, 1120, 1182, 1179, -1,
          1121, 1124, 1186, 1183, -1,
          1125, 1128, 1190, 1187, -1,
          1129, 1132, 1194, 1191, -1,
          1133, 1136, 1198, 1195, -1,
          1140, 1144, 1205, 1202, -1,
          1141, 1203, 1248, 1201, -1,
          1145, 1148, 1208, 1206, -1,
          1149, 1152, 1211, 1209, -1,
          1153, 1156, 1214, 1212, -1,
          1157, 1160, 1217, 1215, -1,
          1161, 1164, 1220, 1218, -1,
          1165, 1168, 1223, 1221, -1,
          1169, 1172, 1226, 1224, -1,
          1173, 1176, 1229, 1227, -1,
          1177, 1180, 1232, 1230, -1,
          1181, 1184, 1235, 1233, -1,
          1185, 1188, 1238, 1236, -1,
          1189, 1192, 1241, 1239, -1,
          1193, 1196, 1244, 1242, -1,
          1197, 1200, 1247, 1245, -1,
          1204, 1207, 1210, 1213, 1216, 1219, 1222, 1225, 1228, 1231, 1234, 1237, 1240, 1243, 1246, 1249, -1 ]
      }
    }

  ]
}

