ISO-10303-21;
HEADER;
FILE_DESCRIPTION (( 'STEP AP214' ),
    '1' );
FILE_NAME ('1051.STEP',
    '2023-03-01T10:58:13',
    ( '' ),
    ( '' ),
    'SwSTEP 2.0',
    'SolidWorks 2017',
    '' );
FILE_SCHEMA (( 'AUTOMOTIVE_DESIGN' ));
ENDSEC;

DATA;
#1 = ORIENTED_EDGE ( 'NONE', *, *, #3353, .F. ) ;
#2 = CARTESIAN_POINT ( 'NONE',  ( -0.7510000000000000000, 0.5803149606299211600, 0.1250000000000000600 ) ) ;
#3 = FACE_OUTER_BOUND ( 'NONE', #3888, .T. ) ;
#4 = CARTESIAN_POINT ( 'NONE',  ( 0.6621639758220246900, 0.2898128749243840100, -0.3198487326022256300 ) ) ;
#5 = ORIENTED_EDGE ( 'NONE', *, *, #3546, .F. ) ;
#6 = EDGE_CURVE ( 'NONE', #734, #3408, #1571, .T. ) ;
#7 = CARTESIAN_POINT ( 'NONE',  ( -0.7510000000000000000, 0.2515788080029210900, 0.1250000000000000600 ) ) ;
#8 = ADVANCED_FACE ( 'NONE', ( #4171 ), #1412, .F. ) ;
#9 = EDGE_CURVE ( 'NONE', #3640, #4221, #3501, .T. ) ;
#10 = CARTESIAN_POINT ( 'NONE',  ( 0.7510000000000000000, 0.2515788080029211500, 0.09948246940511164300 ) ) ;
#11 = ORIENTED_EDGE ( 'NONE', *, *, #3796, .T. ) ;
#12 = DIRECTION ( 'NONE',  ( -1.000000000000000000, 0.0000000000000000000, -0.0000000000000000000 ) ) ;
#13 = AXIS2_PLACEMENT_3D ( 'NONE', #703, #671, #1686 ) ;
#14 = VERTEX_POINT ( 'NONE', #3120 ) ;
#15 = CARTESIAN_POINT ( 'NONE',  ( 0.7389999999999999900, 0.2515788080029211500, -0.09048522344134479800 ) ) ;
#16 = EDGE_LOOP ( 'NONE', ( #959, #4085, #756, #1192 ) ) ;
#17 = ORIENTED_EDGE ( 'NONE', *, *, #1070, .T. ) ;
#18 = PLANE ( 'NONE',  #4144 ) ;
#19 = ORIENTED_EDGE ( 'NONE', *, *, #1745, .F. ) ;
#20 = CARTESIAN_POINT ( 'NONE',  ( 0.1085708163636324000, 0.0000000000000000000, -0.3206299212598426300 ) ) ;
#21 = FACE_OUTER_BOUND ( 'NONE', #775, .T. ) ;
#22 = CARTESIAN_POINT ( 'NONE',  ( 0.6072933452020572400, 0.3985966023912279600, 0.1250000000000000600 ) ) ;
#23 = ORIENTED_EDGE ( 'NONE', *, *, #3840, .T. ) ;
#24 = VECTOR ( 'NONE', #2684, 39.37007874015748100 ) ;
#25 = VECTOR ( 'NONE', #2324, 39.37007874015748100 ) ;
#26 = EDGE_CURVE ( 'NONE', #3909, #355, #1675, .T. ) ;
#27 = DIRECTION ( 'NONE',  ( 0.0000000000000000000, 0.0000000000000000000, -1.000000000000000000 ) ) ;
#28 = ADVANCED_FACE ( 'NONE', ( #2196 ), #3113, .F. ) ;
#29 = ORIENTED_EDGE ( 'NONE', *, *, #2041, .F. ) ;
#30 = VECTOR ( 'NONE', #2243, 39.37007874015748100 ) ;
#31 = DIRECTION ( 'NONE',  ( 0.0000000000000000000, -0.9510565162951555300, 0.3090169943749416200 ) ) ;
#32 = AXIS2_PLACEMENT_3D ( 'NONE', #1022, #1303, #2993 ) ;
#33 = EDGE_CURVE ( 'NONE', #1454, #2337, #3091, .T. ) ;
#34 = EDGE_CURVE ( 'NONE', #253, #2081, #1616, .T. ) ;
#35 = DIRECTION ( 'NONE',  ( 0.0000000000000000000, 0.0000000000000000000, -1.000000000000000000 ) ) ;
#36 = EDGE_LOOP ( 'NONE', ( #3431, #2334, #1704, #3411 ) ) ;
#37 = VECTOR ( 'NONE', #2377, 39.37007874015748100 ) ;
#38 = FACE_OUTER_BOUND ( 'NONE', #1455, .T. ) ;
#39 = VERTEX_POINT ( 'NONE', #1452 ) ;
#40 = CIRCLE ( 'NONE', #1270, 0.01574803149606299200 ) ;
#41 = ORIENTED_EDGE ( 'NONE', *, *, #1090, .F. ) ;
#42 = LINE ( 'NONE', #3844, #2714 ) ;
#43 = CARTESIAN_POINT ( 'NONE',  ( 0.6825000000000000000, 0.5999999999999999800, -0.1249999999999999300 ) ) ;
#44 = EDGE_CURVE ( 'NONE', #359, #2001, #2610, .T. ) ;
#45 = ORIENTED_EDGE ( 'NONE', *, *, #4264, .F. ) ;
#46 = CARTESIAN_POINT ( 'NONE',  ( 0.7510000000000000000, 0.2515788080029210900, 0.1250000000000000600 ) ) ;
#47 = PRESENTATION_LAYER_ASSIGNMENT (  '', '', ( #1805 ) ) ;
#48 = DIRECTION ( 'NONE',  ( -0.0000000000000000000, -0.0000000000000000000, -1.000000000000000000 ) ) ;
#49 = CARTESIAN_POINT ( 'NONE',  ( -0.7510000000000000000, 0.1999999999999999800, 0.1250000000000000300 ) ) ;
#50 = VERTEX_POINT ( 'NONE', #1424 ) ;
#51 = FACE_OUTER_BOUND ( 'NONE', #2308, .T. ) ;
#52 = ADVANCED_FACE ( 'NONE', ( #490 ), #1740, .F. ) ;
#53 = ORIENTED_EDGE ( 'NONE', *, *, #2421, .T. ) ;
#54 = CARTESIAN_POINT ( 'NONE',  ( -0.7510000000000000000, 0.2787401574803147200, 0.09948246940511164300 ) ) ;
#55 = CARTESIAN_POINT ( 'NONE',  ( 0.7265285573078407200, 0.5558435179377619900, -0.1249999999999999900 ) ) ;
#56 = ORIENTED_EDGE ( 'NONE', *, *, #3059, .F. ) ;
#57 = CARTESIAN_POINT ( 'NONE',  ( -0.7399327290047749100, 0.3841299163440908800, 0.0000000000000000000 ) ) ;
#58 = AXIS2_PLACEMENT_3D ( 'NONE', #441, #3409, #478 ) ;
#59 = CARTESIAN_POINT ( 'NONE',  ( 0.1085708163636324000, 0.0000000000000000000, 0.3600000000000001000 ) ) ;
#60 = DIRECTION ( 'NONE',  ( 0.0000000000000000000, -0.0000000000000000000, -1.000000000000000000 ) ) ;
#61 = AXIS2_PLACEMENT_3D ( 'NONE', #2179, #1540, #3525 ) ;
#62 = DIRECTION ( 'NONE',  ( -0.0000000000000000000, -0.0000000000000000000, -1.000000000000000000 ) ) ;
#63 = ORIENTED_EDGE ( 'NONE', *, *, #3779, .F. ) ;
#64 = ORIENTED_EDGE ( 'NONE', *, *, #2103, .T. ) ;
#65 = ORIENTED_EDGE ( 'NONE', *, *, #357, .F. ) ;
#66 = EDGE_CURVE ( 'NONE', #998, #1285, #171, .T. ) ;
#67 = DIRECTION ( 'NONE',  ( 0.0000000000000000000, 0.0000000000000000000, -1.000000000000000000 ) ) ;
#68 = ORIENTED_EDGE ( 'NONE', *, *, #2069, .T. ) ;
#69 = STYLED_ITEM ( 'NONE', ( #3924 ), #3376 ) ;
#70 = ADVANCED_FACE ( 'NONE', ( #3609 ), #465, .F. ) ;
#71 = CARTESIAN_POINT ( 'NONE',  ( -0.7389999999999999900, 0.5803149606299211600, 0.1250000000000000600 ) ) ;
#72 = ORIENTED_EDGE ( 'NONE', *, *, #1906, .F. ) ;
#73 = FACE_OUTER_BOUND ( 'NONE', #1641, .T. ) ;
#74 = CARTESIAN_POINT ( 'NONE',  ( -0.6224999999999999400, 0.3349999999999999100, 0.3600000000000001000 ) ) ;
#75 = DIRECTION ( 'NONE',  ( -1.000000000000000000, -0.0000000000000000000, -0.0000000000000000000 ) ) ;
#76 = ORIENTED_EDGE ( 'NONE', *, *, #832, .F. ) ;
#77 = CIRCLE ( 'NONE', #3313, 0.01899999999999998900 ) ;
#78 = CIRCLE ( 'NONE', #4132, 0.01247144269215793100 ) ;
#79 = EDGE_LOOP ( 'NONE', ( #2589, #1111, #1709, #1103 ) ) ;
#80 = EDGE_CURVE ( 'NONE', #3483, #2600, #1304, .T. ) ;
#81 = DIRECTION ( 'NONE',  ( 0.01745240643727697500, -0.9998476951563912700, 0.0000000000000000000 ) ) ;
#82 = ORIENTED_EDGE ( 'NONE', *, *, #3810, .T. ) ;
#83 = LINE ( 'NONE', #1913, #3294 ) ;
#84 = AXIS2_PLACEMENT_3D ( 'NONE', #311, #2949, #591 ) ;
#85 = VECTOR ( 'NONE', #4267, 39.37007874015748100 ) ;
#86 = EDGE_CURVE ( 'NONE', #1036, #2132, #2139, .T. ) ;
#87 = VECTOR ( 'NONE', #1667, 39.37007874015748100 ) ;
#88 = LINE ( 'NONE', #1925, #454 ) ;
#89 = DIRECTION ( 'NONE',  ( 0.0000000000000000000, 0.0000000000000000000, 1.000000000000000000 ) ) ;
#90 = LINE ( 'NONE', #4178, #1531 ) ;
#91 = DIRECTION ( 'NONE',  ( -0.8705807614487528500, 0.4920255458767459100, 0.0000000000000000000 ) ) ;
#92 = VECTOR ( 'NONE', #287, 39.37007874015748100 ) ;
#93 = EDGE_LOOP ( 'NONE', ( #695, #1258, #4040, #332, #3741, #2281, #2374, #2975, #178, #2464, #3639, #4239, #2295, #3445, #2663, #2331, #1087 ) ) ;
#94 = ADVANCED_FACE ( 'NONE', ( #2507 ), #4088, .T. ) ;
#95 = SPHERICAL_SURFACE ( 'NONE', #2072, 0.02500000000000000100 ) ;
#96 = DIRECTION ( 'NONE',  ( 0.8705807614487528500, -0.4920255458767459100, 0.0000000000000000000 ) ) ;
#97 = DIRECTION ( 'NONE',  ( 1.000000000000000000, -0.0000000000000000000, -0.0000000000000000000 ) ) ;
#98 = DIRECTION ( 'NONE',  ( -5.028925377838796700E-015, -1.000000000000000000, 0.0000000000000000000 ) ) ;
#99 = ORIENTED_EDGE ( 'NONE', *, *, #973, .F. ) ;
#100 = DIRECTION ( 'NONE',  ( 0.0000000000000000000, -1.224955720424438600E-016, 1.000000000000000000 ) ) ;
#101 = CARTESIAN_POINT ( 'NONE',  ( 0.7510000000000000000, 0.2515788080029211500, 0.09048522344134479800 ) ) ;
#102 = VERTEX_POINT ( 'NONE', #2396 ) ;
#103 = DIRECTION ( 'NONE',  ( 0.0000000000000000000, 0.0000000000000000000, 1.000000000000000000 ) ) ;
#104 = ORIENTED_EDGE ( 'NONE', *, *, #3401, .T. ) ;
#105 = DIRECTION ( 'NONE',  ( 0.0000000000000000000, -1.000000000000000000, -0.0000000000000000000 ) ) ;
#106 = EDGE_CURVE ( 'NONE', #159, #3912, #78, .T. ) ;
#107 = ORIENTED_EDGE ( 'NONE', *, *, #3465, .T. ) ;
#108 = EDGE_LOOP ( 'NONE', ( #1499, #167, #3541, #3037 ) ) ;
#109 =( NAMED_UNIT ( * ) PLANE_ANGLE_UNIT ( ) SI_UNIT ( $, .RADIAN. ) );
#110 = AXIS2_PLACEMENT_3D ( 'NONE', #818, #1459, #1795 ) ;
#111 = EDGE_LOOP ( 'NONE', ( #2994, #3068, #2489, #604, #1549 ) ) ;
#112 = ORIENTED_EDGE ( 'NONE', *, *, #2611, .F. ) ;
#113 = DIRECTION ( 'NONE',  ( 0.0000000000000000000, 0.0000000000000000000, 1.000000000000000000 ) ) ;
#114 = CARTESIAN_POINT ( 'NONE',  ( -0.6825000000000000000, 0.3500000000000000300, -0.3600000000000003800 ) ) ;
#115 = VERTEX_POINT ( 'NONE', #1089 ) ;
#116 = CARTESIAN_POINT ( 'NONE',  ( 0.7104899079217181800, 0.5803149606299212700, 0.1250000000000000600 ) ) ;
#117 = CIRCLE ( 'NONE', #853, 0.01899999999999998900 ) ;
#118 = SURFACE_STYLE_FILL_AREA ( #1480 ) ;
#119 = CARTESIAN_POINT ( 'NONE',  ( 0.6383826951618816200, 0.2766164923377561500, 0.3163142160660019600 ) ) ;
#120 = ORIENTED_EDGE ( 'NONE', *, *, #1935, .T. ) ;
#121 = VECTOR ( 'NONE', #288, 39.37007874015748100 ) ;
#122 = DIRECTION ( 'NONE',  ( -0.0000000000000000000, -1.000000000000000000, -0.0000000000000000000 ) ) ;
#123 = LINE ( 'NONE', #2620, #1768 ) ;
#124 = EDGE_CURVE ( 'NONE', #1950, #1749, #1261, .T. ) ;
#125 = ORIENTED_EDGE ( 'NONE', *, *, #3239, .F. ) ;
#126 = VECTOR ( 'NONE', #472, 39.37007874015748100 ) ;
#127 = PLANE ( 'NONE',  #3985 ) ;
#128 = VERTEX_POINT ( 'NONE', #3737 ) ;
#129 = VECTOR ( 'NONE', #1105, 39.37007874015748100 ) ;
#130 = DIRECTION ( 'NONE',  ( 0.0000000000000000000, 0.0000000000000000000, -1.000000000000000000 ) ) ;
#131 = AXIS2_PLACEMENT_3D ( 'NONE', #3424, #3783, #2123 ) ;
#132 = LINE ( 'NONE', #3938, #349 ) ;
#133 = ORIENTED_EDGE ( 'NONE', *, *, #4172, .F. ) ;
#134 = LINE ( 'NONE', #3240, #4294 ) ;
#135 = DIRECTION ( 'NONE',  ( -0.0000000000000000000, -0.0000000000000000000, -1.000000000000000000 ) ) ;
#136 = ORIENTED_EDGE ( 'NONE', *, *, #3588, .F. ) ;
#137 = VECTOR ( 'NONE', #556, 39.37007874015748100 ) ;
#138 = CARTESIAN_POINT ( 'NONE',  ( -0.7510000000000000000, 0.5803149606299211600, 0.09948246940511164300 ) ) ;
#139 = AXIS2_PLACEMENT_3D ( 'NONE', #947, #2251, #2289 ) ;
#140 = ADVANCED_FACE ( 'NONE', ( #4066 ), #3079, .F. ) ;
#141 = EDGE_CURVE ( 'NONE', #4296, #2451, #643, .T. ) ;
#142 = CARTESIAN_POINT ( 'NONE',  ( -0.7389999999999999900, -0.1209999999999998400, 0.01899999999999997900 ) ) ;
#143 = VECTOR ( 'NONE', #1144, 39.37007874015748100 ) ;
#144 = ORIENTED_EDGE ( 'NONE', *, *, #1898, .T. ) ;
#145 = AXIS2_PLACEMENT_3D ( 'NONE', #1809, #4138, #2471 ) ;
#146 = LINE ( 'NONE', #2976, #1124 ) ;
#147 = VERTEX_POINT ( 'NONE', #1468 ) ;
#148 = ORIENTED_EDGE ( 'NONE', *, *, #26, .T. ) ;
#149 = DIRECTION ( 'NONE',  ( 0.0000000000000000000, -1.000000000000000000, 0.0000000000000000000 ) ) ;
#150 = ORIENTED_EDGE ( 'NONE', *, *, #568, .T. ) ;
#151 = DIRECTION ( 'NONE',  ( -5.485638541494506100E-017, -1.000000000000000000, 0.0000000000000000000 ) ) ;
#152 = CARTESIAN_POINT ( 'NONE',  ( -0.6825000000000000000, 0.2787401574803149400, 0.1249999999999999900 ) ) ;
#153 = EDGE_CURVE ( 'NONE', #871, #1358, #2813, .T. ) ;
#154 = CARTESIAN_POINT ( 'NONE',  ( 0.7389999999999999900, 0.5803149606299211600, 0.1250000000000000600 ) ) ;
#155 = AXIS2_PLACEMENT_3D ( 'NONE', #868, #548, #2214 ) ;
#156 = ORIENTED_EDGE ( 'NONE', *, *, #3160, .T. ) ;
#157 = ORIENTED_EDGE ( 'NONE', *, *, #3027, .F. ) ;
#158 = DIRECTION ( 'NONE',  ( 0.0000000000000000000, 0.0000000000000000000, 1.000000000000000000 ) ) ;
#159 = VERTEX_POINT ( 'NONE', #2850 ) ;
#160 = ORIENTED_EDGE ( 'NONE', *, *, #4227, .F. ) ;
#161 = DIRECTION ( 'NONE',  ( 1.000000000000000000, 0.0000000000000000000, -0.0000000000000000000 ) ) ;
#162 = PLANE ( 'NONE',  #1391 ) ;
#163 = CARTESIAN_POINT ( 'NONE',  ( 1.031000000000000800, 0.2515788080029212100, -0.09948246940511164300 ) ) ;
#164 = ORIENTED_EDGE ( 'NONE', *, *, #3894, .F. ) ;
#165 = EDGE_CURVE ( 'NONE', #4059, #543, #799, .T. ) ;
#166 = CARTESIAN_POINT ( 'NONE',  ( -0.8352129783247008700, 0.5606980962574910100, -0.2915400385671661500 ) ) ;
#167 = ORIENTED_EDGE ( 'NONE', *, *, #3624, .F. ) ;
#168 = VECTOR ( 'NONE', #780, 39.37007874015748900 ) ;
#169 = VECTOR ( 'NONE', #2669, 39.37007874015748100 ) ;
#170 = CARTESIAN_POINT ( 'NONE',  ( 0.8449999999999997500, 0.03937007874015744500, -0.09048522344134479800 ) ) ;
#171 = LINE ( 'NONE', #2442, #3867 ) ;
#172 = CARTESIAN_POINT ( 'NONE',  ( -1.031000000000000800, 0.2787401574803148300, -0.09948246940511164300 ) ) ;
#173 = EDGE_LOOP ( 'NONE', ( #2727, #1193, #4211, #2387, #3482, #4106, #3142, #3167, #3982, #3772, #438, #414, #242, #1245, #4155, #1474, #807 ) ) ;
#174 = FACE_OUTER_BOUND ( 'NONE', #1739, .T. ) ;
#175 = ADVANCED_FACE ( 'NONE', ( #1464 ), #834, .F. ) ;
#176 = CARTESIAN_POINT ( 'NONE',  ( 0.6825000000000000000, 0.1349999999999998100, -0.1249999999999999900 ) ) ;
#177 = EDGE_CURVE ( 'NONE', #931, #2278, #3923, .T. ) ;
#178 = ORIENTED_EDGE ( 'NONE', *, *, #3454, .T. ) ;
#179 = VECTOR ( 'NONE', #135, 39.37007874015748100 ) ;
#180 = DIRECTION ( 'NONE',  ( -0.0000000000000000000, -0.0000000000000000000, -1.000000000000000000 ) ) ;
#181 = EDGE_LOOP ( 'NONE', ( #2393, #2558, #2549, #213 ) ) ;
#182 = LINE ( 'NONE', #283, #3151 ) ;
#183 = CARTESIAN_POINT ( 'NONE',  ( -0.7450000000000001100, 0.0000000000000000000, -0.3439999999999999200 ) ) ;
#184 = CARTESIAN_POINT ( 'NONE',  ( 0.7389999999999999900, 0.2515788080029211500, -0.09048522344134479800 ) ) ;
#185 = LINE ( 'NONE', #2898, #3619 ) ;
#186 = CARTESIAN_POINT ( 'NONE',  ( -0.8449999999999997500, 0.03937007874015744500, 0.09048522344134479800 ) ) ;
#187 = AXIS2_PLACEMENT_3D ( 'NONE', #3317, #1638, #3615 ) ;
#188 = LINE ( 'NONE', #1498, #1838 ) ;
#189 = VECTOR ( 'NONE', #2359, 39.37007874015748100 ) ;
#190 = ORIENTED_EDGE ( 'NONE', *, *, #4162, .T. ) ;
#191 = CARTESIAN_POINT ( 'NONE',  ( 0.8449999999999997500, -1.404950396741621800E-016, -0.3600000000000003800 ) ) ;
#192 = CARTESIAN_POINT ( 'NONE',  ( -0.7528048203820791900, 0.3841299163440908800, 0.0000000000000000000 ) ) ;
#193 = VERTEX_POINT ( 'NONE', #3515 ) ;
#194 = LINE ( 'NONE', #3152, #3522 ) ;
#195 = EDGE_LOOP ( 'NONE', ( #1423, #2461, #698, #427 ) ) ;
#196 = DIRECTION ( 'NONE',  ( -1.000000000000000000, 0.0000000000000000000, 0.0000000000000000000 ) ) ;
#197 = CARTESIAN_POINT ( 'NONE',  ( 0.0000000000000000000, 0.5999999999999999800, 0.2787700759417753300 ) ) ;
#198 = CARTESIAN_POINT ( 'NONE',  ( -0.6825000000000000000, 0.1149999999999998400, 0.1250000000000000000 ) ) ;
#199 = ORIENTED_EDGE ( 'NONE', *, *, #3160, .F. ) ;
#200 = EDGE_CURVE ( 'NONE', #2044, #3711, #2212, .T. ) ;
#201 = CARTESIAN_POINT ( 'NONE',  ( 0.7104899079217179600, 0.5683149606299212600, -0.1249999999999999900 ) ) ;
#202 = VERTEX_POINT ( 'NONE', #1512 ) ;
#203 = CARTESIAN_POINT ( 'NONE',  ( -0.7389999999999999900, 0.03937007874015763900, 0.01899999999999999600 ) ) ;
#204 = ADVANCED_FACE ( 'NONE', ( #2937 ), #1846, .T. ) ;
#205 = DIRECTION ( 'NONE',  ( 0.0000000000000000000, 0.0000000000000000000, -1.000000000000000000 ) ) ;
#206 = EDGE_LOOP ( 'NONE', ( #1188, #2821, #2897, #905, #1976, #1055 ) ) ;
#207 = ORIENTED_EDGE ( 'NONE', *, *, #3781, .F. ) ;
#208 = DIRECTION ( 'NONE',  ( 1.000000000000000000, 0.0000000000000000000, -3.738843057022260000E-015 ) ) ;
#209 = DIRECTION ( 'NONE',  ( 0.0000000000000000000, 1.000000000000000000, 0.0000000000000000000 ) ) ;
#210 = EDGE_LOOP ( 'NONE', ( #1007, #1632, #1049, #2192 ) ) ;
#211 = CARTESIAN_POINT ( 'NONE',  ( -0.7952190705184454300, 0.5999999999999999800, -0.07500000000000002500 ) ) ;
#212 = EDGE_CURVE ( 'NONE', #744, #3293, #4017, .T. ) ;
#213 = ORIENTED_EDGE ( 'NONE', *, *, #666, .T. ) ;
#214 = APPLICATION_PROTOCOL_DEFINITION ( 'draft international standard', 'automotive_design', 1998, #1173 ) ;
#215 = DIRECTION ( 'NONE',  ( 1.000000000000000000, 0.0000000000000000000, -0.0000000000000000000 ) ) ;
#216 = ORIENTED_EDGE ( 'NONE', *, *, #3416, .F. ) ;
#217 = ORIENTED_EDGE ( 'NONE', *, *, #212, .T. ) ;
#218 = CARTESIAN_POINT ( 'NONE',  ( -0.7389999999999999900, 0.1999999999999999800, 0.1053149606299212400 ) ) ;
#219 = ORIENTED_EDGE ( 'NONE', *, *, #2734, .T. ) ;
#220 = EDGE_CURVE ( 'NONE', #3610, #4003, #2088, .T. ) ;
#221 = VECTOR ( 'NONE', #823, 39.37007874015748100 ) ;
#222 = DIRECTION ( 'NONE',  ( 0.0000000000000000000, 0.0000000000000000000, 1.000000000000000000 ) ) ;
#223 = VECTOR ( 'NONE', #3748, 39.37007874015748100 ) ;
#224 = EDGE_CURVE ( 'NONE', #1834, #1224, #230, .T. ) ;
#225 = ORIENTED_EDGE ( 'NONE', *, *, #3686, .T. ) ;
#226 = VECTOR ( 'NONE', #3658, 39.37007874015748100 ) ;
#227 = VECTOR ( 'NONE', #2339, 39.37007874015748100 ) ;
#228 = CARTESIAN_POINT ( 'NONE',  ( -0.7510000000000000000, 0.2515788080029211500, 0.09948246940511164300 ) ) ;
#229 = AXIS2_PLACEMENT_3D ( 'NONE', #2719, #1477, #3118 ) ;
#230 = LINE ( 'NONE', #510, #342 ) ;
#231 = DIRECTION ( 'NONE',  ( 0.0000000000000000000, -1.000000000000000000, -8.537024980200824800E-016 ) ) ;
#232 = DIRECTION ( 'NONE',  ( 0.0000000000000000000, 0.0000000000000000000, 1.000000000000000000 ) ) ;
#233 = ORIENTED_EDGE ( 'NONE', *, *, #2273, .T. ) ;
#234 = DIRECTION ( 'NONE',  ( -1.000000000000000000, 0.0000000000000000000, 0.0000000000000000000 ) ) ;
#235 = CARTESIAN_POINT ( 'NONE',  ( -0.7510000000000000000, 8.308786758271078200E-020, -0.07499999999999999700 ) ) ;
#236 = ORIENTED_EDGE ( 'NONE', *, *, #2728, .T. ) ;
#237 = FACE_OUTER_BOUND ( 'NONE', #4215, .T. ) ;
#238 = LINE ( 'NONE', #1570, #4241 ) ;
#239 = CARTESIAN_POINT ( 'NONE',  ( -0.8449999999999997500, 0.0000000000000000000, -0.07500000000000002500 ) ) ;
#240 = CARTESIAN_POINT ( 'NONE',  ( 0.0000000000000000000, 0.3500000000000000300, -0.3600000000000003800 ) ) ;
#241 = EDGE_CURVE ( 'NONE', #102, #3742, #3755, .T. ) ;
#242 = ORIENTED_EDGE ( 'NONE', *, *, #2336, .T. ) ;
#243 = VECTOR ( 'NONE', #3485, 39.37007874015748100 ) ;
#244 = EDGE_LOOP ( 'NONE', ( #2155, #2853, #3194, #2967 ) ) ;
#245 = VECTOR ( 'NONE', #3818, 39.37007874015748100 ) ;
#246 = DIRECTION ( 'NONE',  ( 0.0000000000000000000, 0.0000000000000000000, 1.000000000000000000 ) ) ;
#247 = FACE_OUTER_BOUND ( 'NONE', #16, .T. ) ;
#248 = CARTESIAN_POINT ( 'NONE',  ( 0.7510000000000000000, 0.2515788080029211500, -0.09948246940511164300 ) ) ;
#249 = DIRECTION ( 'NONE',  ( 1.000000000000000000, 2.525070561829413700E-016, 0.0000000000000000000 ) ) ;
#250 = EDGE_CURVE ( 'NONE', #2365, #1810, #1101, .T. ) ;
#251 = ORIENTED_EDGE ( 'NONE', *, *, #3913, .T. ) ;
#252 = CARTESIAN_POINT ( 'NONE',  ( -1.031000000000000800, 0.2787401574803148300, 0.09948246940511164300 ) ) ;
#253 = VERTEX_POINT ( 'NONE', #2135 ) ;
#254 = ADVANCED_FACE ( 'NONE', ( #3042 ), #4176, .T. ) ;
#255 = EDGE_CURVE ( 'NONE', #1532, #159, #1265, .T. ) ;
#256 = EDGE_CURVE ( 'NONE', #3558, #3371, #2042, .T. ) ;
#257 = PLANE ( 'NONE',  #3975 ) ;
#258 = FACE_OUTER_BOUND ( 'NONE', #1077, .T. ) ;
#259 = VECTOR ( 'NONE', #1279, 39.37007874015748100 ) ;
#260 = CARTESIAN_POINT ( 'NONE',  ( -0.6304730328643344300, 0.2749999999999998600, 0.3157878402833893000 ) ) ;
#261 = ORIENTED_EDGE ( 'NONE', *, *, #1019, .T. ) ;
#262 = DIRECTION ( 'NONE',  ( -1.000000000000000000, 2.525070561829413700E-016, 0.0000000000000000000 ) ) ;
#263 = CARTESIAN_POINT ( 'NONE',  ( 1.368721538571910700, 0.2749999999999998600, -0.3157878402833891900 ) ) ;
#264 = VERTEX_POINT ( 'NONE', #2271 ) ;
#265 = DIRECTION ( 'NONE',  ( 1.000000000000000000, -2.190482738121432400E-014, 0.0000000000000000000 ) ) ;
#266 = DIRECTION ( 'NONE',  ( -0.0000000000000000000, -0.0000000000000000000, -1.000000000000000000 ) ) ;
#267 = CARTESIAN_POINT ( 'NONE',  ( 0.7510000000000000000, 0.5999999999999999800, 0.1250000000000000600 ) ) ;
#268 = ORIENTED_EDGE ( 'NONE', *, *, #569, .T. ) ;
#269 = ORIENTED_EDGE ( 'NONE', *, *, #241, .F. ) ;
#270 = DIRECTION ( 'NONE',  ( -0.0000000000000000000, -0.0000000000000000000, -1.000000000000000000 ) ) ;
#271 = CARTESIAN_POINT ( 'NONE',  ( 0.0000000000000000000, 0.5999999999999999800, 0.2787700759417753300 ) ) ;
#272 = EDGE_CURVE ( 'NONE', #3484, #3625, #3815, .T. ) ;
#273 = ADVANCED_FACE ( 'NONE', ( #696 ), #1227, .T. ) ;
#274 = ORIENTED_EDGE ( 'NONE', *, *, #1465, .T. ) ;
#275 = CARTESIAN_POINT ( 'NONE',  ( -0.7510000000000000000, 0.5803149606299211600, -0.1249999999999999300 ) ) ;
#276 = DIRECTION ( 'NONE',  ( -1.000000000000000000, 0.0000000000000000000, 0.0000000000000000000 ) ) ;
#277 = ORIENTED_EDGE ( 'NONE', *, *, #3913, .F. ) ;
#278 = PLANE ( 'NONE',  #737 ) ;
#279 = EDGE_CURVE ( 'NONE', #2889, #3610, #4121, .T. ) ;
#280 = ORIENTED_EDGE ( 'NONE', *, *, #3801, .F. ) ;
#281 = ORIENTED_EDGE ( 'NONE', *, *, #3480, .F. ) ;
#282 = DIRECTION ( 'NONE',  ( 0.0000000000000000000, 0.0000000000000000000, 1.000000000000000000 ) ) ;
#283 = CARTESIAN_POINT ( 'NONE',  ( -0.7510000000000000000, 0.5999999999999999800, -0.07499999999999999700 ) ) ;
#284 = ORIENTED_EDGE ( 'NONE', *, *, #1453, .T. ) ;
#285 = FACE_OUTER_BOUND ( 'NONE', #4230, .T. ) ;
#286 = AXIS2_PLACEMENT_3D ( 'NONE', #1552, #1889, #2816 ) ;
#287 = DIRECTION ( 'NONE',  ( -1.000000000000000000, 0.0000000000000000000, -3.738843057022260000E-015 ) ) ;
#288 = DIRECTION ( 'NONE',  ( 1.000000000000000000, 0.0000000000000000000, 3.738843057022260000E-015 ) ) ;
#289 = EDGE_LOOP ( 'NONE', ( #3388, #1756, #4288, #913, #3688, #216 ) ) ;
#290 = VECTOR ( 'NONE', #1490, 39.37007874015748100 ) ;
#291 = DIRECTION ( 'NONE',  ( 0.0000000000000000000, 0.0000000000000000000, 1.000000000000000000 ) ) ;
#292 = ORIENTED_EDGE ( 'NONE', *, *, #1398, .T. ) ;
#293 = ORIENTED_EDGE ( 'NONE', *, *, #3410, .T. ) ;
#294 = VECTOR ( 'NONE', #2901, 39.37007874015748100 ) ;
#295 =( NAMED_UNIT ( * ) PLANE_ANGLE_UNIT ( ) SI_UNIT ( $, .RADIAN. ) );
#296 = DIRECTION ( 'NONE',  ( 1.000000000000000000, -0.0000000000000000000, 0.0000000000000000000 ) ) ;
#297 = ORIENTED_EDGE ( 'NONE', *, *, #2320, .T. ) ;
#298 = CARTESIAN_POINT ( 'NONE',  ( -0.7510000000000000000, 0.2787401574803149400, 0.1249999999999999900 ) ) ;
#299 = VERTEX_POINT ( 'NONE', #900 ) ;
#300 = LINE ( 'NONE', #899, #4291 ) ;
#301 = EDGE_CURVE ( 'NONE', #715, #3954, #3763, .T. ) ;
#302 = CIRCLE ( 'NONE', #3533, 0.05425091828883041300 ) ;
#303 = EDGE_LOOP ( 'NONE', ( #3890, #673, #597, #2231 ) ) ;
#304 = LINE ( 'NONE', #3026, #610 ) ;
#305 = VECTOR ( 'NONE', #1021, 39.37007874015748100 ) ;
#306 = ORIENTED_EDGE ( 'NONE', *, *, #2875, .T. ) ;
#307 = PLANE ( 'NONE',  #4209 ) ;
#308 = CARTESIAN_POINT ( 'NONE',  ( -0.6825000000000000000, 0.2787401574803149400, -0.1053149606299212400 ) ) ;
#309 = ORIENTED_EDGE ( 'NONE', *, *, #2819, .F. ) ;
#310 = CIRCLE ( 'NONE', #4082, 0.04134988530312788000 ) ;
#311 = CARTESIAN_POINT ( 'NONE',  ( 0.6181507432773606400, 0.3924603339927483800, 0.1250000000000000600 ) ) ;
#312 = EDGE_CURVE ( 'NONE', #1714, #2451, #4293, .T. ) ;
#313 = VERTEX_POINT ( 'NONE', #2566 ) ;
#314 = EDGE_CURVE ( 'NONE', #974, #1595, #911, .T. ) ;
#315 = CARTESIAN_POINT ( 'NONE',  ( 0.6526028818689489900, 0.2829508827657347700, -0.3181215393843513400 ) ) ;
#316 = AXIS2_PLACEMENT_3D ( 'NONE', #1421, #3096, #2378 ) ;
#317 = CARTESIAN_POINT ( 'NONE',  ( -0.7389999999999997700, 0.2787401574803147200, -0.09948246940511164300 ) ) ;
#318 = EDGE_CURVE ( 'NONE', #1170, #3563, #132, .T. ) ;
#319 = ADVANCED_FACE ( 'NONE', ( #859 ), #3560, .F. ) ;
#320 = CARTESIAN_POINT ( 'NONE',  ( 0.0000000000000000000, 0.5999999999999999800, 0.2787700759417753300 ) ) ;
#321 = CARTESIAN_POINT ( 'NONE',  ( 0.7389999999999999900, 0.5803149606299211600, 0.1250000000000000600 ) ) ;
#322 = VERTEX_POINT ( 'NONE', #2240 ) ;
#323 = DIRECTION ( 'NONE',  ( 1.000000000000000000, -2.525070561829413200E-016, -0.0000000000000000000 ) ) ;
#324 = AXIS2_PLACEMENT_3D ( 'NONE', #1929, #2253, #1567 ) ;
#325 = DIRECTION ( 'NONE',  ( 0.0000000000000000000, 0.0000000000000000000, -1.000000000000000000 ) ) ;
#326 = ORIENTED_EDGE ( 'NONE', *, *, #3140, .T. ) ;
#327 = PRODUCT_CONTEXT ( 'NONE', #1173, 'mechanical' ) ;
#328 = DIRECTION ( 'NONE',  ( -0.9998476951563913800, -0.01745240643727697900, 0.0000000000000000000 ) ) ;
#329 = ORIENTED_EDGE ( 'NONE', *, *, #2761, .F. ) ;
#330 = ORIENTED_EDGE ( 'NONE', *, *, #1209, .F. ) ;
#331 = EDGE_CURVE ( 'NONE', #3621, #115, #2515, .T. ) ;
#332 = ORIENTED_EDGE ( 'NONE', *, *, #4037, .F. ) ;
#333 = ORIENTED_EDGE ( 'NONE', *, *, #1691, .F. ) ;
#334 = ORIENTED_EDGE ( 'NONE', *, *, #3771, .F. ) ;
#335 = VECTOR ( 'NONE', #2075, 39.37007874015748100 ) ;
#336 = PLANE ( 'NONE',  #2823 ) ;
#337 = CARTESIAN_POINT ( 'NONE',  ( 0.1085708163636324000, -0.1506818173096967400, 0.3206299212598426300 ) ) ;
#338 = EDGE_CURVE ( 'NONE', #2011, #2140, #750, .T. ) ;
#339 = LINE ( 'NONE', #2971, #999 ) ;
#340 = PLANE ( 'NONE',  #3665 ) ;
#341 = DIRECTION ( 'NONE',  ( -0.0000000000000000000, -0.0000000000000000000, -1.000000000000000000 ) ) ;
#342 = VECTOR ( 'NONE', #1163, 39.37007874015748100 ) ;
#343 = VERTEX_POINT ( 'NONE', #915 ) ;
#344 = VECTOR ( 'NONE', #1884, 39.37007874015748100 ) ;
#345 = CARTESIAN_POINT ( 'NONE',  ( 0.6072933452020572400, 0.3985966023912279600, -0.1249999999999999900 ) ) ;
#346 = ORIENTED_EDGE ( 'NONE', *, *, #3201, .T. ) ;
#347 = LINE ( 'NONE', #3344, #3099 ) ;
#348 = DIRECTION ( 'NONE',  ( 0.0000000000000000000, 0.0000000000000000000, 1.000000000000000000 ) ) ;
#349 = VECTOR ( 'NONE', #1542, 39.37007874015748100 ) ;
#350 = DIRECTION ( 'NONE',  ( -1.000000000000000000, 0.0000000000000000000, 0.0000000000000000000 ) ) ;
#351 = LINE ( 'NONE', #2827, #1529 ) ;
#352 = VERTEX_POINT ( 'NONE', #4255 ) ;
#353 = LINE ( 'NONE', #2552, #137 ) ;
#354 = LINE ( 'NONE', #320, #4034 ) ;
#355 = VERTEX_POINT ( 'NONE', #1892 ) ;
#356 = DIRECTION ( 'NONE',  ( 0.0000000000000000000, -1.000000000000000000, 0.0000000000000000000 ) ) ;
#357 = EDGE_CURVE ( 'NONE', #1267, #1855, #3145, .T. ) ;
#358 = CARTESIAN_POINT ( 'NONE',  ( -0.8352129783247008700, 0.5606980962574910100, 0.3600000000000001000 ) ) ;
#359 = VERTEX_POINT ( 'NONE', #929 ) ;
#360 = DIRECTION ( 'NONE',  ( 0.0000000000000000000, -0.0000000000000000000, -1.000000000000000000 ) ) ;
#361 = EDGE_CURVE ( 'NONE', #744, #3081, #238, .T. ) ;
#362 = ADVANCED_FACE ( 'NONE', ( #4181 ), #2920, .F. ) ;
#363 = ORIENTED_EDGE ( 'NONE', *, *, #141, .F. ) ;
#364 = CARTESIAN_POINT ( 'NONE',  ( -0.7510000000000000000, 0.2787401574803149400, -0.1249999999999999900 ) ) ;
#365 = CARTESIAN_POINT ( 'NONE',  ( -0.7510000000000000000, 0.3841299163440908800, 0.0000000000000000000 ) ) ;
#366 = VERTEX_POINT ( 'NONE', #2936 ) ;
#367 = CARTESIAN_POINT ( 'NONE',  ( 0.7389999999999999900, 0.5558435179377619900, -0.1249999999999999900 ) ) ;
#368 = EDGE_CURVE ( 'NONE', #4018, #3350, #1011, .T. ) ;
#369 = DIRECTION ( 'NONE',  ( 0.0000000000000000000, 0.0000000000000000000, 1.000000000000000000 ) ) ;
#370 = EDGE_CURVE ( 'NONE', #3621, #941, #1418, .T. ) ;
#371 = PLANE ( 'NONE',  #1513 ) ;
#372 = CARTESIAN_POINT ( 'NONE',  ( -0.7389999999999999900, 0.2515788080029211500, -0.09048522344134479800 ) ) ;
#373 = VERTEX_POINT ( 'NONE', #1932 ) ;
#374 = CARTESIAN_POINT ( 'NONE',  ( -1.031000000000000800, 0.2515788080029212100, 0.09948246940511164300 ) ) ;
#375 = AXIS2_PLACEMENT_3D ( 'NONE', #2105, #3803, #2806 ) ;
#376 = ORIENTED_EDGE ( 'NONE', *, *, #2203, .F. ) ;
#377 = ADVANCED_FACE ( 'NONE', ( #38 ), #981, .T. ) ;
#378 = CARTESIAN_POINT ( 'NONE',  ( -0.7389999999999999900, 0.03937007874015747300, 0.1250000000000000600 ) ) ;
#379 = ORIENTED_EDGE ( 'NONE', *, *, #1706, .F. ) ;
#380 = ORIENTED_EDGE ( 'NONE', *, *, #1167, .T. ) ;
#381 = LINE ( 'NONE', #3171, #3750 ) ;
#382 = CARTESIAN_POINT ( 'NONE',  ( 0.7952190705184454300, 0.5999999999999999800, -0.07500000000000002500 ) ) ;
#383 = ORIENTED_EDGE ( 'NONE', *, *, #3853, .F. ) ;
#384 = ORIENTED_EDGE ( 'NONE', *, *, #1845, .T. ) ;
#385 = CARTESIAN_POINT ( 'NONE',  ( 0.6825000000000000000, 0.3349999999999999100, -0.3600000000000003800 ) ) ;
#386 = B_SPLINE_CURVE_WITH_KNOTS ( 'NONE', 3,
 ( #1863, #3786, #2530, #4090, #3429, #3217, #1198, #2102, #2219, #1127, #571, #119, #1792, #2556 ),
 .UNSPECIFIED., .F., .F.,
 ( 4, 2, 2, 2, 2, 2, 4 ),
 ( 0.0000000000000000000, 0.0002993318347478216600, 0.0005986636694956433200, 0.0008979955042434649700, 0.001197327338991286600, 0.001795991008486938000, 0.002394654677982589300 ),
 .UNSPECIFIED. ) ;
#387 = CARTESIAN_POINT ( 'NONE',  ( 0.6996325098464147900, 0.5619797863362429000, 0.1250000000000000600 ) ) ;
#388 = DIRECTION ( 'NONE',  ( -0.0000000000000000000, -0.0000000000000000000, -1.000000000000000000 ) ) ;
#389 = EDGE_CURVE ( 'NONE', #715, #3558, #1314, .T. ) ;
#390 = ORIENTED_EDGE ( 'NONE', *, *, #2248, .T. ) ;
#391 = LINE ( 'NONE', #2862, #3035 ) ;
#392 = DIRECTION ( 'NONE',  ( -1.000000000000000000, -2.525070561829413200E-016, -0.0000000000000000000 ) ) ;
#393 = AXIS2_PLACEMENT_3D ( 'NONE', #3430, #2717, #1082 ) ;
#394 = VECTOR ( 'NONE', #3527, 39.37007874015748100 ) ;
#395 = DIRECTION ( 'NONE',  ( 0.0000000000000000000, 0.0000000000000000000, -1.000000000000000000 ) ) ;
#396 = ORIENTED_EDGE ( 'NONE', *, *, #708, .F. ) ;
#397 = SURFACE_STYLE_FILL_AREA ( #723 ) ;
#398 = DIRECTION ( 'NONE',  ( -0.0000000000000000000, -0.0000000000000000000, -1.000000000000000000 ) ) ;
#399 = VECTOR ( 'NONE', #4042, 39.37007874015748900 ) ;
#400 = ADVANCED_FACE ( 'NONE', ( #3250 ), #3304, .F. ) ;
#401 = ORIENTED_EDGE ( 'NONE', *, *, #1396, .T. ) ;
#402 = LINE ( 'NONE', #3428, #179 ) ;
#403 = ORIENTED_EDGE ( 'NONE', *, *, #3059, .T. ) ;
#404 = FACE_OUTER_BOUND ( 'NONE', #1375, .T. ) ;
#405 = EDGE_CURVE ( 'NONE', #1849, #159, #3512, .T. ) ;
#406 = DIRECTION ( 'NONE',  ( -0.0000000000000000000, -1.000000000000000000, -0.0000000000000000000 ) ) ;
#407 = LINE ( 'NONE', #3124, #3820 ) ;
#408 = VECTOR ( 'NONE', #3835, 39.37007874015748100 ) ;
#409 = CARTESIAN_POINT ( 'NONE',  ( 3.980102097228897700E-017, 0.2749999999999999100, 0.3600000000000001000 ) ) ;
#410 = FACE_OUTER_BOUND ( 'NONE', #2550, .T. ) ;
#411 = DIRECTION ( 'NONE',  ( -0.8705807614487532900, 0.4920255458767451300, 0.0000000000000000000 ) ) ;
#412 = ORIENTED_EDGE ( 'NONE', *, *, #2826, .F. ) ;
#413 = EDGE_CURVE ( 'NONE', #4221, #3644, #2661, .T. ) ;
#414 = ORIENTED_EDGE ( 'NONE', *, *, #3948, .F. ) ;
#415 = ADVANCED_FACE ( 'NONE', ( #1780 ), #2966, .T. ) ;
#416 = LINE ( 'NONE', #3173, #1853 ) ;
#417 = DIRECTION ( 'NONE',  ( -0.0000000000000000000, 1.000000000000000000, -0.0000000000000000000 ) ) ;
#418 = ORIENTED_EDGE ( 'NONE', *, *, #3698, .T. ) ;
#419 = EDGE_CURVE ( 'NONE', #1224, #147, #956, .T. ) ;
#420 = DIRECTION ( 'NONE',  ( 0.9998476951563913800, -0.01745240643727697900, -0.0000000000000000000 ) ) ;
#421 =( LENGTH_UNIT ( ) NAMED_UNIT ( * ) SI_UNIT ( $, .METRE. ) );
#422 = CARTESIAN_POINT ( 'NONE',  ( -0.6825000000000000000, 0.5999999999999999800, 0.1250000000000000600 ) ) ;
#423 = VERTEX_POINT ( 'NONE', #3287 ) ;
#424 = VERTEX_POINT ( 'NONE', #1951 ) ;
#425 = CARTESIAN_POINT ( 'NONE',  ( 0.6825000000000000000, -0.07127237034785331700, -0.1053149606299211700 ) ) ;
#426 = ADVANCED_FACE ( 'NONE', ( #2460 ), #340, .F. ) ;
#427 = ORIENTED_EDGE ( 'NONE', *, *, #995, .F. ) ;
#428 = EDGE_LOOP ( 'NONE', ( #1286, #225, #1057, #156 ) ) ;
#429 = ORIENTED_EDGE ( 'NONE', *, *, #2977, .T. ) ;
#430 = AXIS2_PLACEMENT_3D ( 'NONE', #2428, #2774, #792 ) ;
#431 = CARTESIAN_POINT ( 'NONE',  ( 0.7510000000000000000, 0.5803149606299211600, -0.1249999999999999300 ) ) ;
#432 = EDGE_CURVE ( 'NONE', #3799, #2238, #2355, .T. ) ;
#433 = ORIENTED_EDGE ( 'NONE', *, *, #301, .T. ) ;
#434 = CIRCLE ( 'NONE', #1004, 0.2000000000000000900 ) ;
#435 = CARTESIAN_POINT ( 'NONE',  ( 0.7510000000000000000, -0.07127237034785331700, -0.1053149606299214300 ) ) ;
#436 = CARTESIAN_POINT ( 'NONE',  ( 0.5968463760646721700, 0.4045009089417488900, 0.1250000000000000600 ) ) ;
#437 = DIRECTION ( 'NONE',  ( 0.0000000000000000000, 0.0000000000000000000, -1.000000000000000000 ) ) ;
#438 = ORIENTED_EDGE ( 'NONE', *, *, #3605, .T. ) ;
#439 = LINE ( 'NONE', #2053, #4110 ) ;
#440 = LINE ( 'NONE', #317, #169 ) ;
#441 = CARTESIAN_POINT ( 'NONE',  ( 0.7389999999999999900, 0.03937007874015725800, -0.01899999999999999600 ) ) ;
#442 = AXIS2_PLACEMENT_3D ( 'NONE', #2474, #4131, #884 ) ;
#443 = VECTOR ( 'NONE', #1207, 39.37007874015748100 ) ;
#444 = EDGE_LOOP ( 'NONE', ( #148, #2934, #380, #207 ) ) ;
#445 = FACE_OUTER_BOUND ( 'NONE', #4056, .T. ) ;
#446 = CARTESIAN_POINT ( 'NONE',  ( 0.7389999999999999900, 0.2515788080029211500, 0.09948246940511164300 ) ) ;
#447 = AXIS2_PLACEMENT_3D ( 'NONE', #1786, #151, #3437 ) ;
#448 = VERTEX_POINT ( 'NONE', #1995 ) ;
#449 = VECTOR ( 'NONE', #515, 39.37007874015748100 ) ;
#450 = ADVANCED_FACE ( 'NONE', ( #549, #2097 ), #3994, .T. ) ;
#451 = EDGE_CURVE ( 'NONE', #1595, #677, #3202, .T. ) ;
#452 = LINE ( 'NONE', #4067, #399 ) ;
#453 = EDGE_CURVE ( 'NONE', #1953, #2132, #1528, .T. ) ;
#454 = VECTOR ( 'NONE', #934, 39.37007874015748100 ) ;
#455 =( CONVERSION_BASED_UNIT ( 'INCH', #3346 ) LENGTH_UNIT ( ) NAMED_UNIT ( #2629 ) );
#456 = VERTEX_POINT ( 'NONE', #382 ) ;
#457 = PLANE ( 'NONE',  #2896 ) ;
#458 = DIRECTION ( 'NONE',  ( -0.0000000000000000000, -0.9510565162951553100, -0.3090169943749418400 ) ) ;
#459 = DIRECTION ( 'NONE',  ( -1.000000000000000000, 0.0000000000000000000, -0.0000000000000000000 ) ) ;
#460 = CARTESIAN_POINT ( 'NONE',  ( -0.7389999999999999900, 0.5803149606299211600, -0.1249999999999999300 ) ) ;
#461 = CARTESIAN_POINT ( 'NONE',  ( -0.7294736215309142200, 0.3841299163440908800, 0.0000000000000000000 ) ) ;
#462 = DIRECTION ( 'NONE',  ( -1.000000000000000000, 0.0000000000000000000, 0.0000000000000000000 ) ) ;
#463 = CARTESIAN_POINT ( 'NONE',  ( 0.6825000000000000000, 0.1149999999999998400, 0.1250000000000000000 ) ) ;
#464 = ORIENTED_EDGE ( 'NONE', *, *, #4140, .T. ) ;
#465 = PLANE ( 'NONE',  #131 ) ;
#466 = AXIS2_PLACEMENT_3D ( 'NONE', #2480, #149, #3467 ) ;
#467 = DIRECTION ( 'NONE',  ( 2.525070561829413200E-016, 1.000000000000000000, 0.0000000000000000000 ) ) ;
#468 = EDGE_CURVE ( 'NONE', #920, #2800, #2621, .T. ) ;
#469 = VERTEX_POINT ( 'NONE', #2351 ) ;
#470 = ORIENTED_EDGE ( 'NONE', *, *, #1085, .F. ) ;
#471 = CARTESIAN_POINT ( 'NONE',  ( 0.8386596052609223100, 0.3632409713257485100, -0.3556977476190096300 ) ) ;
#472 = DIRECTION ( 'NONE',  ( 0.0000000000000000000, -1.000000000000000000, 0.0000000000000000000 ) ) ;
#473 = ORIENTED_EDGE ( 'NONE', *, *, #3364, .F. ) ;
#474 = DIRECTION ( 'NONE',  ( 0.0000000000000000000, 0.0000000000000000000, 1.000000000000000000 ) ) ;
#475 = ORIENTED_EDGE ( 'NONE', *, *, #806, .F. ) ;
#476 = LINE ( 'NONE', #1852, #2128 ) ;
#477 = EDGE_CURVE ( 'NONE', #3563, #352, #599, .T. ) ;
#478 = DIRECTION ( 'NONE',  ( 0.0000000000000000000, 1.000000000000000000, -1.064665559469244000E-016 ) ) ;
#479 = ORIENTED_EDGE ( 'NONE', *, *, #2173, .T. ) ;
#480 = ORIENTED_EDGE ( 'NONE', *, *, #1189, .T. ) ;
#481 = LINE ( 'NONE', #1734, #335 ) ;
#482 = AXIS2_PLACEMENT_3D ( 'NONE', #3623, #601, #4259 ) ;
#483 = FACE_OUTER_BOUND ( 'NONE', #3687, .T. ) ;
#484 = CARTESIAN_POINT ( 'NONE',  ( 0.7510000000000000000, 0.5558435179377619900, -0.1249999999999999900 ) ) ;
#485 = EDGE_CURVE ( 'NONE', #2444, #4003, #1470, .T. ) ;
#486 = ADVANCED_FACE ( 'NONE', ( #3347 ), #2720, .T. ) ;
#487 = ORIENTED_EDGE ( 'NONE', *, *, #1143, .F. ) ;
#488 = CIRCLE ( 'NONE', #482, 0.05425091828883041300 ) ;
#489 = CARTESIAN_POINT ( 'NONE',  ( 0.5968463760646721700, 0.4045009089417488900, -0.1249999999999999900 ) ) ;
#490 = FACE_OUTER_BOUND ( 'NONE', #3812, .T. ) ;
#491 = PLANE ( 'NONE',  #2871 ) ;
#492 = ORIENTED_EDGE ( 'NONE', *, *, #494, .F. ) ;
#493 = VECTOR ( 'NONE', #1669, 39.37007874015748100 ) ;
#494 = EDGE_CURVE ( 'NONE', #4296, #3545, #2407, .T. ) ;
#495 = VECTOR ( 'NONE', #98, 39.37007874015748100 ) ;
#496 = ORIENTED_EDGE ( 'NONE', *, *, #4081, .T. ) ;
#497 = VECTOR ( 'NONE', #669, 39.37007874015748100 ) ;
#498 = EDGE_LOOP ( 'NONE', ( #3509, #3526, #1984, #2634, #280 ) ) ;
#499 = FACE_OUTER_BOUND ( 'NONE', #1905, .T. ) ;
#500 = AXIS2_PLACEMENT_3D ( 'NONE', #57, #2674, #2315 ) ;
#501 = FACE_OUTER_BOUND ( 'NONE', #3123, .T. ) ;
#502 = VECTOR ( 'NONE', #2881, 39.37007874015748100 ) ;
#503 = ORIENTED_EDGE ( 'NONE', *, *, #1928, .T. ) ;
#504 = DIRECTION ( 'NONE',  ( -1.000000000000000000, 0.0000000000000000000, 0.0000000000000000000 ) ) ;
#505 = DIRECTION ( 'NONE',  ( 1.000000000000000000, 0.0000000000000000000, 0.0000000000000000000 ) ) ;
#506 = CARTESIAN_POINT ( 'NONE',  ( 0.6825000000000000000, -0.07127237034785331700, -0.1053149606299211700 ) ) ;
#507 = EDGE_CURVE ( 'NONE', #469, #2872, #2204, .T. ) ;
#508 = PLANE ( 'NONE',  #3676 ) ;
#509 = EDGE_LOOP ( 'NONE', ( #334, #3973, #1025, #3497 ) ) ;
#510 = CARTESIAN_POINT ( 'NONE',  ( 0.6224999999999999400, 0.2749999999999999100, -0.3600000000000003800 ) ) ;
#511 = AXIS2_PLACEMENT_3D ( 'NONE', #2846, #2174, #2146 ) ;
#512 = CARTESIAN_POINT ( 'NONE',  ( 0.0000000000000000000, 0.0000000000000000000, -0.3600000000000001000 ) ) ;
#513 = CARTESIAN_POINT ( 'NONE',  ( 0.7510000000000000000, 0.0000000000000000000, 0.07499999999999998300 ) ) ;
#514 = EDGE_LOOP ( 'NONE', ( #3726, #1563, #3034, #1551 ) ) ;
#515 = DIRECTION ( 'NONE',  ( -0.0000000000000000000, -1.000000000000000000, -8.537024980200824800E-016 ) ) ;
#516 = CARTESIAN_POINT ( 'NONE',  ( 0.6825000000000000000, 0.2787401574803149400, -0.1053149606299211700 ) ) ;
#517 = DIRECTION ( 'NONE',  ( 1.000000000000000000, 0.0000000000000000000, 0.0000000000000000000 ) ) ;
#518 = ORIENTED_EDGE ( 'NONE', *, *, #2874, .F. ) ;
#519 = PLANE ( 'NONE',  #3198 ) ;
#520 = PLANE ( 'NONE',  #2789 ) ;
#521 = EDGE_CURVE ( 'NONE', #3278, #2958, #452, .T. ) ;
#522 = ORIENTED_EDGE ( 'NONE', *, *, #2875, .F. ) ;
#523 = ORIENTED_EDGE ( 'NONE', *, *, #2654, .T. ) ;
#524 = ORIENTED_EDGE ( 'NONE', *, *, #2786, .F. ) ;
#525 = EDGE_CURVE ( 'NONE', #3350, #3251, #1511, .T. ) ;
#526 = ADVANCED_FACE ( 'NONE', ( #1662 ), #3060, .F. ) ;
#527 = ORIENTED_EDGE ( 'NONE', *, *, #1465, .F. ) ;
#528 = VERTEX_POINT ( 'NONE', #2409 ) ;
#529 = DIRECTION ( 'NONE',  ( 0.0000000000000000000, 1.000000000000000000, 1.224955720424438600E-016 ) ) ;
#530 = DIRECTION ( 'NONE',  ( -0.0000000000000000000, 1.000000000000000000, 0.0000000000000000000 ) ) ;
#531 = DIRECTION ( 'NONE',  ( 1.000000000000000000, 0.0000000000000000000, 0.0000000000000000000 ) ) ;
#532 = CARTESIAN_POINT ( 'NONE',  ( 0.6056793005852027000, 0.2482104724122009000, 0.1250000000000000600 ) ) ;
#533 = EDGE_LOOP ( 'NONE', ( #3227, #4094, #29, #4279 ) ) ;
#534 = VECTOR ( 'NONE', #3891, 39.37007874015748100 ) ;
#535 = CARTESIAN_POINT ( 'NONE',  ( 0.7510000000000000000, 0.2787401574803149400, 0.1250000000000001700 ) ) ;
#536 = DIRECTION ( 'NONE',  ( -0.0000000000000000000, -0.0000000000000000000, -1.000000000000000000 ) ) ;
#537 = ORIENTED_EDGE ( 'NONE', *, *, #2466, .T. ) ;
#538 = FACE_OUTER_BOUND ( 'NONE', #3731, .T. ) ;
#539 = DIRECTION ( 'NONE',  ( -0.0000000000000000000, -0.0000000000000000000, -1.000000000000000000 ) ) ;
#540 = EDGE_LOOP ( 'NONE', ( #403, #746, #3075, #1592, #2074 ) ) ;
#541 = CARTESIAN_POINT ( 'NONE',  ( -0.6821066884031697900, 0.3270980720198019000, 0.3248810097964516800 ) ) ;
#542 = DIRECTION ( 'NONE',  ( 0.0000000000000000000, 0.0000000000000000000, 1.000000000000000000 ) ) ;
#543 = VERTEX_POINT ( 'NONE', #1393 ) ;
#544 = LINE ( 'NONE', #3188, #126 ) ;
#545 = CARTESIAN_POINT ( 'NONE',  ( -0.7510000000000000000, 0.5803149606299211600, -0.09948246940511164300 ) ) ;
#546 = DIRECTION ( 'NONE',  ( 1.000000000000000000, 0.0000000000000000000, 0.0000000000000000000 ) ) ;
#547 = CIRCLE ( 'NONE', #375, 0.06000000000000004600 ) ;
#548 = DIRECTION ( 'NONE',  ( -0.0000000000000000000, -0.0000000000000000000, -1.000000000000000000 ) ) ;
#549 = FACE_BOUND ( 'NONE', #3245, .T. ) ;
#550 = DIRECTION ( 'NONE',  ( -0.0000000000000000000, -0.0000000000000000000, 1.000000000000000000 ) ) ;
#551 = DIRECTION ( 'NONE',  ( 1.000000000000000000, -8.516452750778373100E-015, 0.0000000000000000000 ) ) ;
#552 = CIRCLE ( 'NONE', #2633, 0.03999999999999998000 ) ;
#553 = ADVANCED_FACE ( 'NONE', ( #1609 ), #2047, .F. ) ;
#554 = FACE_OUTER_BOUND ( 'NONE', #3793, .T. ) ;
#555 = VECTOR ( 'NONE', #3850, 39.37007874015748100 ) ;
#556 = DIRECTION ( 'NONE',  ( 0.0000000000000000000, -1.000000000000000000, 0.0000000000000000000 ) ) ;
#557 = CARTESIAN_POINT ( 'NONE',  ( 1.031000000000000800, 0.2515788080029212100, 0.09048522344134479800 ) ) ;
#558 = AXIS2_PLACEMENT_3D ( 'NONE', #3942, #2962, #657 ) ;
#559 = LINE ( 'NONE', #198, #3413 ) ;
#560 = CARTESIAN_POINT ( 'NONE',  ( 0.5968463760646721700, 0.4045009089417488900, 0.1250000000000000600 ) ) ;
#561 = CARTESIAN_POINT ( 'NONE',  ( -0.7528048203820791900, 0.3841299163440908800, 0.0000000000000000000 ) ) ;
#562 = ORIENTED_EDGE ( 'NONE', *, *, #1538, .T. ) ;
#563 = DIRECTION ( 'NONE',  ( 0.0000000000000000000, 1.000000000000000000, -7.805279981897894900E-016 ) ) ;
#564 = CARTESIAN_POINT ( 'NONE',  ( -0.8449999999999997500, 0.03937007874015744500, 0.1250000000000000600 ) ) ;
#565 = LINE ( 'NONE', #2071, #4104 ) ;
#566 = DIRECTION ( 'NONE',  ( 0.0000000000000000000, -0.0000000000000000000, 1.000000000000000000 ) ) ;
#567 = VERTEX_POINT ( 'NONE', #1071 ) ;
#568 = EDGE_CURVE ( 'NONE', #1676, #3979, #481, .T. ) ;
#569 = EDGE_CURVE ( 'NONE', #3174, #50, #3916, .T. ) ;
#570 = DIRECTION ( 'NONE',  ( 0.0000000000000000000, -0.0000000000000000000, -1.000000000000000000 ) ) ;
#571 = CARTESIAN_POINT ( 'NONE',  ( 0.6527881591473028200, 0.2826213651569630100, 0.3180446628318844300 ) ) ;
#572 = ORIENTED_EDGE ( 'NONE', *, *, #2605, .T. ) ;
#573 = CARTESIAN_POINT ( 'NONE',  ( -0.1085708163636324000, 0.1506818173096967400, -0.3206299212598426300 ) ) ;
#574 = CARTESIAN_POINT ( 'NONE',  ( 0.6996325098464147900, 0.5619797863362429000, 0.1250000000000000600 ) ) ;
#575 = ORIENTED_EDGE ( 'NONE', *, *, #432, .T. ) ;
#576 = EDGE_CURVE ( 'NONE', #1084, #584, #3181, .T. ) ;
#577 = ORIENTED_EDGE ( 'NONE', *, *, #3728, .F. ) ;
#578 =( LENGTH_UNIT ( ) NAMED_UNIT ( * ) SI_UNIT ( $, .METRE. ) );
#579 = DIRECTION ( 'NONE',  ( -1.000000000000000000, 2.525070561829413700E-016, 0.0000000000000000000 ) ) ;
#580 = ORIENTED_EDGE ( 'NONE', *, *, #894, .T. ) ;
#581 = ORIENTED_EDGE ( 'NONE', *, *, #664, .F. ) ;
#582 = CIRCLE ( 'NONE', #1041, 0.02500000000000000500 ) ;
#583 = DIRECTION ( 'NONE',  ( 0.0000000000000000000, 0.0000000000000000000, -1.000000000000000000 ) ) ;
#584 = VERTEX_POINT ( 'NONE', #1687 ) ;
#585 = ORIENTED_EDGE ( 'NONE', *, *, #2392, .F. ) ;
#586 = PLANE ( 'NONE',  #1215 ) ;
#587 = EDGE_CURVE ( 'NONE', #3563, #2403, #3961, .T. ) ;
#588 = DIRECTION ( 'NONE',  ( 1.000000000000000000, 2.525070561829413700E-016, 0.0000000000000000000 ) ) ;
#589 = DIRECTION ( 'NONE',  ( 0.0000000000000000000, 0.0000000000000000000, -1.000000000000000000 ) ) ;
#590 = VECTOR ( 'NONE', #2314, 39.37007874015748100 ) ;
#591 = DIRECTION ( 'NONE',  ( -1.000000000000000000, 0.0000000000000000000, 0.0000000000000000000 ) ) ;
#592 = ORIENTED_EDGE ( 'NONE', *, *, #2679, .F. ) ;
#593 = VECTOR ( 'NONE', #180, 39.37007874015748100 ) ;
#594 = DIRECTION ( 'NONE',  ( 3.738843057022260000E-015, -0.0000000000000000000, 1.000000000000000000 ) ) ;
#595 = ADVANCED_FACE ( 'NONE', ( #3084 ), #1364, .F. ) ;
#596 = VECTOR ( 'NONE', #1727, 39.37007874015748100 ) ;
#597 = ORIENTED_EDGE ( 'NONE', *, *, #1329, .F. ) ;
#598 = VECTOR ( 'NONE', #2996, 39.37007874015748100 ) ;
#599 = LINE ( 'NONE', #409, #1888 ) ;
#600 = DIRECTION ( 'NONE',  ( 0.0000000000000000000, 0.0000000000000000000, 1.000000000000000000 ) ) ;
#601 = DIRECTION ( 'NONE',  ( 1.000000000000000000, -0.0000000000000000000, -0.0000000000000000000 ) ) ;
#602 = ORIENTED_EDGE ( 'NONE', *, *, #4103, .F. ) ;
#603 = LINE ( 'NONE', #1987, #855 ) ;
#604 = ORIENTED_EDGE ( 'NONE', *, *, #80, .T. ) ;
#605 = CYLINDRICAL_SURFACE ( 'NONE', #229, 0.03999999999999998000 ) ;
#606 = CARTESIAN_POINT ( 'NONE',  ( 0.0000000000000000000, 0.3499999999999999800, 0.3600000000000002600 ) ) ;
#607 = CARTESIAN_POINT ( 'NONE',  ( -0.6808836070401279600, 0.3191161935820782100, -0.3245001814395361800 ) ) ;
#608 =( NAMED_UNIT ( * ) SI_UNIT ( $, .STERADIAN. ) SOLID_ANGLE_UNIT ( ) );
#609 = EDGE_CURVE ( 'NONE', #3640, #2144, #1351, .T. ) ;
#610 = VECTOR ( 'NONE', #1018, 39.37007874015748100 ) ;
#611 = ORIENTED_EDGE ( 'NONE', *, *, #817, .T. ) ;
#612 =( NAMED_UNIT ( * ) PLANE_ANGLE_UNIT ( ) SI_UNIT ( $, .RADIAN. ) );
#613 = PLANE ( 'NONE',  #815 ) ;
#614 = DIRECTION ( 'NONE',  ( 1.000000000000000000, 0.0000000000000000000, 0.0000000000000000000 ) ) ;
#615 = AXIS2_PLACEMENT_3D ( 'NONE', #2425, #812, #1437 ) ;
#616 = CARTESIAN_POINT ( 'NONE',  ( -0.7389999999999999900, 0.3841299163440908800, 0.06871782983251850700 ) ) ;
#617 = DIRECTION ( 'NONE',  ( 0.0000000000000000000, 0.0000000000000000000, 1.000000000000000000 ) ) ;
#618 = CARTESIAN_POINT ( 'NONE',  ( 0.6056793005852027000, 0.2482104724122009000, 0.1250000000000000600 ) ) ;
#619 = EDGE_CURVE ( 'NONE', #741, #1926, #3648, .T. ) ;
#620 = FILL_AREA_STYLE ('',( #3299 ) ) ;
#621 = DIRECTION ( 'NONE',  ( 0.0000000000000000000, -1.000000000000000000, 0.0000000000000000000 ) ) ;
#622 = VECTOR ( 'NONE', #3839, 39.37007874015748100 ) ;
#623 = DIRECTION ( 'NONE',  ( -0.0000000000000000000, -0.0000000000000000000, 1.000000000000000000 ) ) ;
#624 = ORIENTED_EDGE ( 'NONE', *, *, #3055, .T. ) ;
#625 = VERTEX_POINT ( 'NONE', #1446 ) ;
#626 = DIRECTION ( 'NONE',  ( 0.0000000000000000000, 0.0000000000000000000, 1.000000000000000000 ) ) ;
#627 = DIRECTION ( 'NONE',  ( -0.0000000000000000000, 1.000000000000000000, 1.224955720424438600E-016 ) ) ;
#628 = EDGE_CURVE ( 'NONE', #3081, #3302, #3859, .T. ) ;
#629 = CARTESIAN_POINT ( 'NONE',  ( 0.5936793005852026800, 0.3924603339927483800, 0.1250000000000000600 ) ) ;
#630 = VERTEX_POINT ( 'NONE', #3778 ) ;
#631 = ADVANCED_FACE ( 'NONE', ( #2984 ), #787, .F. ) ;
#632 = AXIS2_PLACEMENT_3D ( 'NONE', #22, #3362, #4002 ) ;
#633 = DIRECTION ( 'NONE',  ( 0.0000000000000000000, 0.0000000000000000000, -1.000000000000000000 ) ) ;
#634 = CARTESIAN_POINT ( 'NONE',  ( 0.6825000000000000000, 0.3349999999999999100, -0.3250000000000000700 ) ) ;
#635 = ORIENTED_EDGE ( 'NONE', *, *, #1010, .T. ) ;
#636 = DIRECTION ( 'NONE',  ( 0.0000000000000000000, 1.000000000000000000, -1.224646799147353000E-016 ) ) ;
#637 = CIRCLE ( 'NONE', #3461, 0.05638620723153802600 ) ;
#638 = VECTOR ( 'NONE', #1718, 39.37007874015748100 ) ;
#639 = CARTESIAN_POINT ( 'NONE',  ( 0.7389999999999999900, 0.03937007874015725800, 0.01899999999999999600 ) ) ;
#640 = ORIENTED_EDGE ( 'NONE', *, *, #3624, .T. ) ;
#641 = FACE_OUTER_BOUND ( 'NONE', #1584, .T. ) ;
#642 = CYLINDRICAL_SURFACE ( 'NONE', #3116, 0.02499999999999997400 ) ;
#643 = LINE ( 'NONE', #4143, #443 ) ;
#644 = EDGE_LOOP ( 'NONE', ( #2300, #1920, #2216, #2381, #3029 ) ) ;
#645 = VECTOR ( 'NONE', #1086, 39.37007874015748100 ) ;
#646 = CARTESIAN_POINT ( 'NONE',  ( 0.8449999999999997500, 0.03937007874015744500, 0.1250000000000000600 ) ) ;
#647 = DIRECTION ( 'NONE',  ( 0.0000000000000000000, 0.0000000000000000000, 1.000000000000000000 ) ) ;
#648 = ORIENTED_EDGE ( 'NONE', *, *, #1691, .T. ) ;
#649 = CIRCLE ( 'NONE', #3041, 0.06000000000000004600 ) ;
#650 = EDGE_CURVE ( 'NONE', #2329, #373, #2191, .T. ) ;
#651 = VECTOR ( 'NONE', #60, 39.37007874015748100 ) ;
#652 = LINE ( 'NONE', #3608, #3204 ) ;
#653 = FACE_OUTER_BOUND ( 'NONE', #2856, .T. ) ;
#654 = VECTOR ( 'NONE', #3506, 39.37007874015748100 ) ;
#655 = ORIENTED_EDGE ( 'NONE', *, *, #3698, .F. ) ;
#656 = CARTESIAN_POINT ( 'NONE',  ( 1.031000000000000800, 0.2787401574803148300, -0.1250000000000000600 ) ) ;
#657 = DIRECTION ( 'NONE',  ( 0.0000000000000000000, 1.000000000000000000, 1.330831949336555000E-017 ) ) ;
#658 = ORIENTED_EDGE ( 'NONE', *, *, #1765, .F. ) ;
#659 = SPHERICAL_SURFACE ( 'NONE', #3775, 0.05905511811023624000 ) ;
#660 = CARTESIAN_POINT ( 'NONE',  ( 0.0000000000000000000, 0.3499999999999999800, 0.3600000000000002600 ) ) ;
#661 = DIRECTION ( 'NONE',  ( 0.01745240643727697500, -0.9998476951563912700, 0.0000000000000000000 ) ) ;
#662 = PRESENTATION_LAYER_ASSIGNMENT (  '', '', ( #1624 ) ) ;
#663 = ORIENTED_EDGE ( 'NONE', *, *, #3011, .T. ) ;
#664 = EDGE_CURVE ( 'NONE', #147, #3174, #2869, .T. ) ;
#665 = DIRECTION ( 'NONE',  ( 0.0000000000000000000, -1.000000000000000000, 0.0000000000000000000 ) ) ;
#666 = EDGE_CURVE ( 'NONE', #3644, #2238, #1981, .T. ) ;
#667 = MANIFOLD_SOLID_BREP ( 'Tab3', #961 ) ;
#668 = ORIENTED_EDGE ( 'NONE', *, *, #2559, .F. ) ;
#669 = DIRECTION ( 'NONE',  ( -0.0000000000000000000, -0.0000000000000000000, -1.000000000000000000 ) ) ;
#670 = AXIS2_PLACEMENT_3D ( 'NONE', #2170, #3887, #246 ) ;
#671 = DIRECTION ( 'NONE',  ( -0.0000000000000000000, 0.0000000000000000000, -1.000000000000000000 ) ) ;
#672 = DIRECTION ( 'NONE',  ( -0.0000000000000000000, -0.0000000000000000000, -1.000000000000000000 ) ) ;
#673 = ORIENTED_EDGE ( 'NONE', *, *, #4109, .F. ) ;
#674 = CARTESIAN_POINT ( 'NONE',  ( 0.8352129783247008700, 0.5606980962574910100, -0.3600000000000003800 ) ) ;
#675 = DIRECTION ( 'NONE',  ( 0.0000000000000000000, 0.0000000000000000000, 1.000000000000000000 ) ) ;
#676 = ORIENTED_EDGE ( 'NONE', *, *, #3900, .F. ) ;
#677 = VERTEX_POINT ( 'NONE', #3764 ) ;
#678 = CARTESIAN_POINT ( 'NONE',  ( 0.7510000000000000000, 0.0000000000000000000, 0.07499999999999998300 ) ) ;
#679 = CYLINDRICAL_SURFACE ( 'NONE', #2463, 0.02447144269215796600 ) ;
#680 = CARTESIAN_POINT ( 'NONE',  ( -0.6825000000000000000, -0.07127237034785331700, 0.1053149606299212400 ) ) ;
#681 = ORIENTED_EDGE ( 'NONE', *, *, #887, .T. ) ;
#682 = VERTEX_POINT ( 'NONE', #769 ) ;
#683 = VECTOR ( 'NONE', #1348, 39.37007874015748100 ) ;
#684 = DIRECTION ( 'NONE',  ( -0.0000000000000000000, -0.0000000000000000000, -1.000000000000000000 ) ) ;
#685 = ORIENTED_EDGE ( 'NONE', *, *, #256, .T. ) ;
#686 = EDGE_CURVE ( 'NONE', #989, #1240, #2184, .T. ) ;
#687 = VECTOR ( 'NONE', #1048, 39.37007874015748100 ) ;
#688 = CARTESIAN_POINT ( 'NONE',  ( 0.6304018017545106600, 0.2753933363061600900, -0.3159127858877799300 ) ) ;
#689 = DIRECTION ( 'NONE',  ( -1.000000000000000000, 0.0000000000000000000, 0.0000000000000000000 ) ) ;
#690 = ADVANCED_FACE ( 'NONE', ( #3078 ), #1460, .F. ) ;
#691 = ORIENTED_EDGE ( 'NONE', *, *, #224, .T. ) ;
#692 = FACE_OUTER_BOUND ( 'NONE', #3071, .T. ) ;
#693 = CARTESIAN_POINT ( 'NONE',  ( 0.7389999999999999900, -0.1210000000000002300, -0.01899999999999997900 ) ) ;
#694 = VECTOR ( 'NONE', #103, 39.37007874015748100 ) ;
#695 = ORIENTED_EDGE ( 'NONE', *, *, #4005, .T. ) ;
#696 = FACE_OUTER_BOUND ( 'NONE', #2699, .T. ) ;
#697 = CARTESIAN_POINT ( 'NONE',  ( -0.1085708163636324000, -0.1506818173096967400, -0.3600000000000001000 ) ) ;
#698 = ORIENTED_EDGE ( 'NONE', *, *, #2466, .F. ) ;
#699 = LINE ( 'NONE', #2467, #243 ) ;
#700 = ORIENTED_EDGE ( 'NONE', *, *, #2430, .F. ) ;
#701 = AXIS2_PLACEMENT_3D ( 'NONE', #3980, #665, #1308 ) ;
#702 = CYLINDRICAL_SURFACE ( 'NONE', #3307, 0.01247144269215929600 ) ;
#703 = CARTESIAN_POINT ( 'NONE',  ( 0.6891855407090297100, 0.5678840928867638900, -0.1249999999999999900 ) ) ;
#704 = DIRECTION ( 'NONE',  ( 0.0000000000000000000, 1.000000000000000000, 0.0000000000000000000 ) ) ;
#705 = LINE ( 'NONE', #2277, #4134 ) ;
#706 = LINE ( 'NONE', #4251, #1220 ) ;
#707 = ORIENTED_EDGE ( 'NONE', *, *, #106, .F. ) ;
#708 = EDGE_CURVE ( 'NONE', #1404, #253, #3128, .T. ) ;
#709 = DIRECTION ( 'NONE',  ( -1.000000000000000000, 2.525070561829413700E-016, 0.0000000000000000000 ) ) ;
#710 = LINE ( 'NONE', #1407, #2722 ) ;
#711 = ORIENTED_EDGE ( 'NONE', *, *, #1398, .F. ) ;
#712 = CARTESIAN_POINT ( 'NONE',  ( 0.7389999999999999900, -0.1210000000000002300, -1.268397002463279700E-017 ) ) ;
#713 = ADVANCED_FACE ( 'NONE', ( #3794 ), #2235, .T. ) ;
#714 = DIRECTION ( 'NONE',  ( 0.0000000000000000000, 0.9510565162951555300, -0.3090169943749416200 ) ) ;
#715 = VERTEX_POINT ( 'NONE', #3433 ) ;
#716 = DIRECTION ( 'NONE',  ( 0.0000000000000000000, 0.3090169943749419000, -0.9510565162951554200 ) ) ;
#717 = CARTESIAN_POINT ( 'NONE',  ( -0.7389999999999999900, -1.365923996832131600E-016, -0.1250000000000000000 ) ) ;
#718 = EDGE_CURVE ( 'NONE', #1240, #1278, #3066, .T. ) ;
#719 = EDGE_LOOP ( 'NONE', ( #3343, #2574, #104, #1693 ) ) ;
#720 = ORIENTED_EDGE ( 'NONE', *, *, #86, .T. ) ;
#721 = ORIENTED_EDGE ( 'NONE', *, *, #4195, .T. ) ;
#722 = CARTESIAN_POINT ( 'NONE',  ( 0.7510000000000000000, 0.2787401574803149400, 0.1250000000000001700 ) ) ;
#723 = FILL_AREA_STYLE ('',( #1738 ) ) ;
#724 = ORIENTED_EDGE ( 'NONE', *, *, #1679, .F. ) ;
#725 = EDGE_LOOP ( 'NONE', ( #1466, #2398, #3155, #3255 ) ) ;
#726 = CARTESIAN_POINT ( 'NONE',  ( 0.6224999999999999400, 0.2749999999999999100, -0.3157878402833891900 ) ) ;
#727 = ADVANCED_FACE ( 'NONE', ( #4102 ), #679, .T. ) ;
#728 = DIRECTION ( 'NONE',  ( -1.000000000000000000, 0.0000000000000000000, 0.0000000000000000000 ) ) ;
#729 = ORIENTED_EDGE ( 'NONE', *, *, #1175, .T. ) ;
#730 = LINE ( 'NONE', #3824, #2083 ) ;
#731 = VECTOR ( 'NONE', #2015, 39.37007874015748100 ) ;
#732 = EDGE_CURVE ( 'NONE', #3898, #584, #2335, .T. ) ;
#733 = DIRECTION ( 'NONE',  ( 1.138269997360112700E-014, 1.000000000000000000, 0.0000000000000000000 ) ) ;
#734 = VERTEX_POINT ( 'NONE', #248 ) ;
#735 = VECTOR ( 'NONE', #1643, 39.37007874015748100 ) ;
#736 = DIRECTION ( 'NONE',  ( -1.000000000000000000, 0.0000000000000000000, 0.0000000000000000000 ) ) ;
#737 = AXIS2_PLACEMENT_3D ( 'NONE', #646, #2614, #3248 ) ;
#738 = ADVANCED_FACE ( 'NONE', ( #3911 ), #2834, .F. ) ;
#739 = ORIENTED_EDGE ( 'NONE', *, *, #3073, .T. ) ;
#740 = EDGE_CURVE ( 'NONE', #3382, #456, #476, .T. ) ;
#741 = VERTEX_POINT ( 'NONE', #878 ) ;
#742 = LINE ( 'NONE', #3535, #294 ) ;
#743 = DIRECTION ( 'NONE',  ( 1.000000000000000000, 0.0000000000000000000, 0.0000000000000000000 ) ) ;
#744 = VERTEX_POINT ( 'NONE', #1154 ) ;
#745 = FACE_OUTER_BOUND ( 'NONE', #540, .T. ) ;
#746 = ORIENTED_EDGE ( 'NONE', *, *, #1580, .T. ) ;
#747 = LINE ( 'NONE', #252, #1943 ) ;
#748 = DIRECTION ( 'NONE',  ( -1.000000000000000000, -2.525070561829413200E-016, -0.0000000000000000000 ) ) ;
#749 = EDGE_CURVE ( 'NONE', #2257, #1849, #381, .T. ) ;
#750 = LINE ( 'NONE', #1585, #2765 ) ;
#751 = FACE_OUTER_BOUND ( 'NONE', #3828, .T. ) ;
#752 = CARTESIAN_POINT ( 'NONE',  ( 0.1085708163636324000, -0.1506818173096967400, 0.3206299212598426300 ) ) ;
#753 = CIRCLE ( 'NONE', #3749, 0.04134988530312788000 ) ;
#754 = VERTEX_POINT ( 'NONE', #1822 ) ;
#755 = DIRECTION ( 'NONE',  ( -1.000000000000000000, 0.0000000000000000000, 0.0000000000000000000 ) ) ;
#756 = ORIENTED_EDGE ( 'NONE', *, *, #318, .F. ) ;
#757 = VECTOR ( 'NONE', #2905, 39.37007874015748900 ) ;
#758 = DIRECTION ( 'NONE',  ( 0.0000000000000000000, 0.0000000000000000000, 1.000000000000000000 ) ) ;
#759 = DIRECTION ( 'NONE',  ( 0.0000000000000000000, 0.0000000000000000000, 1.000000000000000000 ) ) ;
#760 = CARTESIAN_POINT ( 'NONE',  ( 1.031000000000000800, 0.2515788080029212100, -0.09048522344134479800 ) ) ;
#761 = ADVANCED_FACE ( 'NONE', ( #2748 ), #3536, .F. ) ;
#762 = CARTESIAN_POINT ( 'NONE',  ( 0.7104899079217181800, 0.5558435179377633200, 0.1250000000000000600 ) ) ;
#763 = ORIENTED_EDGE ( 'NONE', *, *, #1668, .F. ) ;
#764 = AXIS2_PLACEMENT_3D ( 'NONE', #3871, #4166, #3208 ) ;
#765 = EDGE_CURVE ( 'NONE', #2278, #567, #3407, .T. ) ;
#766 = VECTOR ( 'NONE', #926, 39.37007874015748100 ) ;
#767 = DIRECTION ( 'NONE',  ( 0.0000000000000000000, 0.0000000000000000000, -1.000000000000000000 ) ) ;
#768 = ORIENTED_EDGE ( 'NONE', *, *, #2874, .T. ) ;
#769 = CARTESIAN_POINT ( 'NONE',  ( 0.7389999999999997700, 0.2787401574803147200, 0.1250000000000000600 ) ) ;
#770 = AXIS2_PLACEMENT_3D ( 'NONE', #4006, #3991, #2008 ) ;
#771 =( NAMED_UNIT ( * ) PLANE_ANGLE_UNIT ( ) SI_UNIT ( $, .RADIAN. ) );
#772 = DIRECTION ( 'NONE',  ( -2.525070561829413200E-016, 1.000000000000000000, 0.0000000000000000000 ) ) ;
#773 = DIRECTION ( 'NONE',  ( 1.000000000000000000, -0.0000000000000000000, -0.0000000000000000000 ) ) ;
#774 = ORIENTED_EDGE ( 'NONE', *, *, #3011, .F. ) ;
#775 = EDGE_LOOP ( 'NONE', ( #2383, #1973, #585, #1141 ) ) ;
#776 = CARTESIAN_POINT ( 'NONE',  ( -0.7510000000000000000, 0.1999999999999999800, 0.1250000000000000300 ) ) ;
#777 = ORIENTED_EDGE ( 'NONE', *, *, #3810, .F. ) ;
#778 = ORIENTED_EDGE ( 'NONE', *, *, #3919, .T. ) ;
#779 = AXIS2_PLACEMENT_3D ( 'NONE', #365, #1017, #3352 ) ;
#780 = DIRECTION ( 'NONE',  ( 0.01745240643727697200, -0.9998476951563912700, 0.0000000000000000000 ) ) ;
#781 = CARTESIAN_POINT ( 'NONE',  ( 0.7389999999999997700, 0.2787401574803147200, 0.09948246940511164300 ) ) ;
#782 = CIRCLE ( 'NONE', #393, 0.2000000000000000900 ) ;
#783 = ADVANCED_FACE ( 'NONE', ( #3978 ), #2221, .T. ) ;
#784 = ORIENTED_EDGE ( 'NONE', *, *, #1793, .F. ) ;
#785 = EDGE_CURVE ( 'NONE', #3742, #2511, #3206, .T. ) ;
#786 = VECTOR ( 'NONE', #1673, 39.37007874015748100 ) ;
#787 = PLANE ( 'NONE',  #2318 ) ;
#788 = DIRECTION ( 'NONE',  ( -0.01745240643727697200, -0.9998476951563912700, 0.0000000000000000000 ) ) ;
#789 = CARTESIAN_POINT ( 'NONE',  ( 0.6056793005852027000, 0.3924603339927483800, 0.1250000000000000600 ) ) ;
#790 = EDGE_LOOP ( 'NONE', ( #577, #3490, #2052, #1400 ) ) ;
#791 = VECTOR ( 'NONE', #1699, 39.37007874015748100 ) ;
#792 = DIRECTION ( 'NONE',  ( 0.0000000000000000000, 0.0000000000000000000, 1.000000000000000000 ) ) ;
#793 = LINE ( 'NONE', #1688, #2449 ) ;
#794 = CARTESIAN_POINT ( 'NONE',  ( -0.8386596052609225400, 0.3632409713257484000, 0.3556977476190095200 ) ) ;
#795 = EDGE_CURVE ( 'NONE', #871, #849, #2101, .T. ) ;
#796 = ORIENTED_EDGE ( 'NONE', *, *, #2903, .F. ) ;
#797 = LINE ( 'NONE', #4238, #2757 ) ;
#798 = DIRECTION ( 'NONE',  ( -1.000000000000000000, 0.0000000000000000000, 0.0000000000000000000 ) ) ;
#799 = LINE ( 'NONE', #1814, #3244 ) ;
#800 = ORIENTED_EDGE ( 'NONE', *, *, #3895, .F. ) ;
#801 = UNCERTAINTY_MEASURE_WITH_UNIT (LENGTH_MEASURE( 1.000000000000000100E-005 ), #1298, 'distance_accuracy_value', 'NONE');
#802 = AXIS2_PLACEMENT_3D ( 'NONE', #789, #4129, #1811 ) ;
#803 = ORIENTED_EDGE ( 'NONE', *, *, #3073, .F. ) ;
#804 = VECTOR ( 'NONE', #4165, 39.37007874015748100 ) ;
#805 =( LENGTH_UNIT ( ) NAMED_UNIT ( * ) SI_UNIT ( $, .METRE. ) );
#806 = EDGE_CURVE ( 'NONE', #2945, #1267, #2261, .T. ) ;
#807 = ORIENTED_EDGE ( 'NONE', *, *, #485, .F. ) ;
#808 = CIRCLE ( 'NONE', #110, 0.02500000000000000500 ) ;
#809 = DIRECTION ( 'NONE',  ( -0.0000000000000000000, 1.000000000000000000, 1.224955720424438600E-016 ) ) ;
#810 = ORIENTED_EDGE ( 'NONE', *, *, #4254, .F. ) ;
#811 = VECTOR ( 'NONE', #2488, 39.37007874015748100 ) ;
#812 = DIRECTION ( 'NONE',  ( -2.525070561829413200E-016, 1.000000000000000000, 0.0000000000000000000 ) ) ;
#813 = EDGE_CURVE ( 'NONE', #3408, #567, #1377, .T. ) ;
#814 = CARTESIAN_POINT ( 'NONE',  ( -0.7952190705184454300, 0.5999999999999999800, -0.3600000000000003800 ) ) ;
#815 = AXIS2_PLACEMENT_3D ( 'NONE', #3689, #2333, #3016 ) ;
#816 = ORIENTED_EDGE ( 'NONE', *, *, #3638, .F. ) ;
#817 = EDGE_CURVE ( 'NONE', #1714, #1221, #2413, .T. ) ;
#818 = CARTESIAN_POINT ( 'NONE',  ( -0.7450000000000001100, -0.02500000000000000100, -0.3190000000000000100 ) ) ;
#819 = CYLINDRICAL_SURFACE ( 'NONE', #1703, 0.2000000000000000900 ) ;
#820 = ORIENTED_EDGE ( 'NONE', *, *, #241, .T. ) ;
#821 = CARTESIAN_POINT ( 'NONE',  ( -0.6825000000000000000, -0.07127237034785331700, -0.1053149606299212400 ) ) ;
#822 = CARTESIAN_POINT ( 'NONE',  ( 0.6825000000000000000, 0.3500000000000000300, -0.3600000000000003800 ) ) ;
#823 = DIRECTION ( 'NONE',  ( 0.0000000000000000000, 0.0000000000000000000, -1.000000000000000000 ) ) ;
#824 = ORIENTED_EDGE ( 'NONE', *, *, #3114, .F. ) ;
#825 = EDGE_CURVE ( 'NONE', #14, #1042, #4247, .T. ) ;
#826 = AXIS2_PLACEMENT_3D ( 'NONE', #3654, #2641, #360 ) ;
#827 = DIRECTION ( 'NONE',  ( -1.000000000000000000, 0.0000000000000000000, 0.0000000000000000000 ) ) ;
#828 = ADVANCED_FACE ( 'NONE', ( #1631 ), #2211, .F. ) ;
#829 = VERTEX_POINT ( 'NONE', #1489 ) ;
#830 = ORIENTED_EDGE ( 'NONE', *, *, #825, .T. ) ;
#831 = ORIENTED_EDGE ( 'NONE', *, *, #4162, .F. ) ;
#832 = EDGE_CURVE ( 'NONE', #3625, #846, #966, .T. ) ;
#833 = CARTESIAN_POINT ( 'NONE',  ( 0.0000000000000000000, 0.1999999999999999800, -4.899822881697755100E-017 ) ) ;
#834 = PLANE ( 'NONE',  #1840 ) ;
#835 = ORIENTED_EDGE ( 'NONE', *, *, #250, .F. ) ;
#836 = ORIENTED_EDGE ( 'NONE', *, *, #3721, .F. ) ;
#837 = VECTOR ( 'NONE', #2909, 39.37007874015748100 ) ;
#838 = DIRECTION ( 'NONE',  ( 1.000000000000000000, -0.0000000000000000000, -0.0000000000000000000 ) ) ;
#839 = EDGE_CURVE ( 'NONE', #1096, #1705, #3355, .T. ) ;
#840 = CARTESIAN_POINT ( 'NONE',  ( 1.368721538571910700, 0.1149999999999998400, -0.1250000000000000000 ) ) ;
#841 = EDGE_CURVE ( 'NONE', #543, #3278, #3001, .T. ) ;
#842 = EDGE_LOOP ( 'NONE', ( #3130, #3070, #993, #1684 ) ) ;
#843 = VECTOR ( 'NONE', #388, 39.37007874015748100 ) ;
#844 = CARTESIAN_POINT ( 'NONE',  ( -0.8352129783247008700, 0.5606980962574910100, 0.2915400385671660400 ) ) ;
#845 = CARTESIAN_POINT ( 'NONE',  ( -0.7510000000000000000, -0.1209999999999998400, 0.01899999999999997900 ) ) ;
#846 = VERTEX_POINT ( 'NONE', #2580 ) ;
#847 = CARTESIAN_POINT ( 'NONE',  ( 0.7510000000000000000, -0.1210000000000002300, -0.01899999999999997900 ) ) ;
#848 = DIRECTION ( 'NONE',  ( 0.0000000000000000000, 1.000000000000000000, 0.0000000000000000000 ) ) ;
#849 = VERTEX_POINT ( 'NONE', #2915 ) ;
#850 = CIRCLE ( 'NONE', #3122, 0.02499999999999997400 ) ;
#851 = DIRECTION ( 'NONE',  ( 0.0000000000000000000, -1.000000000000000000, -1.064665559469244000E-016 ) ) ;
#852 = ADVANCED_FACE ( 'NONE', ( #1064 ), #2947, .T. ) ;
#853 = AXIS2_PLACEMENT_3D ( 'NONE', #1016, #709, #3036 ) ;
#854 = ORIENTED_EDGE ( 'NONE', *, *, #44, .T. ) ;
#855 = VECTOR ( 'NONE', #2361, 39.37007874015748100 ) ;
#856 = CARTESIAN_POINT ( 'NONE',  ( -0.7510000000000000000, 0.2515788080029211500, 0.09048522344134479800 ) ) ;
#857 = ORIENTED_EDGE ( 'NONE', *, *, #4120, .T. ) ;
#858 = FACE_OUTER_BOUND ( 'NONE', #3330, .T. ) ;
#859 = FACE_OUTER_BOUND ( 'NONE', #990, .T. ) ;
#860 = CARTESIAN_POINT ( 'NONE',  ( 0.6072933452020572400, 0.3985966023912279600, 0.1250000000000000600 ) ) ;
#861 = AXIS2_PLACEMENT_3D ( 'NONE', #172, #158, #827 ) ;
#862 = VECTOR ( 'NONE', #4262, 39.37007874015748100 ) ;
#863 = VECTOR ( 'NONE', #1166, 39.37007874015748100 ) ;
#864 = DIRECTION ( 'NONE',  ( 0.0000000000000000000, -1.000000000000000000, -1.330831949336555000E-017 ) ) ;
#865 = VERTEX_POINT ( 'NONE', #3243 ) ;
#866 = DIRECTION ( 'NONE',  ( -0.0000000000000000000, -0.0000000000000000000, 1.000000000000000000 ) ) ;
#867 = PLANE ( 'NONE',  #511 ) ;
#868 = CARTESIAN_POINT ( 'NONE',  ( 0.7265285573078407200, 0.5558435179377619900, 0.1250000000000000600 ) ) ;
#869 = DIRECTION ( 'NONE',  ( 1.000000000000000000, -8.516452750778373100E-015, 0.0000000000000000000 ) ) ;
#870 = DIRECTION ( 'NONE',  ( -5.485638541494506100E-017, -1.000000000000000000, 0.0000000000000000000 ) ) ;
#871 = VERTEX_POINT ( 'NONE', #1247 ) ;
#872 = FACE_OUTER_BOUND ( 'NONE', #3420, .T. ) ;
#873 = DIRECTION ( 'NONE',  ( 0.0000000000000000000, 1.000000000000000000, 0.0000000000000000000 ) ) ;
#874 = VERTEX_POINT ( 'NONE', #3917 ) ;
#875 = CARTESIAN_POINT ( 'NONE',  ( 0.7510000000000000000, 0.5999999999999999800, 0.1250000000000000600 ) ) ;
#876 = ORIENTED_EDGE ( 'NONE', *, *, #3065, .F. ) ;
#877 = ADVANCED_FACE ( 'NONE', ( #1478 ), #3105, .F. ) ;
#878 = CARTESIAN_POINT ( 'NONE',  ( -0.6825000000000000000, 0.1999999999999999800, -0.1053149606299212400 ) ) ;
#879 = VECTOR ( 'NONE', #1993, 39.37007874015748100 ) ;
#880 = ORIENTED_EDGE ( 'NONE', *, *, #1430, .F. ) ;
#881 =( CONVERSION_BASED_UNIT ( 'INCH', #2697 ) LENGTH_UNIT ( ) NAMED_UNIT ( #2000 ) );
#882 = CARTESIAN_POINT ( 'NONE',  ( 0.6072933452020572400, 0.3985966023912279600, 0.1250000000000000600 ) ) ;
#883 = VERTEX_POINT ( 'NONE', #935 ) ;
#884 = DIRECTION ( 'NONE',  ( 0.0000000000000000000, 0.9510565162951553100, 0.3090169943749418400 ) ) ;
#885 = AXIS2_PLACEMENT_3D ( 'NONE', #3918, #350, #3357 ) ;
#886 = VERTEX_POINT ( 'NONE', #908 ) ;
#887 = EDGE_CURVE ( 'NONE', #920, #2600, #2209, .T. ) ;
#888 = EDGE_LOOP ( 'NONE', ( #1140, #4258, #219, #3843 ) ) ;
#889 = CARTESIAN_POINT ( 'NONE',  ( 0.7389999999999999900, 0.03937007874015724400, -0.09048522344134479800 ) ) ;
#890 = ORIENTED_EDGE ( 'NONE', *, *, #405, .F. ) ;
#891 = ORIENTED_EDGE ( 'NONE', *, *, #2269, .T. ) ;
#892 = DIRECTION ( 'NONE',  ( 0.0000000000000000000, -1.000000000000000000, 0.0000000000000000000 ) ) ;
#893 = DIRECTION ( 'NONE',  ( 0.01659846625565440700, -0.9509254949162524500, 0.3089744229483084000 ) ) ;
#894 = EDGE_CURVE ( 'NONE', #1444, #950, #1558, .T. ) ;
#895 = CARTESIAN_POINT ( 'NONE',  ( -0.7952190705184454300, 0.5599999999999999400, -0.07500000000000002500 ) ) ;
#896 = VERTEX_POINT ( 'NONE', #3572 ) ;
#897 = AXIS2_PLACEMENT_3D ( 'NONE', #4201, #3585, #529 ) ;
#898 = CARTESIAN_POINT ( 'NONE',  ( 0.0000000000000000000, 0.5999999999999999800, 0.2787700759417753300 ) ) ;
#899 = CARTESIAN_POINT ( 'NONE',  ( 0.6224999999999999400, 0.2749999999999999100, -0.3600000000000003800 ) ) ;
#900 = CARTESIAN_POINT ( 'NONE',  ( 0.6825000000000000000, 0.5999999999999999800, 0.2787700759417751600 ) ) ;
#901 = ORIENTED_EDGE ( 'NONE', *, *, #6, .T. ) ;
#902 = FACE_OUTER_BOUND ( 'NONE', #533, .T. ) ;
#903 = DIRECTION ( 'NONE',  ( 0.0000000000000000000, 0.0000000000000000000, 1.000000000000000000 ) ) ;
#904 = CARTESIAN_POINT ( 'NONE',  ( -0.6676803216288633700, 0.2953282504089043700, 0.3210460784688832800 ) ) ;
#905 = ORIENTED_EDGE ( 'NONE', *, *, #2082, .T. ) ;
#906 = FACE_OUTER_BOUND ( 'NONE', #1598, .T. ) ;
#907 = CARTESIAN_POINT ( 'NONE',  ( -0.7510000000000000000, -0.1399999999999998500, -1.268397002463279700E-017 ) ) ;
#908 = CARTESIAN_POINT ( 'NONE',  ( -0.7510000000000000000, -1.365923996832131600E-016, 0.07499999999999998300 ) ) ;
#909 = ORIENTED_EDGE ( 'NONE', *, *, #4037, .T. ) ;
#910 = COLOUR_RGB ( '',0.2509803921568627400, 0.2509803921568627400, 0.2509803921568627400 ) ;
#911 = CIRCLE ( 'NONE', #1312, 0.06871782983251850700 ) ;
#912 = DIRECTION ( 'NONE',  ( 1.000000000000000000, -2.525070561829413200E-016, -0.0000000000000000000 ) ) ;
#913 = ORIENTED_EDGE ( 'NONE', *, *, #4075, .T. ) ;
#914 = LINE ( 'NONE', #513, #3713 ) ;
#915 = CARTESIAN_POINT ( 'NONE',  ( 0.5936793005852028000, 0.2482104724122009000, 0.1250000000000000600 ) ) ;
#916 = ORIENTED_EDGE ( 'NONE', *, *, #3588, .T. ) ;
#917 = LINE ( 'NONE', #2712, #1948 ) ;
#918 = EDGE_CURVE ( 'NONE', #366, #128, #706, .T. ) ;
#919 = DIRECTION ( 'NONE',  ( 3.738843057022260000E-015, 0.0000000000000000000, -1.000000000000000000 ) ) ;
#920 = VERTEX_POINT ( 'NONE', #2587 ) ;
#921 = DIRECTION ( 'NONE',  ( 0.0000000000000000000, 1.000000000000000000, 0.0000000000000000000 ) ) ;
#922 = CARTESIAN_POINT ( 'NONE',  ( -0.6825000000000000000, 0.3349999999999998500, 0.1250000000000000300 ) ) ;
#923 = ADVANCED_FACE ( 'NONE', ( #3259 ), #2959, .T. ) ;
#924 = DIRECTION ( 'NONE',  ( -1.000000000000000000, 0.0000000000000000000, 0.0000000000000000000 ) ) ;
#925 = LINE ( 'NONE', #2562, #2417 ) ;
#926 = DIRECTION ( 'NONE',  ( 0.0000000000000000000, 0.0000000000000000000, 1.000000000000000000 ) ) ;
#927 = CARTESIAN_POINT ( 'NONE',  ( 0.7389999999999999900, 0.2515788080029211500, -0.09948246940511164300 ) ) ;
#928 = ORIENTED_EDGE ( 'NONE', *, *, #3338, .F. ) ;
#929 = CARTESIAN_POINT ( 'NONE',  ( -0.7389999999999999900, 0.03937007874015763900, -0.01899999999999999600 ) ) ;
#930 = AXIS2_PLACEMENT_3D ( 'NONE', #3053, #1092, #3082 ) ;
#931 = VERTEX_POINT ( 'NONE', #3292 ) ;
#932 = DIRECTION ( 'NONE',  ( 0.0000000000000000000, 1.000000000000000000, 0.0000000000000000000 ) ) ;
#933 = DIRECTION ( 'NONE',  ( 0.0000000000000000000, -1.000000000000000000, 0.0000000000000000000 ) ) ;
#934 = DIRECTION ( 'NONE',  ( 1.000000000000000000, -2.525070561829413200E-016, -0.0000000000000000000 ) ) ;
#935 = CARTESIAN_POINT ( 'NONE',  ( 0.1085708163636324000, 0.1506818173096967400, -0.3600000000000001000 ) ) ;
#936 = CARTESIAN_POINT ( 'NONE',  ( 0.7510000000000000000, 0.5803149606299211600, -0.09048522344134479800 ) ) ;
#937 = AXIS2_PLACEMENT_3D ( 'NONE', #1410, #2754, #3496 ) ;
#938 = EDGE_LOOP ( 'NONE', ( #17, #4161, #4186, #3874 ) ) ;
#939 = CARTESIAN_POINT ( 'NONE',  ( -0.7450000000000001100, -0.0000000000000000000, -0.3190000000000000100 ) ) ;
#940 = ORIENTED_EDGE ( 'NONE', *, *, #2347, .T. ) ;
#941 = VERTEX_POINT ( 'NONE', #2635 ) ;
#942 = ORIENTED_EDGE ( 'NONE', *, *, #2903, .T. ) ;
#943 = CARTESIAN_POINT ( 'NONE',  ( 0.0000000000000000000, 0.0000000000000000000, 0.3600000000000001000 ) ) ;
#944 = DIRECTION ( 'NONE',  ( -1.000000000000000000, 0.0000000000000000000, 0.0000000000000000000 ) ) ;
#945 = VERTEX_POINT ( 'NONE', #984 ) ;
#946 = CARTESIAN_POINT ( 'NONE',  ( 0.0000000000000000000, 0.3499999999999999800, 0.3600000000000002600 ) ) ;
#947 = CARTESIAN_POINT ( 'NONE',  ( -0.6825000000000000000, 0.3349999999999999100, -0.3600000000000003800 ) ) ;
#948 = AXIS2_PLACEMENT_3D ( 'NONE', #939, #621, #633 ) ;
#949 = DIRECTION ( 'NONE',  ( 0.0000000000000000000, 0.0000000000000000000, 1.000000000000000000 ) ) ;
#950 = VERTEX_POINT ( 'NONE', #1642 ) ;
#951 = LINE ( 'NONE', #116, #3498 ) ;
#952 = DIRECTION ( 'NONE',  ( 0.0000000000000000000, 0.0000000000000000000, 1.000000000000000000 ) ) ;
#953 = EDGE_LOOP ( 'NONE', ( #2436, #1936, #492, #1283, #2956, #3466 ) ) ;
#954 = ORIENTED_EDGE ( 'NONE', *, *, #1978, .F. ) ;
#955 = FACE_OUTER_BOUND ( 'NONE', #1389, .T. ) ;
#956 = B_SPLINE_CURVE_WITH_KNOTS ( 'NONE', 3,
 ( #2667, #1606, #688, #4297, #4282, #3005, #315, #1975, #4, #2310, #1650, #3653, #3987, #634 ),
 .UNSPECIFIED., .F., .F.,
 ( 4, 2, 2, 2, 2, 2, 4 ),
 ( 0.0000000000000000000, 0.0002993254105211307300, 0.0005986508210422614600, 0.0008979762315633921400, 0.001197301642084522900, 0.001795952463126791700, 0.002394603284169060600 ),
 .UNSPECIFIED. ) ;
#957 = DIRECTION ( 'NONE',  ( 1.000000000000000000, -8.516452750778373100E-015, 0.0000000000000000000 ) ) ;
#958 = CARTESIAN_POINT ( 'NONE',  ( 0.6825000000000000000, 0.2787401574803149400, -0.1053149606299211700 ) ) ;
#959 = ORIENTED_EDGE ( 'NONE', *, *, #3323, .T. ) ;
#960 = LINE ( 'NONE', #1713, #4289 ) ;
#961 = CLOSED_SHELL ( 'NONE', ( #3052, #1702, #3886, #4208, #1496, #4157, #4092, #450, #978, #1893, #140, #1690, #3561, #2459, #2502, #3695, #4046, #2032, #3860, #2169, #4074, #1255, #2829, #8, #2340, #3534, #4000 ) ) ;
#962 = VECTOR ( 'NONE', #1005, 39.37007874015748100 ) ;
#963 = VECTOR ( 'NONE', #3899, 39.37007874015748100 ) ;
#964 = EDGE_CURVE ( 'NONE', #1309, #3909, #2154, .T. ) ;
#965 = LINE ( 'NONE', #1517, #863 ) ;
#966 = LINE ( 'NONE', #545, #3518 ) ;
#967 = ORIENTED_EDGE ( 'NONE', *, *, #2110, .T. ) ;
#968 = CARTESIAN_POINT ( 'NONE',  ( 0.7389999999999999900, 0.5558435179377619900, -0.1249999999999999900 ) ) ;
#969 = EDGE_CURVE ( 'NONE', #3644, #2144, #1731, .T. ) ;
#970 = CARTESIAN_POINT ( 'NONE',  ( 0.7389999999999999900, 0.1999999999999999800, -4.899822881697755100E-017 ) ) ;
#971 = AXIS2_PLACEMENT_3D ( 'NONE', #1063, #398, #743 ) ;
#972 = CARTESIAN_POINT ( 'NONE',  ( -0.7450000000000001100, -0.05000000000000000300, -0.3190000000000000100 ) ) ;
#973 = EDGE_CURVE ( 'NONE', #2800, #3632, #354, .T. ) ;
#974 = VERTEX_POINT ( 'NONE', #616 ) ;
#975 = DIRECTION ( 'NONE',  ( 0.0000000000000000000, -1.000000000000000000, 0.0000000000000000000 ) ) ;
#976 = ORIENTED_EDGE ( 'NONE', *, *, #1762, .T. ) ;
#977 = AXIS2_PLACEMENT_3D ( 'NONE', #2792, #1481, #505 ) ;
#978 = ADVANCED_FACE ( 'NONE', ( #2051 ), #3962, .T. ) ;
#979 = ORIENTED_EDGE ( 'NONE', *, *, #4083, .F. ) ;
#980 = VECTOR ( 'NONE', #1203, 39.37007874015748100 ) ;
#981 = PLANE ( 'NONE',  #4098 ) ;
#982 = ORIENTED_EDGE ( 'NONE', *, *, #2110, .F. ) ;
#983 = DIRECTION ( 'NONE',  ( 5.028925377838796700E-015, -1.000000000000000000, 0.0000000000000000000 ) ) ;
#984 = CARTESIAN_POINT ( 'NONE',  ( -0.6937497022718428500, 0.3841299163440908800, 0.0000000000000000000 ) ) ;
#985 =( BOUNDED_CURVE ( )  B_SPLINE_CURVE ( 3, ( #2399, #2742, #3115, #3067 ),
 .UNSPECIFIED., .F., .F. ) 
 B_SPLINE_CURVE_WITH_KNOTS ( ( 4, 4 ),
 ( 3.141592653589793100, 4.694935687864752800 ),
 .UNSPECIFIED. ) 
 CURVE ( )  GEOMETRIC_REPRESENTATION_ITEM ( )  RATIONAL_B_SPLINE_CURVE ( ( 1.000000000000000000, 0.8088336327694528600, 0.8088336327694528600, 1.000000000000000000 ) ) 
 REPRESENTATION_ITEM ( '' )  );
#986 = EDGE_LOOP ( 'NONE', ( #3125, #3999, #3504, #3756 ) ) ;
#987 = ORIENTED_EDGE ( 'NONE', *, *, #1504, .T. ) ;
#988 = MECHANICAL_DESIGN_GEOMETRIC_PRESENTATION_REPRESENTATION (  '', ( #1648 ), #3086 ) ;
#989 = VERTEX_POINT ( 'NONE', #2985 ) ;
#990 = EDGE_LOOP ( 'NONE', ( #297, #1034, #4051, #2926, #2065 ) ) ;
#991 = EDGE_CURVE ( 'NONE', #883, #3234, #3154, .T. ) ;
#992 = CARTESIAN_POINT ( 'NONE',  ( 0.6056793005852027000, 0.3924603339927483800, 0.1250000000000000600 ) ) ;
#993 = ORIENTED_EDGE ( 'NONE', *, *, #1175, .F. ) ;
#994 = ADVANCED_FACE ( 'NONE', ( #1164 ), #1938, .F. ) ;
#995 = EDGE_CURVE ( 'NONE', #1930, #2746, #2364, .T. ) ;
#996 = AXIS2_PLACEMENT_3D ( 'NONE', #4041, #2043, #1392 ) ;
#997 = VECTOR ( 'NONE', #2470, 39.37007874015748100 ) ;
#998 = VERTEX_POINT ( 'NONE', #1923 ) ;
#999 = VECTOR ( 'NONE', #3963, 39.37007874015748100 ) ;
#1000 = CIRCLE ( 'NONE', #1322, 0.04330708661417324200 ) ;
#1001 = EDGE_LOOP ( 'NONE', ( #1717, #2440, #4286, #524, #1652, #3593 ) ) ;
#1002 = CIRCLE ( 'NONE', #1187, 0.01899999999999998900 ) ;
#1003 = CARTESIAN_POINT ( 'NONE',  ( 1.031000000000000800, 0.2787401574803148300, -0.1250000000000000600 ) ) ;
#1004 = AXIS2_PLACEMENT_3D ( 'NONE', #3856, #1539, #1858 ) ;
#1005 = DIRECTION ( 'NONE',  ( 0.0000000000000000000, 1.000000000000000000, 0.0000000000000000000 ) ) ;
#1006 = DIRECTION ( 'NONE',  ( 0.0000000000000000000, -0.0000000000000000000, -1.000000000000000000 ) ) ;
#1007 = ORIENTED_EDGE ( 'NONE', *, *, #795, .F. ) ;
#1008 = CIRCLE ( 'NONE', #3426, 0.01247144269215793100 ) ;
#1009 = CARTESIAN_POINT ( 'NONE',  ( -0.7510000000000000000, 0.5999999999999999800, 0.1250000000000000600 ) ) ;
#1010 = EDGE_CURVE ( 'NONE', #1285, #313, #2832, .T. ) ;
#1011 = LINE ( 'NONE', #298, #4077 ) ;
#1012 = ORIENTED_EDGE ( 'NONE', *, *, #4030, .F. ) ;
#1013 = VECTOR ( 'NONE', #2529, 39.37007874015748100 ) ;
#1014 = CLOSED_SHELL ( 'NONE', ( #2851, #2929, #3213, #2681, #3770, #3719, #400, #1433, #175, #738, #4023, #1238, #1357, #1315, #204, #3387, #3030, #2401, #1076, #3121, #4252, #1475, #1337, #2576, #1020, #1292, #486, #727, #3367, #713, #377, #783, #3069, #3144, #1053, #1593, #994, #2733, #70, #3833, #94, #2380 ) ) ;
#1015 = LINE ( 'NONE', #2384, #3977 ) ;
#1016 = CARTESIAN_POINT ( 'NONE',  ( -0.7389999999999999900, -0.1209999999999998400, -1.268397002463279700E-017 ) ) ;
#1017 = DIRECTION ( 'NONE',  ( 1.000000000000000000, -0.0000000000000000000, -0.0000000000000000000 ) ) ;
#1018 = DIRECTION ( 'NONE',  ( 0.0000000000000000000, 1.000000000000000000, 1.224955720424438600E-016 ) ) ;
#1019 = EDGE_CURVE ( 'NONE', #1810, #1855, #3667, .T. ) ;
#1020 = ADVANCED_FACE ( 'NONE', ( #2005 ), #3010, .T. ) ;
#1021 = DIRECTION ( 'NONE',  ( 0.0000000000000000000, 0.0000000000000000000, 1.000000000000000000 ) ) ;
#1022 = CARTESIAN_POINT ( 'NONE',  ( 0.0000000000000000000, 0.0000000000000000000, 0.3600000000000001000 ) ) ;
#1023 = AXIS2_PLACEMENT_3D ( 'NONE', #3197, #3138, #583 ) ;
#1024 = PLANE ( 'NONE',  #2603 ) ;
#1025 = ORIENTED_EDGE ( 'NONE', *, *, #1957, .T. ) ;
#1026 = DIRECTION ( 'NONE',  ( -1.000000000000000000, 0.0000000000000000000, 0.0000000000000000000 ) ) ;
#1027 = DIRECTION ( 'NONE',  ( -0.0000000000000000000, -0.0000000000000000000, -1.000000000000000000 ) ) ;
#1028 = EDGE_CURVE ( 'NONE', #102, #1438, #2893, .T. ) ;
#1029 = DIRECTION ( 'NONE',  ( 0.0000000000000000000, 1.000000000000000000, 0.0000000000000000000 ) ) ;
#1030 = CARTESIAN_POINT ( 'NONE',  ( 0.6825000000000000000, 0.0000000000000000000, 0.1053149606299211700 ) ) ;
#1031 = CARTESIAN_POINT ( 'NONE',  ( -0.7389999999999999900, -0.1399999999999998500, -1.268397002463279700E-017 ) ) ;
#1032 = CARTESIAN_POINT ( 'NONE',  ( -0.7389999999999999900, 0.0000000000000000000, 0.1053149606299212400 ) ) ;
#1033 = VERTEX_POINT ( 'NONE', #2016 ) ;
#1034 = ORIENTED_EDGE ( 'NONE', *, *, #1668, .T. ) ;
#1035 = CARTESIAN_POINT ( 'NONE',  ( 0.7510000000000000000, 0.0000000000000000000, -0.1053149606299214300 ) ) ;
#1036 = VERTEX_POINT ( 'NONE', #2006 ) ;
#1037 = EDGE_CURVE ( 'NONE', #3912, #1358, #1114, .T. ) ;
#1038 = CARTESIAN_POINT ( 'NONE',  ( 0.7510000000000000000, 0.5999999999999999800, 0.1250000000000000600 ) ) ;
#1039 = ORIENTED_EDGE ( 'NONE', *, *, #4047, .T. ) ;
#1040 = DIRECTION ( 'NONE',  ( -1.000000000000000000, 0.0000000000000000000, -3.738843057022260000E-015 ) ) ;
#1041 = AXIS2_PLACEMENT_3D ( 'NONE', #2762, #1733, #3447 ) ;
#1042 = VERTEX_POINT ( 'NONE', #43 ) ;
#1043 = EDGE_CURVE ( 'NONE', #2011, #3418, #1895, .T. ) ;
#1044 = FACE_OUTER_BOUND ( 'NONE', #4025, .T. ) ;
#1045 = DIRECTION ( 'NONE',  ( -0.0000000000000000000, 0.0000000000000000000, 1.000000000000000000 ) ) ;
#1046 = ORIENTED_EDGE ( 'NONE', *, *, #686, .T. ) ;
#1047 = VECTOR ( 'NONE', #1548, 39.37007874015748100 ) ;
#1048 = DIRECTION ( 'NONE',  ( -0.0000000000000000000, -0.0000000000000000000, -1.000000000000000000 ) ) ;
#1049 = ORIENTED_EDGE ( 'NONE', *, *, #2601, .F. ) ;
#1050 = EDGE_CURVE ( 'NONE', #2618, #4284, #4223, .T. ) ;
#1051 = ORIENTED_EDGE ( 'NONE', *, *, #4227, .T. ) ;
#1052 = CARTESIAN_POINT ( 'NONE',  ( -0.6825000000000000000, 0.1149999999999998400, 0.1250000000000000000 ) ) ;
#1053 = ADVANCED_FACE ( 'NONE', ( #21 ), #2671, .F. ) ;
#1054 = DIRECTION ( 'NONE',  ( -0.0000000000000000000, -0.0000000000000000000, -1.000000000000000000 ) ) ;
#1055 = ORIENTED_EDGE ( 'NONE', *, *, #3686, .F. ) ;
#1056 = LINE ( 'NONE', #3643, #497 ) ;
#1057 = ORIENTED_EDGE ( 'NONE', *, *, #2942, .T. ) ;
#1058 = CIRCLE ( 'NONE', #948, 0.02499999999999993900 ) ;
#1059 = CARTESIAN_POINT ( 'NONE',  ( -0.7510000000000000000, 0.5803149606299211600, 0.1250000000000000600 ) ) ;
#1060 = LINE ( 'NONE', #1862, #3458 ) ;
#1061 = CARTESIAN_POINT ( 'NONE',  ( 0.7510000000000000000, 0.1999999999999999800, 0.1250000000000000300 ) ) ;
#1062 = LINE ( 'NONE', #3494, #1785 ) ;
#1063 = CARTESIAN_POINT ( 'NONE',  ( 0.7104899079217181800, 0.5558435179377633200, 0.1250000000000000600 ) ) ;
#1064 = FACE_OUTER_BOUND ( 'NONE', #2988, .T. ) ;
#1065 = EDGE_LOOP ( 'NONE', ( #3613, #390, #480, #1137 ) ) ;
#1066 = DIRECTION ( 'NONE',  ( 0.0000000000000000000, 0.0000000000000000000, 1.000000000000000000 ) ) ;
#1067 = VERTEX_POINT ( 'NONE', #1657 ) ;
#1068 = ORIENTED_EDGE ( 'NONE', *, *, #1821, .T. ) ;
#1069 = DIRECTION ( 'NONE',  ( -0.0000000000000000000, -0.0000000000000000000, -1.000000000000000000 ) ) ;
#1070 = EDGE_CURVE ( 'NONE', #264, #3117, #117, .T. ) ;
#1071 = CARTESIAN_POINT ( 'NONE',  ( 0.7389999999999997700, 0.2787401574803147200, -0.09948246940511164300 ) ) ;
#1072 = AXIS2_PLACEMENT_3D ( 'NONE', #3531, #3583, #932 ) ;
#1073 = VERTEX_POINT ( 'NONE', #54 ) ;
#1074 = CARTESIAN_POINT ( 'NONE',  ( 0.6825000000000000000, 0.5999999999999999800, -0.3600000000000003800 ) ) ;
#1075 = CARTESIAN_POINT ( 'NONE',  ( -0.6825000000000000000, 0.2787401574803149400, 0.1249999999999999900 ) ) ;
#1076 = ADVANCED_FACE ( 'NONE', ( #2648 ), #371, .T. ) ;
#1077 = EDGE_LOOP ( 'NONE', ( #3277, #3109, #2254 ) ) ;
#1078 = DIRECTION ( 'NONE',  ( -0.01659846625565440700, -0.9509254949162524500, 0.3089744229483084000 ) ) ;
#1079 = DIRECTION ( 'NONE',  ( 0.0000000000000000000, 0.0000000000000000000, -1.000000000000000000 ) ) ;
#1080 = AXIS2_PLACEMENT_3D ( 'NONE', #656, #2986, #1983 ) ;
#1081 = VERTEX_POINT ( 'NONE', #364 ) ;
#1082 = DIRECTION ( 'NONE',  ( 0.0000000000000000000, 0.0000000000000000000, -1.000000000000000000 ) ) ;
#1083 = ADVANCED_FACE ( 'NONE', ( #3448 ), #3657, .T. ) ;
#1084 = VERTEX_POINT ( 'NONE', #1035 ) ;
#1085 = EDGE_CURVE ( 'NONE', #2958, #4245, #1760, .T. ) ;
#1086 = DIRECTION ( 'NONE',  ( -0.0000000000000000000, -0.0000000000000000000, 1.000000000000000000 ) ) ;
#1087 = ORIENTED_EDGE ( 'NONE', *, *, #3635, .T. ) ;
#1088 = ORIENTED_EDGE ( 'NONE', *, *, #6, .F. ) ;
#1089 = CARTESIAN_POINT ( 'NONE',  ( 0.7389999999999999900, 0.5558435179377619900, 0.1250000000000000600 ) ) ;
#1090 = EDGE_CURVE ( 'NONE', #1541, #754, #1000, .T. ) ;
#1091 = ORIENTED_EDGE ( 'NONE', *, *, #1413, .T. ) ;
#1092 = DIRECTION ( 'NONE',  ( -1.000000000000000000, 2.525070561829413700E-016, 0.0000000000000000000 ) ) ;
#1093 = VECTOR ( 'NONE', #458, 39.37007874015748900 ) ;
#1094 = FACE_OUTER_BOUND ( 'NONE', #3322, .T. ) ;
#1095 = PLANE ( 'NONE',  #2302 ) ;
#1096 = VERTEX_POINT ( 'NONE', #2632 ) ;
#1097 = VECTOR ( 'NONE', #1692, 39.37007874015748100 ) ;
#1098 = PLANE ( 'NONE',  #3058 ) ;
#1099 = AXIS2_PLACEMENT_3D ( 'NONE', #2064, #1045, #1386 ) ;
#1100 = EDGE_CURVE ( 'NONE', #625, #2668, #123, .T. ) ;
#1101 = LINE ( 'NONE', #4153, #2142 ) ;
#1102 = DIRECTION ( 'NONE',  ( 0.0000000000000000000, 1.000000000000000000, -8.537024980200824800E-016 ) ) ;
#1103 = ORIENTED_EDGE ( 'NONE', *, *, #3895, .T. ) ;
#1104 = LINE ( 'NONE', #321, #30 ) ;
#1105 = DIRECTION ( 'NONE',  ( -0.0000000000000000000, -1.000000000000000000, -0.0000000000000000000 ) ) ;
#1106 = EDGE_CURVE ( 'NONE', #3097, #2744, #3553, .T. ) ;
#1107 = CARTESIAN_POINT ( 'NONE',  ( 0.7389999999999999900, -0.1210000000000002300, 0.01899999999999996800 ) ) ;
#1108 = CYLINDRICAL_SURFACE ( 'NONE', #4008, 0.01899999999999998900 ) ;
#1109 = CARTESIAN_POINT ( 'NONE',  ( 1.368721538571910700, 0.1349999999999998100, 0.1249999999999999600 ) ) ;
#1110 = AXIS2_PLACEMENT_3D ( 'NONE', #3946, #266, #2270 ) ;
#1111 = ORIENTED_EDGE ( 'NONE', *, *, #1601, .T. ) ;
#1112 = CYLINDRICAL_SURFACE ( 'NONE', #3092, 0.06000000000000004600 ) ;
#1113 = CYLINDRICAL_SURFACE ( 'NONE', #4053, 0.06000000000000004600 ) ;
#1114 = LINE ( 'NONE', #2274, #189 ) ;
#1115 = DIRECTION ( 'NONE',  ( 1.000000000000000000, 0.0000000000000000000, 0.0000000000000000000 ) ) ;
#1116 = EDGE_CURVE ( 'NONE', #115, #1096, #1986, .T. ) ;
#1117 = CARTESIAN_POINT ( 'NONE',  ( 0.8449999999999997500, 0.0000000000000000000, 0.3600000000000001000 ) ) ;
#1118 = ORIENTED_EDGE ( 'NONE', *, *, #1857, .T. ) ;
#1119 = CARTESIAN_POINT ( 'NONE',  ( 0.7952190705184454300, 0.5999999999999999800, -0.2787700759417754400 ) ) ;
#1120 = ORIENTED_EDGE ( 'NONE', *, *, #1050, .T. ) ;
#1121 = CARTESIAN_POINT ( 'NONE',  ( 1.368721538571910700, 0.1149999999999998400, -0.1250000000000000000 ) ) ;
#1122 = VECTOR ( 'NONE', #759, 39.37007874015748100 ) ;
#1123 = DIRECTION ( 'NONE',  ( 0.0000000000000000000, 1.000000000000000000, 0.0000000000000000000 ) ) ;
#1124 = VECTOR ( 'NONE', #1904, 39.37007874015748100 ) ;
#1125 = ORIENTED_EDGE ( 'NONE', *, *, #1845, .F. ) ;
#1126 = CARTESIAN_POINT ( 'NONE',  ( 0.5936793005852026800, 0.3924603339927483800, -0.1249999999999999900 ) ) ;
#1127 = CARTESIAN_POINT ( 'NONE',  ( 0.6594357505198933400, 0.2870814540500578600, 0.3192561796922500100 ) ) ;
#1128 = EDGE_CURVE ( 'NONE', #2889, #3170, #793, .T. ) ;
#1129 = ORIENTED_EDGE ( 'NONE', *, *, #1897, .F. ) ;
#1130 = CARTESIAN_POINT ( 'NONE',  ( 0.6825000000000000000, 0.1149999999999998400, 0.1250000000000000000 ) ) ;
#1131 = DIRECTION ( 'NONE',  ( 1.000000000000000000, 0.0000000000000000000, 0.0000000000000000000 ) ) ;
#1132 = CARTESIAN_POINT ( 'NONE',  ( -0.1085708163636324000, 0.1506818173096967400, 0.3206299212598426300 ) ) ;
#1133 = DIRECTION ( 'NONE',  ( 0.0000000000000000000, 1.000000000000000000, 1.224955720424438600E-016 ) ) ;
#1134 = ORIENTED_EDGE ( 'NONE', *, *, #1354, .F. ) ;
#1135 = ORIENTED_EDGE ( 'NONE', *, *, #1037, .T. ) ;
#1136 = CARTESIAN_POINT ( 'NONE',  ( 0.7952190705184454300, 0.5999999999999999800, 0.07499999999999998300 ) ) ;
#1137 = ORIENTED_EDGE ( 'NONE', *, *, #894, .F. ) ;
#1138 = AXIS2_PLACEMENT_3D ( 'NONE', #762, #2068, #3374 ) ;
#1139 = DIRECTION ( 'NONE',  ( 1.000000000000000000, -0.0000000000000000000, -0.0000000000000000000 ) ) ;
#1140 = ORIENTED_EDGE ( 'NONE', *, *, #2473, .T. ) ;
#1141 = ORIENTED_EDGE ( 'NONE', *, *, #2033, .F. ) ;
#1142 = CARTESIAN_POINT ( 'NONE',  ( 0.6825000000000000000, 0.3349999999999999100, -0.1250000000000000000 ) ) ;
#1143 = EDGE_CURVE ( 'NONE', #3782, #3098, #440, .T. ) ;
#1144 = DIRECTION ( 'NONE',  ( -1.000000000000000000, 0.0000000000000000000, 0.0000000000000000000 ) ) ;
#1145 = ADVANCED_FACE ( 'NONE', ( #3499 ), #642, .T. ) ;
#1146 = ORIENTED_EDGE ( 'NONE', *, *, #1484, .T. ) ;
#1147 = LINE ( 'NONE', #1184, #290 ) ;
#1148 = DIRECTION ( 'NONE',  ( -0.0000000000000000000, -0.0000000000000000000, 1.000000000000000000 ) ) ;
#1149 = ORIENTED_EDGE ( 'NONE', *, *, #732, .F. ) ;
#1150 = CARTESIAN_POINT ( 'NONE',  ( -0.7294736215309142200, 0.3841299163440908800, 0.05425091828883041300 ) ) ;
#1151 = AXIS2_PLACEMENT_3D ( 'NONE', #680, #3366, #12 ) ;
#1152 = ORIENTED_EDGE ( 'NONE', *, *, #2582, .F. ) ;
#1153 = CIRCLE ( 'NONE', #1331, 0.01899999999999998900 ) ;
#1154 = CARTESIAN_POINT ( 'NONE',  ( -0.7389999999999999900, 0.5803149606299211600, 0.1250000000000000600 ) ) ;
#1155 = ORIENTED_EDGE ( 'NONE', *, *, #2290, .T. ) ;
#1156 = VECTOR ( 'NONE', #406, 39.37007874015748100 ) ;
#1157 = DIRECTION ( 'NONE',  ( 0.0000000000000000000, 0.0000000000000000000, -1.000000000000000000 ) ) ;
#1158 = VERTEX_POINT ( 'NONE', #3288 ) ;
#1159 = FACE_OUTER_BOUND ( 'NONE', #3798, .T. ) ;
#1160 = PLANE ( 'NONE',  #447 ) ;
#1161 = DIRECTION ( 'NONE',  ( -1.000000000000000000, 0.0000000000000000000, 0.0000000000000000000 ) ) ;
#1162 = CARTESIAN_POINT ( 'NONE',  ( 0.6825000000000000000, 0.0000000000000000000, -0.1053149606299211700 ) ) ;
#1163 = DIRECTION ( 'NONE',  ( -0.0000000000000000000, -0.0000000000000000000, 1.000000000000000000 ) ) ;
#1164 = FACE_OUTER_BOUND ( 'NONE', #195, .T. ) ;
#1165 = VERTEX_POINT ( 'NONE', #3630 ) ;
#1166 = DIRECTION ( 'NONE',  ( 0.0000000000000000000, 1.000000000000000000, 0.0000000000000000000 ) ) ;
#1167 = EDGE_CURVE ( 'NONE', #1942, #1158, #3286, .T. ) ;
#1168 = PLANE ( 'NONE',  #1820 ) ;
#1169 = VECTOR ( 'NONE', #2771, 39.37007874015748100 ) ;
#1170 = VERTEX_POINT ( 'NONE', #3331 ) ;
#1171 = ADVANCED_FACE ( 'NONE', ( #1516 ), #1324, .F. ) ;
#1172 = DIRECTION ( 'NONE',  ( -0.0000000000000000000, -0.0000000000000000000, 1.000000000000000000 ) ) ;
#1173 = APPLICATION_CONTEXT ( 'automotive_design' ) ;
#1174 = DIRECTION ( 'NONE',  ( -1.000000000000000000, 0.0000000000000000000, 0.0000000000000000000 ) ) ;
#1175 = EDGE_CURVE ( 'NONE', #1251, #3251, #3863, .T. ) ;
#1176 = DIRECTION ( 'NONE',  ( 0.0000000000000000000, 0.0000000000000000000, 1.000000000000000000 ) ) ;
#1177 = FACE_OUTER_BOUND ( 'NONE', #1262, .T. ) ;
#1178 = CARTESIAN_POINT ( 'NONE',  ( 0.7265285573078407200, 0.5683149606299212600, 0.1250000000000000600 ) ) ;
#1179 = ORIENTED_EDGE ( 'NONE', *, *, #165, .T. ) ;
#1180 = EDGE_CURVE ( 'NONE', #1305, #2732, #2606, .T. ) ;
#1181 = DIRECTION ( 'NONE',  ( -1.000000000000000000, 0.0000000000000000000, 0.0000000000000000000 ) ) ;
#1182 = ORIENTED_EDGE ( 'NONE', *, *, #2264, .T. ) ;
#1183 = CARTESIAN_POINT ( 'NONE',  ( 0.0000000000000000000, 0.3500000000000000300, -0.3600000000000003800 ) ) ;
#1184 = CARTESIAN_POINT ( 'NONE',  ( -0.7450000000000001100, -0.05000000000000000300, -0.3439999999999999200 ) ) ;
#1185 = ORIENTED_EDGE ( 'NONE', *, *, #587, .T. ) ;
#1186 = CARTESIAN_POINT ( 'NONE',  ( 0.6072933452020572400, 0.3985966023912279600, -0.1249999999999999900 ) ) ;
#1187 = AXIS2_PLACEMENT_3D ( 'NONE', #3126, #3444, #3532 ) ;
#1188 = ORIENTED_EDGE ( 'NONE', *, *, #4274, .F. ) ;
#1189 = EDGE_CURVE ( 'NONE', #4059, #950, #1712, .T. ) ;
#1190 = DIRECTION ( 'NONE',  ( 1.000000000000000000, -5.485638541494506100E-017, 0.0000000000000000000 ) ) ;
#1191 = CARTESIAN_POINT ( 'NONE',  ( -0.8183275479078746500, 0.5999999999999998700, -0.2787700759417754400 ) ) ;
#1192 = ORIENTED_EDGE ( 'NONE', *, *, #2082, .F. ) ;
#1193 = ORIENTED_EDGE ( 'NONE', *, *, #2430, .T. ) ;
#1194 = CARTESIAN_POINT ( 'NONE',  ( 0.6825000000000000000, -0.07127237034785331700, 0.1053149606299211700 ) ) ;
#1195 = VERTEX_POINT ( 'NONE', #20 ) ;
#1196 = COLOUR_RGB ( '',0.7921568627450980000, 0.8196078431372548800, 0.9333333333333333500 ) ;
#1197 = LINE ( 'NONE', #431, #1302 ) ;
#1198 = CARTESIAN_POINT ( 'NONE',  ( 0.6745456592561825900, 0.3048910162262438200, 0.3227481297846427900 ) ) ;
#1199 = DIRECTION ( 'NONE',  ( -0.0000000000000000000, 0.0000000000000000000, -1.000000000000000000 ) ) ;
#1200 = DIRECTION ( 'NONE',  ( 0.0000000000000000000, 8.537024980200824800E-016, -1.000000000000000000 ) ) ;
#1201 = VERTEX_POINT ( 'NONE', #3998 ) ;
#1202 = FACE_OUTER_BOUND ( 'NONE', #4035, .T. ) ;
#1203 = DIRECTION ( 'NONE',  ( -0.0000000000000000000, -0.0000000000000000000, 1.000000000000000000 ) ) ;
#1204 = VECTOR ( 'NONE', #2870, 39.37007874015748100 ) ;
#1205 = DIRECTION ( 'NONE',  ( -0.0000000000000000000, -0.0000000000000000000, -1.000000000000000000 ) ) ;
#1206 = CIRCLE ( 'NONE', #2536, 0.05905511811023627500 ) ;
#1207 = DIRECTION ( 'NONE',  ( -0.0000000000000000000, 1.000000000000000000, 1.224955720424438600E-016 ) ) ;
#1208 = AXIS2_PLACEMENT_3D ( 'NONE', #74, #3360, #3691 ) ;
#1209 = EDGE_CURVE ( 'NONE', #846, #1676, #2189, .T. ) ;
#1210 = ORIENTED_EDGE ( 'NONE', *, *, #4123, .F. ) ;
#1211 = VECTOR ( 'NONE', #536, 39.37007874015748100 ) ;
#1212 = DIRECTION ( 'NONE',  ( 1.000000000000000000, -2.525070561829413200E-016, -0.0000000000000000000 ) ) ;
#1213 = EDGE_CURVE ( 'NONE', #3484, #3673, #2084, .T. ) ;
#1214 = CARTESIAN_POINT ( 'NONE',  ( 0.7510000000000000000, 0.5803149606299211600, -0.09948246940511164300 ) ) ;
#1215 = AXIS2_PLACEMENT_3D ( 'NONE', #3547, #600, #4213 ) ;
#1216 = LINE ( 'NONE', #4164, #3765 ) ;
#1217 = ADVANCED_FACE ( 'NONE', ( #2983 ), #1024, .T. ) ;
#1218 = EDGE_LOOP ( 'NONE', ( #2441, #1210, #2230, #2817 ) ) ;
#1219 = FACE_OUTER_BOUND ( 'NONE', #2490, .T. ) ;
#1220 = VECTOR ( 'NONE', #3901, 39.37007874015748100 ) ;
#1221 = VERTEX_POINT ( 'NONE', #4012 ) ;
#1222 = CARTESIAN_POINT ( 'NONE',  ( -0.7389999999999999900, 0.03937007874015763900, 0.01899999999999999600 ) ) ;
#1223 = DIRECTION ( 'NONE',  ( 0.0000000000000000000, -1.000000000000000000, -1.064665559469244000E-016 ) ) ;
#1224 = VERTEX_POINT ( 'NONE', #726 ) ;
#1225 = PLANE ( 'NONE',  #286 ) ;
#1226 = ORIENTED_EDGE ( 'NONE', *, *, #2783, .T. ) ;
#1227 = PLANE ( 'NONE',  #2698 ) ;
#1228 = AXIS2_PLACEMENT_3D ( 'NONE', #4076, #2382, #2096 ) ;
#1229 = DIRECTION ( 'NONE',  ( 1.000000000000000000, -5.485638541494504800E-017, 0.0000000000000000000 ) ) ;
#1230 = EDGE_CURVE ( 'NONE', #871, #829, #4277, .T. ) ;
#1231 = EDGE_CURVE ( 'NONE', #2569, #1170, #2867, .T. ) ;
#1232 = DIRECTION ( 'NONE',  ( -1.000000000000000000, -2.525070561829413200E-016, -0.0000000000000000000 ) ) ;
#1233 = DIRECTION ( 'NONE',  ( -1.000000000000000000, -0.0000000000000000000, -0.0000000000000000000 ) ) ;
#1234 = CARTESIAN_POINT ( 'NONE',  ( 0.8449999999999997500, 0.0000000000000000000, 0.07499999999999998300 ) ) ;
#1235 = EDGE_LOOP ( 'NONE', ( #928, #2650, #1120, #3328 ) ) ;
#1236 = AXIS2_PLACEMENT_3D ( 'NONE', #2095, #3769, #3100 ) ;
#1237 = CARTESIAN_POINT ( 'NONE',  ( -0.8449999999999997500, -1.404950396741621800E-016, -0.3600000000000003800 ) ) ;
#1238 = ADVANCED_FACE ( 'NONE', ( #1044 ), #3063, .F. ) ;
#1239 = AXIS2_PLACEMENT_3D ( 'NONE', #2787, #3544, #4210 ) ;
#1240 = VERTEX_POINT ( 'NONE', #4045 ) ;
#1241 = ORIENTED_EDGE ( 'NONE', *, *, #1028, .F. ) ;
#1242 = CARTESIAN_POINT ( 'NONE',  ( 0.7389999999999999900, -1.365923996832131600E-016, 0.1053149606299213800 ) ) ;
#1243 = CARTESIAN_POINT ( 'NONE',  ( -1.031000000000000800, 0.2515788080029212100, -0.09948246940511164300 ) ) ;
#1244 = EDGE_CURVE ( 'NONE', #3670, #1930, #1980, .T. ) ;
#1245 = ORIENTED_EDGE ( 'NONE', *, *, #3845, .T. ) ;
#1246 = CARTESIAN_POINT ( 'NONE',  ( 1.031000000000000800, 0.2787401574803148300, 0.09948246940511164300 ) ) ;
#1247 = CARTESIAN_POINT ( 'NONE',  ( 0.5968463760646721700, 0.4045009089417488900, 0.1250000000000000600 ) ) ;
#1248 = VERTEX_POINT ( 'NONE', #1075 ) ;
#1249 = VECTOR ( 'NONE', #392, 39.37007874015748100 ) ;
#1250 = UNCERTAINTY_MEASURE_WITH_UNIT (LENGTH_MEASURE( 1.000000000000000100E-005 ), #881, 'distance_accuracy_value', 'NONE');
#1251 = VERTEX_POINT ( 'NONE', #422 ) ;
#1252 = AXIS2_PLACEMENT_3D ( 'NONE', #436, #411, #2439 ) ;
#1253 = CARTESIAN_POINT ( 'NONE',  ( -0.7510000000000000000, -1.365923996832131600E-016, -0.1250000000000000000 ) ) ;
#1254 = DIRECTION ( 'NONE',  ( 0.0000000000000000000, 1.000000000000000000, 1.064665559469244000E-016 ) ) ;
#1255 = ADVANCED_FACE ( 'NONE', ( #1094 ), #1560, .F. ) ;
#1256 = DIRECTION ( 'NONE',  ( -1.000000000000000000, 0.0000000000000000000, 0.0000000000000000000 ) ) ;
#1257 = DIRECTION ( 'NONE',  ( 0.0000000000000000000, -1.000000000000000000, -1.224646799147352500E-016 ) ) ;
#1258 = ORIENTED_EDGE ( 'NONE', *, *, #1706, .T. ) ;
#1259 = VECTOR ( 'NONE', #4100, 39.37007874015748100 ) ;
#1260 = CARTESIAN_POINT ( 'NONE',  ( -0.7510000000000000000, 0.5999999999999999800, 0.1250000000000000600 ) ) ;
#1261 = LINE ( 'NONE', #760, #2397 ) ;
#1262 = EDGE_LOOP ( 'NONE', ( #3951, #2283, #3988, #1940 ) ) ;
#1263 = CARTESIAN_POINT ( 'NONE',  ( -0.7389999999999999900, 0.1999999999999999800, -0.1053149606299212400 ) ) ;
#1264 = EDGE_CURVE ( 'NONE', #3311, #1776, #3332, .T. ) ;
#1265 = LINE ( 'NONE', #2520, #2939 ) ;
#1266 = DIRECTION ( 'NONE',  ( 0.0000000000000000000, 1.000000000000000000, 0.0000000000000000000 ) ) ;
#1267 = VERTEX_POINT ( 'NONE', #3727 ) ;
#1268 = CIRCLE ( 'NONE', #1908, 0.06871782983251850700 ) ;
#1269 = CARTESIAN_POINT ( 'NONE',  ( 0.0000000000000000000, 0.0000000000000000000, -0.3206299212598426300 ) ) ;
#1270 = AXIS2_PLACEMENT_3D ( 'NONE', #3730, #2373, #2104 ) ;
#1271 = EDGE_LOOP ( 'NONE', ( #777, #2943, #3967, #3701, #655 ) ) ;
#1272 = VECTOR ( 'NONE', #864, 39.37007874015748100 ) ;
#1273 = VECTOR ( 'NONE', #3774, 39.37007874015748100 ) ;
#1274 = EDGE_LOOP ( 'NONE', ( #2756, #857, #1365, #4261 ) ) ;
#1275 = DIRECTION ( 'NONE',  ( 0.0000000000000000000, -1.224955720424438600E-016, 1.000000000000000000 ) ) ;
#1276 = EDGE_CURVE ( 'NONE', #1251, #2800, #3548, .T. ) ;
#1277 = ADVANCED_FACE ( 'NONE', ( #258 ), #95, .T. ) ;
#1278 = VERTEX_POINT ( 'NONE', #1747 ) ;
#1279 = DIRECTION ( 'NONE',  ( 0.0000000000000000000, -1.000000000000000000, 0.0000000000000000000 ) ) ;
#1280 = ORIENTED_EDGE ( 'NONE', *, *, #405, .T. ) ;
#1281 = CARTESIAN_POINT ( 'NONE',  ( -0.7510000000000000000, 0.5999999999999999800, 0.07499999999999998300 ) ) ;
#1282 = CARTESIAN_POINT ( 'NONE',  ( 0.0000000000000000000, 0.2787401574803149400, 0.0000000000000000000 ) ) ;
#1283 = ORIENTED_EDGE ( 'NONE', *, *, #141, .T. ) ;
#1284 = VECTOR ( 'NONE', #1223, 39.37007874015748100 ) ;
#1285 = VERTEX_POINT ( 'NONE', #2391 ) ;
#1286 = ORIENTED_EDGE ( 'NONE', *, *, #1545, .F. ) ;
#1287 = VERTEX_POINT ( 'NONE', #3049 ) ;
#1288 = PLANE ( 'NONE',  #324 ) ;
#1289 = CARTESIAN_POINT ( 'NONE',  ( -0.8352129783247008700, 0.5606980962574910100, -0.07500000000000002500 ) ) ;
#1290 = ORIENTED_EDGE ( 'NONE', *, *, #2528, .T. ) ;
#1291 = ORIENTED_EDGE ( 'NONE', *, *, #331, .F. ) ;
#1292 = ADVANCED_FACE ( 'NONE', ( #2584 ), #3827, .T. ) ;
#1293 = VERTEX_POINT ( 'NONE', #4070 ) ;
#1294 = CARTESIAN_POINT ( 'NONE',  ( -0.7510000000000000000, 0.2787401574803149400, 0.1053149606299212400 ) ) ;
#1295 = ORIENTED_EDGE ( 'NONE', *, *, #44, .F. ) ;
#1296 = LINE ( 'NONE', #3524, #3960 ) ;
#1297 = VECTOR ( 'NONE', #3477, 39.37007874015748100 ) ;
#1298 =( CONVERSION_BASED_UNIT ( 'INCH', #2845 ) LENGTH_UNIT ( ) NAMED_UNIT ( #2316 ) );
#1299 = ORIENTED_EDGE ( 'NONE', *, *, #2819, .T. ) ;
#1300 = TOROIDAL_SURFACE ( 'NONE', #3015, 0.05638620723153802600, 0.01574803149606299200 ) ;
#1301 = LINE ( 'NONE', #1379, #1824 ) ;
#1302 = VECTOR ( 'NONE', #1403, 39.37007874015748100 ) ;
#1303 = DIRECTION ( 'NONE',  ( 0.0000000000000000000, -3.902639990948947500E-016, 1.000000000000000000 ) ) ;
#1304 = LINE ( 'NONE', #794, #4236 ) ;
#1305 = VERTEX_POINT ( 'NONE', #3421 ) ;
#1306 = FACE_OUTER_BOUND ( 'NONE', #3348, .T. ) ;
#1307 = DIRECTION ( 'NONE',  ( -1.000000000000000000, 8.516452750778373100E-015, 0.0000000000000000000 ) ) ;
#1308 = DIRECTION ( 'NONE',  ( 0.0000000000000000000, -0.0000000000000000000, -1.000000000000000000 ) ) ;
#1309 = VERTEX_POINT ( 'NONE', #101 ) ;
#1310 = FACE_OUTER_BOUND ( 'NONE', #2568, .T. ) ;
#1311 = DIRECTION ( 'NONE',  ( 0.0000000000000000000, 1.000000000000000000, 0.0000000000000000000 ) ) ;
#1312 = AXIS2_PLACEMENT_3D ( 'NONE', #2217, #2256, #952 ) ;
#1313 = EDGE_CURVE ( 'NONE', #3423, #3507, #2673, .T. ) ;
#1314 = LINE ( 'NONE', #2322, #87 ) ;
#1315 = ADVANCED_FACE ( 'NONE', ( #2267 ), #3708, .F. ) ;
#1316 = CARTESIAN_POINT ( 'NONE',  ( 0.6224999999999999400, 0.2749999999999999100, -0.3600000000000003800 ) ) ;
#1317 = CIRCLE ( 'NONE', #1072, 0.01899999999999998900 ) ;
#1318 = ORIENTED_EDGE ( 'NONE', *, *, #33, .F. ) ;
#1319 = SPHERICAL_SURFACE ( 'NONE', #1239, 0.02500000000000000100 ) ;
#1320 = LINE ( 'NONE', #46, #305 ) ;
#1321 = CARTESIAN_POINT ( 'NONE',  ( 0.7265285573078407200, 0.5803149606299212700, 0.1250000000000000600 ) ) ;
#1322 = AXIS2_PLACEMENT_3D ( 'NONE', #4283, #1670, #636 ) ;
#1323 = EDGE_CURVE ( 'NONE', #3373, #202, #3470, .T. ) ;
#1324 = PLANE ( 'NONE',  #826 ) ;
#1325 =( BOUNDED_CURVE ( )  B_SPLINE_CURVE ( 3, ( #1856, #1887, #3575, #2581 ),
 .UNSPECIFIED., .F., .F. ) 
 B_SPLINE_CURVE_WITH_KNOTS ( ( 4, 4 ),
 ( 3.141592653589793100, 4.694935687864752800 ),
 .UNSPECIFIED. ) 
 CURVE ( )  GEOMETRIC_REPRESENTATION_ITEM ( )  RATIONAL_B_SPLINE_CURVE ( ( 1.000000000000000000, 0.8088336327694528600, 0.8088336327694528600, 1.000000000000000000 ) ) 
 REPRESENTATION_ITEM ( '' )  );
#1326 = ORIENTED_EDGE ( 'NONE', *, *, #1484, .F. ) ;
#1327 = DIRECTION ( 'NONE',  ( 0.0000000000000000000, 0.0000000000000000000, 1.000000000000000000 ) ) ;
#1328 = DIRECTION ( 'NONE',  ( 1.000000000000000000, 0.0000000000000000000, 0.0000000000000000000 ) ) ;
#1329 = EDGE_CURVE ( 'NONE', #3670, #829, #710, .T. ) ;
#1330 = PLANE ( 'NONE',  #2859 ) ;
#1331 = AXIS2_PLACEMENT_3D ( 'NONE', #2208, #262, #892 ) ;
#1332 = DIRECTION ( 'NONE',  ( 0.0000000000000000000, -0.0000000000000000000, -1.000000000000000000 ) ) ;
#1333 = CARTESIAN_POINT ( 'NONE',  ( 0.7389999999999999900, -1.365923996832131600E-016, -0.1250000000000000000 ) ) ;
#1334 = ORIENTED_EDGE ( 'NONE', *, *, #1751, .F. ) ;
#1335 = DIRECTION ( 'NONE',  ( 0.0000000000000000000, 0.0000000000000000000, 1.000000000000000000 ) ) ;
#1336 = DIRECTION ( 'NONE',  ( -1.000000000000000000, 2.525070561829413700E-016, 0.0000000000000000000 ) ) ;
#1337 = ADVANCED_FACE ( 'NONE', ( #2531 ), #2724, .T. ) ;
#1338 = CARTESIAN_POINT ( 'NONE',  ( 0.1085708163636324000, 0.1506818173096967400, 0.3206299212598426300 ) ) ;
#1339 = PLANE ( 'NONE',  #701 ) ;
#1340 = VERTEX_POINT ( 'NONE', #1032 ) ;
#1341 = CARTESIAN_POINT ( 'NONE',  ( 0.7104899079217179600, 0.5683149606299212600, -0.1249999999999999900 ) ) ;
#1342 = EDGE_LOOP ( 'NONE', ( #3773, #2751, #217, #3861 ) ) ;
#1343 = PLANE ( 'NONE',  #2980 ) ;
#1344 = AXIS2_PLACEMENT_3D ( 'NONE', #1781, #2143, #504 ) ;
#1345 = EDGE_LOOP ( 'NONE', ( #4142, #1, #1514, #2291, #2025 ) ) ;
#1346 = DIRECTION ( 'NONE',  ( 0.0000000000000000000, 0.0000000000000000000, -1.000000000000000000 ) ) ;
#1347 = ORIENTED_EDGE ( 'NONE', *, *, #664, .T. ) ;
#1348 = DIRECTION ( 'NONE',  ( 0.0000000000000000000, 1.000000000000000000, 1.224955720424438600E-016 ) ) ;
#1349 = ORIENTED_EDGE ( 'NONE', *, *, #825, .F. ) ;
#1350 = CARTESIAN_POINT ( 'NONE',  ( 0.0000000000000000000, 0.5999999999999999800, 0.2787700759417753300 ) ) ;
#1351 = LINE ( 'NONE', #3732, #997 ) ;
#1352 = CARTESIAN_POINT ( 'NONE',  ( 0.7952190705184454300, 0.5999999999999999800, -0.3600000000000003800 ) ) ;
#1353 = CARTESIAN_POINT ( 'NONE',  ( 0.7510000000000000000, 0.5558435179377619900, 0.1250000000000000600 ) ) ;
#1354 = EDGE_CURVE ( 'NONE', #625, #883, #1383, .T. ) ;
#1355 = LINE ( 'NONE', #2164, #1608 ) ;
#1356 = CARTESIAN_POINT ( 'NONE',  ( 0.7104899079217181800, 0.5803149606299212700, 0.1250000000000000600 ) ) ;
#1357 = ADVANCED_FACE ( 'NONE', ( #410 ), #457, .F. ) ;
#1358 = VERTEX_POINT ( 'NONE', #489 ) ;
#1359 = LINE ( 'NONE', #1867, #2990 ) ;
#1360 = CARTESIAN_POINT ( 'NONE',  ( 0.6825000000000000000, 0.2787401574803149400, -0.1249999999999999200 ) ) ;
#1361 = MECHANICAL_DESIGN_GEOMETRIC_PRESENTATION_REPRESENTATION (  '', ( #1805 ), #3842 ) ;
#1362 = VECTOR ( 'NONE', #2111, 39.37007874015748100 ) ;
#1363 = DIRECTION ( 'NONE',  ( 1.000000000000000000, -2.525070561829413200E-016, -0.0000000000000000000 ) ) ;
#1364 = PLANE ( 'NONE',  #1428 ) ;
#1365 = ORIENTED_EDGE ( 'NONE', *, *, #995, .T. ) ;
#1366 = VECTOR ( 'NONE', #1447, 39.37007874015748100 ) ;
#1367 = CARTESIAN_POINT ( 'NONE',  ( -0.6825000000000000000, 0.3349999999999999100, 0.3250000000000000700 ) ) ;
#1368 = VECTOR ( 'NONE', #417, 39.37007874015748100 ) ;
#1369 = EDGE_CURVE ( 'NONE', #313, #3483, #2055, .T. ) ;
#1370 = EDGE_LOOP ( 'NONE', ( #3832, #2054, #470, #2357, #2785, #2970, #3172, #2405, #1829, #2680, #418, #1885, #1557, #3211 ) ) ;
#1371 = LINE ( 'NONE', #2246, #3935 ) ;
#1372 = ORIENTED_EDGE ( 'NONE', *, *, #3714, .T. ) ;
#1373 = LINE ( 'NONE', #2233, #1272 ) ;
#1374 = EDGE_CURVE ( 'NONE', #3752, #1042, #4194, .T. ) ;
#1375 = EDGE_LOOP ( 'NONE', ( #2056, #2645, #1755, #1881 ) ) ;
#1376 = FACE_OUTER_BOUND ( 'NONE', #790, .T. ) ;
#1377 = LINE ( 'NONE', #3488, #1422 ) ;
#1378 = ORIENTED_EDGE ( 'NONE', *, *, #2493, .T. ) ;
#1379 = CARTESIAN_POINT ( 'NONE',  ( 0.8449999999999997500, 0.0000000000000000000, -0.3600000000000001000 ) ) ;
#1380 = DIRECTION ( 'NONE',  ( 0.0000000000000000000, -1.000000000000000000, 0.0000000000000000000 ) ) ;
#1381 = AXIS2_PLACEMENT_3D ( 'NONE', #374, #3700, #3674 ) ;
#1382 = ORIENTED_EDGE ( 'NONE', *, *, #2347, .F. ) ;
#1383 = LINE ( 'NONE', #3469, #1169 ) ;
#1384 = PLANE ( 'NONE',  #3341 ) ;
#1385 = EDGE_LOOP ( 'NONE', ( #1922, #954, #3196, #3627 ) ) ;
#1386 = DIRECTION ( 'NONE',  ( 1.000000000000000000, 0.0000000000000000000, 0.0000000000000000000 ) ) ;
#1387 = ADVANCED_FACE ( 'NONE', ( #3263 ), #819, .F. ) ;
#1388 = CARTESIAN_POINT ( 'NONE',  ( 0.7510000000000000000, 8.308786758271078200E-020, -0.07499999999999999700 ) ) ;
#1389 = EDGE_LOOP ( 'NONE', ( #1299, #522, #1581, #1479 ) ) ;
#1390 = DIRECTION ( 'NONE',  ( -1.000000000000000000, 0.0000000000000000000, 0.0000000000000000000 ) ) ;
#1391 = AXIS2_PLACEMENT_3D ( 'NONE', #142, #1798, #2453 ) ;
#1392 = DIRECTION ( 'NONE',  ( -1.000000000000000000, 0.0000000000000000000, 0.0000000000000000000 ) ) ;
#1393 = CARTESIAN_POINT ( 'NONE',  ( -0.6825000000000000000, 0.3500000000000000300, -0.3600000000000003800 ) ) ;
#1394 = DIRECTION ( 'NONE',  ( 1.000000000000000000, 0.0000000000000000000, 0.0000000000000000000 ) ) ;
#1395 = ORIENTED_EDGE ( 'NONE', *, *, #1794, .F. ) ;
#1396 = EDGE_CURVE ( 'NONE', #1438, #2511, #1483, .T. ) ;
#1397 = VERTEX_POINT ( 'NONE', #2750 ) ;
#1398 = EDGE_CURVE ( 'NONE', #3640, #3898, #2839, .T. ) ;
#1399 = CARTESIAN_POINT ( 'NONE',  ( 0.7389999999999999900, 0.03937007874015747300, 0.1250000000000000600 ) ) ;
#1400 = ORIENTED_EDGE ( 'NONE', *, *, #3055, .F. ) ;
#1401 = ORIENTED_EDGE ( 'NONE', *, *, #576, .F. ) ;
#1402 = ADVANCED_FACE ( 'NONE', ( #2779 ), #1160, .F. ) ;
#1403 = DIRECTION ( 'NONE',  ( -0.0000000000000000000, -1.000000000000000000, 0.0000000000000000000 ) ) ;
#1404 = VERTEX_POINT ( 'NONE', #463 ) ;
#1405 = FACE_OUTER_BOUND ( 'NONE', #2840, .T. ) ;
#1406 = DIRECTION ( 'NONE',  ( -0.0000000000000000000, -1.000000000000000000, -1.224955720424438600E-016 ) ) ;
#1407 = CARTESIAN_POINT ( 'NONE',  ( 0.6996325098464147900, 0.5619797863362429000, 0.1250000000000000600 ) ) ;
#1408 = ORIENTED_EDGE ( 'NONE', *, *, #468, .F. ) ;
#1409 = FACE_OUTER_BOUND ( 'NONE', #2938, .T. ) ;
#1410 = CARTESIAN_POINT ( 'NONE',  ( -0.7783700787401575100, 0.03937007874015748000, -0.1249999999999999300 ) ) ;
#1411 = AXIS2_PLACEMENT_3D ( 'NONE', #3203, #467, #2542 ) ;
#1412 = TOROIDAL_SURFACE ( 'NONE', #3249, 0.06871782983251850700, 0.01574803149606299200 ) ;
#1413 = EDGE_CURVE ( 'NONE', #528, #373, #310, .T. ) ;
#1414 = EDGE_LOOP ( 'NONE', ( #2653, #580, #3696, #3706, #581, #2323 ) ) ;
#1415 = CYLINDRICAL_SURFACE ( 'NONE', #3934, 0.03999999999999998000 ) ;
#1416 = EDGE_LOOP ( 'NONE', ( #3268, #3530, #2616, #1448 ) ) ;
#1417 = FACE_OUTER_BOUND ( 'NONE', #4167, .T. ) ;
#1418 = LINE ( 'NONE', #2955, #2998 ) ;
#1419 = SURFACE_STYLE_USAGE ( .BOTH. , #2089 ) ;
#1420 = LINE ( 'NONE', #1533, #2100 ) ;
#1421 = CARTESIAN_POINT ( 'NONE',  ( 1.031000000000000800, 0.2787401574803148300, -0.09948246940511164300 ) ) ;
#1422 = VECTOR ( 'NONE', #2902, 39.37007874015748100 ) ;
#1423 = ORIENTED_EDGE ( 'NONE', *, *, #1876, .T. ) ;
#1424 = CARTESIAN_POINT ( 'NONE',  ( -0.6825000000000000000, 0.1349999999999998100, -0.1249999999999999900 ) ) ;
#1425 = CARTESIAN_POINT ( 'NONE',  ( -0.6825000000000000000, 0.1999999999999999800, -0.3600000000000003800 ) ) ;
#1426 = LINE ( 'NONE', #3970, #3308 ) ;
#1427 = PLANE ( 'NONE',  #2492 ) ;
#1428 = AXIS2_PLACEMENT_3D ( 'NONE', #4031, #1380, #3705 ) ;
#1429 = CARTESIAN_POINT ( 'NONE',  ( -0.8449999999999997500, 0.03937007874015744500, 0.1250000000000000600 ) ) ;
#1430 = EDGE_CURVE ( 'NONE', #1033, #1267, #194, .T. ) ;
#1431 = EDGE_CURVE ( 'NONE', #3591, #469, #1954, .T. ) ;
#1432 = UNCERTAINTY_MEASURE_WITH_UNIT (LENGTH_MEASURE( 1.000000000000000100E-005 ), #3146, 'distance_accuracy_value', 'NONE');
#1433 = ADVANCED_FACE ( 'NONE', ( #872 ), #4086, .F. ) ;
#1434 = DIRECTION ( 'NONE',  ( -0.01659846625565440700, 0.9509254949162524500, 0.3089744229483086800 ) ) ;
#1435 = AXIS2_PLACEMENT_3D ( 'NONE', #1356, #348, #3981 ) ;
#1436 = PLANE ( 'NONE',  #1635 ) ;
#1437 = DIRECTION ( 'NONE',  ( -1.000000000000000000, -2.525070561829413200E-016, 0.0000000000000000000 ) ) ;
#1438 = VERTEX_POINT ( 'NONE', #1132 ) ;
#1439 = ORIENTED_EDGE ( 'NONE', *, *, #3638, .T. ) ;
#1440 = CARTESIAN_POINT ( 'NONE',  ( -1.031000000000000800, 0.2787401574803148300, 0.09948246940511164300 ) ) ;
#1441 =( GEOMETRIC_REPRESENTATION_CONTEXT ( 3 ) GLOBAL_UNCERTAINTY_ASSIGNED_CONTEXT ( ( #3647 ) ) GLOBAL_UNIT_ASSIGNED_CONTEXT ( ( #3879, #1871, #1493 ) ) REPRESENTATION_CONTEXT ( 'NONE', 'WORKASPACE' ) );
#1442 = CARTESIAN_POINT ( 'NONE',  ( 0.8352129783247008700, 0.5606980962574910100, -0.3600000000000003800 ) ) ;
#1443 = DIRECTION ( 'NONE',  ( 0.4920255458767450700, 0.8705807614487531800, 0.0000000000000000000 ) ) ;
#1444 = VERTEX_POINT ( 'NONE', #3808 ) ;
#1445 = EDGE_CURVE ( 'NONE', #373, #1541, #3581, .T. ) ;
#1446 = CARTESIAN_POINT ( 'NONE',  ( 0.1085708163636324000, 0.0000000000000000000, -0.3600000000000001000 ) ) ;
#1447 = DIRECTION ( 'NONE',  ( -1.000000000000000000, 0.0000000000000000000, 0.0000000000000000000 ) ) ;
#1448 = ORIENTED_EDGE ( 'NONE', *, *, #477, .T. ) ;
#1449 = CARTESIAN_POINT ( 'NONE',  ( -0.6825000000000000000, 0.5999999999999999800, -0.2787700759417754400 ) ) ;
#1450 = ORIENTED_EDGE ( 'NONE', *, *, #1413, .F. ) ;
#1451 = VECTOR ( 'NONE', #208, 39.37007874015748100 ) ;
#1452 = CARTESIAN_POINT ( 'NONE',  ( 0.7510000000000000000, 0.03937007874015725800, -0.01899999999999999600 ) ) ;
#1453 = EDGE_CURVE ( 'NONE', #2746, #115, #3724, .T. ) ;
#1454 = VERTEX_POINT ( 'NONE', #1449 ) ;
#1455 = EDGE_LOOP ( 'NONE', ( #4271, #3854, #3921, #3729 ) ) ;
#1456 = EDGE_CURVE ( 'NONE', #3912, #3597, #1636, .T. ) ;
#1457 = CARTESIAN_POINT ( 'NONE',  ( -0.7450000000000001100, -0.02500000000000000100, -0.3439999999999999200 ) ) ;
#1458 = LINE ( 'NONE', #1353, #3186 ) ;
#1459 = DIRECTION ( 'NONE',  ( -1.000000000000000000, -0.0000000000000000000, -0.0000000000000000000 ) ) ;
#1460 = PLANE ( 'NONE',  #3830 ) ;
#1461 = FACE_OUTER_BOUND ( 'NONE', #4133, .T. ) ;
#1462 = CARTESIAN_POINT ( 'NONE',  ( 0.7510000000000000000, 0.03937007874015748000, 0.01900000000000000600 ) ) ;
#1463 = CARTESIAN_POINT ( 'NONE',  ( 0.7510000000000000000, 0.5999999999999999800, -0.1249999999999999300 ) ) ;
#1464 = FACE_OUTER_BOUND ( 'NONE', #444, .T. ) ;
#1465 = EDGE_CURVE ( 'NONE', #528, #754, #4300, .T. ) ;
#1466 = ORIENTED_EDGE ( 'NONE', *, *, #3333, .T. ) ;
#1467 = VECTOR ( 'NONE', #588, 39.37007874015748100 ) ;
#1468 = CARTESIAN_POINT ( 'NONE',  ( 0.6825000000000000000, 0.3349999999999999100, -0.3250000000000000700 ) ) ;
#1469 = AXIS2_PLACEMENT_3D ( 'NONE', #3834, #4234, #1199 ) ;
#1470 = LINE ( 'NONE', #1707, #651 ) ;
#1471 = ORIENTED_EDGE ( 'NONE', *, *, #3556, .T. ) ;
#1472 = FACE_OUTER_BOUND ( 'NONE', #303, .T. ) ;
#1473 = DIRECTION ( 'NONE',  ( -1.000000000000000000, 0.0000000000000000000, 0.0000000000000000000 ) ) ;
#1474 = ORIENTED_EDGE ( 'NONE', *, *, #1589, .T. ) ;
#1475 = ADVANCED_FACE ( 'NONE', ( #2630 ), #519, .T. ) ;
#1476 = VECTOR ( 'NONE', #3340, 39.37007874015748100 ) ;
#1477 = DIRECTION ( 'NONE',  ( 0.0000000000000000000, 0.0000000000000000000, 1.000000000000000000 ) ) ;
#1478 = FACE_OUTER_BOUND ( 'NONE', #1414, .T. ) ;
#1479 = ORIENTED_EDGE ( 'NONE', *, *, #1230, .T. ) ;
#1480 = FILL_AREA_STYLE ('',( #2106 ) ) ;
#1481 = DIRECTION ( 'NONE',  ( 0.0000000000000000000, 0.0000000000000000000, -1.000000000000000000 ) ) ;
#1482 = DIRECTION ( 'NONE',  ( 1.000000000000000000, 0.0000000000000000000, -0.0000000000000000000 ) ) ;
#1483 = LINE ( 'NONE', #1799, #4038 ) ;
#1484 = EDGE_CURVE ( 'NONE', #2029, #3311, #925, .T. ) ;
#1485 = DIRECTION ( 'NONE',  ( -1.000000000000000000, -0.0000000000000000000, -0.0000000000000000000 ) ) ;
#1486 = EDGE_CURVE ( 'NONE', #2257, #343, #3983, .T. ) ;
#1487 = DIRECTION ( 'NONE',  ( 1.000000000000000000, 0.0000000000000000000, 0.0000000000000000000 ) ) ;
#1488 = ORIENTED_EDGE ( 'NONE', *, *, #177, .T. ) ;
#1489 = CARTESIAN_POINT ( 'NONE',  ( 0.6891855407090297100, 0.5678840928867638900, 0.1250000000000000600 ) ) ;
#1490 = DIRECTION ( 'NONE',  ( -0.0000000000000000000, 1.000000000000000000, -0.0000000000000000000 ) ) ;
#1491 = ORIENTED_EDGE ( 'NONE', *, *, #2836, .F. ) ;
#1492 = DIRECTION ( 'NONE',  ( 0.0000000000000000000, 0.0000000000000000000, 1.000000000000000000 ) ) ;
#1493 =( NAMED_UNIT ( * ) SI_UNIT ( $, .STERADIAN. ) SOLID_ANGLE_UNIT ( ) );
#1494 = CARTESIAN_POINT ( 'NONE',  ( 0.0000000000000000000, 0.0000000000000000000, 0.3600000000000001000 ) ) ;
#1495 = CARTESIAN_POINT ( 'NONE',  ( 0.1085708163636324000, 0.1506818173096967400, 0.3206299212598426300 ) ) ;
#1496 = ADVANCED_FACE ( 'NONE', ( #2312 ), #659, .T. ) ;
#1497 = VERTEX_POINT ( 'NONE', #4170 ) ;
#1498 = CARTESIAN_POINT ( 'NONE',  ( -0.6825000000000000000, 0.2787401574803149400, 0.1249999999999999900 ) ) ;
#1499 = ORIENTED_EDGE ( 'NONE', *, *, #3714, .F. ) ;
#1500 = CARTESIAN_POINT ( 'NONE',  ( 0.6224999999999999400, 0.3349999999999999100, -0.3600000000000003800 ) ) ;
#1501 = EDGE_CURVE ( 'NONE', #2456, #2081, #559, .T. ) ;
#1502 = ORIENTED_EDGE ( 'NONE', *, *, #2007, .F. ) ;
#1503 = ORIENTED_EDGE ( 'NONE', *, *, #3679, .T. ) ;
#1504 = EDGE_CURVE ( 'NONE', #630, #4226, #3633, .T. ) ;
#1505 = DIRECTION ( 'NONE',  ( -0.0000000000000000000, -0.0000000000000000000, -1.000000000000000000 ) ) ;
#1506 = EDGE_LOOP ( 'NONE', ( #1603, #2234, #4061, #2741 ) ) ;
#1507 = LINE ( 'NONE', #2149, #3855 ) ;
#1508 = FILL_AREA_STYLE ('',( #3513 ) ) ;
#1509 = VECTOR ( 'NONE', #675, 39.37007874015748100 ) ;
#1510 = DIRECTION ( 'NONE',  ( 1.000000000000000000, 0.0000000000000000000, -3.738843057022260000E-015 ) ) ;
#1511 = LINE ( 'NONE', #3402, #683 ) ;
#1512 = CARTESIAN_POINT ( 'NONE',  ( 0.7104899079217181800, 0.5803149606299212700, -0.1249999999999999900 ) ) ;
#1513 = AXIS2_PLACEMENT_3D ( 'NONE', #387, #1327, #3335 ) ;
#1514 = ORIENTED_EDGE ( 'NONE', *, *, #80, .F. ) ;
#1515 = CIRCLE ( 'NONE', #930, 0.01899999999999998900 ) ;
#1516 = FACE_OUTER_BOUND ( 'NONE', #3616, .T. ) ;
#1517 = CARTESIAN_POINT ( 'NONE',  ( 0.6825000000000000000, 0.3349999999999999100, 0.3600000000000001000 ) ) ;
#1518 = VECTOR ( 'NONE', #3829, 39.37007874015748100 ) ;
#1519 = DIRECTION ( 'NONE',  ( 0.0000000000000000000, 0.0000000000000000000, -1.000000000000000000 ) ) ;
#1520 = VERTEX_POINT ( 'NONE', #211 ) ;
#1521 = LINE ( 'NONE', #3074, #645 ) ;
#1522 = ADVANCED_FACE ( 'NONE', ( #2427 ), #3422, .T. ) ;
#1523 = CARTESIAN_POINT ( 'NONE',  ( -0.7510000000000000000, 0.03937007874015744500, -0.09048522344134479800 ) ) ;
#1524 = DIRECTION ( 'NONE',  ( -1.000000000000000000, 0.0000000000000000000, 0.0000000000000000000 ) ) ;
#1525 = ORIENTED_EDGE ( 'NONE', *, *, #1911, .T. ) ;
#1526 = FACE_OUTER_BOUND ( 'NONE', #2716, .T. ) ;
#1527 = CARTESIAN_POINT ( 'NONE',  ( 0.7952190705184454300, 0.5599999999999999400, -0.3600000000000003800 ) ) ;
#1528 = LINE ( 'NONE', #1289, #3102 ) ;
#1529 = VECTOR ( 'NONE', #838, 39.37007874015748100 ) ;
#1530 = DIRECTION ( 'NONE',  ( -1.000000000000000000, 0.0000000000000000000, -0.0000000000000000000 ) ) ;
#1531 = VECTOR ( 'NONE', #1817, 39.37007874015748100 ) ;
#1532 = VERTEX_POINT ( 'NONE', #3852 ) ;
#1533 = CARTESIAN_POINT ( 'NONE',  ( 0.5936793005852028000, 0.2482104724122009000, 0.1250000000000000600 ) ) ;
#1534 = ORIENTED_EDGE ( 'NONE', *, *, #4109, .T. ) ;
#1535 = VECTOR ( 'NONE', #1825, 39.37007874015748100 ) ;
#1536 = CARTESIAN_POINT ( 'NONE',  ( -0.6825000000000000000, 0.2787401574803149400, -0.1249999999999999900 ) ) ;
#1537 = DIRECTION ( 'NONE',  ( 1.000000000000000000, 0.0000000000000000000, 0.0000000000000000000 ) ) ;
#1538 = EDGE_CURVE ( 'NONE', #1240, #3927, #416, .T. ) ;
#1539 = DIRECTION ( 'NONE',  ( -1.000000000000000000, 0.0000000000000000000, -0.0000000000000000000 ) ) ;
#1540 = DIRECTION ( 'NONE',  ( 0.0000000000000000000, 0.0000000000000000000, 1.000000000000000000 ) ) ;
#1541 = VERTEX_POINT ( 'NONE', #4219 ) ;
#1542 = DIRECTION ( 'NONE',  ( 0.0000000000000000000, 0.0000000000000000000, 1.000000000000000000 ) ) ;
#1543 = DIRECTION ( 'NONE',  ( 0.0000000000000000000, 1.000000000000000000, 0.0000000000000000000 ) ) ;
#1544 = ORIENTED_EDGE ( 'NONE', *, *, #2021, .F. ) ;
#1545 = EDGE_CURVE ( 'NONE', #3169, #1497, #3836, .T. ) ;
#1546 = DIRECTION ( 'NONE',  ( 0.0000000000000000000, -1.000000000000000000, 0.0000000000000000000 ) ) ;
#1547 = CARTESIAN_POINT ( 'NONE',  ( 0.6056793005852027000, 0.2482104724122009000, 0.1250000000000000600 ) ) ;
#1548 = DIRECTION ( 'NONE',  ( -1.000000000000000000, 2.525070561829413700E-016, 0.0000000000000000000 ) ) ;
#1549 = ORIENTED_EDGE ( 'NONE', *, *, #887, .F. ) ;
#1550 = DIRECTION ( 'NONE',  ( 0.0000000000000000000, 1.000000000000000000, 1.064665559469244000E-016 ) ) ;
#1551 = ORIENTED_EDGE ( 'NONE', *, *, #413, .F. ) ;
#1552 = CARTESIAN_POINT ( 'NONE',  ( 0.0000000000000000000, 0.0000000000000000000, 0.3206299212598426300 ) ) ;
#1553 = DIRECTION ( 'NONE',  ( -0.9998476951563913800, -0.01745240643727697900, 0.0000000000000000000 ) ) ;
#1554 = VERTEX_POINT ( 'NONE', #228 ) ;
#1555 = CARTESIAN_POINT ( 'NONE',  ( 0.6825000000000000000, 0.2787401574803149400, 0.1053149606299211700 ) ) ;
#1556 = ORIENTED_EDGE ( 'NONE', *, *, #3822, .T. ) ;
#1557 = ORIENTED_EDGE ( 'NONE', *, *, #1100, .F. ) ;
#1558 = B_SPLINE_CURVE_WITH_KNOTS ( 'NONE', 3,
 ( #2599, #3586, #3270, #1579, #2247, #1590, #3230, #1562, #4235, #1914, #2591, #607, #3932, #4263 ),
 .UNSPECIFIED., .F., .F.,
 ( 4, 2, 2, 2, 2, 2, 4 ),
 ( 0.0000000000000000000, 0.0002993254105211307300, 0.0005986508210422614600, 0.0008979762315633921400, 0.001197301642084522900, 0.001795952463126791700, 0.002394603284169060600 ),
 .UNSPECIFIED. ) ;
#1559 = CARTESIAN_POINT ( 'NONE',  ( -1.031000000000000800, 0.2515788080029212100, 0.09948246940511164300 ) ) ;
#1560 = SPHERICAL_SURFACE ( 'NONE', #1848, 0.04330708661417324200 ) ;
#1561 = PLANE ( 'NONE',  #1469 ) ;
#1562 = CARTESIAN_POINT ( 'NONE',  ( -0.6591045509426244300, 0.2872988369956139800, -0.3192411867423511400 ) ) ;
#1563 = ORIENTED_EDGE ( 'NONE', *, *, #609, .T. ) ;
#1564 = LINE ( 'NONE', #1425, #2087 ) ;
#1565 = CARTESIAN_POINT ( 'NONE',  ( 0.7389999999999999900, 0.03937007874015747300, 0.1250000000000000600 ) ) ;
#1566 = DIRECTION ( 'NONE',  ( 0.0000000000000000000, 1.000000000000000000, -8.537024980200824800E-016 ) ) ;
#1567 = DIRECTION ( 'NONE',  ( 0.0000000000000000000, 0.0000000000000000000, 1.000000000000000000 ) ) ;
#1568 = ORIENTED_EDGE ( 'NONE', *, *, #1396, .F. ) ;
#1569 = VECTOR ( 'NONE', #1131, 39.37007874015748100 ) ;
#1570 = CARTESIAN_POINT ( 'NONE',  ( -0.7389999999999999900, 0.5803149606299211600, 0.1250000000000000600 ) ) ;
#1571 = LINE ( 'NONE', #3391, #1934 ) ;
#1572 = EDGE_CURVE ( 'NONE', #3805, #2855, #2539, .T. ) ;
#1573 = ORIENTED_EDGE ( 'NONE', *, *, #389, .F. ) ;
#1574 = LINE ( 'NONE', #3090, #1368 ) ;
#1575 = VERTEX_POINT ( 'NONE', #183 ) ;
#1576 = LINE ( 'NONE', #2477, #2890 ) ;
#1577 = ORIENTED_EDGE ( 'NONE', *, *, #2408, .F. ) ;
#1578 = VECTOR ( 'NONE', #3166, 39.37007874015748100 ) ;
#1579 = CARTESIAN_POINT ( 'NONE',  ( -0.6380966262546859900, 0.2769298865409257100, -0.3163857572939901000 ) ) ;
#1580 = EDGE_CURVE ( 'NONE', #1520, #1953, #4091, .T. ) ;
#1581 = ORIENTED_EDGE ( 'NONE', *, *, #153, .F. ) ;
#1582 = VECTOR ( 'NONE', #3594, 39.37007874015748100 ) ;
#1583 = VECTOR ( 'NONE', #924, 39.37007874015748100 ) ;
#1584 = EDGE_LOOP ( 'NONE', ( #2833, #4050, #2830, #3056, #3136 ) ) ;
#1585 = CARTESIAN_POINT ( 'NONE',  ( -0.6825000000000000000, 0.0000000000000000000, -0.1053149606299212400 ) ) ;
#1586 = VECTOR ( 'NONE', #1710, 39.37007874015748100 ) ;
#1587 = CARTESIAN_POINT ( 'NONE',  ( -3.937561093517441100E-016, 0.1999999999999999800, 0.1053149606299186300 ) ) ;
#1588 = CARTESIAN_POINT ( 'NONE',  ( 0.6825000000000000000, 0.2787401574803149400, 0.1249999999999999200 ) ) ;
#1589 = EDGE_CURVE ( 'NONE', #3170, #4003, #1804, .T. ) ;
#1590 = CARTESIAN_POINT ( 'NONE',  ( -0.6491676411974713900, 0.2811088787571428000, -0.3176089552907630000 ) ) ;
#1591 = EDGE_CURVE ( 'NONE', #3632, #3483, #1325, .T. ) ;
#1592 = ORIENTED_EDGE ( 'NONE', *, *, #86, .F. ) ;
#1593 = ADVANCED_FACE ( 'NONE', ( #1177 ), #2729, .F. ) ;
#1594 = AXIS2_PLACEMENT_3D ( 'NONE', #192, #2159, #3503 ) ;
#1595 = VERTEX_POINT ( 'NONE', #3598 ) ;
#1596 = DIRECTION ( 'NONE',  ( 1.000000000000000000, 0.0000000000000000000, 0.0000000000000000000 ) ) ;
#1597 = DIRECTION ( 'NONE',  ( 1.000000000000000000, -2.525070561829413200E-016, 0.0000000000000000000 ) ) ;
#1598 = EDGE_LOOP ( 'NONE', ( #2122, #3455, #3846, #99, #2171, #729 ) ) ;
#1599 = DIRECTION ( 'NONE',  ( 0.0000000000000000000, 1.000000000000000000, 1.224955720424438600E-016 ) ) ;
#1600 = EDGE_LOOP ( 'NONE', ( #816, #496, #1771, #3024 ) ) ;
#1601 = EDGE_CURVE ( 'NONE', #4266, #3898, #3589, .T. ) ;
#1602 = ORIENTED_EDGE ( 'NONE', *, *, #1945, .F. ) ;
#1603 = ORIENTED_EDGE ( 'NONE', *, *, #1230, .F. ) ;
#1604 = PRODUCT_DEFINITION ( 'UNKNOWN', '', #1831, #2736 ) ;
#1605 = APPLICATION_CONTEXT ( 'automotive_design' ) ;
#1606 = CARTESIAN_POINT ( 'NONE',  ( 0.6264866389403355200, 0.2749999999999999700, -0.3157878402833892400 ) ) ;
#1607 = EDGE_LOOP ( 'NONE', ( #326, #3761, #4179, #1525 ) ) ;
#1608 = VECTOR ( 'NONE', #550, 39.37007874015748100 ) ;
#1609 = FACE_OUTER_BOUND ( 'NONE', #644, .T. ) ;
#1610 = DIRECTION ( 'NONE',  ( 0.0000000000000000000, -0.9510565162951553100, -0.3090169943749418400 ) ) ;
#1611 = ORIENTED_EDGE ( 'NONE', *, *, #2642, .T. ) ;
#1612 = LINE ( 'NONE', #3672, #226 ) ;
#1613 = LINE ( 'NONE', #2018, #3187 ) ;
#1614 = CARTESIAN_POINT ( 'NONE',  ( 0.8449999999999997500, 0.0000000000000000000, -0.3600000000000001000 ) ) ;
#1615 = EDGE_CURVE ( 'NONE', #1849, #849, #3219, .T. ) ;
#1616 = LINE ( 'NONE', #1109, #1362 ) ;
#1617 = ORIENTED_EDGE ( 'NONE', *, *, #1762, .F. ) ;
#1618 = VECTOR ( 'NONE', #1335, 39.37007874015748100 ) ;
#1619 = CARTESIAN_POINT ( 'NONE',  ( 0.6825000000000000000, 0.2787401574803149400, -0.1249999999999999200 ) ) ;
#1620 = CARTESIAN_POINT ( 'NONE',  ( -0.6825000000000000000, 0.2787401574803149400, -0.1249999999999999900 ) ) ;
#1621 = ORIENTED_EDGE ( 'NONE', *, *, #477, .F. ) ;
#1622 = EDGE_CURVE ( 'NONE', #2746, #3097, #3316, .T. ) ;
#1623 = LINE ( 'NONE', #3013, #1156 ) ;
#1624 = STYLED_ITEM ( 'NONE', ( #2482 ), #1640 ) ;
#1625 = VERTEX_POINT ( 'NONE', #1263 ) ;
#1626 = VECTOR ( 'NONE', #2227, 39.37007874015748100 ) ;
#1627 = CARTESIAN_POINT ( 'NONE',  ( 0.7389999999999997700, 0.2787401574803147200, 0.09948246940511164300 ) ) ;
#1628 = VECTOR ( 'NONE', #1254, 39.37007874015748100 ) ;
#1629 = LINE ( 'NONE', #2419, #2999 ) ;
#1630 = VECTOR ( 'NONE', #2126, 39.37007874015748100 ) ;
#1631 = FACE_OUTER_BOUND ( 'NONE', #4156, .T. ) ;
#1632 = ORIENTED_EDGE ( 'NONE', *, *, #1649, .F. ) ;
#1633 = CARTESIAN_POINT ( 'NONE',  ( 0.7510000000000000000, 0.2515788080029210900, 0.1250000000000000600 ) ) ;
#1634 = DIRECTION ( 'NONE',  ( -0.0000000000000000000, -0.0000000000000000000, -1.000000000000000000 ) ) ;
#1635 = AXIS2_PLACEMENT_3D ( 'NONE', #1061, #100, #3766 ) ;
#1636 = LINE ( 'NONE', #1186, #757 ) ;
#1637 = DIRECTION ( 'NONE',  ( 1.000000000000000000, 0.0000000000000000000, 0.0000000000000000000 ) ) ;
#1638 = DIRECTION ( 'NONE',  ( 0.0000000000000000000, 0.0000000000000000000, -1.000000000000000000 ) ) ;
#1639 = DIRECTION ( 'NONE',  ( 0.0000000000000000000, -0.0000000000000000000, -1.000000000000000000 ) ) ;
#1640 = MANIFOLD_SOLID_BREP ( 'Tab2', #1014 ) ;
#1641 = EDGE_LOOP ( 'NONE', ( #1801, #2708, #2978, #1964, #3241, #2743 ) ) ;
#1642 = CARTESIAN_POINT ( 'NONE',  ( -0.6825000000000000000, 0.3349999999999999100, -0.3250000000000000700 ) ) ;
#1643 = DIRECTION ( 'NONE',  ( -0.0000000000000000000, -0.0000000000000000000, -1.000000000000000000 ) ) ;
#1644 = VECTOR ( 'NONE', #4253, 39.37007874015748100 ) ;
#1645 = ORIENTED_EDGE ( 'NONE', *, *, #3353, .T. ) ;
#1646 = DIRECTION ( 'NONE',  ( 1.000000000000000000, 2.525070561829413700E-016, 0.0000000000000000000 ) ) ;
#1647 = DIRECTION ( 'NONE',  ( -0.0000000000000000000, -0.0000000000000000000, -1.000000000000000000 ) ) ;
#1648 = STYLED_ITEM ( 'NONE', ( #2341 ), #667 ) ;
#1649 = EDGE_CURVE ( 'NONE', #2348, #871, #3896, .T. ) ;
#1650 = CARTESIAN_POINT ( 'NONE',  ( 0.6748754631180800000, 0.3047055823540918400, -0.3228253420576472400 ) ) ;
#1651 = CARTESIAN_POINT ( 'NONE',  ( 0.7389999999999999900, 0.5558435179377619900, 0.1250000000000000600 ) ) ;
#1652 = ORIENTED_EDGE ( 'NONE', *, *, #1990, .F. ) ;
#1653 = AXIS2_PLACEMENT_3D ( 'NONE', #776, #1390, #1079 ) ;
#1654 = EDGE_LOOP ( 'NONE', ( #2182, #2824, #4071, #3735, #2593 ) ) ;
#1655 = ORIENTED_EDGE ( 'NONE', *, *, #124, .T. ) ;
#1656 = DIRECTION ( 'NONE',  ( -1.000000000000000000, -2.525070561829413200E-016, -0.0000000000000000000 ) ) ;
#1657 = CARTESIAN_POINT ( 'NONE',  ( -0.6825000000000000000, 0.2787401574803149400, 0.1053149606299212400 ) ) ;
#1658 = CARTESIAN_POINT ( 'NONE',  ( -0.7389999999999999900, -0.1209999999999998400, -1.268397002463279700E-017 ) ) ;
#1659 = EDGE_CURVE ( 'NONE', #1950, #1918, #2908, .T. ) ;
#1660 = EDGE_LOOP ( 'NONE', ( #2420, #2706, #107, #1664, #2690, #1502 ) ) ;
#1661 = ADVANCED_FACE ( 'NONE', ( #51 ), #1961, .F. ) ;
#1662 = FACE_OUTER_BOUND ( 'NONE', #842, .T. ) ;
#1663 = AXIS2_PLACEMENT_3D ( 'NONE', #678, #2299, #2657 ) ;
#1664 = ORIENTED_EDGE ( 'NONE', *, *, #4257, .T. ) ;
#1665 = VECTOR ( 'NONE', #3926, 39.37007874015748100 ) ;
#1666 = VECTOR ( 'NONE', #689, 39.37007874015748100 ) ;
#1667 = DIRECTION ( 'NONE',  ( -0.0000000000000000000, -0.0000000000000000000, -1.000000000000000000 ) ) ;
#1668 = EDGE_CURVE ( 'NONE', #3606, #3641, #2112, .T. ) ;
#1669 = DIRECTION ( 'NONE',  ( -0.0000000000000000000, -0.0000000000000000000, 1.000000000000000000 ) ) ;
#1670 = DIRECTION ( 'NONE',  ( 2.618762388504688800E-032, -1.224646799147353200E-016, -1.000000000000000000 ) ) ;
#1671 = ORIENTED_EDGE ( 'NONE', *, *, #1374, .T. ) ;
#1672 = LINE ( 'NONE', #3851, #1569 ) ;
#1673 = DIRECTION ( 'NONE',  ( 0.0000000000000000000, 1.000000000000000000, 0.0000000000000000000 ) ) ;
#1674 = CARTESIAN_POINT ( 'NONE',  ( 0.8352129783247008700, 0.5606980962574910100, -0.07500000000000002500 ) ) ;
#1675 = LINE ( 'NONE', #3334, #3393 ) ;
#1676 = VERTEX_POINT ( 'NONE', #1946 ) ;
#1677 = VECTOR ( 'NONE', #3095, 39.37007874015748100 ) ;
#1678 = CARTESIAN_POINT ( 'NONE',  ( -0.7509999999999998900, 0.03937007874015725100, 0.09048522344134479800 ) ) ;
#1679 = EDGE_CURVE ( 'NONE', #1195, #625, #3315, .T. ) ;
#1680 = VECTOR ( 'NONE', #369, 39.37007874015748100 ) ;
#1681 = CARTESIAN_POINT ( 'NONE',  ( 1.368721538571910700, 0.1149999999999998400, 0.1250000000000000000 ) ) ;
#1682 = VERTEX_POINT ( 'NONE', #3283 ) ;
#1683 = VECTOR ( 'NONE', #1899, 39.37007874015748100 ) ;
#1684 = ORIENTED_EDGE ( 'NONE', *, *, #3894, .T. ) ;
#1685 = LINE ( 'NONE', #170, #811 ) ;
#1686 = DIRECTION ( 'NONE',  ( -1.000000000000000000, 0.0000000000000000000, 0.0000000000000000000 ) ) ;
#1687 = CARTESIAN_POINT ( 'NONE',  ( 0.7510000000000000000, 0.2787401574803149400, -0.1053149606299214300 ) ) ;
#1688 = CARTESIAN_POINT ( 'NONE',  ( -0.7389999999999999900, -0.1209999999999998400, 0.01899999999999997900 ) ) ;
#1689 = ORIENTED_EDGE ( 'NONE', *, *, #3743, .F. ) ;
#1690 = ADVANCED_FACE ( 'NONE', ( #1907 ), #278, .F. ) ;
#1691 = EDGE_CURVE ( 'NONE', #355, #941, #3474, .T. ) ;
#1692 = DIRECTION ( 'NONE',  ( 0.0000000000000000000, -0.0000000000000000000, -1.000000000000000000 ) ) ;
#1693 = ORIENTED_EDGE ( 'NONE', *, *, #2264, .F. ) ;
#1694 = AXIS2_PLACEMENT_3D ( 'NONE', #1994, #48, #2631 ) ;
#1695 = TOROIDAL_SURFACE ( 'NONE', #885, 0.06871782983251850700, 0.01574803149606299200 ) ;
#1696 = DIRECTION ( 'NONE',  ( -0.0000000000000000000, -1.000000000000000000, 0.0000000000000000000 ) ) ;
#1697 = CARTESIAN_POINT ( 'NONE',  ( -0.8352129783247008700, 0.5606980962574910100, -0.3600000000000003800 ) ) ;
#1698 = DIRECTION ( 'NONE',  ( -0.0000000000000000000, -0.0000000000000000000, -1.000000000000000000 ) ) ;
#1699 = DIRECTION ( 'NONE',  ( 1.000000000000000000, 0.0000000000000000000, 0.0000000000000000000 ) ) ;
#1700 = EDGE_CURVE ( 'NONE', #4268, #39, #146, .T. ) ;
#1701 = ORIENTED_EDGE ( 'NONE', *, *, #2627, .T. ) ;
#1702 = ADVANCED_FACE ( 'NONE', ( #2675 ), #1695, .F. ) ;
#1703 = AXIS2_PLACEMENT_3D ( 'NONE', #2793, #3453, #3792 ) ;
#1704 = ORIENTED_EDGE ( 'NONE', *, *, #279, .T. ) ;
#1705 = VERTEX_POINT ( 'NONE', #4009 ) ;
#1706 = EDGE_CURVE ( 'NONE', #448, #3610, #3007, .T. ) ;
#1707 = CARTESIAN_POINT ( 'NONE',  ( -0.7510000000000000000, 0.03937007874015748000, 0.1250000000000000600 ) ) ;
#1708 = DIRECTION ( 'NONE',  ( 0.0000000000000000000, 1.000000000000000000, 0.0000000000000000000 ) ) ;
#1709 = ORIENTED_EDGE ( 'NONE', *, *, #732, .T. ) ;
#1710 = DIRECTION ( 'NONE',  ( 0.0000000000000000000, 1.000000000000000000, 0.0000000000000000000 ) ) ;
#1711 = ORIENTED_EDGE ( 'NONE', *, *, #3743, .T. ) ;
#1712 = LINE ( 'NONE', #2652, #1509 ) ;
#1713 = CARTESIAN_POINT ( 'NONE',  ( 0.6825000000000000000, 0.3499999999999999800, 0.3600000000000002600 ) ) ;
#1714 = VERTEX_POINT ( 'NONE', #2304 ) ;
#1715 = CIRCLE ( 'NONE', #779, 0.05638620723153802600 ) ;
#1716 = FACE_OUTER_BOUND ( 'NONE', #2842, .T. ) ;
#1717 = ORIENTED_EDGE ( 'NONE', *, *, #666, .F. ) ;
#1718 = DIRECTION ( 'NONE',  ( -1.000000000000000000, -0.0000000000000000000, -0.0000000000000000000 ) ) ;
#1719 = ORIENTED_EDGE ( 'NONE', *, *, #3465, .F. ) ;
#1720 = LINE ( 'NONE', #2411, #1366 ) ;
#1721 = CARTESIAN_POINT ( 'NONE',  ( -0.7528048203820791900, 0.3841299163440908800, 0.0000000000000000000 ) ) ;
#1722 = ADVANCED_FACE ( 'NONE', ( #3 ), #3649, .F. ) ;
#1723 = EDGE_CURVE ( 'NONE', #1454, #3711, #2586, .T. ) ;
#1724 = VERTEX_POINT ( 'NONE', #3368 ) ;
#1725 = LINE ( 'NONE', #3310, #1833 ) ;
#1726 = FACE_OUTER_BOUND ( 'NONE', #4205, .T. ) ;
#1727 = DIRECTION ( 'NONE',  ( 1.000000000000000000, 0.0000000000000000000, -3.738843057022260000E-015 ) ) ;
#1728 = VECTOR ( 'NONE', #3269, 39.37007874015748100 ) ;
#1729 = CARTESIAN_POINT ( 'NONE',  ( 0.6224999999999999400, 0.2749999999999998600, 0.3157878402833891900 ) ) ;
#1730 = VECTOR ( 'NONE', #2229, 39.37007874015748100 ) ;
#1731 = LINE ( 'NONE', #1587, #92 ) ;
#1732 = ORIENTED_EDGE ( 'NONE', *, *, #1100, .T. ) ;
#1733 = DIRECTION ( 'NONE',  ( 1.000000000000000000, 0.0000000000000000000, -1.224646799147353200E-016 ) ) ;
#1734 = CARTESIAN_POINT ( 'NONE',  ( -1.031000000000000800, 0.2515788080029212100, -0.09048522344134479800 ) ) ;
#1735 = AXIS2_PLACEMENT_3D ( 'NONE', #3214, #3225, #566 ) ;
#1736 = ORIENTED_EDGE ( 'NONE', *, *, #1090, .T. ) ;
#1737 = VECTOR ( 'NONE', #3823, 39.37007874015748100 ) ;
#1738 = FILL_AREA_STYLE_COLOUR ( '', #910 ) ;
#1739 = EDGE_LOOP ( 'NONE', ( #1864, #2535, #2379, #4248 ) ) ;
#1740 = PLANE ( 'NONE',  #2124 ) ;
#1741 = PLANE ( 'NONE',  #3759 ) ;
#1742 = ORIENTED_EDGE ( 'NONE', *, *, #1622, .F. ) ;
#1743 = DIRECTION ( 'NONE',  ( 0.0000000000000000000, 1.000000000000000000, 0.0000000000000000000 ) ) ;
#1744 = AXIS2_PLACEMENT_3D ( 'NONE', #639, #2588, #2928 ) ;
#1745 = EDGE_CURVE ( 'NONE', #2107, #4266, #2218, .T. ) ;
#1746 = DIRECTION ( 'NONE',  ( -1.000000000000000000, 0.0000000000000000000, -0.0000000000000000000 ) ) ;
#1747 = CARTESIAN_POINT ( 'NONE',  ( 0.7952190705184454300, 0.5999999999999999800, -0.2787700759417754400 ) ) ;
#1748 = DIRECTION ( 'NONE',  ( 0.0000000000000000000, 0.0000000000000000000, 1.000000000000000000 ) ) ;
#1749 = VERTEX_POINT ( 'NONE', #15 ) ;
#1750 = ADVANCED_FACE ( 'NONE', ( #4203 ), #336, .F. ) ;
#1751 = EDGE_CURVE ( 'NONE', #2086, #202, #1613, .T. ) ;
#1752 = DIRECTION ( 'NONE',  ( 0.0000000000000000000, 0.0000000000000000000, 1.000000000000000000 ) ) ;
#1753 = ORIENTED_EDGE ( 'NONE', *, *, #255, .T. ) ;
#1754 = DIRECTION ( 'NONE',  ( 0.0000000000000000000, 1.000000000000000000, 0.0000000000000000000 ) ) ;
#1755 = ORIENTED_EDGE ( 'NONE', *, *, #2506, .F. ) ;
#1756 = ORIENTED_EDGE ( 'NONE', *, *, #1572, .T. ) ;
#1757 = CARTESIAN_POINT ( 'NONE',  ( 0.1085708163636324000, 0.1506818173096967400, 0.3600000000000001000 ) ) ;
#1758 = ORIENTED_EDGE ( 'NONE', *, *, #619, .F. ) ;
#1759 = LENGTH_MEASURE_WITH_UNIT ( LENGTH_MEASURE( 0.02539999999999999900 ), #578 );
#1760 = LINE ( 'NONE', #3320, #227 ) ;
#1761 = CARTESIAN_POINT ( 'NONE',  ( 0.8352129783247008700, 0.5606980962574910100, -0.2915400385671661500 ) ) ;
#1762 = EDGE_CURVE ( 'NONE', #4150, #2668, #1301, .T. ) ;
#1763 = DIRECTION ( 'NONE',  ( -1.000000000000000000, 2.525070561829413700E-016, 0.0000000000000000000 ) ) ;
#1764 = ORIENTED_EDGE ( 'NONE', *, *, #568, .F. ) ;
#1765 = EDGE_CURVE ( 'NONE', #3234, #4245, #2609, .T. ) ;
#1766 = FACE_OUTER_BOUND ( 'NONE', #79, .T. ) ;
#1767 = CARTESIAN_POINT ( 'NONE',  ( -0.6825000000000000000, -0.07127237034785331700, -0.1053149606299212400 ) ) ;
#1768 = VECTOR ( 'NONE', #3008, 39.37007874015748100 ) ;
#1769 = DIRECTION ( 'NONE',  ( 0.0000000000000000000, -1.000000000000000000, -0.0000000000000000000 ) ) ;
#1770 = MECHANICAL_DESIGN_GEOMETRIC_PRESENTATION_REPRESENTATION (  '', ( #69 ), #2010 ) ;
#1771 = ORIENTED_EDGE ( 'NONE', *, *, #3495, .F. ) ;
#1772 = LINE ( 'NONE', #1214, #3806 ) ;
#1773 = PLANE ( 'NONE',  #1653 ) ;
#1774 = DIRECTION ( 'NONE',  ( 0.0000000000000000000, -0.0000000000000000000, 1.000000000000000000 ) ) ;
#1775 = CARTESIAN_POINT ( 'NONE',  ( 0.7104899079217181800, 0.5803149606299212700, 0.1250000000000000600 ) ) ;
#1776 = VERTEX_POINT ( 'NONE', #3992 ) ;
#1777 = VECTOR ( 'NONE', #1232, 39.37007874015748100 ) ;
#1778 = ADVANCED_FACE ( 'NONE', ( #1716 ), #1343, .T. ) ;
#1779 = DIRECTION ( 'NONE',  ( 0.0000000000000000000, -1.000000000000000000, 0.0000000000000000000 ) ) ;
#1780 = FACE_OUTER_BOUND ( 'NONE', #2625, .T. ) ;
#1781 = CARTESIAN_POINT ( 'NONE',  ( 0.6181507432773606400, 0.3924603339927483800, 0.1250000000000000600 ) ) ;
#1782 = EDGE_LOOP ( 'NONE', ( #602, #1875, #64, #3051 ) ) ;
#1783 = LINE ( 'NONE', #1850, #1013 ) ;
#1784 = ORIENTED_EDGE ( 'NONE', *, *, #3568, .F. ) ;
#1785 = VECTOR ( 'NONE', #2198, 39.37007874015748900 ) ;
#1786 = CARTESIAN_POINT ( 'NONE',  ( 3.980102097228897700E-017, 0.2749999999999999100, -0.3600000000000003800 ) ) ;
#1787 = CARTESIAN_POINT ( 'NONE',  ( -0.7510000000000000000, 0.3841299163440908800, 0.0000000000000000000 ) ) ;
#1788 = DIRECTION ( 'NONE',  ( -1.000000000000000000, 0.0000000000000000000, 0.0000000000000000000 ) ) ;
#1789 = ORIENTED_EDGE ( 'NONE', *, *, #370, .F. ) ;
#1790 = ORIENTED_EDGE ( 'NONE', *, *, #2215, .F. ) ;
#1791 = DIRECTION ( 'NONE',  ( 0.0000000000000000000, -1.000000000000000000, 0.0000000000000000000 ) ) ;
#1792 = CARTESIAN_POINT ( 'NONE',  ( 0.6304730328643344300, 0.2749999999999998600, 0.3157878402833893000 ) ) ;
#1793 = EDGE_CURVE ( 'NONE', #1305, #2238, #3233, .T. ) ;
#1794 = EDGE_CURVE ( 'NONE', #931, #1705, #4218, .T. ) ;
#1795 = DIRECTION ( 'NONE',  ( 0.0000000000000000000, 0.0000000000000000000, 1.000000000000000000 ) ) ;
#1796 = VECTOR ( 'NONE', #1637, 39.37007874015748100 ) ;
#1797 = VERTEX_POINT ( 'NONE', #3031 ) ;
#1798 = DIRECTION ( 'NONE',  ( -2.688355662409431300E-032, -1.064665559469244000E-016, 1.000000000000000000 ) ) ;
#1799 = CARTESIAN_POINT ( 'NONE',  ( -0.1085708163636324000, 0.1506818173096967400, 0.3206299212598426300 ) ) ;
#1800 = EDGE_CURVE ( 'NONE', #734, #1950, #1320, .T. ) ;
#1801 = ORIENTED_EDGE ( 'NONE', *, *, #3190, .F. ) ;
#1802 = DIRECTION ( 'NONE',  ( 0.0000000000000000000, 0.0000000000000000000, 1.000000000000000000 ) ) ;
#1803 = ADVANCED_FACE ( 'NONE', ( #3384 ), #2677, .F. ) ;
#1804 = LINE ( 'NONE', #845, #4260 ) ;
#1805 = STYLED_ITEM ( 'NONE', ( #2804 ), #4147 ) ;
#1806 = DIRECTION ( 'NONE',  ( -0.0000000000000000000, -0.0000000000000000000, -1.000000000000000000 ) ) ;
#1807 = ORIENTED_EDGE ( 'NONE', *, *, #2241, .T. ) ;
#1808 = CARTESIAN_POINT ( 'NONE',  ( 0.7104899079217181800, 0.5558435179377633200, 0.1250000000000000600 ) ) ;
#1809 = CARTESIAN_POINT ( 'NONE',  ( 0.7952190705184454300, 0.5599999999999999400, 0.07500000000000002500 ) ) ;
#1810 = VERTEX_POINT ( 'NONE', #59 ) ;
#1811 = DIRECTION ( 'NONE',  ( 1.000000000000000000, 0.0000000000000000000, -0.0000000000000000000 ) ) ;
#1812 = ORIENTED_EDGE ( 'NONE', *, *, #2273, .F. ) ;
#1813 = DIRECTION ( 'NONE',  ( 0.0000000000000000000, 0.0000000000000000000, 1.000000000000000000 ) ) ;
#1814 = CARTESIAN_POINT ( 'NONE',  ( -0.6825000000000000000, 0.3349999999999999100, -0.3600000000000003800 ) ) ;
#1815 = EDGE_CURVE ( 'NONE', #1096, #1997, #3582, .T. ) ;
#1816 = ORIENTED_EDGE ( 'NONE', *, *, #3372, .T. ) ;
#1817 = DIRECTION ( 'NONE',  ( 1.000000000000000000, 2.525070561829413700E-016, 0.0000000000000000000 ) ) ;
#1818 = ORIENTED_EDGE ( 'NONE', *, *, #765, .F. ) ;
#1819 = DIRECTION ( 'NONE',  ( 0.0000000000000000000, 1.000000000000000000, 0.0000000000000000000 ) ) ;
#1820 = AXIS2_PLACEMENT_3D ( 'NONE', #3157, #3129, #1181 ) ;
#1821 = EDGE_CURVE ( 'NONE', #2744, #1201, #1426, .T. ) ;
#1822 = CARTESIAN_POINT ( 'NONE',  ( -0.7094977337679059200, 0.3841299163440908800, 0.0000000000000000000 ) ) ;
#1823 = VERTEX_POINT ( 'NONE', #3312 ) ;
#1824 = VECTOR ( 'NONE', #1647, 39.37007874015748100 ) ;
#1825 = DIRECTION ( 'NONE',  ( -1.000000000000000000, 0.0000000000000000000, 0.0000000000000000000 ) ) ;
#1826 = ORIENTED_EDGE ( 'NONE', *, *, #740, .T. ) ;
#1827 = PLANE ( 'NONE',  #1894 ) ;
#1828 = DIRECTION ( 'NONE',  ( -0.0000000000000000000, 1.000000000000000000, -1.064665559469244000E-016 ) ) ;
#1829 = ORIENTED_EDGE ( 'NONE', *, *, #3158, .T. ) ;
#1830 = LINE ( 'NONE', #2735, #129 ) ;
#1831 = PRODUCT_DEFINITION_FORMATION_WITH_SPECIFIED_SOURCE ( 'ANY', '', #2342, .NOT_KNOWN. ) ;
#1832 = EDGE_LOOP ( 'NONE', ( #268, #2695, #3365, #160 ) ) ;
#1833 = VECTOR ( 'NONE', #1311, 39.37007874015748100 ) ;
#1834 = VERTEX_POINT ( 'NONE', #1316 ) ;
#1835 = LINE ( 'NONE', #3314, #962 ) ;
#1836 = CARTESIAN_POINT ( 'NONE',  ( -0.8352129783247008700, 0.5606980962574910100, -0.07500000000000002500 ) ) ;
#1837 = LINE ( 'NONE', #875, #963 ) ;
#1838 = VECTOR ( 'NONE', #1847, 39.37007874015748100 ) ;
#1839 = DIRECTION ( 'NONE',  ( 0.0000000000000000000, -1.000000000000000000, 0.0000000000000000000 ) ) ;
#1840 = AXIS2_PLACEMENT_3D ( 'NONE', #3797, #3841, #1530 ) ;
#1841 = ORIENTED_EDGE ( 'NONE', *, *, #2974, .F. ) ;
#1842 = SURFACE_SIDE_STYLE ('',( #3699 ) ) ;
#1843 = ORIENTED_EDGE ( 'NONE', *, *, #2133, .T. ) ;
#1844 = VECTOR ( 'NONE', #2812, 39.37007874015748100 ) ;
#1845 = EDGE_CURVE ( 'NONE', #2038, #1293, #4063, .T. ) ;
#1846 = PLANE ( 'NONE',  #2285 ) ;
#1847 = DIRECTION ( 'NONE',  ( 1.000000000000000000, -0.0000000000000000000, -0.0000000000000000000 ) ) ;
#1848 = AXIS2_PLACEMENT_3D ( 'NONE', #1721, #437, #2705 ) ;
#1849 = VERTEX_POINT ( 'NONE', #3107 ) ;
#1850 = CARTESIAN_POINT ( 'NONE',  ( -0.6825000000000000000, 0.1149999999999998400, -0.1250000000000000000 ) ) ;
#1851 = ORIENTED_EDGE ( 'NONE', *, *, #3771, .T. ) ;
#1852 = CARTESIAN_POINT ( 'NONE',  ( 0.7510000000000000000, 0.5999999999999999800, -0.07499999999999999700 ) ) ;
#1853 = VECTOR ( 'NONE', #2863, 39.37007874015748100 ) ;
#1854 = DIRECTION ( 'NONE',  ( -0.0000000000000000000, -0.0000000000000000000, -1.000000000000000000 ) ) ;
#1855 = VERTEX_POINT ( 'NONE', #1117 ) ;
#1856 = CARTESIAN_POINT ( 'NONE',  ( -0.7952190705184454300, 0.5999999999999999800, 0.2787700759417748900 ) ) ;
#1857 = EDGE_CURVE ( 'NONE', #1287, #3061, #1574, .T. ) ;
#1858 = DIRECTION ( 'NONE',  ( 0.0000000000000000000, 0.0000000000000000000, -1.000000000000000000 ) ) ;
#1859 = CARTESIAN_POINT ( 'NONE',  ( -0.7352519685039369300, 0.3841299163440908800, 0.0000000000000000000 ) ) ;
#1860 = ORIENTED_EDGE ( 'NONE', *, *, #3231, .F. ) ;
#1861 = EDGE_LOOP ( 'NONE', ( #1347, #1051, #721, #4216, #2296, #2429, #572, #3327, #1719, #611, #2024, #824, #2766, #292, #2386, #2503, #1349, #82, #1960, #2161 ) ) ;
#1862 = CARTESIAN_POINT ( 'NONE',  ( 0.6056793005852027000, 0.2482104724122009000, 0.1250000000000000600 ) ) ;
#1863 = CARTESIAN_POINT ( 'NONE',  ( 0.6825000000000000000, 0.3349999999999999100, 0.3250000000000000700 ) ) ;
#1864 = ORIENTED_EDGE ( 'NONE', *, *, #1821, .F. ) ;
#1865 = VERTEX_POINT ( 'NONE', #2060 ) ;
#1866 = CARTESIAN_POINT ( 'NONE',  ( -0.7510000000000000000, 0.5999999999999999800, 0.1250000000000000600 ) ) ;
#1867 = CARTESIAN_POINT ( 'NONE',  ( -0.8386596052609223100, 0.3632409713257485100, -0.3556977476190096300 ) ) ;
#1868 = DIRECTION ( 'NONE',  ( 0.0000000000000000000, 0.0000000000000000000, 1.000000000000000000 ) ) ;
#1869 = ORIENTED_EDGE ( 'NONE', *, *, #839, .T. ) ;
#1870 = SHAPE_DEFINITION_REPRESENTATION ( #3112, #4147 ) ;
#1871 =( NAMED_UNIT ( * ) PLANE_ANGLE_UNIT ( ) SI_UNIT ( $, .RADIAN. ) );
#1872 = DIRECTION ( 'NONE',  ( 0.0000000000000000000, 0.0000000000000000000, 1.000000000000000000 ) ) ;
#1873 = COLOUR_RGB ( '',0.7921568627450980000, 0.8196078431372548800, 0.9333333333333333500 ) ;
#1874 = AXIS2_PLACEMENT_3D ( 'NONE', #49, #3677, #1406 ) ;
#1875 = ORIENTED_EDGE ( 'NONE', *, *, #2773, .T. ) ;
#1876 = EDGE_CURVE ( 'NONE', #1930, #2435, #1989, .T. ) ;
#1877 = VECTOR ( 'NONE', #2416, 39.37007874015748100 ) ;
#1878 = CARTESIAN_POINT ( 'NONE',  ( -0.6383826951618816200, 0.2766164923377561500, 0.3163142160660019600 ) ) ;
#1879 = DIRECTION ( 'NONE',  ( 1.000000000000000000, 0.0000000000000000000, -0.0000000000000000000 ) ) ;
#1880 = AXIS2_PLACEMENT_3D ( 'NONE', #154, #3500, #2475 ) ;
#1881 = ORIENTED_EDGE ( 'NONE', *, *, #3464, .F. ) ;
#1882 = LINE ( 'NONE', #138, #1259 ) ;
#1883 = DIRECTION ( 'NONE',  ( 0.0000000000000000000, -1.000000000000000000, 0.0000000000000000000 ) ) ;
#1884 = DIRECTION ( 'NONE',  ( -0.0000000000000000000, -0.0000000000000000000, -1.000000000000000000 ) ) ;
#1885 = ORIENTED_EDGE ( 'NONE', *, *, #3721, .T. ) ;
#1886 = LINE ( 'NONE', #2640, #598 ) ;
#1887 = CARTESIAN_POINT ( 'NONE',  ( -0.8183275479078744300, 0.5999999999999998700, 0.2787700759417753300 ) ) ;
#1888 = VECTOR ( 'NONE', #2389, 39.37007874015748100 ) ;
#1889 = DIRECTION ( 'NONE',  ( 0.0000000000000000000, -0.0000000000000000000, 1.000000000000000000 ) ) ;
#1890 = EDGE_LOOP ( 'NONE', ( #3595, #676, #2546, #333, #3054, #3305, #2769, #3295, #685, #1372, #3955, #3018, #3394, #3902, #1689, #2077 ) ) ;
#1891 = CIRCLE ( 'NONE', #3168, 0.06000000000000004600 ) ;
#1892 = CARTESIAN_POINT ( 'NONE',  ( 0.7510000000000000000, 0.2787401574803147200, 0.09948246940511164300 ) ) ;
#1893 = ADVANCED_FACE ( 'NONE', ( #3390, #3089 ), #1098, .F. ) ;
#1894 = AXIS2_PLACEMENT_3D ( 'NONE', #201, #3221, #2887 ) ;
#1895 = LINE ( 'NONE', #2683, #786 ) ;
#1896 = PLANE ( 'NONE',  #1735 ) ;
#1897 = EDGE_CURVE ( 'NONE', #950, #50, #782, .T. ) ;
#1898 = EDGE_CURVE ( 'NONE', #1997, #931, #1197, .T. ) ;
#1899 = DIRECTION ( 'NONE',  ( -1.000000000000000000, -2.525070561829413200E-016, -0.0000000000000000000 ) ) ;
#1900 = CARTESIAN_POINT ( 'NONE',  ( -0.7952190705184454300, 0.5999999999999999800, -0.3600000000000003800 ) ) ;
#1901 = PLANE ( 'NONE',  #670 ) ;
#1902 = DIRECTION ( 'NONE',  ( 1.000000000000000000, 0.0000000000000000000, -3.738843057022260000E-015 ) ) ;
#1903 = CARTESIAN_POINT ( 'NONE',  ( 0.7510000000000000000, 0.5558435179377619900, 0.1250000000000000600 ) ) ;
#1904 = DIRECTION ( 'NONE',  ( -0.0000000000000000000, 1.000000000000000000, -1.064665559469244000E-016 ) ) ;
#1905 = EDGE_LOOP ( 'NONE', ( #1789, #2487, #11, #3476 ) ) ;
#1906 = EDGE_CURVE ( 'NONE', #1287, #1724, #582, .T. ) ;
#1907 = FACE_OUTER_BOUND ( 'NONE', #3087, .T. ) ;
#1908 = AXIS2_PLACEMENT_3D ( 'NONE', #2418, #798, #2113 ) ;
#1909 = ORIENTED_EDGE ( 'NONE', *, *, #312, .T. ) ;
#1910 = PLANE ( 'NONE',  #3543 ) ;
#1911 = EDGE_CURVE ( 'NONE', #3081, #896, #565, .T. ) ;
#1912 = ADVANCED_FACE ( 'NONE', ( #247 ), #2098, .F. ) ;
#1913 = CARTESIAN_POINT ( 'NONE',  ( 0.6825000000000000000, 0.3349999999999999100, -0.1249999999999999600 ) ) ;
#1914 = CARTESIAN_POINT ( 'NONE',  ( -0.6704116963770109200, 0.2980554692448914600, -0.3216385545218859400 ) ) ;
#1915 = EDGE_CURVE ( 'NONE', #1165, #2362, #40, .T. ) ;
#1916 = ORIENTED_EDGE ( 'NONE', *, *, #2728, .F. ) ;
#1917 = AXIS2_PLACEMENT_3D ( 'NONE', #197, #809, #2483 ) ;
#1918 = VERTEX_POINT ( 'NONE', #2701 ) ;
#1919 = DIRECTION ( 'NONE',  ( 0.01745240643727697200, -0.9998476951563912700, 0.0000000000000000000 ) ) ;
#1920 = ORIENTED_EDGE ( 'NONE', *, *, #3681, .F. ) ;
#1921 = EDGE_LOOP ( 'NONE', ( #4055, #2078, #309, #1534 ) ) ;
#1922 = ORIENTED_EDGE ( 'NONE', *, *, #1659, .T. ) ;
#1923 = CARTESIAN_POINT ( 'NONE',  ( -0.8449999999999997500, 0.0000000000000000000, 0.3600000000000001000 ) ) ;
#1924 = DIRECTION ( 'NONE',  ( 0.0000000000000000000, 1.000000000000000000, 1.224955720424438600E-016 ) ) ;
#1925 = CARTESIAN_POINT ( 'NONE',  ( -1.031000000000000800, 0.2787401574803148300, -0.09948246940511164300 ) ) ;
#1926 = VERTEX_POINT ( 'NONE', #2730 ) ;
#1927 = CARTESIAN_POINT ( 'NONE',  ( 1.368721538571910700, 0.3349999999999999100, -0.1250000000000000000 ) ) ;
#1928 = EDGE_CURVE ( 'NONE', #3927, #4150, #1629, .T. ) ;
#1929 = CARTESIAN_POINT ( 'NONE',  ( -0.1085708163636324000, -0.1506818173096967400, 0.3206299212598426300 ) ) ;
#1930 = VERTEX_POINT ( 'NONE', #2745 ) ;
#1931 = LINE ( 'NONE', #1442, #168 ) ;
#1932 = CARTESIAN_POINT ( 'NONE',  ( -0.7399327290047749100, 0.3841299163440908800, 0.04134988530312788000 ) ) ;
#1933 = AXIS2_PLACEMENT_3D ( 'NONE', #561, #2848, #1537 ) ;
#1934 = VECTOR ( 'NONE', #1656, 39.37007874015748100 ) ;
#1935 = EDGE_CURVE ( 'NONE', #1158, #1397, #3349, .T. ) ;
#1936 = ORIENTED_EDGE ( 'NONE', *, *, #1990, .T. ) ;
#1937 = LINE ( 'NONE', #2369, #2510 ) ;
#1938 = PLANE ( 'NONE',  #3378 ) ;
#1939 = CARTESIAN_POINT ( 'NONE',  ( 0.7510000000000000000, 0.2787401574803149400, -0.1250000000000001700 ) ) ;
#1940 = ORIENTED_EDGE ( 'NONE', *, *, #1244, .F. ) ;
#1941 = LINE ( 'NONE', #752, #2050 ) ;
#1942 = VERTEX_POINT ( 'NONE', #781 ) ;
#1943 = VECTOR ( 'NONE', #912, 39.37007874015748100 ) ;
#1944 = CARTESIAN_POINT ( 'NONE',  ( 0.7510000000000000000, 0.2787401574803147200, -0.09948246940511164300 ) ) ;
#1945 = EDGE_CURVE ( 'NONE', #2744, #1997, #2767, .T. ) ;
#1946 = CARTESIAN_POINT ( 'NONE',  ( -0.7510000000000000000, 0.2515788080029211500, -0.09048522344134479800 ) ) ;
#1947 = LINE ( 'NONE', #4118, #2664 ) ;
#1948 = VECTOR ( 'NONE', #1485, 39.37007874015748100 ) ;
#1949 = VECTOR ( 'NONE', #893, 39.37007874015748900 ) ;
#1950 = VERTEX_POINT ( 'NONE', #3703 ) ;
#1951 = CARTESIAN_POINT ( 'NONE',  ( -0.1085708163636324000, 0.0000000000000000000, 0.3600000000000001000 ) ) ;
#1952 = ADVANCED_FACE ( 'NONE', ( #2002 ), #3403, .F. ) ;
#1953 = VERTEX_POINT ( 'NONE', #1836 ) ;
#1954 = LINE ( 'NONE', #3111, #1737 ) ;
#1955 = ORIENTED_EDGE ( 'NONE', *, *, #2658, .F. ) ;
#1956 = CARTESIAN_POINT ( 'NONE',  ( -0.7528048203820791900, 0.3841299163440908800, 0.0000000000000000000 ) ) ;
#1957 = EDGE_CURVE ( 'NONE', #1293, #677, #302, .T. ) ;
#1958 = ORIENTED_EDGE ( 'NONE', *, *, #2726, .T. ) ;
#1959 = ORIENTED_EDGE ( 'NONE', *, *, #3454, .F. ) ;
#1960 = ORIENTED_EDGE ( 'NONE', *, *, #1313, .F. ) ;
#1961 = PLANE ( 'NONE',  #139 ) ;
#1962 = AXIS2_PLACEMENT_3D ( 'NONE', #2596, #1553, #4244 ) ;
#1963 = DIRECTION ( 'NONE',  ( -1.000000000000000000, 0.0000000000000000000, 0.0000000000000000000 ) ) ;
#1964 = ORIENTED_EDGE ( 'NONE', *, *, #2372, .F. ) ;
#1965 = ORIENTED_EDGE ( 'NONE', *, *, #3840, .F. ) ;
#1966 = ORIENTED_EDGE ( 'NONE', *, *, #2570, .F. ) ;
#1967 = DIRECTION ( 'NONE',  ( 0.0000000000000000000, 1.000000000000000000, 0.0000000000000000000 ) ) ;
#1968 = CARTESIAN_POINT ( 'NONE',  ( 0.5936793005852028000, 0.2482104724122009000, 0.1250000000000000600 ) ) ;
#1969 = ORIENTED_EDGE ( 'NONE', *, *, #4030, .T. ) ;
#1970 = ORIENTED_EDGE ( 'NONE', *, *, #1445, .T. ) ;
#1971 = DIRECTION ( 'NONE',  ( 0.0000000000000000000, -1.000000000000000000, 8.537024980200824800E-016 ) ) ;
#1972 = ORIENTED_EDGE ( 'NONE', *, *, #1167, .F. ) ;
#1973 = ORIENTED_EDGE ( 'NONE', *, *, #1456, .T. ) ;
#1974 = CARTESIAN_POINT ( 'NONE',  ( 0.6224999999999999400, 0.3349999999999999100, -0.3600000000000003800 ) ) ;
#1975 = CARTESIAN_POINT ( 'NONE',  ( 0.6591045509426244300, 0.2872988369956139800, -0.3192411867423511400 ) ) ;
#1976 = ORIENTED_EDGE ( 'NONE', *, *, #1231, .F. ) ;
#1977 = DIRECTION ( 'NONE',  ( -0.0000000000000000000, 1.000000000000000000, 1.224955720424438600E-016 ) ) ;
#1978 = EDGE_CURVE ( 'NONE', #2131, #1918, #1216, .T. ) ;
#1979 = VECTOR ( 'NONE', #2197, 39.37007874015748100 ) ;
#1980 = CIRCLE ( 'NONE', #971, 0.01247144269215793100 ) ;
#1981 = LINE ( 'NONE', #2791, #223 ) ;
#1982 = DIRECTION ( 'NONE',  ( 0.0000000000000000000, 0.0000000000000000000, 1.000000000000000000 ) ) ;
#1983 = DIRECTION ( 'NONE',  ( -1.000000000000000000, -2.525070561829413200E-016, 0.0000000000000000000 ) ) ;
#1984 = ORIENTED_EDGE ( 'NONE', *, *, #2222, .T. ) ;
#1985 = LINE ( 'NONE', #2696, #2242 ) ;
#1986 = LINE ( 'NONE', #1651, #25 ) ;
#1987 = CARTESIAN_POINT ( 'NONE',  ( -0.7510000000000000000, 0.2515788080029210900, 0.1250000000000000600 ) ) ;
#1988 = EDGE_CURVE ( 'NONE', #3311, #3234, #1576, .T. ) ;
#1989 = LINE ( 'NONE', #4064, #2350 ) ;
#1990 = EDGE_CURVE ( 'NONE', #1305, #3545, #2575, .T. ) ;
#1991 = ORIENTED_EDGE ( 'NONE', *, *, #2654, .F. ) ;
#1992 = VECTOR ( 'NONE', #3915, 39.37007874015748100 ) ;
#1993 = DIRECTION ( 'NONE',  ( -1.000000000000000000, 0.0000000000000000000, 0.0000000000000000000 ) ) ;
#1994 = CARTESIAN_POINT ( 'NONE',  ( 0.6181507432773606400, 0.3924603339927483800, 0.1250000000000000600 ) ) ;
#1995 = CARTESIAN_POINT ( 'NONE',  ( -0.7389999999999999900, 0.03937007874015747300, 0.09048522344134479800 ) ) ;
#1996 = AXIS2_PLACEMENT_3D ( 'NONE', #2330, #2030, #2687 ) ;
#1997 = VERTEX_POINT ( 'NONE', #484 ) ;
#1998 = FACE_OUTER_BOUND ( 'NONE', #1890, .T. ) ;
#1999 = CARTESIAN_POINT ( 'NONE',  ( 0.7265285573078407200, 0.5803149606299212700, 0.1250000000000000600 ) ) ;
#2000 = DIMENSIONAL_EXPONENTS ( 1.000000000000000000, 0.0000000000000000000, 0.0000000000000000000, 0.0000000000000000000, 0.0000000000000000000, 0.0000000000000000000, 0.0000000000000000000 ) ;
#2001 = VERTEX_POINT ( 'NONE', #3787 ) ;
#2002 = FACE_OUTER_BOUND ( 'NONE', #1065, .T. ) ;
#2003 = EDGE_LOOP ( 'NONE', ( #3904, #150, #3361, #523 ) ) ;
#2004 = VECTOR ( 'NONE', #551, 39.37007874015748100 ) ;
#2005 = FACE_OUTER_BOUND ( 'NONE', #2422, .T. ) ;
#2006 = CARTESIAN_POINT ( 'NONE',  ( -0.7510000000000000000, -1.365923996832131600E-016, -0.07499999999999999700 ) ) ;
#2007 = EDGE_CURVE ( 'NONE', #193, #2618, #351, .T. ) ;
#2008 = DIRECTION ( 'NONE',  ( 0.0000000000000000000, 0.0000000000000000000, 1.000000000000000000 ) ) ;
#2009 = ORIENTED_EDGE ( 'NONE', *, *, #3668, .T. ) ;
#2010 =( GEOMETRIC_REPRESENTATION_CONTEXT ( 3 ) GLOBAL_UNCERTAINTY_ASSIGNED_CONTEXT ( ( #2607 ) ) GLOBAL_UNIT_ASSIGNED_CONTEXT ( ( #455, #771, #3062 ) ) REPRESENTATION_CONTEXT ( 'NONE', 'WORKASPACE' ) );
#2011 = VERTEX_POINT ( 'NONE', #4135 ) ;
#2012 = CARTESIAN_POINT ( 'NONE',  ( -0.7510000000000000000, 0.5803149606299211600, 0.1250000000000000600 ) ) ;
#2013 = ORIENTED_EDGE ( 'NONE', *, *, #1501, .T. ) ;
#2014 = VECTOR ( 'NONE', #3984, 39.37007874015748100 ) ;
#2015 = DIRECTION ( 'NONE',  ( -0.0000000000000000000, -0.0000000000000000000, -1.000000000000000000 ) ) ;
#2016 = CARTESIAN_POINT ( 'NONE',  ( 0.6825000000000000000, 0.3500000000000003700, 0.3600000000000001000 ) ) ;
#2017 = ORIENTED_EDGE ( 'NONE', *, *, #2528, .F. ) ;
#2018 = CARTESIAN_POINT ( 'NONE',  ( 0.7104899079217181800, 0.5803149606299212700, 0.1250000000000000600 ) ) ;
#2019 = AXIS2_PLACEMENT_3D ( 'NONE', #1142, #1746, #2437 ) ;
#2020 = DIRECTION ( 'NONE',  ( -0.0000000000000000000, -1.000000000000000000, -0.0000000000000000000 ) ) ;
#2021 = EDGE_CURVE ( 'NONE', #945, #1293, #3570, .T. ) ;
#2022 = DIRECTION ( 'NONE',  ( 0.0000000000000000000, 0.0000000000000000000, 1.000000000000000000 ) ) ;
#2023 = CARTESIAN_POINT ( 'NONE',  ( 1.368721538571910700, 0.2749999999999998600, 0.3157878402833891900 ) ) ;
#2024 = ORIENTED_EDGE ( 'NONE', *, *, #3333, .F. ) ;
#2025 = ORIENTED_EDGE ( 'NONE', *, *, #1010, .F. ) ;
#2026 = CARTESIAN_POINT ( 'NONE',  ( 0.6072933452020572400, 0.3985966023912279600, -0.1249999999999999900 ) ) ;
#2027 = ORIENTED_EDGE ( 'NONE', *, *, #2555, .F. ) ;
#2028 = ORIENTED_EDGE ( 'NONE', *, *, #1794, .T. ) ;
#2029 = VERTEX_POINT ( 'NONE', #2508 ) ;
#2030 = DIRECTION ( 'NONE',  ( 1.000000000000000000, 0.0000000000000000000, 0.0000000000000000000 ) ) ;
#2031 = CARTESIAN_POINT ( 'NONE',  ( -0.1085708163636324000, -0.1506818173096967400, -0.3206299212598426300 ) ) ;
#2032 = ADVANCED_FACE ( 'NONE', ( #751 ), #2491, .F. ) ;
#2033 = EDGE_CURVE ( 'NONE', #849, #3670, #2206, .T. ) ;
#2034 = ORIENTED_EDGE ( 'NONE', *, *, #4083, .T. ) ;
#2035 = FACE_OUTER_BOUND ( 'NONE', #36, .T. ) ;
#2036 = DIRECTION ( 'NONE',  ( 0.0000000000000000000, 0.0000000000000000000, 1.000000000000000000 ) ) ;
#2037 = EDGE_LOOP ( 'NONE', ( #648, #1039, #236, #1860 ) ) ;
#2038 = VERTEX_POINT ( 'NONE', #1150 ) ;
#2039 = LINE ( 'NONE', #3110, #37 ) ;
#2040 = DIRECTION ( 'NONE',  ( 0.0000000000000000000, -1.000000000000000000, 0.0000000000000000000 ) ) ;
#2041 = EDGE_CURVE ( 'NONE', #3098, #3673, #699, .T. ) ;
#2042 = LINE ( 'NONE', #2797, #3925 ) ;
#2043 = DIRECTION ( 'NONE',  ( 0.0000000000000000000, 0.0000000000000000000, 1.000000000000000000 ) ) ;
#2044 = VERTEX_POINT ( 'NONE', #2116 ) ;
#2045 = VECTOR ( 'NONE', #1743, 39.37007874015748100 ) ;
#2046 = VECTOR ( 'NONE', #1828, 39.37007874015748100 ) ;
#2047 = PLANE ( 'NONE',  #3223 ) ;
#2048 = CARTESIAN_POINT ( 'NONE',  ( -0.1085708163636324000, 0.0000000000000000000, 0.3206299212598426300 ) ) ;
#2049 = EDGE_CURVE ( 'NONE', #2732, #3606, #914, .T. ) ;
#2050 = VECTOR ( 'NONE', #4089, 39.37007874015748100 ) ;
#2051 = FACE_OUTER_BOUND ( 'NONE', #1342, .T. ) ;
#2052 = ORIENTED_EDGE ( 'NONE', *, *, #507, .F. ) ;
#2053 = CARTESIAN_POINT ( 'NONE',  ( -0.6825000000000000000, 0.0000000000000000000, 0.1053149606299212400 ) ) ;
#2054 = ORIENTED_EDGE ( 'NONE', *, *, #1765, .T. ) ;
#2055 = LINE ( 'NONE', #2148, #2957 ) ;
#2056 = ORIENTED_EDGE ( 'NONE', *, *, #2551, .F. ) ;
#2057 = DIRECTION ( 'NONE',  ( -1.000000000000000000, 0.0000000000000000000, 0.0000000000000000000 ) ) ;
#2058 = PRODUCT_RELATED_PRODUCT_CATEGORY ( 'part', '', ( #2342 ) ) ;
#2059 = ADVANCED_FACE ( 'NONE', ( #3664 ), #1168, .F. ) ;
#2060 = CARTESIAN_POINT ( 'NONE',  ( 0.7510000000000000000, -1.365923996832131600E-016, -0.07499999999999999700 ) ) ;
#2061 = DIRECTION ( 'NONE',  ( -1.000000000000000000, 8.516452750778373100E-015, 0.0000000000000000000 ) ) ;
#2062 = ORIENTED_EDGE ( 'NONE', *, *, #1700, .F. ) ;
#2063 = CARTESIAN_POINT ( 'NONE',  ( -0.7450000000000001100, -0.02500000000000000100, -0.3190000000000000100 ) ) ;
#2064 = CARTESIAN_POINT ( 'NONE',  ( 1.031000000000000800, 0.2515788080029212100, -0.09048522344134479800 ) ) ;
#2065 = ORIENTED_EDGE ( 'NONE', *, *, #357, .T. ) ;
#2066 = DIRECTION ( 'NONE',  ( -0.0000000000000000000, -0.0000000000000000000, -1.000000000000000000 ) ) ;
#2067 = ADVANCED_FACE ( 'NONE', ( #2518 ), #1112, .F. ) ;
#2068 = DIRECTION ( 'NONE',  ( -0.0000000000000000000, -0.0000000000000000000, -1.000000000000000000 ) ) ;
#2069 = EDGE_CURVE ( 'NONE', #3704, #1724, #808, .T. ) ;
#2070 = ORIENTED_EDGE ( 'NONE', *, *, #1580, .F. ) ;
#2071 = CARTESIAN_POINT ( 'NONE',  ( -0.7510000000000000000, 0.5803149606299211600, 0.1250000000000000600 ) ) ;
#2072 = AXIS2_PLACEMENT_3D ( 'NONE', #3751, #1394, #3406 ) ;
#2073 = ORIENTED_EDGE ( 'NONE', *, *, #3175, .F. ) ;
#2074 = ORIENTED_EDGE ( 'NONE', *, *, #2795, .T. ) ;
#2075 = DIRECTION ( 'NONE',  ( 1.000000000000000000, -2.525070561829413200E-016, -0.0000000000000000000 ) ) ;
#2076 = PLANE ( 'NONE',  #2907 ) ;
#2077 = ORIENTED_EDGE ( 'NONE', *, *, #177, .F. ) ;
#2078 = ORIENTED_EDGE ( 'NONE', *, *, #1323, .F. ) ;
#2079 = CARTESIAN_POINT ( 'NONE',  ( -0.6825000000000000000, 0.5999999999999999800, -0.3600000000000003800 ) ) ;
#2080 = CARTESIAN_POINT ( 'NONE',  ( 0.6181507432773606400, 0.3924603339927483800, -0.1249999999999999900 ) ) ;
#2081 = VERTEX_POINT ( 'NONE', #2129 ) ;
#2082 = EDGE_CURVE ( 'NONE', #3318, #1170, #2624, .T. ) ;
#2083 = VECTOR ( 'NONE', #869, 39.37007874015748100 ) ;
#2084 = LINE ( 'NONE', #3669, #3493 ) ;
#2085 = VECTOR ( 'NONE', #4093, 39.37007874015748100 ) ;
#2086 = VERTEX_POINT ( 'NONE', #1775 ) ;
#2087 = VECTOR ( 'NONE', #2036, 39.37007874015748100 ) ;
#2088 = LINE ( 'NONE', #203, #1204 ) ;
#2089 = SURFACE_SIDE_STYLE ('',( #118 ) ) ;
#2090 = LINE ( 'NONE', #3106, #2655 ) ;
#2091 = DIRECTION ( 'NONE',  ( -0.0000000000000000000, 1.000000000000000000, -0.0000000000000000000 ) ) ;
#2092 = DIRECTION ( 'NONE',  ( 0.0000000000000000000, 0.0000000000000000000, -1.000000000000000000 ) ) ;
#2093 = ORIENTED_EDGE ( 'NONE', *, *, #1264, .F. ) ;
#2094 = VECTOR ( 'NONE', #1363, 39.37007874015748100 ) ;
#2095 = CARTESIAN_POINT ( 'NONE',  ( 0.1085708163636324000, 0.1506818173096967400, 0.3206299212598426300 ) ) ;
#2096 = DIRECTION ( 'NONE',  ( 1.000000000000000000, -2.525070561829413200E-016, 0.0000000000000000000 ) ) ;
#2097 = FACE_OUTER_BOUND ( 'NONE', #173, .T. ) ;
#2098 = CYLINDRICAL_SURFACE ( 'NONE', #3273, 0.06000000000000004600 ) ;
#2099 = CARTESIAN_POINT ( 'NONE',  ( 0.1085708163636324000, -0.1506818173096967400, -0.3206299212598426300 ) ) ;
#2100 = VECTOR ( 'NONE', #3864, 39.37007874015748100 ) ;
#2101 = LINE ( 'NONE', #560, #502 ) ;
#2102 = CARTESIAN_POINT ( 'NONE',  ( 0.6701957849354629500, 0.2983883399626696700, 0.3216480614868176300 ) ) ;
#2103 = EDGE_CURVE ( 'NONE', #2855, #1625, #1947, .T. ) ;
#2104 = DIRECTION ( 'NONE',  ( 0.0000000000000000000, 0.0000000000000000000, 1.000000000000000000 ) ) ;
#2105 = CARTESIAN_POINT ( 'NONE',  ( 0.6224999999999999400, 0.3349999999999999100, 0.3600000000000001000 ) ) ;
#2106 = FILL_AREA_STYLE_COLOUR ( '', #1873 ) ;
#2107 = VERTEX_POINT ( 'NONE', #3885 ) ;
#2108 = CARTESIAN_POINT ( 'NONE',  ( 0.6825000000000000000, 0.3349999999999999100, -0.3600000000000003800 ) ) ;
#2109 = DIRECTION ( 'NONE',  ( 0.0000000000000000000, -0.0000000000000000000, -1.000000000000000000 ) ) ;
#2110 = EDGE_CURVE ( 'NONE', #2257, #1532, #1060, .T. ) ;
#2111 = DIRECTION ( 'NONE',  ( -1.000000000000000000, -0.0000000000000000000, -0.0000000000000000000 ) ) ;
#2112 = LINE ( 'NONE', #3271, #2426 ) ;
#2113 = DIRECTION ( 'NONE',  ( 0.0000000000000000000, 0.0000000000000000000, 1.000000000000000000 ) ) ;
#2114 = AXIS2_PLACEMENT_3D ( 'NONE', #3064, #1066, #3363 ) ;
#2115 = CARTESIAN_POINT ( 'NONE',  ( -0.7952190705184454300, 0.5599999999999999400, -0.3600000000000003800 ) ) ;
#2116 = CARTESIAN_POINT ( 'NONE',  ( -0.8352129783247008700, 0.5606980962574910100, -0.2915400385671661500 ) ) ;
#2117 = ORIENTED_EDGE ( 'NONE', *, *, #650, .T. ) ;
#2118 = EDGE_CURVE ( 'NONE', #1865, #3382, #185, .T. ) ;
#2119 = CARTESIAN_POINT ( 'NONE',  ( -0.7389999999999999900, -0.1399999999999998500, -1.268397002463279700E-017 ) ) ;
#2120 = DIRECTION ( 'NONE',  ( -1.000000000000000000, 0.0000000000000000000, 0.0000000000000000000 ) ) ;
#2121 = CARTESIAN_POINT ( 'NONE',  ( 0.0000000000000000000, 0.5999999999999999800, 0.2787700759417753300 ) ) ;
#2122 = ORIENTED_EDGE ( 'NONE', *, *, #2375, .T. ) ;
#2123 = DIRECTION ( 'NONE',  ( -1.000000000000000000, 0.0000000000000000000, 0.0000000000000000000 ) ) ;
#2124 = AXIS2_PLACEMENT_3D ( 'NONE', #4112, #1769, #130 ) ;
#2125 = ORIENTED_EDGE ( 'NONE', *, *, #2605, .F. ) ;
#2126 = DIRECTION ( 'NONE',  ( 0.0000000000000000000, 1.000000000000000000, 0.0000000000000000000 ) ) ;
#2127 = ORIENTED_EDGE ( 'NONE', *, *, #749, .T. ) ;
#2128 = VECTOR ( 'NONE', #4189, 39.37007874015748100 ) ;
#2129 = CARTESIAN_POINT ( 'NONE',  ( -0.6825000000000000000, 0.1349999999999998100, 0.1249999999999999600 ) ) ;
#2130 = AXIS2_PLACEMENT_3D ( 'NONE', #712, #1646, #1029 ) ;
#2131 = VERTEX_POINT ( 'NONE', #889 ) ;
#2132 = VERTEX_POINT ( 'NONE', #239 ) ;
#2133 = EDGE_CURVE ( 'NONE', #1309, #1397, #2410, .T. ) ;
#2134 = PLANE ( 'NONE',  #977 ) ;
#2135 = CARTESIAN_POINT ( 'NONE',  ( 0.6825000000000000000, 0.1349999999999998100, 0.1249999999999999600 ) ) ;
#2136 = AXIS2_PLACEMENT_3D ( 'NONE', #3508, #1157, #1524 ) ;
#2137 = EDGE_LOOP ( 'NONE', ( #763, #2803, #125, #3718, #281 ) ) ;
#2138 = FACE_OUTER_BOUND ( 'NONE', #3655, .T. ) ;
#2139 = LINE ( 'NONE', #2414, #2702 ) ;
#2140 = VERTEX_POINT ( 'NONE', #3216 ) ;
#2141 = LINE ( 'NONE', #4044, #1618 ) ;
#2142 = VECTOR ( 'NONE', #2166, 39.37007874015748100 ) ;
#2143 = DIRECTION ( 'NONE',  ( -0.0000000000000000000, -0.0000000000000000000, -1.000000000000000000 ) ) ;
#2144 = VERTEX_POINT ( 'NONE', #4182 ) ;
#2145 = VECTOR ( 'NONE', #3414, 39.37007874015748100 ) ;
#2146 = DIRECTION ( 'NONE',  ( 0.0000000000000000000, 0.0000000000000000000, 1.000000000000000000 ) ) ;
#2147 = VECTOR ( 'NONE', #4224, 39.37007874015748100 ) ;
#2148 = CARTESIAN_POINT ( 'NONE',  ( -0.8352129783247008700, 0.5606980962574910100, -0.3600000000000003800 ) ) ;
#2149 = CARTESIAN_POINT ( 'NONE',  ( 0.6825000000000000000, 0.1149999999999998400, -0.1250000000000000000 ) ) ;
#2150 = DIRECTION ( 'NONE',  ( 0.0000000000000000000, -0.0000000000000000000, 1.000000000000000000 ) ) ;
#2151 = EDGE_CURVE ( 'NONE', #1554, #2872, #4243, .T. ) ;
#2152 = CARTESIAN_POINT ( 'NONE',  ( -0.7952190705184454300, 0.5999999999999999800, -0.2787700759417754400 ) ) ;
#2153 = CIRCLE ( 'NONE', #770, 0.02499999999999997400 ) ;
#2154 = LINE ( 'NONE', #1633, #4188 ) ;
#2155 = ORIENTED_EDGE ( 'NONE', *, *, #1369, .T. ) ;
#2156 = CARTESIAN_POINT ( 'NONE',  ( 0.6224999999999999400, 0.3349999999999999100, -0.3600000000000003800 ) ) ;
#2157 = AXIS2_PLACEMENT_3D ( 'NONE', #3057, #1054, #3381 ) ;
#2158 = EDGE_CURVE ( 'NONE', #2878, #2456, #1783, .T. ) ;
#2159 = DIRECTION ( 'NONE',  ( 0.0000000000000000000, 0.0000000000000000000, -1.000000000000000000 ) ) ;
#2160 = ORIENTED_EDGE ( 'NONE', *, *, #2432, .T. ) ;
#2161 = ORIENTED_EDGE ( 'NONE', *, *, #3439, .T. ) ;
#2162 = EDGE_CURVE ( 'NONE', #2451, #193, #1837, .T. ) ;
#2163 = DIRECTION ( 'NONE',  ( 0.0000000000000000000, 0.0000000000000000000, 1.000000000000000000 ) ) ;
#2164 = CARTESIAN_POINT ( 'NONE',  ( 0.7952190705184454300, 0.5999999999999999800, -0.3600000000000003800 ) ) ;
#2165 = ORIENTED_EDGE ( 'NONE', *, *, #4075, .F. ) ;
#2166 = DIRECTION ( 'NONE',  ( 0.0000000000000000000, 0.0000000000000000000, 1.000000000000000000 ) ) ;
#2167 = CARTESIAN_POINT ( 'NONE',  ( 0.8449999999999997500, 0.03937007874015744500, 0.09048522344134479800 ) ) ;
#2168 = ORIENTED_EDGE ( 'NONE', *, *, #3272, .F. ) ;
#2169 = ADVANCED_FACE ( 'NONE', ( #4184 ), #586, .F. ) ;
#2170 = CARTESIAN_POINT ( 'NONE',  ( 0.7389999999999999900, -1.365923996832131600E-016, -0.1250000000000000000 ) ) ;
#2171 = ORIENTED_EDGE ( 'NONE', *, *, #1276, .F. ) ;
#2172 = CARTESIAN_POINT ( 'NONE',  ( 0.1085708163636324000, 0.1506818173096967400, 0.3600000000000001000 ) ) ;
#2173 = EDGE_CURVE ( 'NONE', #313, #423, #552, .T. ) ;
#2174 = DIRECTION ( 'NONE',  ( -1.000000000000000000, 0.0000000000000000000, 0.0000000000000000000 ) ) ;
#2175 = ORIENTED_EDGE ( 'NONE', *, *, #1572, .F. ) ;
#2176 = CARTESIAN_POINT ( 'NONE',  ( 0.6825000000000000000, 0.3349999999999999100, -0.3600000000000003800 ) ) ;
#2177 = ORIENTED_EDGE ( 'NONE', *, *, #2118, .T. ) ;
#2178 = DIRECTION ( 'NONE',  ( 0.0000000000000000000, 0.0000000000000000000, 1.000000000000000000 ) ) ;
#2179 = CARTESIAN_POINT ( 'NONE',  ( 0.7783700787401575100, 0.01200000000000000000, 0.1250000000000000600 ) ) ;
#2180 = CARTESIAN_POINT ( 'NONE',  ( -0.7389999999999999900, 0.5803149606299211600, 0.1250000000000000600 ) ) ;
#2181 = AXIS2_PLACEMENT_3D ( 'NONE', #2293, #2376, #2022 ) ;
#2182 = ORIENTED_EDGE ( 'NONE', *, *, #4172, .T. ) ;
#2183 = EDGE_LOOP ( 'NONE', ( #2917, #1568, #1241, #820 ) ) ;
#2184 = LINE ( 'NONE', #471, #3025 ) ;
#2185 = CARTESIAN_POINT ( 'NONE',  ( -0.6825000000000000000, -0.07127237034785331700, 0.1053149606299212400 ) ) ;
#2186 = ORIENTED_EDGE ( 'NONE', *, *, #525, .F. ) ;
#2187 = LINE ( 'NONE', #3210, #3180 ) ;
#2188 = CARTESIAN_POINT ( 'NONE',  ( -0.6701957849354629500, 0.2983883399626696700, 0.3216480614868176300 ) ) ;
#2189 = LINE ( 'NONE', #7, #3857 ) ;
#2190 = AXIS2_PLACEMENT_3D ( 'NONE', #606, #2930, #3262 ) ;
#2191 = CIRCLE ( 'NONE', #466, 0.01574803149606299200 ) ;
#2192 = ORIENTED_EDGE ( 'NONE', *, *, #1615, .T. ) ;
#2193 = LINE ( 'NONE', #3392, #3446 ) ;
#2194 = CARTESIAN_POINT ( 'NONE',  ( 0.7389999999999999900, -0.1210000000000002300, -0.01899999999999997900 ) ) ;
#2195 = CARTESIAN_POINT ( 'NONE',  ( -0.7528048203820791900, 0.3841299163440908800, 0.0000000000000000000 ) ) ;
#2196 = FACE_OUTER_BOUND ( 'NONE', #2183, .T. ) ;
#2197 = DIRECTION ( 'NONE',  ( -0.0000000000000000000, 1.000000000000000000, -0.0000000000000000000 ) ) ;
#2198 = DIRECTION ( 'NONE',  ( 0.4920255458767450700, 0.8705807614487531800, 0.0000000000000000000 ) ) ;
#2199 = ORIENTED_EDGE ( 'NONE', *, *, #2049, .T. ) ;
#2200 = VECTOR ( 'NONE', #249, 39.37007874015748100 ) ;
#2201 = ORIENTED_EDGE ( 'NONE', *, *, #2269, .F. ) ;
#2202 = LINE ( 'NONE', #3132, #449 ) ;
#2203 = EDGE_CURVE ( 'NONE', #359, #4148, #134, .T. ) ;
#2204 = LINE ( 'NONE', #3072, #495 ) ;
#2205 = DIRECTION ( 'NONE',  ( -0.0000000000000000000, -0.0000000000000000000, -1.000000000000000000 ) ) ;
#2206 = LINE ( 'NONE', #860, #2305 ) ;
#2207 = VECTOR ( 'NONE', #1543, 39.37007874015748100 ) ;
#2208 = CARTESIAN_POINT ( 'NONE',  ( -0.7510000000000000000, -0.1209999999999998400, -1.268397002463279700E-017 ) ) ;
#2209 = LINE ( 'NONE', #946, #1583 ) ;
#2210 = ORIENTED_EDGE ( 'NONE', *, *, #2894, .F. ) ;
#2211 = PLANE ( 'NONE',  #3301 ) ;
#2212 =( BOUNDED_CURVE ( )  B_SPLINE_CURVE ( 3, ( #166, #3195, #1191, #2152 ),
 .UNSPECIFIED., .F., .T. ) 
 B_SPLINE_CURVE_WITH_KNOTS ( ( 4, 4 ),
 ( 4.729842272904625700, 6.283185307179586200 ),
 .UNSPECIFIED. ) 
 CURVE ( )  GEOMETRIC_REPRESENTATION_ITEM ( )  RATIONAL_B_SPLINE_CURVE ( ( 1.000000000000000000, 0.8088336327694527500, 0.8088336327694527500, 1.000000000000000000 ) ) 
 REPRESENTATION_ITEM ( '' )  );
#2213 = DIRECTION ( 'NONE',  ( 1.000000000000000000, 2.525070561829413700E-016, 0.0000000000000000000 ) ) ;
#2214 = DIRECTION ( 'NONE',  ( 1.000000000000000000, 0.0000000000000000000, 0.0000000000000000000 ) ) ;
#2215 = EDGE_CURVE ( 'NONE', #4226, #4007, #1317, .T. ) ;
#2216 = ORIENTED_EDGE ( 'NONE', *, *, #521, .T. ) ;
#2217 = CARTESIAN_POINT ( 'NONE',  ( -0.7389999999999999900, 0.3841299163440908800, 0.0000000000000000000 ) ) ;
#2218 = LINE ( 'NONE', #1360, #2014 ) ;
#2219 = CARTESIAN_POINT ( 'NONE',  ( 0.6676803216288633700, 0.2953282504089043700, 0.3210460784688832800 ) ) ;
#2220 = CARTESIAN_POINT ( 'NONE',  ( 0.7510000000000000000, 0.0000000000000000000, 0.07499999999999998300 ) ) ;
#2221 = PLANE ( 'NONE',  #4278 ) ;
#2222 = EDGE_CURVE ( 'NONE', #974, #2038, #3514, .T. ) ;
#2223 = CARTESIAN_POINT ( 'NONE',  ( -0.7389999999999997700, 0.2787401574803147200, 0.1250000000000000600 ) ) ;
#2224 = ORIENTED_EDGE ( 'NONE', *, *, #1276, .T. ) ;
#2225 = DIRECTION ( 'NONE',  ( 1.000000000000000000, 0.0000000000000000000, -0.0000000000000000000 ) ) ;
#2226 = PRESENTATION_LAYER_ASSIGNMENT (  '', '', ( #69 ) ) ;
#2227 = DIRECTION ( 'NONE',  ( 0.0000000000000000000, 0.0000000000000000000, 1.000000000000000000 ) ) ;
#2228 = DIRECTION ( 'NONE',  ( -0.0000000000000000000, 1.000000000000000000, 0.0000000000000000000 ) ) ;
#2229 = DIRECTION ( 'NONE',  ( -0.0000000000000000000, -0.0000000000000000000, -1.000000000000000000 ) ) ;
#2230 = ORIENTED_EDGE ( 'NONE', *, *, #2924, .F. ) ;
#2231 = ORIENTED_EDGE ( 'NONE', *, *, #1244, .T. ) ;
#2232 = EDGE_LOOP ( 'NONE', ( #19, #23, #1671, #4028 ) ) ;
#2233 = CARTESIAN_POINT ( 'NONE',  ( -0.7389999999999999900, 0.03937007874015763900, -0.01899999999999999600 ) ) ;
#2234 = ORIENTED_EDGE ( 'NONE', *, *, #795, .T. ) ;
#2235 = CYLINDRICAL_SURFACE ( 'NONE', #1344, 0.02447144269215796600 ) ;
#2236 = CARTESIAN_POINT ( 'NONE',  ( -0.7389999999999997700, 0.2787401574803147200, -0.1250000000000000600 ) ) ;
#2237 = VECTOR ( 'NONE', #1040, 39.37007874015748100 ) ;
#2238 = VERTEX_POINT ( 'NONE', #1242 ) ;
#2239 = ORIENTED_EDGE ( 'NONE', *, *, #2320, .F. ) ;
#2240 = CARTESIAN_POINT ( 'NONE',  ( -0.7510000000000000000, 0.5999999999999999800, -0.07499999999999998300 ) ) ;
#2241 = EDGE_CURVE ( 'NONE', #2132, #2958, #3300, .T. ) ;
#2242 = VECTOR ( 'NONE', #3754, 39.37007874015748100 ) ;
#2243 = DIRECTION ( 'NONE',  ( 0.0000000000000000000, -1.000000000000000000, 0.0000000000000000000 ) ) ;
#2244 = ORIENTED_EDGE ( 'NONE', *, *, #1935, .F. ) ;
#2245 = VECTOR ( 'NONE', #2213, 39.37007874015748100 ) ;
#2246 = CARTESIAN_POINT ( 'NONE',  ( -0.7510000000000000000, 0.03937007874015763900, -0.01899999999999999600 ) ) ;
#2247 = CARTESIAN_POINT ( 'NONE',  ( -0.6419171583709317700, 0.2780931463121746300, -0.3167395958334217100 ) ) ;
#2248 = EDGE_CURVE ( 'NONE', #874, #4059, #1891, .T. ) ;
#2249 = ORIENTED_EDGE ( 'NONE', *, *, #991, .F. ) ;
#2250 = FACE_OUTER_BOUND ( 'NONE', #2232, .T. ) ;
#2251 = DIRECTION ( 'NONE',  ( -1.000000000000000000, 0.0000000000000000000, 0.0000000000000000000 ) ) ;
#2252 = VECTOR ( 'NONE', #1919, 39.37007874015748900 ) ;
#2253 = DIRECTION ( 'NONE',  ( -1.000000000000000000, 0.0000000000000000000, 0.0000000000000000000 ) ) ;
#2254 = ORIENTED_EDGE ( 'NONE', *, *, #2069, .F. ) ;
#2255 = LINE ( 'NONE', #4060, #3045 ) ;
#2256 = DIRECTION ( 'NONE',  ( -1.000000000000000000, 0.0000000000000000000, 0.0000000000000000000 ) ) ;
#2257 = VERTEX_POINT ( 'NONE', #618 ) ;
#2258 = AXIS2_PLACEMENT_3D ( 'NONE', #3557, #282, #3612 ) ;
#2259 = LINE ( 'NONE', #3578, #2406 ) ;
#2260 = LINE ( 'NONE', #3085, #3614 ) ;
#2261 = LINE ( 'NONE', #3159, #1949 ) ;
#2262 = ORIENTED_EDGE ( 'NONE', *, *, #2158, .T. ) ;
#2263 = CARTESIAN_POINT ( 'NONE',  ( -0.7510000000000000000, -0.1209999999999998400, -1.268397002463279700E-017 ) ) ;
#2264 = EDGE_CURVE ( 'NONE', #2365, #3337, #2622, .T. ) ;
#2265 = CARTESIAN_POINT ( 'NONE',  ( 0.0000000000000000000, 0.0000000000000000000, 0.3206299212598426300 ) ) ;
#2266 = DIRECTION ( 'NONE',  ( 0.0000000000000000000, 0.0000000000000000000, 1.000000000000000000 ) ) ;
#2267 = FACE_OUTER_BOUND ( 'NONE', #1385, .T. ) ;
#2268 = SURFACE_STYLE_USAGE ( .BOTH. , #2279 ) ;
#2269 = EDGE_CURVE ( 'NONE', #202, #2744, #4078, .T. ) ;
#2270 = DIRECTION ( 'NONE',  ( -1.000000000000000000, 0.0000000000000000000, 0.0000000000000000000 ) ) ;
#2271 = CARTESIAN_POINT ( 'NONE',  ( -0.7389999999999999900, -0.1209999999999998400, -0.01900000000000000300 ) ) ;
#2272 = ORIENTED_EDGE ( 'NONE', *, *, #1456, .F. ) ;
#2273 = EDGE_CURVE ( 'NONE', #2644, #3191, #652, .T. ) ;
#2274 = CARTESIAN_POINT ( 'NONE',  ( 0.6072933452020572400, 0.3985966023912279600, -0.1249999999999999900 ) ) ;
#2275 = CARTESIAN_POINT ( 'NONE',  ( 0.6825000000000000000, 0.3500000000000000300, -0.3600000000000003800 ) ) ;
#2276 = ORIENTED_EDGE ( 'NONE', *, *, #66, .T. ) ;
#2277 = CARTESIAN_POINT ( 'NONE',  ( -0.7510000000000000000, 0.2787401574803149400, -0.1249999999999999900 ) ) ;
#2278 = VERTEX_POINT ( 'NONE', #1944 ) ;
#2279 = SURFACE_SIDE_STYLE ('',( #2682 ) ) ;
#2280 = DIRECTION ( 'NONE',  ( -1.000000000000000000, 0.0000000000000000000, 0.0000000000000000000 ) ) ;
#2281 = ORIENTED_EDGE ( 'NONE', *, *, #3201, .F. ) ;
#2282 = ORIENTED_EDGE ( 'NONE', *, *, #3952, .F. ) ;
#2283 = ORIENTED_EDGE ( 'NONE', *, *, #3464, .T. ) ;
#2284 = DIRECTION ( 'NONE',  ( -0.0000000000000000000, -0.0000000000000000000, -1.000000000000000000 ) ) ;
#2285 = AXIS2_PLACEMENT_3D ( 'NONE', #2486, #1802, #215 ) ;
#2286 = ORIENTED_EDGE ( 'NONE', *, *, #1957, .F. ) ;
#2287 = LINE ( 'NONE', #898, #534 ) ;
#2288 = VECTOR ( 'NONE', #704, 39.37007874015748100 ) ;
#2289 = DIRECTION ( 'NONE',  ( 0.0000000000000000000, 0.0000000000000000000, -1.000000000000000000 ) ) ;
#2290 = EDGE_CURVE ( 'NONE', #3625, #3098, #88, .T. ) ;
#2291 = ORIENTED_EDGE ( 'NONE', *, *, #1369, .F. ) ;
#2292 = FACE_OUTER_BOUND ( 'NONE', #2137, .T. ) ;
#2293 = CARTESIAN_POINT ( 'NONE',  ( -0.7232519685039369200, 0.3841299163440908800, -0.06871782983251850700 ) ) ;
#2294 = DIRECTION ( 'NONE',  ( 1.000000000000000000, -2.525070561829413200E-016, -0.0000000000000000000 ) ) ;
#2295 = ORIENTED_EDGE ( 'NONE', *, *, #212, .F. ) ;
#2296 = ORIENTED_EDGE ( 'NONE', *, *, #4274, .T. ) ;
#2297 = FACE_OUTER_BOUND ( 'NONE', #244, .T. ) ;
#2298 = DIRECTION ( 'NONE',  ( 8.516452750778373100E-015, 1.000000000000000000, -0.0000000000000000000 ) ) ;
#2299 = DIRECTION ( 'NONE',  ( 0.0000000000000000000, -0.0000000000000000000, 1.000000000000000000 ) ) ;
#2300 = ORIENTED_EDGE ( 'NONE', *, *, #2783, .F. ) ;
#2301 = FACE_OUTER_BOUND ( 'NONE', #719, .T. ) ;
#2302 = AXIS2_PLACEMENT_3D ( 'NONE', #1429, #4214, #1774 ) ;
#2303 = VECTOR ( 'NONE', #395, 39.37007874015748100 ) ;
#2304 = CARTESIAN_POINT ( 'NONE',  ( 0.6825000000000000000, 0.5999999999999999800, 0.1250000000000000600 ) ) ;
#2305 = VECTOR ( 'NONE', #1443, 39.37007874015748900 ) ;
#2306 = VECTOR ( 'NONE', #4228, 39.37007874015748100 ) ;
#2307 = VECTOR ( 'NONE', #866, 39.37007874015748100 ) ;
#2308 = EDGE_LOOP ( 'NONE', ( #3345, #3659, #2494, #2073, #1129, #2553, #1179, #133, #2564, #2676, #1012, #1758, #2034, #1958, #831, #164, #2224, #1408, #2883, #3637 ) ) ;
#2309 = DIRECTION ( 'NONE',  ( 1.000000000000000000, -0.0000000000000000000, 0.0000000000000000000 ) ) ;
#2310 = CARTESIAN_POINT ( 'NONE',  ( 0.6704116963770109200, 0.2980554692448914600, -0.3216385545218859400 ) ) ;
#2311 = ORIENTED_EDGE ( 'NONE', *, *, #4020, .T. ) ;
#2312 = FACE_OUTER_BOUND ( 'NONE', #4269, .T. ) ;
#2313 = CARTESIAN_POINT ( 'NONE',  ( -0.8352129783247008700, 0.5606980962574910100, 0.07500000000000002500 ) ) ;
#2314 = DIRECTION ( 'NONE',  ( -0.0000000000000000000, -0.0000000000000000000, -1.000000000000000000 ) ) ;
#2315 = DIRECTION ( 'NONE',  ( 0.0000000000000000000, 0.0000000000000000000, 1.000000000000000000 ) ) ;
#2316 = DIMENSIONAL_EXPONENTS ( 1.000000000000000000, 0.0000000000000000000, 0.0000000000000000000, 0.0000000000000000000, 0.0000000000000000000, 0.0000000000000000000, 0.0000000000000000000 ) ;
#2317 = DIRECTION ( 'NONE',  ( -0.0000000000000000000, 0.3090169943749416200, 0.9510565162951555300 ) ) ;
#2318 = AXIS2_PLACEMENT_3D ( 'NONE', #2782, #3449, #4084 ) ;
#2319 = CARTESIAN_POINT ( 'NONE',  ( 0.8352129783247008700, 0.5606980962574910100, -0.3600000000000003800 ) ) ;
#2320 = EDGE_CURVE ( 'NONE', #1855, #3606, #3881, .T. ) ;
#2321 = VECTOR ( 'NONE', #3264, 39.37007874015748100 ) ;
#2322 = CARTESIAN_POINT ( 'NONE',  ( 0.7510000000000000000, 0.03937007874015748000, 0.1250000000000000600 ) ) ;
#2323 = ORIENTED_EDGE ( 'NONE', *, *, #419, .F. ) ;
#2324 = DIRECTION ( 'NONE',  ( -0.0000000000000000000, -0.0000000000000000000, -1.000000000000000000 ) ) ;
#2325 = DIRECTION ( 'NONE',  ( 0.0000000000000000000, -1.000000000000000000, 0.0000000000000000000 ) ) ;
#2326 = DIRECTION ( 'NONE',  ( -0.0000000000000000000, -0.0000000000000000000, -1.000000000000000000 ) ) ;
#2327 = EDGE_CURVE ( 'NONE', #4266, #1042, #83, .T. ) ;
#2328 = DIRECTION ( 'NONE',  ( 1.000000000000000000, 0.0000000000000000000, 0.0000000000000000000 ) ) ;
#2329 = VERTEX_POINT ( 'NONE', #3297 ) ;
#2330 = CARTESIAN_POINT ( 'NONE',  ( 0.7510000000000000000, 0.1999999999999999800, 0.1250000000000000300 ) ) ;
#2331 = ORIENTED_EDGE ( 'NONE', *, *, #507, .T. ) ;
#2332 = AXIS2_PLACEMENT_3D ( 'NONE', #55, #2326, #1328 ) ;
#2333 = DIRECTION ( 'NONE',  ( -1.000000000000000000, -0.0000000000000000000, 0.0000000000000000000 ) ) ;
#2334 = ORIENTED_EDGE ( 'NONE', *, *, #1128, .F. ) ;
#2335 = LINE ( 'NONE', #516, #1451 ) ;
#2336 = EDGE_CURVE ( 'NONE', #2001, #1797, #1371, .T. ) ;
#2337 = VERTEX_POINT ( 'NONE', #4275 ) ;
#2338 = ORIENTED_EDGE ( 'NONE', *, *, #2438, .F. ) ;
#2339 = DIRECTION ( 'NONE',  ( 1.000000000000000000, 0.0000000000000000000, 0.0000000000000000000 ) ) ;
#2340 = ADVANCED_FACE ( 'NONE', ( #2404 ), #4302, .T. ) ;
#2341 = PRESENTATION_STYLE_ASSIGNMENT (( #1419 ) ) ;
#2342 = PRODUCT ( '1051', '1051', '', ( #327 ) ) ;
#2343 = CARTESIAN_POINT ( 'NONE',  ( 0.1085708163636324000, 0.1506818173096967400, -0.3206299212598426300 ) ) ;
#2344 = VECTOR ( 'NONE', #3604, 39.37007874015748100 ) ;
#2345 = PLANE ( 'NONE',  #1435 ) ;
#2346 = EDGE_CURVE ( 'NONE', #2403, #920, #1725, .T. ) ;
#2347 = EDGE_CURVE ( 'NONE', #1081, #3418, #705, .T. ) ;
#2348 = VERTEX_POINT ( 'NONE', #629 ) ;
#2349 = VECTOR ( 'NONE', #546, 39.37007874015748100 ) ;
#2350 = VECTOR ( 'NONE', #1069, 39.37007874015748100 ) ;
#2351 = CARTESIAN_POINT ( 'NONE',  ( -0.7389999999999997700, 0.2787401574803147200, 0.09948246940511164300 ) ) ;
#2352 = AXIS2_PLACEMENT_3D ( 'NONE', #1859, #1174, #1872 ) ;
#2353 = ORIENTED_EDGE ( 'NONE', *, *, #1374, .F. ) ;
#2354 = LINE ( 'NONE', #2119, #4019 ) ;
#2355 = LINE ( 'NONE', #1333, #3457 ) ;
#2356 = FACE_OUTER_BOUND ( 'NONE', #108, .T. ) ;
#2357 = ORIENTED_EDGE ( 'NONE', *, *, #521, .F. ) ;
#2358 = FACE_OUTER_BOUND ( 'NONE', #938, .T. ) ;
#2359 = DIRECTION ( 'NONE',  ( -0.8705807614487528500, 0.4920255458767459100, 0.0000000000000000000 ) ) ;
#2360 = CARTESIAN_POINT ( 'NONE',  ( -0.7510000000000000000, 0.5803149606299211600, 0.09048522344134479800 ) ) ;
#2361 = DIRECTION ( 'NONE',  ( 0.0000000000000000000, 0.0000000000000000000, 1.000000000000000000 ) ) ;
#2362 = VERTEX_POINT ( 'NONE', #4292 ) ;
#2363 = LINE ( 'NONE', #3354, #2944 ) ;
#2364 = LINE ( 'NONE', #3603, #3717 ) ;
#2365 = VERTEX_POINT ( 'NONE', #4250 ) ;
#2366 = ADVANCED_FACE ( 'NONE', ( #2951 ), #2590, .T. ) ;
#2367 = DIRECTION ( 'NONE',  ( 1.000000000000000000, 0.0000000000000000000, 0.0000000000000000000 ) ) ;
#2368 = DIRECTION ( 'NONE',  ( -0.01745240643727697500, -0.9998476951563912700, 0.0000000000000000000 ) ) ;
#2369 = CARTESIAN_POINT ( 'NONE',  ( -0.7389999999999999900, 0.2515788080029211500, -0.09048522344134479800 ) ) ;
#2370 = CARTESIAN_POINT ( 'NONE',  ( -0.6825000000000000000, 0.3349999999999999100, -0.3600000000000003800 ) ) ;
#2371 = ORIENTED_EDGE ( 'NONE', *, *, #3224, .T. ) ;
#2372 = EDGE_CURVE ( 'NONE', #3418, #1926, #2512, .T. ) ;
#2373 = DIRECTION ( 'NONE',  ( 0.0000000000000000000, 1.000000000000000000, 1.224646799147353200E-016 ) ) ;
#2374 = ORIENTED_EDGE ( 'NONE', *, *, #2203, .T. ) ;
#2375 = EDGE_CURVE ( 'NONE', #3251, #1823, #3258, .T. ) ;
#2376 = DIRECTION ( 'NONE',  ( 0.0000000000000000000, 1.000000000000000000, 1.224646799147353200E-016 ) ) ;
#2377 = DIRECTION ( 'NONE',  ( 1.000000000000000000, 0.0000000000000000000, 0.0000000000000000000 ) ) ;
#2378 = DIRECTION ( 'NONE',  ( 1.000000000000000000, 0.0000000000000000000, 0.0000000000000000000 ) ) ;
#2379 = ORIENTED_EDGE ( 'NONE', *, *, #1815, .F. ) ;
#2380 = ADVANCED_FACE ( 'NONE', ( #2356 ), #3397, .T. ) ;
#2381 = ORIENTED_EDGE ( 'NONE', *, *, #2241, .F. ) ;
#2382 = DIRECTION ( 'NONE',  ( 2.525070561829413200E-016, 1.000000000000000000, 0.0000000000000000000 ) ) ;
#2383 = ORIENTED_EDGE ( 'NONE', *, *, #2900, .T. ) ;
#2384 = CARTESIAN_POINT ( 'NONE',  ( 0.6056793005852027000, 0.3924603339927483800, 0.1250000000000000600 ) ) ;
#2385 = ORIENTED_EDGE ( 'NONE', *, *, #200, .F. ) ;
#2386 = ORIENTED_EDGE ( 'NONE', *, *, #1601, .F. ) ;
#2387 = ORIENTED_EDGE ( 'NONE', *, *, #4254, .T. ) ;
#2388 = VECTOR ( 'NONE', #4141, 39.37007874015748100 ) ;
#2389 = DIRECTION ( 'NONE',  ( 1.000000000000000000, -5.485638541494504800E-017, 0.0000000000000000000 ) ) ;
#2390 = EDGE_CURVE ( 'NONE', #1081, #3520, #304, .T. ) ;
#2391 = CARTESIAN_POINT ( 'NONE',  ( -0.8449999999999997500, 0.0000000000000000000, 0.07499999999999998300 ) ) ;
#2392 = EDGE_CURVE ( 'NONE', #3670, #3597, #2363, .T. ) ;
#2393 = ORIENTED_EDGE ( 'NONE', *, *, #432, .F. ) ;
#2394 = LINE ( 'NONE', #3427, #791 ) ;
#2395 = VECTOR ( 'NONE', #341, 39.37007874015748100 ) ;
#2396 = CARTESIAN_POINT ( 'NONE',  ( 0.1085708163636324000, 0.1506818173096967400, 0.3206299212598426300 ) ) ;
#2397 = VECTOR ( 'NONE', #2458, 39.37007874015748100 ) ;
#2398 = ORIENTED_EDGE ( 'NONE', *, *, #3872, .T. ) ;
#2399 = CARTESIAN_POINT ( 'NONE',  ( 0.7952190705184454300, 0.5999999999999999800, 0.2787700759417748900 ) ) ;
#2400 = AXIS2_PLACEMENT_3D ( 'NONE', #3722, #4052, #2061 ) ;
#2401 = ADVANCED_FACE ( 'NONE', ( #1472 ), #2345, .T. ) ;
#2402 = DIRECTION ( 'NONE',  ( 0.0000000000000000000, 0.0000000000000000000, 1.000000000000000000 ) ) ;
#2403 = VERTEX_POINT ( 'NONE', #3040 ) ;
#2404 = FACE_OUTER_BOUND ( 'NONE', #2602, .T. ) ;
#2405 = ORIENTED_EDGE ( 'NONE', *, *, #2761, .T. ) ;
#2406 = VECTOR ( 'NONE', #3920, 39.37007874015748100 ) ;
#2407 = LINE ( 'NONE', #722, #2303 ) ;
#2408 = EDGE_CURVE ( 'NONE', #3382, #3752, #3252, .T. ) ;
#2409 = CARTESIAN_POINT ( 'NONE',  ( -0.7399327290047749100, 0.3427800310409630000, 0.0000000000000000000 ) ) ;
#2410 = LINE ( 'NONE', #557, #1683 ) ;
#2411 = CARTESIAN_POINT ( 'NONE',  ( -0.6825000000000000000, 0.2787401574803149400, 0.1053149606299212400 ) ) ;
#2412 = VECTOR ( 'NONE', #3897, 39.37007874015748100 ) ;
#2413 = LINE ( 'NONE', #2543, #555 ) ;
#2414 = CARTESIAN_POINT ( 'NONE',  ( -0.7510000000000000000, 8.308786758271078200E-020, -0.07499999999999999700 ) ) ;
#2415 = ADVANCED_FACE ( 'NONE', ( #4032 ), #3685, .T. ) ;
#2416 = DIRECTION ( 'NONE',  ( 0.0000000000000000000, 1.000000000000000000, 1.224955720424438600E-016 ) ) ;
#2417 = VECTOR ( 'NONE', #2497, 39.37007874015748100 ) ;
#2418 = CARTESIAN_POINT ( 'NONE',  ( -0.7389999999999999900, 0.3841299163440908800, 0.0000000000000000000 ) ) ;
#2419 = CARTESIAN_POINT ( 'NONE',  ( 0.8352129783247008700, 0.5606980962574910100, -0.07500000000000002500 ) ) ;
#2420 = ORIENTED_EDGE ( 'NONE', *, *, #2162, .F. ) ;
#2421 = EDGE_CURVE ( 'NONE', #1541, #2362, #3817, .T. ) ;
#2422 = EDGE_LOOP ( 'NONE', ( #3826, #1816, #2423, #2371 ) ) ;
#2423 = ORIENTED_EDGE ( 'NONE', *, *, #255, .F. ) ;
#2424 = PLANE ( 'NONE',  #1252 ) ;
#2425 = CARTESIAN_POINT ( 'NONE',  ( 1.031000000000000800, 0.2515788080029212100, 0.09948246940511164300 ) ) ;
#2426 = VECTOR ( 'NONE', #4265, 39.37007874015748100 ) ;
#2427 = FACE_OUTER_BOUND ( 'NONE', #1235, .T. ) ;
#2428 = CARTESIAN_POINT ( 'NONE',  ( 0.8449999999999997500, 0.03937007874015744500, 0.1250000000000000600 ) ) ;
#2429 = ORIENTED_EDGE ( 'NONE', *, *, #1545, .T. ) ;
#2430 = EDGE_CURVE ( 'NONE', #2644, #1554, #603, .T. ) ;
#2431 = DIRECTION ( 'NONE',  ( 0.0000000000000000000, 0.0000000000000000000, -1.000000000000000000 ) ) ;
#2432 = EDGE_CURVE ( 'NONE', #3293, #3673, #4026, .T. ) ;
#2433 = CARTESIAN_POINT ( 'NONE',  ( -0.7510000000000000000, 0.0000000000000000000, 0.07499999999999998300 ) ) ;
#2434 = CARTESIAN_POINT ( 'NONE',  ( -0.7952190705184454300, 0.5999999999999999800, -0.2787700759417754400 ) ) ;
#2435 = VERTEX_POINT ( 'NONE', #1341 ) ;
#2436 = ORIENTED_EDGE ( 'NONE', *, *, #1180, .F. ) ;
#2437 = DIRECTION ( 'NONE',  ( 0.0000000000000000000, 0.0000000000000000000, -1.000000000000000000 ) ) ;
#2438 = EDGE_CURVE ( 'NONE', #3302, #3484, #1623, .T. ) ;
#2439 = DIRECTION ( 'NONE',  ( -0.4920255458767450700, -0.8705807614487531800, 0.0000000000000000000 ) ) ;
#2440 = ORIENTED_EDGE ( 'NONE', *, *, #969, .T. ) ;
#2441 = ORIENTED_EDGE ( 'NONE', *, *, #153, .T. ) ;
#2442 = CARTESIAN_POINT ( 'NONE',  ( -0.8449999999999997500, 0.0000000000000000000, -0.3600000000000001000 ) ) ;
#2443 = ORIENTED_EDGE ( 'NONE', *, *, #1180, .T. ) ;
#2444 = VERTEX_POINT ( 'NONE', #1678 ) ;
#2445 = CARTESIAN_POINT ( 'NONE',  ( -0.8388907272751259200, 0.3500000000000003700, 0.3600000000000001000 ) ) ;
#2446 = DIRECTION ( 'NONE',  ( -1.000000000000000000, 0.0000000000000000000, 0.0000000000000000000 ) ) ;
#2447 = ORIENTED_EDGE ( 'NONE', *, *, #106, .T. ) ;
#2448 = LINE ( 'NONE', #1939, #843 ) ;
#2449 = VECTOR ( 'NONE', #1336, 39.37007874015748100 ) ;
#2450 = CARTESIAN_POINT ( 'NONE',  ( -0.7389999999999999900, -1.365923996832131600E-016, -0.1250000000000000000 ) ) ;
#2451 = VERTEX_POINT ( 'NONE', #2685 ) ;
#2452 = VECTOR ( 'NONE', #1610, 39.37007874015748900 ) ;
#2453 = DIRECTION ( 'NONE',  ( 0.0000000000000000000, -1.000000000000000000, -1.064665559469244000E-016 ) ) ;
#2454 = DIRECTION ( 'NONE',  ( 1.000000000000000000, 0.0000000000000000000, 0.0000000000000000000 ) ) ;
#2455 = ORIENTED_EDGE ( 'NONE', *, *, #2525, .F. ) ;
#2456 = VERTEX_POINT ( 'NONE', #1052 ) ;
#2457 = FACE_OUTER_BOUND ( 'NONE', #986, .T. ) ;
#2458 = DIRECTION ( 'NONE',  ( -1.000000000000000000, -2.525070561829413200E-016, -0.0000000000000000000 ) ) ;
#2459 = ADVANCED_FACE ( 'NONE', ( #501 ), #3377, .F. ) ;
#2460 = FACE_OUTER_BOUND ( 'NONE', #725, .T. ) ;
#2461 = ORIENTED_EDGE ( 'NONE', *, *, #4264, .T. ) ;
#2462 = VECTOR ( 'NONE', #767, 39.37007874015748100 ) ;
#2463 = AXIS2_PLACEMENT_3D ( 'NONE', #1808, #3419, #196 ) ;
#2464 = ORIENTED_EDGE ( 'NONE', *, *, #1143, .T. ) ;
#2465 = LINE ( 'NONE', #3459, #245 ) ;
#2466 = EDGE_CURVE ( 'NONE', #2746, #1201, #1056, .T. ) ;
#2467 = CARTESIAN_POINT ( 'NONE',  ( -0.7389999999999997700, 0.2787401574803147200, -0.1250000000000000600 ) ) ;
#2468 = EDGE_LOOP ( 'NONE', ( #537, #778, #4068, #4097 ) ) ;
#2469 = ORIENTED_EDGE ( 'NONE', *, *, #1019, .F. ) ;
#2470 = DIRECTION ( 'NONE',  ( -0.0000000000000000000, 0.0000000000000000000, 1.000000000000000000 ) ) ;
#2471 = DIRECTION ( 'NONE',  ( 1.000000000000000000, 0.0000000000000000000, 0.0000000000000000000 ) ) ;
#2472 = DIRECTION ( 'NONE',  ( -0.0000000000000000000, -0.0000000000000000000, 1.000000000000000000 ) ) ;
#2473 = EDGE_CURVE ( 'NONE', #1287, #3704, #2153, .T. ) ;
#2474 = CARTESIAN_POINT ( 'NONE',  ( 0.0000000000000000000, 0.3500000000000000300, -0.3600000000000003800 ) ) ;
#2475 = DIRECTION ( 'NONE',  ( -0.0000000000000000000, 0.0000000000000000000, -1.000000000000000000 ) ) ;
#2476 = AXIS2_PLACEMENT_3D ( 'NONE', #2740, #1752, #3738 ) ;
#2477 = CARTESIAN_POINT ( 'NONE',  ( -0.1085708163636324000, 0.1506818173096967400, -0.3206299212598426300 ) ) ;
#2478 = ORIENTED_EDGE ( 'NONE', *, *, #2493, .F. ) ;
#2479 = ADVANCED_FACE ( 'NONE', ( #745 ), #1330, .F. ) ;
#2480 = CARTESIAN_POINT ( 'NONE',  ( -0.7352519685039369300, 0.3841299163440908800, 0.05638620723153802600 ) ) ;
#2481 = EDGE_CURVE ( 'NONE', #715, #1309, #2260, .T. ) ;
#2482 = PRESENTATION_STYLE_ASSIGNMENT (( #2268 ) ) ;
#2483 = DIRECTION ( 'NONE',  ( 0.0000000000000000000, -1.224955720424438600E-016, 1.000000000000000000 ) ) ;
#2484 = DIRECTION ( 'NONE',  ( 0.0000000000000000000, 0.0000000000000000000, 1.000000000000000000 ) ) ;
#2485 = CARTESIAN_POINT ( 'NONE',  ( -0.7389999999999999900, -0.1209999999999998400, 0.01899999999999997900 ) ) ;
#2486 = CARTESIAN_POINT ( 'NONE',  ( 0.7510000000000000000, 0.5558435179377619900, 0.1250000000000000600 ) ) ;
#2487 = ORIENTED_EDGE ( 'NONE', *, *, #331, .T. ) ;
#2488 = DIRECTION ( 'NONE',  ( -1.000000000000000000, 0.0000000000000000000, 0.0000000000000000000 ) ) ;
#2489 = ORIENTED_EDGE ( 'NONE', *, *, #1591, .T. ) ;
#2490 = EDGE_LOOP ( 'NONE', ( #72, #2692, #68 ) ) ;
#2491 = PLANE ( 'NONE',  #861 ) ;
#2492 = AXIS2_PLACEMENT_3D ( 'NONE', #1440, #2758, #4079 ) ;
#2493 = EDGE_CURVE ( 'NONE', #1195, #2029, #3710, .T. ) ;
#2494 = ORIENTED_EDGE ( 'NONE', *, *, #2158, .F. ) ;
#2495 = DIRECTION ( 'NONE',  ( 0.0000000000000000000, -0.0000000000000000000, -1.000000000000000000 ) ) ;
#2496 = CARTESIAN_POINT ( 'NONE',  ( -0.6825000000000000000, 0.3349999999999999100, 0.1250000000000000000 ) ) ;
#2497 = DIRECTION ( 'NONE',  ( -1.000000000000000000, 0.0000000000000000000, 0.0000000000000000000 ) ) ;
#2498 = ORIENTED_EDGE ( 'NONE', *, *, #3679, .F. ) ;
#2499 = LINE ( 'NONE', #114, #1093 ) ;
#2500 = VECTOR ( 'NONE', #4299, 39.37007874015748900 ) ;
#2501 = CARTESIAN_POINT ( 'NONE',  ( -0.6825000000000000000, 0.1149999999999998400, -0.1250000000000000000 ) ) ;
#2502 = ADVANCED_FACE ( 'NONE', ( #1376 ), #1427, .F. ) ;
#2503 = ORIENTED_EDGE ( 'NONE', *, *, #2327, .T. ) ;
#2504 = CIRCLE ( 'NONE', #2332, 0.01247144269215929600 ) ;
#2505 = PLANE ( 'NONE',  #1880 ) ;
#2506 = EDGE_CURVE ( 'NONE', #2435, #202, #407, .T. ) ;
#2507 = FACE_OUTER_BOUND ( 'NONE', #4013, .T. ) ;
#2508 = CARTESIAN_POINT ( 'NONE',  ( 0.1085708163636324000, 0.1506818173096967400, -0.3206299212598426300 ) ) ;
#2509 = ORIENTED_EDGE ( 'NONE', *, *, #765, .T. ) ;
#2510 = VECTOR ( 'NONE', #1708, 39.37007874015748100 ) ;
#2511 = VERTEX_POINT ( 'NONE', #3758 ) ;
#2512 = LINE ( 'NONE', #308, #1582 ) ;
#2513 = ORIENTED_EDGE ( 'NONE', *, *, #3495, .T. ) ;
#2514 = LINE ( 'NONE', #1281, #2147 ) ;
#2515 = LINE ( 'NONE', #2583, #3878 ) ;
#2516 = CARTESIAN_POINT ( 'NONE',  ( 0.7510000000000000000, 8.308786758271078200E-020, -0.07499999999999999700 ) ) ;
#2517 = PLANE ( 'NONE',  #3692 ) ;
#2518 = FACE_OUTER_BOUND ( 'NONE', #428, .T. ) ;
#2519 = EDGE_CURVE ( 'NONE', #2365, #102, #1941, .T. ) ;
#2520 = CARTESIAN_POINT ( 'NONE',  ( 0.6056793005852027000, 0.2482104724122009000, -0.1249999999999999900 ) ) ;
#2521 = ORIENTED_EDGE ( 'NONE', *, *, #3573, .F. ) ;
#2522 = FACE_BOUND ( 'NONE', #3329, .T. ) ;
#2523 = VECTOR ( 'NONE', #1839, 39.37007874015748100 ) ;
#2524 = ORIENTED_EDGE ( 'NONE', *, *, #964, .T. ) ;
#2525 = EDGE_CURVE ( 'NONE', #3293, #3302, #4177, .T. ) ;
#2526 = CARTESIAN_POINT ( 'NONE',  ( 0.7265285573078407200, 0.5558435179377619900, 0.1250000000000000600 ) ) ;
#2527 = AXIS2_PLACEMENT_3D ( 'NONE', #1527, #4149, #4190 ) ;
#2528 = EDGE_CURVE ( 'NONE', #1823, #886, #3148, .T. ) ;
#2529 = DIRECTION ( 'NONE',  ( 0.0000000000000000000, 0.0000000000000000000, 1.000000000000000000 ) ) ;
#2530 = CARTESIAN_POINT ( 'NONE',  ( 0.6821066884031697900, 0.3270980720198019000, 0.3248810097964516800 ) ) ;
#2531 = FACE_OUTER_BOUND ( 'NONE', #1506, .T. ) ;
#2532 = ADVANCED_FACE ( 'NONE', ( #3928 ), #1773, .F. ) ;
#2533 = CARTESIAN_POINT ( 'NONE',  ( -0.1085708163636324000, 0.1506818173096967400, -0.3600000000000001000 ) ) ;
#2534 = CARTESIAN_POINT ( 'NONE',  ( 1.031000000000000800, 0.2787401574803148300, -0.09948246940511164300 ) ) ;
#2535 = ORIENTED_EDGE ( 'NONE', *, *, #1945, .T. ) ;
#2536 = AXIS2_PLACEMENT_3D ( 'NONE', #1956, #3261, #1257 ) ;
#2537 = CARTESIAN_POINT ( 'NONE',  ( 0.7104899079217181800, 0.5803149606299212700, 0.1250000000000000600 ) ) ;
#2538 = EDGE_LOOP ( 'NONE', ( #306, #4043, #2272, #1135 ) ) ;
#2539 = LINE ( 'NONE', #3555, #622 ) ;
#2540 = ORIENTED_EDGE ( 'NONE', *, *, #4298, .F. ) ;
#2541 = DIRECTION ( 'NONE',  ( -1.000000000000000000, 0.0000000000000000000, 0.0000000000000000000 ) ) ;
#2542 = DIRECTION ( 'NONE',  ( 1.000000000000000000, -2.525070561829413200E-016, 0.0000000000000000000 ) ) ;
#2543 = CARTESIAN_POINT ( 'NONE',  ( 0.6825000000000000000, 0.3349999999999998500, 0.1250000000000000300 ) ) ;
#2544 = PLANE ( 'NONE',  #1411 ) ;
#2545 = ORIENTED_EDGE ( 'NONE', *, *, #3948, .T. ) ;
#2546 = ORIENTED_EDGE ( 'NONE', *, *, #370, .T. ) ;
#2547 = DIRECTION ( 'NONE',  ( 0.0000000000000000000, 0.0000000000000000000, 1.000000000000000000 ) ) ;
#2548 = DIRECTION ( 'NONE',  ( 1.000000000000000000, -0.0000000000000000000, -0.0000000000000000000 ) ) ;
#2549 = ORIENTED_EDGE ( 'NONE', *, *, #413, .T. ) ;
#2550 = EDGE_LOOP ( 'NONE', ( #3131, #1655, #3690, #1088 ) ) ;
#2551 = EDGE_CURVE ( 'NONE', #3373, #3597, #2255, .T. ) ;
#2552 = CARTESIAN_POINT ( 'NONE',  ( -0.7389999999999999900, 0.5803149606299211600, 0.1250000000000000600 ) ) ;
#2553 = ORIENTED_EDGE ( 'NONE', *, *, #1189, .F. ) ;
#2554 = CARTESIAN_POINT ( 'NONE',  ( -0.6745456592561825900, 0.3048910162262438200, 0.3227481297846427900 ) ) ;
#2555 = EDGE_CURVE ( 'NONE', #4284, #2945, #985, .T. ) ;
#2556 = CARTESIAN_POINT ( 'NONE',  ( 0.6224999999999999400, 0.2749999999999998600, 0.3157878402833891900 ) ) ;
#2557 = DIRECTION ( 'NONE',  ( 0.0000000000000000000, 1.000000000000000000, 8.537024980200824800E-016 ) ) ;
#2558 = ORIENTED_EDGE ( 'NONE', *, *, #3065, .T. ) ;
#2559 = EDGE_CURVE ( 'NONE', #1595, #974, #1268, .T. ) ;
#2560 = LINE ( 'NONE', #1968, #590 ) ;
#2561 = CARTESIAN_POINT ( 'NONE',  ( -0.7389999999999999900, -0.1209999999999998400, -0.01900000000000000300 ) ) ;
#2562 = CARTESIAN_POINT ( 'NONE',  ( 0.1085708163636324000, 0.1506818173096967400, -0.3206299212598426300 ) ) ;
#2563 = CARTESIAN_POINT ( 'NONE',  ( -0.7389999999999999900, -0.1209999999999998400, -1.268397002463279700E-017 ) ) ;
#2564 = ORIENTED_EDGE ( 'NONE', *, *, #33, .T. ) ;
#2565 = VECTOR ( 'NONE', #1115, 39.37007874015748100 ) ;
#2566 = CARTESIAN_POINT ( 'NONE',  ( -0.8352129783247008700, 0.5606980962574910100, 0.07500000000000002500 ) ) ;
#2567 = AXIS2_PLACEMENT_3D ( 'NONE', #1658, #4301, #4016 ) ;
#2568 = EDGE_LOOP ( 'NONE', ( #4212, #2385, #1226, #2070 ) ) ;
#2569 = VERTEX_POINT ( 'NONE', #1729 ) ;
#2570 = EDGE_CURVE ( 'NONE', #2029, #883, #402, .T. ) ;
#2571 = EDGE_CURVE ( 'NONE', #1033, #299, #960, .T. ) ;
#2572 = CARTESIAN_POINT ( 'NONE',  ( -0.6805697955900481500, 0.3194020319167261700, 0.3244280871259778700 ) ) ;
#2573 = CARTESIAN_POINT ( 'NONE',  ( 0.6181507432773606400, 0.3924603339927483800, -0.1249999999999999900 ) ) ;
#2574 = ORIENTED_EDGE ( 'NONE', *, *, #1028, .T. ) ;
#2575 = LINE ( 'NONE', #4146, #3976 ) ;
#2576 = ADVANCED_FACE ( 'NONE', ( #2822 ), #3715, .T. ) ;
#2577 = EDGE_LOOP ( 'NONE', ( #2513, #1318, #3436, #2612, #56, #2860 ) ) ;
#2578 = LINE ( 'NONE', #2167, #4246 ) ;
#2579 = CARTESIAN_POINT ( 'NONE',  ( 0.7389999999999999900, 0.03937007874015725800, -0.01899999999999999600 ) ) ;
#2580 = CARTESIAN_POINT ( 'NONE',  ( -0.7510000000000000000, 0.2515788080029211500, -0.09948246940511164300 ) ) ;
#2581 = CARTESIAN_POINT ( 'NONE',  ( -0.8352129783247008700, 0.5606980962574910100, 0.2915400385671660400 ) ) ;
#2582 = EDGE_CURVE ( 'NONE', #3954, #630, #2617, .T. ) ;
#2583 = CARTESIAN_POINT ( 'NONE',  ( 0.7510000000000000000, 0.5558435179377619900, 0.1250000000000000600 ) ) ;
#2584 = FACE_OUTER_BOUND ( 'NONE', #2639, .T. ) ;
#2585 = ORIENTED_EDGE ( 'NONE', *, *, #256, .F. ) ;
#2586 = LINE ( 'NONE', #3014, #879 ) ;
#2587 = CARTESIAN_POINT ( 'NONE',  ( -0.6825000000000000000, 0.3500000000000003700, 0.3600000000000001000 ) ) ;
#2588 = DIRECTION ( 'NONE',  ( 2.688355662409431300E-032, -1.064665559469244000E-016, 1.000000000000000000 ) ) ;
#2589 = ORIENTED_EDGE ( 'NONE', *, *, #1745, .T. ) ;
#2590 = PLANE ( 'NONE',  #2190 ) ;
#2591 = CARTESIAN_POINT ( 'NONE',  ( -0.6748754631180800000, 0.3047055823540918400, -0.3228253420576472400 ) ) ;
#2592 = DIMENSIONAL_EXPONENTS ( 1.000000000000000000, 0.0000000000000000000, 0.0000000000000000000, 0.0000000000000000000, 0.0000000000000000000, 0.0000000000000000000, 0.0000000000000000000 ) ;
#2593 = ORIENTED_EDGE ( 'NONE', *, *, #1723, .F. ) ;
#2594 = CARTESIAN_POINT ( 'NONE',  ( 0.6181507432773606400, 0.3924603339927483800, 0.1250000000000000600 ) ) ;
#2595 = CARTESIAN_POINT ( 'NONE',  ( -0.7294736215309142200, 0.4383808346329212100, 6.643821343322075700E-018 ) ) ;
#2596 = CARTESIAN_POINT ( 'NONE',  ( 0.8352129783247008700, 0.5606980962574910100, -0.3600000000000003800 ) ) ;
#2597 = ORIENTED_EDGE ( 'NONE', *, *, #2900, .F. ) ;
#2598 = CARTESIAN_POINT ( 'NONE',  ( -0.6825000000000000000, 0.1999999999999999800, 0.1053149606299212400 ) ) ;
#2599 = CARTESIAN_POINT ( 'NONE',  ( -0.6224999999999999400, 0.2749999999999999100, -0.3157878402833891900 ) ) ;
#2600 = VERTEX_POINT ( 'NONE', #2445 ) ;
#2601 = EDGE_CURVE ( 'NONE', #1849, #2348, #1015, .T. ) ;
#2602 = EDGE_LOOP ( 'NONE', ( #2922, #1295, #346, #3936 ) ) ;
#2603 = AXIS2_PLACEMENT_3D ( 'NONE', #1350, #1977, #2968 ) ;
#2604 = ORIENTED_EDGE ( 'NONE', *, *, #2372, .T. ) ;
#2605 = EDGE_CURVE ( 'NONE', #1497, #1033, #965, .T. ) ;
#2606 = LINE ( 'NONE', #3306, #731 ) ;
#2607 = UNCERTAINTY_MEASURE_WITH_UNIT (LENGTH_MEASURE( 1.000000000000000100E-005 ), #455, 'distance_accuracy_value', 'NONE');
#2608 = LINE ( 'NONE', #2636, #735 ) ;
#2609 = LINE ( 'NONE', #697, #4281 ) ;
#2610 = LINE ( 'NONE', #3440, #3289 ) ;
#2611 = EDGE_CURVE ( 'NONE', #3356, #4018, #42, .T. ) ;
#2612 = ORIENTED_EDGE ( 'NONE', *, *, #4152, .T. ) ;
#2613 = FACE_OUTER_BOUND ( 'NONE', #1654, .T. ) ;
#2614 = DIRECTION ( 'NONE',  ( 0.0000000000000000000, 1.000000000000000000, 0.0000000000000000000 ) ) ;
#2615 = CARTESIAN_POINT ( 'NONE',  ( -0.1085708163636324000, 0.0000000000000000000, -0.3600000000000001000 ) ) ;
#2616 = ORIENTED_EDGE ( 'NONE', *, *, #318, .T. ) ;
#2617 = LINE ( 'NONE', #1399, #2145 ) ;
#2618 = VERTEX_POINT ( 'NONE', #1136 ) ;
#2619 = LINE ( 'NONE', #2954, #3930 ) ;
#2620 = CARTESIAN_POINT ( 'NONE',  ( 0.0000000000000000000, 0.0000000000000000000, -0.3600000000000001000 ) ) ;
#2621 = LINE ( 'NONE', #3957, #2886 ) ;
#2622 = LINE ( 'NONE', #2265, #1728 ) ;
#2623 = LINE ( 'NONE', #4196, #1730 ) ;
#2624 = B_SPLINE_CURVE_WITH_KNOTS ( 'NONE', 3,
 ( #3463, #3141, #541, #2572, #3868, #3566, #2554, #2188, #904, #3228, #3914, #1878, #260, #2876 ),
 .UNSPECIFIED., .F., .F.,
 ( 4, 2, 2, 2, 2, 2, 4 ),
 ( 0.0000000000000000000, 0.0002993318347478216600, 0.0005986636694956433200, 0.0008979955042434649700, 0.001197327338991286600, 0.001795991008486938000, 0.002394654677982589300 ),
 .UNSPECIFIED. ) ;
#2625 = EDGE_LOOP ( 'NONE', ( #803, #3651, #1784, #261, #65, #880, #2125, #199, #1621, #1185, #3693, #681, #1645, #4175 ) ) ;
#2626 = CARTESIAN_POINT ( 'NONE',  ( 0.7510000000000000000, 0.1999999999999999800, -0.1249999999999999900 ) ) ;
#2627 = EDGE_CURVE ( 'NONE', #1404, #2456, #917, .T. ) ;
#2628 = DIRECTION ( 'NONE',  ( -1.000000000000000000, 0.0000000000000000000, 0.0000000000000000000 ) ) ;
#2629 = DIMENSIONAL_EXPONENTS ( 1.000000000000000000, 0.0000000000000000000, 0.0000000000000000000, 0.0000000000000000000, 0.0000000000000000000, 0.0000000000000000000, 0.0000000000000000000 ) ;
#2630 = FACE_OUTER_BOUND ( 'NONE', #210, .T. ) ;
#2631 = DIRECTION ( 'NONE',  ( -1.000000000000000000, 0.0000000000000000000, 0.0000000000000000000 ) ) ;
#2632 = CARTESIAN_POINT ( 'NONE',  ( 0.7389999999999999900, 0.5558435179377619900, -0.1249999999999999900 ) ) ;
#2633 = AXIS2_PLACEMENT_3D ( 'NONE', #4249, #270, #2541 ) ;
#2634 = ORIENTED_EDGE ( 'NONE', *, *, #2885, .F. ) ;
#2635 = CARTESIAN_POINT ( 'NONE',  ( 0.7510000000000000000, 0.2787401574803147200, 0.1250000000000000600 ) ) ;
#2636 = CARTESIAN_POINT ( 'NONE',  ( -0.6825000000000000000, 0.2787401574803149400, -0.1249999999999999900 ) ) ;
#2637 = ORIENTED_EDGE ( 'NONE', *, *, #1431, .F. ) ;
#2638 = DIRECTION ( 'NONE',  ( 0.0000000000000000000, 0.0000000000000000000, 1.000000000000000000 ) ) ;
#2639 = EDGE_LOOP ( 'NONE', ( #2972, #1602, #3958, #3257 ) ) ;
#2640 = CARTESIAN_POINT ( 'NONE',  ( 0.6825000000000000000, 0.2787401574803149400, 0.1249999999999999200 ) ) ;
#2641 = DIRECTION ( 'NONE',  ( 0.0000000000000000000, -1.000000000000000000, 0.0000000000000000000 ) ) ;
#2642 = EDGE_CURVE ( 'NONE', #3350, #1248, #188, .T. ) ;
#2643 = DIMENSIONAL_EXPONENTS ( 1.000000000000000000, 0.0000000000000000000, 0.0000000000000000000, 0.0000000000000000000, 0.0000000000000000000, 0.0000000000000000000, 0.0000000000000000000 ) ;
#2644 = VERTEX_POINT ( 'NONE', #856 ) ;
#2645 = ORIENTED_EDGE ( 'NONE', *, *, #1323, .T. ) ;
#2646 = EDGE_CURVE ( 'NONE', #322, #3520, #3462, .T. ) ;
#2647 = ORIENTED_EDGE ( 'NONE', *, *, #2570, .T. ) ;
#2648 = FACE_OUTER_BOUND ( 'NONE', #1274, .T. ) ;
#2649 = PLANE ( 'NONE',  #2801 ) ;
#2650 = ORIENTED_EDGE ( 'NONE', *, *, #3480, .T. ) ;
#2651 = LINE ( 'NONE', #1588, #121 ) ;
#2652 = CARTESIAN_POINT ( 'NONE',  ( -0.6825000000000000000, 0.3349999999999999100, -0.3600000000000003800 ) ) ;
#2653 = ORIENTED_EDGE ( 'NONE', *, *, #3668, .F. ) ;
#2654 = EDGE_CURVE ( 'NONE', #4148, #3274, #1685, .T. ) ;
#2655 = VECTOR ( 'NONE', #2858, 39.37007874015748100 ) ;
#2656 = DIRECTION ( 'NONE',  ( -1.000000000000000000, 0.0000000000000000000, 0.0000000000000000000 ) ) ;
#2657 = DIRECTION ( 'NONE',  ( 1.000000000000000000, 0.0000000000000000000, -0.0000000000000000000 ) ) ;
#2658 = EDGE_CURVE ( 'NONE', #39, #1918, #2465, .T. ) ;
#2659 = EDGE_LOOP ( 'NONE', ( #635, #479, #157, #1290, #2311 ) ) ;
#2660 = VECTOR ( 'NONE', #3733, 39.37007874015748100 ) ;
#2661 = LINE ( 'NONE', #970, #1680 ) ;
#2662 = ADVANCED_FACE ( 'NONE', ( #2522, #3666 ), #3785, .T. ) ;
#2663 = ORIENTED_EDGE ( 'NONE', *, *, #1431, .T. ) ;
#2664 = VECTOR ( 'NONE', #2857, 39.37007874015748100 ) ;
#2665 = ORIENTED_EDGE ( 'NONE', *, *, #2974, .T. ) ;
#2666 = FACE_OUTER_BOUND ( 'NONE', #4242, .T. ) ;
#2667 = CARTESIAN_POINT ( 'NONE',  ( 0.6224999999999999400, 0.2749999999999999100, -0.3157878402833891900 ) ) ;
#2668 = VERTEX_POINT ( 'NONE', #191 ) ;
#2669 = DIRECTION ( 'NONE',  ( 5.028925377838796700E-015, 1.000000000000000000, 0.0000000000000000000 ) ) ;
#2670 = EDGE_LOOP ( 'NONE', ( #2338, #2455, #2160, #3587 ) ) ;
#2671 = PLANE ( 'NONE',  #632 ) ;
#2672 = CARTESIAN_POINT ( 'NONE',  ( -0.7389999999999999900, 0.2515788080029211500, 0.09048522344134479800 ) ) ;
#2673 = LINE ( 'NONE', #385, #1586 ) ;
#2674 = DIRECTION ( 'NONE',  ( -1.000000000000000000, 0.0000000000000000000, 0.0000000000000000000 ) ) ;
#2675 = FACE_OUTER_BOUND ( 'NONE', #3235, .T. ) ;
#2676 = ORIENTED_EDGE ( 'NONE', *, *, #4081, .F. ) ;
#2677 = PLANE ( 'NONE',  #1996 ) ;
#2678 = AXIS2_PLACEMENT_3D ( 'NONE', #3596, #2931, #589 ) ;
#2679 = EDGE_CURVE ( 'NONE', #630, #3558, #90, .T. ) ;
#2680 = ORIENTED_EDGE ( 'NONE', *, *, #1313, .T. ) ;
#2681 = ADVANCED_FACE ( 'NONE', ( #653 ), #2505, .F. ) ;
#2682 = SURFACE_STYLE_FILL_AREA ( #620 ) ;
#2683 = CARTESIAN_POINT ( 'NONE',  ( -0.7510000000000000000, -0.07127237034785331700, -0.1053149606299212400 ) ) ;
#2684 = DIRECTION ( 'NONE',  ( 0.0000000000000000000, 1.000000000000000000, 0.0000000000000000000 ) ) ;
#2685 = CARTESIAN_POINT ( 'NONE',  ( 0.7510000000000000000, 0.5999999999999999800, 0.1250000000000000600 ) ) ;
#2686 = EDGE_LOOP ( 'NONE', ( #711, #3910, #876, #768, #3819, #1149 ) ) ;
#2687 = DIRECTION ( 'NONE',  ( 0.0000000000000000000, 0.0000000000000000000, -1.000000000000000000 ) ) ;
#2688 = ORIENTED_EDGE ( 'NONE', *, *, #451, .T. ) ;
#2689 = AXIS2_PLACEMENT_3D ( 'NONE', #2814, #2092, #2753 ) ;
#2690 = ORIENTED_EDGE ( 'NONE', *, *, #1050, .F. ) ;
#2691 = CARTESIAN_POINT ( 'NONE',  ( 0.0000000000000000000, 0.3500000000000000300, -0.3600000000000003800 ) ) ;
#2692 = ORIENTED_EDGE ( 'NONE', *, *, #3410, .F. ) ;
#2693 = CARTESIAN_POINT ( 'NONE',  ( 0.7265285573078407200, 0.5558435179377619900, 0.1250000000000000600 ) ) ;
#2694 = EDGE_CURVE ( 'NONE', #2444, #448, #2578, .T. ) ;
#2695 = ORIENTED_EDGE ( 'NONE', *, *, #3175, .T. ) ;
#2696 = CARTESIAN_POINT ( 'NONE',  ( 0.0000000000000000000, 0.1999999999999999800, -0.1053149606299212400 ) ) ;
#2697 = LENGTH_MEASURE_WITH_UNIT ( LENGTH_MEASURE( 0.02539999999999999900 ), #2866 );
#2698 = AXIS2_PLACEMENT_3D ( 'NONE', #1269, #3265, #4207 ) ;
#2699 = EDGE_LOOP ( 'NONE', ( #2093, #1326, #2478, #2963 ) ) ;
#2700 = CIRCLE ( 'NONE', #145, 0.03999999999999998000 ) ;
#2701 = CARTESIAN_POINT ( 'NONE',  ( 0.7510000000000000000, 0.03937007874015744500, -0.09048522344134479800 ) ) ;
#2702 = VECTOR ( 'NONE', #1788, 39.37007874015748100 ) ;
#2703 = ORIENTED_EDGE ( 'NONE', *, *, #4020, .F. ) ;
#2704 = CARTESIAN_POINT ( 'NONE',  ( 0.7265285573078407200, 0.5803149606299212700, -0.1249999999999999900 ) ) ;
#2705 = DIRECTION ( 'NONE',  ( 0.0000000000000000000, -1.000000000000000000, 0.0000000000000000000 ) ) ;
#2706 = ORIENTED_EDGE ( 'NONE', *, *, #312, .F. ) ;
#2707 = VECTOR ( 'NONE', #105, 39.37007874015748100 ) ;
#2708 = ORIENTED_EDGE ( 'NONE', *, *, #4101, .T. ) ;
#2709 = LINE ( 'NONE', #2849, #2046 ) ;
#2710 = DIRECTION ( 'NONE',  ( -1.138269997360112700E-014, -1.000000000000000000, 0.0000000000000000000 ) ) ;
#2711 = VECTOR ( 'NONE', #2109, 39.37007874015748100 ) ;
#2712 = CARTESIAN_POINT ( 'NONE',  ( 1.368721538571910700, 0.1149999999999998400, 0.1250000000000000000 ) ) ;
#2713 = AXIS2_PLACEMENT_3D ( 'NONE', #2573, #1634, #1161 ) ;
#2714 = VECTOR ( 'NONE', #873, 39.37007874015748100 ) ;
#2715 = VECTOR ( 'NONE', #4273, 39.37007874015748100 ) ;
#2716 = EDGE_LOOP ( 'NONE', ( #1280, #2447, #2597, #3709 ) ) ;
#2717 = DIRECTION ( 'NONE',  ( -1.000000000000000000, 0.0000000000000000000, 0.0000000000000000000 ) ) ;
#2718 = ORIENTED_EDGE ( 'NONE', *, *, #1085, .T. ) ;
#2719 = CARTESIAN_POINT ( 'NONE',  ( -0.7952190705184454300, 0.5599999999999999400, -0.3600000000000003800 ) ) ;
#2720 = PLANE ( 'NONE',  #2400 ) ;
#2721 = ORIENTED_EDGE ( 'NONE', *, *, #4103, .T. ) ;
#2722 = VECTOR ( 'NONE', #91, 39.37007874015748100 ) ;
#2723 = DIRECTION ( 'NONE',  ( -0.0000000000000000000, 1.000000000000000000, -0.0000000000000000000 ) ) ;
#2724 = PLANE ( 'NONE',  #802 ) ;
#2725 = ADVANCED_FACE ( 'NONE', ( #554 ), #1113, .F. ) ;
#2726 = EDGE_CURVE ( 'NONE', #3805, #1067, #3303, .T. ) ;
#2727 = ORIENTED_EDGE ( 'NONE', *, *, #3972, .T. ) ;
#2728 = EDGE_CURVE ( 'NONE', #682, #1942, #3620, .T. ) ;
#2729 = CYLINDRICAL_SURFACE ( 'NONE', #3995, 0.01247144269215793100 ) ;
#2730 = CARTESIAN_POINT ( 'NONE',  ( -0.6825000000000000000, 0.2787401574803149400, -0.1053149606299212400 ) ) ;
#2731 = AXIS2_PLACEMENT_3D ( 'NONE', #461, #97, #3415 ) ;
#2732 = VERTEX_POINT ( 'NONE', #2802 ) ;
#2733 = ADVANCED_FACE ( 'NONE', ( #4187 ), #702, .F. ) ;
#2734 = EDGE_CURVE ( 'NONE', #1575, #3061, #3351, .T. ) ;
#2735 = CARTESIAN_POINT ( 'NONE',  ( -0.1085708163636324000, -0.1506818173096967400, 0.3206299212598426300 ) ) ;
#2736 = PRODUCT_DEFINITION_CONTEXT ( 'detailed design', #1605, 'design' ) ;
#2737 = EDGE_LOOP ( 'NONE', ( #2718, #1556, #3746, #4095, #1732, #1617, #3849, #3551, #518, #575, #784, #2443, #2199, #2239, #2469, #835, #1182, #774, #2210, #2276, #2703, #3487, #2165, #2721, #2776, #3538, #720, #1807 ) ) ;
#2738 = DIRECTION ( 'NONE',  ( 1.000000000000000000, -2.190482738121432400E-014, 0.0000000000000000000 ) ) ;
#2739 = AXIS2_PLACEMENT_3D ( 'NONE', #4183, #222, #1879 ) ;
#2740 = CARTESIAN_POINT ( 'NONE',  ( -0.7783700787401575100, 0.01200000000000000000, 0.1250000000000000600 ) ) ;
#2741 = ORIENTED_EDGE ( 'NONE', *, *, #1329, .T. ) ;
#2742 = CARTESIAN_POINT ( 'NONE',  ( 0.8183275479078744300, 0.5999999999999998700, 0.2787700759417753300 ) ) ;
#2743 = ORIENTED_EDGE ( 'NONE', *, *, #338, .T. ) ;
#2744 = VERTEX_POINT ( 'NONE', #3475 ) ;
#2745 = CARTESIAN_POINT ( 'NONE',  ( 0.7104899079217179600, 0.5683149606299212600, 0.1250000000000000600 ) ) ;
#2746 = VERTEX_POINT ( 'NONE', #1178 ) ;
#2747 = FACE_OUTER_BOUND ( 'NONE', #1370, .T. ) ;
#2748 = FACE_OUTER_BOUND ( 'NONE', #1832, .T. ) ;
#2749 = SURFACE_STYLE_USAGE ( .BOTH. , #3452 ) ;
#2750 = CARTESIAN_POINT ( 'NONE',  ( 0.7389999999999999900, 0.2515788080029211500, 0.09048522344134479800 ) ) ;
#2751 = ORIENTED_EDGE ( 'NONE', *, *, #361, .F. ) ;
#2752 = LINE ( 'NONE', #2672, #4168 ) ;
#2753 = DIRECTION ( 'NONE',  ( 0.0000000000000000000, -1.000000000000000000, 0.0000000000000000000 ) ) ;
#2754 = DIRECTION ( 'NONE',  ( 0.0000000000000000000, 0.0000000000000000000, 1.000000000000000000 ) ) ;
#2755 = ADVANCED_FACE ( 'NONE', ( #1219 ), #1319, .T. ) ;
#2756 = ORIENTED_EDGE ( 'NONE', *, *, #2844, .F. ) ;
#2757 = VECTOR ( 'NONE', #3537, 39.37007874015748100 ) ;
#2758 = DIRECTION ( 'NONE',  ( 0.0000000000000000000, 0.0000000000000000000, -1.000000000000000000 ) ) ;
#2759 = PRESENTATION_LAYER_ASSIGNMENT (  '', '', ( #1648 ) ) ;
#2760 = PLANE ( 'NONE',  #2739 ) ;
#2761 = EDGE_CURVE ( 'NONE', #874, #1834, #4080, .T. ) ;
#2762 = CARTESIAN_POINT ( 'NONE',  ( -0.7450000000000001100, -0.02500000000000000100, -0.3190000000000000100 ) ) ;
#2763 = ORIENTED_EDGE ( 'NONE', *, *, #1915, .T. ) ;
#2764 = LINE ( 'NONE', #674, #493 ) ;
#2765 = VECTOR ( 'NONE', #3237, 39.37007874015748100 ) ;
#2766 = ORIENTED_EDGE ( 'NONE', *, *, #609, .F. ) ;
#2767 = CIRCLE ( 'NONE', #2157, 0.02447144269215919800 ) ;
#2768 = CARTESIAN_POINT ( 'NONE',  ( -0.7510000000000000000, 0.2787401574803149400, 0.1249999999999999900 ) ) ;
#2769 = ORIENTED_EDGE ( 'NONE', *, *, #2481, .F. ) ;
#2770 = LINE ( 'NONE', #3580, #3205 ) ;
#2771 = DIRECTION ( 'NONE',  ( 0.0000000000000000000, 1.000000000000000000, 0.0000000000000000000 ) ) ;
#2772 = VECTOR ( 'NONE', #1026, 39.37007874015748100 ) ;
#2773 = EDGE_CURVE ( 'NONE', #1340, #2855, #3716, .T. ) ;
#2774 = DIRECTION ( 'NONE',  ( 0.0000000000000000000, 1.000000000000000000, 0.0000000000000000000 ) ) ;
#2775 = DIRECTION ( 'NONE',  ( 0.0000000000000000000, 0.0000000000000000000, 1.000000000000000000 ) ) ;
#2776 = ORIENTED_EDGE ( 'NONE', *, *, #338, .F. ) ;
#2777 = DIRECTION ( 'NONE',  ( 1.000000000000000000, -0.0000000000000000000, -0.0000000000000000000 ) ) ;
#2778 = EDGE_CURVE ( 'NONE', #744, #3591, #353, .T. ) ;
#2779 = FACE_OUTER_BOUND ( 'NONE', #1416, .T. ) ;
#2780 = ADVANCED_FACE ( 'NONE', ( #3571 ), #1896, .T. ) ;
#2781 = VECTOR ( 'NONE', #1332, 39.37007874015748100 ) ;
#2782 = CARTESIAN_POINT ( 'NONE',  ( -0.7510000000000000000, 0.1999999999999999800, -0.1249999999999999900 ) ) ;
#2783 = EDGE_CURVE ( 'NONE', #2044, #1953, #2770, .T. ) ;
#2784 = CARTESIAN_POINT ( 'NONE',  ( 0.7952190705184454300, 0.5599999999999999400, -0.3600000000000003800 ) ) ;
#2785 = ORIENTED_EDGE ( 'NONE', *, *, #841, .F. ) ;
#2786 = EDGE_CURVE ( 'NONE', #3545, #4145, #4295, .T. ) ;
#2787 = CARTESIAN_POINT ( 'NONE',  ( -0.7450000000000001100, -0.02500000000000000100, -0.3190000000000000100 ) ) ;
#2788 = DIRECTION ( 'NONE',  ( -0.0000000000000000000, -0.0000000000000000000, 1.000000000000000000 ) ) ;
#2789 = AXIS2_PLACEMENT_3D ( 'NONE', #564, #848, #2150 ) ;
#2790 = ORIENTED_EDGE ( 'NONE', *, *, #3872, .F. ) ;
#2791 = CARTESIAN_POINT ( 'NONE',  ( 0.7389999999999999900, -1.365923996832131600E-016, 0.1053149606299213800 ) ) ;
#2792 = CARTESIAN_POINT ( 'NONE',  ( -1.031000000000000800, 0.2515788080029212100, 0.09048522344134479800 ) ) ;
#2793 = CARTESIAN_POINT ( 'NONE',  ( 1.368721538571910700, 0.3349999999999999100, 0.1250000000000000000 ) ) ;
#2794 = EDGE_LOOP ( 'NONE', ( #1488, #2509, #916, #1395 ) ) ;
#2795 = EDGE_CURVE ( 'NONE', #1036, #322, #3767, .T. ) ;
#2796 = PLANE ( 'NONE',  #430 ) ;
#2797 = CARTESIAN_POINT ( 'NONE',  ( 0.7510000000000000000, 0.03937007874015725800, 0.01899999999999999600 ) ) ;
#2798 = ADVANCED_FACE ( 'NONE', ( #3000 ), #257, .T. ) ;
#2799 = ORIENTED_EDGE ( 'NONE', *, *, #3077, .F. ) ;
#2800 = VERTEX_POINT ( 'NONE', #3529 ) ;
#2801 = AXIS2_PLACEMENT_3D ( 'NONE', #337, #2309, #1346 ) ;
#2802 = CARTESIAN_POINT ( 'NONE',  ( 0.7510000000000000000, -1.365923996832131600E-016, 0.07499999999999998300 ) ) ;
#2803 = ORIENTED_EDGE ( 'NONE', *, *, #2049, .F. ) ;
#2804 = PRESENTATION_STYLE_ASSIGNMENT (( #4192 ) ) ;
#2805 = DIRECTION ( 'NONE',  ( 1.000000000000000000, 0.0000000000000000000, 0.0000000000000000000 ) ) ;
#2806 = DIRECTION ( 'NONE',  ( 1.000000000000000000, 0.0000000000000000000, 0.0000000000000000000 ) ) ;
#2807 = CARTESIAN_POINT ( 'NONE',  ( 0.8348096797851541900, 0.5838030541138854400, -0.2840327826789925700 ) ) ;
#2808 = ORIENTED_EDGE ( 'NONE', *, *, #2133, .F. ) ;
#2809 = LINE ( 'NONE', #1565, #344 ) ;
#2810 = VECTOR ( 'NONE', #983, 39.37007874015748100 ) ;
#2811 = CARTESIAN_POINT ( 'NONE',  ( 0.7389999999999997700, 0.2787401574803147200, -0.1250000000000000600 ) ) ;
#2812 = DIRECTION ( 'NONE',  ( 0.0000000000000000000, 1.000000000000000000, 0.0000000000000000000 ) ) ;
#2813 = LINE ( 'NONE', #3814, #4117 ) ;
#2814 = CARTESIAN_POINT ( 'NONE',  ( -0.7528048203820791900, 0.3841299163440908800, 0.0000000000000000000 ) ) ;
#2815 = EDGE_LOOP ( 'NONE', ( #3039, #3179, #3929, #707 ) ) ;
#2816 = DIRECTION ( 'NONE',  ( 1.000000000000000000, 0.0000000000000000000, -0.0000000000000000000 ) ) ;
#2817 = ORIENTED_EDGE ( 'NONE', *, *, #1649, .T. ) ;
#2818 = FACE_OUTER_BOUND ( 'NONE', #181, .T. ) ;
#2819 = EDGE_CURVE ( 'NONE', #829, #3373, #2623, .T. ) ;
#2820 = CARTESIAN_POINT ( 'NONE',  ( 0.7510000000000000000, 0.2787401574803147200, 0.1250000000000000600 ) ) ;
#2821 = ORIENTED_EDGE ( 'NONE', *, *, #34, .T. ) ;
#2822 = FACE_OUTER_BOUND ( 'NONE', #2815, .T. ) ;
#2823 = AXIS2_PLACEMENT_3D ( 'NONE', #3675, #3326, #4024 ) ;
#2824 = ORIENTED_EDGE ( 'NONE', *, *, #841, .T. ) ;
#2825 = LINE ( 'NONE', #1253, #1626 ) ;
#2826 = EDGE_CURVE ( 'NONE', #343, #2348, #1420, .T. ) ;
#2827 = CARTESIAN_POINT ( 'NONE',  ( 0.7510000000000000000, 0.5999999999999999800, 0.07499999999999998300 ) ) ;
#2828 = VECTOR ( 'NONE', #1212, 39.37007874015748100 ) ;
#2829 = ADVANCED_FACE ( 'NONE', ( #3883 ), #3405, .T. ) ;
#2830 = ORIENTED_EDGE ( 'NONE', *, *, #4231, .T. ) ;
#2831 = VECTOR ( 'NONE', #1510, 39.37007874015748100 ) ;
#2832 = LINE ( 'NONE', #2313, #2715 ) ;
#2833 = ORIENTED_EDGE ( 'NONE', *, *, #740, .F. ) ;
#2834 = PLANE ( 'NONE',  #764 ) ;
#2835 = CARTESIAN_POINT ( 'NONE',  ( 0.7104899079217181800, 0.5558435179377633200, 0.1250000000000000600 ) ) ;
#2836 = EDGE_CURVE ( 'NONE', #2362, #528, #753, .T. ) ;
#2837 = CARTESIAN_POINT ( 'NONE',  ( 3.980102097228897700E-017, 0.2749999999999999100, -0.3600000000000003800 ) ) ;
#2838 = ORIENTED_EDGE ( 'NONE', *, *, #2679, .T. ) ;
#2839 = LINE ( 'NONE', #506, #1844 ) ;
#2840 = EDGE_LOOP ( 'NONE', ( #1091, #1970, #1736, #527 ) ) ;
#2841 = DIRECTION ( 'NONE',  ( 1.000000000000000000, 0.0000000000000000000, 0.0000000000000000000 ) ) ;
#2842 = EDGE_LOOP ( 'NONE', ( #3519, #3275, #475, #2027, #3309 ) ) ;
#2843 = ORIENTED_EDGE ( 'NONE', *, *, #1486, .T. ) ;
#2844 = EDGE_CURVE ( 'NONE', #2086, #3097, #2892, .T. ) ;
#2845 = LENGTH_MEASURE_WITH_UNIT ( LENGTH_MEASURE( 0.02539999999999999900 ), #3933 );
#2846 = CARTESIAN_POINT ( 'NONE',  ( 0.1085708163636324000, -0.1506818173096967400, -0.3206299212598426300 ) ) ;
#2847 = ORIENTED_EDGE ( 'NONE', *, *, #3416, .T. ) ;
#2848 = DIRECTION ( 'NONE',  ( 0.0000000000000000000, 0.0000000000000000000, 1.000000000000000000 ) ) ;
#2849 = CARTESIAN_POINT ( 'NONE',  ( 0.7389999999999999900, 0.03937007874015725800, -0.01899999999999999600 ) ) ;
#2850 = CARTESIAN_POINT ( 'NONE',  ( 0.6056793005852027000, 0.3924603339927483800, -0.1249999999999999900 ) ) ;
#2851 = ADVANCED_FACE ( 'NONE', ( #2666 ), #520, .F. ) ;
#2852 = AXIS2_PLACEMENT_3D ( 'NONE', #2012, #2280, #35 ) ;
#2853 = ORIENTED_EDGE ( 'NONE', *, *, #1591, .F. ) ;
#2854 = DIRECTION ( 'NONE',  ( -1.000000000000000000, 0.0000000000000000000, 0.0000000000000000000 ) ) ;
#2855 = VERTEX_POINT ( 'NONE', #218 ) ;
#2856 = EDGE_LOOP ( 'NONE', ( #4191, #3939, #1869, #136, #3260, #3996, #2540, #2498, #796, #1790, #3739, #1152, #4276, #2244, #1972, #1916 ) ) ;
#2857 = DIRECTION ( 'NONE',  ( -0.0000000000000000000, 0.0000000000000000000, -1.000000000000000000 ) ) ;
#2858 = DIRECTION ( 'NONE',  ( -0.0000000000000000000, -0.0000000000000000000, -1.000000000000000000 ) ) ;
#2859 = AXIS2_PLACEMENT_3D ( 'NONE', #3661, #27, #2328 ) ;
#2860 = ORIENTED_EDGE ( 'NONE', *, *, #2646, .T. ) ;
#2861 = ORIENTED_EDGE ( 'NONE', *, *, #4005, .F. ) ;
#2862 = CARTESIAN_POINT ( 'NONE',  ( -0.7510000000000000000, 0.5803149606299211600, -0.09048522344134479800 ) ) ;
#2863 = DIRECTION ( 'NONE',  ( -0.0000000000000000000, -0.0000000000000000000, 1.000000000000000000 ) ) ;
#2864 = ORIENTED_EDGE ( 'NONE', *, *, #1486, .F. ) ;
#2865 = LINE ( 'NONE', #152, #221 ) ;
#2866 =( LENGTH_UNIT ( ) NAMED_UNIT ( * ) SI_UNIT ( $, .METRE. ) );
#2867 = LINE ( 'NONE', #2023, #4011 ) ;
#2868 = CARTESIAN_POINT ( 'NONE',  ( -0.7294736215309142200, 0.3841299163440908800, 0.0000000000000000000 ) ) ;
#2869 = CIRCLE ( 'NONE', #2019, 0.2000000000000000900 ) ;
#2870 = DIRECTION ( 'NONE',  ( -1.000000000000000000, 2.525070561829413700E-016, 0.0000000000000000000 ) ) ;
#2871 = AXIS2_PLACEMENT_3D ( 'NONE', #833, #3135, #4130 ) ;
#2872 = VERTEX_POINT ( 'NONE', #4206 ) ;
#2873 = LINE ( 'NONE', #2360, #24 ) ;
#2874 = EDGE_CURVE ( 'NONE', #3799, #1084, #4128, .T. ) ;
#2875 = EDGE_CURVE ( 'NONE', #1358, #3373, #1062, .T. ) ;
#2876 = CARTESIAN_POINT ( 'NONE',  ( -0.6224999999999999400, 0.2749999999999998600, 0.3157878402833891900 ) ) ;
#2877 = CARTESIAN_POINT ( 'NONE',  ( -0.7389999999999999900, 0.2515788080029211500, -0.09948246940511164300 ) ) ;
#2878 = VERTEX_POINT ( 'NONE', #2501 ) ;
#2879 = CIRCLE ( 'NONE', #2136, 0.03999999999999998000 ) ;
#2880 = CARTESIAN_POINT ( 'NONE',  ( -0.7389999999999999900, 0.2515788080029211500, 0.09048522344134479800 ) ) ;
#2881 = DIRECTION ( 'NONE',  ( 0.8705807614487528500, -0.4920255458767459100, 0.0000000000000000000 ) ) ;
#2882 = CARTESIAN_POINT ( 'NONE',  ( -0.7510000000000000000, 0.2787401574803147200, -0.09948246940511164300 ) ) ;
#2883 = ORIENTED_EDGE ( 'NONE', *, *, #2346, .F. ) ;
#2884 = LINE ( 'NONE', #3777, #3660 ) ;
#2885 = EDGE_CURVE ( 'NONE', #3012, #2038, #4029, .T. ) ;
#2886 = VECTOR ( 'NONE', #714, 39.37007874015748100 ) ;
#2887 = DIRECTION ( 'NONE',  ( -1.000000000000000000, 0.0000000000000000000, 0.0000000000000000000 ) ) ;
#2888 = PLANE ( 'NONE',  #61 ) ;
#2889 = VERTEX_POINT ( 'NONE', #2485 ) ;
#2890 = VECTOR ( 'NONE', #1806, 39.37007874015748100 ) ;
#2891 = ORIENTED_EDGE ( 'NONE', *, *, #813, .T. ) ;
#2892 = LINE ( 'NONE', #2537, #2004 ) ;
#2893 = LINE ( 'NONE', #1338, #2772 ) ;
#2894 = EDGE_CURVE ( 'NONE', #998, #424, #3399, .T. ) ;
#2895 = CARTESIAN_POINT ( 'NONE',  ( 3.980102097228897700E-017, 0.2749999999999999100, -0.3600000000000003800 ) ) ;
#2896 = AXIS2_PLACEMENT_3D ( 'NONE', #163, #772, #4139 ) ;
#2897 = ORIENTED_EDGE ( 'NONE', *, *, #3473, .T. ) ;
#2898 = CARTESIAN_POINT ( 'NONE',  ( 0.7510000000000000000, 8.308786758271078200E-020, -0.07499999999999999700 ) ) ;
#2899 = ORIENTED_EDGE ( 'NONE', *, *, #2151, .F. ) ;
#2900 = EDGE_CURVE ( 'NONE', #849, #3912, #3762, .T. ) ;
#2901 = DIRECTION ( 'NONE',  ( -1.000000000000000000, 0.0000000000000000000, 0.0000000000000000000 ) ) ;
#2902 = DIRECTION ( 'NONE',  ( -5.028925377838796700E-015, 1.000000000000000000, -0.0000000000000000000 ) ) ;
#2903 = EDGE_CURVE ( 'NONE', #4007, #1682, #2709, .T. ) ;
#2904 = CARTESIAN_POINT ( 'NONE',  ( -0.7952190705184454300, 0.5999999999999999800, 0.2787700759417748900 ) ) ;
#2905 = DIRECTION ( 'NONE',  ( 0.4920255458767450700, 0.8705807614487531800, 0.0000000000000000000 ) ) ;
#2906 = ORIENTED_EDGE ( 'NONE', *, *, #2601, .T. ) ;
#2907 = AXIS2_PLACEMENT_3D ( 'NONE', #2704, #3434, #462 ) ;
#2908 = LINE ( 'NONE', #936, #259 ) ;
#2909 = DIRECTION ( 'NONE',  ( 1.000000000000000000, -0.0000000000000000000, -0.0000000000000000000 ) ) ;
#2910 = DIRECTION ( 'NONE',  ( 0.0000000000000000000, -1.000000000000000000, 0.0000000000000000000 ) ) ;
#2911 = DIRECTION ( 'NONE',  ( 0.0000000000000000000, 0.0000000000000000000, 1.000000000000000000 ) ) ;
#2912 = ADVANCED_FACE ( 'NONE', ( #1159 ), #2517, .F. ) ;
#2913 = CARTESIAN_POINT ( 'NONE',  ( -0.7389999999999999900, -1.365923996832131600E-016, 0.1053149606299212400 ) ) ;
#2914 = PLANE ( 'NONE',  #897 ) ;
#2915 = CARTESIAN_POINT ( 'NONE',  ( 0.6072933452020572400, 0.3985966023912279600, 0.1250000000000000600 ) ) ;
#2916 = CARTESIAN_POINT ( 'NONE',  ( 0.7265285573078407200, 0.5683149606299212600, 0.1250000000000000600 ) ) ;
#2917 = ORIENTED_EDGE ( 'NONE', *, *, #785, .T. ) ;
#2918 =( NAMED_UNIT ( * ) SI_UNIT ( $, .STERADIAN. ) SOLID_ANGLE_UNIT ( ) );
#2919 = PLANE ( 'NONE',  #3784 ) ;
#2920 = PLANE ( 'NONE',  #3528 ) ;
#2921 = AXIS2_PLACEMENT_3D ( 'NONE', #1927, #1233, #2266 ) ;
#2922 = ORIENTED_EDGE ( 'NONE', *, *, #2336, .F. ) ;
#2923 = EDGE_LOOP ( 'NONE', ( #2249, #1966, #1146, #3147 ) ) ;
#2924 = EDGE_CURVE ( 'NONE', #2348, #128, #4180, .T. ) ;
#2925 = ORIENTED_EDGE ( 'NONE', *, *, #419, .T. ) ;
#2926 = ORIENTED_EDGE ( 'NONE', *, *, #806, .T. ) ;
#2927 = CARTESIAN_POINT ( 'NONE',  ( -0.7232519685039369200, 0.3841299163440908800, 0.06871782983251850700 ) ) ;
#2928 = DIRECTION ( 'NONE',  ( 0.0000000000000000000, -1.000000000000000000, -1.064665559469244000E-016 ) ) ;
#2929 = ADVANCED_FACE ( 'NONE', ( #499 ), #2888, .T. ) ;
#2930 = DIRECTION ( 'NONE',  ( 0.0000000000000000000, 0.3090169943749416200, 0.9510565162951555300 ) ) ;
#2931 = DIRECTION ( 'NONE',  ( 1.000000000000000000, -0.0000000000000000000, 0.0000000000000000000 ) ) ;
#2932 = CIRCLE ( 'NONE', #2713, 0.02447144269215796600 ) ;
#2933 = CARTESIAN_POINT ( 'NONE',  ( 0.7389999999999999900, -1.365923996832131600E-016, -0.1053149606299213800 ) ) ;
#2934 = ORIENTED_EDGE ( 'NONE', *, *, #3231, .T. ) ;
#2935 = LINE ( 'NONE', #2561, #1047 ) ;
#2936 = CARTESIAN_POINT ( 'NONE',  ( 0.5936793005852028000, 0.2482104724122009000, -0.1249999999999999900 ) ) ;
#2937 = FACE_OUTER_BOUND ( 'NONE', #4114, .T. ) ;
#2938 = EDGE_LOOP ( 'NONE', ( #4105, #2763, #3076, #3226, #4220 ) ) ;
#2939 = VECTOR ( 'NONE', #2228, 39.37007874015748100 ) ;
#2940 = CARTESIAN_POINT ( 'NONE',  ( -0.7389999999999999900, 0.5803149606299211600, 0.1250000000000000600 ) ) ;
#2941 = CARTESIAN_POINT ( 'NONE',  ( -0.7352519685039369300, 0.3841299163440908800, 0.0000000000000000000 ) ) ;
#2942 = EDGE_CURVE ( 'NONE', #2569, #352, #300, .T. ) ;
#2943 = ORIENTED_EDGE ( 'NONE', *, *, #3952, .T. ) ;
#2944 = VECTOR ( 'NONE', #4021, 39.37007874015748100 ) ;
#2945 = VERTEX_POINT ( 'NONE', #3880 ) ;
#2946 = VECTOR ( 'NONE', #3825, 39.37007874015748100 ) ;
#2947 = PLANE ( 'NONE',  #2678 ) ;
#2948 = ADVANCED_FACE ( 'NONE', ( #2301 ), #1225, .T. ) ;
#2949 = DIRECTION ( 'NONE',  ( -0.0000000000000000000, -0.0000000000000000000, -1.000000000000000000 ) ) ;
#2950 = CLOSED_SHELL ( 'NONE', ( #1277, #3425, #4233, #2662, #3254, #3400, #526, #631, #3486, #1522, #319, #2067, #1402, #1217, #415, #1778, #254, #3472, #3080, #2969, #2725, #2912, #1387, #877, #761, #595, #1722, #3908, #4113, #362, #1803, #2780, #4154, #3745, #1750, #1912, #3788, #2366, #3325, #3182, #553, #1661, #1952, #2059, #2479, #828, #2532, #4136, #690, #3282, #4185, #1171, #2415, #52, #2798, #426, #923, #3943, #3009, #28, #3108, #2948, #852, #3516, #1083, #273, #1145, #2755 ) ) ;
#2951 = FACE_OUTER_BOUND ( 'NONE', #111, .T. ) ;
#2952 = VECTOR ( 'NONE', #1256, 39.37007874015748100 ) ;
#2953 = ORIENTED_EDGE ( 'NONE', *, *, #2694, .T. ) ;
#2954 = CARTESIAN_POINT ( 'NONE',  ( -0.6224999999999999400, 0.2749999999999999100, -0.3600000000000003800 ) ) ;
#2955 = CARTESIAN_POINT ( 'NONE',  ( 0.7510000000000000000, 0.5803149606299211600, 0.1250000000000000600 ) ) ;
#2956 = ORIENTED_EDGE ( 'NONE', *, *, #2162, .T. ) ;
#2957 = VECTOR ( 'NONE', #113, 39.37007874015748100 ) ;
#2958 = VERTEX_POINT ( 'NONE', #1237 ) ;
#2959 = PLANE ( 'NONE',  #3358 ) ;
#2960 = CARTESIAN_POINT ( 'NONE',  ( 0.7104899079217179600, 0.5683149606299212600, 0.1250000000000000600 ) ) ;
#2961 = DIRECTION ( 'NONE',  ( 2.525070561829413200E-016, 1.000000000000000000, 0.0000000000000000000 ) ) ;
#2962 = DIRECTION ( 'NONE',  ( 3.360444578011789200E-033, 1.330831949336555000E-017, -1.000000000000000000 ) ) ;
#2963 = ORIENTED_EDGE ( 'NONE', *, *, #4065, .F. ) ;
#2964 = DIRECTION ( 'NONE',  ( -1.000000000000000000, 0.0000000000000000000, 0.0000000000000000000 ) ) ;
#2965 = DIRECTION ( 'NONE',  ( 0.0000000000000000000, 0.0000000000000000000, -1.000000000000000000 ) ) ;
#2966 = PLANE ( 'NONE',  #32 ) ;
#2967 = ORIENTED_EDGE ( 'NONE', *, *, #2173, .F. ) ;
#2968 = DIRECTION ( 'NONE',  ( 0.0000000000000000000, -1.224955720424438600E-016, 1.000000000000000000 ) ) ;
#2969 = ADVANCED_FACE ( 'NONE', ( #3296 ), #3163, .F. ) ;
#2970 = ORIENTED_EDGE ( 'NONE', *, *, #165, .F. ) ;
#2971 = CARTESIAN_POINT ( 'NONE',  ( -0.7510000000000000000, 0.0000000000000000000, 0.07499999999999998300 ) ) ;
#2972 = ORIENTED_EDGE ( 'NONE', *, *, #3900, .T. ) ;
#2973 = CARTESIAN_POINT ( 'NONE',  ( 0.7104899079217181800, 0.5803149606299212700, -0.1249999999999999900 ) ) ;
#2974 = EDGE_CURVE ( 'NONE', #3061, #1575, #1058, .T. ) ;
#2975 = ORIENTED_EDGE ( 'NONE', *, *, #3319, .T. ) ;
#2976 = CARTESIAN_POINT ( 'NONE',  ( 0.7510000000000000000, 0.03937007874015725800, -0.01899999999999999600 ) ) ;
#2977 = EDGE_CURVE ( 'NONE', #874, #1444, #2619, .T. ) ;
#2978 = ORIENTED_EDGE ( 'NONE', *, *, #619, .T. ) ;
#2979 = CARTESIAN_POINT ( 'NONE',  ( 0.6825000000000000000, 0.3349999999999999100, 0.3250000000000000700 ) ) ;
#2980 = AXIS2_PLACEMENT_3D ( 'NONE', #660, #2317, #31 ) ;
#2981 = ORIENTED_EDGE ( 'NONE', *, *, #4158, .T. ) ;
#2982 = FACE_OUTER_BOUND ( 'NONE', #2538, .T. ) ;
#2983 = FACE_OUTER_BOUND ( 'NONE', #1660, .T. ) ;
#2984 = FACE_OUTER_BOUND ( 'NONE', #1600, .T. ) ;
#2985 = CARTESIAN_POINT ( 'NONE',  ( 0.8388907272751259200, 0.3499999999999999800, -0.3600000000000003800 ) ) ;
#2986 = DIRECTION ( 'NONE',  ( -2.525070561829413200E-016, 1.000000000000000000, 0.0000000000000000000 ) ) ;
#2987 = LINE ( 'NONE', #717, #687 ) ;
#2988 = EDGE_LOOP ( 'NONE', ( #658, #3838, #3848, #4200 ) ) ;
#2989 = ORIENTED_EDGE ( 'NONE', *, *, #2222, .F. ) ;
#2990 = VECTOR ( 'NONE', #3760, 39.37007874015748900 ) ;
#2991 = DIRECTION ( 'NONE',  ( 0.0000000000000000000, -1.000000000000000000, 0.0000000000000000000 ) ) ;
#2992 = ORIENTED_EDGE ( 'NONE', *, *, #749, .F. ) ;
#2993 = DIRECTION ( 'NONE',  ( 0.0000000000000000000, -1.000000000000000000, -3.902639990948947500E-016 ) ) ;
#2994 = ORIENTED_EDGE ( 'NONE', *, *, #468, .T. ) ;
#2995 = VECTOR ( 'NONE', #1266, 39.37007874015748100 ) ;
#2996 = DIRECTION ( 'NONE',  ( -0.0000000000000000000, -0.0000000000000000000, 1.000000000000000000 ) ) ;
#2997 = DIRECTION ( 'NONE',  ( -0.0000000000000000000, 1.000000000000000000, -0.0000000000000000000 ) ) ;
#2998 = VECTOR ( 'NONE', #3590, 39.37007874015748100 ) ;
#2999 = VECTOR ( 'NONE', #81, 39.37007874015748100 ) ;
#3000 = FACE_OUTER_BOUND ( 'NONE', #1001, .T. ) ;
#3001 = LINE ( 'NONE', #1183, #3050 ) ;
#3002 = ORIENTED_EDGE ( 'NONE', *, *, #3439, .F. ) ;
#3003 = EDGE_CURVE ( 'NONE', #1749, #3408, #4072, .T. ) ;
#3004 = EDGE_CURVE ( 'NONE', #3097, #3621, #3875, .T. ) ;
#3005 = CARTESIAN_POINT ( 'NONE',  ( 0.6491676411974713900, 0.2811088787571428000, -0.3176089552907630000 ) ) ;
#3006 = EDGE_LOOP ( 'NONE', ( #2127, #2906, #412, #2864 ) ) ;
#3007 = LINE ( 'NONE', #378, #2781 ) ;
#3008 = DIRECTION ( 'NONE',  ( 1.000000000000000000, 0.0000000000000000000, 0.0000000000000000000 ) ) ;
#3009 = ADVANCED_FACE ( 'NONE', ( #3047 ), #1288, .F. ) ;
#3010 = PLANE ( 'NONE',  #4049 ) ;
#3011 = EDGE_CURVE ( 'NONE', #424, #3337, #3200, .T. ) ;
#3012 = VERTEX_POINT ( 'NONE', #2595 ) ;
#3013 = CARTESIAN_POINT ( 'NONE',  ( -0.7510000000000000000, 0.5803149606299211600, -0.1249999999999999300 ) ) ;
#3014 = CARTESIAN_POINT ( 'NONE',  ( 0.0000000000000000000, 0.5999999999999999800, -0.2787700759417753900 ) ) ;
#3015 = AXIS2_PLACEMENT_3D ( 'NONE', #2941, #944, #3267 ) ;
#3016 = DIRECTION ( 'NONE',  ( 0.0000000000000000000, 0.0000000000000000000, 1.000000000000000000 ) ) ;
#3017 = DIRECTION ( 'NONE',  ( -0.01745240643727697500, -0.9998476951563912700, 0.0000000000000000000 ) ) ;
#3018 = ORIENTED_EDGE ( 'NONE', *, *, #2658, .T. ) ;
#3019 = DIRECTION ( 'NONE',  ( 0.0000000000000000000, 0.9510565162951553100, 0.3090169943749418400 ) ) ;
#3020 = DIRECTION ( 'NONE',  ( 0.0000000000000000000, 0.0000000000000000000, 1.000000000000000000 ) ) ;
#3021 = EDGE_LOOP ( 'NONE', ( #5, #293, #1118, #2665 ) ) ;
#3022 = EDGE_LOOP ( 'NONE', ( #3684, #2201, #1334, #3869 ) ) ;
#3023 = PLANE ( 'NONE',  #1080 ) ;
#3024 = ORIENTED_EDGE ( 'NONE', *, *, #2390, .F. ) ;
#3025 = VECTOR ( 'NONE', #1434, 39.37007874015748900 ) ;
#3026 = CARTESIAN_POINT ( 'NONE',  ( -0.7510000000000000000, 0.1999999999999999800, -0.1249999999999999900 ) ) ;
#3027 = EDGE_CURVE ( 'NONE', #1823, #423, #2514, .T. ) ;
#3028 = VERTEX_POINT ( 'NONE', #1620 ) ;
#3029 = ORIENTED_EDGE ( 'NONE', *, *, #453, .F. ) ;
#3030 = ADVANCED_FACE ( 'NONE', ( #1726 ), #2919, .T. ) ;
#3031 = CARTESIAN_POINT ( 'NONE',  ( -0.7510000000000000000, -0.1209999999999998400, -0.01900000000000000300 ) ) ;
#3032 = VECTOR ( 'NONE', #2484, 39.37007874015748100 ) ;
#3033 = AXIS2_PLACEMENT_3D ( 'NONE', #2868, #4174, #232 ) ;
#3034 = ORIENTED_EDGE ( 'NONE', *, *, #969, .F. ) ;
#3035 = VECTOR ( 'NONE', #3209, 39.37007874015748100 ) ;
#3036 = DIRECTION ( 'NONE',  ( 0.0000000000000000000, -1.000000000000000000, 0.0000000000000000000 ) ) ;
#3037 = ORIENTED_EDGE ( 'NONE', *, *, #3573, .T. ) ;
#3038 = EDGE_CURVE ( 'NONE', #2011, #1036, #2825, .T. ) ;
#3039 = ORIENTED_EDGE ( 'NONE', *, *, #3372, .F. ) ;
#3040 = CARTESIAN_POINT ( 'NONE',  ( -0.6825000000000000000, 0.3349999999999999100, 0.3600000000000001000 ) ) ;
#3041 = AXIS2_PLACEMENT_3D ( 'NONE', #1974, #3993, #2367 ) ;
#3042 = FACE_OUTER_BOUND ( 'NONE', #1271, .T. ) ;
#3043 = DIRECTION ( 'NONE',  ( -0.0000000000000000000, 8.537024980200824800E-016, 1.000000000000000000 ) ) ;
#3044 = ORIENTED_EDGE ( 'NONE', *, *, #3077, .T. ) ;
#3045 = VECTOR ( 'NONE', #96, 39.37007874015748100 ) ;
#3046 = ORIENTED_EDGE ( 'NONE', *, *, #3568, .T. ) ;
#3047 = FACE_OUTER_BOUND ( 'NONE', #3375, .T. ) ;
#3048 = VECTOR ( 'NONE', #2284, 39.37007874015748100 ) ;
#3049 = CARTESIAN_POINT ( 'NONE',  ( -0.7450000000000001100, -0.02500000000000000100, -0.2940000000000000400 ) ) ;
#3050 = VECTOR ( 'NONE', #276, 39.37007874015748100 ) ;
#3051 = ORIENTED_EDGE ( 'NONE', *, *, #3190, .T. ) ;
#3052 = ADVANCED_FACE ( 'NONE', ( #2358 ), #1108, .T. ) ;
#3053 = CARTESIAN_POINT ( 'NONE',  ( -0.7389999999999999900, -0.1209999999999998400, -1.268397002463279700E-017 ) ) ;
#3054 = ORIENTED_EDGE ( 'NONE', *, *, #26, .F. ) ;
#3055 = EDGE_CURVE ( 'NONE', #1073, #469, #747, .T. ) ;
#3056 = ORIENTED_EDGE ( 'NONE', *, *, #1928, .F. ) ;
#3057 = CARTESIAN_POINT ( 'NONE',  ( 0.7265285573078407200, 0.5558435179377619900, -0.1249999999999999900 ) ) ;
#3058 = AXIS2_PLACEMENT_3D ( 'NONE', #71, #736, #3396 ) ;
#3059 = EDGE_CURVE ( 'NONE', #322, #1520, #182, .T. ) ;
#3060 = PLANE ( 'NONE',  #1874 ) ;
#3061 = VERTEX_POINT ( 'NONE', #3906 ) ;
#3062 =( NAMED_UNIT ( * ) SI_UNIT ( $, .STERADIAN. ) SOLID_ANGLE_UNIT ( ) );
#3063 = PLANE ( 'NONE',  #316 ) ;
#3064 = CARTESIAN_POINT ( 'NONE',  ( -0.7528048203820791900, 0.3841299163440908800, 0.0000000000000000000 ) ) ;
#3065 = EDGE_CURVE ( 'NONE', #3799, #4221, #3510, .T. ) ;
#3066 =( BOUNDED_CURVE ( )  B_SPLINE_CURVE ( 3, ( #1761, #2807, #4122, #1119 ),
 .UNSPECIFIED., .F., .F. ) 
 B_SPLINE_CURVE_WITH_KNOTS ( ( 4, 4 ),
 ( 4.729842272904625700, 6.283185307179586200 ),
 .UNSPECIFIED. ) 
 CURVE ( )  GEOMETRIC_REPRESENTATION_ITEM ( )  RATIONAL_B_SPLINE_CURVE ( ( 1.000000000000000000, 0.8088336327694527500, 0.8088336327694527500, 1.000000000000000000 ) ) 
 REPRESENTATION_ITEM ( '' )  );
#3067 = CARTESIAN_POINT ( 'NONE',  ( 0.8352129783247008700, 0.5606980962574910100, 0.2915400385671660400 ) ) ;
#3068 = ORIENTED_EDGE ( 'NONE', *, *, #973, .T. ) ;
#3069 = ADVANCED_FACE ( 'NONE', ( #858 ), #613, .F. ) ;
#3070 = ORIENTED_EDGE ( 'NONE', *, *, #525, .T. ) ;
#3071 = EDGE_LOOP ( 'NONE', ( #2353, #1577, #1826, #3369, #2282, #830 ) ) ;
#3072 = CARTESIAN_POINT ( 'NONE',  ( -0.7389999999999997700, 0.2787401574803147200, 0.09948246940511164300 ) ) ;
#3073 = EDGE_CURVE ( 'NONE', #2511, #424, #347, .T. ) ;
#3074 = CARTESIAN_POINT ( 'NONE',  ( 0.6825000000000000000, 0.3349999999999999100, -0.3600000000000003800 ) ) ;
#3075 = ORIENTED_EDGE ( 'NONE', *, *, #453, .T. ) ;
#3076 = ORIENTED_EDGE ( 'NONE', *, *, #2421, .F. ) ;
#3077 = EDGE_CURVE ( 'NONE', #846, #3782, #2259, .T. ) ;
#3078 = FACE_OUTER_BOUND ( 'NONE', #1782, .T. ) ;
#3079 = PLANE ( 'NONE',  #937 ) ;
#3080 = ADVANCED_FACE ( 'NONE', ( #237 ), #18, .F. ) ;
#3081 = VERTEX_POINT ( 'NONE', #2 ) ;
#3082 = DIRECTION ( 'NONE',  ( 0.0000000000000000000, -1.000000000000000000, 0.0000000000000000000 ) ) ;
#3083 = LINE ( 'NONE', #1121, #2388 ) ;
#3084 = FACE_OUTER_BOUND ( 'NONE', #3539, .T. ) ;
#3085 = CARTESIAN_POINT ( 'NONE',  ( 0.7510000000000000000, 0.5803149606299211600, 0.09048522344134479800 ) ) ;
#3086 =( GEOMETRIC_REPRESENTATION_CONTEXT ( 3 ) GLOBAL_UNCERTAINTY_ASSIGNED_CONTEXT ( ( #1432 ) ) GLOBAL_UNIT_ASSIGNED_CONTEXT ( ( #3146, #109, #3804 ) ) REPRESENTATION_CONTEXT ( 'NONE', 'WORKASPACE' ) );
#3087 = EDGE_LOOP ( 'NONE', ( #376, #854, #2545, #1991 ) ) ;
#3088 = LINE ( 'NONE', #2626, #3552 ) ;
#3089 = FACE_OUTER_BOUND ( 'NONE', #93, .T. ) ;
#3090 = CARTESIAN_POINT ( 'NONE',  ( -0.7450000000000001100, -0.05000000000000000300, -0.2940000000000000400 ) ) ;
#3091 = LINE ( 'NONE', #3456, #694 ) ;
#3092 = AXIS2_PLACEMENT_3D ( 'NONE', #1500, #2788, #1487 ) ;
#3093 = ORIENTED_EDGE ( 'NONE', *, *, #1978, .T. ) ;
#3094 = VECTOR ( 'NONE', #209, 39.37007874015748100 ) ;
#3095 = DIRECTION ( 'NONE',  ( -0.0000000000000000000, -0.0000000000000000000, 1.000000000000000000 ) ) ;
#3096 = DIRECTION ( 'NONE',  ( -0.0000000000000000000, 0.0000000000000000000, 1.000000000000000000 ) ) ;
#3097 = VERTEX_POINT ( 'NONE', #1321 ) ;
#3098 = VERTEX_POINT ( 'NONE', #3986 ) ;
#3099 = VECTOR ( 'NONE', #2020, 39.37007874015748100 ) ;
#3100 = DIRECTION ( 'NONE',  ( 0.0000000000000000000, -0.0000000000000000000, 1.000000000000000000 ) ) ;
#3101 = PLANE ( 'NONE',  #1228 ) ;
#3102 = VECTOR ( 'NONE', #3017, 39.37007874015748100 ) ;
#3103 = DIRECTION ( 'NONE',  ( 0.0000000000000000000, 0.9510565162951555300, -0.3090169943749416200 ) ) ;
#3104 = VECTOR ( 'NONE', #205, 39.37007874015748100 ) ;
#3105 = CYLINDRICAL_SURFACE ( 'NONE', #2921, 0.2000000000000000900 ) ;
#3106 = CARTESIAN_POINT ( 'NONE',  ( 0.7510000000000000000, -1.365923996832131600E-016, -0.1250000000000000000 ) ) ;
#3107 = CARTESIAN_POINT ( 'NONE',  ( 0.6056793005852027000, 0.3924603339927483800, 0.1250000000000000600 ) ) ;
#3108 = ADVANCED_FACE ( 'NONE', ( #1417 ), #2649, .F. ) ;
#3109 = ORIENTED_EDGE ( 'NONE', *, *, #1906, .T. ) ;
#3110 = CARTESIAN_POINT ( 'NONE',  ( 0.5936793005852026800, 0.3924603339927483800, -0.1249999999999999900 ) ) ;
#3111 = CARTESIAN_POINT ( 'NONE',  ( -0.7389999999999997700, 0.2787401574803147200, 0.1250000000000000600 ) ) ;
#3112 = PRODUCT_DEFINITION_SHAPE ( 'NONE', 'NONE',  #1604 ) ;
#3113 = PLANE ( 'NONE',  #1236 ) ;
#3114 = EDGE_CURVE ( 'NONE', #2144, #4145, #1835, .T. ) ;
#3115 = CARTESIAN_POINT ( 'NONE',  ( 0.8348096797851539700, 0.5838030541138853300, 0.2840327826789924600 ) ) ;
#3116 = AXIS2_PLACEMENT_3D ( 'NONE', #972, #2997, #3680 ) ;
#3117 = VERTEX_POINT ( 'NONE', #1031 ) ;
#3118 = DIRECTION ( 'NONE',  ( -1.000000000000000000, 0.0000000000000000000, 0.0000000000000000000 ) ) ;
#3119 = CARTESIAN_POINT ( 'NONE',  ( -0.7510000000000000000, 0.0000000000000000000, 0.1053149606299212400 ) ) ;
#3120 = CARTESIAN_POINT ( 'NONE',  ( 0.6825000000000000000, 0.5999999999999999800, -0.2787700759417754400 ) ) ;
#3121 = ADVANCED_FACE ( 'NONE', ( #404 ), #3650, .T. ) ;
#3122 = AXIS2_PLACEMENT_3D ( 'NONE', #2063, #2091, #89 ) ;
#3123 = EDGE_LOOP ( 'NONE', ( #700, #233, #3215, #2899 ) ) ;
#3124 = CARTESIAN_POINT ( 'NONE',  ( 0.7104899079217179600, 0.5683149606299212600, -0.1249999999999999900 ) ) ;
#3125 = ORIENTED_EDGE ( 'NONE', *, *, #4237, .T. ) ;
#3126 = CARTESIAN_POINT ( 'NONE',  ( 0.7510000000000000000, -0.1210000000000002300, -1.268397002463279700E-017 ) ) ;
#3127 = ORIENTED_EDGE ( 'NONE', *, *, #2481, .T. ) ;
#3128 = LINE ( 'NONE', #1130, #4004 ) ;
#3129 = DIRECTION ( 'NONE',  ( 0.0000000000000000000, 0.0000000000000000000, 1.000000000000000000 ) ) ;
#3130 = ORIENTED_EDGE ( 'NONE', *, *, #2642, .F. ) ;
#3131 = ORIENTED_EDGE ( 'NONE', *, *, #1800, .T. ) ;
#3132 = CARTESIAN_POINT ( 'NONE',  ( -0.6825000000000000000, 0.1149999999999998400, -0.1250000000000000000 ) ) ;
#3133 = CARTESIAN_POINT ( 'NONE',  ( -0.7510000000000000000, 0.5999999999999999800, -0.1249999999999999300 ) ) ;
#3134 = LINE ( 'NONE', #3229, #1665 ) ;
#3135 = DIRECTION ( 'NONE',  ( 0.0000000000000000000, 1.000000000000000000, 0.0000000000000000000 ) ) ;
#3136 = ORIENTED_EDGE ( 'NONE', *, *, #3502, .F. ) ;
#3137 = LINE ( 'NONE', #3554, #2245 ) ;
#3138 = DIRECTION ( 'NONE',  ( 0.0000000000000000000, -1.000000000000000000, 0.0000000000000000000 ) ) ;
#3139 = ORIENTED_EDGE ( 'NONE', *, *, #817, .F. ) ;
#3140 = EDGE_CURVE ( 'NONE', #896, #3591, #3617, .T. ) ;
#3141 = CARTESIAN_POINT ( 'NONE',  ( -0.6824999999999998800, 0.3310135300258583200, 0.3250000000000000100 ) ) ;
#3142 = ORIENTED_EDGE ( 'NONE', *, *, #2438, .T. ) ;
#3143 = LINE ( 'NONE', #3404, #2660 ) ;
#3144 = ADVANCED_FACE ( 'NONE', ( #1526 ), #3974, .F. ) ;
#3145 = LINE ( 'NONE', #3579, #2252 ) ;
#3146 =( CONVERSION_BASED_UNIT ( 'INCH', #3280 ) LENGTH_UNIT ( ) NAMED_UNIT ( #2592 ) );
#3147 = ORIENTED_EDGE ( 'NONE', *, *, #1988, .T. ) ;
#3148 = LINE ( 'NONE', #2433, #2707 ) ;
#3149 = PLANE ( 'NONE',  #1917 ) ;
#3150 = ORIENTED_EDGE ( 'NONE', *, *, #2408, .T. ) ;
#3151 = VECTOR ( 'NONE', #3236, 39.37007874015748100 ) ;
#3152 = CARTESIAN_POINT ( 'NONE',  ( 0.0000000000000000000, 0.3499999999999999800, 0.3600000000000002600 ) ) ;
#3153 = VECTOR ( 'NONE', #2040, 39.37007874015748100 ) ;
#3154 = LINE ( 'NONE', #3940, #2952 ) ;
#3155 = ORIENTED_EDGE ( 'NONE', *, *, #494, .T. ) ;
#3156 = DIRECTION ( 'NONE',  ( 0.0000000000000000000, -0.0000000000000000000, -1.000000000000000000 ) ) ;
#3157 = CARTESIAN_POINT ( 'NONE',  ( -0.7510000000000000000, 0.0000000000000000000, 0.07499999999999998300 ) ) ;
#3158 = EDGE_CURVE ( 'NONE', #1834, #3423, #649, .T. ) ;
#3159 = CARTESIAN_POINT ( 'NONE',  ( 0.8386596052609225400, 0.3632409713257484000, 0.3556977476190095200 ) ) ;
#3160 = EDGE_CURVE ( 'NONE', #352, #1497, #547, .T. ) ;
#3161 = CARTESIAN_POINT ( 'NONE',  ( -0.6224999999999999400, 0.2749999999999999100, 0.3600000000000001000 ) ) ;
#3162 = CARTESIAN_POINT ( 'NONE',  ( -0.7399327290047749100, 0.3841299163440908800, 0.0000000000000000000 ) ) ;
#3163 = PLANE ( 'NONE',  #3877 ) ;
#3164 = ORIENTED_EDGE ( 'NONE', *, *, #224, .F. ) ;
#3165 = DIRECTION ( 'NONE',  ( -0.0000000000000000000, -0.0000000000000000000, -1.000000000000000000 ) ) ;
#3166 = DIRECTION ( 'NONE',  ( 0.0000000000000000000, 0.0000000000000000000, -1.000000000000000000 ) ) ;
#3167 = ORIENTED_EDGE ( 'NONE', *, *, #272, .T. ) ;
#3168 = AXIS2_PLACEMENT_3D ( 'NONE', #3931, #3966, #2628 ) ;
#3169 = VERTEX_POINT ( 'NONE', #2979 ) ;
#3170 = VERTEX_POINT ( 'NONE', #3971 ) ;
#3171 = CARTESIAN_POINT ( 'NONE',  ( 0.6056793005852027000, 0.2482104724122009000, 0.1250000000000000600 ) ) ;
#3172 = ORIENTED_EDGE ( 'NONE', *, *, #2248, .F. ) ;
#3173 = CARTESIAN_POINT ( 'NONE',  ( 0.8352129783247008700, 0.5606980962574910100, -0.3600000000000003800 ) ) ;
#3174 = VERTEX_POINT ( 'NONE', #176 ) ;
#3175 = EDGE_CURVE ( 'NONE', #50, #2878, #2202, .T. ) ;
#3176 = DIRECTION ( 'NONE',  ( 0.0000000000000000000, -7.805279981897894900E-016, -1.000000000000000000 ) ) ;
#3177 = ORIENTED_EDGE ( 'NONE', *, *, #1915, .F. ) ;
#3178 = DIRECTION ( 'NONE',  ( 1.000000000000000000, 0.0000000000000000000, 0.0000000000000000000 ) ) ;
#3179 = ORIENTED_EDGE ( 'NONE', *, *, #4123, .T. ) ;
#3180 = VECTOR ( 'NONE', #231, 39.37007874015748100 ) ;
#3181 = LINE ( 'NONE', #435, #2288 ) ;
#3182 = ADVANCED_FACE ( 'NONE', ( #1310 ), #605, .T. ) ;
#3183 = CARTESIAN_POINT ( 'NONE',  ( -0.7389999999999999900, 0.5803149606299211600, -0.1249999999999999300 ) ) ;
#3184 = CARTESIAN_POINT ( 'NONE',  ( -0.7510000000000000000, 0.1999999999999999800, 0.1250000000000000300 ) ) ;
#3185 = ORIENTED_EDGE ( 'NONE', *, *, #34, .F. ) ;
#3186 = VECTOR ( 'NONE', #1027, 39.37007874015748100 ) ;
#3187 = VECTOR ( 'NONE', #684, 39.37007874015748100 ) ;
#3188 = CARTESIAN_POINT ( 'NONE',  ( 0.7389999999999999900, 0.2515788080029211500, 0.09048522344134479800 ) ) ;
#3189 = DIRECTION ( 'NONE',  ( 0.0000000000000000000, -1.000000000000000000, 0.0000000000000000000 ) ) ;
#3190 = EDGE_CURVE ( 'NONE', #1625, #2140, #2884, .T. ) ;
#3191 = VERTEX_POINT ( 'NONE', #2880 ) ;
#3192 = CARTESIAN_POINT ( 'NONE',  ( 0.6825000000000000000, 0.2787401574803149400, -0.1249999999999999200 ) ) ;
#3193 = CARTESIAN_POINT ( 'NONE',  ( 0.5936793005852026800, 0.3924603339927483800, 0.1250000000000000600 ) ) ;
#3194 = ORIENTED_EDGE ( 'NONE', *, *, #3866, .F. ) ;
#3195 = CARTESIAN_POINT ( 'NONE',  ( -0.8348096797851541900, 0.5838030541138854400, -0.2840327826789925700 ) ) ;
#3196 = ORIENTED_EDGE ( 'NONE', *, *, #4298, .T. ) ;
#3197 = CARTESIAN_POINT ( 'NONE',  ( -0.7450000000000001100, -0.0000000000000000000, -0.3190000000000000100 ) ) ;
#3198 = AXIS2_PLACEMENT_3D ( 'NONE', #3876, #1868, #2225 ) ;
#3199 = ORIENTED_EDGE ( 'NONE', *, *, #368, .F. ) ;
#3200 = LINE ( 'NONE', #2615, #3256 ) ;
#3201 = EDGE_CURVE ( 'NONE', #359, #264, #1373, .T. ) ;
#3202 = CIRCLE ( 'NONE', #2181, 0.01574803149606299200 ) ;
#3203 = CARTESIAN_POINT ( 'NONE',  ( -1.031000000000000800, 0.2787401574803148300, 0.1250000000000000600 ) ) ;
#3204 = VECTOR ( 'NONE', #323, 39.37007874015748100 ) ;
#3205 = VECTOR ( 'NONE', #903, 39.37007874015748100 ) ;
#3206 = LINE ( 'NONE', #2172, #408 ) ;
#3207 = ORIENTED_EDGE ( 'NONE', *, *, #3158, .F. ) ;
#3208 = DIRECTION ( 'NONE',  ( -1.000000000000000000, -2.525070561829413200E-016, 0.0000000000000000000 ) ) ;
#3209 = DIRECTION ( 'NONE',  ( 0.0000000000000000000, -1.000000000000000000, 0.0000000000000000000 ) ) ;
#3210 = CARTESIAN_POINT ( 'NONE',  ( 0.6825000000000000000, 0.1149999999999998400, -0.1250000000000000000 ) ) ;
#3211 = ORIENTED_EDGE ( 'NONE', *, *, #1354, .T. ) ;
#3212 = DIRECTION ( 'NONE',  ( 0.0000000000000000000, 1.000000000000000000, 0.0000000000000000000 ) ) ;
#3213 = ADVANCED_FACE ( 'NONE', ( #1998 ), #1561, .T. ) ;
#3214 = CARTESIAN_POINT ( 'NONE',  ( 0.0000000000000000000, 0.1999999999999999800, -4.899822881697755100E-017 ) ) ;
#3215 = ORIENTED_EDGE ( 'NONE', *, *, #3635, .F. ) ;
#3216 = CARTESIAN_POINT ( 'NONE',  ( -0.7389999999999999900, -1.365923996832131600E-016, -0.1053149606299212400 ) ) ;
#3217 = CARTESIAN_POINT ( 'NONE',  ( 0.6763887618247311800, 0.3083273636945290700, 0.3232470667068096900 ) ) ;
#3218 = CARTESIAN_POINT ( 'NONE',  ( 0.6825000000000000000, 0.5999999999999999800, -0.3600000000000003800 ) ) ;
#3219 = CIRCLE ( 'NONE', #4229, 0.01247144269215793100 ) ;
#3220 = CARTESIAN_POINT ( 'NONE',  ( 0.7389999999999999900, 0.03937007874015725800, 0.01899999999999999600 ) ) ;
#3221 = DIRECTION ( 'NONE',  ( -0.0000000000000000000, 0.0000000000000000000, -1.000000000000000000 ) ) ;
#3222 = DIRECTION ( 'NONE',  ( -1.000000000000000000, 0.0000000000000000000, 0.0000000000000000000 ) ) ;
#3223 = AXIS2_PLACEMENT_3D ( 'NONE', #1697, #420, #2368 ) ;
#3224 = EDGE_CURVE ( 'NONE', #1532, #366, #742, .T. ) ;
#3225 = DIRECTION ( 'NONE',  ( 0.0000000000000000000, 1.000000000000000000, 0.0000000000000000000 ) ) ;
#3226 = ORIENTED_EDGE ( 'NONE', *, *, #1445, .F. ) ;
#3227 = ORIENTED_EDGE ( 'NONE', *, *, #272, .F. ) ;
#3228 = CARTESIAN_POINT ( 'NONE',  ( -0.6594357505198933400, 0.2870814540500578600, 0.3192561796922500100 ) ) ;
#3229 = CARTESIAN_POINT ( 'NONE',  ( -0.7510000000000000000, -1.365923996832131600E-016, -0.1250000000000000000 ) ) ;
#3230 = CARTESIAN_POINT ( 'NONE',  ( -0.6526028818689489900, 0.2829508827657347700, -0.3181215393843513400 ) ) ;
#3231 = EDGE_CURVE ( 'NONE', #355, #1942, #3564, .T. ) ;
#3232 = CARTESIAN_POINT ( 'NONE',  ( 0.8352129783247008700, 0.5606980962574910100, 0.07500000000000002500 ) ) ;
#3233 = LINE ( 'NONE', #1030, #2237 ) ;
#3234 = VERTEX_POINT ( 'NONE', #2533 ) ;
#3235 = EDGE_LOOP ( 'NONE', ( #668, #2688, #2286, #1125, #2989 ) ) ;
#3236 = DIRECTION ( 'NONE',  ( -1.000000000000000000, 0.0000000000000000000, 0.0000000000000000000 ) ) ;
#3237 = DIRECTION ( 'NONE',  ( 1.000000000000000000, 0.0000000000000000000, 0.0000000000000000000 ) ) ;
#3238 = FACE_OUTER_BOUND ( 'NONE', #1607, .T. ) ;
#3239 = EDGE_CURVE ( 'NONE', #193, #2732, #3707, .T. ) ;
#3240 = CARTESIAN_POINT ( 'NONE',  ( -0.7389999999999999900, 0.03937007874015747300, 0.1250000000000000600 ) ) ;
#3241 = ORIENTED_EDGE ( 'NONE', *, *, #1043, .F. ) ;
#3242 = LINE ( 'NONE', #263, #2349 ) ;
#3243 = CARTESIAN_POINT ( 'NONE',  ( 0.6825000000000000000, 0.1149999999999998400, -0.1250000000000000000 ) ) ;
#3244 = VECTOR ( 'NONE', #3212, 39.37007874015748100 ) ;
#3245 = EDGE_LOOP ( 'NONE', ( #251, #464 ) ) ;
#3246 = EDGE_LOOP ( 'NONE', ( #3441, #2953, #2861, #1812 ) ) ;
#3247 = CIRCLE ( 'NONE', #3576, 0.2000000000000000900 ) ;
#3248 = DIRECTION ( 'NONE',  ( 0.0000000000000000000, 0.0000000000000000000, 1.000000000000000000 ) ) ;
#3249 = AXIS2_PLACEMENT_3D ( 'NONE', #3671, #728, #2775 ) ;
#3250 = FACE_OUTER_BOUND ( 'NONE', #3471, .T. ) ;
#3251 = VERTEX_POINT ( 'NONE', #1866 ) ;
#3252 = LINE ( 'NONE', #1038, #1476 ) ;
#3253 = DIRECTION ( 'NONE',  ( 0.0000000000000000000, 0.0000000000000000000, -1.000000000000000000 ) ) ;
#3254 = ADVANCED_FACE ( 'NONE', ( #2250 ), #2914, .F. ) ;
#3255 = ORIENTED_EDGE ( 'NONE', *, *, #2786, .T. ) ;
#3256 = VECTOR ( 'NONE', #2965, 39.37007874015748100 ) ;
#3257 = ORIENTED_EDGE ( 'NONE', *, *, #3004, .T. ) ;
#3258 = LINE ( 'NONE', #1260, #4125 ) ;
#3259 = FACE_OUTER_BOUND ( 'NONE', #2686, .T. ) ;
#3260 = ORIENTED_EDGE ( 'NONE', *, *, #813, .F. ) ;
#3261 = DIRECTION ( 'NONE',  ( 0.0000000000000000000, -1.224646799147353200E-016, 1.000000000000000000 ) ) ;
#3262 = DIRECTION ( 'NONE',  ( 0.0000000000000000000, -0.9510565162951555300, 0.3090169943749416200 ) ) ;
#3263 = FACE_OUTER_BOUND ( 'NONE', #206, .T. ) ;
#3264 = DIRECTION ( 'NONE',  ( 0.0000000000000000000, 1.000000000000000000, 0.0000000000000000000 ) ) ;
#3265 = DIRECTION ( 'NONE',  ( 0.0000000000000000000, 0.0000000000000000000, -1.000000000000000000 ) ) ;
#3266 = ORIENTED_EDGE ( 'NONE', *, *, #3276, .F. ) ;
#3267 = DIRECTION ( 'NONE',  ( 0.0000000000000000000, 0.0000000000000000000, 1.000000000000000000 ) ) ;
#3268 = ORIENTED_EDGE ( 'NONE', *, *, #2942, .F. ) ;
#3269 = DIRECTION ( 'NONE',  ( -1.000000000000000000, 0.0000000000000000000, 0.0000000000000000000 ) ) ;
#3270 = CARTESIAN_POINT ( 'NONE',  ( -0.6304018017545106600, 0.2753933363061600900, -0.3159127858877799300 ) ) ;
#3271 = CARTESIAN_POINT ( 'NONE',  ( 0.8352129783247008700, 0.5606980962574910100, 0.07500000000000002500 ) ) ;
#3272 = EDGE_CURVE ( 'NONE', #3290, #3170, #1153, .T. ) ;
#3273 = AXIS2_PLACEMENT_3D ( 'NONE', #3744, #2402, #755 ) ;
#3274 = VERTEX_POINT ( 'NONE', #1523 ) ;
#3275 = ORIENTED_EDGE ( 'NONE', *, *, #1430, .T. ) ;
#3276 = EDGE_CURVE ( 'NONE', #1682, #39, #3395, .T. ) ;
#3277 = ORIENTED_EDGE ( 'NONE', *, *, #2473, .F. ) ;
#3278 = VERTEX_POINT ( 'NONE', #3549 ) ;
#3279 = PLANE ( 'NONE',  #1744 ) ;
#3280 = LENGTH_MEASURE_WITH_UNIT ( LENGTH_MEASURE( 0.02539999999999999900 ), #805 );
#3281 = EDGE_LOOP ( 'NONE', ( #3435, #2838, #1573, #433 ) ) ;
#3282 = ADVANCED_FACE ( 'NONE', ( #2818 ), #1901, .F. ) ;
#3283 = CARTESIAN_POINT ( 'NONE',  ( 0.7389999999999999900, 0.03937007874015725800, -0.01899999999999999600 ) ) ;
#3284 = EDGE_LOOP ( 'NONE', ( #3379, #4272, #1382, #3964, #3791, #3663 ) ) ;
#3285 = VECTOR ( 'NONE', #3941, 39.37007874015748100 ) ;
#3286 = LINE ( 'NONE', #1627, #2810 ) ;
#3287 = CARTESIAN_POINT ( 'NONE',  ( -0.7952190705184454300, 0.5999999999999999800, 0.07499999999999998300 ) ) ;
#3288 = CARTESIAN_POINT ( 'NONE',  ( 0.7389999999999999900, 0.2515788080029211500, 0.09948246940511164300 ) ) ;
#3289 = VECTOR ( 'NONE', #4073, 39.37007874015748100 ) ;
#3290 = VERTEX_POINT ( 'NONE', #907 ) ;
#3291 = VECTOR ( 'NONE', #788, 39.37007874015748900 ) ;
#3292 = CARTESIAN_POINT ( 'NONE',  ( 0.7510000000000000000, 0.2787401574803147200, -0.1250000000000000600 ) ) ;
#3293 = VERTEX_POINT ( 'NONE', #3183 ) ;
#3294 = VECTOR ( 'NONE', #1599, 39.37007874015748100 ) ;
#3295 = ORIENTED_EDGE ( 'NONE', *, *, #389, .T. ) ;
#3296 = FACE_OUTER_BOUND ( 'NONE', #1861, .T. ) ;
#3297 = CARTESIAN_POINT ( 'NONE',  ( -0.7510000000000000000, 0.3841299163440908800, 0.05638620723153802600 ) ) ;
#3298 = VECTOR ( 'NONE', #672, 39.37007874015748100 ) ;
#3299 = FILL_AREA_STYLE_COLOUR ( '', #3989 ) ;
#3300 = LINE ( 'NONE', #4197, #2711 ) ;
#3301 = AXIS2_PLACEMENT_3D ( 'NONE', #3184, #3550, #3821 ) ;
#3302 = VERTEX_POINT ( 'NONE', #275 ) ;
#3303 = LINE ( 'NONE', #2185, #1630 ) ;
#3304 = PLANE ( 'NONE',  #187 ) ;
#3305 = ORIENTED_EDGE ( 'NONE', *, *, #964, .F. ) ;
#3306 = CARTESIAN_POINT ( 'NONE',  ( 0.7510000000000000000, -1.365923996832131600E-016, -0.1250000000000000000 ) ) ;
#3307 = AXIS2_PLACEMENT_3D ( 'NONE', #2526, #539, #2854 ) ;
#3308 = VECTOR ( 'NONE', #2991, 39.37007874015748100 ) ;
#3309 = ORIENTED_EDGE ( 'NONE', *, *, #4257, .F. ) ;
#3310 = CARTESIAN_POINT ( 'NONE',  ( -0.6825000000000000000, 0.3349999999999999100, 0.3600000000000001000 ) ) ;
#3311 = VERTEX_POINT ( 'NONE', #573 ) ;
#3312 = CARTESIAN_POINT ( 'NONE',  ( -0.7510000000000000000, 0.5999999999999999800, 0.07499999999999998300 ) ) ;
#3313 = AXIS2_PLACEMENT_3D ( 'NONE', #2263, #3567, #933 ) ;
#3314 = CARTESIAN_POINT ( 'NONE',  ( 0.6825000000000000000, -0.07127237034785331700, 0.1053149606299211700 ) ) ;
#3315 = LINE ( 'NONE', #3626, #3889 ) ;
#3316 = LINE ( 'NONE', #2916, #2321 ) ;
#3317 = CARTESIAN_POINT ( 'NONE',  ( 1.031000000000000800, 0.2515788080029212100, 0.09048522344134479800 ) ) ;
#3318 = VERTEX_POINT ( 'NONE', #1367 ) ;
#3319 = EDGE_CURVE ( 'NONE', #4148, #3979, #1937, .T. ) ;
#3320 = CARTESIAN_POINT ( 'NONE',  ( 0.0000000000000000000, 0.0000000000000000000, -0.3600000000000001000 ) ) ;
#3321 = PLANE ( 'NONE',  #1663 ) ;
#3322 = EDGE_LOOP ( 'NONE', ( #41, #53, #3736, #274 ) ) ;
#3323 = EDGE_CURVE ( 'NONE', #3318, #2403, #2141, .T. ) ;
#3324 = ORIENTED_EDGE ( 'NONE', *, *, #3945, .T. ) ;
#3325 = ADVANCED_FACE ( 'NONE', ( #2613 ), #1384, .T. ) ;
#3326 = DIRECTION ( 'NONE',  ( 0.9998476951563913800, -0.01745240643727697900, -0.0000000000000000000 ) ) ;
#3327 = ORIENTED_EDGE ( 'NONE', *, *, #2571, .T. ) ;
#3328 = ORIENTED_EDGE ( 'NONE', *, *, #2555, .T. ) ;
#3329 = EDGE_LOOP ( 'NONE', ( #1841, #3816 ) ) ;
#3330 = EDGE_LOOP ( 'NONE', ( #967, #1753, #890, #2992 ) ) ;
#3331 = CARTESIAN_POINT ( 'NONE',  ( -0.6224999999999999400, 0.2749999999999998600, 0.3157878402833891900 ) ) ;
#3332 = LINE ( 'NONE', #2031, #4169 ) ;
#3333 = EDGE_CURVE ( 'NONE', #4145, #1221, #1886, .T. ) ;
#3334 = CARTESIAN_POINT ( 'NONE',  ( 0.7510000000000000000, 0.5803149606299211600, 0.09948246940511164300 ) ) ;
#3335 = DIRECTION ( 'NONE',  ( 1.000000000000000000, 0.0000000000000000000, -0.0000000000000000000 ) ) ;
#3336 = CARTESIAN_POINT ( 'NONE',  ( 0.7389999999999999900, 0.03937007874015747300, 0.09048522344134479800 ) ) ;
#3337 = VERTEX_POINT ( 'NONE', #2048 ) ;
#3338 = EDGE_CURVE ( 'NONE', #3641, #2945, #2764, .T. ) ;
#3339 = FACE_OUTER_BOUND ( 'NONE', #509, .T. ) ;
#3340 = DIRECTION ( 'NONE',  ( 0.0000000000000000000, 0.0000000000000000000, -1.000000000000000000 ) ) ;
#3341 = AXIS2_PLACEMENT_3D ( 'NONE', #2691, #716, #3019 ) ;
#3342 = VECTOR ( 'NONE', #617, 39.37007874015748100 ) ;
#3343 = ORIENTED_EDGE ( 'NONE', *, *, #2519, .T. ) ;
#3344 = CARTESIAN_POINT ( 'NONE',  ( -0.1085708163636324000, -0.1506818173096967400, 0.3600000000000001000 ) ) ;
#3345 = ORIENTED_EDGE ( 'NONE', *, *, #3473, .F. ) ;
#3346 = LENGTH_MEASURE_WITH_UNIT ( LENGTH_MEASURE( 0.02539999999999999900 ), #421 );
#3347 = FACE_OUTER_BOUND ( 'NONE', #3022, .T. ) ;
#3348 = EDGE_LOOP ( 'NONE', ( #4001, #3380, #144, #2028 ) ) ;
#3349 = LINE ( 'NONE', #446, #2462 ) ;
#3350 = VERTEX_POINT ( 'NONE', #2768 ) ;
#3351 = CIRCLE ( 'NONE', #1023, 0.02499999999999993900 ) ;
#3352 = DIRECTION ( 'NONE',  ( 0.0000000000000000000, 0.0000000000000000000, 1.000000000000000000 ) ) ;
#3353 = EDGE_CURVE ( 'NONE', #2600, #998, #3813, .T. ) ;
#3354 = CARTESIAN_POINT ( 'NONE',  ( 0.6996325098464147900, 0.5619797863362429000, 0.1250000000000000600 ) ) ;
#3355 = LINE ( 'NONE', #4217, #2523 ) ;
#3356 = VERTEX_POINT ( 'NONE', #3119 ) ;
#3357 = DIRECTION ( 'NONE',  ( 0.0000000000000000000, 0.0000000000000000000, 1.000000000000000000 ) ) ;
#3358 = AXIS2_PLACEMENT_3D ( 'NONE', #425, #594, #1902 ) ;
#3359 = CARTESIAN_POINT ( 'NONE',  ( -1.031000000000000800, 0.2787401574803148300, 0.1250000000000000600 ) ) ;
#3360 = DIRECTION ( 'NONE',  ( -0.0000000000000000000, -0.0000000000000000000, -1.000000000000000000 ) ) ;
#3361 = ORIENTED_EDGE ( 'NONE', *, *, #3319, .F. ) ;
#3362 = DIRECTION ( 'NONE',  ( -0.8705807614487531800, 0.4920255458767451900, 0.0000000000000000000 ) ) ;
#3363 = DIRECTION ( 'NONE',  ( 0.0000000000000000000, -1.000000000000000000, 0.0000000000000000000 ) ) ;
#3364 = EDGE_CURVE ( 'NONE', #3117, #3290, #2354, .T. ) ;
#3365 = ORIENTED_EDGE ( 'NONE', *, *, #4158, .F. ) ;
#3366 = DIRECTION ( 'NONE',  ( 0.0000000000000000000, 0.0000000000000000000, -1.000000000000000000 ) ) ;
#3367 = ADVANCED_FACE ( 'NONE', ( #955 ), #2424, .T. ) ;
#3368 = CARTESIAN_POINT ( 'NONE',  ( -0.7450000000000001100, -0.05000000000000000300, -0.3190000000000000100 ) ) ;
#3369 = ORIENTED_EDGE ( 'NONE', *, *, #4237, .F. ) ;
#3370 = DIRECTION ( 'NONE',  ( -0.0000000000000000000, -1.000000000000000000, 0.0000000000000000000 ) ) ;
#3371 = VERTEX_POINT ( 'NONE', #3997 ) ;
#3372 = EDGE_CURVE ( 'NONE', #128, #159, #2039, .T. ) ;
#3373 = VERTEX_POINT ( 'NONE', #4107 ) ;
#3374 = DIRECTION ( 'NONE',  ( -1.000000000000000000, 0.0000000000000000000, 0.0000000000000000000 ) ) ;
#3375 = EDGE_LOOP ( 'NONE', ( #663, #3789, #401, #739 ) ) ;
#3376 = MANIFOLD_SOLID_BREP ( 'Fillet1', #2950 ) ;
#3377 = PLANE ( 'NONE',  #1381 ) ;
#3378 = AXIS2_PLACEMENT_3D ( 'NONE', #2960, #2298, #1307 ) ;
#3379 = ORIENTED_EDGE ( 'NONE', *, *, #3038, .F. ) ;
#3380 = ORIENTED_EDGE ( 'NONE', *, *, #1815, .T. ) ;
#3381 = DIRECTION ( 'NONE',  ( -1.000000000000000000, 0.0000000000000000000, 0.0000000000000000000 ) ) ;
#3382 = VERTEX_POINT ( 'NONE', #3780 ) ;
#3383 = LINE ( 'NONE', #814, #3032 ) ;
#3384 = FACE_OUTER_BOUND ( 'NONE', #4099, .T. ) ;
#3385 = CARTESIAN_POINT ( 'NONE',  ( 1.368721538571910700, 0.1349999999999998100, -0.1249999999999999900 ) ) ;
#3386 = CARTESIAN_POINT ( 'NONE',  ( -0.7450000000000001100, -0.05000000000000000300, -0.3190000000000000100 ) ) ;
#3387 = ADVANCED_FACE ( 'NONE', ( #174 ), #2076, .T. ) ;
#3388 = ORIENTED_EDGE ( 'NONE', *, *, #2726, .F. ) ;
#3389 = LINE ( 'NONE', #922, #3285 ) ;
#3390 = FACE_BOUND ( 'NONE', #3944, .T. ) ;
#3391 = CARTESIAN_POINT ( 'NONE',  ( 1.031000000000000800, 0.2515788080029212100, -0.09948246940511164300 ) ) ;
#3392 = CARTESIAN_POINT ( 'NONE',  ( 1.031000000000000800, 0.2787401574803148300, 0.1250000000000000600 ) ) ;
#3393 = VECTOR ( 'NONE', #1123, 39.37007874015748100 ) ;
#3394 = ORIENTED_EDGE ( 'NONE', *, *, #1659, .F. ) ;
#3395 = LINE ( 'NONE', #2579, #1467 ) ;
#3396 = DIRECTION ( 'NONE',  ( 0.0000000000000000000, 0.0000000000000000000, -1.000000000000000000 ) ) ;
#3397 = CYLINDRICAL_SURFACE ( 'NONE', #2130, 0.01899999999999998900 ) ;
#3398 = ORIENTED_EDGE ( 'NONE', *, *, #2694, .F. ) ;
#3399 = LINE ( 'NONE', #1494, #2946 ) ;
#3400 = ADVANCED_FACE ( 'NONE', ( #3611 ), #1436, .F. ) ;
#3401 = EDGE_CURVE ( 'NONE', #1438, #3337, #1830, .T. ) ;
#3402 = CARTESIAN_POINT ( 'NONE',  ( -0.7510000000000000000, 0.1999999999999999800, 0.1250000000000000300 ) ) ;
#3403 = CYLINDRICAL_SURFACE ( 'NONE', #996, 0.06000000000000004600 ) ;
#3404 = CARTESIAN_POINT ( 'NONE',  ( -0.7389999999999999900, 0.2515788080029211500, -0.09948246940511164300 ) ) ;
#3405 = TOROIDAL_SURFACE ( 'NONE', #2352, 0.05638620723153802600, 0.01574803149606299200 ) ;
#3406 = DIRECTION ( 'NONE',  ( 0.0000000000000000000, 0.0000000000000000000, -1.000000000000000000 ) ) ;
#3407 = LINE ( 'NONE', #2534, #654 ) ;
#3408 = VERTEX_POINT ( 'NONE', #3725 ) ;
#3409 = DIRECTION ( 'NONE',  ( 2.688355662409431300E-032, -1.064665559469244000E-016, -1.000000000000000000 ) ) ;
#3410 = EDGE_CURVE ( 'NONE', #3704, #1287, #850, .T. ) ;
#3411 = ORIENTED_EDGE ( 'NONE', *, *, #220, .T. ) ;
#3412 = DIRECTION ( 'NONE',  ( -1.000000000000000000, 0.0000000000000000000, 0.0000000000000000000 ) ) ;
#3413 = VECTOR ( 'NONE', #1566, 39.37007874015748100 ) ;
#3414 = DIRECTION ( 'NONE',  ( -0.0000000000000000000, -0.0000000000000000000, -1.000000000000000000 ) ) ;
#3415 = DIRECTION ( 'NONE',  ( 0.0000000000000000000, 0.0000000000000000000, 1.000000000000000000 ) ) ;
#3416 = EDGE_CURVE ( 'NONE', #1067, #4018, #1720, .T. ) ;
#3417 = AXIS2_PLACEMENT_3D ( 'NONE', #2693, #62, #3734 ) ;
#3418 = VERTEX_POINT ( 'NONE', #4054 ) ;
#3419 = DIRECTION ( 'NONE',  ( -0.0000000000000000000, -0.0000000000000000000, -1.000000000000000000 ) ) ;
#3420 = EDGE_LOOP ( 'NONE', ( #2524, #4124, #120, #2808 ) ) ;
#3421 = CARTESIAN_POINT ( 'NONE',  ( 0.7510000000000000000, 0.0000000000000000000, 0.1053149606299214300 ) ) ;
#3422 = CYLINDRICAL_SURFACE ( 'NONE', #2527, 0.03999999999999998000 ) ;
#3423 = VERTEX_POINT ( 'NONE', #2108 ) ;
#3424 = CARTESIAN_POINT ( 'NONE',  ( 0.7265285573078407200, 0.5558435179377619900, 0.1250000000000000600 ) ) ;
#3425 = ADVANCED_FACE ( 'NONE', ( #3505 ), #4069, .T. ) ;
#3426 = AXIS2_PLACEMENT_3D ( 'NONE', #3790, #1854, #517 ) ;
#3427 = CARTESIAN_POINT ( 'NONE',  ( 0.0000000000000000000, 0.0000000000000000000, -0.3206299212598426300 ) ) ;
#3428 = CARTESIAN_POINT ( 'NONE',  ( 0.1085708163636324000, 0.1506818173096967400, -0.3206299212598426300 ) ) ;
#3429 = CARTESIAN_POINT ( 'NONE',  ( 0.6794061619119110600, 0.3155805016815091400, 0.3240884528806136100 ) ) ;
#3430 = CARTESIAN_POINT ( 'NONE',  ( -0.6825000000000000000, 0.3349999999999999100, -0.1250000000000000000 ) ) ;
#3431 = ORIENTED_EDGE ( 'NONE', *, *, #1589, .F. ) ;
#3432 = ORIENTED_EDGE ( 'NONE', *, *, #3276, .T. ) ;
#3433 = CARTESIAN_POINT ( 'NONE',  ( 0.7509999999999998900, 0.03937007874015725100, 0.09048522344134479800 ) ) ;
#3434 = DIRECTION ( 'NONE',  ( -0.0000000000000000000, 0.0000000000000000000, -1.000000000000000000 ) ) ;
#3435 = ORIENTED_EDGE ( 'NONE', *, *, #2582, .T. ) ;
#3436 = ORIENTED_EDGE ( 'NONE', *, *, #1723, .T. ) ;
#3437 = DIRECTION ( 'NONE',  ( 1.000000000000000000, -5.485638541494506100E-017, 0.0000000000000000000 ) ) ;
#3438 = CARTESIAN_POINT ( 'NONE',  ( -0.1085708163636324000, 0.0000000000000000000, -0.3600000000000001000 ) ) ;
#3439 = EDGE_CURVE ( 'NONE', #3423, #147, #1521, .T. ) ;
#3440 = CARTESIAN_POINT ( 'NONE',  ( -0.7389999999999999900, 0.03937007874015763900, -0.01899999999999999600 ) ) ;
#3441 = ORIENTED_EDGE ( 'NONE', *, *, #3972, .F. ) ;
#3442 = VECTOR ( 'NONE', #3682, 39.37007874015748100 ) ;
#3443 = AXIS2_PLACEMENT_3D ( 'NONE', #840, #1200, #2557 ) ;
#3444 = DIRECTION ( 'NONE',  ( 1.000000000000000000, 2.525070561829413700E-016, 0.0000000000000000000 ) ) ;
#3445 = ORIENTED_EDGE ( 'NONE', *, *, #2778, .T. ) ;
#3446 = VECTOR ( 'NONE', #748, 39.37007874015748100 ) ;
#3447 = DIRECTION ( 'NONE',  ( 0.0000000000000000000, 0.0000000000000000000, -1.000000000000000000 ) ) ;
#3448 = FACE_OUTER_BOUND ( 'NONE', #2923, .T. ) ;
#3449 = DIRECTION ( 'NONE',  ( 0.0000000000000000000, 1.224955720424438600E-016, -1.000000000000000000 ) ) ;
#3450 = EDGE_LOOP ( 'NONE', ( #3177, #277, #2117, #1450, #1491 ) ) ;
#3451 = LINE ( 'NONE', #3950, #3342 ) ;
#3452 = SURFACE_SIDE_STYLE ('',( #397 ) ) ;
#3453 = DIRECTION ( 'NONE',  ( -1.000000000000000000, -0.0000000000000000000, -0.0000000000000000000 ) ) ;
#3454 = EDGE_CURVE ( 'NONE', #3979, #3782, #3143, .T. ) ;
#3455 = ORIENTED_EDGE ( 'NONE', *, *, #3027, .T. ) ;
#3456 = CARTESIAN_POINT ( 'NONE',  ( -0.6825000000000000000, 0.5999999999999999800, -0.3600000000000003800 ) ) ;
#3457 = VECTOR ( 'NONE', #2638, 39.37007874015748100 ) ;
#3458 = VECTOR ( 'NONE', #2205, 39.37007874015748100 ) ;
#3459 = CARTESIAN_POINT ( 'NONE',  ( 0.7510000000000000000, 0.03937007874015748000, 0.1250000000000000600 ) ) ;
#3460 = EDGE_LOOP ( 'NONE', ( #2790, #3139, #1909, #363 ) ) ;
#3461 = AXIS2_PLACEMENT_3D ( 'NONE', #1787, #773, #1813 ) ;
#3462 = LINE ( 'NONE', #3740, #1578 ) ;
#3463 = CARTESIAN_POINT ( 'NONE',  ( -0.6825000000000000000, 0.3349999999999999100, 0.3250000000000000700 ) ) ;
#3464 = EDGE_CURVE ( 'NONE', #3597, #2435, #1008, .T. ) ;
#3465 = EDGE_CURVE ( 'NONE', #1714, #299, #4287, .T. ) ;
#3466 = ORIENTED_EDGE ( 'NONE', *, *, #3239, .T. ) ;
#3467 = DIRECTION ( 'NONE',  ( 0.0000000000000000000, 0.0000000000000000000, -1.000000000000000000 ) ) ;
#3468 = CARTESIAN_POINT ( 'NONE',  ( 0.6996325098464147900, 0.5619797863362429000, -0.1249999999999999900 ) ) ;
#3469 = CARTESIAN_POINT ( 'NONE',  ( 0.1085708163636324000, -0.1506818173096967400, -0.3600000000000001000 ) ) ;
#3470 = CIRCLE ( 'NONE', #3865, 0.02447144269215796600 ) ;
#3471 = EDGE_LOOP ( 'NONE', ( #3127, #1843, #1471, #3776 ) ) ;
#3472 = ADVANCED_FACE ( 'NONE', ( #2457 ), #1415, .T. ) ;
#3473 = EDGE_CURVE ( 'NONE', #2081, #3318, #3247, .T. ) ;
#3474 = LINE ( 'NONE', #3903, #1644 ) ;
#3475 = CARTESIAN_POINT ( 'NONE',  ( 0.7265285573078407200, 0.5803149606299212700, -0.1249999999999999900 ) ) ;
#3476 = ORIENTED_EDGE ( 'NONE', *, *, #4047, .F. ) ;
#3477 = DIRECTION ( 'NONE',  ( 0.0000000000000000000, 1.000000000000000000, 0.0000000000000000000 ) ) ;
#3478 = CARTESIAN_POINT ( 'NONE',  ( -0.7510000000000000000, 0.2787401574803147200, -0.1250000000000000600 ) ) ;
#3479 = DIRECTION ( 'NONE',  ( -1.000000000000000000, 0.0000000000000000000, 0.0000000000000000000 ) ) ;
#3480 = EDGE_CURVE ( 'NONE', #3641, #2618, #2700, .T. ) ;
#3481 = DIRECTION ( 'NONE',  ( 0.0000000000000000000, -0.0000000000000000000, 1.000000000000000000 ) ) ;
#3482 = ORIENTED_EDGE ( 'NONE', *, *, #1911, .F. ) ;
#3483 = VERTEX_POINT ( 'NONE', #844 ) ;
#3484 = VERTEX_POINT ( 'NONE', #3478 ) ;
#3485 = DIRECTION ( 'NONE',  ( 0.0000000000000000000, -0.0000000000000000000, -1.000000000000000000 ) ) ;
#3486 = ADVANCED_FACE ( 'NONE', ( #692 ), #3149, .T. ) ;
#3487 = ORIENTED_EDGE ( 'NONE', *, *, #3853, .T. ) ;
#3488 = CARTESIAN_POINT ( 'NONE',  ( 0.7389999999999997700, 0.2787401574803147200, -0.09948246940511164300 ) ) ;
#3489 = DIRECTION ( 'NONE',  ( -1.000000000000000000, 0.0000000000000000000, 0.0000000000000000000 ) ) ;
#3490 = ORIENTED_EDGE ( 'NONE', *, *, #2151, .T. ) ;
#3491 = SPHERICAL_SURFACE ( 'NONE', #2689, 0.04330708661417324200 ) ;
#3492 = CARTESIAN_POINT ( 'NONE',  ( 0.8449999999999997500, 0.0000000000000000000, -0.07500000000000002500 ) ) ;
#3493 = VECTOR ( 'NONE', #2294, 39.37007874015748100 ) ;
#3494 = CARTESIAN_POINT ( 'NONE',  ( 0.5968463760646721700, 0.4045009089417488900, -0.1249999999999999900 ) ) ;
#3495 = EDGE_CURVE ( 'NONE', #3520, #2337, #1672, .T. ) ;
#3496 = DIRECTION ( 'NONE',  ( -1.000000000000000000, 0.0000000000000000000, 0.0000000000000000000 ) ) ;
#3497 = ORIENTED_EDGE ( 'NONE', *, *, #3801, .T. ) ;
#3498 = VECTOR ( 'NONE', #2710, 39.37007874015748100 ) ;
#3499 = FACE_OUTER_BOUND ( 'NONE', #3021, .T. ) ;
#3500 = DIRECTION ( 'NONE',  ( 1.000000000000000000, 0.0000000000000000000, -0.0000000000000000000 ) ) ;
#3501 = LINE ( 'NONE', #4096, #596 ) ;
#3502 = EDGE_CURVE ( 'NONE', #456, #3927, #2879, .T. ) ;
#3503 = DIRECTION ( 'NONE',  ( -1.000000000000000000, 0.0000000000000000000, 0.0000000000000000000 ) ) ;
#3504 = ORIENTED_EDGE ( 'NONE', *, *, #1538, .F. ) ;
#3505 = FACE_OUTER_BOUND ( 'NONE', #888, .T. ) ;
#3506 = DIRECTION ( 'NONE',  ( -1.000000000000000000, -2.525070561829413200E-016, -0.0000000000000000000 ) ) ;
#3507 = VERTEX_POINT ( 'NONE', #822 ) ;
#3508 = CARTESIAN_POINT ( 'NONE',  ( 0.7952190705184454300, 0.5599999999999999400, -0.07500000000000002500 ) ) ;
#3509 = ORIENTED_EDGE ( 'NONE', *, *, #451, .F. ) ;
#3510 = LINE ( 'NONE', #2933, #2995 ) ;
#3511 = DIRECTION ( 'NONE',  ( 1.000000000000000000, 0.0000000000000000000, 0.0000000000000000000 ) ) ;
#3512 = LINE ( 'NONE', #992, #3298 ) ;
#3513 = FILL_AREA_STYLE_COLOUR ( '', #1196 ) ;
#3514 = CIRCLE ( 'NONE', #4199, 0.01574803149606299200 ) ;
#3515 = CARTESIAN_POINT ( 'NONE',  ( 0.7510000000000000000, 0.5999999999999999800, 0.07499999999999998300 ) ) ;
#3516 = ADVANCED_FACE ( 'NONE', ( #2138 ), #867, .T. ) ;
#3517 = VECTOR ( 'NONE', #1229, 39.37007874015748100 ) ;
#3518 = VECTOR ( 'NONE', #1883, 39.37007874015748100 ) ;
#3519 = ORIENTED_EDGE ( 'NONE', *, *, #2571, .F. ) ;
#3520 = VERTEX_POINT ( 'NONE', #3133 ) ;
#3521 = DIRECTION ( 'NONE',  ( 0.0000000000000000000, -1.000000000000000000, 0.0000000000000000000 ) ) ;
#3522 = VECTOR ( 'NONE', #2454, 39.37007874015748100 ) ;
#3523 = DIRECTION ( 'NONE',  ( 0.0000000000000000000, 0.0000000000000000000, -1.000000000000000000 ) ) ;
#3524 = CARTESIAN_POINT ( 'NONE',  ( -0.7510000000000000000, 0.2787401574803147200, 0.1250000000000000600 ) ) ;
#3525 = DIRECTION ( 'NONE',  ( 1.000000000000000000, 0.0000000000000000000, -0.0000000000000000000 ) ) ;
#3526 = ORIENTED_EDGE ( 'NONE', *, *, #314, .F. ) ;
#3527 = DIRECTION ( 'NONE',  ( 0.0000000000000000000, -0.0000000000000000000, -1.000000000000000000 ) ) ;
#3528 = AXIS2_PLACEMENT_3D ( 'NONE', #4225, #614, #3253 ) ;
#3529 = CARTESIAN_POINT ( 'NONE',  ( -0.6825000000000000000, 0.5999999999999999800, 0.2787700759417751600 ) ) ;
#3530 = ORIENTED_EDGE ( 'NONE', *, *, #1231, .T. ) ;
#3531 = CARTESIAN_POINT ( 'NONE',  ( 0.7389999999999999900, -0.1210000000000002300, -1.268397002463279700E-017 ) ) ;
#3532 = DIRECTION ( 'NONE',  ( 0.0000000000000000000, 1.000000000000000000, 0.0000000000000000000 ) ) ;
#3533 = AXIS2_PLACEMENT_3D ( 'NONE', #3802, #2777, #3831 ) ;
#3534 = ADVANCED_FACE ( 'NONE', ( #2035 ), #162, .T. ) ;
#3535 = CARTESIAN_POINT ( 'NONE',  ( 0.6056793005852027000, 0.2482104724122009000, -0.1249999999999999900 ) ) ;
#3536 = PLANE ( 'NONE',  #3443 ) ;
#3537 = DIRECTION ( 'NONE',  ( 0.0000000000000000000, 0.0000000000000000000, -1.000000000000000000 ) ) ;
#3538 = ORIENTED_EDGE ( 'NONE', *, *, #3038, .T. ) ;
#3539 = EDGE_LOOP ( 'NONE', ( #2981, #2262, #3882, #3694 ) ) ;
#3540 = DIRECTION ( 'NONE',  ( -1.000000000000000000, 0.0000000000000000000, 0.0000000000000000000 ) ) ;
#3541 = ORIENTED_EDGE ( 'NONE', *, *, #2215, .T. ) ;
#3542 = ORIENTED_EDGE ( 'NONE', *, *, #2375, .F. ) ;
#3543 = AXIS2_PLACEMENT_3D ( 'NONE', #1243, #2961, #1597 ) ;
#3544 = DIRECTION ( 'NONE',  ( 1.000000000000000000, 0.0000000000000000000, 0.0000000000000000000 ) ) ;
#3545 = VERTEX_POINT ( 'NONE', #3807 ) ;
#3546 = EDGE_CURVE ( 'NONE', #3704, #1575, #1147, .T. ) ;
#3547 = CARTESIAN_POINT ( 'NONE',  ( -1.031000000000000800, 0.2515788080029212100, -0.09048522344134479800 ) ) ;
#3548 = LINE ( 'NONE', #2079, #1122 ) ;
#3549 = CARTESIAN_POINT ( 'NONE',  ( -0.8388907272751259200, 0.3499999999999999800, -0.3600000000000003800 ) ) ;
#3550 = DIRECTION ( 'NONE',  ( -1.000000000000000000, 0.0000000000000000000, 0.0000000000000000000 ) ) ;
#3551 = ORIENTED_EDGE ( 'NONE', *, *, #3779, .T. ) ;
#3552 = VECTOR ( 'NONE', #627, 39.37007874015748100 ) ;
#3553 = LINE ( 'NONE', #1999, #2395 ) ;
#3554 = CARTESIAN_POINT ( 'NONE',  ( 0.7389999999999999900, -0.1210000000000002300, 0.01899999999999996800 ) ) ;
#3555 = CARTESIAN_POINT ( 'NONE',  ( 0.0000000000000000000, 0.1999999999999999800, 0.1053149606299212400 ) ) ;
#3556 = EDGE_CURVE ( 'NONE', #1397, #3954, #544, .T. ) ;
#3557 = CARTESIAN_POINT ( 'NONE',  ( 0.0000000000000000000, 0.0000000000000000000, 0.0000000000000000000 ) ) ;
#3558 = VERTEX_POINT ( 'NONE', #1462 ) ;
#3559 = LINE ( 'NONE', #2811, #593 ) ;
#3560 = PLANE ( 'NONE',  #1962 ) ;
#3561 = ADVANCED_FACE ( 'NONE', ( #4115 ), #2134, .F. ) ;
#3562 = AXIS2_PLACEMENT_3D ( 'NONE', #4108, #2120, #474 ) ;
#3563 = VERTEX_POINT ( 'NONE', #3161 ) ;
#3564 = LINE ( 'NONE', #1246, #1777 ) ;
#3565 = VECTOR ( 'NONE', #2911, 39.37007874015748100 ) ;
#3566 = CARTESIAN_POINT ( 'NONE',  ( -0.6763887618247311800, 0.3083273636945290700, 0.3232470667068096900 ) ) ;
#3567 = DIRECTION ( 'NONE',  ( -1.000000000000000000, 2.525070561829413700E-016, 0.0000000000000000000 ) ) ;
#3568 = EDGE_CURVE ( 'NONE', #1810, #3742, #3656, .T. ) ;
#3569 = ORIENTED_EDGE ( 'NONE', *, *, #3140, .F. ) ;
#3570 = CIRCLE ( 'NONE', #1594, 0.05905511811023627500 ) ;
#3571 = FACE_OUTER_BOUND ( 'NONE', #514, .T. ) ;
#3572 = CARTESIAN_POINT ( 'NONE',  ( -0.7510000000000000000, 0.2787401574803147200, 0.1250000000000000600 ) ) ;
#3573 = EDGE_CURVE ( 'NONE', #4007, #4268, #3969, .T. ) ;
#3574 = DIRECTION ( 'NONE',  ( -1.000000000000000000, 0.0000000000000000000, 0.0000000000000000000 ) ) ;
#3575 = CARTESIAN_POINT ( 'NONE',  ( -0.8348096797851539700, 0.5838030541138853300, 0.2840327826789924600 ) ) ;
#3576 = AXIS2_PLACEMENT_3D ( 'NONE', #2496, #3489, #3523 ) ;
#3577 = ORIENTED_EDGE ( 'NONE', *, *, #2506, .T. ) ;
#3578 = CARTESIAN_POINT ( 'NONE',  ( -1.031000000000000800, 0.2515788080029212100, -0.09948246940511164300 ) ) ;
#3579 = CARTESIAN_POINT ( 'NONE',  ( 0.8352129783247008700, 0.5606980962574910100, 0.3600000000000001000 ) ) ;
#3580 = CARTESIAN_POINT ( 'NONE',  ( -0.8352129783247008700, 0.5606980962574910100, -0.3600000000000003800 ) ) ;
#3581 = CIRCLE ( 'NONE', #3562, 0.04134988530312788000 ) ;
#3582 = LINE ( 'NONE', #367, #1796 ) ;
#3583 = DIRECTION ( 'NONE',  ( 1.000000000000000000, 2.525070561829413700E-016, 0.0000000000000000000 ) ) ;
#3584 = CARTESIAN_POINT ( 'NONE',  ( 1.031000000000000800, 0.2515788080029212100, 0.09948246940511164300 ) ) ;
#3585 = DIRECTION ( 'NONE',  ( 0.0000000000000000000, 1.224955720424438600E-016, -1.000000000000000000 ) ) ;
#3586 = CARTESIAN_POINT ( 'NONE',  ( -0.6264866389403355200, 0.2749999999999999700, -0.3157878402833892400 ) ) ;
#3587 = ORIENTED_EDGE ( 'NONE', *, *, #1213, .F. ) ;
#3588 = EDGE_CURVE ( 'NONE', #567, #1705, #3559, .T. ) ;
#3589 = LINE ( 'NONE', #1619, #766 ) ;
#3590 = DIRECTION ( 'NONE',  ( -0.0000000000000000000, -1.000000000000000000, 0.0000000000000000000 ) ) ;
#3591 = VERTEX_POINT ( 'NONE', #2223 ) ;
#3592 = CARTESIAN_POINT ( 'NONE',  ( 0.7389999999999999900, 0.0000000000000000000, -0.1053149606299213800 ) ) ;
#3593 = ORIENTED_EDGE ( 'NONE', *, *, #1793, .T. ) ;
#3594 = DIRECTION ( 'NONE',  ( 1.000000000000000000, -0.0000000000000000000, -0.0000000000000000000 ) ) ;
#3595 = ORIENTED_EDGE ( 'NONE', *, *, #1898, .F. ) ;
#3596 = CARTESIAN_POINT ( 'NONE',  ( -0.1085708163636324000, -0.1506818173096967400, -0.3206299212598426300 ) ) ;
#3597 = VERTEX_POINT ( 'NONE', #3468 ) ;
#3598 = CARTESIAN_POINT ( 'NONE',  ( -0.7389999999999999900, 0.3841299163440908800, -0.06871782983251850700 ) ) ;
#3599 = ORIENTED_EDGE ( 'NONE', *, *, #314, .T. ) ;
#3600 = ORIENTED_EDGE ( 'NONE', *, *, #3004, .F. ) ;
#3601 = CARTESIAN_POINT ( 'NONE',  ( 0.6825000000000000000, 0.3349999999999999100, -0.3600000000000003800 ) ) ;
#3602 = ORIENTED_EDGE ( 'NONE', *, *, #485, .T. ) ;
#3603 = CARTESIAN_POINT ( 'NONE',  ( 0.7104899079217179600, 0.5683149606299212600, 0.1250000000000000600 ) ) ;
#3604 = DIRECTION ( 'NONE',  ( 0.0000000000000000000, 0.0000000000000000000, 1.000000000000000000 ) ) ;
#3605 = EDGE_CURVE ( 'NONE', #1676, #3274, #391, .T. ) ;
#3606 = VERTEX_POINT ( 'NONE', #1234 ) ;
#3607 = CYLINDRICAL_SURFACE ( 'NONE', #3645, 0.03999999999999998000 ) ;
#3608 = CARTESIAN_POINT ( 'NONE',  ( -1.031000000000000800, 0.2515788080029212100, 0.09048522344134479800 ) ) ;
#3609 = FACE_OUTER_BOUND ( 'NONE', #3006, .T. ) ;
#3610 = VERTEX_POINT ( 'NONE', #1222 ) ;
#3611 = FACE_OUTER_BOUND ( 'NONE', #3460, .T. ) ;
#3612 = DIRECTION ( 'NONE',  ( 1.000000000000000000, 0.0000000000000000000, 0.0000000000000000000 ) ) ;
#3613 = ORIENTED_EDGE ( 'NONE', *, *, #2977, .F. ) ;
#3614 = VECTOR ( 'NONE', #1754, 39.37007874015748100 ) ;
#3615 = DIRECTION ( 'NONE',  ( -1.000000000000000000, 0.0000000000000000000, -0.0000000000000000000 ) ) ;
#3616 = EDGE_LOOP ( 'NONE', ( #1969, #1439, #940, #2604 ) ) ;
#3617 = LINE ( 'NONE', #3359, #2094 ) ;
#3618 = AXIS2_PLACEMENT_3D ( 'NONE', #512, #1791, #3156 ) ;
#3619 = VECTOR ( 'NONE', #921, 39.37007874015748100 ) ;
#3620 = LINE ( 'NONE', #4159, #3104 ) ;
#3621 = VERTEX_POINT ( 'NONE', #1903 ) ;
#3622 = DIRECTION ( 'NONE',  ( -1.000000000000000000, 0.0000000000000000000, 0.0000000000000000000 ) ) ;
#3623 = CARTESIAN_POINT ( 'NONE',  ( -0.7294736215309142200, 0.3841299163440908800, 0.0000000000000000000 ) ) ;
#3624 = EDGE_CURVE ( 'NONE', #4226, #3371, #3137, .T. ) ;
#3625 = VERTEX_POINT ( 'NONE', #2882 ) ;
#3626 = CARTESIAN_POINT ( 'NONE',  ( 0.1085708163636324000, 0.0000000000000000000, -0.3600000000000001000 ) ) ;
#3627 = ORIENTED_EDGE ( 'NONE', *, *, #124, .F. ) ;
#3628 = DIRECTION ( 'NONE',  ( -0.0000000000000000000, 0.0000000000000000000, -1.000000000000000000 ) ) ;
#3629 = ORIENTED_EDGE ( 'NONE', *, *, #2519, .F. ) ;
#3630 = CARTESIAN_POINT ( 'NONE',  ( -0.7510000000000000000, 0.3841299163440908800, -0.05638620723153802600 ) ) ;
#3631 = EDGE_CURVE ( 'NONE', #264, #1797, #2935, .T. ) ;
#3632 = VERTEX_POINT ( 'NONE', #2904 ) ;
#3633 = LINE ( 'NONE', #3220, #1284 ) ;
#3634 = DIRECTION ( 'NONE',  ( 0.0000000000000000000, -1.000000000000000000, -1.330831949336555000E-017 ) ) ;
#3635 = EDGE_CURVE ( 'NONE', #2872, #3191, #797, .T. ) ;
#3636 = CARTESIAN_POINT ( 'NONE',  ( 0.5936793005852028000, 0.2482104724122009000, 0.1250000000000000600 ) ) ;
#3637 = ORIENTED_EDGE ( 'NONE', *, *, #3323, .F. ) ;
#3638 = EDGE_CURVE ( 'NONE', #3028, #1081, #3870, .T. ) ;
#3639 = ORIENTED_EDGE ( 'NONE', *, *, #2041, .T. ) ;
#3640 = VERTEX_POINT ( 'NONE', #4204 ) ;
#3641 = VERTEX_POINT ( 'NONE', #3232 ) ;
#3642 = CARTESIAN_POINT ( 'NONE',  ( -0.7510000000000000000, 0.03937007874015763900, 0.01899999999999999600 ) ) ;
#3643 = CARTESIAN_POINT ( 'NONE',  ( 0.7265285573078407200, 0.5683149606299212600, 0.1250000000000000600 ) ) ;
#3644 = VERTEX_POINT ( 'NONE', #3873 ) ;
#3645 = AXIS2_PLACEMENT_3D ( 'NONE', #2115, #542, #2446 ) ;
#3646 = LINE ( 'NONE', #2516, #837 ) ;
#3647 = UNCERTAINTY_MEASURE_WITH_UNIT (LENGTH_MEASURE( 1.000000000000000100E-005 ), #3879, 'distance_accuracy_value', 'NONE');
#3648 = LINE ( 'NONE', #821, #1297 ) ;
#3649 = PLANE ( 'NONE',  #4256 ) ;
#3650 = PLANE ( 'NONE',  #13 ) ;
#3651 = ORIENTED_EDGE ( 'NONE', *, *, #785, .F. ) ;
#3652 = CYLINDRICAL_SURFACE ( 'NONE', #2567, 0.01899999999999998900 ) ;
#3653 = CARTESIAN_POINT ( 'NONE',  ( 0.6808836070401279600, 0.3191161935820782100, -0.3245001814395361800 ) ) ;
#3654 = CARTESIAN_POINT ( 'NONE',  ( 0.0000000000000000000, 0.2787401574803149400, 0.0000000000000000000 ) ) ;
#3655 = EDGE_LOOP ( 'NONE', ( #1378, #2647, #1134, #724 ) ) ;
#3656 = LINE ( 'NONE', #4126, #3094 ) ;
#3657 = PLANE ( 'NONE',  #3947 ) ;
#3658 = DIRECTION ( 'NONE',  ( 1.000000000000000000, 0.0000000000000000000, 0.0000000000000000000 ) ) ;
#3659 = ORIENTED_EDGE ( 'NONE', *, *, #1501, .F. ) ;
#3660 = VECTOR ( 'NONE', #1779, 39.37007874015748100 ) ;
#3661 = CARTESIAN_POINT ( 'NONE',  ( -0.7510000000000000000, 8.308786758271078200E-020, -0.07499999999999999700 ) ) ;
#3662 = VECTOR ( 'NONE', #234, 39.37007874015748100 ) ;
#3663 = ORIENTED_EDGE ( 'NONE', *, *, #2795, .F. ) ;
#3664 = FACE_OUTER_BOUND ( 'NONE', #2659, .T. ) ;
#3665 = AXIS2_PLACEMENT_3D ( 'NONE', #1282, #356, #1006 ) ;
#3666 = FACE_OUTER_BOUND ( 'NONE', #2737, .T. ) ;
#3667 = LINE ( 'NONE', #943, #3768 ) ;
#3668 = EDGE_CURVE ( 'NONE', #1444, #1224, #3242, .T. ) ;
#3669 = CARTESIAN_POINT ( 'NONE',  ( -1.031000000000000800, 0.2787401574803148300, -0.1250000000000000600 ) ) ;
#3670 = VERTEX_POINT ( 'NONE', #574 ) ;
#3671 = CARTESIAN_POINT ( 'NONE',  ( -0.7232519685039369200, 0.3841299163440908800, 0.0000000000000000000 ) ) ;
#3672 = CARTESIAN_POINT ( 'NONE',  ( 0.0000000000000000000, 0.5999999999999999800, -0.2787700759417753900 ) ) ;
#3673 = VERTEX_POINT ( 'NONE', #2236 ) ;
#3674 = DIRECTION ( 'NONE',  ( 1.000000000000000000, -2.525070561829413200E-016, 0.0000000000000000000 ) ) ;
#3675 = CARTESIAN_POINT ( 'NONE',  ( -0.8352129783247008700, 0.5606980962574910100, -0.3600000000000003800 ) ) ;
#3676 = AXIS2_PLACEMENT_3D ( 'NONE', #2121, #1133, #4087 ) ;
#3677 = DIRECTION ( 'NONE',  ( 0.0000000000000000000, -1.224955720424438600E-016, 1.000000000000000000 ) ) ;
#3678 = ORIENTED_EDGE ( 'NONE', *, *, #2559, .T. ) ;
#3679 = EDGE_CURVE ( 'NONE', #1682, #2131, #2809, .T. ) ;
#3680 = DIRECTION ( 'NONE',  ( 0.0000000000000000000, 0.0000000000000000000, 1.000000000000000000 ) ) ;
#3681 = EDGE_CURVE ( 'NONE', #3278, #2044, #1359, .T. ) ;
#3682 = DIRECTION ( 'NONE',  ( -0.0000000000000000000, -0.0000000000000000000, 1.000000000000000000 ) ) ;
#3683 = CARTESIAN_POINT ( 'NONE',  ( -0.7510000000000000000, 0.03937007874015748000, 0.1250000000000000600 ) ) ;
#3684 = ORIENTED_EDGE ( 'NONE', *, *, #1106, .T. ) ;
#3685 = PLANE ( 'NONE',  #1151 ) ;
#3686 = EDGE_CURVE ( 'NONE', #3169, #2569, #386, .T. ) ;
#3687 = EDGE_LOOP ( 'NONE', ( #2175, #979, #3990, #3723 ) ) ;
#3688 = ORIENTED_EDGE ( 'NONE', *, *, #2611, .T. ) ;
#3689 = CARTESIAN_POINT ( 'NONE',  ( 0.6056793005852027000, 0.2482104724122009000, 0.1250000000000000600 ) ) ;
#3690 = ORIENTED_EDGE ( 'NONE', *, *, #3003, .T. ) ;
#3691 = DIRECTION ( 'NONE',  ( -1.000000000000000000, 0.0000000000000000000, 0.0000000000000000000 ) ) ;
#3692 = AXIS2_PLACEMENT_3D ( 'NONE', #2837, #870, #1190 ) ;
#3693 = ORIENTED_EDGE ( 'NONE', *, *, #2346, .T. ) ;
#3694 = ORIENTED_EDGE ( 'NONE', *, *, #4195, .F. ) ;
#3695 = ADVANCED_FACE ( 'NONE', ( #1461 ), #2544, .F. ) ;
#3696 = ORIENTED_EDGE ( 'NONE', *, *, #1897, .T. ) ;
#3697 = CARTESIAN_POINT ( 'NONE',  ( -0.6825000000000000000, 0.3349999999999999100, -0.1249999999999999600 ) ) ;
#3698 = EDGE_CURVE ( 'NONE', #3507, #989, #3922, .T. ) ;
#3699 = SURFACE_STYLE_FILL_AREA ( #1508 ) ;
#3700 = DIRECTION ( 'NONE',  ( 2.525070561829413200E-016, 1.000000000000000000, 0.0000000000000000000 ) ) ;
#3701 = ORIENTED_EDGE ( 'NONE', *, *, #686, .F. ) ;
#3702 = VECTOR ( 'NONE', #3574, 39.37007874015748100 ) ;
#3703 = CARTESIAN_POINT ( 'NONE',  ( 0.7510000000000000000, 0.2515788080029211500, -0.09048522344134479800 ) ) ;
#3704 = VERTEX_POINT ( 'NONE', #1457 ) ;
#3705 = DIRECTION ( 'NONE',  ( 0.0000000000000000000, -0.0000000000000000000, -1.000000000000000000 ) ) ;
#3706 = ORIENTED_EDGE ( 'NONE', *, *, #569, .F. ) ;
#3707 = LINE ( 'NONE', #2220, #804 ) ;
#3708 = PLANE ( 'NONE',  #1099 ) ;
#3709 = ORIENTED_EDGE ( 'NONE', *, *, #1615, .F. ) ;
#3710 = LINE ( 'NONE', #2099, #2045 ) ;
#3711 = VERTEX_POINT ( 'NONE', #2434 ) ;
#3712 = VECTOR ( 'NONE', #1205, 39.37007874015748100 ) ;
#3713 = VECTOR ( 'NONE', #1139, 39.37007874015748100 ) ;
#3714 = EDGE_CURVE ( 'NONE', #3371, #4268, #1002, .T. ) ;
#3715 = PLANE ( 'NONE',  #4285 ) ;
#3716 = LINE ( 'NONE', #2913, #2207 ) ;
#3717 = VECTOR ( 'NONE', #957, 39.37007874015748100 ) ;
#3718 = ORIENTED_EDGE ( 'NONE', *, *, #2007, .T. ) ;
#3719 = ADVANCED_FACE ( 'NONE', ( #4014 ), #1095, .F. ) ;
#3720 = AXIS2_PLACEMENT_3D ( 'NONE', #895, #1172, #3511 ) ;
#3721 = EDGE_CURVE ( 'NONE', #989, #2668, #1931, .T. ) ;
#3722 = CARTESIAN_POINT ( 'NONE',  ( 0.7104899079217181800, 0.5803149606299212700, 0.1250000000000000600 ) ) ;
#3723 = ORIENTED_EDGE ( 'NONE', *, *, #2103, .F. ) ;
#3724 = CIRCLE ( 'NONE', #155, 0.01247144269215929600 ) ;
#3725 = CARTESIAN_POINT ( 'NONE',  ( 0.7389999999999999900, 0.2515788080029211500, -0.09948246940511164300 ) ) ;
#3726 = ORIENTED_EDGE ( 'NONE', *, *, #9, .F. ) ;
#3727 = CARTESIAN_POINT ( 'NONE',  ( 0.8388907272751259200, 0.3500000000000003700, 0.3600000000000001000 ) ) ;
#3728 = EDGE_CURVE ( 'NONE', #1554, #1073, #1882, .T. ) ;
#3729 = ORIENTED_EDGE ( 'NONE', *, *, #2826, .T. ) ;
#3730 = CARTESIAN_POINT ( 'NONE',  ( -0.7352519685039369300, 0.3841299163440908800, -0.05638620723153802600 ) ) ;
#3731 = EDGE_LOOP ( 'NONE', ( #473, #909, #4290, #2168 ) ) ;
#3732 = CARTESIAN_POINT ( 'NONE',  ( 0.6825000000000000000, 0.1999999999999999800, -0.3600000000000003800 ) ) ;
#3733 = DIRECTION ( 'NONE',  ( 0.0000000000000000000, -0.0000000000000000000, -1.000000000000000000 ) ) ;
#3734 = DIRECTION ( 'NONE',  ( -1.000000000000000000, 0.0000000000000000000, 0.0000000000000000000 ) ) ;
#3735 = ORIENTED_EDGE ( 'NONE', *, *, #200, .T. ) ;
#3736 = ORIENTED_EDGE ( 'NONE', *, *, #2836, .T. ) ;
#3737 = CARTESIAN_POINT ( 'NONE',  ( 0.5936793005852026800, 0.3924603339927483800, -0.1249999999999999900 ) ) ;
#3738 = DIRECTION ( 'NONE',  ( -1.000000000000000000, 0.0000000000000000000, 0.0000000000000000000 ) ) ;
#3739 = ORIENTED_EDGE ( 'NONE', *, *, #1504, .F. ) ;
#3740 = CARTESIAN_POINT ( 'NONE',  ( -0.7510000000000000000, 0.5999999999999999800, 0.1250000000000000600 ) ) ;
#3741 = ORIENTED_EDGE ( 'NONE', *, *, #1070, .F. ) ;
#3742 = VERTEX_POINT ( 'NONE', #1757 ) ;
#3743 = EDGE_CURVE ( 'NONE', #2278, #734, #1772, .T. ) ;
#3744 = CARTESIAN_POINT ( 'NONE',  ( -0.6224999999999999400, 0.3349999999999999100, -0.3600000000000003800 ) ) ;
#3745 = ADVANCED_FACE ( 'NONE', ( #2297 ), #3607, .T. ) ;
#3746 = ORIENTED_EDGE ( 'NONE', *, *, #4065, .T. ) ;
#3747 = FACE_OUTER_BOUND ( 'NONE', #2577, .T. ) ;
#3748 = DIRECTION ( 'NONE',  ( 0.0000000000000000000, -1.000000000000000000, 0.0000000000000000000 ) ) ;
#3749 = AXIS2_PLACEMENT_3D ( 'NONE', #3858, #4193, #2547 ) ;
#3750 = VECTOR ( 'NONE', #530, 39.37007874015748100 ) ;
#3751 = CARTESIAN_POINT ( 'NONE',  ( -0.7450000000000001100, -0.02500000000000000100, -0.3190000000000000100 ) ) ;
#3752 = VERTEX_POINT ( 'NONE', #4198 ) ;
#3753 = FACE_OUTER_BOUND ( 'NONE', #2794, .T. ) ;
#3754 = DIRECTION ( 'NONE',  ( 1.000000000000000000, 0.0000000000000000000, -0.0000000000000000000 ) ) ;
#3755 = LINE ( 'NONE', #1495, #1518 ) ;
#3756 = ORIENTED_EDGE ( 'NONE', *, *, #718, .T. ) ;
#3757 = LINE ( 'NONE', #3584, #1992 ) ;
#3758 = CARTESIAN_POINT ( 'NONE',  ( -0.1085708163636324000, 0.1506818173096967400, 0.3600000000000001000 ) ) ;
#3759 = AXIS2_PLACEMENT_3D ( 'NONE', #1388, #2431, #459 ) ;
#3760 = DIRECTION ( 'NONE',  ( 0.01659846625565440700, 0.9509254949162524500, 0.3089744229483086800 ) ) ;
#3761 = ORIENTED_EDGE ( 'NONE', *, *, #2778, .F. ) ;
#3762 = LINE ( 'NONE', #882, #1211 ) ;
#3763 = LINE ( 'NONE', #186, #3662 ) ;
#3764 = CARTESIAN_POINT ( 'NONE',  ( -0.7294736215309142200, 0.3841299163440908800, -0.05425091828883041300 ) ) ;
#3765 = VECTOR ( 'NONE', #2805, 39.37007874015748100 ) ;
#3766 = DIRECTION ( 'NONE',  ( 0.0000000000000000000, -1.000000000000000000, -1.224955720424438600E-016 ) ) ;
#3767 = LINE ( 'NONE', #235, #2412 ) ;
#3768 = VECTOR ( 'NONE', #1596, 39.37007874015748100 ) ;
#3769 = DIRECTION ( 'NONE',  ( 0.0000000000000000000, 1.000000000000000000, 0.0000000000000000000 ) ) ;
#3770 = ADVANCED_FACE ( 'NONE', ( #1306 ), #2760, .F. ) ;
#3771 = EDGE_CURVE ( 'NONE', #945, #3012, #1206, .T. ) ;
#3772 = ORIENTED_EDGE ( 'NONE', *, *, #1209, .T. ) ;
#3773 = ORIENTED_EDGE ( 'NONE', *, *, #628, .F. ) ;
#3774 = DIRECTION ( 'NONE',  ( -1.000000000000000000, 0.0000000000000000000, 0.0000000000000000000 ) ) ;
#3775 = AXIS2_PLACEMENT_3D ( 'NONE', #2195, #2163, #3189 ) ;
#3776 = ORIENTED_EDGE ( 'NONE', *, *, #301, .F. ) ;
#3777 = CARTESIAN_POINT ( 'NONE',  ( -0.7389999999999999900, -1.365923996832131600E-016, -0.1053149606299212400 ) ) ;
#3778 = CARTESIAN_POINT ( 'NONE',  ( 0.7389999999999999900, 0.03937007874015725800, 0.01899999999999999600 ) ) ;
#3779 = EDGE_CURVE ( 'NONE', #1865, #1084, #2090, .T. ) ;
#3780 = CARTESIAN_POINT ( 'NONE',  ( 0.7510000000000000000, 0.5999999999999999800, -0.07499999999999998300 ) ) ;
#3781 = EDGE_CURVE ( 'NONE', #3909, #1158, #3757, .T. ) ;
#3782 = VERTEX_POINT ( 'NONE', #2877 ) ;
#3783 = DIRECTION ( 'NONE',  ( -0.0000000000000000000, 0.0000000000000000000, -1.000000000000000000 ) ) ;
#3784 = AXIS2_PLACEMENT_3D ( 'NONE', #968, #3628, #3937 ) ;
#3785 = PLANE ( 'NONE',  #3618 ) ;
#3786 = CARTESIAN_POINT ( 'NONE',  ( 0.6824999999999998800, 0.3310135300258583200, 0.3250000000000000100 ) ) ;
#3787 = CARTESIAN_POINT ( 'NONE',  ( -0.7510000000000000000, 0.03937007874015748000, -0.01900000000000000600 ) ) ;
#3788 = ADVANCED_FACE ( 'NONE', ( #906 ), #307, .T. ) ;
#3789 = ORIENTED_EDGE ( 'NONE', *, *, #3401, .F. ) ;
#3790 = CARTESIAN_POINT ( 'NONE',  ( 0.7104899079217181800, 0.5558435179377633200, -0.1249999999999999900 ) ) ;
#3791 = ORIENTED_EDGE ( 'NONE', *, *, #2646, .F. ) ;
#3792 = DIRECTION ( 'NONE',  ( 0.0000000000000000000, 0.0000000000000000000, 1.000000000000000000 ) ) ;
#3793 = EDGE_LOOP ( 'NONE', ( #691, #2925, #3002, #3207 ) ) ;
#3794 = FACE_OUTER_BOUND ( 'NONE', #1218, .T. ) ;
#3795 = CARTESIAN_POINT ( 'NONE',  ( 0.6825000000000000000, 0.2787401574803149400, 0.1053149606299211700 ) ) ;
#3796 = EDGE_CURVE ( 'NONE', #115, #682, #1104, .T. ) ;
#3797 = CARTESIAN_POINT ( 'NONE',  ( 1.031000000000000800, 0.2787401574803148300, 0.09948246940511164300 ) ) ;
#3798 = EDGE_LOOP ( 'NONE', ( #329, #429, #2009, #3164 ) ) ;
#3799 = VERTEX_POINT ( 'NONE', #3592 ) ;
#3800 = AXIS2_PLACEMENT_3D ( 'NONE', #2940, #1967, #626 ) ;
#3801 = EDGE_CURVE ( 'NONE', #677, #3012, #488, .T. ) ;
#3802 = CARTESIAN_POINT ( 'NONE',  ( -0.7294736215309142200, 0.3841299163440908800, 0.0000000000000000000 ) ) ;
#3803 = DIRECTION ( 'NONE',  ( 0.0000000000000000000, 0.0000000000000000000, 1.000000000000000000 ) ) ;
#3804 =( NAMED_UNIT ( * ) SI_UNIT ( $, .STERADIAN. ) SOLID_ANGLE_UNIT ( ) );
#3805 = VERTEX_POINT ( 'NONE', #2598 ) ;
#3806 = VECTOR ( 'NONE', #1546, 39.37007874015748100 ) ;
#3807 = CARTESIAN_POINT ( 'NONE',  ( 0.7510000000000000000, 0.2787401574803149400, 0.1053149606299214300 ) ) ;
#3808 = CARTESIAN_POINT ( 'NONE',  ( -0.6224999999999999400, 0.2749999999999999100, -0.3157878402833891900 ) ) ;
#3809 = VECTOR ( 'NONE', #1176, 39.37007874015748100 ) ;
#3810 = EDGE_CURVE ( 'NONE', #14, #3507, #4232, .T. ) ;
#3811 = CARTESIAN_POINT ( 'NONE',  ( 0.7389999999999999900, 0.1999999999999999800, -0.1053149606299213800 ) ) ;
#3812 = EDGE_LOOP ( 'NONE', ( #1611, #190, #2847, #4270 ) ) ;
#3813 = LINE ( 'NONE', #358, #3291 ) ;
#3814 = CARTESIAN_POINT ( 'NONE',  ( 0.5968463760646721700, 0.4045009089417488900, 0.1250000000000000600 ) ) ;
#3815 = LINE ( 'NONE', #3893, #3565 ) ;
#3816 = ORIENTED_EDGE ( 'NONE', *, *, #2734, .F. ) ;
#3817 = CIRCLE ( 'NONE', #500, 0.04134988530312788000 ) ;
#3818 = DIRECTION ( 'NONE',  ( -0.0000000000000000000, -0.0000000000000000000, -1.000000000000000000 ) ) ;
#3819 = ORIENTED_EDGE ( 'NONE', *, *, #576, .T. ) ;
#3820 = VECTOR ( 'NONE', #733, 39.37007874015748100 ) ;
#3821 = DIRECTION ( 'NONE',  ( 0.0000000000000000000, 0.0000000000000000000, -1.000000000000000000 ) ) ;
#3822 = EDGE_CURVE ( 'NONE', #4245, #1776, #3451, .T. ) ;
#3823 = DIRECTION ( 'NONE',  ( 0.0000000000000000000, 0.0000000000000000000, -1.000000000000000000 ) ) ;
#3824 = CARTESIAN_POINT ( 'NONE',  ( 0.7104899079217179600, 0.5683149606299212600, -0.1249999999999999900 ) ) ;
#3825 = DIRECTION ( 'NONE',  ( 1.000000000000000000, 0.0000000000000000000, 0.0000000000000000000 ) ) ;
#3826 = ORIENTED_EDGE ( 'NONE', *, *, #918, .T. ) ;
#3827 = CYLINDRICAL_SURFACE ( 'NONE', #3417, 0.02447144269215919800 ) ;
#3828 = EDGE_LOOP ( 'NONE', ( #76, #1155, #487, #2799 ) ) ;
#3829 = DIRECTION ( 'NONE',  ( -0.0000000000000000000, -0.0000000000000000000, 1.000000000000000000 ) ) ;
#3830 = AXIS2_PLACEMENT_3D ( 'NONE', #2450, #161, #4137 ) ;
#3831 = DIRECTION ( 'NONE',  ( 0.0000000000000000000, 0.0000000000000000000, 1.000000000000000000 ) ) ;
#3832 = ORIENTED_EDGE ( 'NONE', *, *, #991, .T. ) ;
#3833 = ADVANCED_FACE ( 'NONE', ( #445 ), #3279, .T. ) ;
#3834 = CARTESIAN_POINT ( 'NONE',  ( 0.7510000000000000000, 0.5803149606299211600, 0.1250000000000000600 ) ) ;
#3835 = DIRECTION ( 'NONE',  ( -1.000000000000000000, 0.0000000000000000000, 0.0000000000000000000 ) ) ;
#3836 = LINE ( 'NONE', #2176, #980 ) ;
#3837 = DIRECTION ( 'NONE',  ( -0.0000000000000000000, -0.0000000000000000000, 1.000000000000000000 ) ) ;
#3838 = ORIENTED_EDGE ( 'NONE', *, *, #1988, .F. ) ;
#3839 = DIRECTION ( 'NONE',  ( -1.000000000000000000, 0.0000000000000000000, 0.0000000000000000000 ) ) ;
#3840 = EDGE_CURVE ( 'NONE', #2107, #3752, #3088, .T. ) ;
#3841 = DIRECTION ( 'NONE',  ( 0.0000000000000000000, 0.0000000000000000000, -1.000000000000000000 ) ) ;
#3842 =( GEOMETRIC_REPRESENTATION_CONTEXT ( 3 ) GLOBAL_UNCERTAINTY_ASSIGNED_CONTEXT ( ( #1250 ) ) GLOBAL_UNIT_ASSIGNED_CONTEXT ( ( #881, #612, #2918 ) ) REPRESENTATION_CONTEXT ( 'NONE', 'WORKASPACE' ) );
#3843 = ORIENTED_EDGE ( 'NONE', *, *, #1857, .F. ) ;
#3844 = CARTESIAN_POINT ( 'NONE',  ( -0.7510000000000000000, -0.07127237034785331700, 0.1053149606299212400 ) ) ;
#3845 = EDGE_CURVE ( 'NONE', #1797, #3290, #77, .T. ) ;
#3846 = ORIENTED_EDGE ( 'NONE', *, *, #3866, .T. ) ;
#3847 = ORIENTED_EDGE ( 'NONE', *, *, #250, .T. ) ;
#3848 = ORIENTED_EDGE ( 'NONE', *, *, #1264, .T. ) ;
#3849 = ORIENTED_EDGE ( 'NONE', *, *, #4231, .F. ) ;
#3850 = DIRECTION ( 'NONE',  ( 0.0000000000000000000, -1.000000000000000000, -1.224955720424438600E-016 ) ) ;
#3851 = CARTESIAN_POINT ( 'NONE',  ( -0.7510000000000000000, 0.5999999999999999800, -0.1249999999999999300 ) ) ;
#3852 = CARTESIAN_POINT ( 'NONE',  ( 0.6056793005852027000, 0.2482104724122009000, -0.1249999999999999900 ) ) ;
#3853 = EDGE_CURVE ( 'NONE', #886, #3356, #3134, .T. ) ;
#3854 = ORIENTED_EDGE ( 'NONE', *, *, #918, .F. ) ;
#3855 = VECTOR ( 'NONE', #1748, 39.37007874015748100 ) ;
#3856 = CARTESIAN_POINT ( 'NONE',  ( 0.6825000000000000000, 0.3349999999999999100, 0.1250000000000000000 ) ) ;
#3857 = VECTOR ( 'NONE', #3020, 39.37007874015748100 ) ;
#3858 = CARTESIAN_POINT ( 'NONE',  ( -0.7399327290047749100, 0.3841299163440908800, 0.0000000000000000000 ) ) ;
#3859 = LINE ( 'NONE', #1059, #2085 ) ;
#3860 = ADVANCED_FACE ( 'NONE', ( #1202 ), #1910, .F. ) ;
#3861 = ORIENTED_EDGE ( 'NONE', *, *, #2525, .T. ) ;
#3862 = CIRCLE ( 'NONE', #1138, 0.02447144269215796600 ) ;
#3863 = LINE ( 'NONE', #1009, #1666 ) ;
#3864 = DIRECTION ( 'NONE',  ( 0.0000000000000000000, 1.000000000000000000, 0.0000000000000000000 ) ) ;
#3865 = AXIS2_PLACEMENT_3D ( 'NONE', #4057, #1698, #4033 ) ;
#3866 = EDGE_CURVE ( 'NONE', #423, #3632, #3965, .T. ) ;
#3867 = VECTOR ( 'NONE', #4058, 39.37007874015748100 ) ;
#3868 = CARTESIAN_POINT ( 'NONE',  ( -0.6794061619119110600, 0.3155805016815091400, 0.3240884528806136100 ) ) ;
#3869 = ORIENTED_EDGE ( 'NONE', *, *, #2844, .T. ) ;
#3870 = LINE ( 'NONE', #1536, #3702 ) ;
#3871 = CARTESIAN_POINT ( 'NONE',  ( 1.031000000000000800, 0.2787401574803148300, 0.1250000000000000600 ) ) ;
#3872 = EDGE_CURVE ( 'NONE', #1221, #4296, #2651, .T. ) ;
#3873 = CARTESIAN_POINT ( 'NONE',  ( 0.7389999999999999900, 0.1999999999999999800, 0.1053149606299213800 ) ) ;
#3874 = ORIENTED_EDGE ( 'NONE', *, *, #3631, .F. ) ;
#3875 = CIRCLE ( 'NONE', #1110, 0.02447144269215919800 ) ;
#3876 = CARTESIAN_POINT ( 'NONE',  ( 0.5968463760646721700, 0.4045009089417488900, 0.1250000000000000600 ) ) ;
#3877 = AXIS2_PLACEMENT_3D ( 'NONE', #3601, #296, #3956 ) ;
#3878 = VECTOR ( 'NONE', #3222, 39.37007874015748100 ) ;
#3879 =( CONVERSION_BASED_UNIT ( 'INCH', #1759 ) LENGTH_UNIT ( ) NAMED_UNIT ( #2643 ) );
#3880 = CARTESIAN_POINT ( 'NONE',  ( 0.8352129783247008700, 0.5606980962574910100, 0.2915400385671660400 ) ) ;
#3881 = LINE ( 'NONE', #1614, #3048 ) ;
#3882 = ORIENTED_EDGE ( 'NONE', *, *, #2627, .F. ) ;
#3883 = FACE_OUTER_BOUND ( 'NONE', #3450, .T. ) ;
#3884 = DIRECTION ( 'NONE',  ( -1.000000000000000000, 0.0000000000000000000, -3.738843057022260000E-015 ) ) ;
#3885 = CARTESIAN_POINT ( 'NONE',  ( 0.7510000000000000000, 0.2787401574803149400, -0.1250000000000001700 ) ) ;
#3886 = ADVANCED_FACE ( 'NONE', ( #1409 ), #1300, .T. ) ;
#3887 = DIRECTION ( 'NONE',  ( -1.000000000000000000, -0.0000000000000000000, 0.0000000000000000000 ) ) ;
#3888 = EDGE_LOOP ( 'NONE', ( #1701, #2013, #3185, #396 ) ) ;
#3889 = VECTOR ( 'NONE', #325, 39.37007874015748100 ) ;
#3890 = ORIENTED_EDGE ( 'NONE', *, *, #4120, .F. ) ;
#3891 = DIRECTION ( 'NONE',  ( 1.000000000000000000, 0.0000000000000000000, 0.0000000000000000000 ) ) ;
#3892 = DIRECTION ( 'NONE',  ( -0.0000000000000000000, -0.0000000000000000000, 1.000000000000000000 ) ) ;
#3893 = CARTESIAN_POINT ( 'NONE',  ( -0.7510000000000000000, 0.2787401574803147200, 0.1250000000000000600 ) ) ;
#3894 = EDGE_CURVE ( 'NONE', #1251, #1248, #3389, .T. ) ;
#3895 = EDGE_CURVE ( 'NONE', #584, #2107, #2448, .T. ) ;
#3896 = CIRCLE ( 'NONE', #84, 0.02447144269215796600 ) ;
#3897 = DIRECTION ( 'NONE',  ( 0.0000000000000000000, 1.000000000000000000, 0.0000000000000000000 ) ) ;
#3898 = VERTEX_POINT ( 'NONE', #958 ) ;
#3899 = DIRECTION ( 'NONE',  ( 0.0000000000000000000, 0.0000000000000000000, -1.000000000000000000 ) ) ;
#3900 = EDGE_CURVE ( 'NONE', #3621, #1997, #1458, .T. ) ;
#3901 = DIRECTION ( 'NONE',  ( 0.0000000000000000000, 1.000000000000000000, 0.0000000000000000000 ) ) ;
#3902 = ORIENTED_EDGE ( 'NONE', *, *, #1800, .F. ) ;
#3903 = CARTESIAN_POINT ( 'NONE',  ( 0.7510000000000000000, 0.2787401574803147200, 0.1250000000000000600 ) ) ;
#3904 = ORIENTED_EDGE ( 'NONE', *, *, #3605, .F. ) ;
#3905 = APPLICATION_PROTOCOL_DEFINITION ( 'draft international standard', 'automotive_design', 1998, #1605 ) ;
#3906 = CARTESIAN_POINT ( 'NONE',  ( -0.7450000000000001100, 0.0000000000000000000, -0.2940000000000000400 ) ) ;
#3907 = CARTESIAN_POINT ( 'NONE',  ( -0.7389999999999999900, -0.1209999999999998400, 0.01899999999999997900 ) ) ;
#3908 = ADVANCED_FACE ( 'NONE', ( #2292 ), #3321, .F. ) ;
#3909 = VERTEX_POINT ( 'NONE', #10 ) ;
#3910 = ORIENTED_EDGE ( 'NONE', *, *, #9, .T. ) ;
#3911 = FACE_OUTER_BOUND ( 'NONE', #2037, .T. ) ;
#3912 = VERTEX_POINT ( 'NONE', #345 ) ;
#3913 = EDGE_CURVE ( 'NONE', #2329, #1165, #1715, .T. ) ;
#3914 = CARTESIAN_POINT ( 'NONE',  ( -0.6527881591473028200, 0.2826213651569630100, 0.3180446628318844300 ) ) ;
#3915 = DIRECTION ( 'NONE',  ( -1.000000000000000000, -2.525070561829413200E-016, -0.0000000000000000000 ) ) ;
#3916 = LINE ( 'NONE', #3385, #638 ) ;
#3917 = CARTESIAN_POINT ( 'NONE',  ( -0.6224999999999999400, 0.2749999999999999100, -0.3600000000000003800 ) ) ;
#3918 = CARTESIAN_POINT ( 'NONE',  ( -0.7232519685039369200, 0.3841299163440908800, 0.0000000000000000000 ) ) ;
#3919 = EDGE_CURVE ( 'NONE', #1201, #1096, #2504, .T. ) ;
#3920 = DIRECTION ( 'NONE',  ( 1.000000000000000000, -2.525070561829413200E-016, -0.0000000000000000000 ) ) ;
#3921 = ORIENTED_EDGE ( 'NONE', *, *, #3945, .F. ) ;
#3922 = LINE ( 'NONE', #240, #2565 ) ;
#3923 = LINE ( 'NONE', #2820, #3809 ) ;
#3924 = PRESENTATION_STYLE_ASSIGNMENT (( #2749 ) ) ;
#3925 = VECTOR ( 'NONE', #851, 39.37007874015748100 ) ;
#3926 = DIRECTION ( 'NONE',  ( 0.0000000000000000000, 0.0000000000000000000, 1.000000000000000000 ) ) ;
#3927 = VERTEX_POINT ( 'NONE', #1674 ) ;
#3928 = FACE_OUTER_BOUND ( 'NONE', #3284, .T. ) ;
#3929 = ORIENTED_EDGE ( 'NONE', *, *, #1037, .F. ) ;
#3930 = VECTOR ( 'NONE', #949, 39.37007874015748100 ) ;
#3931 = CARTESIAN_POINT ( 'NONE',  ( -0.6224999999999999400, 0.3349999999999999100, -0.3600000000000003800 ) ) ;
#3932 = CARTESIAN_POINT ( 'NONE',  ( -0.6824999999999998800, 0.3270272077259190900, -0.3250000000000000100 ) ) ;
#3933 =( LENGTH_UNIT ( ) NAMED_UNIT ( * ) SI_UNIT ( $, .METRE. ) );
#3934 = AXIS2_PLACEMENT_3D ( 'NONE', #2784, #3837, #531 ) ;
#3935 = VECTOR ( 'NONE', #3634, 39.37007874015748100 ) ;
#3936 = ORIENTED_EDGE ( 'NONE', *, *, #3631, .T. ) ;
#3937 = DIRECTION ( 'NONE',  ( -1.000000000000000000, 0.0000000000000000000, 0.0000000000000000000 ) ) ;
#3938 = CARTESIAN_POINT ( 'NONE',  ( -0.6224999999999999400, 0.2749999999999999100, -0.3600000000000003800 ) ) ;
#3939 = ORIENTED_EDGE ( 'NONE', *, *, #1116, .T. ) ;
#3940 = CARTESIAN_POINT ( 'NONE',  ( 0.1085708163636324000, 0.1506818173096967400, -0.3600000000000001000 ) ) ;
#3941 = DIRECTION ( 'NONE',  ( -0.0000000000000000000, -1.000000000000000000, -1.224955720424438600E-016 ) ) ;
#3942 = CARTESIAN_POINT ( 'NONE',  ( -0.7389999999999999900, 0.03937007874015763900, -0.01899999999999999600 ) ) ;
#3943 = ADVANCED_FACE ( 'NONE', ( #1766 ), #1339, .F. ) ;
#3944 = EDGE_LOOP ( 'NONE', ( #3599, #3678 ) ) ;
#3945 = EDGE_CURVE ( 'NONE', #343, #366, #2560, .T. ) ;
#3946 = CARTESIAN_POINT ( 'NONE',  ( 0.7265285573078407200, 0.5558435179377619900, 0.1250000000000000600 ) ) ;
#3947 = AXIS2_PLACEMENT_3D ( 'NONE', #2343, #2325, #1639 ) ;
#3948 = EDGE_CURVE ( 'NONE', #2001, #3274, #4280, .T. ) ;
#3949 = ORIENTED_EDGE ( 'NONE', *, *, #2885, .T. ) ;
#3950 = CARTESIAN_POINT ( 'NONE',  ( -0.1085708163636324000, 0.0000000000000000000, -0.3600000000000001000 ) ) ;
#3951 = ORIENTED_EDGE ( 'NONE', *, *, #2392, .T. ) ;
#3952 = EDGE_CURVE ( 'NONE', #14, #1278, #1612, .T. ) ;
#3953 = DIRECTION ( 'NONE',  ( -0.0000000000000000000, -0.0000000000000000000, -1.000000000000000000 ) ) ;
#3954 = VERTEX_POINT ( 'NONE', #3336 ) ;
#3955 = ORIENTED_EDGE ( 'NONE', *, *, #1700, .T. ) ;
#3956 = DIRECTION ( 'NONE',  ( 0.0000000000000000000, 0.0000000000000000000, -1.000000000000000000 ) ) ;
#3957 = CARTESIAN_POINT ( 'NONE',  ( -0.6825000000000000000, 0.3499999999999999800, 0.3600000000000002600 ) ) ;
#3958 = ORIENTED_EDGE ( 'NONE', *, *, #1106, .F. ) ;
#3959 = CARTESIAN_POINT ( 'NONE',  ( 0.5968463760646721700, 0.4045009089417488900, 0.1250000000000000600 ) ) ;
#3960 = VECTOR ( 'NONE', #2178, 39.37007874015748100 ) ;
#3961 = CIRCLE ( 'NONE', #1208, 0.06000000000000004600 ) ;
#3962 = PLANE ( 'NONE',  #3800 ) ;
#3963 = DIRECTION ( 'NONE',  ( -1.000000000000000000, 0.0000000000000000000, 0.0000000000000000000 ) ) ;
#3964 = ORIENTED_EDGE ( 'NONE', *, *, #2390, .T. ) ;
#3965 = LINE ( 'NONE', #1900, #2344 ) ;
#3966 = DIRECTION ( 'NONE',  ( -0.0000000000000000000, -0.0000000000000000000, -1.000000000000000000 ) ) ;
#3967 = ORIENTED_EDGE ( 'NONE', *, *, #718, .F. ) ;
#3968 = EDGE_LOOP ( 'NONE', ( #3324, #4127, #982, #2843 ) ) ;
#3969 = LINE ( 'NONE', #2194, #2200 ) ;
#3970 = CARTESIAN_POINT ( 'NONE',  ( 0.7265285573078407200, 0.5803149606299212700, -0.1249999999999999900 ) ) ;
#3971 = CARTESIAN_POINT ( 'NONE',  ( -0.7510000000000000000, -0.1209999999999998400, 0.01899999999999997900 ) ) ;
#3972 = EDGE_CURVE ( 'NONE', #2444, #2644, #2873, .T. ) ;
#3973 = ORIENTED_EDGE ( 'NONE', *, *, #2021, .T. ) ;
#3974 = CYLINDRICAL_SURFACE ( 'NONE', #1694, 0.01247144269215799900 ) ;
#3975 = AXIS2_PLACEMENT_3D ( 'NONE', #1194, #919, #3884 ) ;
#3976 = VECTOR ( 'NONE', #1819, 39.37007874015748100 ) ;
#3977 = VECTOR ( 'NONE', #1473, 39.37007874015748100 ) ;
#3978 = FACE_OUTER_BOUND ( 'NONE', #3968, .T. ) ;
#3979 = VERTEX_POINT ( 'NONE', #372 ) ;
#3980 = CARTESIAN_POINT ( 'NONE',  ( 0.0000000000000000000, 0.2787401574803149400, 0.0000000000000000000 ) ) ;
#3981 = DIRECTION ( 'NONE',  ( 1.000000000000000000, 0.0000000000000000000, -0.0000000000000000000 ) ) ;
#3982 = ORIENTED_EDGE ( 'NONE', *, *, #832, .T. ) ;
#3983 = LINE ( 'NONE', #532, #1535 ) ;
#3984 = DIRECTION ( 'NONE',  ( -1.000000000000000000, -0.0000000000000000000, 3.738843057022260000E-015 ) ) ;
#3985 = AXIS2_PLACEMENT_3D ( 'NONE', #1767, #3481, #1482 ) ;
#3986 = CARTESIAN_POINT ( 'NONE',  ( -0.7389999999999997700, 0.2787401574803147200, -0.09948246940511164300 ) ) ;
#3987 = CARTESIAN_POINT ( 'NONE',  ( 0.6824999999999998800, 0.3270272077259190900, -0.3250000000000000100 ) ) ;
#3988 = ORIENTED_EDGE ( 'NONE', *, *, #1876, .F. ) ;
#3989 = COLOUR_RGB ( '',0.7921568627450980000, 0.8196078431372548800, 0.9333333333333333500 ) ;
#3990 = ORIENTED_EDGE ( 'NONE', *, *, #4101, .F. ) ;
#3991 = DIRECTION ( 'NONE',  ( -0.0000000000000000000, 1.000000000000000000, -0.0000000000000000000 ) ) ;
#3992 = CARTESIAN_POINT ( 'NONE',  ( -0.1085708163636324000, 0.0000000000000000000, -0.3206299212598426300 ) ) ;
#3993 = DIRECTION ( 'NONE',  ( 0.0000000000000000000, 0.0000000000000000000, 1.000000000000000000 ) ) ;
#3994 = PLANE ( 'NONE',  #2852 ) ;
#3995 = AXIS2_PLACEMENT_3D ( 'NONE', #2835, #1505, #2964 ) ;
#3996 = ORIENTED_EDGE ( 'NONE', *, *, #3003, .F. ) ;
#3997 = CARTESIAN_POINT ( 'NONE',  ( 0.7510000000000000000, -0.1210000000000002300, 0.01899999999999996800 ) ) ;
#3998 = CARTESIAN_POINT ( 'NONE',  ( 0.7265285573078407200, 0.5683149606299212600, -0.1249999999999999900 ) ) ;
#3999 = ORIENTED_EDGE ( 'NONE', *, *, #3502, .T. ) ;
#4000 = ADVANCED_FACE ( 'NONE', ( #538 ), #3652, .T. ) ;
#4001 = ORIENTED_EDGE ( 'NONE', *, *, #839, .F. ) ;
#4002 = DIRECTION ( 'NONE',  ( -0.4920255458767451900, -0.8705807614487531800, 0.0000000000000000000 ) ) ;
#4003 = VERTEX_POINT ( 'NONE', #3642 ) ;
#4004 = VECTOR ( 'NONE', #1102, 39.37007874015748100 ) ;
#4005 = EDGE_CURVE ( 'NONE', #3191, #448, #2752, .T. ) ;
#4006 = CARTESIAN_POINT ( 'NONE',  ( -0.7450000000000001100, -0.02500000000000000100, -0.3190000000000000100 ) ) ;
#4007 = VERTEX_POINT ( 'NONE', #693 ) ;
#4008 = AXIS2_PLACEMENT_3D ( 'NONE', #2563, #579, #2910 ) ;
#4009 = CARTESIAN_POINT ( 'NONE',  ( 0.7389999999999997700, 0.2787401574803147200, -0.1250000000000000600 ) ) ;
#4010 = SPHERICAL_SURFACE ( 'NONE', #2114, 0.05905511811023624000 ) ;
#4011 = VECTOR ( 'NONE', #75, 39.37007874015748100 ) ;
#4012 = CARTESIAN_POINT ( 'NONE',  ( 0.6825000000000000000, 0.2787401574803149400, 0.1249999999999999200 ) ) ;
#4013 = EDGE_LOOP ( 'NONE', ( #2062, #2521, #942, #3432 ) ) ;
#4014 = FACE_OUTER_BOUND ( 'NONE', #3281, .T. ) ;
#4015 = DIRECTION ( 'NONE',  ( -0.0000000000000000000, 0.0000000000000000000, -1.000000000000000000 ) ) ;
#4016 = DIRECTION ( 'NONE',  ( 0.0000000000000000000, -1.000000000000000000, 0.0000000000000000000 ) ) ;
#4017 = LINE ( 'NONE', #2180, #394 ) ;
#4018 = VERTEX_POINT ( 'NONE', #1294 ) ;
#4019 = VECTOR ( 'NONE', #1763, 39.37007874015748100 ) ;
#4020 = EDGE_CURVE ( 'NONE', #886, #1285, #339, .T. ) ;
#4021 = DIRECTION ( 'NONE',  ( -0.0000000000000000000, -0.0000000000000000000, -1.000000000000000000 ) ) ;
#4022 = VECTOR ( 'NONE', #2548, 39.37007874015748100 ) ;
#4023 = ADVANCED_FACE ( 'NONE', ( #3753 ), #3023, .F. ) ;
#4024 = DIRECTION ( 'NONE',  ( -0.01745240643727697500, -0.9998476951563912700, 0.0000000000000000000 ) ) ;
#4025 = EDGE_LOOP ( 'NONE', ( #1711, #901, #2891, #1818 ) ) ;
#4026 = LINE ( 'NONE', #4039, #3153 ) ;
#4027 = MECHANICAL_DESIGN_GEOMETRIC_PRESENTATION_REPRESENTATION (  '', ( #1624 ), #4160 ) ;
#4028 = ORIENTED_EDGE ( 'NONE', *, *, #2327, .F. ) ;
#4029 = CIRCLE ( 'NONE', #3033, 0.05425091828883041300 ) ;
#4030 = EDGE_CURVE ( 'NONE', #1926, #3028, #2608, .T. ) ;
#4031 = CARTESIAN_POINT ( 'NONE',  ( 1.368721538571910700, 0.1149999999999998400, -0.1250000000000000000 ) ) ;
#4032 = FACE_OUTER_BOUND ( 'NONE', #289, .T. ) ;
#4033 = DIRECTION ( 'NONE',  ( -1.000000000000000000, 0.0000000000000000000, 0.0000000000000000000 ) ) ;
#4034 = VECTOR ( 'NONE', #3622, 39.37007874015748100 ) ;
#4035 = EDGE_LOOP ( 'NONE', ( #330, #3044, #1959, #1764 ) ) ;
#4036 = PLANE ( 'NONE',  #2476 ) ;
#4037 = EDGE_CURVE ( 'NONE', #3117, #2889, #1515, .T. ) ;
#4038 = VECTOR ( 'NONE', #2472, 39.37007874015748100 ) ;
#4039 = CARTESIAN_POINT ( 'NONE',  ( -0.7389999999999999900, 0.5803149606299211600, -0.1249999999999999300 ) ) ;
#4040 = ORIENTED_EDGE ( 'NONE', *, *, #279, .F. ) ;
#4041 = CARTESIAN_POINT ( 'NONE',  ( -0.6224999999999999400, 0.3349999999999999100, -0.3600000000000003800 ) ) ;
#4042 = DIRECTION ( 'NONE',  ( -0.01745240643727697200, -0.9998476951563912700, 0.0000000000000000000 ) ) ;
#4043 = ORIENTED_EDGE ( 'NONE', *, *, #2551, .T. ) ;
#4044 = CARTESIAN_POINT ( 'NONE',  ( -0.6825000000000000000, 0.3349999999999999100, -0.3600000000000003800 ) ) ;
#4045 = CARTESIAN_POINT ( 'NONE',  ( 0.8352129783247008700, 0.5606980962574910100, -0.2915400385671661500 ) ) ;
#4046 = ADVANCED_FACE ( 'NONE', ( #902 ), #3101, .F. ) ;
#4047 = EDGE_CURVE ( 'NONE', #941, #682, #2193, .T. ) ;
#4048 = DIRECTION ( 'NONE',  ( -0.0000000000000000000, 0.0000000000000000000, -1.000000000000000000 ) ) ;
#4049 = AXIS2_PLACEMENT_3D ( 'NONE', #2026, #4015, #2656 ) ;
#4050 = ORIENTED_EDGE ( 'NONE', *, *, #2118, .F. ) ;
#4051 = ORIENTED_EDGE ( 'NONE', *, *, #3338, .T. ) ;
#4052 = DIRECTION ( 'NONE',  ( 8.516452750778373100E-015, 1.000000000000000000, -0.0000000000000000000 ) ) ;
#4053 = AXIS2_PLACEMENT_3D ( 'NONE', #2156, #1148, #3178 ) ;
#4054 = CARTESIAN_POINT ( 'NONE',  ( -0.7510000000000000000, 0.2787401574803149400, -0.1053149606299212400 ) ) ;
#4055 = ORIENTED_EDGE ( 'NONE', *, *, #1751, .T. ) ;
#4056 = EDGE_LOOP ( 'NONE', ( #2585, #592, #987, #640 ) ) ;
#4057 = CARTESIAN_POINT ( 'NONE',  ( 0.7104899079217181800, 0.5558435179377633200, -0.1249999999999999900 ) ) ;
#4058 = DIRECTION ( 'NONE',  ( 0.0000000000000000000, -0.0000000000000000000, -1.000000000000000000 ) ) ;
#4059 = VERTEX_POINT ( 'NONE', #2370 ) ;
#4060 = CARTESIAN_POINT ( 'NONE',  ( 0.6891855407090297100, 0.5678840928867638900, -0.1249999999999999900 ) ) ;
#4061 = ORIENTED_EDGE ( 'NONE', *, *, #2033, .T. ) ;
#4062 = LINE ( 'NONE', #3697, #1877 ) ;
#4063 = CIRCLE ( 'NONE', #2731, 0.05425091828883041300 ) ;
#4064 = CARTESIAN_POINT ( 'NONE',  ( 0.7104899079217179600, 0.5683149606299212600, 0.1250000000000000600 ) ) ;
#4065 = EDGE_CURVE ( 'NONE', #1776, #1195, #2394, .T. ) ;
#4066 = FACE_OUTER_BOUND ( 'NONE', #2670, .T. ) ;
#4067 = CARTESIAN_POINT ( 'NONE',  ( -0.8352129783247008700, 0.5606980962574910100, -0.3600000000000003800 ) ) ;
#4068 = ORIENTED_EDGE ( 'NONE', *, *, #1116, .F. ) ;
#4069 = CYLINDRICAL_SURFACE ( 'NONE', #4240, 0.02499999999999997400 ) ;
#4070 = CARTESIAN_POINT ( 'NONE',  ( -0.7294736215309142200, 0.3298789980552605000, 0.0000000000000000000 ) ) ;
#4071 = ORIENTED_EDGE ( 'NONE', *, *, #3681, .T. ) ;
#4072 = LINE ( 'NONE', #927, #85 ) ;
#4073 = DIRECTION ( 'NONE',  ( -1.000000000000000000, 2.525070561829413700E-016, 0.0000000000000000000 ) ) ;
#4074 = ADVANCED_FACE ( 'NONE', ( #3339 ), #4010, .T. ) ;
#4075 = EDGE_CURVE ( 'NONE', #1340, #3356, #439, .T. ) ;
#4076 = CARTESIAN_POINT ( 'NONE',  ( -1.031000000000000800, 0.2787401574803148300, -0.1250000000000000600 ) ) ;
#4077 = VECTOR ( 'NONE', #623, 39.37007874015748100 ) ;
#4078 = LINE ( 'NONE', #2973, #862 ) ;
#4079 = DIRECTION ( 'NONE',  ( 1.000000000000000000, 0.0000000000000000000, 0.0000000000000000000 ) ) ;
#4080 = LINE ( 'NONE', #2895, #3517 ) ;
#4081 = EDGE_CURVE ( 'NONE', #3028, #2337, #4062, .T. ) ;
#4082 = AXIS2_PLACEMENT_3D ( 'NONE', #3162, #3479, #1492 ) ;
#4083 = EDGE_CURVE ( 'NONE', #741, #3805, #1564, .T. ) ;
#4084 = DIRECTION ( 'NONE',  ( 0.0000000000000000000, 1.000000000000000000, 1.224955720424438600E-016 ) ) ;
#4085 = ORIENTED_EDGE ( 'NONE', *, *, #587, .F. ) ;
#4086 = PLANE ( 'NONE',  #615 ) ;
#4087 = DIRECTION ( 'NONE',  ( 0.0000000000000000000, -1.224955720424438600E-016, 1.000000000000000000 ) ) ;
#4088 = PLANE ( 'NONE',  #58 ) ;
#4089 = DIRECTION ( 'NONE',  ( 0.0000000000000000000, 1.000000000000000000, 0.0000000000000000000 ) ) ;
#4090 = CARTESIAN_POINT ( 'NONE',  ( 0.6805697955900481500, 0.3194020319167261700, 0.3244280871259778700 ) ) ;
#4091 = CIRCLE ( 'NONE', #3720, 0.03999999999999998000 ) ;
#4092 = ADVANCED_FACE ( 'NONE', ( #3238 ), #4036, .T. ) ;
#4093 = DIRECTION ( 'NONE',  ( 0.0000000000000000000, -0.0000000000000000000, -1.000000000000000000 ) ) ;
#4094 = ORIENTED_EDGE ( 'NONE', *, *, #1213, .T. ) ;
#4095 = ORIENTED_EDGE ( 'NONE', *, *, #1679, .T. ) ;
#4096 = CARTESIAN_POINT ( 'NONE',  ( -3.937561093517437100E-016, 0.1999999999999999800, -0.1053149606299186300 ) ) ;
#4097 = ORIENTED_EDGE ( 'NONE', *, *, #1453, .F. ) ;
#4098 = AXIS2_PLACEMENT_3D ( 'NONE', #3636, #1963, #647 ) ;
#4099 = EDGE_LOOP ( 'NONE', ( #800, #1401, #63, #2177, #3150, #1965 ) ) ;
#4100 = DIRECTION ( 'NONE',  ( 0.0000000000000000000, 1.000000000000000000, 0.0000000000000000000 ) ) ;
#4101 = EDGE_CURVE ( 'NONE', #1625, #741, #1985, .T. ) ;
#4102 = FACE_OUTER_BOUND ( 'NONE', #1921, .T. ) ;
#4103 = EDGE_CURVE ( 'NONE', #1340, #2140, #2987, .T. ) ;
#4104 = VECTOR ( 'NONE', #122, 39.37007874015748100 ) ;
#4105 = ORIENTED_EDGE ( 'NONE', *, *, #4140, .F. ) ;
#4106 = ORIENTED_EDGE ( 'NONE', *, *, #628, .T. ) ;
#4107 = CARTESIAN_POINT ( 'NONE',  ( 0.6891855407090297100, 0.5678840928867638900, -0.1249999999999999900 ) ) ;
#4108 = CARTESIAN_POINT ( 'NONE',  ( -0.7399327290047749100, 0.3841299163440908800, 0.0000000000000000000 ) ) ;
#4109 = EDGE_CURVE ( 'NONE', #829, #2086, #3862, .T. ) ;
#4110 = VECTOR ( 'NONE', #3412, 39.37007874015748100 ) ;
#4111 = CARTESIAN_POINT ( 'NONE',  ( -0.7389999999999999900, 0.03937007874015724400, -0.09048522344134479800 ) ) ;
#4112 = CARTESIAN_POINT ( 'NONE',  ( 0.0000000000000000000, 0.2787401574803149400, 0.0000000000000000000 ) ) ;
#4113 = ADVANCED_FACE ( 'NONE', ( #641 ), #1741, .F. ) ;
#4114 = EDGE_LOOP ( 'NONE', ( #1291, #3600, #1742, #284 ) ) ;
#4115 = FACE_OUTER_BOUND ( 'NONE', #3246, .T. ) ;
#4116 = AXIS2_PLACEMENT_3D ( 'NONE', #4151, #3176, #563 ) ;
#4117 = VECTOR ( 'NONE', #3165, 39.37007874015748100 ) ;
#4118 = CARTESIAN_POINT ( 'NONE',  ( -0.7389999999999999900, 0.1999999999999999800, -4.899822881697755100E-017 ) ) ;
#4119 = ORIENTED_EDGE ( 'NONE', *, *, #220, .F. ) ;
#4120 = EDGE_CURVE ( 'NONE', #2086, #1930, #951, .T. ) ;
#4121 = LINE ( 'NONE', #3907, #1628 ) ;
#4122 = CARTESIAN_POINT ( 'NONE',  ( 0.8183275479078746500, 0.5999999999999998700, -0.2787700759417754400 ) ) ;
#4123 = EDGE_CURVE ( 'NONE', #128, #1358, #2932, .T. ) ;
#4124 = ORIENTED_EDGE ( 'NONE', *, *, #3781, .T. ) ;
#4125 = VECTOR ( 'NONE', #67, 39.37007874015748100 ) ;
#4126 = CARTESIAN_POINT ( 'NONE',  ( 0.1085708163636324000, -0.1506818173096967400, 0.3600000000000001000 ) ) ;
#4127 = ORIENTED_EDGE ( 'NONE', *, *, #3224, .F. ) ;
#4128 = LINE ( 'NONE', #1162, #2831 ) ;
#4129 = DIRECTION ( 'NONE',  ( 0.0000000000000000000, 0.0000000000000000000, 1.000000000000000000 ) ) ;
#4130 = DIRECTION ( 'NONE',  ( 0.0000000000000000000, 0.0000000000000000000, 1.000000000000000000 ) ) ;
#4131 = DIRECTION ( 'NONE',  ( 0.0000000000000000000, 0.3090169943749419000, -0.9510565162951554200 ) ) ;
#4132 = AXIS2_PLACEMENT_3D ( 'NONE', #2080, #2066, #2738 ) ;
#4133 = EDGE_LOOP ( 'NONE', ( #810, #624, #2637, #3569 ) ) ;
#4134 = VECTOR ( 'NONE', #291, 39.37007874015748100 ) ;
#4135 = CARTESIAN_POINT ( 'NONE',  ( -0.7510000000000000000, 0.0000000000000000000, -0.1053149606299212400 ) ) ;
#4136 = ADVANCED_FACE ( 'NONE', ( #483 ), #491, .T. ) ;
#4137 = DIRECTION ( 'NONE',  ( -0.0000000000000000000, 0.0000000000000000000, -1.000000000000000000 ) ) ;
#4138 = DIRECTION ( 'NONE',  ( 0.0000000000000000000, -0.0000000000000000000, 1.000000000000000000 ) ) ;
#4139 = DIRECTION ( 'NONE',  ( -1.000000000000000000, -2.525070561829413200E-016, 0.0000000000000000000 ) ) ;
#4140 = EDGE_CURVE ( 'NONE', #1165, #2329, #637, .T. ) ;
#4141 = DIRECTION ( 'NONE',  ( -1.000000000000000000, -0.0000000000000000000, -0.0000000000000000000 ) ) ;
#4142 = ORIENTED_EDGE ( 'NONE', *, *, #66, .F. ) ;
#4143 = CARTESIAN_POINT ( 'NONE',  ( 0.7510000000000000000, 0.1999999999999999800, 0.1250000000000000300 ) ) ;
#4144 = AXIS2_PLACEMENT_3D ( 'NONE', #2319, #328, #661 ) ;
#4145 = VERTEX_POINT ( 'NONE', #3795 ) ;
#4146 = CARTESIAN_POINT ( 'NONE',  ( 0.7510000000000000000, -0.07127237034785331700, 0.1053149606299214300 ) ) ;
#4147 = ADVANCED_BREP_SHAPE_REPRESENTATION ( '1051', ( #3376, #1640, #667, #2258 ), #1441 ) ;
#4148 = VERTEX_POINT ( 'NONE', #4111 ) ;
#4149 = DIRECTION ( 'NONE',  ( -0.0000000000000000000, -0.0000000000000000000, 1.000000000000000000 ) ) ;
#4150 = VERTEX_POINT ( 'NONE', #3492 ) ;
#4151 = CARTESIAN_POINT ( 'NONE',  ( 0.0000000000000000000, 0.0000000000000000000, -0.3600000000000001000 ) ) ;
#4152 = EDGE_CURVE ( 'NONE', #3711, #1520, #3383, .T. ) ;
#4153 = CARTESIAN_POINT ( 'NONE',  ( 0.1085708163636324000, 0.0000000000000000000, -0.3600000000000001000 ) ) ;
#4154 = ADVANCED_FACE ( 'NONE', ( #3747 ), #508, .T. ) ;
#4155 = ORIENTED_EDGE ( 'NONE', *, *, #3272, .T. ) ;
#4156 = EDGE_LOOP ( 'NONE', ( #3199, #112, #383, #2017, #3542, #2186 ) ) ;
#4157 = ADVANCED_FACE ( 'NONE', ( #285 ), #2796, .F. ) ;
#4158 = EDGE_CURVE ( 'NONE', #865, #2878, #3083, .T. ) ;
#4159 = CARTESIAN_POINT ( 'NONE',  ( 0.7389999999999997700, 0.2787401574803147200, 0.1250000000000000600 ) ) ;
#4160 =( GEOMETRIC_REPRESENTATION_CONTEXT ( 3 ) GLOBAL_UNCERTAINTY_ASSIGNED_CONTEXT ( ( #801 ) ) GLOBAL_UNIT_ASSIGNED_CONTEXT ( ( #1298, #295, #608 ) ) REPRESENTATION_CONTEXT ( 'NONE', 'WORKASPACE' ) );
#4161 = ORIENTED_EDGE ( 'NONE', *, *, #3364, .T. ) ;
#4162 = EDGE_CURVE ( 'NONE', #1248, #1067, #2865, .T. ) ;
#4163 = LINE ( 'NONE', #184, #1979 ) ;
#4164 = CARTESIAN_POINT ( 'NONE',  ( -0.8449999999999997500, 0.03937007874015744500, -0.09048522344134479800 ) ) ;
#4165 = DIRECTION ( 'NONE',  ( -0.0000000000000000000, -1.000000000000000000, -0.0000000000000000000 ) ) ;
#4166 = DIRECTION ( 'NONE',  ( -2.525070561829413200E-016, 1.000000000000000000, 0.0000000000000000000 ) ) ;
#4167 = EDGE_LOOP ( 'NONE', ( #3847, #3046, #269, #3629 ) ) ;
#4168 = VECTOR ( 'NONE', #975, 39.37007874015748100 ) ;
#4169 = VECTOR ( 'NONE', #3370, 39.37007874015748100 ) ;
#4170 = CARTESIAN_POINT ( 'NONE',  ( 0.6825000000000000000, 0.3349999999999999100, 0.3600000000000001000 ) ) ;
#4171 = FACE_OUTER_BOUND ( 'NONE', #498, .T. ) ;
#4172 = EDGE_CURVE ( 'NONE', #1454, #543, #2499, .T. ) ;
#4173 = PLANE ( 'NONE',  #4116 ) ;
#4174 = DIRECTION ( 'NONE',  ( 1.000000000000000000, -0.0000000000000000000, -0.0000000000000000000 ) ) ;
#4175 = ORIENTED_EDGE ( 'NONE', *, *, #2894, .T. ) ;
#4176 = PLANE ( 'NONE',  #442 ) ;
#4177 = LINE ( 'NONE', #460, #1273 ) ;
#4178 = CARTESIAN_POINT ( 'NONE',  ( 0.7389999999999999900, 0.03937007874015725800, 0.01899999999999999600 ) ) ;
#4179 = ORIENTED_EDGE ( 'NONE', *, *, #361, .T. ) ;
#4180 = LINE ( 'NONE', #3193, #3712 ) ;
#4181 = FACE_OUTER_BOUND ( 'NONE', #953, .T. ) ;
#4182 = CARTESIAN_POINT ( 'NONE',  ( 0.6825000000000000000, 0.1999999999999999800, 0.1053149606299211700 ) ) ;
#4183 = CARTESIAN_POINT ( 'NONE',  ( 0.7783700787401575100, 0.03937007874015748000, -0.1249999999999999300 ) ) ;
#4184 = FACE_OUTER_BOUND ( 'NONE', #2003, .T. ) ;
#4185 = ADVANCED_FACE ( 'NONE', ( #73 ), #127, .T. ) ;
#4186 = ORIENTED_EDGE ( 'NONE', *, *, #3845, .F. ) ;
#4187 = FACE_OUTER_BOUND ( 'NONE', #2468, .T. ) ;
#4188 = VECTOR ( 'NONE', #1982, 39.37007874015748100 ) ;
#4189 = DIRECTION ( 'NONE',  ( 1.000000000000000000, -0.0000000000000000000, -0.0000000000000000000 ) ) ;
#4190 = DIRECTION ( 'NONE',  ( 1.000000000000000000, 0.0000000000000000000, 0.0000000000000000000 ) ) ;
#4191 = ORIENTED_EDGE ( 'NONE', *, *, #3796, .F. ) ;
#4192 = SURFACE_STYLE_USAGE ( .BOTH. , #1842 ) ;
#4193 = DIRECTION ( 'NONE',  ( -1.000000000000000000, 0.0000000000000000000, 0.0000000000000000000 ) ) ;
#4194 = LINE ( 'NONE', #1463, #143 ) ;
#4195 = EDGE_CURVE ( 'NONE', #865, #1404, #1507, .T. ) ;
#4196 = CARTESIAN_POINT ( 'NONE',  ( 0.6891855407090297100, 0.5678840928867638900, 0.1250000000000000600 ) ) ;
#4197 = CARTESIAN_POINT ( 'NONE',  ( -0.8449999999999997500, 0.0000000000000000000, -0.3600000000000001000 ) ) ;
#4198 = CARTESIAN_POINT ( 'NONE',  ( 0.7510000000000000000, 0.5999999999999999800, -0.1249999999999999300 ) ) ;
#4199 = AXIS2_PLACEMENT_3D ( 'NONE', #2927, #3521, #1519 ) ;
#4200 = ORIENTED_EDGE ( 'NONE', *, *, #3822, .F. ) ;
#4201 = CARTESIAN_POINT ( 'NONE',  ( 0.7510000000000000000, 0.1999999999999999800, -0.1249999999999999900 ) ) ;
#4202 = DIRECTION ( 'NONE',  ( 0.0000000000000000000, -1.000000000000000000, 0.0000000000000000000 ) ) ;
#4203 = FACE_OUTER_BOUND ( 'NONE', #1345, .T. ) ;
#4204 = CARTESIAN_POINT ( 'NONE',  ( 0.6825000000000000000, 0.1999999999999999800, -0.1053149606299211700 ) ) ;
#4205 = EDGE_LOOP ( 'NONE', ( #891, #1068, #45, #3577 ) ) ;
#4206 = CARTESIAN_POINT ( 'NONE',  ( -0.7389999999999999900, 0.2515788080029211500, 0.09948246940511164300 ) ) ;
#4207 = DIRECTION ( 'NONE',  ( 1.000000000000000000, 0.0000000000000000000, 0.0000000000000000000 ) ) ;
#4208 = ADVANCED_FACE ( 'NONE', ( #1405 ), #3491, .F. ) ;
#4209 = AXIS2_PLACEMENT_3D ( 'NONE', #271, #1924, #1275 ) ;
#4210 = DIRECTION ( 'NONE',  ( 0.0000000000000000000, 0.0000000000000000000, -1.000000000000000000 ) ) ;
#4211 = ORIENTED_EDGE ( 'NONE', *, *, #3728, .T. ) ;
#4212 = ORIENTED_EDGE ( 'NONE', *, *, #4152, .F. ) ;
#4213 = DIRECTION ( 'NONE',  ( -1.000000000000000000, 0.0000000000000000000, 0.0000000000000000000 ) ) ;
#4214 = DIRECTION ( 'NONE',  ( 0.0000000000000000000, 1.000000000000000000, 0.0000000000000000000 ) ) ;
#4215 = EDGE_LOOP ( 'NONE', ( #562, #503, #976, #836, #1046 ) ) ;
#4216 = ORIENTED_EDGE ( 'NONE', *, *, #708, .T. ) ;
#4217 = CARTESIAN_POINT ( 'NONE',  ( 0.7389999999999999900, 0.5803149606299211600, -0.1249999999999999300 ) ) ;
#4218 = LINE ( 'NONE', #1003, #1249 ) ;
#4219 = CARTESIAN_POINT ( 'NONE',  ( -0.7399327290047749100, 0.4254798016472187700, -5.063900468158575800E-018 ) ) ;
#4220 = ORIENTED_EDGE ( 'NONE', *, *, #650, .F. ) ;
#4221 = VERTEX_POINT ( 'NONE', #3811 ) ;
#4222 = CARTESIAN_POINT ( 'NONE',  ( 0.7952190705184454300, 0.5999999999999999800, 0.2787700759417748900 ) ) ;
#4223 = LINE ( 'NONE', #1352, #3442 ) ;
#4224 = DIRECTION ( 'NONE',  ( -1.000000000000000000, 0.0000000000000000000, 0.0000000000000000000 ) ) ;
#4225 = CARTESIAN_POINT ( 'NONE',  ( 0.7510000000000000000, 0.1999999999999999800, 0.1250000000000000300 ) ) ;
#4226 = VERTEX_POINT ( 'NONE', #1107 ) ;
#4227 = EDGE_CURVE ( 'NONE', #3174, #865, #2187, .T. ) ;
#4228 = DIRECTION ( 'NONE',  ( -1.000000000000000000, -0.0000000000000000000, -3.738843057022260000E-015 ) ) ;
#4229 = AXIS2_PLACEMENT_3D ( 'NONE', #2594, #3953, #265 ) ;
#4230 = EDGE_LOOP ( 'NONE', ( #4119, #379, #3398, #3602 ) ) ;
#4231 = EDGE_CURVE ( 'NONE', #1865, #4150, #3646, .T. ) ;
#4232 = LINE ( 'NONE', #2275, #2452 ) ;
#4233 = ADVANCED_FACE ( 'NONE', ( #2747 ), #4173, .T. ) ;
#4234 = DIRECTION ( 'NONE',  ( 1.000000000000000000, 0.0000000000000000000, -0.0000000000000000000 ) ) ;
#4235 = CARTESIAN_POINT ( 'NONE',  ( -0.6621639758220246900, 0.2898128749243840100, -0.3198487326022256300 ) ) ;
#4236 = VECTOR ( 'NONE', #1078, 39.37007874015748900 ) ;
#4237 = EDGE_CURVE ( 'NONE', #1278, #456, #1355, .T. ) ;
#4238 = CARTESIAN_POINT ( 'NONE',  ( -0.7389999999999999900, 0.2515788080029211500, 0.09948246940511164300 ) ) ;
#4239 = ORIENTED_EDGE ( 'NONE', *, *, #2432, .F. ) ;
#4240 = AXIS2_PLACEMENT_3D ( 'NONE', #3386, #2723, #758 ) ;
#4241 = VECTOR ( 'NONE', #3540, 39.37007874015748100 ) ;
#4242 = EDGE_LOOP ( 'NONE', ( #3266, #1503, #3093, #1955 ) ) ;
#4243 = LINE ( 'NONE', #1559, #2828 ) ;
#4244 = DIRECTION ( 'NONE',  ( 0.01745240643727697500, -0.9998476951563912700, 0.0000000000000000000 ) ) ;
#4245 = VERTEX_POINT ( 'NONE', #3438 ) ;
#4246 = VECTOR ( 'NONE', #2841, 39.37007874015748100 ) ;
#4247 = LINE ( 'NONE', #3218, #2307 ) ;
#4248 = ORIENTED_EDGE ( 'NONE', *, *, #3919, .F. ) ;
#4249 = CARTESIAN_POINT ( 'NONE',  ( -0.7952190705184454300, 0.5599999999999999400, 0.07500000000000002500 ) ) ;
#4250 = CARTESIAN_POINT ( 'NONE',  ( 0.1085708163636324000, 0.0000000000000000000, 0.3206299212598426300 ) ) ;
#4251 = CARTESIAN_POINT ( 'NONE',  ( 0.5936793005852028000, 0.2482104724122009000, -0.1249999999999999900 ) ) ;
#4252 = ADVANCED_FACE ( 'NONE', ( #2982 ), #1827, .T. ) ;
#4253 = DIRECTION ( 'NONE',  ( 0.0000000000000000000, 0.0000000000000000000, 1.000000000000000000 ) ) ;
#4254 = EDGE_CURVE ( 'NONE', #1073, #896, #1296, .T. ) ;
#4255 = CARTESIAN_POINT ( 'NONE',  ( 0.6224999999999999400, 0.2749999999999999100, 0.3600000000000001000 ) ) ;
#4256 = AXIS2_PLACEMENT_3D ( 'NONE', #1681, #3043, #1971 ) ;
#4257 = EDGE_CURVE ( 'NONE', #299, #4284, #2287, .T. ) ;
#4258 = ORIENTED_EDGE ( 'NONE', *, *, #3546, .T. ) ;
#4259 = DIRECTION ( 'NONE',  ( 0.0000000000000000000, 0.0000000000000000000, 1.000000000000000000 ) ) ;
#4260 = VECTOR ( 'NONE', #1550, 39.37007874015748100 ) ;
#4261 = ORIENTED_EDGE ( 'NONE', *, *, #1622, .T. ) ;
#4262 = DIRECTION ( 'NONE',  ( 1.000000000000000000, -8.516452750778373100E-015, 0.0000000000000000000 ) ) ;
#4263 = CARTESIAN_POINT ( 'NONE',  ( -0.6825000000000000000, 0.3349999999999999100, -0.3250000000000000700 ) ) ;
#4264 = EDGE_CURVE ( 'NONE', #2435, #1201, #730, .T. ) ;
#4265 = DIRECTION ( 'NONE',  ( -0.01745240643727697500, 0.9998476951563912700, 0.0000000000000000000 ) ) ;
#4266 = VERTEX_POINT ( 'NONE', #3192 ) ;
#4267 = DIRECTION ( 'NONE',  ( -0.0000000000000000000, -0.0000000000000000000, -1.000000000000000000 ) ) ;
#4268 = VERTEX_POINT ( 'NONE', #847 ) ;
#4269 = EDGE_LOOP ( 'NONE', ( #1544, #1851, #3949, #384 ) ) ;
#4270 = ORIENTED_EDGE ( 'NONE', *, *, #368, .T. ) ;
#4271 = ORIENTED_EDGE ( 'NONE', *, *, #2924, .T. ) ;
#4272 = ORIENTED_EDGE ( 'NONE', *, *, #1043, .T. ) ;
#4273 = DIRECTION ( 'NONE',  ( 0.01745240643727697500, 0.9998476951563912700, 0.0000000000000000000 ) ) ;
#4274 = EDGE_CURVE ( 'NONE', #253, #3169, #434, .T. ) ;
#4275 = CARTESIAN_POINT ( 'NONE',  ( -0.6825000000000000000, 0.5999999999999999800, -0.1249999999999999300 ) ) ;
#4276 = ORIENTED_EDGE ( 'NONE', *, *, #3556, .F. ) ;
#4277 = LINE ( 'NONE', #3959, #2500 ) ;
#4278 = AXIS2_PLACEMENT_3D ( 'NONE', #1547, #4202, #2495 ) ;
#4279 = ORIENTED_EDGE ( 'NONE', *, *, #2290, .F. ) ;
#4280 = LINE ( 'NONE', #3683, #1097 ) ;
#4281 = VECTOR ( 'NONE', #1696, 39.37007874015748100 ) ;
#4282 = CARTESIAN_POINT ( 'NONE',  ( 0.6419171583709317700, 0.2780931463121746300, -0.3167395958334217100 ) ) ;
#4283 = CARTESIAN_POINT ( 'NONE',  ( -0.7528048203820791900, 0.3841299163440908800, 0.0000000000000000000 ) ) ;
#4284 = VERTEX_POINT ( 'NONE', #4222 ) ;
#4285 = AXIS2_PLACEMENT_3D ( 'NONE', #1126, #4048, #2057 ) ;
#4286 = ORIENTED_EDGE ( 'NONE', *, *, #3114, .T. ) ;
#4287 = LINE ( 'NONE', #1074, #1677 ) ;
#4288 = ORIENTED_EDGE ( 'NONE', *, *, #2773, .F. ) ;
#4289 = VECTOR ( 'NONE', #3103, 39.37007874015748100 ) ;
#4290 = ORIENTED_EDGE ( 'NONE', *, *, #1128, .T. ) ;
#4291 = VECTOR ( 'NONE', #3892, 39.37007874015748100 ) ;
#4292 = CARTESIAN_POINT ( 'NONE',  ( -0.7399327290047749100, 0.3841299163440908800, -0.04134988530312788000 ) ) ;
#4293 = LINE ( 'NONE', #267, #4022 ) ;
#4294 = VECTOR ( 'NONE', #570, 39.37007874015748100 ) ;
#4295 = LINE ( 'NONE', #1555, #2306 ) ;
#4296 = VERTEX_POINT ( 'NONE', #535 ) ;
#4297 = CARTESIAN_POINT ( 'NONE',  ( 0.6380966262546859900, 0.2769298865409257100, -0.3163857572939901000 ) ) ;
#4298 = EDGE_CURVE ( 'NONE', #2131, #1749, #4163, .T. ) ;
#4299 = DIRECTION ( 'NONE',  ( 0.4920255458767450700, 0.8705807614487531800, 0.0000000000000000000 ) ) ;
#4300 = CIRCLE ( 'NONE', #1933, 0.04330708661417324200 ) ;
#4301 = DIRECTION ( 'NONE',  ( -1.000000000000000000, 2.525070561829413700E-016, 0.0000000000000000000 ) ) ;
#4302 = PLANE ( 'NONE',  #558 ) ;
ENDSEC;
END-ISO-10303-21;
